Player_ID,Player,Display_Name,Player_Slug,NBA_Player_ID,Headshot_URL,Headshot_Source,Headshot_Status,Acquisition_Need,HTTP_Status,Content_Type,Verification_Status,Qualified_Profile,Qualified_Seasons
P000001,A.C. Green,A.C. Green,a-c-green,920.0,https://cdn.nba.com/headshots/nba/latest/1040x760/920.png,NBA CDN,candidate,manual_identity_research,,,,True,0
P000002,A.J. Bramlett,A.J. Bramlett,a-j-bramlett,1920.0,https://cdn.nba.com/headshots/nba/latest/1040x760/1920.png,NBA CDN,candidate,manual_identity_research,,,,True,0
P000003,A.J. English,A.J. English,a-j-english,76672.0,https://cdn.nba.com/headshots/nba/latest/1040x760/76672.png,NBA CDN,candidate,manual_identity_research,,,,True,0
P000004,A.J. Green,A.J. Green,a-j-green,1631260.0,https://cdn.nba.com/headshots/nba/latest/1040x760/1631260.png,NBA CDN,verified,none,200.0,image/avif,verified,True,0
P000005,A.J. Guyton,A.J. Guyton,a-j-guyton,2062.0,https://cdn.nba.com/headshots/nba/latest/1040x760/2062.png,NBA CDN,candidate,manual_identity_research,,,,True,0
P000006,A.J. Hammons,A.J. Hammons,a-j-hammons,1627773.0,https://cdn.nba.com/headshots/nba/latest/1040x760/1627773.png,NBA CDN,verified,none,200.0,image/webp,verified,True,0
P000007,A.J. Lawson,A.J. Lawson,a-j-lawson,1630639.0,https://cdn.nba.com/headshots/nba/latest/1040x760/1630639.png,NBA CDN,candidate,manual_identity_research,,,,True,0
P000008,A.J. Price,A.J. Price,a-j-price,201985.0,https://cdn.nba.com/headshots/nba/latest/1040x760/201985.png,NBA CDN,verified,none,200.0,image/avif,verified,True,0
P000009,A.J. Wynder,A.J. Wynder,a-j-wynder,78627.0,https://cdn.nba.com/headshots/nba/latest/1040x760/78627.png,NBA CDN,candidate,manual_identity_research,,,,True,0
P000010,A.W. Holt,A.W. Holt,a-w-holt,,,,manual_identity_review,manual_identity_research,,,,True,0
P000011,AJ Griffin,AJ Griffin,aj-griffin,1631100.0,https://cdn.nba.com/headshots/nba/latest/1040x760/1631100.png,NBA CDN,candidate,manual_identity_research,,,,True,0
P000012,AJ Johnson,AJ Johnson,aj-johnson,1642358.0,https://cdn.nba.com/headshots/nba/latest/1040x760/1642358.png,NBA CDN,candidate,manual_identity_research,,,,True,0
P000013,Aaron Brooks,Aaron Brooks,aaron-brooks,201166.0,https://cdn.nba.com/headshots/nba/latest/1040x760/201166.png,NBA CDN,candidate,manual_identity_research,,,,True,0
P000014,Aaron Gordon,Aaron Gordon,aaron-gordon,203932.0,https://cdn.nba.com/headshots/nba/latest/1040x760/203932.png,NBA CDN,candidate,manual_identity_research,,,,True,0
P000015,Aaron Gray,Aaron Gray,aaron-gray,201189.0,https://cdn.nba.com/headshots/nba/latest/1040x760/201189.png,NBA CDN,candidate,manual_identity_research,,,,True,0
P000016,Aaron Harrison,Aaron Harrison,aaron-harrison,1626151.0,https://cdn.nba.com/headshots/nba/latest/1040x760/1626151.png,NBA CDN,candidate,manual_identity_research,,,,True,0
P000017,Aaron Henry,Aaron Henry,aaron-henry,1630565.0,https://cdn.nba.com/headshots/nba/latest/1040x760/1630565.png,NBA CDN,candidate,manual_identity_research,,,,True,0
P000018,Aaron Holiday,Aaron Holiday,aaron-holiday,1628988.0,https://cdn.nba.com/headshots/nba/latest/1040x760/1628988.png,NBA CDN,candidate,manual_identity_research,,,,True,0
P000019,Aaron Jackson,Aaron Jackson,aaron-jackson,1628935.0,https://cdn.nba.com/headshots/nba/latest/1040x760/1628935.png,NBA CDN,candidate,manual_identity_research,,,,True,0
P000020,Aaron James,Aaron James,aaron-james,77115.0,https://cdn.nba.com/headshots/nba/latest/1040x760/77115.png,NBA CDN,candidate,manual_identity_research,,,,True,0
P000021,Aaron McKie,Aaron McKie,aaron-mckie,243.0,https://cdn.nba.com/headshots/nba/latest/1040x760/243.png,NBA CDN,candidate,manual_identity_research,,,,True,0
P000022,Aaron Miles,Aaron Miles,aaron-miles,101223.0,https://cdn.nba.com/headshots/nba/latest/1040x760/101223.png,NBA CDN,candidate,manual_identity_research,,,,True,0
P000023,Aaron Nesmith,Aaron Nesmith,aaron-nesmith,1630174.0,https://cdn.nba.com/headshots/nba/latest/1040x760/1630174.png,NBA CDN,candidate,manual_identity_research,,,,True,0
P000024,Aaron Swinson,Aaron Swinson,aaron-swinson,78286.0,https://cdn.nba.com/headshots/nba/latest/1040x760/78286.png,NBA CDN,candidate,manual_identity_research,,,,True,0
P000025,Aaron Wiggins,Aaron Wiggins,aaron-wiggins,1630598.0,https://cdn.nba.com/headshots/nba/latest/1040x760/1630598.png,NBA CDN,candidate,manual_identity_research,,,,True,0
P000026,Aaron Williams,Aaron Williams,aaron-williams,1425.0,https://cdn.nba.com/headshots/nba/latest/1040x760/1425.png,NBA CDN,candidate,manual_identity_research,,,,True,0
P000027,Abdel Nader,Abdel Nader,abdel-nader,1627846.0,https://cdn.nba.com/headshots/nba/latest/1040x760/1627846.png,NBA CDN,candidate,manual_identity_research,,,,True,0
P000028,Abdul Jeelani,Abdul Jeelani,abdul-jeelani,77126.0,https://cdn.nba.com/headshots/nba/latest/1040x760/77126.png,NBA CDN,candidate,manual_identity_research,,,,True,0
P000029,Ace Bailey,Ace Bailey,ace-bailey,1642846.0,https://cdn.nba.com/headshots/nba/latest/1040x760/1642846.png,NBA CDN,candidate,manual_identity_research,,,,True,0
P000030,Acie Earl,Acie Earl,acie-earl,768.0,https://cdn.nba.com/headshots/nba/latest/1040x760/768.png,NBA CDN,candidate,manual_identity_research,,,,True,0
P000031,Acie Law,Acie Law,acie-law,201151.0,https://cdn.nba.com/headshots/nba/latest/1040x760/201151.png,NBA CDN,candidate,manual_identity_research,,,,True,0
P000032,Adam Flagler,Adam Flagler,adam-flagler,1641745.0,https://cdn.nba.com/headshots/nba/latest/1040x760/1641745.png,NBA CDN,candidate,manual_identity_research,,,,True,0
P000033,Adam Harrington,Adam Harrington,adam-harrington,2492.0,https://cdn.nba.com/headshots/nba/latest/1040x760/2492.png,NBA CDN,candidate,manual_identity_research,,,,True,0
P000034,Adam Keefe,Adam Keefe,adam-keefe,228.0,https://cdn.nba.com/headshots/nba/latest/1040x760/228.png,NBA CDN,candidate,manual_identity_research,,,,True,0
P000035,Adam Mokoka,Adam Mokoka,adam-mokoka,1629690.0,https://cdn.nba.com/headshots/nba/latest/1040x760/1629690.png,NBA CDN,candidate,manual_identity_research,,,,True,0
P000036,Adam Morrison,Adam Morrison,adam-morrison,200747.0,https://cdn.nba.com/headshots/nba/latest/1040x760/200747.png,NBA CDN,candidate,manual_identity_research,,,,True,0
P000037,Adama Sanogo,Adama Sanogo,adama-sanogo,1641766.0,https://cdn.nba.com/headshots/nba/latest/1040x760/1641766.png,NBA CDN,candidate,manual_identity_research,,,,True,0
P000038,Adama-Alpha Bal,Adama-Alpha Bal,adama-alpha-bal,,,,manual_identity_review,manual_identity_research,,,,True,0
P000039,Ade Murkey,Ade Murkey,ade-murkey,1630278.0,https://cdn.nba.com/headshots/nba/latest/1040x760/1630278.png,NBA CDN,candidate,manual_identity_research,,,,True,0
P000040,Adem Bona,Adem Bona,adem-bona,1641737.0,https://cdn.nba.com/headshots/nba/latest/1040x760/1641737.png,NBA CDN,candidate,manual_identity_research,,,,True,0
P000041,Admiral Schofield,Admiral Schofield,admiral-schofield,1629678.0,https://cdn.nba.com/headshots/nba/latest/1040x760/1629678.png,NBA CDN,candidate,manual_identity_research,,,,True,0
P000042,Adonal Foyle,Adonal Foyle,adonal-foyle,1502.0,https://cdn.nba.com/headshots/nba/latest/1040x760/1502.png,NBA CDN,candidate,manual_identity_research,,,,True,0
P000043,Adonis Jordan,Adonis Jordan,adonis-jordan,1817.0,https://cdn.nba.com/headshots/nba/latest/1040x760/1817.png,NBA CDN,candidate,manual_identity_research,,,,True,0
P000044,Adonis Thomas,Adonis Thomas,adonis-thomas,203519.0,https://cdn.nba.com/headshots/nba/latest/1040x760/203519.png,NBA CDN,candidate,manual_identity_research,,,,True,0
P000045,Adou Thiero,Adou Thiero,adou-thiero,1642876.0,https://cdn.nba.com/headshots/nba/latest/1040x760/1642876.png,NBA CDN,candidate,manual_identity_research,,,,True,0
P000046,Adreian Payne,Adreian Payne,adreian-payne,203940.0,https://cdn.nba.com/headshots/nba/latest/1040x760/203940.png,NBA CDN,candidate,manual_identity_research,,,,True,0
P000047,Adrian Branch,Adrian Branch,adrian-branch,76237.0,https://cdn.nba.com/headshots/nba/latest/1040x760/76237.png,NBA CDN,candidate,manual_identity_research,,,,True,0
P000048,Adrian Caldwell,Adrian Caldwell,adrian-caldwell,154.0,https://cdn.nba.com/headshots/nba/latest/1040x760/154.png,NBA CDN,candidate,manual_identity_research,,,,True,0
P000049,Adrian Dantley,Adrian Dantley,adrian-dantley-p000049,76504.0,https://cdn.nba.com/headshots/nba/latest/1040x760/76504.png,NBA CDN,candidate,manual_identity_research,,,,True,0
P000050,Adrian Dantley*,Adrian Dantley*,adrian-dantley-p000050,76504.0,https://cdn.nba.com/headshots/nba/latest/1040x760/76504.png,NBA CDN,candidate,manual_identity_research,,,,True,0
P000051,Adrian Griffin,Adrian Griffin,adrian-griffin,1559.0,https://cdn.nba.com/headshots/nba/latest/1040x760/1559.png,NBA CDN,candidate,manual_identity_research,,,,True,0
P000052,Adrian Smith,Adrian Smith,adrian-smith,78178.0,https://cdn.nba.com/headshots/nba/latest/1040x760/78178.png,NBA CDN,candidate,manual_identity_research,,,,True,0
P000053,Ahmad Caver,Ahmad Caver,ahmad-caver,1629958.0,https://cdn.nba.com/headshots/nba/latest/1040x760/1629958.png,NBA CDN,candidate,manual_identity_research,,,,True,0
P000054,Ajay Mitchell,Ajay Mitchell,ajay-mitchell,1642349.0,https://cdn.nba.com/headshots/nba/latest/1040x760/1642349.png,NBA CDN,candidate,manual_identity_research,,,,True,0
P000055,Al Attles,Al Attles,al-attles-p000055,,,,manual_identity_review,manual_identity_research,,,,True,0
P000056,Al Attles*,Al Attles*,al-attles-p000056,,,,manual_identity_review,manual_identity_research,,,,True,0
P000057,Al Bianchi,Al Bianchi,al-bianchi,76160.0,https://cdn.nba.com/headshots/nba/latest/1040x760/76160.png,NBA CDN,candidate,manual_identity_research,,,,True,0
P000058,Al Butler,Al Butler,al-butler,76319.0,https://cdn.nba.com/headshots/nba/latest/1040x760/76319.png,NBA CDN,candidate,manual_identity_research,,,,True,0
P000059,Al Carlson,Al Carlson,al-carlson,76343.0,https://cdn.nba.com/headshots/nba/latest/1040x760/76343.png,NBA CDN,candidate,manual_identity_research,,,,True,0
P000060,Al Cervi,Al Cervi,al-cervi-p000060,76373.0,https://cdn.nba.com/headshots/nba/latest/1040x760/76373.png,NBA CDN,candidate,manual_identity_research,,,,True,0
P000061,Al Cervi*,Al Cervi*,al-cervi-p000061,76373.0,https://cdn.nba.com/headshots/nba/latest/1040x760/76373.png,NBA CDN,candidate,manual_identity_research,,,,True,0
P000062,Al Eberhard,Al Eberhard,al-eberhard,76634.0,https://cdn.nba.com/headshots/nba/latest/1040x760/76634.png,NBA CDN,candidate,manual_identity_research,,,,True,0
P000063,Al Ferrari,Al Ferrari,al-ferrari,76708.0,https://cdn.nba.com/headshots/nba/latest/1040x760/76708.png,NBA CDN,candidate,manual_identity_research,,,,True,0
P000064,Al Fleming,Al Fleming,al-fleming,76722.0,https://cdn.nba.com/headshots/nba/latest/1040x760/76722.png,NBA CDN,candidate,manual_identity_research,,,,True,0
P000065,Al Hairston,Al Hairston,al-hairston,76915.0,https://cdn.nba.com/headshots/nba/latest/1040x760/76915.png,NBA CDN,candidate,manual_identity_research,,,,True,0
P000066,Al Harrington,Al Harrington,al-harrington,1733.0,https://cdn.nba.com/headshots/nba/latest/1040x760/1733.png,NBA CDN,candidate,manual_identity_research,,,,True,0
P000067,Al Henry,Al Henry,al-henry,77000.0,https://cdn.nba.com/headshots/nba/latest/1040x760/77000.png,NBA CDN,candidate,manual_identity_research,,,,True,0
P000068,Al Horford,Al Horford,al-horford,201143.0,https://cdn.nba.com/headshots/nba/latest/1040x760/201143.png,NBA CDN,candidate,manual_identity_research,,,,True,0
P000069,Al Jackson,Al Jackson,al-jackson,77099.0,https://cdn.nba.com/headshots/nba/latest/1040x760/77099.png,NBA CDN,candidate,manual_identity_research,,,,True,0
P000070,Al Jefferson,Al Jefferson,al-jefferson,2744.0,https://cdn.nba.com/headshots/nba/latest/1040x760/2744.png,NBA CDN,candidate,manual_identity_research,,,,True,0
P000071,Al Masino,Al Masino,al-masino,77482.0,https://cdn.nba.com/headshots/nba/latest/1040x760/77482.png,NBA CDN,candidate,manual_identity_research,,,,True,0
P000072,Al McGuire,Al McGuire,al-mcguire-p000072,77536.0,https://cdn.nba.com/headshots/nba/latest/1040x760/77536.png,NBA CDN,candidate,manual_identity_research,,,,True,0
P000073,Al McGuire*,Al McGuire*,al-mcguire-p000073,77536.0,https://cdn.nba.com/headshots/nba/latest/1040x760/77536.png,NBA CDN,candidate,manual_identity_research,,,,True,0
P000074,Al Roges,Al Roges,al-roges,78010.0,https://cdn.nba.com/headshots/nba/latest/1040x760/78010.png,NBA CDN,candidate,manual_identity_research,,,,True,0
P000075,Al Skinner,Al Skinner,al-skinner,78167.0,https://cdn.nba.com/headshots/nba/latest/1040x760/78167.png,NBA CDN,candidate,manual_identity_research,,,,True,0
P000076,Al Thornton,Al Thornton,al-thornton,201154.0,https://cdn.nba.com/headshots/nba/latest/1040x760/201154.png,NBA CDN,candidate,manual_identity_research,,,,True,0
P000077,Al Tucker,Al Tucker,al-tucker,78372.0,https://cdn.nba.com/headshots/nba/latest/1040x760/78372.png,NBA CDN,candidate,manual_identity_research,,,,True,0
P000078,Al Wood,Al Wood,al-wood,78610.0,https://cdn.nba.com/headshots/nba/latest/1040x760/78610.png,NBA CDN,candidate,manual_identity_research,,,,True,0
P000079,Al-Farouq Aminu,Al-Farouq Aminu,al-farouq-aminu,202329.0,https://cdn.nba.com/headshots/nba/latest/1040x760/202329.png,NBA CDN,candidate,manual_identity_research,,,,True,0
P000080,Alaa Abdelnaby,Alaa Abdelnaby,alaa-abdelnaby,76001.0,https://cdn.nba.com/headshots/nba/latest/1040x760/76001.png,NBA CDN,candidate,manual_identity_research,,,,True,0
P000081,Alan Anderson,Alan Anderson,alan-anderson,101187.0,https://cdn.nba.com/headshots/nba/latest/1040x760/101187.png,NBA CDN,candidate,manual_identity_research,,,,True,0
P000082,Alan Hardy,Alan Hardy,alan-hardy,76947.0,https://cdn.nba.com/headshots/nba/latest/1040x760/76947.png,NBA CDN,candidate,manual_identity_research,,,,True,0
P000083,Alan Henderson,Alan Henderson,alan-henderson,673.0,https://cdn.nba.com/headshots/nba/latest/1040x760/673.png,NBA CDN,candidate,manual_identity_research,,,,True,0
P000084,Alan Ogg,Alan Ogg,alan-ogg,1628.0,https://cdn.nba.com/headshots/nba/latest/1040x760/1628.png,NBA CDN,candidate,manual_identity_research,,,,True,0
P000085,Alan Williams,Alan Williams,alan-williams,1626210.0,https://cdn.nba.com/headshots/nba/latest/1040x760/1626210.png,NBA CDN,candidate,manual_identity_research,,,,True,0
P000086,Alando Tucker,Alando Tucker,alando-tucker,201169.0,https://cdn.nba.com/headshots/nba/latest/1040x760/201169.png,NBA CDN,candidate,manual_identity_research,,,,True,0
P000087,Albert King,Albert King,albert-king,77263.0,https://cdn.nba.com/headshots/nba/latest/1040x760/77263.png,NBA CDN,candidate,manual_identity_research,,,,True,0
P000088,Alec Burks,Alec Burks,alec-burks,202692.0,https://cdn.nba.com/headshots/nba/latest/1040x760/202692.png,NBA CDN,candidate,manual_identity_research,,,,True,0
P000089,Alec Kessler,Alec Kessler,alec-kessler,77251.0,https://cdn.nba.com/headshots/nba/latest/1040x760/77251.png,NBA CDN,candidate,manual_identity_research,,,,True,0
P000090,Alec Peters,Alec Peters,alec-peters,1628409.0,https://cdn.nba.com/headshots/nba/latest/1040x760/1628409.png,NBA CDN,candidate,manual_identity_research,,,,True,0
P000091,Aleem Ford,Aleem Ford,aleem-ford,1630758.0,https://cdn.nba.com/headshots/nba/latest/1040x760/1630758.png,NBA CDN,candidate,manual_identity_research,,,,True,0
P000092,Aleksandar Djordjevic,Aleksandar Djordjevic,aleksandar-djordjevic,1059.0,https://cdn.nba.com/headshots/nba/latest/1040x760/1059.png,NBA CDN,candidate,manual_identity_research,,,,True,0
P000093,Aleksandar Radojević,Aleksandar Radojević,aleksandar-radojevi,1893.0,https://cdn.nba.com/headshots/nba/latest/1040x760/1893.png,NBA CDN,candidate,manual_identity_research,,,,True,0
P000094,Aleksej Pokusevski,Aleksej Pokusevski,aleksej-pokusevski,1630197.0,https://cdn.nba.com/headshots/nba/latest/1040x760/1630197.png,NBA CDN,candidate,manual_identity_research,,,,True,0
P000095,Alen Smailagić,Alen Smailagić,alen-smailagi,1629346.0,https://cdn.nba.com/headshots/nba/latest/1040x760/1629346.png,NBA CDN,candidate,manual_identity_research,,,,True,0
P000096,Alex Acker,Alex Acker,alex-acker,101165.0,https://cdn.nba.com/headshots/nba/latest/1040x760/101165.png,NBA CDN,candidate,manual_identity_research,,,,True,0
P000097,Alex Antetokounmpo,Alex Antetokounmpo,alex-antetokounmpo,1630828.0,https://cdn.nba.com/headshots/nba/latest/1040x760/1630828.png,NBA CDN,candidate,manual_identity_research,,,,True,0
P000098,Alex Blackwell,Alex Blackwell,alex-blackwell,76180.0,https://cdn.nba.com/headshots/nba/latest/1040x760/76180.png,NBA CDN,candidate,manual_identity_research,,,,True,0
P000099,Alex Bradley,Alex Bradley,alex-bradley,76228.0,https://cdn.nba.com/headshots/nba/latest/1040x760/76228.png,NBA CDN,candidate,manual_identity_research,,,,True,0
P000100,Alex Caruso,Alex Caruso,alex-caruso,1627936.0,https://cdn.nba.com/headshots/nba/latest/1040x760/1627936.png,NBA CDN,candidate,manual_identity_research,,,,True,0
P000101,Alex Ducas,Alex Ducas,alex-ducas,1642505.0,https://cdn.nba.com/headshots/nba/latest/1040x760/1642505.png,NBA CDN,candidate,manual_identity_research,,,,True,0
P000102,Alex English,Alex English,alex-english-p000102,76673.0,https://cdn.nba.com/headshots/nba/latest/1040x760/76673.png,NBA CDN,candidate,manual_identity_research,,,,True,0
P000103,Alex English*,Alex English*,alex-english-p000103,76673.0,https://cdn.nba.com/headshots/nba/latest/1040x760/76673.png,NBA CDN,candidate,manual_identity_research,,,,True,0
P000104,Alex Fudge,Alex Fudge,alex-fudge,1641788.0,https://cdn.nba.com/headshots/nba/latest/1040x760/1641788.png,NBA CDN,candidate,manual_identity_research,,,,True,0
P000105,Alex Garcia,Alex Garcia,alex-garcia,2682.0,https://cdn.nba.com/headshots/nba/latest/1040x760/2682.png,NBA CDN,candidate,manual_identity_research,,,,True,0
P000106,Alex Hannum,Alex Hannum,alex-hannum-p000106,76937.0,https://cdn.nba.com/headshots/nba/latest/1040x760/76937.png,NBA CDN,candidate,manual_identity_research,,,,True,0
P000107,Alex Hannum*,Alex Hannum*,alex-hannum-p000107,76937.0,https://cdn.nba.com/headshots/nba/latest/1040x760/76937.png,NBA CDN,candidate,manual_identity_research,,,,True,0
P000108,Alex Kirk,Alex Kirk,alex-kirk,203945.0,https://cdn.nba.com/headshots/nba/latest/1040x760/203945.png,NBA CDN,candidate,manual_identity_research,,,,True,0
P000109,Alex Len,Alex Len,alex-len,203458.0,https://cdn.nba.com/headshots/nba/latest/1040x760/203458.png,NBA CDN,candidate,manual_identity_research,,,,True,0
P000110,Alex Morales,Alex Morales,alex-morales,1631457.0,https://cdn.nba.com/headshots/nba/latest/1040x760/1631457.png,NBA CDN,candidate,manual_identity_research,,,,True,0
P000111,Alex Poythress,Alex Poythress,alex-poythress,1627816.0,https://cdn.nba.com/headshots/nba/latest/1040x760/1627816.png,NBA CDN,candidate,manual_identity_research,,,,True,0
P000112,Alex Reese,Alex Reese,alex-reese,1642024.0,https://cdn.nba.com/headshots/nba/latest/1040x760/1642024.png,NBA CDN,candidate,manual_identity_research,,,,True,0
P000113,Alex Sarr,Alex Sarr,alex-sarr,1642259.0,https://cdn.nba.com/headshots/nba/latest/1040x760/1642259.png,NBA CDN,candidate,manual_identity_research,,,,True,0
P000114,Alex Scales,Alex Scales,alex-scales,2637.0,https://cdn.nba.com/headshots/nba/latest/1040x760/2637.png,NBA CDN,candidate,manual_identity_research,,,,True,0
P000115,Alex Stepheson,Alex Stepheson,alex-stepheson,1627293.0,https://cdn.nba.com/headshots/nba/latest/1040x760/1627293.png,NBA CDN,candidate,manual_identity_research,,,,True,0
P000116,Alex Stivrins,Alex Stivrins,alex-stivrins,78261.0,https://cdn.nba.com/headshots/nba/latest/1040x760/78261.png,NBA CDN,candidate,manual_identity_research,,,,True,0
P000117,Alexander Johnson,Alexander Johnson,alexander-johnson,200792.0,https://cdn.nba.com/headshots/nba/latest/1040x760/200792.png,NBA CDN,candidate,manual_identity_research,,,,True,0
P000118,Alexander Volkov,Alexander Volkov,alexander-volkov,78421.0,https://cdn.nba.com/headshots/nba/latest/1040x760/78421.png,NBA CDN,candidate,manual_identity_research,,,,True,0
P000119,Alexey Shved,Alexey Shved,alexey-shved,203144.0,https://cdn.nba.com/headshots/nba/latest/1040x760/203144.png,NBA CDN,candidate,manual_identity_research,,,,True,0
P000120,Alexis Ajinça,Alexis Ajinça,alexis-ajin-a,201582.0,https://cdn.nba.com/headshots/nba/latest/1040x760/201582.png,NBA CDN,candidate,manual_identity_research,,,,True,0
P000121,Alfonzo McKinnie,Alfonzo McKinnie,alfonzo-mckinnie,1628035.0,https://cdn.nba.com/headshots/nba/latest/1040x760/1628035.png,NBA CDN,candidate,manual_identity_research,,,,True,0
P000122,Alfredrick Hughes,Alfredrick Hughes,alfredrick-hughes,77076.0,https://cdn.nba.com/headshots/nba/latest/1040x760/77076.png,NBA CDN,candidate,manual_identity_research,,,,True,0
P000123,Alijah Martin,Alijah Martin,alijah-martin,1642918.0,https://cdn.nba.com/headshots/nba/latest/1040x760/1642918.png,NBA CDN,candidate,manual_identity_research,,,,True,0
P000124,Alize Johnson,Alize Johnson,alize-johnson,1628993.0,https://cdn.nba.com/headshots/nba/latest/1040x760/1628993.png,NBA CDN,candidate,manual_identity_research,,,,True,0
P000125,Allan Bristow,Allan Bristow,allan-bristow,76257.0,https://cdn.nba.com/headshots/nba/latest/1040x760/76257.png,NBA CDN,candidate,manual_identity_research,,,,True,0
P000126,Allan Houston,Allan Houston,allan-houston,275.0,https://cdn.nba.com/headshots/nba/latest/1040x760/275.png,NBA CDN,candidate,manual_identity_research,,,,True,0
P000127,Allan Ray,Allan Ray,allan-ray,200810.0,https://cdn.nba.com/headshots/nba/latest/1040x760/200810.png,NBA CDN,candidate,manual_identity_research,,,,True,0
P000128,Allen Crabbe,Allen Crabbe,allen-crabbe,203459.0,https://cdn.nba.com/headshots/nba/latest/1040x760/203459.png,NBA CDN,candidate,manual_identity_research,,,,True,0
P000129,Allen Iverson,Allen Iverson,allen-iverson-p000129,947.0,https://cdn.nba.com/headshots/nba/latest/1040x760/947.png,NBA CDN,candidate,manual_identity_research,,,,True,0
P000130,Allen Iverson*,Allen Iverson*,allen-iverson-p000130,947.0,https://cdn.nba.com/headshots/nba/latest/1040x760/947.png,NBA CDN,candidate,manual_identity_research,,,,True,0
P000131,Allen Leavell,Allen Leavell,allen-leavell,77353.0,https://cdn.nba.com/headshots/nba/latest/1040x760/77353.png,NBA CDN,candidate,manual_identity_research,,,,True,0
P000132,Allen Murphy,Allen Murphy,allen-murphy,77668.0,https://cdn.nba.com/headshots/nba/latest/1040x760/77668.png,NBA CDN,candidate,manual_identity_research,,,,True,0
P000133,Allie McGuire,Allie McGuire,allie-mcguire,77535.0,https://cdn.nba.com/headshots/nba/latest/1040x760/77535.png,NBA CDN,candidate,manual_identity_research,,,,True,0
P000134,Allonzo Trier,Allonzo Trier,allonzo-trier,1629019.0,https://cdn.nba.com/headshots/nba/latest/1040x760/1629019.png,NBA CDN,candidate,manual_identity_research,,,,True,0
P000135,Alondes Williams,Alondes Williams,alondes-williams,1631214.0,https://cdn.nba.com/headshots/nba/latest/1040x760/1631214.png,NBA CDN,candidate,manual_identity_research,,,,True,0
P000136,Alonzo Bradley,Alonzo Bradley,alonzo-bradley,76229.0,https://cdn.nba.com/headshots/nba/latest/1040x760/76229.png,NBA CDN,candidate,manual_identity_research,,,,True,0
P000137,Alonzo Gee,Alonzo Gee,alonzo-gee,202087.0,https://cdn.nba.com/headshots/nba/latest/1040x760/202087.png,NBA CDN,candidate,manual_identity_research,,,,True,0
P000138,Alonzo Mourning,Alonzo Mourning,alonzo-mourning-p000138,297.0,https://cdn.nba.com/headshots/nba/latest/1040x760/297.png,NBA CDN,candidate,manual_identity_research,,,,True,0
P000139,Alonzo Mourning*,Alonzo Mourning*,alonzo-mourning-p000139,297.0,https://cdn.nba.com/headshots/nba/latest/1040x760/297.png,NBA CDN,candidate,manual_identity_research,,,,True,0
P000140,Alperen Şengün,Alperen Şengün,alperen-eng-n,1630578.0,https://cdn.nba.com/headshots/nba/latest/1040x760/1630578.png,NBA CDN,candidate,manual_identity_research,,,,True,0
P000141,Alphonso Ford,Alphonso Ford,alphonso-ford,76732.0,https://cdn.nba.com/headshots/nba/latest/1040x760/76732.png,NBA CDN,candidate,manual_identity_research,,,,True,0
P000142,Alton Ford,Alton Ford,alton-ford,2228.0,https://cdn.nba.com/headshots/nba/latest/1040x760/2228.png,NBA CDN,candidate,manual_identity_research,,,,True,0
P000143,Alton Lister,Alton Lister,alton-lister,175.0,https://cdn.nba.com/headshots/nba/latest/1040x760/175.png,NBA CDN,candidate,manual_identity_research,,,,True,0
P000144,Alvan Adams,Alvan Adams,alvan-adams,76011.0,https://cdn.nba.com/headshots/nba/latest/1040x760/76011.png,NBA CDN,candidate,manual_identity_research,,,,True,0
P000145,Alvin Heggs,Alvin Heggs,alvin-heggs,76987.0,https://cdn.nba.com/headshots/nba/latest/1040x760/76987.png,NBA CDN,candidate,manual_identity_research,,,,True,0
P000146,Alvin Jones,Alvin Jones,alvin-jones,2264.0,https://cdn.nba.com/headshots/nba/latest/1040x760/2264.png,NBA CDN,candidate,manual_identity_research,,,,True,0
P000147,Alvin Robertson,Alvin Robertson,alvin-robertson,926.0,https://cdn.nba.com/headshots/nba/latest/1040x760/926.png,NBA CDN,candidate,manual_identity_research,,,,True,0
P000148,Alvin Scott,Alvin Scott,alvin-scott,78095.0,https://cdn.nba.com/headshots/nba/latest/1040x760/78095.png,NBA CDN,candidate,manual_identity_research,,,,True,0
P000149,Alvin Sims,Alvin Sims,alvin-sims,1591.0,https://cdn.nba.com/headshots/nba/latest/1040x760/1591.png,NBA CDN,candidate,manual_identity_research,,,,True,0
P000150,Alvin Williams,Alvin Williams,alvin-williams,1541.0,https://cdn.nba.com/headshots/nba/latest/1040x760/1541.png,NBA CDN,candidate,manual_identity_research,,,,True,0
P000151,Amal McCaskill,Amal McCaskill,amal-mccaskill,1043.0,https://cdn.nba.com/headshots/nba/latest/1040x760/1043.png,NBA CDN,candidate,manual_identity_research,,,,True,0
P000152,Amar'e Stoudemire,Amar'e Stoudemire,amar-e-stoudemire,2405.0,https://cdn.nba.com/headshots/nba/latest/1040x760/2405.png,NBA CDN,candidate,manual_identity_research,,,,True,0
P000153,Amari Bailey,Amari Bailey,amari-bailey,1641735.0,https://cdn.nba.com/headshots/nba/latest/1040x760/1641735.png,NBA CDN,candidate,manual_identity_research,,,,True,0
P000154,Amari Williams,Amari Williams,amari-williams,1642873.0,https://cdn.nba.com/headshots/nba/latest/1040x760/1642873.png,NBA CDN,candidate,manual_identity_research,,,,True,0
P000155,Amen Thompson,Amen Thompson,amen-thompson,1641708.0,https://cdn.nba.com/headshots/nba/latest/1040x760/1641708.png,NBA CDN,candidate,manual_identity_research,,,,True,0
P000156,Amida Brimah,Amida Brimah,amida-brimah,1628578.0,https://cdn.nba.com/headshots/nba/latest/1040x760/1628578.png,NBA CDN,candidate,manual_identity_research,,,,True,0
P000157,Amile Jefferson,Amile Jefferson,amile-jefferson,1628518.0,https://cdn.nba.com/headshots/nba/latest/1040x760/1628518.png,NBA CDN,candidate,manual_identity_research,,,,True,0
P000158,Amir Coffey,Amir Coffey,amir-coffey,1629599.0,https://cdn.nba.com/headshots/nba/latest/1040x760/1629599.png,NBA CDN,candidate,manual_identity_research,,,,True,0
P000159,Amir Johnson,Amir Johnson,amir-johnson,101161.0,https://cdn.nba.com/headshots/nba/latest/1040x760/101161.png,NBA CDN,candidate,manual_identity_research,,,,True,0
P000160,Anderson Varejão,Anderson Varejão,anderson-varej-o,2760.0,https://cdn.nba.com/headshots/nba/latest/1040x760/2760.png,NBA CDN,candidate,manual_identity_research,,,,True,0
P000161,Andersson Garcia,Andersson Garcia,andersson-garcia,1643158.0,https://cdn.nba.com/headshots/nba/latest/1040x760/1643158.png,NBA CDN,candidate,manual_identity_research,,,,True,0
P000162,Andrae Patterson,Andrae Patterson,andrae-patterson,1754.0,https://cdn.nba.com/headshots/nba/latest/1040x760/1754.png,NBA CDN,candidate,manual_identity_research,,,,True,0
P000163,Andray Blatche,Andray Blatche,andray-blatche,101154.0,https://cdn.nba.com/headshots/nba/latest/1040x760/101154.png,NBA CDN,candidate,manual_identity_research,,,,True,0
P000164,Andre Barrett,Andre Barrett,andre-barrett,2857.0,https://cdn.nba.com/headshots/nba/latest/1040x760/2857.png,NBA CDN,candidate,manual_identity_research,,,,True,0
P000165,Andre Brown,Andre Brown,andre-brown,2810.0,https://cdn.nba.com/headshots/nba/latest/1040x760/2810.png,NBA CDN,candidate,manual_identity_research,,,,True,0
P000166,Andre Dawkins,Andre Dawkins,andre-dawkins,203958.0,https://cdn.nba.com/headshots/nba/latest/1040x760/203958.png,NBA CDN,candidate,manual_identity_research,,,,True,0
P000167,Andre Drummond,Andre Drummond,andre-drummond,203083.0,https://cdn.nba.com/headshots/nba/latest/1040x760/203083.png,NBA CDN,candidate,manual_identity_research,,,,True,0
P000168,Andre Emmett,Andre Emmett,andre-emmett,2765.0,https://cdn.nba.com/headshots/nba/latest/1040x760/2765.png,NBA CDN,candidate,manual_identity_research,,,,True,0
P000169,Andre Iguodala,Andre Iguodala,andre-iguodala,2738.0,https://cdn.nba.com/headshots/nba/latest/1040x760/2738.png,NBA CDN,candidate,manual_identity_research,,,,True,0
P000170,Andre Ingram,Andre Ingram,andre-ingram,201281.0,https://cdn.nba.com/headshots/nba/latest/1040x760/201281.png,NBA CDN,candidate,manual_identity_research,,,,True,0
P000171,Andre Jackson Jr.,Andre Jackson Jr.,andre-jackson-jr,1641748.0,https://cdn.nba.com/headshots/nba/latest/1040x760/1641748.png,NBA CDN,candidate,manual_identity_research,,,,True,0
P000172,Andre McCarter,Andre McCarter,andre-mccarter,77504.0,https://cdn.nba.com/headshots/nba/latest/1040x760/77504.png,NBA CDN,candidate,manual_identity_research,,,,True,0
P000173,Andre Miller,Andre Miller,andre-miller,1889.0,https://cdn.nba.com/headshots/nba/latest/1040x760/1889.png,NBA CDN,candidate,manual_identity_research,,,,True,0
P000174,Andre Moore,Andre Moore,andre-moore,77632.0,https://cdn.nba.com/headshots/nba/latest/1040x760/77632.png,NBA CDN,candidate,manual_identity_research,,,,True,0
P000175,Andre Owens,Andre Owens,andre-owens,101261.0,https://cdn.nba.com/headshots/nba/latest/1040x760/101261.png,NBA CDN,candidate,manual_identity_research,,,,True,0
P000176,Andre Roberson,Andre Roberson,andre-roberson,203460.0,https://cdn.nba.com/headshots/nba/latest/1040x760/203460.png,NBA CDN,candidate,manual_identity_research,,,,True,0
P000177,Andre Spencer,Andre Spencer,andre-spencer,78227.0,https://cdn.nba.com/headshots/nba/latest/1040x760/78227.png,NBA CDN,candidate,manual_identity_research,,,,True,0
P000178,Andre Turner,Andre Turner,andre-turner,78377.0,https://cdn.nba.com/headshots/nba/latest/1040x760/78377.png,NBA CDN,candidate,manual_identity_research,,,,True,0
P000179,Andre Wakefield,Andre Wakefield,andre-wakefield,78431.0,https://cdn.nba.com/headshots/nba/latest/1040x760/78431.png,NBA CDN,candidate,manual_identity_research,,,,True,0
P000180,Andrea Bargnani,Andrea Bargnani,andrea-bargnani,200745.0,https://cdn.nba.com/headshots/nba/latest/1040x760/200745.png,NBA CDN,candidate,manual_identity_research,,,,True,0
P000181,Andreas Glyniadakis,Andreas Glyniadakis,andreas-glyniadakis,2601.0,https://cdn.nba.com/headshots/nba/latest/1040x760/2601.png,NBA CDN,candidate,manual_identity_research,,,,True,0
P000182,Andrei Kirilenko,Andrei Kirilenko,andrei-kirilenko,1905.0,https://cdn.nba.com/headshots/nba/latest/1040x760/1905.png,NBA CDN,candidate,manual_identity_research,,,,True,0
P000183,Andrew Bogut,Andrew Bogut,andrew-bogut,101106.0,https://cdn.nba.com/headshots/nba/latest/1040x760/101106.png,NBA CDN,candidate,manual_identity_research,,,,True,0
P000184,Andrew Bynum,Andrew Bynum,andrew-bynum,101115.0,https://cdn.nba.com/headshots/nba/latest/1040x760/101115.png,NBA CDN,candidate,manual_identity_research,,,,True,0
P000185,Andrew DeClercq,Andrew DeClercq,andrew-declercq,692.0,https://cdn.nba.com/headshots/nba/latest/1040x760/692.png,NBA CDN,candidate,manual_identity_research,,,,True,0
P000186,Andrew Funk,Andrew Funk,andrew-funk,1641847.0,https://cdn.nba.com/headshots/nba/latest/1040x760/1641847.png,NBA CDN,candidate,manual_identity_research,,,,True,0
P000187,Andrew Gaze,Andrew Gaze,andrew-gaze,1845.0,https://cdn.nba.com/headshots/nba/latest/1040x760/1845.png,NBA CDN,candidate,manual_identity_research,,,,True,0
P000188,Andrew Goudelock,Andrew Goudelock,andrew-goudelock,202726.0,https://cdn.nba.com/headshots/nba/latest/1040x760/202726.png,NBA CDN,candidate,manual_identity_research,,,,True,0
P000189,Andrew Harrison,Andrew Harrison,andrew-harrison,1626150.0,https://cdn.nba.com/headshots/nba/latest/1040x760/1626150.png,NBA CDN,candidate,manual_identity_research,,,,True,0
P000190,Andrew Lang,Andrew Lang,andrew-lang,457.0,https://cdn.nba.com/headshots/nba/latest/1040x760/457.png,NBA CDN,candidate,manual_identity_research,,,,True,0
P000191,Andrew Levane,Andrew Levane,andrew-levane,77375.0,https://cdn.nba.com/headshots/nba/latest/1040x760/77375.png,NBA CDN,candidate,manual_identity_research,,,,True,0
P000192,Andrew Nembhard,Andrew Nembhard,andrew-nembhard,1629614.0,https://cdn.nba.com/headshots/nba/latest/1040x760/1629614.png,NBA CDN,candidate,manual_identity_research,,,,True,0
P000193,Andrew Nicholson,Andrew Nicholson,andrew-nicholson,203094.0,https://cdn.nba.com/headshots/nba/latest/1040x760/203094.png,NBA CDN,candidate,manual_identity_research,,,,True,0
P000194,Andrew Toney,Andrew Toney,andrew-toney,78351.0,https://cdn.nba.com/headshots/nba/latest/1040x760/78351.png,NBA CDN,candidate,manual_identity_research,,,,True,0
P000195,Andrew White,Andrew White,andrew-white,1628510.0,https://cdn.nba.com/headshots/nba/latest/1040x760/1628510.png,NBA CDN,verified,none,200.0,image/avif,verified,True,0
P000196,Andrew Wiggins,Andrew Wiggins,andrew-wiggins,203952.0,https://cdn.nba.com/headshots/nba/latest/1040x760/203952.png,NBA CDN,candidate,manual_identity_research,,,,True,0
P000197,Andris Biedriņš,Andris Biedriņš,andris-biedri,2740.0,https://cdn.nba.com/headshots/nba/latest/1040x760/2740.png,NBA CDN,candidate,manual_identity_research,,,,True,0
P000198,Andrés Guibert,Andrés Guibert,andr-s-guibert,76903.0,https://cdn.nba.com/headshots/nba/latest/1040x760/76903.png,NBA CDN,candidate,manual_identity_research,,,,True,0
P000199,Andrés Nocioni,Andrés Nocioni,andr-s-nocioni,2804.0,https://cdn.nba.com/headshots/nba/latest/1040x760/2804.png,NBA CDN,candidate,manual_identity_research,,,,True,0
P000200,Andy Johnson,Andy Johnson,andy-johnson,77131.0,https://cdn.nba.com/headshots/nba/latest/1040x760/77131.png,NBA CDN,candidate,manual_identity_research,,,,True,0
P000201,Andy Panko,Andy Panko,andy-panko,1950.0,https://cdn.nba.com/headshots/nba/latest/1040x760/1950.png,NBA CDN,candidate,manual_identity_research,,,,True,0
P000202,Andy Phillip,Andy Phillip,andy-phillip-p000202,77853.0,https://cdn.nba.com/headshots/nba/latest/1040x760/77853.png,NBA CDN,candidate,manual_identity_research,,,,True,0
P000203,Andy Phillip*,Andy Phillip*,andy-phillip-p000203,77853.0,https://cdn.nba.com/headshots/nba/latest/1040x760/77853.png,NBA CDN,candidate,manual_identity_research,,,,True,0
P000204,Andy Rautins,Andy Rautins,andy-rautins,202360.0,https://cdn.nba.com/headshots/nba/latest/1040x760/202360.png,NBA CDN,candidate,manual_identity_research,,,,True,0
P000205,Andy Toolson,Andy Toolson,andy-toolson,342.0,https://cdn.nba.com/headshots/nba/latest/1040x760/342.png,NBA CDN,candidate,manual_identity_research,,,,True,0
P000206,Andy Walker,Andy Walker,andy-walker,78433.0,https://cdn.nba.com/headshots/nba/latest/1040x760/78433.png,NBA CDN,candidate,manual_identity_research,,,,True,0
P000207,Anfernee Hardaway,Anfernee Hardaway,anfernee-hardaway,358.0,https://cdn.nba.com/headshots/nba/latest/1040x760/358.png,NBA CDN,candidate,manual_identity_research,,,,True,0
P000208,Anfernee Simons,Anfernee Simons,anfernee-simons,1629014.0,https://cdn.nba.com/headshots/nba/latest/1040x760/1629014.png,NBA CDN,candidate,manual_identity_research,,,,True,0
P000209,Ansu Sesay,Ansu Sesay,ansu-sesay,1738.0,https://cdn.nba.com/headshots/nba/latest/1040x760/1738.png,NBA CDN,candidate,manual_identity_research,,,,True,0
P000210,Antawn Jamison,Antawn Jamison,antawn-jamison,1712.0,https://cdn.nba.com/headshots/nba/latest/1040x760/1712.png,NBA CDN,candidate,manual_identity_research,,,,True,0
P000211,Ante Žižić,Ante Žižić,ante-i-i,1627790.0,https://cdn.nba.com/headshots/nba/latest/1040x760/1627790.png,NBA CDN,candidate,manual_identity_research,,,,True,0
P000212,Anthony Avent,Anthony Avent,anthony-avent,138.0,https://cdn.nba.com/headshots/nba/latest/1040x760/138.png,NBA CDN,candidate,manual_identity_research,,,,True,0
P000213,Anthony Bennett,Anthony Bennett,anthony-bennett,203461.0,https://cdn.nba.com/headshots/nba/latest/1040x760/203461.png,NBA CDN,candidate,manual_identity_research,,,,True,0
P000214,Anthony Black,Anthony Black,anthony-black,1641710.0,https://cdn.nba.com/headshots/nba/latest/1040x760/1641710.png,NBA CDN,candidate,manual_identity_research,,,,True,0
P000215,Anthony Bonner,Anthony Bonner,anthony-bonner,41.0,https://cdn.nba.com/headshots/nba/latest/1040x760/41.png,NBA CDN,candidate,manual_identity_research,,,,True,0
P000216,Anthony Bowie,Anthony Bowie,anthony-bowie,194.0,https://cdn.nba.com/headshots/nba/latest/1040x760/194.png,NBA CDN,candidate,manual_identity_research,,,,True,0
P000217,Anthony Brown,Anthony Brown,anthony-brown,1626148.0,https://cdn.nba.com/headshots/nba/latest/1040x760/1626148.png,NBA CDN,candidate,manual_identity_research,,,,True,0
P000218,Anthony Carter,Anthony Carter,anthony-carter,1853.0,https://cdn.nba.com/headshots/nba/latest/1040x760/1853.png,NBA CDN,candidate,manual_identity_research,,,,True,0
P000219,Anthony Cook,Anthony Cook,anthony-cook,76433.0,https://cdn.nba.com/headshots/nba/latest/1040x760/76433.png,NBA CDN,candidate,manual_identity_research,,,,True,0
P000220,Anthony Davis,Anthony Davis,anthony-davis,203076.0,https://cdn.nba.com/headshots/nba/latest/1040x760/203076.png,NBA CDN,candidate,manual_identity_research,,,,True,0
P000221,Anthony Edwards,Anthony Edwards,anthony-edwards,1630162.0,https://cdn.nba.com/headshots/nba/latest/1040x760/1630162.png,NBA CDN,candidate,manual_identity_research,,,,True,0
P000222,Anthony Frederick,Anthony Frederick,anthony-frederick,76752.0,https://cdn.nba.com/headshots/nba/latest/1040x760/76752.png,NBA CDN,candidate,manual_identity_research,,,,True,0
P000223,Anthony Gill,Anthony Gill,anthony-gill,1630264.0,https://cdn.nba.com/headshots/nba/latest/1040x760/1630264.png,NBA CDN,candidate,manual_identity_research,,,,True,0
P000224,Anthony Goldwire,Anthony Goldwire,anthony-goldwire,924.0,https://cdn.nba.com/headshots/nba/latest/1040x760/924.png,NBA CDN,candidate,manual_identity_research,,,,True,0
P000225,Anthony Grundy,Anthony Grundy,anthony-grundy,101219.0,https://cdn.nba.com/headshots/nba/latest/1040x760/101219.png,NBA CDN,candidate,manual_identity_research,,,,True,0
P000226,Anthony Johnson,Anthony Johnson,anthony-johnson,1533.0,https://cdn.nba.com/headshots/nba/latest/1040x760/1533.png,NBA CDN,candidate,manual_identity_research,,,,True,0
P000227,Anthony Jones,Anthony Jones,anthony-jones,77173.0,https://cdn.nba.com/headshots/nba/latest/1040x760/77173.png,NBA CDN,candidate,manual_identity_research,,,,True,0
P000228,Anthony Lamb,Anthony Lamb,anthony-lamb,1630237.0,https://cdn.nba.com/headshots/nba/latest/1040x760/1630237.png,NBA CDN,candidate,manual_identity_research,,,,True,0
P000229,Anthony Mason,Anthony Mason,anthony-mason,193.0,https://cdn.nba.com/headshots/nba/latest/1040x760/193.png,NBA CDN,candidate,manual_identity_research,,,,True,0
P000230,Anthony Miller,Anthony Miller,anthony-miller,292.0,https://cdn.nba.com/headshots/nba/latest/1040x760/292.png,NBA CDN,candidate,manual_identity_research,,,,True,0
P000231,Anthony Morrow,Anthony Morrow,anthony-morrow,201627.0,https://cdn.nba.com/headshots/nba/latest/1040x760/201627.png,NBA CDN,candidate,manual_identity_research,,,,True,0
P000232,Anthony Parker,Anthony Parker,anthony-parker,1515.0,https://cdn.nba.com/headshots/nba/latest/1040x760/1515.png,NBA CDN,candidate,manual_identity_research,,,,True,0
P000233,Anthony Peeler,Anthony Peeler,anthony-peeler,324.0,https://cdn.nba.com/headshots/nba/latest/1040x760/324.png,NBA CDN,candidate,manual_identity_research,,,,True,0
P000234,Anthony Pullard,Anthony Pullard,anthony-pullard,77890.0,https://cdn.nba.com/headshots/nba/latest/1040x760/77890.png,NBA CDN,candidate,manual_identity_research,,,,True,0
P000235,Anthony Randolph,Anthony Randolph,anthony-randolph,201576.0,https://cdn.nba.com/headshots/nba/latest/1040x760/201576.png,NBA CDN,candidate,manual_identity_research,,,,True,0
P000236,Anthony Roberson,Anthony Roberson,anthony-roberson,101194.0,https://cdn.nba.com/headshots/nba/latest/1040x760/101194.png,NBA CDN,candidate,manual_identity_research,,,,True,0
P000237,Anthony Roberts,Anthony Roberts,anthony-roberts,77975.0,https://cdn.nba.com/headshots/nba/latest/1040x760/77975.png,NBA CDN,candidate,manual_identity_research,,,,True,0
P000238,Anthony Taylor,Anthony Taylor,anthony-taylor,78295.0,https://cdn.nba.com/headshots/nba/latest/1040x760/78295.png,NBA CDN,candidate,manual_identity_research,,,,True,0
P000239,Anthony Tolliver,Anthony Tolliver,anthony-tolliver,201229.0,https://cdn.nba.com/headshots/nba/latest/1040x760/201229.png,NBA CDN,candidate,manual_identity_research,,,,True,0
P000240,Anthony Tucker,Anthony Tucker,anthony-tucker,141.0,https://cdn.nba.com/headshots/nba/latest/1040x760/141.png,NBA CDN,candidate,manual_identity_research,,,,True,0
P000241,Antoine Carr,Antoine Carr,antoine-carr,156.0,https://cdn.nba.com/headshots/nba/latest/1040x760/156.png,NBA CDN,candidate,manual_identity_research,,,,True,0
P000242,Antoine Rigaudeau,Antoine Rigaudeau,antoine-rigaudeau,2541.0,https://cdn.nba.com/headshots/nba/latest/1040x760/2541.png,NBA CDN,candidate,manual_identity_research,,,,True,0
P000243,Antoine Walker,Antoine Walker,antoine-walker,952.0,https://cdn.nba.com/headshots/nba/latest/1040x760/952.png,NBA CDN,candidate,manual_identity_research,,,,True,0
P000244,Antoine Wright,Antoine Wright,antoine-wright,101120.0,https://cdn.nba.com/headshots/nba/latest/1040x760/101120.png,NBA CDN,candidate,manual_identity_research,,,,True,0
P000245,Anton Watson,Anton Watson,anton-watson,1641817.0,https://cdn.nba.com/headshots/nba/latest/1040x760/1641817.png,NBA CDN,candidate,manual_identity_research,,,,True,0
P000246,Antonio Anderson,Antonio Anderson,antonio-anderson,202079.0,https://cdn.nba.com/headshots/nba/latest/1040x760/202079.png,NBA CDN,candidate,manual_identity_research,,,,True,0
P000247,Antonio Blakeney,Antonio Blakeney,antonio-blakeney,1628469.0,https://cdn.nba.com/headshots/nba/latest/1040x760/1628469.png,NBA CDN,candidate,manual_identity_research,,,,True,0
P000248,Antonio Burks,Antonio Burks,antonio-burks,2766.0,https://cdn.nba.com/headshots/nba/latest/1040x760/2766.png,NBA CDN,candidate,manual_identity_research,,,,True,0
P000249,Antonio Daniels,Antonio Daniels,antonio-daniels,1498.0,https://cdn.nba.com/headshots/nba/latest/1040x760/1498.png,NBA CDN,candidate,manual_identity_research,,,,True,0
P000250,Antonio Davis,Antonio Davis,antonio-davis,213.0,https://cdn.nba.com/headshots/nba/latest/1040x760/213.png,NBA CDN,candidate,manual_identity_research,,,,True,0
P000251,Antonio Harvey,Antonio Harvey,antonio-harvey,176.0,https://cdn.nba.com/headshots/nba/latest/1040x760/176.png,NBA CDN,candidate,manual_identity_research,,,,True,0
P000252,Antonio Lang,Antonio Lang,antonio-lang,226.0,https://cdn.nba.com/headshots/nba/latest/1040x760/226.png,NBA CDN,candidate,manual_identity_research,,,,True,0
P000253,Antonio McDyess,Antonio McDyess,antonio-mcdyess,686.0,https://cdn.nba.com/headshots/nba/latest/1040x760/686.png,NBA CDN,candidate,manual_identity_research,,,,True,0
P000254,Antonio Reeves,Antonio Reeves,antonio-reeves,1641810.0,https://cdn.nba.com/headshots/nba/latest/1040x760/1641810.png,NBA CDN,candidate,manual_identity_research,,,,True,0
P000255,Antonis Fotsis,Antonis Fotsis,antonis-fotsis,2238.0,https://cdn.nba.com/headshots/nba/latest/1040x760/2238.png,NBA CDN,candidate,manual_identity_research,,,,True,0
P000256,Antonius Cleveland,Antonius Cleveland,antonius-cleveland,1628499.0,https://cdn.nba.com/headshots/nba/latest/1040x760/1628499.png,NBA CDN,candidate,manual_identity_research,,,,True,0
P000257,Anžejs Pasečņiks,Anžejs Pasečņiks,an-ejs-pase-iks,1628394.0,https://cdn.nba.com/headshots/nba/latest/1040x760/1628394.png,NBA CDN,candidate,manual_identity_research,,,,True,0
P000258,Archie Clark,Archie Clark,archie-clark,76397.0,https://cdn.nba.com/headshots/nba/latest/1040x760/76397.png,NBA CDN,candidate,manual_identity_research,,,,True,0
P000259,Archie Dees,Archie Dees,archie-dees,76546.0,https://cdn.nba.com/headshots/nba/latest/1040x760/76546.png,NBA CDN,candidate,manual_identity_research,,,,True,0
P000260,Archie Goodwin,Archie Goodwin,archie-goodwin,203462.0,https://cdn.nba.com/headshots/nba/latest/1040x760/203462.png,NBA CDN,candidate,manual_identity_research,,,,True,0
P000261,Ariel Hukporti,Ariel Hukporti,ariel-hukporti,1630574.0,https://cdn.nba.com/headshots/nba/latest/1040x760/1630574.png,NBA CDN,candidate,manual_identity_research,,,,True,0
P000262,Arinze Onuaku,Arinze Onuaku,arinze-onuaku,202620.0,https://cdn.nba.com/headshots/nba/latest/1040x760/202620.png,NBA CDN,candidate,manual_identity_research,,,,True,0
P000263,Armel Traoré,Armel Traoré,armel-traor,1642422.0,https://cdn.nba.com/headshots/nba/latest/1040x760/1642422.png,NBA CDN,candidate,manual_identity_research,,,,True,0
P000264,Armen Gilliam,Armen Gilliam,armen-gilliam,288.0,https://cdn.nba.com/headshots/nba/latest/1040x760/288.png,NBA CDN,candidate,manual_identity_research,,,,True,0
P000265,Armon Johnson,Armon Johnson,armon-johnson,202356.0,https://cdn.nba.com/headshots/nba/latest/1040x760/202356.png,NBA CDN,candidate,manual_identity_research,,,,True,0
P000266,Armond Hill,Armond Hill,armond-hill,77024.0,https://cdn.nba.com/headshots/nba/latest/1040x760/77024.png,NBA CDN,candidate,manual_identity_research,,,,True,0
P000267,Armoni Brooks,Armoni Brooks,armoni-brooks,1629717.0,https://cdn.nba.com/headshots/nba/latest/1040x760/1629717.png,NBA CDN,candidate,manual_identity_research,,,,True,0
P000268,Arnett Moultrie,Arnett Moultrie,arnett-moultrie,203102.0,https://cdn.nba.com/headshots/nba/latest/1040x760/203102.png,NBA CDN,candidate,manual_identity_research,,,,True,0
P000269,Arnie Johnson,Arnie Johnson,arnie-johnson,77132.0,https://cdn.nba.com/headshots/nba/latest/1040x760/77132.png,NBA CDN,candidate,manual_identity_research,,,,True,0
P000270,Arnie Risen,Arnie Risen,arnie-risen-p000270,77967.0,https://cdn.nba.com/headshots/nba/latest/1040x760/77967.png,NBA CDN,candidate,manual_identity_research,,,,True,0
P000271,Arnie Risen*,Arnie Risen*,arnie-risen-p000271,77967.0,https://cdn.nba.com/headshots/nba/latest/1040x760/77967.png,NBA CDN,candidate,manual_identity_research,,,,True,0
P000272,Arnoldas Kulboka,Arnoldas Kulboka,arnoldas-kulboka,1629083.0,https://cdn.nba.com/headshots/nba/latest/1040x760/1629083.png,NBA CDN,candidate,manual_identity_research,,,,True,0
P000273,Aron Baynes,Aron Baynes,aron-baynes,203382.0,https://cdn.nba.com/headshots/nba/latest/1040x760/203382.png,NBA CDN,candidate,manual_identity_research,,,,True,0
P000274,Arron Afflalo,Arron Afflalo,arron-afflalo,201167.0,https://cdn.nba.com/headshots/nba/latest/1040x760/201167.png,NBA CDN,candidate,manual_identity_research,,,,True,0
P000275,Art Burris,Art Burris,art-burris,76311.0,https://cdn.nba.com/headshots/nba/latest/1040x760/76311.png,NBA CDN,candidate,manual_identity_research,,,,True,0
P000276,Art Collins,Art Collins,art-collins,76416.0,https://cdn.nba.com/headshots/nba/latest/1040x760/76416.png,NBA CDN,candidate,manual_identity_research,,,,True,0
P000277,Art Harris,Art Harris,art-harris,76956.0,https://cdn.nba.com/headshots/nba/latest/1040x760/76956.png,NBA CDN,candidate,manual_identity_research,,,,True,0
P000278,Art Heyman,Art Heyman,art-heyman,77015.0,https://cdn.nba.com/headshots/nba/latest/1040x760/77015.png,NBA CDN,candidate,manual_identity_research,,,,True,0
P000279,Art Long,Art Long,art-long,1609.0,https://cdn.nba.com/headshots/nba/latest/1040x760/1609.png,NBA CDN,candidate,manual_identity_research,,,,True,0
P000280,Art Spoelstra,Art Spoelstra,art-spoelstra,78232.0,https://cdn.nba.com/headshots/nba/latest/1040x760/78232.png,NBA CDN,candidate,manual_identity_research,,,,True,0
P000281,Art Williams,Art Williams,art-williams,,,,manual_identity_review,manual_identity_research,,,,True,0
P000282,Artis Gilmore,Artis Gilmore,artis-gilmore-p000282,600014.0,https://cdn.nba.com/headshots/nba/latest/1040x760/600014.png,NBA CDN,candidate,manual_identity_research,,,,True,0
P000283,Artis Gilmore*,Artis Gilmore*,artis-gilmore-p000283,600014.0,https://cdn.nba.com/headshots/nba/latest/1040x760/600014.png,NBA CDN,candidate,manual_identity_research,,,,True,0
P000284,Arvid Kramer,Arvid Kramer,arvid-kramer,77306.0,https://cdn.nba.com/headshots/nba/latest/1040x760/77306.png,NBA CDN,candidate,manual_identity_research,,,,True,0
P000285,Arvydas Macijauskas,Arvydas Macijauskas,arvydas-macijauskas,101178.0,https://cdn.nba.com/headshots/nba/latest/1040x760/101178.png,NBA CDN,candidate,manual_identity_research,,,,True,0
P000286,Arvydas Sabonis,Arvydas Sabonis,arvydas-sabonis-p000286,717.0,https://cdn.nba.com/headshots/nba/latest/1040x760/717.png,NBA CDN,candidate,manual_identity_research,,,,True,0
P000287,Arvydas Sabonis*,Arvydas Sabonis*,arvydas-sabonis-p000287,717.0,https://cdn.nba.com/headshots/nba/latest/1040x760/717.png,NBA CDN,candidate,manual_identity_research,,,,True,0
P000288,Asa Newell,Asa Newell,asa-newell,1642854.0,https://cdn.nba.com/headshots/nba/latest/1040x760/1642854.png,NBA CDN,candidate,manual_identity_research,,,,True,0
P000289,Ashraf Amaya,Ashraf Amaya,ashraf-amaya,732.0,https://cdn.nba.com/headshots/nba/latest/1040x760/732.png,NBA CDN,candidate,manual_identity_research,,,,True,0
P000290,Ashton Hagans,Ashton Hagans,ashton-hagans,1630204.0,https://cdn.nba.com/headshots/nba/latest/1040x760/1630204.png,NBA CDN,candidate,manual_identity_research,,,,True,0
P000291,Askia Jones,Askia Jones,askia-jones,77174.0,https://cdn.nba.com/headshots/nba/latest/1040x760/77174.png,NBA CDN,candidate,manual_identity_research,,,,True,0
P000292,Audie Norris,Audie Norris,audie-norris,77731.0,https://cdn.nba.com/headshots/nba/latest/1040x760/77731.png,NBA CDN,candidate,manual_identity_research,,,,True,0
P000293,Ausar Thompson,Ausar Thompson,ausar-thompson,1641709.0,https://cdn.nba.com/headshots/nba/latest/1040x760/1641709.png,NBA CDN,candidate,manual_identity_research,,,,True,0
P000294,Austin Carr,Austin Carr,austin-carr,76348.0,https://cdn.nba.com/headshots/nba/latest/1040x760/76348.png,NBA CDN,candidate,manual_identity_research,,,,True,0
P000295,Austin Croshere,Austin Croshere,austin-croshere,1506.0,https://cdn.nba.com/headshots/nba/latest/1040x760/1506.png,NBA CDN,candidate,manual_identity_research,,,,True,0
P000296,Austin Daye,Austin Daye,austin-daye,201948.0,https://cdn.nba.com/headshots/nba/latest/1040x760/201948.png,NBA CDN,candidate,manual_identity_research,,,,True,0
P000297,Austin Reaves,Austin Reaves,austin-reaves,1630559.0,https://cdn.nba.com/headshots/nba/latest/1040x760/1630559.png,NBA CDN,candidate,manual_identity_research,,,,True,0
P000298,Austin Rivers,Austin Rivers,austin-rivers,203085.0,https://cdn.nba.com/headshots/nba/latest/1040x760/203085.png,NBA CDN,candidate,manual_identity_research,,,,True,0
P000299,Avery Bradley,Avery Bradley,avery-bradley,202340.0,https://cdn.nba.com/headshots/nba/latest/1040x760/202340.png,NBA CDN,candidate,manual_identity_research,,,,True,0
P000300,Avery Johnson,Avery Johnson,avery-johnson,422.0,https://cdn.nba.com/headshots/nba/latest/1040x760/422.png,NBA CDN,candidate,manual_identity_research,,,,True,0
P000301,Awvee Storey,Awvee Storey,awvee-storey,2852.0,https://cdn.nba.com/headshots/nba/latest/1040x760/2852.png,NBA CDN,candidate,manual_identity_research,,,,True,0
P000302,Axel Toupane,Axel Toupane,axel-toupane,1626253.0,https://cdn.nba.com/headshots/nba/latest/1040x760/1626253.png,NBA CDN,candidate,manual_identity_research,,,,True,0
P000303,Ayo Dosunmu,Ayo Dosunmu,ayo-dosunmu,1630245.0,https://cdn.nba.com/headshots/nba/latest/1040x760/1630245.png,NBA CDN,candidate,manual_identity_research,,,,True,0
P000304,B.J. Armstrong,B.J. Armstrong,b-j-armstrong,769.0,https://cdn.nba.com/headshots/nba/latest/1040x760/769.png,NBA CDN,candidate,manual_identity_research,,,,True,0
P000305,B.J. Johnson,B.J. Johnson,b-j-johnson,1629168.0,https://cdn.nba.com/headshots/nba/latest/1040x760/1629168.png,NBA CDN,verified,none,200.0,image/webp,verified,True,0
P000306,B.J. Tyler,B.J. Tyler,b-j-tyler,189.0,https://cdn.nba.com/headshots/nba/latest/1040x760/189.png,NBA CDN,candidate,manual_identity_research,,,,True,0
P000307,Bailey Howell,Bailey Howell,bailey-howell-p000307,77070.0,https://cdn.nba.com/headshots/nba/latest/1040x760/77070.png,NBA CDN,candidate,manual_identity_research,,,,True,0
P000308,Bailey Howell*,Bailey Howell*,bailey-howell-p000308,77070.0,https://cdn.nba.com/headshots/nba/latest/1040x760/77070.png,NBA CDN,candidate,manual_identity_research,,,,True,0
P000309,Bam Adebayo,Bam Adebayo,bam-adebayo,1628389.0,https://cdn.nba.com/headshots/nba/latest/1040x760/1628389.png,NBA CDN,candidate,manual_identity_research,,,,True,0
P000310,Barney Cable,Barney Cable,barney-cable,76324.0,https://cdn.nba.com/headshots/nba/latest/1040x760/76324.png,NBA CDN,candidate,manual_identity_research,,,,True,0
P000311,Baron Davis,Baron Davis,baron-davis,1884.0,https://cdn.nba.com/headshots/nba/latest/1040x760/1884.png,NBA CDN,candidate,manual_identity_research,,,,True,0
P000312,Barry Clemens,Barry Clemens,barry-clemens,,,,manual_identity_review,manual_identity_research,,,,True,0
P000313,Barry Kramer,Barry Kramer,barry-kramer,77307.0,https://cdn.nba.com/headshots/nba/latest/1040x760/77307.png,NBA CDN,candidate,manual_identity_research,,,,True,0
P000314,Barry Nelson,Barry Nelson,barry-nelson,77699.0,https://cdn.nba.com/headshots/nba/latest/1040x760/77699.png,NBA CDN,candidate,manual_identity_research,,,,True,0
P000315,Barry Orms,Barry Orms,barry-orms,77768.0,https://cdn.nba.com/headshots/nba/latest/1040x760/77768.png,NBA CDN,candidate,manual_identity_research,,,,True,0
P000316,Barry Stevens,Barry Stevens,barry-stevens,78251.0,https://cdn.nba.com/headshots/nba/latest/1040x760/78251.png,NBA CDN,candidate,manual_identity_research,,,,True,0
P000317,Barry Sumpter,Barry Sumpter,barry-sumpter,78654.0,https://cdn.nba.com/headshots/nba/latest/1040x760/78654.png,NBA CDN,candidate,manual_identity_research,,,,True,0
P000318,Barry Yates,Barry Yates,barry-yates,78629.0,https://cdn.nba.com/headshots/nba/latest/1040x760/78629.png,NBA CDN,candidate,manual_identity_research,,,,True,0
P000319,Bart Kofoed,Bart Kofoed,bart-kofoed,77294.0,https://cdn.nba.com/headshots/nba/latest/1040x760/77294.png,NBA CDN,candidate,manual_identity_research,,,,True,0
P000320,Bato Govedarica,Bato Govedarica,bato-govedarica,76837.0,https://cdn.nba.com/headshots/nba/latest/1040x760/76837.png,NBA CDN,candidate,manual_identity_research,,,,True,0
P000321,Bayard Forrest,Bayard Forrest,bayard-forrest,76739.0,https://cdn.nba.com/headshots/nba/latest/1040x760/76739.png,NBA CDN,candidate,manual_identity_research,,,,True,0
P000322,Baylor Scheierman,Baylor Scheierman,baylor-scheierman,1631248.0,https://cdn.nba.com/headshots/nba/latest/1040x760/1631248.png,NBA CDN,candidate,manual_identity_research,,,,True,0
P000323,Belus Smawley,Belus Smawley,belus-smawley,78176.0,https://cdn.nba.com/headshots/nba/latest/1040x760/78176.png,NBA CDN,candidate,manual_identity_research,,,,True,0
P000324,Ben Bentil,Ben Bentil,ben-bentil,1627791.0,https://cdn.nba.com/headshots/nba/latest/1040x760/1627791.png,NBA CDN,candidate,manual_identity_research,,,,True,0
P000325,Ben Clyde,Ben Clyde,ben-clyde,76409.0,https://cdn.nba.com/headshots/nba/latest/1040x760/76409.png,NBA CDN,candidate,manual_identity_research,,,,True,0
P000326,Ben Coleman,Ben Coleman,ben-coleman,76412.0,https://cdn.nba.com/headshots/nba/latest/1040x760/76412.png,NBA CDN,candidate,manual_identity_research,,,,True,0
P000327,Ben Davis,Ben Davis,ben-davis,989.0,https://cdn.nba.com/headshots/nba/latest/1040x760/989.png,NBA CDN,candidate,manual_identity_research,,,,True,0
P000328,Ben Gillery,Ben Gillery,ben-gillery,76812.0,https://cdn.nba.com/headshots/nba/latest/1040x760/76812.png,NBA CDN,candidate,manual_identity_research,,,,True,0
P000329,Ben Gordon,Ben Gordon,ben-gordon,2732.0,https://cdn.nba.com/headshots/nba/latest/1040x760/2732.png,NBA CDN,candidate,manual_identity_research,,,,True,0
P000330,Ben Handlogten,Ben Handlogten,ben-handlogten,1052.0,https://cdn.nba.com/headshots/nba/latest/1040x760/1052.png,NBA CDN,candidate,manual_identity_research,,,,True,0
P000331,Ben Hansbrough,Ben Hansbrough,ben-hansbrough,203162.0,https://cdn.nba.com/headshots/nba/latest/1040x760/203162.png,NBA CDN,candidate,manual_identity_research,,,,True,0
P000332,Ben Kelso,Ben Kelso,ben-kelso,77240.0,https://cdn.nba.com/headshots/nba/latest/1040x760/77240.png,NBA CDN,candidate,manual_identity_research,,,,True,0
P000333,Ben McDonald,Ben McDonald,ben-mcdonald,77524.0,https://cdn.nba.com/headshots/nba/latest/1040x760/77524.png,NBA CDN,candidate,manual_identity_research,,,,True,0
P000334,Ben McLemore,Ben McLemore,ben-mclemore,203463.0,https://cdn.nba.com/headshots/nba/latest/1040x760/203463.png,NBA CDN,candidate,manual_identity_research,,,,True,0
P000335,Ben Moore,Ben Moore,ben-moore,1628500.0,https://cdn.nba.com/headshots/nba/latest/1040x760/1628500.png,NBA CDN,candidate,manual_identity_research,,,,True,0
P000336,Ben Poquette,Ben Poquette,ben-poquette,77873.0,https://cdn.nba.com/headshots/nba/latest/1040x760/77873.png,NBA CDN,candidate,manual_identity_research,,,,True,0
P000337,Ben Saraf,Ben Saraf,ben-saraf,1642879.0,https://cdn.nba.com/headshots/nba/latest/1040x760/1642879.png,NBA CDN,candidate,manual_identity_research,,,,True,0
P000338,Ben Sheppard,Ben Sheppard,ben-sheppard,1641767.0,https://cdn.nba.com/headshots/nba/latest/1040x760/1641767.png,NBA CDN,candidate,manual_identity_research,,,,True,0
P000339,Ben Simmons,Ben Simmons,ben-simmons,1627732.0,https://cdn.nba.com/headshots/nba/latest/1040x760/1627732.png,NBA CDN,candidate,manual_identity_research,,,,True,0
P000340,Ben Uzoh,Ben Uzoh,ben-uzoh,202386.0,https://cdn.nba.com/headshots/nba/latest/1040x760/202386.png,NBA CDN,candidate,manual_identity_research,,,,True,0
P000341,Ben Wallace,Ben Wallace,ben-wallace-p000341,1112.0,https://cdn.nba.com/headshots/nba/latest/1040x760/1112.png,NBA CDN,candidate,manual_identity_research,,,,True,0
P000342,Ben Wallace*,Ben Wallace*,ben-wallace-p000342,1112.0,https://cdn.nba.com/headshots/nba/latest/1040x760/1112.png,NBA CDN,candidate,manual_identity_research,,,,True,0
P000343,Ben Warley,Ben Warley,ben-warley,78458.0,https://cdn.nba.com/headshots/nba/latest/1040x760/78458.png,NBA CDN,candidate,manual_identity_research,,,,True,0
P000344,Bennedict Mathurin,Bennedict Mathurin,bennedict-mathurin,1631097.0,https://cdn.nba.com/headshots/nba/latest/1040x760/1631097.png,NBA CDN,candidate,manual_identity_research,,,,True,0
P000345,Bennie Swain,Bennie Swain,bennie-swain,78283.0,https://cdn.nba.com/headshots/nba/latest/1040x760/78283.png,NBA CDN,candidate,manual_identity_research,,,,True,0
P000346,Beno Udrih,Beno Udrih,beno-udrih,2757.0,https://cdn.nba.com/headshots/nba/latest/1040x760/2757.png,NBA CDN,candidate,manual_identity_research,,,,True,0
P000347,Benoit Benjamin,Benoit Benjamin,benoit-benjamin,104.0,https://cdn.nba.com/headshots/nba/latest/1040x760/104.png,NBA CDN,candidate,manual_identity_research,,,,True,0
P000348,Bernard James,Bernard James,bernard-james,203108.0,https://cdn.nba.com/headshots/nba/latest/1040x760/203108.png,NBA CDN,candidate,manual_identity_research,,,,True,0
P000349,Bernard King,Bernard King,bernard-king-p000349,77264.0,https://cdn.nba.com/headshots/nba/latest/1040x760/77264.png,NBA CDN,candidate,manual_identity_research,,,,True,0
P000350,Bernard King*,Bernard King*,bernard-king-p000350,77264.0,https://cdn.nba.com/headshots/nba/latest/1040x760/77264.png,NBA CDN,candidate,manual_identity_research,,,,True,0
P000351,Bernard Robinson,Bernard Robinson,bernard-robinson,2774.0,https://cdn.nba.com/headshots/nba/latest/1040x760/2774.png,NBA CDN,candidate,manual_identity_research,,,,True,0
P000352,Bernard Thompson,Bernard Thompson,bernard-thompson,78323.0,https://cdn.nba.com/headshots/nba/latest/1040x760/78323.png,NBA CDN,candidate,manual_identity_research,,,,True,0
P000353,Bernard Toone,Bernard Toone,bernard-toone,78356.0,https://cdn.nba.com/headshots/nba/latest/1040x760/78356.png,NBA CDN,candidate,manual_identity_research,,,,True,0
P000354,Bernie Fryer,Bernie Fryer,bernie-fryer,76761.0,https://cdn.nba.com/headshots/nba/latest/1040x760/76761.png,NBA CDN,candidate,manual_identity_research,,,,True,0
P000355,Bernie Harris,Bernie Harris,bernie-harris,76957.0,https://cdn.nba.com/headshots/nba/latest/1040x760/76957.png,NBA CDN,candidate,manual_identity_research,,,,True,0
P000356,Bernie Williams,Bernie Williams,bernie-williams,78540.0,https://cdn.nba.com/headshots/nba/latest/1040x760/78540.png,NBA CDN,candidate,manual_identity_research,,,,True,0
P000357,Bert Cook,Bert Cook,bert-cook,76434.0,https://cdn.nba.com/headshots/nba/latest/1040x760/76434.png,NBA CDN,candidate,manual_identity_research,,,,True,0
P000358,Bevo Nordmann,Bevo Nordmann,bevo-nordmann,,,,manual_identity_review,manual_identity_research,,,,True,0
P000359,Bez Mbeng,Bez Mbeng,bez-mbeng,1643016.0,https://cdn.nba.com/headshots/nba/latest/1040x760/1643016.png,NBA CDN,candidate,manual_identity_research,,,,True,0
P000360,Bilal Coulibaly,Bilal Coulibaly,bilal-coulibaly,1641731.0,https://cdn.nba.com/headshots/nba/latest/1040x760/1641731.png,NBA CDN,candidate,manual_identity_research,,,,True,0
P000361,Bill Bolger,Bill Bolger,bill-bolger,76196.0,https://cdn.nba.com/headshots/nba/latest/1040x760/76196.png,NBA CDN,candidate,manual_identity_research,,,,True,0
P000362,Bill Bradley,Bill Bradley,bill-bradley-p000362,76233.0,https://cdn.nba.com/headshots/nba/latest/1040x760/76233.png,NBA CDN,candidate,manual_identity_research,,,,True,0
P000363,Bill Bradley*,Bill Bradley*,bill-bradley-p000363,76233.0,https://cdn.nba.com/headshots/nba/latest/1040x760/76233.png,NBA CDN,candidate,manual_identity_research,,,,True,0
P000364,Bill Bridges,Bill Bridges,bill-bridges,76253.0,https://cdn.nba.com/headshots/nba/latest/1040x760/76253.png,NBA CDN,candidate,manual_identity_research,,,,True,0
P000365,Bill Buntin,Bill Buntin,bill-buntin,76302.0,https://cdn.nba.com/headshots/nba/latest/1040x760/76302.png,NBA CDN,candidate,manual_identity_research,,,,True,0
P000366,Bill Calhoun,Bill Calhoun,bill-calhoun,76331.0,https://cdn.nba.com/headshots/nba/latest/1040x760/76331.png,NBA CDN,candidate,manual_identity_research,,,,True,0
P000367,Bill Cartwright,Bill Cartwright,bill-cartwright,76362.0,https://cdn.nba.com/headshots/nba/latest/1040x760/76362.png,NBA CDN,candidate,manual_identity_research,,,,True,0
P000368,Bill Chamberlain,Bill Chamberlain,bill-chamberlain,76374.0,https://cdn.nba.com/headshots/nba/latest/1040x760/76374.png,NBA CDN,candidate,manual_identity_research,,,,True,0
P000369,Bill Closs,Bill Closs,bill-closs,76406.0,https://cdn.nba.com/headshots/nba/latest/1040x760/76406.png,NBA CDN,candidate,manual_identity_research,,,,True,0
P000370,Bill Curley,Bill Curley,bill-curley,223.0,https://cdn.nba.com/headshots/nba/latest/1040x760/223.png,NBA CDN,candidate,manual_identity_research,,,,True,0
P000371,Bill Dinwiddie,Bill Dinwiddie,bill-dinwiddie,76576.0,https://cdn.nba.com/headshots/nba/latest/1040x760/76576.png,NBA CDN,candidate,manual_identity_research,,,,True,0
P000372,Bill Ebben,Bill Ebben,bill-ebben,76633.0,https://cdn.nba.com/headshots/nba/latest/1040x760/76633.png,NBA CDN,candidate,manual_identity_research,,,,True,0
P000373,Bill Edwards,Bill Edwards,bill-edwards,76646.0,https://cdn.nba.com/headshots/nba/latest/1040x760/76646.png,NBA CDN,candidate,manual_identity_research,,,,True,0
P000374,Bill Gabor,Bill Gabor,bill-gabor,,,,manual_identity_review,manual_identity_research,,,,True,0
P000375,Bill Garnett,Bill Garnett,bill-garnett,76785.0,https://cdn.nba.com/headshots/nba/latest/1040x760/76785.png,NBA CDN,candidate,manual_identity_research,,,,True,0
P000376,Bill Hanzlik,Bill Hanzlik,bill-hanzlik,76944.0,https://cdn.nba.com/headshots/nba/latest/1040x760/76944.png,NBA CDN,candidate,manual_identity_research,,,,True,0
P000377,Bill Hewitt,Bill Hewitt,bill-hewitt,77013.0,https://cdn.nba.com/headshots/nba/latest/1040x760/77013.png,NBA CDN,candidate,manual_identity_research,,,,True,0
P000378,Bill Hosket,Bill Hosket,bill-hosket,,,,manual_identity_review,manual_identity_research,,,,True,0
P000379,Bill Jones,Bill Jones,bill-jones,77180.0,https://cdn.nba.com/headshots/nba/latest/1040x760/77180.png,NBA CDN,candidate,manual_identity_research,,,,True,0
P000380,Bill Laimbeer,Bill Laimbeer,bill-laimbeer,100263.0,https://cdn.nba.com/headshots/nba/latest/1040x760/100263.png,NBA CDN,candidate,manual_identity_research,,,,True,0
P000381,Bill Ligon,Bill Ligon,bill-ligon,77388.0,https://cdn.nba.com/headshots/nba/latest/1040x760/77388.png,NBA CDN,candidate,manual_identity_research,,,,True,0
P000382,Bill Martin,Bill Martin,bill-martin,77481.0,https://cdn.nba.com/headshots/nba/latest/1040x760/77481.png,NBA CDN,candidate,manual_identity_research,,,,True,0
P000383,Bill Mayfield,Bill Mayfield,bill-mayfield,77495.0,https://cdn.nba.com/headshots/nba/latest/1040x760/77495.png,NBA CDN,candidate,manual_identity_research,,,,True,0
P000384,Bill Melchionni,Bill Melchionni,bill-melchionni,77576.0,https://cdn.nba.com/headshots/nba/latest/1040x760/77576.png,NBA CDN,candidate,manual_identity_research,,,,True,0
P000385,Bill Mlkvy,Bill Mlkvy,bill-mlkvy,77619.0,https://cdn.nba.com/headshots/nba/latest/1040x760/77619.png,NBA CDN,candidate,manual_identity_research,,,,True,0
P000386,Bill Robinzine,Bill Robinzine,bill-robinzine,77997.0,https://cdn.nba.com/headshots/nba/latest/1040x760/77997.png,NBA CDN,candidate,manual_identity_research,,,,True,0
P000387,Bill Russell,Bill Russell,bill-russell-p000387,78049.0,https://cdn.nba.com/headshots/nba/latest/1040x760/78049.png,NBA CDN,candidate,manual_identity_research,,,,True,0
P000388,Bill Russell*,Bill Russell*,bill-russell-p000388,78049.0,https://cdn.nba.com/headshots/nba/latest/1040x760/78049.png,NBA CDN,candidate,manual_identity_research,,,,True,0
P000389,Bill Sharman,Bill Sharman,bill-sharman-p000389,78126.0,https://cdn.nba.com/headshots/nba/latest/1040x760/78126.png,NBA CDN,candidate,manual_identity_research,,,,True,0
P000390,Bill Sharman*,Bill Sharman*,bill-sharman-p000390,78126.0,https://cdn.nba.com/headshots/nba/latest/1040x760/78126.png,NBA CDN,candidate,manual_identity_research,,,,True,0
P000391,Bill Smith,Bill Smith,bill-smith,,,,manual_identity_review,manual_identity_research,,,,True,0
P000392,Bill Stricker,Bill Stricker,bill-stricker,78269.0,https://cdn.nba.com/headshots/nba/latest/1040x760/78269.png,NBA CDN,candidate,manual_identity_research,,,,True,0
P000393,Bill Thieben,Bill Thieben,bill-thieben,78312.0,https://cdn.nba.com/headshots/nba/latest/1040x760/78312.png,NBA CDN,candidate,manual_identity_research,,,,True,0
P000394,Bill Tosheff,Bill Tosheff,bill-tosheff,78359.0,https://cdn.nba.com/headshots/nba/latest/1040x760/78359.png,NBA CDN,candidate,manual_identity_research,,,,True,0
P000395,Bill Turner,Bill Turner,bill-turner,78385.0,https://cdn.nba.com/headshots/nba/latest/1040x760/78385.png,NBA CDN,candidate,manual_identity_research,,,,True,0
P000396,Bill Walton,Bill Walton,bill-walton-p000396,78450.0,https://cdn.nba.com/headshots/nba/latest/1040x760/78450.png,NBA CDN,candidate,manual_identity_research,,,,True,0
P000397,Bill Walton*,Bill Walton*,bill-walton-p000397,78450.0,https://cdn.nba.com/headshots/nba/latest/1040x760/78450.png,NBA CDN,candidate,manual_identity_research,,,,True,0
P000398,Bill Wennington,Bill Wennington,bill-wennington,82.0,https://cdn.nba.com/headshots/nba/latest/1040x760/82.png,NBA CDN,candidate,manual_identity_research,,,,True,0
P000399,Bill Willoughby,Bill Willoughby,bill-willoughby,78577.0,https://cdn.nba.com/headshots/nba/latest/1040x760/78577.png,NBA CDN,candidate,manual_identity_research,,,,True,0
P000400,Bill Zopf,Bill Zopf,bill-zopf,78648.0,https://cdn.nba.com/headshots/nba/latest/1040x760/78648.png,NBA CDN,candidate,manual_identity_research,,,,True,0
P000401,Billy Cunningham,Billy Cunningham,billy-cunningham-p000401,76487.0,https://cdn.nba.com/headshots/nba/latest/1040x760/76487.png,NBA CDN,candidate,manual_identity_research,,,,True,0
P000402,Billy Cunningham*,Billy Cunningham*,billy-cunningham-p000402,76487.0,https://cdn.nba.com/headshots/nba/latest/1040x760/76487.png,NBA CDN,candidate,manual_identity_research,,,,True,0
P000403,Billy Donovan,Billy Donovan,billy-donovan,76586.0,https://cdn.nba.com/headshots/nba/latest/1040x760/76586.png,NBA CDN,candidate,manual_identity_research,,,,True,0
P000404,Billy Garrett,Billy Garrett,billy-garrett,1628656.0,https://cdn.nba.com/headshots/nba/latest/1040x760/1628656.png,NBA CDN,candidate,manual_identity_research,,,,True,0
P000405,Billy Kenville,Billy Kenville,billy-kenville,,,,manual_identity_review,manual_identity_research,,,,True,0
P000406,Billy Knight,Billy Knight,billy-knight,77290.0,https://cdn.nba.com/headshots/nba/latest/1040x760/77290.png,NBA CDN,candidate,manual_identity_research,,,,True,0
P000407,Billy McGill,Billy McGill,billy-mcgill,,,,manual_identity_review,manual_identity_research,,,,True,0
P000408,Billy McKinney,Billy McKinney,billy-mckinney,77547.0,https://cdn.nba.com/headshots/nba/latest/1040x760/77547.png,NBA CDN,candidate,manual_identity_research,,,,True,0
P000409,Billy Owens,Billy Owens,billy-owens,182.0,https://cdn.nba.com/headshots/nba/latest/1040x760/182.png,NBA CDN,candidate,manual_identity_research,,,,True,0
P000410,Billy Paultz,Billy Paultz,billy-paultz,77817.0,https://cdn.nba.com/headshots/nba/latest/1040x760/77817.png,NBA CDN,candidate,manual_identity_research,,,,True,0
P000411,Billy Ray Bates,Billy Ray Bates,billy-ray-bates,,,,manual_identity_review,manual_identity_research,,,,True,0
P000412,Billy Reid,Billy Reid,billy-reid,77937.0,https://cdn.nba.com/headshots/nba/latest/1040x760/77937.png,NBA CDN,candidate,manual_identity_research,,,,True,0
P000413,Billy Thomas,Billy Thomas,billy-thomas,2873.0,https://cdn.nba.com/headshots/nba/latest/1040x760/2873.png,NBA CDN,candidate,manual_identity_research,,,,True,0
P000414,Billy Thompson,Billy Thompson,billy-thompson,1631.0,https://cdn.nba.com/headshots/nba/latest/1040x760/1631.png,NBA CDN,candidate,manual_identity_research,,,,True,0
P000415,Bimbo Coles,Bimbo Coles,bimbo-coles,902.0,https://cdn.nba.com/headshots/nba/latest/1040x760/902.png,NBA CDN,candidate,manual_identity_research,,,,True,0
P000416,Bingo Smith,Bingo Smith,bingo-smith,78202.0,https://cdn.nba.com/headshots/nba/latest/1040x760/78202.png,NBA CDN,candidate,manual_identity_research,,,,True,0
P000417,Bird Averitt,Bird Averitt,bird-averitt,,,,manual_identity_review,manual_identity_research,,,,True,0
P000418,Bismack Biyombo,Bismack Biyombo,bismack-biyombo,202687.0,https://cdn.nba.com/headshots/nba/latest/1040x760/202687.png,NBA CDN,candidate,manual_identity_research,,,,True,0
P000419,Bison Dele,Bison Dele,bison-dele,183.0,https://cdn.nba.com/headshots/nba/latest/1040x760/183.png,NBA CDN,candidate,manual_identity_research,,,,True,0
P000420,Blaine Denning,Blaine Denning,blaine-denning,76557.0,https://cdn.nba.com/headshots/nba/latest/1040x760/76557.png,NBA CDN,candidate,manual_identity_research,,,,True,0
P000421,Blair Rasmussen,Blair Rasmussen,blair-rasmussen,78656.0,https://cdn.nba.com/headshots/nba/latest/1040x760/78656.png,NBA CDN,candidate,manual_identity_research,,,,True,0
P000422,Blake Ahearn,Blake Ahearn,blake-ahearn,201336.0,https://cdn.nba.com/headshots/nba/latest/1040x760/201336.png,NBA CDN,candidate,manual_identity_research,,,,True,0
P000423,Blake Griffin,Blake Griffin,blake-griffin,201933.0,https://cdn.nba.com/headshots/nba/latest/1040x760/201933.png,NBA CDN,candidate,manual_identity_research,,,,True,0
P000424,Blake Hinson,Blake Hinson,blake-hinson,1642396.0,https://cdn.nba.com/headshots/nba/latest/1040x760/1642396.png,NBA CDN,candidate,manual_identity_research,,,,True,0
P000425,Blake Wesley,Blake Wesley,blake-wesley,1631104.0,https://cdn.nba.com/headshots/nba/latest/1040x760/1631104.png,NBA CDN,candidate,manual_identity_research,,,,True,0
P000426,Blue Edwards,Blue Edwards,blue-edwards,898.0,https://cdn.nba.com/headshots/nba/latest/1040x760/898.png,NBA CDN,candidate,manual_identity_research,,,,True,0
P000427,Bo Ellis,Bo Ellis,bo-ellis,76664.0,https://cdn.nba.com/headshots/nba/latest/1040x760/76664.png,NBA CDN,candidate,manual_identity_research,,,,True,0
P000428,Bo Erias,Bo Erias,bo-erias,76679.0,https://cdn.nba.com/headshots/nba/latest/1040x760/76679.png,NBA CDN,candidate,manual_identity_research,,,,True,0
P000429,Bo Kimble,Bo Kimble,bo-kimble,77260.0,https://cdn.nba.com/headshots/nba/latest/1040x760/77260.png,NBA CDN,candidate,manual_identity_research,,,,True,0
P000430,Bo Lamar,Bo Lamar,bo-lamar,77330.0,https://cdn.nba.com/headshots/nba/latest/1040x760/77330.png,NBA CDN,candidate,manual_identity_research,,,,True,0
P000431,Bo Outlaw,Bo Outlaw,bo-outlaw,448.0,https://cdn.nba.com/headshots/nba/latest/1040x760/448.png,NBA CDN,candidate,manual_identity_research,,,,True,0
P000432,Bob Allen,Bob Allen,bob-allen,76028.0,https://cdn.nba.com/headshots/nba/latest/1040x760/76028.png,NBA CDN,candidate,manual_identity_research,,,,True,0
P000433,Bob Anderegg,Bob Anderegg,bob-anderegg,76034.0,https://cdn.nba.com/headshots/nba/latest/1040x760/76034.png,NBA CDN,candidate,manual_identity_research,,,,True,0
P000434,Bob Armstrong,Bob Armstrong,bob-armstrong,76061.0,https://cdn.nba.com/headshots/nba/latest/1040x760/76061.png,NBA CDN,candidate,manual_identity_research,,,,True,0
P000435,Bob Arnzen,Bob Arnzen,bob-arnzen,76064.0,https://cdn.nba.com/headshots/nba/latest/1040x760/76064.png,NBA CDN,candidate,manual_identity_research,,,,True,0
P000436,Bob Bigelow,Bob Bigelow,bob-bigelow,76165.0,https://cdn.nba.com/headshots/nba/latest/1040x760/76165.png,NBA CDN,candidate,manual_identity_research,,,,True,0
P000437,Bob Boozer,Bob Boozer,bob-boozer,76206.0,https://cdn.nba.com/headshots/nba/latest/1040x760/76206.png,NBA CDN,candidate,manual_identity_research,,,,True,0
P000438,Bob Brannum,Bob Brannum,bob-brannum,76238.0,https://cdn.nba.com/headshots/nba/latest/1040x760/76238.png,NBA CDN,candidate,manual_identity_research,,,,True,0
P000439,Bob Burrow,Bob Burrow,bob-burrow,76313.0,https://cdn.nba.com/headshots/nba/latest/1040x760/76313.png,NBA CDN,candidate,manual_identity_research,,,,True,0
P000440,Bob Carney,Bob Carney,bob-carney,76345.0,https://cdn.nba.com/headshots/nba/latest/1040x760/76345.png,NBA CDN,candidate,manual_identity_research,,,,True,0
P000441,Bob Carrington,Bob Carrington,bob-carrington,76352.0,https://cdn.nba.com/headshots/nba/latest/1040x760/76352.png,NBA CDN,candidate,manual_identity_research,,,,True,0
P000442,Bob Christian,Bob Christian,bob-christian,76395.0,https://cdn.nba.com/headshots/nba/latest/1040x760/76395.png,NBA CDN,candidate,manual_identity_research,,,,True,0
P000443,Bob Cousy,Bob Cousy,bob-cousy-p000443,600003.0,https://cdn.nba.com/headshots/nba/latest/1040x760/600003.png,NBA CDN,candidate,manual_identity_research,,,,True,0
P000444,Bob Cousy*,Bob Cousy*,bob-cousy-p000444,600003.0,https://cdn.nba.com/headshots/nba/latest/1040x760/600003.png,NBA CDN,candidate,manual_identity_research,,,,True,0
P000445,Bob Dandridge,Bob Dandridge,bob-dandridge-p000445,76500.0,https://cdn.nba.com/headshots/nba/latest/1040x760/76500.png,NBA CDN,candidate,manual_identity_research,,,,True,0
P000446,Bob Dandridge*,Bob Dandridge*,bob-dandridge-p000446,76500.0,https://cdn.nba.com/headshots/nba/latest/1040x760/76500.png,NBA CDN,candidate,manual_identity_research,,,,True,0
P000447,Bob Davies,Bob Davies,bob-davies-p000447,76514.0,https://cdn.nba.com/headshots/nba/latest/1040x760/76514.png,NBA CDN,candidate,manual_identity_research,,,,True,0
P000448,Bob Davies*,Bob Davies*,bob-davies-p000448,76514.0,https://cdn.nba.com/headshots/nba/latest/1040x760/76514.png,NBA CDN,candidate,manual_identity_research,,,,True,0
P000449,Bob Davis,Bob Davis,bob-davis,76533.0,https://cdn.nba.com/headshots/nba/latest/1040x760/76533.png,NBA CDN,candidate,manual_identity_research,,,,True,0
P000450,Bob Donham,Bob Donham,bob-donham,76584.0,https://cdn.nba.com/headshots/nba/latest/1040x760/76584.png,NBA CDN,candidate,manual_identity_research,,,,True,0
P000451,Bob Duffy,Bob Duffy,bob-duffy,76610.0,https://cdn.nba.com/headshots/nba/latest/1040x760/76610.png,NBA CDN,verified,none,200.0,image/avif,verified,True,0
P000452,Bob Elliott,Bob Elliott,bob-elliott,76656.0,https://cdn.nba.com/headshots/nba/latest/1040x760/76656.png,NBA CDN,candidate,manual_identity_research,,,,True,0
P000453,Bob Ferry,Bob Ferry,bob-ferry,76712.0,https://cdn.nba.com/headshots/nba/latest/1040x760/76712.png,NBA CDN,candidate,manual_identity_research,,,,True,0
P000454,Bob Greacen,Bob Greacen,bob-greacen,76865.0,https://cdn.nba.com/headshots/nba/latest/1040x760/76865.png,NBA CDN,candidate,manual_identity_research,,,,True,0
P000455,Bob Gross,Bob Gross,bob-gross,76895.0,https://cdn.nba.com/headshots/nba/latest/1040x760/76895.png,NBA CDN,candidate,manual_identity_research,,,,True,0
P000456,Bob Hansen,Bob Hansen,bob-hansen,76942.0,https://cdn.nba.com/headshots/nba/latest/1040x760/76942.png,NBA CDN,candidate,manual_identity_research,,,,True,0
P000457,Bob Harris,Bob Harris,bob-harris,76959.0,https://cdn.nba.com/headshots/nba/latest/1040x760/76959.png,NBA CDN,candidate,manual_identity_research,,,,True,0
P000458,Bob Harrison,Bob Harrison,bob-harrison,76962.0,https://cdn.nba.com/headshots/nba/latest/1040x760/76962.png,NBA CDN,candidate,manual_identity_research,,,,True,0
P000459,Bob Hogsett,Bob Hogsett,bob-hogsett,77037.0,https://cdn.nba.com/headshots/nba/latest/1040x760/77037.png,NBA CDN,candidate,manual_identity_research,,,,True,0
P000460,Bob Hopkins,Bob Hopkins,bob-hopkins,77052.0,https://cdn.nba.com/headshots/nba/latest/1040x760/77052.png,NBA CDN,candidate,manual_identity_research,,,,True,0
P000461,Bob Houbregs,Bob Houbregs,bob-houbregs-p000461,77062.0,https://cdn.nba.com/headshots/nba/latest/1040x760/77062.png,NBA CDN,candidate,manual_identity_research,,,,True,0
P000462,Bob Houbregs*,Bob Houbregs*,bob-houbregs-p000462,77062.0,https://cdn.nba.com/headshots/nba/latest/1040x760/77062.png,NBA CDN,candidate,manual_identity_research,,,,True,0
P000463,Bob Kauffman,Bob Kauffman,bob-kauffman,77227.0,https://cdn.nba.com/headshots/nba/latest/1040x760/77227.png,NBA CDN,candidate,manual_identity_research,,,,True,0
P000464,Bob Knight,Bob Knight,bob-knight,77287.0,https://cdn.nba.com/headshots/nba/latest/1040x760/77287.png,NBA CDN,candidate,manual_identity_research,,,,True,0
P000465,Bob Lanier,Bob Lanier,bob-lanier-p000465,600005.0,https://cdn.nba.com/headshots/nba/latest/1040x760/600005.png,NBA CDN,candidate,manual_identity_research,,,,True,0
P000466,Bob Lanier*,Bob Lanier*,bob-lanier-p000466,600005.0,https://cdn.nba.com/headshots/nba/latest/1040x760/600005.png,NBA CDN,candidate,manual_identity_research,,,,True,0
P000467,Bob Lavoy,Bob Lavoy,bob-lavoy,77347.0,https://cdn.nba.com/headshots/nba/latest/1040x760/77347.png,NBA CDN,candidate,manual_identity_research,,,,True,0
P000468,Bob Lochmueller,Bob Lochmueller,bob-lochmueller,77397.0,https://cdn.nba.com/headshots/nba/latest/1040x760/77397.png,NBA CDN,candidate,manual_identity_research,,,,True,0
P000469,Bob Love,Bob Love,bob-love,77412.0,https://cdn.nba.com/headshots/nba/latest/1040x760/77412.png,NBA CDN,candidate,manual_identity_research,,,,True,0
P000470,Bob Martin,Bob Martin,bob-martin,77478.0,https://cdn.nba.com/headshots/nba/latest/1040x760/77478.png,NBA CDN,candidate,manual_identity_research,,,,True,0
P000471,Bob McAdoo,Bob McAdoo,bob-mcadoo-p000471,77498.0,https://cdn.nba.com/headshots/nba/latest/1040x760/77498.png,NBA CDN,candidate,manual_identity_research,,,,True,0
P000472,Bob McAdoo*,Bob McAdoo*,bob-mcadoo-p000472,77498.0,https://cdn.nba.com/headshots/nba/latest/1040x760/77498.png,NBA CDN,candidate,manual_identity_research,,,,True,0
P000473,Bob McCann,Bob McCann,bob-mccann,737.0,https://cdn.nba.com/headshots/nba/latest/1040x760/737.png,NBA CDN,candidate,manual_identity_research,,,,True,0
P000474,Bob McNeill,Bob McNeill,bob-mcneill,77562.0,https://cdn.nba.com/headshots/nba/latest/1040x760/77562.png,NBA CDN,candidate,manual_identity_research,,,,True,0
P000475,Bob Miller,Bob Miller,bob-miller,77603.0,https://cdn.nba.com/headshots/nba/latest/1040x760/77603.png,NBA CDN,candidate,manual_identity_research,,,,True,0
P000476,Bob Naber,Bob Naber,bob-naber,77681.0,https://cdn.nba.com/headshots/nba/latest/1040x760/77681.png,NBA CDN,candidate,manual_identity_research,,,,True,0
P000477,Bob Nash,Bob Nash,bob-nash,77688.0,https://cdn.nba.com/headshots/nba/latest/1040x760/77688.png,NBA CDN,candidate,manual_identity_research,,,,True,0
P000478,Bob Peterson,Bob Peterson,bob-peterson,77843.0,https://cdn.nba.com/headshots/nba/latest/1040x760/77843.png,NBA CDN,candidate,manual_identity_research,,,,True,0
P000479,Bob Pettit,Bob Pettit,bob-pettit-p000479,77847.0,https://cdn.nba.com/headshots/nba/latest/1040x760/77847.png,NBA CDN,candidate,manual_identity_research,,,,True,0
P000480,Bob Pettit*,Bob Pettit*,bob-pettit-p000480,77847.0,https://cdn.nba.com/headshots/nba/latest/1040x760/77847.png,NBA CDN,candidate,manual_identity_research,,,,True,0
P000481,Bob Portman,Bob Portman,bob-portman,77878.0,https://cdn.nba.com/headshots/nba/latest/1040x760/77878.png,NBA CDN,candidate,manual_identity_research,,,,True,0
P000482,Bob Priddy,Bob Priddy,bob-priddy,77886.0,https://cdn.nba.com/headshots/nba/latest/1040x760/77886.png,NBA CDN,candidate,manual_identity_research,,,,True,0
P000483,Bob Quick,Bob Quick,bob-quick,77892.0,https://cdn.nba.com/headshots/nba/latest/1040x760/77892.png,NBA CDN,candidate,manual_identity_research,,,,True,0
P000484,Bob Riley,Bob Riley,bob-riley,77963.0,https://cdn.nba.com/headshots/nba/latest/1040x760/77963.png,NBA CDN,candidate,manual_identity_research,,,,True,0
P000485,Bob Rule,Bob Rule,bob-rule,78042.0,https://cdn.nba.com/headshots/nba/latest/1040x760/78042.png,NBA CDN,candidate,manual_identity_research,,,,True,0
P000486,Bob Santini,Bob Santini,bob-santini,78061.0,https://cdn.nba.com/headshots/nba/latest/1040x760/78061.png,NBA CDN,candidate,manual_identity_research,,,,True,0
P000487,Bob Schafer,Bob Schafer,bob-schafer,78072.0,https://cdn.nba.com/headshots/nba/latest/1040x760/78072.png,NBA CDN,candidate,manual_identity_research,,,,True,0
P000488,Bob Sims,Bob Sims,bob-sims,78160.0,https://cdn.nba.com/headshots/nba/latest/1040x760/78160.png,NBA CDN,candidate,manual_identity_research,,,,True,0
P000489,Bob Sura,Bob Sura,bob-sura,682.0,https://cdn.nba.com/headshots/nba/latest/1040x760/682.png,NBA CDN,candidate,manual_identity_research,,,,True,0
P000490,Bob Thornton,Bob Thornton,bob-thornton,738.0,https://cdn.nba.com/headshots/nba/latest/1040x760/738.png,NBA CDN,candidate,manual_identity_research,,,,True,0
P000491,Bob Verga,Bob Verga,bob-verga,78413.0,https://cdn.nba.com/headshots/nba/latest/1040x760/78413.png,NBA CDN,candidate,manual_identity_research,,,,True,0
P000492,Bob Warlick,Bob Warlick,bob-warlick,78459.0,https://cdn.nba.com/headshots/nba/latest/1040x760/78459.png,NBA CDN,candidate,manual_identity_research,,,,True,0
P000493,Bob Weiss,Bob Weiss,bob-weiss,78485.0,https://cdn.nba.com/headshots/nba/latest/1040x760/78485.png,NBA CDN,candidate,manual_identity_research,,,,True,0
P000494,Bob Wiesenhahn,Bob Wiesenhahn,bob-wiesenhahn,78522.0,https://cdn.nba.com/headshots/nba/latest/1040x760/78522.png,NBA CDN,candidate,manual_identity_research,,,,True,0
P000495,Bob Wilkerson,Bob Wilkerson,bob-wilkerson,78531.0,https://cdn.nba.com/headshots/nba/latest/1040x760/78531.png,NBA CDN,candidate,manual_identity_research,,,,True,0
P000496,Bob Williams,Bob Williams,bob-williams,78564.0,https://cdn.nba.com/headshots/nba/latest/1040x760/78564.png,NBA CDN,candidate,manual_identity_research,,,,True,0
P000497,Bob Wilson,Bob Wilson,bob-wilson,78586.0,https://cdn.nba.com/headshots/nba/latest/1040x760/78586.png,NBA CDN,candidate,manual_identity_research,,,,True,0
P000498,Boban Marjanović,Boban Marjanović,boban-marjanovi,1626246.0,https://cdn.nba.com/headshots/nba/latest/1040x760/1626246.png,NBA CDN,candidate,manual_identity_research,,,,True,0
P000499,Bobby Brown,Bobby Brown,bobby-brown,201628.0,https://cdn.nba.com/headshots/nba/latest/1040x760/201628.png,NBA CDN,candidate,manual_identity_research,,,,True,0
P000500,Bobby Cattage,Bobby Cattage,bobby-cattage,76368.0,https://cdn.nba.com/headshots/nba/latest/1040x760/76368.png,NBA CDN,candidate,manual_identity_research,,,,True,0
P000501,Bobby Hurley,Bobby Hurley,bobby-hurley,310.0,https://cdn.nba.com/headshots/nba/latest/1040x760/310.png,NBA CDN,candidate,manual_identity_research,,,,True,0
P000502,Bobby Jackson,Bobby Jackson,bobby-jackson,1517.0,https://cdn.nba.com/headshots/nba/latest/1040x760/1517.png,NBA CDN,candidate,manual_identity_research,,,,True,0
P000503,Bobby Jones,Bobby Jones,bobby-jones-p000503,,,,manual_identity_review,manual_identity_research,,,,True,0
P000504,Bobby Jones*,Bobby Jones*,bobby-jones-p000504,77193.0,https://cdn.nba.com/headshots/nba/latest/1040x760/77193.png,NBA CDN,verified,none,200.0,image/avif,verified,True,0
P000505,Bobby Lewis,Bobby Lewis,bobby-lewis,77385.0,https://cdn.nba.com/headshots/nba/latest/1040x760/77385.png,NBA CDN,candidate,manual_identity_research,,,,True,0
P000506,Bobby Phills,Bobby Phills,bobby-phills,184.0,https://cdn.nba.com/headshots/nba/latest/1040x760/184.png,NBA CDN,candidate,manual_identity_research,,,,True,0
P000507,Bobby Portis,Bobby Portis,bobby-portis,1626171.0,https://cdn.nba.com/headshots/nba/latest/1040x760/1626171.png,NBA CDN,verified,none,200.0,image/avif,verified,True,0
P000508,Bobby Simmons,Bobby Simmons,bobby-simmons,2250.0,https://cdn.nba.com/headshots/nba/latest/1040x760/2250.png,NBA CDN,candidate,manual_identity_research,,,,True,0
P000509,Bobby Smith,Bobby Smith,bobby-smith,78203.0,https://cdn.nba.com/headshots/nba/latest/1040x760/78203.png,NBA CDN,candidate,manual_identity_research,,,,True,0
P000510,Bobby Wanzer,Bobby Wanzer,bobby-wanzer-p000510,78453.0,https://cdn.nba.com/headshots/nba/latest/1040x760/78453.png,NBA CDN,candidate,manual_identity_research,,,,True,0
P000511,Bobby Wanzer*,Bobby Wanzer*,bobby-wanzer-p000511,78453.0,https://cdn.nba.com/headshots/nba/latest/1040x760/78453.png,NBA CDN,candidate,manual_identity_research,,,,True,0
P000512,Bobby Washington,Bobby Washington,bobby-washington,78469.0,https://cdn.nba.com/headshots/nba/latest/1040x760/78469.png,NBA CDN,candidate,manual_identity_research,,,,True,0
P000513,Bobby Watson,Bobby Watson,bobby-watson,,,,manual_identity_review,manual_identity_research,,,,True,0
P000514,Bobby Wilson,Bobby Wilson,bobby-wilson,78585.0,https://cdn.nba.com/headshots/nba/latest/1040x760/78585.png,NBA CDN,candidate,manual_identity_research,,,,True,0
P000515,Bobi Klintman,Bobi Klintman,bobi-klintman,1641752.0,https://cdn.nba.com/headshots/nba/latest/1040x760/1641752.png,NBA CDN,candidate,manual_identity_research,,,,True,0
P000516,Bogdan Bogdanović,Bogdan Bogdanović,bogdan-bogdanovi,203992.0,https://cdn.nba.com/headshots/nba/latest/1040x760/203992.png,NBA CDN,candidate,manual_identity_research,,,,True,0
P000517,Bojan Bogdanović,Bojan Bogdanović,bojan-bogdanovi,202711.0,https://cdn.nba.com/headshots/nba/latest/1040x760/202711.png,NBA CDN,candidate,manual_identity_research,,,,True,0
P000518,Bol Bol,Bol Bol,bol-bol,1629626.0,https://cdn.nba.com/headshots/nba/latest/1040x760/1629626.png,NBA CDN,candidate,manual_identity_research,,,,True,0
P000519,Bones Hyland,Bones Hyland,bones-hyland,1630538.0,https://cdn.nba.com/headshots/nba/latest/1040x760/1630538.png,NBA CDN,candidate,manual_identity_research,,,,True,0
P000520,Bones McKinney,Bones McKinney,bones-mckinney,,,,manual_identity_review,manual_identity_research,,,,True,0
P000521,Boniface N'Dong,Boniface N'Dong,boniface-n-dong,101238.0,https://cdn.nba.com/headshots/nba/latest/1040x760/101238.png,NBA CDN,verified,none,200.0,image/avif,verified,True,0
P000522,Bonzi Wells,Bonzi Wells,bonzi-wells,1719.0,https://cdn.nba.com/headshots/nba/latest/1040x760/1719.png,NBA CDN,candidate,manual_identity_research,,,,True,0
P000523,Bonzie Colson,Bonzie Colson,bonzie-colson,1629045.0,https://cdn.nba.com/headshots/nba/latest/1040x760/1629045.png,NBA CDN,candidate,manual_identity_research,,,,True,0
P000524,Boo Ellis,Boo Ellis,boo-ellis,,,,manual_identity_review,manual_identity_research,,,,True,0
P000525,Boris Diaw,Boris Diaw,boris-diaw,2564.0,https://cdn.nba.com/headshots/nba/latest/1040x760/2564.png,NBA CDN,candidate,manual_identity_research,,,,True,0
P000526,Boris Nachamkin,Boris Nachamkin,boris-nachamkin,77682.0,https://cdn.nba.com/headshots/nba/latest/1040x760/77682.png,NBA CDN,candidate,manual_identity_research,,,,True,0
P000527,Boštjan Nachbar,Boštjan Nachbar,bo-tjan-nachbar,2411.0,https://cdn.nba.com/headshots/nba/latest/1040x760/2411.png,NBA CDN,candidate,manual_identity_research,,,,True,0
P000528,Bracey Wright,Bracey Wright,bracey-wright,101152.0,https://cdn.nba.com/headshots/nba/latest/1040x760/101152.png,NBA CDN,candidate,manual_identity_research,,,,True,0
P000529,Brad Branson,Brad Branson,brad-branson,76239.0,https://cdn.nba.com/headshots/nba/latest/1040x760/76239.png,NBA CDN,candidate,manual_identity_research,,,,True,0
P000530,Brad Daugherty,Brad Daugherty,brad-daugherty,921.0,https://cdn.nba.com/headshots/nba/latest/1040x760/921.png,NBA CDN,candidate,manual_identity_research,,,,True,0
P000531,Brad Davis,Brad Davis,brad-davis,76516.0,https://cdn.nba.com/headshots/nba/latest/1040x760/76516.png,NBA CDN,candidate,manual_identity_research,,,,True,0
P000532,Brad Holland,Brad Holland,brad-holland,77040.0,https://cdn.nba.com/headshots/nba/latest/1040x760/77040.png,NBA CDN,candidate,manual_identity_research,,,,True,0
P000533,Brad Lohaus,Brad Lohaus,brad-lohaus,38.0,https://cdn.nba.com/headshots/nba/latest/1040x760/38.png,NBA CDN,candidate,manual_identity_research,,,,True,0
P000534,Brad Miller,Brad Miller,brad-miller,1802.0,https://cdn.nba.com/headshots/nba/latest/1040x760/1802.png,NBA CDN,candidate,manual_identity_research,,,,True,0
P000535,Brad Sellers,Brad Sellers,brad-sellers,78110.0,https://cdn.nba.com/headshots/nba/latest/1040x760/78110.png,NBA CDN,candidate,manual_identity_research,,,,True,0
P000536,Brad Wanamaker,Brad Wanamaker,brad-wanamaker,202954.0,https://cdn.nba.com/headshots/nba/latest/1040x760/202954.png,NBA CDN,candidate,manual_identity_research,,,,True,0
P000537,Brad Wright,Brad Wright,brad-wright,78620.0,https://cdn.nba.com/headshots/nba/latest/1040x760/78620.png,NBA CDN,candidate,manual_identity_research,,,,True,0
P000538,Bradley Beal,Bradley Beal,bradley-beal,203078.0,https://cdn.nba.com/headshots/nba/latest/1040x760/203078.png,NBA CDN,candidate,manual_identity_research,,,,True,0
P000539,Brady Walker,Brady Walker,brady-walker,78434.0,https://cdn.nba.com/headshots/nba/latest/1040x760/78434.png,NBA CDN,candidate,manual_identity_research,,,,True,0
P000540,Brandan Wright,Brandan Wright,brandan-wright,201148.0,https://cdn.nba.com/headshots/nba/latest/1040x760/201148.png,NBA CDN,candidate,manual_identity_research,,,,True,0
P000541,Branden Carlson,Branden Carlson,branden-carlson,1642382.0,https://cdn.nba.com/headshots/nba/latest/1040x760/1642382.png,NBA CDN,candidate,manual_identity_research,,,,True,0
P000542,Branden Dawson,Branden Dawson,branden-dawson,1626183.0,https://cdn.nba.com/headshots/nba/latest/1040x760/1626183.png,NBA CDN,candidate,manual_identity_research,,,,True,0
P000543,Brandin Knight,Brandin Knight,brandin-knight,2688.0,https://cdn.nba.com/headshots/nba/latest/1040x760/2688.png,NBA CDN,candidate,manual_identity_research,,,,True,0
P000544,Brandin Podziemski,Brandin Podziemski,brandin-podziemski,1641764.0,https://cdn.nba.com/headshots/nba/latest/1040x760/1641764.png,NBA CDN,candidate,manual_identity_research,,,,True,0
P000545,Brandon Armstrong,Brandon Armstrong,brandon-armstrong,2220.0,https://cdn.nba.com/headshots/nba/latest/1040x760/2220.png,NBA CDN,candidate,manual_identity_research,,,,True,0
P000546,Brandon Bass,Brandon Bass,brandon-bass,101138.0,https://cdn.nba.com/headshots/nba/latest/1040x760/101138.png,NBA CDN,candidate,manual_identity_research,,,,True,0
P000547,Brandon Boston Jr.,Brandon Boston Jr.,brandon-boston-jr,1630527.0,https://cdn.nba.com/headshots/nba/latest/1040x760/1630527.png,NBA CDN,candidate,manual_identity_research,,,,True,0
P000548,Brandon Clarke,Brandon Clarke,brandon-clarke,1629634.0,https://cdn.nba.com/headshots/nba/latest/1040x760/1629634.png,NBA CDN,candidate,manual_identity_research,,,,True,0
P000549,Brandon Davies,Brandon Davies,brandon-davies,203561.0,https://cdn.nba.com/headshots/nba/latest/1040x760/203561.png,NBA CDN,candidate,manual_identity_research,,,,True,0
P000550,Brandon Goodwin,Brandon Goodwin,brandon-goodwin,1629164.0,https://cdn.nba.com/headshots/nba/latest/1040x760/1629164.png,NBA CDN,candidate,manual_identity_research,,,,True,0
P000551,Brandon Hunter,Brandon Hunter,brandon-hunter,2599.0,https://cdn.nba.com/headshots/nba/latest/1040x760/2599.png,NBA CDN,candidate,manual_identity_research,,,,True,0
P000552,Brandon Ingram,Brandon Ingram,brandon-ingram,1627742.0,https://cdn.nba.com/headshots/nba/latest/1040x760/1627742.png,NBA CDN,candidate,manual_identity_research,,,,True,0
P000553,Brandon Jennings,Brandon Jennings,brandon-jennings,201943.0,https://cdn.nba.com/headshots/nba/latest/1040x760/201943.png,NBA CDN,candidate,manual_identity_research,,,,True,0
P000554,Brandon Knight,Brandon Knight,brandon-knight,202688.0,https://cdn.nba.com/headshots/nba/latest/1040x760/202688.png,NBA CDN,candidate,manual_identity_research,,,,True,0
P000555,Brandon Miller,Brandon Miller,brandon-miller,1641706.0,https://cdn.nba.com/headshots/nba/latest/1040x760/1641706.png,NBA CDN,candidate,manual_identity_research,,,,True,0
P000556,Brandon Paul,Brandon Paul,brandon-paul,203464.0,https://cdn.nba.com/headshots/nba/latest/1040x760/203464.png,NBA CDN,candidate,manual_identity_research,,,,True,0
P000557,Brandon Roy,Brandon Roy,brandon-roy,200750.0,https://cdn.nba.com/headshots/nba/latest/1040x760/200750.png,NBA CDN,candidate,manual_identity_research,,,,True,0
P000558,Brandon Rush,Brandon Rush,brandon-rush,201575.0,https://cdn.nba.com/headshots/nba/latest/1040x760/201575.png,NBA CDN,candidate,manual_identity_research,,,,True,0
P000559,Brandon Sampson,Brandon Sampson,brandon-sampson,1629102.0,https://cdn.nba.com/headshots/nba/latest/1040x760/1629102.png,NBA CDN,candidate,manual_identity_research,,,,True,0
P000560,Brandon Williams,Brandon Williams,brandon-williams,,,,manual_identity_review,manual_identity_research,,,,True,0
P000561,Brant Weidner,Brant Weidner,brant-weidner,78484.0,https://cdn.nba.com/headshots/nba/latest/1040x760/78484.png,NBA CDN,candidate,manual_identity_research,,,,True,0
P000562,Braxton Key,Braxton Key,braxton-key,1630296.0,https://cdn.nba.com/headshots/nba/latest/1040x760/1630296.png,NBA CDN,candidate,manual_identity_research,,,,True,0
P000563,Brendan Haywood,Brendan Haywood,brendan-haywood,2217.0,https://cdn.nba.com/headshots/nba/latest/1040x760/2217.png,NBA CDN,candidate,manual_identity_research,,,,True,0
P000564,Brendan McCann,Brendan McCann,brendan-mccann,77500.0,https://cdn.nba.com/headshots/nba/latest/1040x760/77500.png,NBA CDN,candidate,manual_identity_research,,,,True,0
P000565,Brent Barry,Brent Barry,brent-barry,699.0,https://cdn.nba.com/headshots/nba/latest/1040x760/699.png,NBA CDN,candidate,manual_identity_research,,,,True,0
P000566,Brent Price,Brent Price,brent-price,85.0,https://cdn.nba.com/headshots/nba/latest/1040x760/85.png,NBA CDN,candidate,manual_identity_research,,,,True,0
P000567,Brent Scott,Brent Scott,brent-scott,1064.0,https://cdn.nba.com/headshots/nba/latest/1040x760/1064.png,NBA CDN,candidate,manual_identity_research,,,,True,0
P000568,Brett Szabo,Brett Szabo,brett-szabo,1136.0,https://cdn.nba.com/headshots/nba/latest/1040x760/1136.png,NBA CDN,candidate,manual_identity_research,,,,True,0
P000569,Brett Vroman,Brett Vroman,brett-vroman,78425.0,https://cdn.nba.com/headshots/nba/latest/1040x760/78425.png,NBA CDN,candidate,manual_identity_research,,,,True,0
P000570,Brevin Knight,Brevin Knight,brevin-knight,1510.0,https://cdn.nba.com/headshots/nba/latest/1040x760/1510.png,NBA CDN,candidate,manual_identity_research,,,,True,0
P000571,Brian Bowen,Brian Bowen,brian-bowen,1628968.0,https://cdn.nba.com/headshots/nba/latest/1040x760/1628968.png,NBA CDN,verified,none,200.0,image/webp,verified,True,0
P000572,Brian Cardinal,Brian Cardinal,brian-cardinal,2073.0,https://cdn.nba.com/headshots/nba/latest/1040x760/2073.png,NBA CDN,candidate,manual_identity_research,,,,True,0
P000573,Brian Cook,Brian Cook,brian-cook,2567.0,https://cdn.nba.com/headshots/nba/latest/1040x760/2567.png,NBA CDN,candidate,manual_identity_research,,,,True,0
P000574,Brian Davis,Brian Davis,brian-davis,76517.0,https://cdn.nba.com/headshots/nba/latest/1040x760/76517.png,NBA CDN,candidate,manual_identity_research,,,,True,0
P000575,Brian Evans,Brian Evans,brian-evans,967.0,https://cdn.nba.com/headshots/nba/latest/1040x760/967.png,NBA CDN,candidate,manual_identity_research,,,,True,0
P000576,Brian Grant,Brian Grant,brian-grant,258.0,https://cdn.nba.com/headshots/nba/latest/1040x760/258.png,NBA CDN,candidate,manual_identity_research,,,,True,0
P000577,Brian Heaney,Brian Heaney,brian-heaney,76984.0,https://cdn.nba.com/headshots/nba/latest/1040x760/76984.png,NBA CDN,candidate,manual_identity_research,,,,True,0
P000578,Brian Howard,Brian Howard,brian-howard,77065.0,https://cdn.nba.com/headshots/nba/latest/1040x760/77065.png,NBA CDN,candidate,manual_identity_research,,,,True,0
P000579,Brian Martin,Brian Martin,brian-martin,77469.0,https://cdn.nba.com/headshots/nba/latest/1040x760/77469.png,NBA CDN,candidate,manual_identity_research,,,,True,0
P000580,Brian Oliver,Brian Oliver,brian-oliver,1680.0,https://cdn.nba.com/headshots/nba/latest/1040x760/1680.png,NBA CDN,candidate,manual_identity_research,,,,True,0
P000581,Brian Quinnett,Brian Quinnett,brian-quinnett,77893.0,https://cdn.nba.com/headshots/nba/latest/1040x760/77893.png,NBA CDN,candidate,manual_identity_research,,,,True,0
P000582,Brian Roberts,Brian Roberts,brian-roberts,203148.0,https://cdn.nba.com/headshots/nba/latest/1040x760/203148.png,NBA CDN,candidate,manual_identity_research,,,,True,0
P000583,Brian Rowsom,Brian Rowsom,brian-rowsom,78031.0,https://cdn.nba.com/headshots/nba/latest/1040x760/78031.png,NBA CDN,candidate,manual_identity_research,,,,True,0
P000584,Brian Scalabrine,Brian Scalabrine,brian-scalabrine,2243.0,https://cdn.nba.com/headshots/nba/latest/1040x760/2243.png,NBA CDN,candidate,manual_identity_research,,,,True,0
P000585,Brian Shaw,Brian Shaw,brian-shaw,216.0,https://cdn.nba.com/headshots/nba/latest/1040x760/216.png,NBA CDN,candidate,manual_identity_research,,,,True,0
P000586,Brian Skinner,Brian Skinner,brian-skinner,1730.0,https://cdn.nba.com/headshots/nba/latest/1040x760/1730.png,NBA CDN,candidate,manual_identity_research,,,,True,0
P000587,Brian Taylor,Brian Taylor,brian-taylor,78296.0,https://cdn.nba.com/headshots/nba/latest/1040x760/78296.png,NBA CDN,candidate,manual_identity_research,,,,True,0
P000588,Brian Winters,Brian Winters,brian-winters,78600.0,https://cdn.nba.com/headshots/nba/latest/1040x760/78600.png,NBA CDN,candidate,manual_identity_research,,,,True,0
P000589,Briante Weber,Briante Weber,briante-weber,1627362.0,https://cdn.nba.com/headshots/nba/latest/1040x760/1627362.png,NBA CDN,candidate,manual_identity_research,,,,True,0
P000590,Brice Johnson,Brice Johnson,brice-johnson,1627744.0,https://cdn.nba.com/headshots/nba/latest/1040x760/1627744.png,NBA CDN,candidate,manual_identity_research,,,,True,0
P000591,Brice Sensabaugh,Brice Sensabaugh,brice-sensabaugh,1641729.0,https://cdn.nba.com/headshots/nba/latest/1040x760/1641729.png,NBA CDN,candidate,manual_identity_research,,,,True,0
P000592,Britton Johnsen,Britton Johnsen,britton-johnsen,2639.0,https://cdn.nba.com/headshots/nba/latest/1040x760/2639.png,NBA CDN,candidate,manual_identity_research,,,,True,0
P000593,Brodric Thomas,Brodric Thomas,brodric-thomas,1630271.0,https://cdn.nba.com/headshots/nba/latest/1040x760/1630271.png,NBA CDN,candidate,manual_identity_research,,,,True,0
P000594,Bronny James,Bronny James,bronny-james,1642355.0,https://cdn.nba.com/headshots/nba/latest/1040x760/1642355.png,NBA CDN,candidate,manual_identity_research,,,,True,0
P000595,Brook Lopez,Brook Lopez,brook-lopez,201572.0,https://cdn.nba.com/headshots/nba/latest/1040x760/201572.png,NBA CDN,candidate,manual_identity_research,,,,True,0
P000596,Brook Steppe,Brook Steppe,brook-steppe,78250.0,https://cdn.nba.com/headshots/nba/latest/1040x760/78250.png,NBA CDN,candidate,manual_identity_research,,,,True,0
P000597,Brooks Barnhizer,Brooks Barnhizer,brooks-barnhizer,1642964.0,https://cdn.nba.com/headshots/nba/latest/1040x760/1642964.png,NBA CDN,candidate,manual_identity_research,,,,True,0
P000598,Brooks Thompson,Brooks Thompson,brooks-thompson,240.0,https://cdn.nba.com/headshots/nba/latest/1040x760/240.png,NBA CDN,candidate,manual_identity_research,,,,True,0
P000599,Bruce Bowen,Bruce Bowen,bruce-bowen,1477.0,https://cdn.nba.com/headshots/nba/latest/1040x760/1477.png,NBA CDN,candidate,manual_identity_research,,,,True,0
P000600,Bruce Brown,Bruce Brown,bruce-brown,1628971.0,https://cdn.nba.com/headshots/nba/latest/1040x760/1628971.png,NBA CDN,candidate,manual_identity_research,,,,True,0
P000601,Bruce Douglas,Bruce Douglas,bruce-douglas,76588.0,https://cdn.nba.com/headshots/nba/latest/1040x760/76588.png,NBA CDN,candidate,manual_identity_research,,,,True,0
P000602,Bruce Flowers,Bruce Flowers,bruce-flowers,76725.0,https://cdn.nba.com/headshots/nba/latest/1040x760/76725.png,NBA CDN,candidate,manual_identity_research,,,,True,0
P000603,Bruce Kuczenski,Bruce Kuczenski,bruce-kuczenski,77318.0,https://cdn.nba.com/headshots/nba/latest/1040x760/77318.png,NBA CDN,candidate,manual_identity_research,,,,True,0
P000604,Bruce Seals,Bruce Seals,bruce-seals,78103.0,https://cdn.nba.com/headshots/nba/latest/1040x760/78103.png,NBA CDN,candidate,manual_identity_research,,,,True,0
P000605,Bruno Caboclo,Bruno Caboclo,bruno-caboclo,203998.0,https://cdn.nba.com/headshots/nba/latest/1040x760/203998.png,NBA CDN,candidate,manual_identity_research,,,,True,0
P000606,Bruno Fernando,Bruno Fernando,bruno-fernando,1628981.0,https://cdn.nba.com/headshots/nba/latest/1040x760/1628981.png,NBA CDN,candidate,manual_identity_research,,,,True,0
P000607,Bruno Šundov,Bruno Šundov,bruno-undov,1743.0,https://cdn.nba.com/headshots/nba/latest/1040x760/1743.png,NBA CDN,candidate,manual_identity_research,,,,True,0
P000608,Bryan Warrick,Bryan Warrick,bryan-warrick,78462.0,https://cdn.nba.com/headshots/nba/latest/1040x760/78462.png,NBA CDN,candidate,manual_identity_research,,,,True,0
P000609,Bryant Reeves,Bryant Reeves,bryant-reeves,735.0,https://cdn.nba.com/headshots/nba/latest/1040x760/735.png,NBA CDN,candidate,manual_identity_research,,,,True,0
P000610,Bryant Stith,Bryant Stith,bryant-stith,179.0,https://cdn.nba.com/headshots/nba/latest/1040x760/179.png,NBA CDN,candidate,manual_identity_research,,,,True,0
P000611,Bryce Cotton,Bryce Cotton,bryce-cotton,203955.0,https://cdn.nba.com/headshots/nba/latest/1040x760/203955.png,NBA CDN,candidate,manual_identity_research,,,,True,0
P000612,Bryce Dejean-Jones,Bryce Dejean-Jones,bryce-dejean-jones,1626214.0,https://cdn.nba.com/headshots/nba/latest/1040x760/1626214.png,NBA CDN,candidate,manual_identity_research,,,,True,0
P000613,Bryce Drew,Bryce Drew,bryce-drew,1724.0,https://cdn.nba.com/headshots/nba/latest/1040x760/1724.png,NBA CDN,candidate,manual_identity_research,,,,True,0
P000614,Bryce McGowens,Bryce McGowens,bryce-mcgowens,1631121.0,https://cdn.nba.com/headshots/nba/latest/1040x760/1631121.png,NBA CDN,candidate,manual_identity_research,,,,True,0
P000615,Bryn Forbes,Bryn Forbes,bryn-forbes,1627854.0,https://cdn.nba.com/headshots/nba/latest/1040x760/1627854.png,NBA CDN,candidate,manual_identity_research,,,,True,0
P000616,Bryon Russell,Bryon Russell,bryon-russell,935.0,https://cdn.nba.com/headshots/nba/latest/1040x760/935.png,NBA CDN,candidate,manual_identity_research,,,,True,0
P000617,Bub Carrington,Bub Carrington,bub-carrington,1642267.0,https://cdn.nba.com/headshots/nba/latest/1040x760/1642267.png,NBA CDN,candidate,manual_identity_research,,,,True,0
P000618,Bubba Wells,Bubba Wells,bubba-wells,1528.0,https://cdn.nba.com/headshots/nba/latest/1040x760/1528.png,NBA CDN,candidate,manual_identity_research,,,,True,0
P000619,Bubba Wilson,Bubba Wilson,bubba-wilson,,,,manual_identity_review,manual_identity_research,,,,True,0
P000620,Bubbles Hawkins,Bubbles Hawkins,bubbles-hawkins,,,,manual_identity_review,manual_identity_research,,,,True,0
P000621,Buck Johnson,Buck Johnson,buck-johnson,77130.0,https://cdn.nba.com/headshots/nba/latest/1040x760/77130.png,NBA CDN,candidate,manual_identity_research,,,,True,0
P000622,Buck Williams,Buck Williams,buck-williams,433.0,https://cdn.nba.com/headshots/nba/latest/1040x760/433.png,NBA CDN,candidate,manual_identity_research,,,,True,0
P000623,Bucky Bockhorn,Bucky Bockhorn,bucky-bockhorn,,,,manual_identity_review,manual_identity_research,,,,True,0
P000624,Bucky McConnell,Bucky McConnell,bucky-mcconnell,,,,manual_identity_review,manual_identity_research,,,,True,0
P000625,Bud Acton,Bud Acton,bud-acton,,,,manual_identity_review,manual_identity_research,,,,True,0
P000626,Bud Koper,Bud Koper,bud-koper,77299.0,https://cdn.nba.com/headshots/nba/latest/1040x760/77299.png,NBA CDN,candidate,manual_identity_research,,,,True,0
P000627,Bud Ogden,Bud Ogden,bud-ogden,,,,manual_identity_review,manual_identity_research,,,,True,0
P000628,Bud Olsen,Bud Olsen,bud-olsen,,,,manual_identity_review,manual_identity_research,,,,True,0
P000629,Bud Stallworth,Bud Stallworth,bud-stallworth,,,,manual_identity_review,manual_identity_research,,,,True,0
P000630,Buddy Boeheim,Buddy Boeheim,buddy-boeheim,1631205.0,https://cdn.nba.com/headshots/nba/latest/1040x760/1631205.png,NBA CDN,candidate,manual_identity_research,,,,True,0
P000631,Buddy Hield,Buddy Hield,buddy-hield,1627741.0,https://cdn.nba.com/headshots/nba/latest/1040x760/1627741.png,NBA CDN,candidate,manual_identity_research,,,,True,0
P000632,Butch Beard,Butch Beard,butch-beard,76130.0,https://cdn.nba.com/headshots/nba/latest/1040x760/76130.png,NBA CDN,candidate,manual_identity_research,,,,True,0
P000633,Butch Carter,Butch Carter,butch-carter,76355.0,https://cdn.nba.com/headshots/nba/latest/1040x760/76355.png,NBA CDN,candidate,manual_identity_research,,,,True,0
P000634,Butch Feher,Butch Feher,butch-feher,76699.0,https://cdn.nba.com/headshots/nba/latest/1040x760/76699.png,NBA CDN,candidate,manual_identity_research,,,,True,0
P000635,Butch Graves,Butch Graves,butch-graves,76855.0,https://cdn.nba.com/headshots/nba/latest/1040x760/76855.png,NBA CDN,candidate,manual_identity_research,,,,True,0
P000636,Butch Lee,Butch Lee,butch-lee,77356.0,https://cdn.nba.com/headshots/nba/latest/1040x760/77356.png,NBA CDN,candidate,manual_identity_research,,,,True,0
P000637,Byron Beck,Byron Beck,byron-beck,76134.0,https://cdn.nba.com/headshots/nba/latest/1040x760/76134.png,NBA CDN,candidate,manual_identity_research,,,,True,0
P000638,Byron Dinkins,Byron Dinkins,byron-dinkins,76574.0,https://cdn.nba.com/headshots/nba/latest/1040x760/76574.png,NBA CDN,candidate,manual_identity_research,,,,True,0
P000639,Byron Houston,Byron Houston,byron-houston,780.0,https://cdn.nba.com/headshots/nba/latest/1040x760/780.png,NBA CDN,candidate,manual_identity_research,,,,True,0
P000640,Byron Irvin,Byron Irvin,byron-irvin,77096.0,https://cdn.nba.com/headshots/nba/latest/1040x760/77096.png,NBA CDN,candidate,manual_identity_research,,,,True,0
P000641,Byron Mullens,Byron Mullens,byron-mullens,201957.0,https://cdn.nba.com/headshots/nba/latest/1040x760/201957.png,NBA CDN,candidate,manual_identity_research,,,,True,0
P000642,Byron Scott,Byron Scott,byron-scott,2.0,https://cdn.nba.com/headshots/nba/latest/1040x760/2.png,NBA CDN,candidate,manual_identity_research,,,,True,0
P000643,C.J. Kupec,C.J. Kupec,c-j-kupec,,,,manual_identity_review,manual_identity_research,,,,True,0
P000644,C.J. Miles,C.J. Miles,c-j-miles,101139.0,https://cdn.nba.com/headshots/nba/latest/1040x760/101139.png,NBA CDN,verified,none,200.0,image/webp,verified,True,0
P000645,C.J. Watson,C.J. Watson,c-j-watson,201228.0,https://cdn.nba.com/headshots/nba/latest/1040x760/201228.png,NBA CDN,candidate,manual_identity_research,,,,True,0
P000646,C.J. Wilcox,C.J. Wilcox,c-j-wilcox,203912.0,https://cdn.nba.com/headshots/nba/latest/1040x760/203912.png,NBA CDN,candidate,manual_identity_research,,,,True,0
P000647,C.J. Williams,C.J. Williams,c-j-williams,203710.0,https://cdn.nba.com/headshots/nba/latest/1040x760/203710.png,NBA CDN,candidate,manual_identity_research,,,,True,0
P000648,CJ Elleby,CJ Elleby,cj-elleby,1629604.0,https://cdn.nba.com/headshots/nba/latest/1040x760/1629604.png,NBA CDN,candidate,manual_identity_research,,,,True,0
P000649,CJ Huntley,CJ Huntley,cj-huntley,1643047.0,https://cdn.nba.com/headshots/nba/latest/1040x760/1643047.png,NBA CDN,candidate,manual_identity_research,,,,True,0
P000650,CJ McCollum,CJ McCollum,cj-mccollum,203468.0,https://cdn.nba.com/headshots/nba/latest/1040x760/203468.png,NBA CDN,candidate,manual_identity_research,,,,True,0
P000651,Cade Cunningham,Cade Cunningham,cade-cunningham,1630595.0,https://cdn.nba.com/headshots/nba/latest/1040x760/1630595.png,NBA CDN,candidate,manual_identity_research,,,,True,0
P000652,Cal Bowdler,Cal Bowdler,cal-bowdler,1898.0,https://cdn.nba.com/headshots/nba/latest/1040x760/1898.png,NBA CDN,candidate,manual_identity_research,,,,True,0
P000653,Cal Christensen,Cal Christensen,cal-christensen,76394.0,https://cdn.nba.com/headshots/nba/latest/1040x760/76394.png,NBA CDN,candidate,manual_identity_research,,,,True,0
P000654,Cal Ramsey,Cal Ramsey,cal-ramsey,77906.0,https://cdn.nba.com/headshots/nba/latest/1040x760/77906.png,NBA CDN,candidate,manual_identity_research,,,,True,0
P000655,Calbert Cheaney,Calbert Cheaney,calbert-cheaney,384.0,https://cdn.nba.com/headshots/nba/latest/1040x760/384.png,NBA CDN,candidate,manual_identity_research,,,,True,0
P000656,Caldwell Jones,Caldwell Jones,caldwell-jones,77175.0,https://cdn.nba.com/headshots/nba/latest/1040x760/77175.png,NBA CDN,candidate,manual_identity_research,,,,True,0
P000657,Caleb Houstan,Caleb Houstan,caleb-houstan,1631216.0,https://cdn.nba.com/headshots/nba/latest/1040x760/1631216.png,NBA CDN,candidate,manual_identity_research,,,,True,0
P000658,Caleb Love,Caleb Love,caleb-love,1631126.0,https://cdn.nba.com/headshots/nba/latest/1040x760/1631126.png,NBA CDN,candidate,manual_identity_research,,,,True,0
P000659,Caleb Martin,Caleb Martin,caleb-martin,1628997.0,https://cdn.nba.com/headshots/nba/latest/1040x760/1628997.png,NBA CDN,candidate,manual_identity_research,,,,True,0
P000660,Caleb Swanigan,Caleb Swanigan,caleb-swanigan,1628403.0,https://cdn.nba.com/headshots/nba/latest/1040x760/1628403.png,NBA CDN,candidate,manual_identity_research,,,,True,0
P000661,Calvin Booth,Calvin Booth,calvin-booth,1916.0,https://cdn.nba.com/headshots/nba/latest/1040x760/1916.png,NBA CDN,candidate,manual_identity_research,,,,True,0
P000662,Calvin Garrett,Calvin Garrett,calvin-garrett,76786.0,https://cdn.nba.com/headshots/nba/latest/1040x760/76786.png,NBA CDN,candidate,manual_identity_research,,,,True,0
P000663,Calvin Murphy,Calvin Murphy,calvin-murphy-p000663,77669.0,https://cdn.nba.com/headshots/nba/latest/1040x760/77669.png,NBA CDN,candidate,manual_identity_research,,,,True,0
P000664,Calvin Murphy*,Calvin Murphy*,calvin-murphy-p000664,77669.0,https://cdn.nba.com/headshots/nba/latest/1040x760/77669.png,NBA CDN,candidate,manual_identity_research,,,,True,0
P000665,Calvin Natt,Calvin Natt,calvin-natt,77691.0,https://cdn.nba.com/headshots/nba/latest/1040x760/77691.png,NBA CDN,candidate,manual_identity_research,,,,True,0
P000666,Cam Christie,Cam Christie,cam-christie,1642353.0,https://cdn.nba.com/headshots/nba/latest/1040x760/1642353.png,NBA CDN,candidate,manual_identity_research,,,,True,0
P000667,Cam Reddish,Cam Reddish,cam-reddish,1629629.0,https://cdn.nba.com/headshots/nba/latest/1040x760/1629629.png,NBA CDN,candidate,manual_identity_research,,,,True,0
P000668,Cam Spencer,Cam Spencer,cam-spencer,1642285.0,https://cdn.nba.com/headshots/nba/latest/1040x760/1642285.png,NBA CDN,candidate,manual_identity_research,,,,True,0
P000669,Cam Thomas,Cam Thomas,cam-thomas,1630560.0,https://cdn.nba.com/headshots/nba/latest/1040x760/1630560.png,NBA CDN,candidate,manual_identity_research,,,,True,0
P000670,Cam Whitmore,Cam Whitmore,cam-whitmore,1641715.0,https://cdn.nba.com/headshots/nba/latest/1040x760/1641715.png,NBA CDN,candidate,manual_identity_research,,,,True,0
P000671,Cameron Bairstow,Cameron Bairstow,cameron-bairstow,203946.0,https://cdn.nba.com/headshots/nba/latest/1040x760/203946.png,NBA CDN,candidate,manual_identity_research,,,,True,0
P000672,Cameron Johnson,Cameron Johnson,cameron-johnson,1629661.0,https://cdn.nba.com/headshots/nba/latest/1040x760/1629661.png,NBA CDN,candidate,manual_identity_research,,,,True,0
P000673,Cameron McGriff,Cameron McGriff,cameron-mcgriff,1630787.0,https://cdn.nba.com/headshots/nba/latest/1040x760/1630787.png,NBA CDN,candidate,manual_identity_research,,,,True,0
P000674,Cameron Oliver,Cameron Oliver,cameron-oliver,1628419.0,https://cdn.nba.com/headshots/nba/latest/1040x760/1628419.png,NBA CDN,candidate,manual_identity_research,,,,True,0
P000675,Cameron Payne,Cameron Payne,cameron-payne,1626166.0,https://cdn.nba.com/headshots/nba/latest/1040x760/1626166.png,NBA CDN,candidate,manual_identity_research,,,,True,0
P000676,Cameron Reynolds,Cameron Reynolds,cameron-reynolds,,,,manual_identity_review,manual_identity_research,,,,True,0
P000677,Campy Russell,Campy Russell,campy-russell,78047.0,https://cdn.nba.com/headshots/nba/latest/1040x760/78047.png,NBA CDN,candidate,manual_identity_research,,,,True,0
P000678,Carey Scurry,Carey Scurry,carey-scurry,78102.0,https://cdn.nba.com/headshots/nba/latest/1040x760/78102.png,NBA CDN,candidate,manual_identity_research,,,,True,0
P000679,Caris LeVert,Caris LeVert,caris-levert,1627747.0,https://cdn.nba.com/headshots/nba/latest/1040x760/1627747.png,NBA CDN,candidate,manual_identity_research,,,,True,0
P000680,Carl Bailey,Carl Bailey,carl-bailey,76084.0,https://cdn.nba.com/headshots/nba/latest/1040x760/76084.png,NBA CDN,candidate,manual_identity_research,,,,True,0
P000681,Carl Braun,Carl Braun,carl-braun-p000681,76243.0,https://cdn.nba.com/headshots/nba/latest/1040x760/76243.png,NBA CDN,candidate,manual_identity_research,,,,True,0
P000682,Carl Braun*,Carl Braun*,carl-braun-p000682,76243.0,https://cdn.nba.com/headshots/nba/latest/1040x760/76243.png,NBA CDN,candidate,manual_identity_research,,,,True,0
P000683,Carl Henry,Carl Henry,carl-henry,77001.0,https://cdn.nba.com/headshots/nba/latest/1040x760/77001.png,NBA CDN,candidate,manual_identity_research,,,,True,0
P000684,Carl Herrera,Carl Herrera,carl-herrera,61.0,https://cdn.nba.com/headshots/nba/latest/1040x760/61.png,NBA CDN,candidate,manual_identity_research,,,,True,0
P000685,Carl Kilpatrick,Carl Kilpatrick,carl-kilpatrick,77258.0,https://cdn.nba.com/headshots/nba/latest/1040x760/77258.png,NBA CDN,candidate,manual_identity_research,,,,True,0
P000686,Carl Landry,Carl Landry,carl-landry,201171.0,https://cdn.nba.com/headshots/nba/latest/1040x760/201171.png,NBA CDN,candidate,manual_identity_research,,,,True,0
P000687,Carl McNulty,Carl McNulty,carl-mcnulty,77563.0,https://cdn.nba.com/headshots/nba/latest/1040x760/77563.png,NBA CDN,candidate,manual_identity_research,,,,True,0
P000688,Carl Nicks,Carl Nicks,carl-nicks,77715.0,https://cdn.nba.com/headshots/nba/latest/1040x760/77715.png,NBA CDN,candidate,manual_identity_research,,,,True,0
P000689,Carl Thomas,Carl Thomas,carl-thomas,1063.0,https://cdn.nba.com/headshots/nba/latest/1040x760/1063.png,NBA CDN,candidate,manual_identity_research,,,,True,0
P000690,Carldell Johnson,Carldell Johnson,carldell-johnson,201291.0,https://cdn.nba.com/headshots/nba/latest/1040x760/201291.png,NBA CDN,candidate,manual_identity_research,,,,True,0
P000691,Carlik Jones,Carlik Jones,carlik-jones,1630637.0,https://cdn.nba.com/headshots/nba/latest/1040x760/1630637.png,NBA CDN,candidate,manual_identity_research,,,,True,0
P000692,Carlos Arroyo,Carlos Arroyo,carlos-arroyo,2306.0,https://cdn.nba.com/headshots/nba/latest/1040x760/2306.png,NBA CDN,candidate,manual_identity_research,,,,True,0
P000693,Carlos Boozer,Carlos Boozer,carlos-boozer,2430.0,https://cdn.nba.com/headshots/nba/latest/1040x760/2430.png,NBA CDN,candidate,manual_identity_research,,,,True,0
P000694,Carlos Clark,Carlos Clark,carlos-clark,76398.0,https://cdn.nba.com/headshots/nba/latest/1040x760/76398.png,NBA CDN,candidate,manual_identity_research,,,,True,0
P000695,Carlos Delfino,Carlos Delfino,carlos-delfino,2568.0,https://cdn.nba.com/headshots/nba/latest/1040x760/2568.png,NBA CDN,candidate,manual_identity_research,,,,True,0
P000696,Carlos Rogers,Carlos Rogers,carlos-rogers,435.0,https://cdn.nba.com/headshots/nba/latest/1040x760/435.png,NBA CDN,candidate,manual_identity_research,,,,True,0
P000697,Carlos Terry,Carlos Terry,carlos-terry,78307.0,https://cdn.nba.com/headshots/nba/latest/1040x760/78307.png,NBA CDN,candidate,manual_identity_research,,,,True,0
P000698,Carlton McKinney,Carlton McKinney,carlton-mckinney,77545.0,https://cdn.nba.com/headshots/nba/latest/1040x760/77545.png,NBA CDN,candidate,manual_identity_research,,,,True,0
P000699,Carmelo Anthony,Carmelo Anthony,carmelo-anthony-p000699,2546.0,https://cdn.nba.com/headshots/nba/latest/1040x760/2546.png,NBA CDN,candidate,manual_identity_research,,,,True,0
P000700,Carmelo Anthony*,Carmelo Anthony*,carmelo-anthony-p000700,2546.0,https://cdn.nba.com/headshots/nba/latest/1040x760/2546.png,NBA CDN,candidate,manual_identity_research,,,,True,0
P000701,Caron Butler,Caron Butler,caron-butler,2406.0,https://cdn.nba.com/headshots/nba/latest/1040x760/2406.png,NBA CDN,candidate,manual_identity_research,,,,True,0
P000702,Carrick Felix,Carrick Felix,carrick-felix,203467.0,https://cdn.nba.com/headshots/nba/latest/1040x760/203467.png,NBA CDN,candidate,manual_identity_research,,,,True,0
P000703,Carsen Edwards,Carsen Edwards,carsen-edwards,1629035.0,https://cdn.nba.com/headshots/nba/latest/1040x760/1629035.png,NBA CDN,candidate,manual_identity_research,,,,True,0
P000704,Carter Bryant,Carter Bryant,carter-bryant,1642868.0,https://cdn.nba.com/headshots/nba/latest/1040x760/1642868.png,NBA CDN,candidate,manual_identity_research,,,,True,0
P000705,Cartier Martin,Cartier Martin,cartier-martin,201858.0,https://cdn.nba.com/headshots/nba/latest/1040x760/201858.png,NBA CDN,candidate,manual_identity_research,,,,True,0
P000706,Casey Jacobsen,Casey Jacobsen,casey-jacobsen,2418.0,https://cdn.nba.com/headshots/nba/latest/1040x760/2418.png,NBA CDN,candidate,manual_identity_research,,,,True,0
P000707,Casey Shaw,Casey Shaw,casey-shaw,1745.0,https://cdn.nba.com/headshots/nba/latest/1040x760/1745.png,NBA CDN,candidate,manual_identity_research,,,,True,0
P000708,Cason Wallace,Cason Wallace,cason-wallace,1641717.0,https://cdn.nba.com/headshots/nba/latest/1040x760/1641717.png,NBA CDN,candidate,manual_identity_research,,,,True,0
P000709,Casper Ware,Casper Ware,casper-ware,203810.0,https://cdn.nba.com/headshots/nba/latest/1040x760/203810.png,NBA CDN,candidate,manual_identity_research,,,,True,0
P000710,Cassius Stanley,Cassius Stanley,cassius-stanley,1630199.0,https://cdn.nba.com/headshots/nba/latest/1040x760/1630199.png,NBA CDN,candidate,manual_identity_research,,,,True,0
P000711,Cassius Winston,Cassius Winston,cassius-winston,1630216.0,https://cdn.nba.com/headshots/nba/latest/1040x760/1630216.png,NBA CDN,candidate,manual_identity_research,,,,True,0
P000712,Cat Barber,Cat Barber,cat-barber,1627760.0,https://cdn.nba.com/headshots/nba/latest/1040x760/1627760.png,NBA CDN,candidate,manual_identity_research,,,,True,0
P000713,Cazzie Russell,Cazzie Russell,cazzie-russell,78045.0,https://cdn.nba.com/headshots/nba/latest/1040x760/78045.png,NBA CDN,candidate,manual_identity_research,,,,True,0
P000714,Cedi Osman,Cedi Osman,cedi-osman,1626224.0,https://cdn.nba.com/headshots/nba/latest/1040x760/1626224.png,NBA CDN,candidate,manual_identity_research,,,,True,0
P000715,Cedric Ball,Cedric Ball,cedric-ball,76090.0,https://cdn.nba.com/headshots/nba/latest/1040x760/76090.png,NBA CDN,candidate,manual_identity_research,,,,True,0
P000716,Cedric Bozeman,Cedric Bozeman,cedric-bozeman,200841.0,https://cdn.nba.com/headshots/nba/latest/1040x760/200841.png,NBA CDN,candidate,manual_identity_research,,,,True,0
P000717,Cedric Ceballos,Cedric Ceballos,cedric-ceballos,76.0,https://cdn.nba.com/headshots/nba/latest/1040x760/76.png,NBA CDN,candidate,manual_identity_research,,,,True,0
P000718,Cedric Coward,Cedric Coward,cedric-coward,1642907.0,https://cdn.nba.com/headshots/nba/latest/1040x760/1642907.png,NBA CDN,candidate,manual_identity_research,,,,True,0
P000719,Cedric Henderson,Cedric Henderson,cedric-henderson,,,,manual_identity_review,manual_identity_research,,,,True,0
P000720,Cedric Hunter,Cedric Hunter,cedric-hunter,77083.0,https://cdn.nba.com/headshots/nba/latest/1040x760/77083.png,NBA CDN,candidate,manual_identity_research,,,,True,0
P000721,Cedric Jackson,Cedric Jackson,cedric-jackson,202132.0,https://cdn.nba.com/headshots/nba/latest/1040x760/202132.png,NBA CDN,candidate,manual_identity_research,,,,True,0
P000722,Cedric Lewis,Cedric Lewis,cedric-lewis,736.0,https://cdn.nba.com/headshots/nba/latest/1040x760/736.png,NBA CDN,candidate,manual_identity_research,,,,True,0
P000723,Cedric Maxwell,Cedric Maxwell,cedric-maxwell,77487.0,https://cdn.nba.com/headshots/nba/latest/1040x760/77487.png,NBA CDN,candidate,manual_identity_research,,,,True,0
P000724,Cedric Simmons,Cedric Simmons,cedric-simmons,200759.0,https://cdn.nba.com/headshots/nba/latest/1040x760/200759.png,NBA CDN,candidate,manual_identity_research,,,,True,0
P000725,Cedrick Hordges,Cedrick Hordges,cedrick-hordges,77056.0,https://cdn.nba.com/headshots/nba/latest/1040x760/77056.png,NBA CDN,candidate,manual_identity_research,,,,True,0
P000726,Cezary Trybański,Cezary Trybański,cezary-tryba-ski,2456.0,https://cdn.nba.com/headshots/nba/latest/1040x760/2456.png,NBA CDN,candidate,manual_identity_research,,,,True,0
P000727,Chad Gallagher,Chad Gallagher,chad-gallagher,76772.0,https://cdn.nba.com/headshots/nba/latest/1040x760/76772.png,NBA CDN,candidate,manual_identity_research,,,,True,0
P000728,Chad Kinch,Chad Kinch,chad-kinch,77262.0,https://cdn.nba.com/headshots/nba/latest/1040x760/77262.png,NBA CDN,candidate,manual_identity_research,,,,True,0
P000729,Chance Comanche,Chance Comanche,chance-comanche,1628435.0,https://cdn.nba.com/headshots/nba/latest/1040x760/1628435.png,NBA CDN,candidate,manual_identity_research,,,,True,0
P000730,Chandler Hutchison,Chandler Hutchison,chandler-hutchison,1628990.0,https://cdn.nba.com/headshots/nba/latest/1040x760/1628990.png,NBA CDN,candidate,manual_identity_research,,,,True,0
P000731,Chandler Parsons,Chandler Parsons,chandler-parsons,202718.0,https://cdn.nba.com/headshots/nba/latest/1040x760/202718.png,NBA CDN,candidate,manual_identity_research,,,,True,0
P000732,Chaney Johnson,Chaney Johnson,chaney-johnson,1643052.0,https://cdn.nba.com/headshots/nba/latest/1040x760/1643052.png,NBA CDN,candidate,manual_identity_research,,,,True,0
P000733,Channing Frye,Channing Frye,channing-frye,101112.0,https://cdn.nba.com/headshots/nba/latest/1040x760/101112.png,NBA CDN,candidate,manual_identity_research,,,,True,0
P000734,Charles Barkley,Charles Barkley,charles-barkley-p000734,787.0,https://cdn.nba.com/headshots/nba/latest/1040x760/787.png,NBA CDN,candidate,manual_identity_research,,,,True,0
P000735,Charles Barkley*,Charles Barkley*,charles-barkley-p000735,787.0,https://cdn.nba.com/headshots/nba/latest/1040x760/787.png,NBA CDN,candidate,manual_identity_research,,,,True,0
P000736,Charles Bassey,Charles Bassey,charles-bassey,1629646.0,https://cdn.nba.com/headshots/nba/latest/1040x760/1629646.png,NBA CDN,candidate,manual_identity_research,,,,True,0
P000737,Charles Bradley,Charles Bradley,charles-bradley,76230.0,https://cdn.nba.com/headshots/nba/latest/1040x760/76230.png,NBA CDN,candidate,manual_identity_research,,,,True,0
P000738,Charles Claxton,Charles Claxton,charles-claxton,1127.0,https://cdn.nba.com/headshots/nba/latest/1040x760/1127.png,NBA CDN,candidate,manual_identity_research,,,,True,0
P000739,Charles Cooke,Charles Cooke,charles-cooke,1628429.0,https://cdn.nba.com/headshots/nba/latest/1040x760/1628429.png,NBA CDN,candidate,manual_identity_research,,,,True,0
P000740,Charles Davis,Charles Davis,charles-davis,,,,manual_identity_review,manual_identity_research,,,,True,0
P000741,Charles Dudley,Charles Dudley,charles-dudley,76607.0,https://cdn.nba.com/headshots/nba/latest/1040x760/76607.png,NBA CDN,candidate,manual_identity_research,,,,True,0
P000742,Charles Jenkins,Charles Jenkins,charles-jenkins,202724.0,https://cdn.nba.com/headshots/nba/latest/1040x760/202724.png,NBA CDN,candidate,manual_identity_research,,,,True,0
P000743,Charles Johnson,Charles Johnson,charles-johnson,,,,manual_identity_review,manual_identity_research,,,,True,0
P000744,Charles Jones,Charles Jones,charles-jones,,,,manual_identity_review,manual_identity_research,,,,True,0
P000745,Charles O'Bannon,Charles O'Bannon,charles-o-bannon,1525.0,https://cdn.nba.com/headshots/nba/latest/1040x760/1525.png,NBA CDN,candidate,manual_identity_research,,,,True,0
P000746,Charles Oakley,Charles Oakley,charles-oakley,891.0,https://cdn.nba.com/headshots/nba/latest/1040x760/891.png,NBA CDN,candidate,manual_identity_research,,,,True,0
P000747,Charles Pittman,Charles Pittman,charles-pittman,,,,manual_identity_review,manual_identity_research,,,,True,0
P000748,Charles Shackleford,Charles Shackleford,charles-shackleford,1593.0,https://cdn.nba.com/headshots/nba/latest/1040x760/1593.png,NBA CDN,candidate,manual_identity_research,,,,True,0
P000749,Charles Smith,Charles Smith,charles-smith,,,,manual_identity_review,manual_identity_research,,,,True,0
P000750,Charles Thomas,Charles Thomas,charles-thomas,78316.0,https://cdn.nba.com/headshots/nba/latest/1040x760/78316.png,NBA CDN,candidate,manual_identity_research,,,,True,0
P000751,Charlie Bell,Charlie Bell,charlie-bell,2294.0,https://cdn.nba.com/headshots/nba/latest/1040x760/2294.png,NBA CDN,candidate,manual_identity_research,,,,True,0
P000752,Charlie Black,Charlie Black,charlie-black,76173.0,https://cdn.nba.com/headshots/nba/latest/1040x760/76173.png,NBA CDN,candidate,manual_identity_research,,,,True,0
P000753,Charlie Brown Jr.,Charlie Brown Jr.,charlie-brown-jr,1629718.0,https://cdn.nba.com/headshots/nba/latest/1040x760/1629718.png,NBA CDN,candidate,manual_identity_research,,,,True,0
P000754,Charlie Criss,Charlie Criss,charlie-criss,76471.0,https://cdn.nba.com/headshots/nba/latest/1040x760/76471.png,NBA CDN,candidate,manual_identity_research,,,,True,0
P000755,Charlie Davis,Charlie Davis,charlie-davis,76519.0,https://cdn.nba.com/headshots/nba/latest/1040x760/76519.png,NBA CDN,verified,none,200.0,image/avif,verified,True,0
P000756,Charlie Hardnett,Charlie Hardnett,charlie-hardnett,76946.0,https://cdn.nba.com/headshots/nba/latest/1040x760/76946.png,NBA CDN,candidate,manual_identity_research,,,,True,0
P000757,Charlie Lowery,Charlie Lowery,charlie-lowery,,,,manual_identity_review,manual_identity_research,,,,True,0
P000758,Charlie Paulk,Charlie Paulk,charlie-paulk,77815.0,https://cdn.nba.com/headshots/nba/latest/1040x760/77815.png,NBA CDN,candidate,manual_identity_research,,,,True,0
P000759,Charlie Scott,Charlie Scott,charlie-scott-p000759,78097.0,https://cdn.nba.com/headshots/nba/latest/1040x760/78097.png,NBA CDN,candidate,manual_identity_research,,,,True,0
P000760,Charlie Scott*,Charlie Scott*,charlie-scott-p000760,78097.0,https://cdn.nba.com/headshots/nba/latest/1040x760/78097.png,NBA CDN,candidate,manual_identity_research,,,,True,0
P000761,Charlie Sitton,Charlie Sitton,charlie-sitton,78164.0,https://cdn.nba.com/headshots/nba/latest/1040x760/78164.png,NBA CDN,candidate,manual_identity_research,,,,True,0
P000762,Charlie Tyra,Charlie Tyra,charlie-tyra,78391.0,https://cdn.nba.com/headshots/nba/latest/1040x760/78391.png,NBA CDN,candidate,manual_identity_research,,,,True,0
P000763,Charlie Villanueva,Charlie Villanueva,charlie-villanueva,101111.0,https://cdn.nba.com/headshots/nba/latest/1040x760/101111.png,NBA CDN,candidate,manual_identity_research,,,,True,0
P000764,Charlie Ward,Charlie Ward,charlie-ward,369.0,https://cdn.nba.com/headshots/nba/latest/1040x760/369.png,NBA CDN,candidate,manual_identity_research,,,,True,0
P000765,Charlie Yelverton,Charlie Yelverton,charlie-yelverton,78631.0,https://cdn.nba.com/headshots/nba/latest/1040x760/78631.png,NBA CDN,candidate,manual_identity_research,,,,True,0
P000766,Chase Budinger,Chase Budinger,chase-budinger,201978.0,https://cdn.nba.com/headshots/nba/latest/1040x760/201978.png,NBA CDN,candidate,manual_identity_research,,,,True,0
P000767,Chasson Randle,Chasson Randle,chasson-randle,1626184.0,https://cdn.nba.com/headshots/nba/latest/1040x760/1626184.png,NBA CDN,candidate,manual_identity_research,,,,True,0
P000768,Chauncey Billups,Chauncey Billups,chauncey-billups-p000768,1497.0,https://cdn.nba.com/headshots/nba/latest/1040x760/1497.png,NBA CDN,candidate,manual_identity_research,,,,True,0
P000769,Chauncey Billups*,Chauncey Billups*,chauncey-billups-p000769,1497.0,https://cdn.nba.com/headshots/nba/latest/1040x760/1497.png,NBA CDN,candidate,manual_identity_research,,,,True,0
P000770,Chaundee Brown Jr.,Chaundee Brown Jr.,chaundee-brown-jr,1630602.0,https://cdn.nba.com/headshots/nba/latest/1040x760/1630602.png,NBA CDN,candidate,manual_identity_research,,,,True,0
P000771,Chaz Lanier,Chaz Lanier,chaz-lanier,1642404.0,https://cdn.nba.com/headshots/nba/latest/1040x760/1642404.png,NBA CDN,candidate,manual_identity_research,,,,True,0
P000772,Cheese Johnson,Cheese Johnson,cheese-johnson,,,,manual_identity_review,manual_identity_research,,,,True,0
P000773,Cheick Diallo,Cheick Diallo,cheick-diallo,1627767.0,https://cdn.nba.com/headshots/nba/latest/1040x760/1627767.png,NBA CDN,candidate,manual_identity_research,,,,True,0
P000774,Cheikh Samb,Cheikh Samb,cheikh-samb,200798.0,https://cdn.nba.com/headshots/nba/latest/1040x760/200798.png,NBA CDN,candidate,manual_identity_research,,,,True,0
P000775,Cherokee Parks,Cherokee Parks,cherokee-parks,685.0,https://cdn.nba.com/headshots/nba/latest/1040x760/685.png,NBA CDN,candidate,manual_identity_research,,,,True,0
P000776,Chet Holmgren,Chet Holmgren,chet-holmgren,1631096.0,https://cdn.nba.com/headshots/nba/latest/1040x760/1631096.png,NBA CDN,candidate,manual_identity_research,,,,True,0
P000777,Chet Walker,Chet Walker,chet-walker-p000777,78435.0,https://cdn.nba.com/headshots/nba/latest/1040x760/78435.png,NBA CDN,candidate,manual_identity_research,,,,True,0
P000778,Chet Walker*,Chet Walker*,chet-walker-p000778,78435.0,https://cdn.nba.com/headshots/nba/latest/1040x760/78435.png,NBA CDN,candidate,manual_identity_research,,,,True,0
P000779,Chico Vaughn,Chico Vaughn,chico-vaughn,,,,manual_identity_review,manual_identity_research,,,,True,0
P000780,Chima Moneke,Chima Moneke,chima-moneke,1631320.0,https://cdn.nba.com/headshots/nba/latest/1040x760/1631320.png,NBA CDN,candidate,manual_identity_research,,,,True,0
P000781,Chimezie Metu,Chimezie Metu,chimezie-metu,1629002.0,https://cdn.nba.com/headshots/nba/latest/1040x760/1629002.png,NBA CDN,candidate,manual_identity_research,,,,True,0
P000782,Chinanu Onuaku,Chinanu Onuaku,chinanu-onuaku,1627778.0,https://cdn.nba.com/headshots/nba/latest/1040x760/1627778.png,NBA CDN,candidate,manual_identity_research,,,,True,0
P000783,Chris Andersen,Chris Andersen,chris-andersen,2365.0,https://cdn.nba.com/headshots/nba/latest/1040x760/2365.png,NBA CDN,candidate,manual_identity_research,,,,True,0
P000784,Chris Anstey,Chris Anstey,chris-anstey,1512.0,https://cdn.nba.com/headshots/nba/latest/1040x760/1512.png,NBA CDN,candidate,manual_identity_research,,,,True,0
P000785,Chris Babb,Chris Babb,chris-babb,203569.0,https://cdn.nba.com/headshots/nba/latest/1040x760/203569.png,NBA CDN,candidate,manual_identity_research,,,,True,0
P000786,Chris Bosh,Chris Bosh,chris-bosh-p000786,2547.0,https://cdn.nba.com/headshots/nba/latest/1040x760/2547.png,NBA CDN,candidate,manual_identity_research,,,,True,0
P000787,Chris Bosh*,Chris Bosh*,chris-bosh-p000787,2547.0,https://cdn.nba.com/headshots/nba/latest/1040x760/2547.png,NBA CDN,candidate,manual_identity_research,,,,True,0
P000788,Chris Boucher,Chris Boucher,chris-boucher,1628449.0,https://cdn.nba.com/headshots/nba/latest/1040x760/1628449.png,NBA CDN,candidate,manual_identity_research,,,,True,0
P000789,Chris Carr,Chris Carr,chris-carr,713.0,https://cdn.nba.com/headshots/nba/latest/1040x760/713.png,NBA CDN,candidate,manual_identity_research,,,,True,0
P000790,Chris Childs,Chris Childs,chris-childs,164.0,https://cdn.nba.com/headshots/nba/latest/1040x760/164.png,NBA CDN,candidate,manual_identity_research,,,,True,0
P000791,Chris Chiozza,Chris Chiozza,chris-chiozza,1629185.0,https://cdn.nba.com/headshots/nba/latest/1040x760/1629185.png,NBA CDN,candidate,manual_identity_research,,,,True,0
P000792,Chris Clemons,Chris Clemons,chris-clemons,1629598.0,https://cdn.nba.com/headshots/nba/latest/1040x760/1629598.png,NBA CDN,candidate,manual_identity_research,,,,True,0
P000793,Chris Copeland,Chris Copeland,chris-copeland,203142.0,https://cdn.nba.com/headshots/nba/latest/1040x760/203142.png,NBA CDN,candidate,manual_identity_research,,,,True,0
P000794,Chris Corchiani,Chris Corchiani,chris-corchiani,76450.0,https://cdn.nba.com/headshots/nba/latest/1040x760/76450.png,NBA CDN,candidate,manual_identity_research,,,,True,0
P000795,Chris Crawford,Chris Crawford,chris-crawford,1544.0,https://cdn.nba.com/headshots/nba/latest/1040x760/1544.png,NBA CDN,candidate,manual_identity_research,,,,True,0
P000796,Chris Douglas-Roberts,Chris Douglas-Roberts,chris-douglas-roberts,201604.0,https://cdn.nba.com/headshots/nba/latest/1040x760/201604.png,NBA CDN,candidate,manual_identity_research,,,,True,0
P000797,Chris Duarte,Chris Duarte,chris-duarte,1630537.0,https://cdn.nba.com/headshots/nba/latest/1040x760/1630537.png,NBA CDN,candidate,manual_identity_research,,,,True,0
P000798,Chris Dudley,Chris Dudley,chris-dudley,201.0,https://cdn.nba.com/headshots/nba/latest/1040x760/201.png,NBA CDN,candidate,manual_identity_research,,,,True,0
P000799,Chris Duhon,Chris Duhon,chris-duhon,2768.0,https://cdn.nba.com/headshots/nba/latest/1040x760/2768.png,NBA CDN,candidate,manual_identity_research,,,,True,0
P000800,Chris Engler,Chris Engler,chris-engler,76670.0,https://cdn.nba.com/headshots/nba/latest/1040x760/76670.png,NBA CDN,candidate,manual_identity_research,,,,True,0
P000801,Chris Ford,Chris Ford,chris-ford,76733.0,https://cdn.nba.com/headshots/nba/latest/1040x760/76733.png,NBA CDN,candidate,manual_identity_research,,,,True,0
P000802,Chris Garner,Chris Garner,chris-garner,1612.0,https://cdn.nba.com/headshots/nba/latest/1040x760/1612.png,NBA CDN,candidate,manual_identity_research,,,,True,0
P000803,Chris Gatling,Chris Gatling,chris-gatling,423.0,https://cdn.nba.com/headshots/nba/latest/1040x760/423.png,NBA CDN,candidate,manual_identity_research,,,,True,0
P000804,Chris Harris,Chris Harris,chris-harris,76958.0,https://cdn.nba.com/headshots/nba/latest/1040x760/76958.png,NBA CDN,candidate,manual_identity_research,,,,True,0
P000805,Chris Herren,Chris Herren,chris-herren,1914.0,https://cdn.nba.com/headshots/nba/latest/1040x760/1914.png,NBA CDN,candidate,manual_identity_research,,,,True,0
P000806,Chris Hunter,Chris Hunter,chris-hunter,201805.0,https://cdn.nba.com/headshots/nba/latest/1040x760/201805.png,NBA CDN,candidate,manual_identity_research,,,,True,0
P000807,Chris Jefferies,Chris Jefferies,chris-jefferies,2423.0,https://cdn.nba.com/headshots/nba/latest/1040x760/2423.png,NBA CDN,candidate,manual_identity_research,,,,True,0
P000808,Chris Jent,Chris Jent,chris-jent,1137.0,https://cdn.nba.com/headshots/nba/latest/1040x760/1137.png,NBA CDN,candidate,manual_identity_research,,,,True,0
P000809,Chris Johnson,Chris Johnson,chris-johnson,,,,manual_identity_review,manual_identity_research,,,,True,0
P000810,Chris Kaman,Chris Kaman,chris-kaman,2549.0,https://cdn.nba.com/headshots/nba/latest/1040x760/2549.png,NBA CDN,candidate,manual_identity_research,,,,True,0
P000811,Chris King,Chris King,chris-king,12.0,https://cdn.nba.com/headshots/nba/latest/1040x760/12.png,NBA CDN,candidate,manual_identity_research,,,,True,0
P000812,Chris Livingston,Chris Livingston,chris-livingston,1641753.0,https://cdn.nba.com/headshots/nba/latest/1040x760/1641753.png,NBA CDN,candidate,manual_identity_research,,,,True,0
P000813,Chris Mañon,Chris Mañon,chris-ma-on,1643024.0,https://cdn.nba.com/headshots/nba/latest/1040x760/1643024.png,NBA CDN,candidate,manual_identity_research,,,,True,0
P000814,Chris McCray,Chris McCray,chris-mccray,200840.0,https://cdn.nba.com/headshots/nba/latest/1040x760/200840.png,NBA CDN,candidate,manual_identity_research,,,,True,0
P000815,Chris McCullough,Chris McCullough,chris-mccullough,1626191.0,https://cdn.nba.com/headshots/nba/latest/1040x760/1626191.png,NBA CDN,candidate,manual_identity_research,,,,True,0
P000816,Chris McNealy,Chris McNealy,chris-mcnealy,77560.0,https://cdn.nba.com/headshots/nba/latest/1040x760/77560.png,NBA CDN,candidate,manual_identity_research,,,,True,0
P000817,Chris Mihm,Chris Mihm,chris-mihm,2036.0,https://cdn.nba.com/headshots/nba/latest/1040x760/2036.png,NBA CDN,candidate,manual_identity_research,,,,True,0
P000818,Chris Mills,Chris Mills,chris-mills,168.0,https://cdn.nba.com/headshots/nba/latest/1040x760/168.png,NBA CDN,candidate,manual_identity_research,,,,True,0
P000819,Chris Morris,Chris Morris,chris-morris,356.0,https://cdn.nba.com/headshots/nba/latest/1040x760/356.png,NBA CDN,candidate,manual_identity_research,,,,True,0
P000820,Chris Mullin,Chris Mullin,chris-mullin-p000820,904.0,https://cdn.nba.com/headshots/nba/latest/1040x760/904.png,NBA CDN,candidate,manual_identity_research,,,,True,0
P000821,Chris Mullin*,Chris Mullin*,chris-mullin-p000821,904.0,https://cdn.nba.com/headshots/nba/latest/1040x760/904.png,NBA CDN,candidate,manual_identity_research,,,,True,0
P000822,Chris Munk,Chris Munk,chris-munk,77664.0,https://cdn.nba.com/headshots/nba/latest/1040x760/77664.png,NBA CDN,candidate,manual_identity_research,,,,True,0
P000823,Chris Owens,Chris Owens,chris-owens,2442.0,https://cdn.nba.com/headshots/nba/latest/1040x760/2442.png,NBA CDN,candidate,manual_identity_research,,,,True,0
P000824,Chris Paul,Chris Paul,chris-paul,101108.0,https://cdn.nba.com/headshots/nba/latest/1040x760/101108.png,NBA CDN,candidate,manual_identity_research,,,,True,0
P000825,Chris Porter,Chris Porter,chris-porter,2084.0,https://cdn.nba.com/headshots/nba/latest/1040x760/2084.png,NBA CDN,candidate,manual_identity_research,,,,True,0
P000826,Chris Quinn,Chris Quinn,chris-quinn,200809.0,https://cdn.nba.com/headshots/nba/latest/1040x760/200809.png,NBA CDN,candidate,manual_identity_research,,,,True,0
P000827,Chris Richard,Chris Richard,chris-richard,201181.0,https://cdn.nba.com/headshots/nba/latest/1040x760/201181.png,NBA CDN,candidate,manual_identity_research,,,,True,0
P000828,Chris Robinson,Chris Robinson,chris-robinson,997.0,https://cdn.nba.com/headshots/nba/latest/1040x760/997.png,NBA CDN,candidate,manual_identity_research,,,,True,0
P000829,Chris Silva,Chris Silva,chris-silva,1629735.0,https://cdn.nba.com/headshots/nba/latest/1040x760/1629735.png,NBA CDN,candidate,manual_identity_research,,,,True,0
P000830,Chris Singleton,Chris Singleton,chris-singleton,202698.0,https://cdn.nba.com/headshots/nba/latest/1040x760/202698.png,NBA CDN,candidate,manual_identity_research,,,,True,0
P000831,Chris Smith,Chris Smith,chris-smith,,,,manual_identity_review,manual_identity_research,,,,True,0
P000832,Chris Taft,Chris Taft,chris-taft,101147.0,https://cdn.nba.com/headshots/nba/latest/1040x760/101147.png,NBA CDN,candidate,manual_identity_research,,,,True,0
P000833,Chris Washburn,Chris Washburn,chris-washburn,78463.0,https://cdn.nba.com/headshots/nba/latest/1040x760/78463.png,NBA CDN,candidate,manual_identity_research,,,,True,0
P000834,Chris Webber,Chris Webber,chris-webber-p000834,185.0,https://cdn.nba.com/headshots/nba/latest/1040x760/185.png,NBA CDN,candidate,manual_identity_research,,,,True,0
P000835,Chris Webber*,Chris Webber*,chris-webber-p000835,185.0,https://cdn.nba.com/headshots/nba/latest/1040x760/185.png,NBA CDN,candidate,manual_identity_research,,,,True,0
P000836,Chris Welp,Chris Welp,chris-welp,1846.0,https://cdn.nba.com/headshots/nba/latest/1040x760/1846.png,NBA CDN,candidate,manual_identity_research,,,,True,0
P000837,Chris Whitney,Chris Whitney,chris-whitney,43.0,https://cdn.nba.com/headshots/nba/latest/1040x760/43.png,NBA CDN,candidate,manual_identity_research,,,,True,0
P000838,Chris Wilcox,Chris Wilcox,chris-wilcox,2404.0,https://cdn.nba.com/headshots/nba/latest/1040x760/2404.png,NBA CDN,candidate,manual_identity_research,,,,True,0
P000839,Chris Wright,Chris Wright,chris-wright,,,,manual_identity_review,manual_identity_research,,,,True,0
P000840,Chris Youngblood,Chris Youngblood,chris-youngblood,1642959.0,https://cdn.nba.com/headshots/nba/latest/1040x760/1642959.png,NBA CDN,candidate,manual_identity_research,,,,True,0
P000841,Christian Braun,Christian Braun,christian-braun,1631128.0,https://cdn.nba.com/headshots/nba/latest/1040x760/1631128.png,NBA CDN,candidate,manual_identity_research,,,,True,0
P000842,Christian Eyenga,Christian Eyenga,christian-eyenga,201963.0,https://cdn.nba.com/headshots/nba/latest/1040x760/201963.png,NBA CDN,candidate,manual_identity_research,,,,True,0
P000843,Christian Koloko,Christian Koloko,christian-koloko,1631132.0,https://cdn.nba.com/headshots/nba/latest/1040x760/1631132.png,NBA CDN,candidate,manual_identity_research,,,,True,0
P000844,Christian Laettner,Christian Laettner,christian-laettner,363.0,https://cdn.nba.com/headshots/nba/latest/1040x760/363.png,NBA CDN,candidate,manual_identity_research,,,,True,0
P000845,Christian Wood,Christian Wood,christian-wood,1626174.0,https://cdn.nba.com/headshots/nba/latest/1040x760/1626174.png,NBA CDN,candidate,manual_identity_research,,,,True,0
P000846,Chubby Cox,Chubby Cox,chubby-cox,,,,manual_identity_review,manual_identity_research,,,,True,0
P000847,Chuck Aleksinas,Chuck Aleksinas,chuck-aleksinas,76021.0,https://cdn.nba.com/headshots/nba/latest/1040x760/76021.png,NBA CDN,candidate,manual_identity_research,,,,True,0
P000848,Chuck Cooper,Chuck Cooper,chuck-cooper-p000848,76442.0,https://cdn.nba.com/headshots/nba/latest/1040x760/76442.png,NBA CDN,candidate,manual_identity_research,,,,True,0
P000849,Chuck Cooper*,Chuck Cooper*,chuck-cooper-p000849,76442.0,https://cdn.nba.com/headshots/nba/latest/1040x760/76442.png,NBA CDN,candidate,manual_identity_research,,,,True,0
P000850,Chuck Grigsby,Chuck Grigsby,chuck-grigsby,76891.0,https://cdn.nba.com/headshots/nba/latest/1040x760/76891.png,NBA CDN,candidate,manual_identity_research,,,,True,0
P000851,Chuck Hayes,Chuck Hayes,chuck-hayes,101236.0,https://cdn.nba.com/headshots/nba/latest/1040x760/101236.png,NBA CDN,candidate,manual_identity_research,,,,True,0
P000852,Chuck Mencel,Chuck Mencel,chuck-mencel,77579.0,https://cdn.nba.com/headshots/nba/latest/1040x760/77579.png,NBA CDN,candidate,manual_identity_research,,,,True,0
P000853,Chuck Nevitt,Chuck Nevitt,chuck-nevitt,77707.0,https://cdn.nba.com/headshots/nba/latest/1040x760/77707.png,NBA CDN,candidate,manual_identity_research,,,,True,0
P000854,Chuck Noble,Chuck Noble,chuck-noble,77722.0,https://cdn.nba.com/headshots/nba/latest/1040x760/77722.png,NBA CDN,candidate,manual_identity_research,,,,True,0
P000855,Chuck Osborne,Chuck Osborne,chuck-osborne,77772.0,https://cdn.nba.com/headshots/nba/latest/1040x760/77772.png,NBA CDN,candidate,manual_identity_research,,,,True,0
P000856,Chuck Person,Chuck Person,chuck-person,456.0,https://cdn.nba.com/headshots/nba/latest/1040x760/456.png,NBA CDN,candidate,manual_identity_research,,,,True,0
P000857,Chuck Share,Chuck Share,chuck-share,,,,manual_identity_review,manual_identity_research,,,,True,0
P000858,Chuck Terry,Chuck Terry,chuck-terry,78306.0,https://cdn.nba.com/headshots/nba/latest/1040x760/78306.png,NBA CDN,candidate,manual_identity_research,,,,True,0
P000859,Chuck Williams,Chuck Williams,chuck-williams,78547.0,https://cdn.nba.com/headshots/nba/latest/1040x760/78547.png,NBA CDN,candidate,manual_identity_research,,,,True,0
P000860,Chuckie Williams,Chuckie Williams,chuckie-williams,78541.0,https://cdn.nba.com/headshots/nba/latest/1040x760/78541.png,NBA CDN,candidate,manual_identity_research,,,,True,0
P000861,Chucky Atkins,Chucky Atkins,chucky-atkins,1088.0,https://cdn.nba.com/headshots/nba/latest/1040x760/1088.png,NBA CDN,candidate,manual_identity_research,,,,True,0
P000862,Chucky Brown,Chucky Brown,chucky-brown,359.0,https://cdn.nba.com/headshots/nba/latest/1040x760/359.png,NBA CDN,candidate,manual_identity_research,,,,True,0
P000863,Chucky Hepburn,Chucky Hepburn,chucky-hepburn,1642935.0,https://cdn.nba.com/headshots/nba/latest/1040x760/1642935.png,NBA CDN,candidate,manual_identity_research,,,,True,0
P000864,Chuma Okeke,Chuma Okeke,chuma-okeke,1629643.0,https://cdn.nba.com/headshots/nba/latest/1040x760/1629643.png,NBA CDN,candidate,manual_identity_research,,,,True,0
P000865,Clarence Glover,Clarence Glover,clarence-glover,76825.0,https://cdn.nba.com/headshots/nba/latest/1040x760/76825.png,NBA CDN,candidate,manual_identity_research,,,,True,0
P000866,Clarence Kea,Clarence Kea,clarence-kea,77229.0,https://cdn.nba.com/headshots/nba/latest/1040x760/77229.png,NBA CDN,candidate,manual_identity_research,,,,True,0
P000867,Clarence Weatherspoon,Clarence Weatherspoon,clarence-weatherspoon,,,,manual_identity_review,manual_identity_research,,,,True,0
P000868,Clark Kellogg,Clark Kellogg,clark-kellogg,77236.0,https://cdn.nba.com/headshots/nba/latest/1040x760/77236.png,NBA CDN,candidate,manual_identity_research,,,,True,0
P000869,Claude English,Claude English,claude-english,76674.0,https://cdn.nba.com/headshots/nba/latest/1040x760/76674.png,NBA CDN,candidate,manual_identity_research,,,,True,0
P000870,Claude Gregory,Claude Gregory,claude-gregory,76884.0,https://cdn.nba.com/headshots/nba/latest/1040x760/76884.png,NBA CDN,candidate,manual_identity_research,,,,True,0
P000871,Claude Overton,Claude Overton,claude-overton,77780.0,https://cdn.nba.com/headshots/nba/latest/1040x760/77780.png,NBA CDN,candidate,manual_identity_research,,,,True,0
P000872,Claude Terry,Claude Terry,claude-terry,78308.0,https://cdn.nba.com/headshots/nba/latest/1040x760/78308.png,NBA CDN,candidate,manual_identity_research,,,,True,0
P000873,Clay Johnson,Clay Johnson,clay-johnson,77135.0,https://cdn.nba.com/headshots/nba/latest/1040x760/77135.png,NBA CDN,candidate,manual_identity_research,,,,True,0
P000874,Cleanthony Early,Cleanthony Early,cleanthony-early,203921.0,https://cdn.nba.com/headshots/nba/latest/1040x760/203921.png,NBA CDN,candidate,manual_identity_research,,,,True,0
P000875,Clem Haskins,Clem Haskins,clem-haskins,76965.0,https://cdn.nba.com/headshots/nba/latest/1040x760/76965.png,NBA CDN,candidate,manual_identity_research,,,,True,0
P000876,Clemon Johnson,Clemon Johnson,clemon-johnson,77136.0,https://cdn.nba.com/headshots/nba/latest/1040x760/77136.png,NBA CDN,candidate,manual_identity_research,,,,True,0
P000877,Cleo Hill,Cleo Hill,cleo-hill,77025.0,https://cdn.nba.com/headshots/nba/latest/1040x760/77025.png,NBA CDN,candidate,manual_identity_research,,,,True,0
P000878,Cleveland Buckner,Cleveland Buckner,cleveland-buckner,76295.0,https://cdn.nba.com/headshots/nba/latest/1040x760/76295.png,NBA CDN,candidate,manual_identity_research,,,,True,0
P000879,Cliff Alexander,Cliff Alexander,cliff-alexander,1626146.0,https://cdn.nba.com/headshots/nba/latest/1040x760/1626146.png,NBA CDN,candidate,manual_identity_research,,,,True,0
P000880,Cliff Anderson,Cliff Anderson,cliff-anderson,76035.0,https://cdn.nba.com/headshots/nba/latest/1040x760/76035.png,NBA CDN,candidate,manual_identity_research,,,,True,0
P000881,Cliff Barker,Cliff Barker,cliff-barker,76098.0,https://cdn.nba.com/headshots/nba/latest/1040x760/76098.png,NBA CDN,candidate,manual_identity_research,,,,True,0
P000882,Cliff Hagan,Cliff Hagan,cliff-hagan-p000882,76912.0,https://cdn.nba.com/headshots/nba/latest/1040x760/76912.png,NBA CDN,candidate,manual_identity_research,,,,True,0
P000883,Cliff Hagan*,Cliff Hagan*,cliff-hagan-p000883,76912.0,https://cdn.nba.com/headshots/nba/latest/1040x760/76912.png,NBA CDN,candidate,manual_identity_research,,,,True,0
P000884,Cliff Levingston,Cliff Levingston,cliff-levingston,77377.0,https://cdn.nba.com/headshots/nba/latest/1040x760/77377.png,NBA CDN,candidate,manual_identity_research,,,,True,0
P000885,Cliff Meely,Cliff Meely,cliff-meely,77570.0,https://cdn.nba.com/headshots/nba/latest/1040x760/77570.png,NBA CDN,candidate,manual_identity_research,,,,True,0
P000886,Cliff Pondexter,Cliff Pondexter,cliff-pondexter,77869.0,https://cdn.nba.com/headshots/nba/latest/1040x760/77869.png,NBA CDN,candidate,manual_identity_research,,,,True,0
P000887,Cliff Robinson,Cliff Robinson,cliff-robinson,,,,manual_identity_review,manual_identity_research,,,,True,0
P000888,Cliff Williams,Cliff Williams,cliff-williams,78543.0,https://cdn.nba.com/headshots/nba/latest/1040x760/78543.png,NBA CDN,candidate,manual_identity_research,,,,True,0
P000889,Clifford Lett,Clifford Lett,clifford-lett,77374.0,https://cdn.nba.com/headshots/nba/latest/1040x760/77374.png,NBA CDN,candidate,manual_identity_research,,,,True,0
P000890,Clifford Ray,Clifford Ray,clifford-ray,77917.0,https://cdn.nba.com/headshots/nba/latest/1040x760/77917.png,NBA CDN,candidate,manual_identity_research,,,,True,0
P000891,Clifford Robinson,Clifford Robinson,clifford-robinson,361.0,https://cdn.nba.com/headshots/nba/latest/1040x760/361.png,NBA CDN,candidate,manual_identity_research,,,,True,0
P000892,Clifford Rozier,Clifford Rozier,clifford-rozier,32.0,https://cdn.nba.com/headshots/nba/latest/1040x760/32.png,NBA CDN,candidate,manual_identity_research,,,,True,0
P000893,Clint Capela,Clint Capela,clint-capela,203991.0,https://cdn.nba.com/headshots/nba/latest/1040x760/203991.png,NBA CDN,candidate,manual_identity_research,,,,True,0
P000894,Clint McDaniel,Clint McDaniel,clint-mcdaniel,723.0,https://cdn.nba.com/headshots/nba/latest/1040x760/723.png,NBA CDN,candidate,manual_identity_research,,,,True,0
P000895,Clint Richardson,Clint Richardson,clint-richardson,77950.0,https://cdn.nba.com/headshots/nba/latest/1040x760/77950.png,NBA CDN,candidate,manual_identity_research,,,,True,0
P000896,Clinton Smith,Clinton Smith,clinton-smith,78181.0,https://cdn.nba.com/headshots/nba/latest/1040x760/78181.png,NBA CDN,candidate,manual_identity_research,,,,True,0
P000897,Clinton Wheeler,Clinton Wheeler,clinton-wheeler,78504.0,https://cdn.nba.com/headshots/nba/latest/1040x760/78504.png,NBA CDN,candidate,manual_identity_research,,,,True,0
P000898,Clyde Drexler,Clyde Drexler,clyde-drexler-p000898,17.0,https://cdn.nba.com/headshots/nba/latest/1040x760/17.png,NBA CDN,candidate,manual_identity_research,,,,True,0
P000899,Clyde Drexler*,Clyde Drexler*,clyde-drexler-p000899,17.0,https://cdn.nba.com/headshots/nba/latest/1040x760/17.png,NBA CDN,candidate,manual_identity_research,,,,True,0
P000900,Clyde Lee,Clyde Lee,clyde-lee,77357.0,https://cdn.nba.com/headshots/nba/latest/1040x760/77357.png,NBA CDN,candidate,manual_identity_research,,,,True,0
P000901,Clyde Lovellette,Clyde Lovellette,clyde-lovellette-p000901,77414.0,https://cdn.nba.com/headshots/nba/latest/1040x760/77414.png,NBA CDN,candidate,manual_identity_research,,,,True,0
P000902,Clyde Lovellette*,Clyde Lovellette*,clyde-lovellette-p000902,77414.0,https://cdn.nba.com/headshots/nba/latest/1040x760/77414.png,NBA CDN,candidate,manual_identity_research,,,,True,0
P000903,Clyde Mayes,Clyde Mayes,clyde-mayes,77492.0,https://cdn.nba.com/headshots/nba/latest/1040x760/77492.png,NBA CDN,candidate,manual_identity_research,,,,True,0
P000904,Coby Dietrick,Coby Dietrick,coby-dietrick,76567.0,https://cdn.nba.com/headshots/nba/latest/1040x760/76567.png,NBA CDN,candidate,manual_identity_research,,,,True,0
P000905,Coby Karl,Coby Karl,coby-karl,201207.0,https://cdn.nba.com/headshots/nba/latest/1040x760/201207.png,NBA CDN,candidate,manual_identity_research,,,,True,0
P000906,Coby White,Coby White,coby-white,1629632.0,https://cdn.nba.com/headshots/nba/latest/1040x760/1629632.png,NBA CDN,candidate,manual_identity_research,,,,True,0
P000907,Cody Martin,Cody Martin,cody-martin,1628998.0,https://cdn.nba.com/headshots/nba/latest/1040x760/1628998.png,NBA CDN,candidate,manual_identity_research,,,,True,0
P000908,Cody Williams,Cody Williams,cody-williams,1642262.0,https://cdn.nba.com/headshots/nba/latest/1040x760/1642262.png,NBA CDN,candidate,manual_identity_research,,,,True,0
P000909,Cody Zeller,Cody Zeller,cody-zeller,203469.0,https://cdn.nba.com/headshots/nba/latest/1040x760/203469.png,NBA CDN,candidate,manual_identity_research,,,,True,0
P000910,Colby Jones,Colby Jones,colby-jones,1641732.0,https://cdn.nba.com/headshots/nba/latest/1040x760/1641732.png,NBA CDN,candidate,manual_identity_research,,,,True,0
P000911,Cole Aldrich,Cole Aldrich,cole-aldrich,202332.0,https://cdn.nba.com/headshots/nba/latest/1040x760/202332.png,NBA CDN,candidate,manual_identity_research,,,,True,0
P000912,Cole Anthony,Cole Anthony,cole-anthony,1630175.0,https://cdn.nba.com/headshots/nba/latest/1040x760/1630175.png,NBA CDN,candidate,manual_identity_research,,,,True,0
P000913,Cole Swider,Cole Swider,cole-swider,1631306.0,https://cdn.nba.com/headshots/nba/latest/1040x760/1631306.png,NBA CDN,candidate,manual_identity_research,,,,True,0
P000914,Colin Castleton,Colin Castleton,colin-castleton,1630658.0,https://cdn.nba.com/headshots/nba/latest/1040x760/1630658.png,NBA CDN,candidate,manual_identity_research,,,,True,0
P000915,Collin Gillespie,Collin Gillespie,collin-gillespie,1631221.0,https://cdn.nba.com/headshots/nba/latest/1040x760/1631221.png,NBA CDN,candidate,manual_identity_research,,,,True,0
P000916,Collin Murray-Boyles,Collin Murray-Boyles,collin-murray-boyles,1642867.0,https://cdn.nba.com/headshots/nba/latest/1040x760/1642867.png,NBA CDN,candidate,manual_identity_research,,,,True,0
P000917,Collin Sexton,Collin Sexton,collin-sexton,1629012.0,https://cdn.nba.com/headshots/nba/latest/1040x760/1629012.png,NBA CDN,candidate,manual_identity_research,,,,True,0
P000918,Conner Henry,Conner Henry,conner-henry,77002.0,https://cdn.nba.com/headshots/nba/latest/1040x760/77002.png,NBA CDN,candidate,manual_identity_research,,,,True,0
P000919,Connie Dierking,Connie Dierking,connie-dierking,76566.0,https://cdn.nba.com/headshots/nba/latest/1040x760/76566.png,NBA CDN,candidate,manual_identity_research,,,,True,0
P000920,Connie Hawkins,Connie Hawkins,connie-hawkins-p000920,76972.0,https://cdn.nba.com/headshots/nba/latest/1040x760/76972.png,NBA CDN,candidate,manual_identity_research,,,,True,0
P000921,Connie Hawkins*,Connie Hawkins*,connie-hawkins-p000921,76972.0,https://cdn.nba.com/headshots/nba/latest/1040x760/76972.png,NBA CDN,candidate,manual_identity_research,,,,True,0
P000922,Connie Norman,Connie Norman,connie-norman,77729.0,https://cdn.nba.com/headshots/nba/latest/1040x760/77729.png,NBA CDN,candidate,manual_identity_research,,,,True,0
P000923,Connie Rea,Connie Rea,connie-rea,77922.0,https://cdn.nba.com/headshots/nba/latest/1040x760/77922.png,NBA CDN,candidate,manual_identity_research,,,,True,0
P000924,Connie Simmons,Connie Simmons,connie-simmons,78153.0,https://cdn.nba.com/headshots/nba/latest/1040x760/78153.png,NBA CDN,candidate,manual_identity_research,,,,True,0
P000925,Cooper Flagg,Cooper Flagg,cooper-flagg,1642843.0,https://cdn.nba.com/headshots/nba/latest/1040x760/1642843.png,NBA CDN,candidate,manual_identity_research,,,,True,0
P000926,Corey Beck,Corey Beck,corey-beck,1133.0,https://cdn.nba.com/headshots/nba/latest/1040x760/1133.png,NBA CDN,candidate,manual_identity_research,,,,True,0
P000927,Corey Benjamin,Corey Benjamin,corey-benjamin,1736.0,https://cdn.nba.com/headshots/nba/latest/1040x760/1736.png,NBA CDN,candidate,manual_identity_research,,,,True,0
P000928,Corey Brewer,Corey Brewer,corey-brewer,201147.0,https://cdn.nba.com/headshots/nba/latest/1040x760/201147.png,NBA CDN,candidate,manual_identity_research,,,,True,0
P000929,Corey Crowder,Corey Crowder,corey-crowder,76482.0,https://cdn.nba.com/headshots/nba/latest/1040x760/76482.png,NBA CDN,candidate,manual_identity_research,,,,True,0
P000930,Corey Gaines,Corey Gaines,corey-gaines,76770.0,https://cdn.nba.com/headshots/nba/latest/1040x760/76770.png,NBA CDN,candidate,manual_identity_research,,,,True,0
P000931,Corey Kispert,Corey Kispert,corey-kispert,1630557.0,https://cdn.nba.com/headshots/nba/latest/1040x760/1630557.png,NBA CDN,candidate,manual_identity_research,,,,True,0
P000932,Corey Maggette,Corey Maggette,corey-maggette,1894.0,https://cdn.nba.com/headshots/nba/latest/1040x760/1894.png,NBA CDN,candidate,manual_identity_research,,,,True,0
P000933,Corey Williams,Corey Williams,corey-williams,200603.0,https://cdn.nba.com/headshots/nba/latest/1040x760/200603.png,NBA CDN,candidate,manual_identity_research,,,,True,0
P000934,Corie Blount,Corie Blount,corie-blount,916.0,https://cdn.nba.com/headshots/nba/latest/1040x760/916.png,NBA CDN,candidate,manual_identity_research,,,,True,0
P000935,Corky Calhoun,Corky Calhoun,corky-calhoun,76330.0,https://cdn.nba.com/headshots/nba/latest/1040x760/76330.png,NBA CDN,candidate,manual_identity_research,,,,True,0
P000936,Corky Devlin,Corky Devlin,corky-devlin,,,,manual_identity_review,manual_identity_research,,,,True,0
P000937,Corliss Williamson,Corliss Williamson,corliss-williamson,722.0,https://cdn.nba.com/headshots/nba/latest/1040x760/722.png,NBA CDN,candidate,manual_identity_research,,,,True,0
P000938,Cormac Ryan,Cormac Ryan,cormac-ryan,1642504.0,https://cdn.nba.com/headshots/nba/latest/1040x760/1642504.png,NBA CDN,candidate,manual_identity_research,,,,True,0
P000939,Cornelius Cash,Cornelius Cash,cornelius-cash,76364.0,https://cdn.nba.com/headshots/nba/latest/1040x760/76364.png,NBA CDN,candidate,manual_identity_research,,,,True,0
P000940,Cornell Warner,Cornell Warner,cornell-warner,78460.0,https://cdn.nba.com/headshots/nba/latest/1040x760/78460.png,NBA CDN,candidate,manual_identity_research,,,,True,0
P000941,Corny Thompson,Corny Thompson,corny-thompson,78325.0,https://cdn.nba.com/headshots/nba/latest/1040x760/78325.png,NBA CDN,candidate,manual_identity_research,,,,True,0
P000942,Corsley Edwards,Corsley Edwards,corsley-edwards,2451.0,https://cdn.nba.com/headshots/nba/latest/1040x760/2451.png,NBA CDN,candidate,manual_identity_research,,,,True,0
P000943,Cory Alexander,Cory Alexander,cory-alexander,724.0,https://cdn.nba.com/headshots/nba/latest/1040x760/724.png,NBA CDN,candidate,manual_identity_research,,,,True,0
P000944,Cory Blackwell,Cory Blackwell,cory-blackwell,76177.0,https://cdn.nba.com/headshots/nba/latest/1040x760/76177.png,NBA CDN,candidate,manual_identity_research,,,,True,0
P000945,Cory Carr,Cory Carr,cory-carr,1757.0,https://cdn.nba.com/headshots/nba/latest/1040x760/1757.png,NBA CDN,candidate,manual_identity_research,,,,True,0
P000946,Cory Higgins,Cory Higgins,cory-higgins,202809.0,https://cdn.nba.com/headshots/nba/latest/1040x760/202809.png,NBA CDN,candidate,manual_identity_research,,,,True,0
P000947,Cory Jefferson,Cory Jefferson,cory-jefferson,203928.0,https://cdn.nba.com/headshots/nba/latest/1040x760/203928.png,NBA CDN,candidate,manual_identity_research,,,,True,0
P000948,Cory Joseph,Cory Joseph,cory-joseph,202709.0,https://cdn.nba.com/headshots/nba/latest/1040x760/202709.png,NBA CDN,candidate,manual_identity_research,,,,True,0
P000949,Cotton Nash,Cotton Nash,cotton-nash,,,,manual_identity_review,manual_identity_research,,,,True,0
P000950,Coty Clarke,Coty Clarke,coty-clarke,1626262.0,https://cdn.nba.com/headshots/nba/latest/1040x760/1626262.png,NBA CDN,candidate,manual_identity_research,,,,True,0
P000951,Courtney Alexander,Courtney Alexander,courtney-alexander,2042.0,https://cdn.nba.com/headshots/nba/latest/1040x760/2042.png,NBA CDN,candidate,manual_identity_research,,,,True,0
P000952,Courtney Fortson,Courtney Fortson,courtney-fortson,202622.0,https://cdn.nba.com/headshots/nba/latest/1040x760/202622.png,NBA CDN,candidate,manual_identity_research,,,,True,0
P000953,Courtney Lee,Courtney Lee,courtney-lee,201584.0,https://cdn.nba.com/headshots/nba/latest/1040x760/201584.png,NBA CDN,candidate,manual_identity_research,,,,True,0
P000954,Courtney Sims,Courtney Sims,courtney-sims,201235.0,https://cdn.nba.com/headshots/nba/latest/1040x760/201235.png,NBA CDN,candidate,manual_identity_research,,,,True,0
P000955,Cozell McQueen,Cozell McQueen,cozell-mcqueen,77565.0,https://cdn.nba.com/headshots/nba/latest/1040x760/77565.png,NBA CDN,candidate,manual_identity_research,,,,True,0
P000956,Craig Brackins,Craig Brackins,craig-brackins,202342.0,https://cdn.nba.com/headshots/nba/latest/1040x760/202342.png,NBA CDN,candidate,manual_identity_research,,,,True,0
P000957,Craig Dykema,Craig Dykema,craig-dykema,76625.0,https://cdn.nba.com/headshots/nba/latest/1040x760/76625.png,NBA CDN,candidate,manual_identity_research,,,,True,0
P000958,Craig Ehlo,Craig Ehlo,craig-ehlo,378.0,https://cdn.nba.com/headshots/nba/latest/1040x760/378.png,NBA CDN,candidate,manual_identity_research,,,,True,0
P000959,Craig Hodges,Craig Hodges,craig-hodges,77034.0,https://cdn.nba.com/headshots/nba/latest/1040x760/77034.png,NBA CDN,candidate,manual_identity_research,,,,True,0
P000960,Craig Neal,Craig Neal,craig-neal,77694.0,https://cdn.nba.com/headshots/nba/latest/1040x760/77694.png,NBA CDN,candidate,manual_identity_research,,,,True,0
P000961,Craig Porter Jr.,Craig Porter Jr.,craig-porter-jr,1641854.0,https://cdn.nba.com/headshots/nba/latest/1040x760/1641854.png,NBA CDN,candidate,manual_identity_research,,,,True,0
P000962,Craig Raymond,Craig Raymond,craig-raymond,77921.0,https://cdn.nba.com/headshots/nba/latest/1040x760/77921.png,NBA CDN,candidate,manual_identity_research,,,,True,0
P000963,Craig Shelton,Craig Shelton,craig-shelton,78132.0,https://cdn.nba.com/headshots/nba/latest/1040x760/78132.png,NBA CDN,candidate,manual_identity_research,,,,True,0
P000964,Craig Smith,Craig Smith,craig-smith,200783.0,https://cdn.nba.com/headshots/nba/latest/1040x760/200783.png,NBA CDN,candidate,manual_identity_research,,,,True,0
P000965,Craig Spitzer,Craig Spitzer,craig-spitzer,78231.0,https://cdn.nba.com/headshots/nba/latest/1040x760/78231.png,NBA CDN,candidate,manual_identity_research,,,,True,0
P000966,Craig Sword,Craig Sword,craig-sword,1628591.0,https://cdn.nba.com/headshots/nba/latest/1040x760/1628591.png,NBA CDN,candidate,manual_identity_research,,,,True,0
P000967,Cristiano Felício,Cristiano Felício,cristiano-fel-cio,1626245.0,https://cdn.nba.com/headshots/nba/latest/1040x760/1626245.png,NBA CDN,candidate,manual_identity_research,,,,True,0
P000968,Cui Yongxi,Cui Yongxi,cui-yongxi,,,,manual_identity_review,manual_identity_research,,,,True,0
P000969,Cuonzo Martin,Cuonzo Martin,cuonzo-martin,733.0,https://cdn.nba.com/headshots/nba/latest/1040x760/733.png,NBA CDN,candidate,manual_identity_research,,,,True,0
P000970,Curtis Borchardt,Curtis Borchardt,curtis-borchardt,2414.0,https://cdn.nba.com/headshots/nba/latest/1040x760/2414.png,NBA CDN,candidate,manual_identity_research,,,,True,0
P000971,Curtis Jones,Curtis Jones,curtis-jones,1642938.0,https://cdn.nba.com/headshots/nba/latest/1040x760/1642938.png,NBA CDN,candidate,manual_identity_research,,,,True,0
P000972,Curtis Kitchen,Curtis Kitchen,curtis-kitchen,77280.0,https://cdn.nba.com/headshots/nba/latest/1040x760/77280.png,NBA CDN,candidate,manual_identity_research,,,,True,0
P000973,Curtis Perry,Curtis Perry,curtis-perry,77835.0,https://cdn.nba.com/headshots/nba/latest/1040x760/77835.png,NBA CDN,candidate,manual_identity_research,,,,True,0
P000974,Curtis Rowe,Curtis Rowe,curtis-rowe,78028.0,https://cdn.nba.com/headshots/nba/latest/1040x760/78028.png,NBA CDN,candidate,manual_identity_research,,,,True,0
P000975,Cuttino Mobley,Cuttino Mobley,cuttino-mobley,1749.0,https://cdn.nba.com/headshots/nba/latest/1040x760/1749.png,NBA CDN,candidate,manual_identity_research,,,,True,0
P000976,D'Angelo Russell,D'Angelo Russell,d-angelo-russell,1626156.0,https://cdn.nba.com/headshots/nba/latest/1040x760/1626156.png,NBA CDN,candidate,manual_identity_research,,,,True,0
P000977,D'Moi Hodge,D'Moi Hodge,d-moi-hodge,1641793.0,https://cdn.nba.com/headshots/nba/latest/1040x760/1641793.png,NBA CDN,candidate,manual_identity_research,,,,True,0
P000978,D.J. Augustin,D.J. Augustin,d-j-augustin,201571.0,https://cdn.nba.com/headshots/nba/latest/1040x760/201571.png,NBA CDN,candidate,manual_identity_research,,,,True,0
P000979,D.J. Carton,D.J. Carton,d-j-carton,1630618.0,https://cdn.nba.com/headshots/nba/latest/1040x760/1630618.png,NBA CDN,candidate,manual_identity_research,,,,True,0
P000980,D.J. Kennedy,D.J. Kennedy,d-j-kennedy,202810.0,https://cdn.nba.com/headshots/nba/latest/1040x760/202810.png,NBA CDN,candidate,manual_identity_research,,,,True,0
P000981,D.J. Mbenga,D.J. Mbenga,d-j-mbenga,2788.0,https://cdn.nba.com/headshots/nba/latest/1040x760/2788.png,NBA CDN,verified,none,200.0,image/avif,verified,True,0
P000982,D.J. Stephens,D.J. Stephens,d-j-stephens,203474.0,https://cdn.nba.com/headshots/nba/latest/1040x760/203474.png,NBA CDN,verified,none,200.0,image/avif,verified,True,0
P000983,D.J. Strawberry,D.J. Strawberry,d-j-strawberry,201199.0,https://cdn.nba.com/headshots/nba/latest/1040x760/201199.png,NBA CDN,verified,none,200.0,image/avif,verified,True,0
P000984,D.J. White,D.J. White,d-j-white,201591.0,https://cdn.nba.com/headshots/nba/latest/1040x760/201591.png,NBA CDN,verified,none,200.0,image/avif,verified,True,0
P000985,D.J. Wilson,D.J. Wilson,d-j-wilson,1628391.0,https://cdn.nba.com/headshots/nba/latest/1040x760/1628391.png,NBA CDN,candidate,manual_identity_research,,,,True,0
P000986,DaJuan Summers,DaJuan Summers,dajuan-summers,201969.0,https://cdn.nba.com/headshots/nba/latest/1040x760/201969.png,NBA CDN,candidate,manual_identity_research,,,,True,0
P000987,DaQuan Jeffries,DaQuan Jeffries,daquan-jeffries,1629610.0,https://cdn.nba.com/headshots/nba/latest/1040x760/1629610.png,NBA CDN,candidate,manual_identity_research,,,,True,0
P000988,DaRon Holmes,DaRon Holmes,daron-holmes,1641747.0,https://cdn.nba.com/headshots/nba/latest/1040x760/1641747.png,NBA CDN,verified,none,200.0,image/avif,verified,True,0
P000989,Daequan Cook,Daequan Cook,daequan-cook,201161.0,https://cdn.nba.com/headshots/nba/latest/1040x760/201161.png,NBA CDN,candidate,manual_identity_research,,,,True,0
P000990,Daeqwon Plowden,Daeqwon Plowden,daeqwon-plowden,1631342.0,https://cdn.nba.com/headshots/nba/latest/1040x760/1631342.png,NBA CDN,candidate,manual_identity_research,,,,True,0
P000991,Dahntay Jones,Dahntay Jones,dahntay-jones,2563.0,https://cdn.nba.com/headshots/nba/latest/1040x760/2563.png,NBA CDN,candidate,manual_identity_research,,,,True,0
P000992,Dairis Bertāns,Dairis Bertāns,dairis-bert-ns,1629541.0,https://cdn.nba.com/headshots/nba/latest/1040x760/1629541.png,NBA CDN,candidate,manual_identity_research,,,,True,0
P000993,Daishen Nix,Daishen Nix,daishen-nix,1630227.0,https://cdn.nba.com/headshots/nba/latest/1040x760/1630227.png,NBA CDN,candidate,manual_identity_research,,,,True,0
P000994,Dajuan Wagner,Dajuan Wagner,dajuan-wagner,2402.0,https://cdn.nba.com/headshots/nba/latest/1040x760/2402.png,NBA CDN,candidate,manual_identity_research,,,,True,0
P000995,Dakari Johnson,Dakari Johnson,dakari-johnson,1626177.0,https://cdn.nba.com/headshots/nba/latest/1040x760/1626177.png,NBA CDN,candidate,manual_identity_research,,,,True,0
P000996,Dakota Mathias,Dakota Mathias,dakota-mathias,1629751.0,https://cdn.nba.com/headshots/nba/latest/1040x760/1629751.png,NBA CDN,candidate,manual_identity_research,,,,True,0
P000997,Dalano Banton,Dalano Banton,dalano-banton,1630625.0,https://cdn.nba.com/headshots/nba/latest/1040x760/1630625.png,NBA CDN,candidate,manual_identity_research,,,,True,0
P000998,Dale Davis,Dale Davis,dale-davis,905.0,https://cdn.nba.com/headshots/nba/latest/1040x760/905.png,NBA CDN,candidate,manual_identity_research,,,,True,0
P000999,Dale Ellis,Dale Ellis,dale-ellis,107.0,https://cdn.nba.com/headshots/nba/latest/1040x760/107.png,NBA CDN,candidate,manual_identity_research,,,,True,0
P001000,Dale Schlueter,Dale Schlueter,dale-schlueter,78084.0,https://cdn.nba.com/headshots/nba/latest/1040x760/78084.png,NBA CDN,candidate,manual_identity_research,,,,True,0
P001001,Dale Wilkinson,Dale Wilkinson,dale-wilkinson,78538.0,https://cdn.nba.com/headshots/nba/latest/1040x760/78538.png,NBA CDN,candidate,manual_identity_research,,,,True,0
P001002,Dalen Terry,Dalen Terry,dalen-terry,1631207.0,https://cdn.nba.com/headshots/nba/latest/1040x760/1631207.png,NBA CDN,candidate,manual_identity_research,,,,True,0
P001003,Dalibor Bagarić,Dalibor Bagarić,dalibor-bagari,2053.0,https://cdn.nba.com/headshots/nba/latest/1040x760/2053.png,NBA CDN,candidate,manual_identity_research,,,,True,0
P001004,Dallas Comegys,Dallas Comegys,dallas-comegys,76426.0,https://cdn.nba.com/headshots/nba/latest/1040x760/76426.png,NBA CDN,candidate,manual_identity_research,,,,True,0
P001005,Dalton Knecht,Dalton Knecht,dalton-knecht,1642261.0,https://cdn.nba.com/headshots/nba/latest/1040x760/1642261.png,NBA CDN,candidate,manual_identity_research,,,,True,0
P001006,Damian Jones,Damian Jones,damian-jones,1627745.0,https://cdn.nba.com/headshots/nba/latest/1040x760/1627745.png,NBA CDN,candidate,manual_identity_research,,,,True,0
P001007,Damian Lillard,Damian Lillard,damian-lillard,203081.0,https://cdn.nba.com/headshots/nba/latest/1040x760/203081.png,NBA CDN,candidate,manual_identity_research,,,,True,0
P001008,Damien Inglis,Damien Inglis,damien-inglis,203996.0,https://cdn.nba.com/headshots/nba/latest/1040x760/203996.png,NBA CDN,candidate,manual_identity_research,,,,True,0
P001009,Damien Wilkins,Damien Wilkins,damien-wilkins,2863.0,https://cdn.nba.com/headshots/nba/latest/1040x760/2863.png,NBA CDN,candidate,manual_identity_research,,,,True,0
P001010,Damion Baugh,Damion Baugh,damion-baugh,1641878.0,https://cdn.nba.com/headshots/nba/latest/1040x760/1641878.png,NBA CDN,candidate,manual_identity_research,,,,True,0
P001011,Damion James,Damion James,damion-james,202345.0,https://cdn.nba.com/headshots/nba/latest/1040x760/202345.png,NBA CDN,candidate,manual_identity_research,,,,True,0
P001012,Damion Lee,Damion Lee,damion-lee,1627814.0,https://cdn.nba.com/headshots/nba/latest/1040x760/1627814.png,NBA CDN,candidate,manual_identity_research,,,,True,0
P001013,Damir Markota,Damir Markota,damir-markota,200806.0,https://cdn.nba.com/headshots/nba/latest/1040x760/200806.png,NBA CDN,candidate,manual_identity_research,,,,True,0
P001014,Damjan Rudež,Damjan Rudež,damjan-rude,204014.0,https://cdn.nba.com/headshots/nba/latest/1040x760/204014.png,NBA CDN,candidate,manual_identity_research,,,,True,0
P001015,Damon Jones,Damon Jones,damon-jones,1800.0,https://cdn.nba.com/headshots/nba/latest/1040x760/1800.png,NBA CDN,candidate,manual_identity_research,,,,True,0
P001016,Damon Stoudamire,Damon Stoudamire,damon-stoudamire,757.0,https://cdn.nba.com/headshots/nba/latest/1040x760/757.png,NBA CDN,candidate,manual_identity_research,,,,True,0
P001017,Damone Brown,Damone Brown,damone-brown,2245.0,https://cdn.nba.com/headshots/nba/latest/1040x760/2245.png,NBA CDN,candidate,manual_identity_research,,,,True,0
P001018,Damyean Dotson,Damyean Dotson,damyean-dotson,1628422.0,https://cdn.nba.com/headshots/nba/latest/1040x760/1628422.png,NBA CDN,candidate,manual_identity_research,,,,True,0
P001019,Dan Anderson,Dan Anderson,dan-anderson,,,,manual_identity_review,manual_identity_research,,,,True,0
P001020,Dan Dickau,Dan Dickau,dan-dickau,2424.0,https://cdn.nba.com/headshots/nba/latest/1040x760/2424.png,NBA CDN,candidate,manual_identity_research,,,,True,0
P001021,Dan Gadzuric,Dan Gadzuric,dan-gadzuric,2429.0,https://cdn.nba.com/headshots/nba/latest/1040x760/2429.png,NBA CDN,candidate,manual_identity_research,,,,True,0
P001022,Dan Godfread,Dan Godfread,dan-godfread,76827.0,https://cdn.nba.com/headshots/nba/latest/1040x760/76827.png,NBA CDN,candidate,manual_identity_research,,,,True,0
P001023,Dan Issel,Dan Issel,dan-issel-p001023,77097.0,https://cdn.nba.com/headshots/nba/latest/1040x760/77097.png,NBA CDN,candidate,manual_identity_research,,,,True,0
P001024,Dan Issel*,Dan Issel*,dan-issel-p001024,77097.0,https://cdn.nba.com/headshots/nba/latest/1040x760/77097.png,NBA CDN,candidate,manual_identity_research,,,,True,0
P001025,Dan King,Dan King,dan-king,77266.0,https://cdn.nba.com/headshots/nba/latest/1040x760/77266.png,NBA CDN,candidate,manual_identity_research,,,,True,0
P001026,Dan Langhi,Dan Langhi,dan-langhi,2061.0,https://cdn.nba.com/headshots/nba/latest/1040x760/2061.png,NBA CDN,candidate,manual_identity_research,,,,True,0
P001027,Dan Majerle,Dan Majerle,dan-majerle,105.0,https://cdn.nba.com/headshots/nba/latest/1040x760/105.png,NBA CDN,candidate,manual_identity_research,,,,True,0
P001028,Dan McClintock,Dan McClintock,dan-mcclintock,2082.0,https://cdn.nba.com/headshots/nba/latest/1040x760/2082.png,NBA CDN,candidate,manual_identity_research,,,,True,0
P001029,Dan O'Sullivan,Dan O'Sullivan,dan-o-sullivan,77776.0,https://cdn.nba.com/headshots/nba/latest/1040x760/77776.png,NBA CDN,candidate,manual_identity_research,,,,True,0
P001030,Dan Roundfield,Dan Roundfield,dan-roundfield,78025.0,https://cdn.nba.com/headshots/nba/latest/1040x760/78025.png,NBA CDN,candidate,manual_identity_research,,,,True,0
P001031,Dan Swartz,Dan Swartz,dan-swartz,78285.0,https://cdn.nba.com/headshots/nba/latest/1040x760/78285.png,NBA CDN,candidate,manual_identity_research,,,,True,0
P001032,Dan Tieman,Dan Tieman,dan-tieman,78342.0,https://cdn.nba.com/headshots/nba/latest/1040x760/78342.png,NBA CDN,candidate,manual_identity_research,,,,True,0
P001033,Dana Barros,Dana Barros,dana-barros,344.0,https://cdn.nba.com/headshots/nba/latest/1040x760/344.png,NBA CDN,candidate,manual_identity_research,,,,True,0
P001034,Dane Suttle,Dane Suttle,dane-suttle,78281.0,https://cdn.nba.com/headshots/nba/latest/1040x760/78281.png,NBA CDN,candidate,manual_identity_research,,,,True,0
P001035,Daniel Ewing,Daniel Ewing,daniel-ewing,101137.0,https://cdn.nba.com/headshots/nba/latest/1040x760/101137.png,NBA CDN,candidate,manual_identity_research,,,,True,0
P001036,Daniel Gafford,Daniel Gafford,daniel-gafford,1629655.0,https://cdn.nba.com/headshots/nba/latest/1040x760/1629655.png,NBA CDN,candidate,manual_identity_research,,,,True,0
P001037,Daniel Gibson,Daniel Gibson,daniel-gibson,200789.0,https://cdn.nba.com/headshots/nba/latest/1040x760/200789.png,NBA CDN,candidate,manual_identity_research,,,,True,0
P001038,Daniel Hamilton,Daniel Hamilton,daniel-hamilton,1627772.0,https://cdn.nba.com/headshots/nba/latest/1040x760/1627772.png,NBA CDN,candidate,manual_identity_research,,,,True,0
P001039,Daniel Ochefu,Daniel Ochefu,daniel-ochefu,1627849.0,https://cdn.nba.com/headshots/nba/latest/1040x760/1627849.png,NBA CDN,candidate,manual_identity_research,,,,True,0
P001040,Daniel Orton,Daniel Orton,daniel-orton,202350.0,https://cdn.nba.com/headshots/nba/latest/1040x760/202350.png,NBA CDN,candidate,manual_identity_research,,,,True,0
P001041,Daniel Oturu,Daniel Oturu,daniel-oturu,1630187.0,https://cdn.nba.com/headshots/nba/latest/1040x760/1630187.png,NBA CDN,candidate,manual_identity_research,,,,True,0
P001042,Daniel Santiago,Daniel Santiago,daniel-santiago,2091.0,https://cdn.nba.com/headshots/nba/latest/1040x760/2091.png,NBA CDN,candidate,manual_identity_research,,,,True,0
P001043,Daniel Theis,Daniel Theis,daniel-theis,1628464.0,https://cdn.nba.com/headshots/nba/latest/1040x760/1628464.png,NBA CDN,candidate,manual_identity_research,,,,True,0
P001044,Danilo Gallinari,Danilo Gallinari,danilo-gallinari,201568.0,https://cdn.nba.com/headshots/nba/latest/1040x760/201568.png,NBA CDN,candidate,manual_identity_research,,,,True,0
P001045,Daniss Jenkins,Daniss Jenkins,daniss-jenkins,1642450.0,https://cdn.nba.com/headshots/nba/latest/1040x760/1642450.png,NBA CDN,candidate,manual_identity_research,,,,True,0
P001046,Danny Ainge,Danny Ainge,danny-ainge,76017.0,https://cdn.nba.com/headshots/nba/latest/1040x760/76017.png,NBA CDN,candidate,manual_identity_research,,,,True,0
P001047,Danny Doyle,Danny Doyle,danny-doyle,76595.0,https://cdn.nba.com/headshots/nba/latest/1040x760/76595.png,NBA CDN,candidate,manual_identity_research,,,,True,0
P001048,Danny Ferry,Danny Ferry,danny-ferry,198.0,https://cdn.nba.com/headshots/nba/latest/1040x760/198.png,NBA CDN,candidate,manual_identity_research,,,,True,0
P001049,Danny Finn,Danny Finn,danny-finn,76717.0,https://cdn.nba.com/headshots/nba/latest/1040x760/76717.png,NBA CDN,candidate,manual_identity_research,,,,True,0
P001050,Danny Fortson,Danny Fortson,danny-fortson,1504.0,https://cdn.nba.com/headshots/nba/latest/1040x760/1504.png,NBA CDN,candidate,manual_identity_research,,,,True,0
P001051,Danny Granger,Danny Granger,danny-granger,101122.0,https://cdn.nba.com/headshots/nba/latest/1040x760/101122.png,NBA CDN,candidate,manual_identity_research,,,,True,0
P001052,Danny Green,Danny Green,danny-green,201980.0,https://cdn.nba.com/headshots/nba/latest/1040x760/201980.png,NBA CDN,candidate,manual_identity_research,,,,True,0
P001053,Danny Manning,Danny Manning,danny-manning,330.0,https://cdn.nba.com/headshots/nba/latest/1040x760/330.png,NBA CDN,candidate,manual_identity_research,,,,True,0
P001054,Danny Schayes,Danny Schayes,danny-schayes,,,,manual_identity_review,manual_identity_research,,,,True,0
P001055,Danny Vranes,Danny Vranes,danny-vranes,78423.0,https://cdn.nba.com/headshots/nba/latest/1040x760/78423.png,NBA CDN,candidate,manual_identity_research,,,,True,0
P001056,Danny Wolf,Danny Wolf,danny-wolf,1642874.0,https://cdn.nba.com/headshots/nba/latest/1040x760/1642874.png,NBA CDN,candidate,manual_identity_research,,,,True,0
P001057,Danny Young,Danny Young,danny-young,78633.0,https://cdn.nba.com/headshots/nba/latest/1040x760/78633.png,NBA CDN,candidate,manual_identity_research,,,,True,0
P001058,Dante Cunningham,Dante Cunningham,dante-cunningham,201967.0,https://cdn.nba.com/headshots/nba/latest/1040x760/201967.png,NBA CDN,candidate,manual_identity_research,,,,True,0
P001059,Danté Exum,Danté Exum,dant-exum,203957.0,https://cdn.nba.com/headshots/nba/latest/1040x760/203957.png,NBA CDN,candidate,manual_identity_research,,,,True,0
P001060,Danuel House Jr.,Danuel House Jr.,danuel-house-jr,1627863.0,https://cdn.nba.com/headshots/nba/latest/1040x760/1627863.png,NBA CDN,candidate,manual_identity_research,,,,True,0
P001061,Darington Hobson,Darington Hobson,darington-hobson,202359.0,https://cdn.nba.com/headshots/nba/latest/1040x760/202359.png,NBA CDN,candidate,manual_identity_research,,,,True,0
P001062,Dario Šarić,Dario Šarić,dario-ari,203967.0,https://cdn.nba.com/headshots/nba/latest/1040x760/203967.png,NBA CDN,candidate,manual_identity_research,,,,True,0
P001063,Dariq Whitehead,Dariq Whitehead,dariq-whitehead,1641727.0,https://cdn.nba.com/headshots/nba/latest/1040x760/1641727.png,NBA CDN,candidate,manual_identity_research,,,,True,0
P001064,Darius Bazley,Darius Bazley,darius-bazley,1629647.0,https://cdn.nba.com/headshots/nba/latest/1040x760/1629647.png,NBA CDN,candidate,manual_identity_research,,,,True,0
P001065,Darius Brown II,Darius Brown II,darius-brown-ii,1642468.0,https://cdn.nba.com/headshots/nba/latest/1040x760/1642468.png,NBA CDN,candidate,manual_identity_research,,,,True,0
P001066,Darius Days,Darius Days,darius-days,1630620.0,https://cdn.nba.com/headshots/nba/latest/1040x760/1630620.png,NBA CDN,candidate,manual_identity_research,,,,True,0
P001067,Darius Garland,Darius Garland,darius-garland,1629636.0,https://cdn.nba.com/headshots/nba/latest/1040x760/1629636.png,NBA CDN,candidate,manual_identity_research,,,,True,0
P001068,Darius Johnson-Odom,Darius Johnson-Odom,darius-johnson-odom,203130.0,https://cdn.nba.com/headshots/nba/latest/1040x760/203130.png,NBA CDN,candidate,manual_identity_research,,,,True,0
P001069,Darius Miles,Darius Miles,darius-miles,2032.0,https://cdn.nba.com/headshots/nba/latest/1040x760/2032.png,NBA CDN,candidate,manual_identity_research,,,,True,0
P001070,Darius Miller,Darius Miller,darius-miller,203121.0,https://cdn.nba.com/headshots/nba/latest/1040x760/203121.png,NBA CDN,candidate,manual_identity_research,,,,True,0
P001071,Darius Morris,Darius Morris,darius-morris,202721.0,https://cdn.nba.com/headshots/nba/latest/1040x760/202721.png,NBA CDN,candidate,manual_identity_research,,,,True,0
P001072,Darius Songaila,Darius Songaila,darius-songaila,2443.0,https://cdn.nba.com/headshots/nba/latest/1040x760/2443.png,NBA CDN,candidate,manual_identity_research,,,,True,0
P001073,Darius Washington,Darius Washington,darius-washington,200827.0,https://cdn.nba.com/headshots/nba/latest/1040x760/200827.png,NBA CDN,candidate,manual_identity_research,,,,True,0
P001074,Darko Miličić,Darko Miličić,darko-mili-i,2545.0,https://cdn.nba.com/headshots/nba/latest/1040x760/2545.png,NBA CDN,candidate,manual_identity_research,,,,True,0
P001075,Darnell Hillman,Darnell Hillman,darnell-hillman,77028.0,https://cdn.nba.com/headshots/nba/latest/1040x760/77028.png,NBA CDN,candidate,manual_identity_research,,,,True,0
P001076,Darnell Jackson,Darnell Jackson,darnell-jackson,201616.0,https://cdn.nba.com/headshots/nba/latest/1040x760/201616.png,NBA CDN,candidate,manual_identity_research,,,,True,0
P001077,Darnell Mee,Darnell Mee,darnell-mee,1577.0,https://cdn.nba.com/headshots/nba/latest/1040x760/1577.png,NBA CDN,candidate,manual_identity_research,,,,True,0
P001078,Darnell Valentine,Darnell Valentine,darnell-valentine,78395.0,https://cdn.nba.com/headshots/nba/latest/1040x760/78395.png,NBA CDN,candidate,manual_identity_research,,,,True,0
P001079,Darrall Imhoff,Darrall Imhoff,darrall-imhoff,77093.0,https://cdn.nba.com/headshots/nba/latest/1040x760/77093.png,NBA CDN,candidate,manual_identity_research,,,,True,0
P001080,Darrell Allums,Darrell Allums,darrell-allums,76030.0,https://cdn.nba.com/headshots/nba/latest/1040x760/76030.png,NBA CDN,candidate,manual_identity_research,,,,True,0
P001081,Darrell Armstrong,Darrell Armstrong,darrell-armstrong,353.0,https://cdn.nba.com/headshots/nba/latest/1040x760/353.png,NBA CDN,candidate,manual_identity_research,,,,True,0
P001082,Darrell Arthur,Darrell Arthur,darrell-arthur,201589.0,https://cdn.nba.com/headshots/nba/latest/1040x760/201589.png,NBA CDN,candidate,manual_identity_research,,,,True,0
P001083,Darrell Elston,Darrell Elston,darrell-elston,76667.0,https://cdn.nba.com/headshots/nba/latest/1040x760/76667.png,NBA CDN,candidate,manual_identity_research,,,,True,0
P001084,Darrell Griffith,Darrell Griffith,darrell-griffith,76890.0,https://cdn.nba.com/headshots/nba/latest/1040x760/76890.png,NBA CDN,candidate,manual_identity_research,,,,True,0
P001085,Darrell Lockhart,Darrell Lockhart,darrell-lockhart,77399.0,https://cdn.nba.com/headshots/nba/latest/1040x760/77399.png,NBA CDN,candidate,manual_identity_research,,,,True,0
P001086,Darrell Walker,Darrell Walker,darrell-walker,78437.0,https://cdn.nba.com/headshots/nba/latest/1040x760/78437.png,NBA CDN,candidate,manual_identity_research,,,,True,0
P001087,Darren Collison,Darren Collison,darren-collison,201954.0,https://cdn.nba.com/headshots/nba/latest/1040x760/201954.png,NBA CDN,candidate,manual_identity_research,,,,True,0
P001088,Darren Daye,Darren Daye,darren-daye,76543.0,https://cdn.nba.com/headshots/nba/latest/1040x760/76543.png,NBA CDN,candidate,manual_identity_research,,,,True,0
P001089,Darren Morningstar,Darren Morningstar,darren-morningstar,77644.0,https://cdn.nba.com/headshots/nba/latest/1040x760/77644.png,NBA CDN,candidate,manual_identity_research,,,,True,0
P001090,Darren Tillis,Darren Tillis,darren-tillis,78343.0,https://cdn.nba.com/headshots/nba/latest/1040x760/78343.png,NBA CDN,candidate,manual_identity_research,,,,True,0
P001091,Darrick Martin,Darrick Martin,darrick-martin,239.0,https://cdn.nba.com/headshots/nba/latest/1040x760/239.png,NBA CDN,candidate,manual_identity_research,,,,True,0
P001092,Darrin Hancock,Darrin Hancock,darrin-hancock,241.0,https://cdn.nba.com/headshots/nba/latest/1040x760/241.png,NBA CDN,candidate,manual_identity_research,,,,True,0
P001093,Darrun Hilliard,Darrun Hilliard,darrun-hilliard,1626199.0,https://cdn.nba.com/headshots/nba/latest/1040x760/1626199.png,NBA CDN,candidate,manual_identity_research,,,,True,0
P001094,Darryl Dawkins,Darryl Dawkins,darryl-dawkins,76539.0,https://cdn.nba.com/headshots/nba/latest/1040x760/76539.png,NBA CDN,candidate,manual_identity_research,,,,True,0
P001095,Darryl Johnson,Darryl Johnson,darryl-johnson,683.0,https://cdn.nba.com/headshots/nba/latest/1040x760/683.png,NBA CDN,candidate,manual_identity_research,,,,True,0
P001096,Darryl Watkins,Darryl Watkins,darryl-watkins,201208.0,https://cdn.nba.com/headshots/nba/latest/1040x760/201208.png,NBA CDN,candidate,manual_identity_research,,,,True,0
P001097,Darvin Ham,Darvin Ham,darvin-ham,1032.0,https://cdn.nba.com/headshots/nba/latest/1040x760/1032.png,NBA CDN,candidate,manual_identity_research,,,,True,0
P001098,Darwin Cook,Darwin Cook,darwin-cook,76435.0,https://cdn.nba.com/headshots/nba/latest/1040x760/76435.png,NBA CDN,candidate,manual_identity_research,,,,True,0
P001099,Daryl Macon,Daryl Macon,daryl-macon,1629133.0,https://cdn.nba.com/headshots/nba/latest/1040x760/1629133.png,NBA CDN,candidate,manual_identity_research,,,,True,0
P001100,Dave Batton,Dave Batton,dave-batton,76124.0,https://cdn.nba.com/headshots/nba/latest/1040x760/76124.png,NBA CDN,candidate,manual_identity_research,,,,True,0
P001101,Dave Bing,Dave Bing,dave-bing-p001101,76166.0,https://cdn.nba.com/headshots/nba/latest/1040x760/76166.png,NBA CDN,candidate,manual_identity_research,,,,True,0
P001102,Dave Bing*,Dave Bing*,dave-bing-p001102,76166.0,https://cdn.nba.com/headshots/nba/latest/1040x760/76166.png,NBA CDN,candidate,manual_identity_research,,,,True,0
P001103,Dave Britton,Dave Britton,dave-britton,,,,manual_identity_review,manual_identity_research,,,,True,0
P001104,Dave Budd,Dave Budd,dave-budd,76297.0,https://cdn.nba.com/headshots/nba/latest/1040x760/76297.png,NBA CDN,candidate,manual_identity_research,,,,True,0
P001105,Dave Corzine,Dave Corzine,dave-corzine,76453.0,https://cdn.nba.com/headshots/nba/latest/1040x760/76453.png,NBA CDN,candidate,manual_identity_research,,,,True,0
P001106,Dave Cowens,Dave Cowens,dave-cowens-p001106,76462.0,https://cdn.nba.com/headshots/nba/latest/1040x760/76462.png,NBA CDN,candidate,manual_identity_research,,,,True,0
P001107,Dave Cowens*,Dave Cowens*,dave-cowens-p001107,76462.0,https://cdn.nba.com/headshots/nba/latest/1040x760/76462.png,NBA CDN,candidate,manual_identity_research,,,,True,0
P001108,Dave DeBusschere,Dave DeBusschere,dave-debusschere-p001108,76545.0,https://cdn.nba.com/headshots/nba/latest/1040x760/76545.png,NBA CDN,candidate,manual_identity_research,,,,True,0
P001109,Dave DeBusschere*,Dave DeBusschere*,dave-debusschere-p001109,76545.0,https://cdn.nba.com/headshots/nba/latest/1040x760/76545.png,NBA CDN,candidate,manual_identity_research,,,,True,0
P001110,Dave Deutsch,Dave Deutsch,dave-deutsch,76560.0,https://cdn.nba.com/headshots/nba/latest/1040x760/76560.png,NBA CDN,candidate,manual_identity_research,,,,True,0
P001111,Dave Fedor,Dave Fedor,dave-fedor,76697.0,https://cdn.nba.com/headshots/nba/latest/1040x760/76697.png,NBA CDN,candidate,manual_identity_research,,,,True,0
P001112,Dave Feitl,Dave Feitl,dave-feitl,76703.0,https://cdn.nba.com/headshots/nba/latest/1040x760/76703.png,NBA CDN,candidate,manual_identity_research,,,,True,0
P001113,Dave Gambee,Dave Gambee,dave-gambee,76774.0,https://cdn.nba.com/headshots/nba/latest/1040x760/76774.png,NBA CDN,candidate,manual_identity_research,,,,True,0
P001114,Dave Greenwood,Dave Greenwood,dave-greenwood,,,,manual_identity_review,manual_identity_research,,,,True,0
P001115,Dave Gunther,Dave Gunther,dave-gunther,76906.0,https://cdn.nba.com/headshots/nba/latest/1040x760/76906.png,NBA CDN,candidate,manual_identity_research,,,,True,0
P001116,Dave Henderson,Dave Henderson,dave-henderson,76991.0,https://cdn.nba.com/headshots/nba/latest/1040x760/76991.png,NBA CDN,candidate,manual_identity_research,,,,True,0
P001117,Dave Hoppen,Dave Hoppen,dave-hoppen,77053.0,https://cdn.nba.com/headshots/nba/latest/1040x760/77053.png,NBA CDN,candidate,manual_identity_research,,,,True,0
P001118,Dave Jamerson,Dave Jamerson,dave-jamerson,77114.0,https://cdn.nba.com/headshots/nba/latest/1040x760/77114.png,NBA CDN,candidate,manual_identity_research,,,,True,0
P001119,Dave Johnson,Dave Johnson,dave-johnson,77138.0,https://cdn.nba.com/headshots/nba/latest/1040x760/77138.png,NBA CDN,candidate,manual_identity_research,,,,True,0
P001120,Dave Lattin,Dave Lattin,dave-lattin,77342.0,https://cdn.nba.com/headshots/nba/latest/1040x760/77342.png,NBA CDN,candidate,manual_identity_research,,,,True,0
P001121,Dave Magley,Dave Magley,dave-magley,77442.0,https://cdn.nba.com/headshots/nba/latest/1040x760/77442.png,NBA CDN,candidate,manual_identity_research,,,,True,0
P001122,Dave Meyers,Dave Meyers,dave-meyers,77586.0,https://cdn.nba.com/headshots/nba/latest/1040x760/77586.png,NBA CDN,candidate,manual_identity_research,,,,True,0
P001123,Dave Minor,Dave Minor,dave-minor,77610.0,https://cdn.nba.com/headshots/nba/latest/1040x760/77610.png,NBA CDN,candidate,manual_identity_research,,,,True,0
P001124,Dave Newmark,Dave Newmark,dave-newmark,77712.0,https://cdn.nba.com/headshots/nba/latest/1040x760/77712.png,NBA CDN,candidate,manual_identity_research,,,,True,0
P001125,Dave Piontek,Dave Piontek,dave-piontek,77862.0,https://cdn.nba.com/headshots/nba/latest/1040x760/77862.png,NBA CDN,candidate,manual_identity_research,,,,True,0
P001126,Dave Popson,Dave Popson,dave-popson,77872.0,https://cdn.nba.com/headshots/nba/latest/1040x760/77872.png,NBA CDN,candidate,manual_identity_research,,,,True,0
P001127,Dave Robisch,Dave Robisch,dave-robisch,77998.0,https://cdn.nba.com/headshots/nba/latest/1040x760/77998.png,NBA CDN,candidate,manual_identity_research,,,,True,0
P001128,Dave Schellhase,Dave Schellhase,dave-schellhase,78081.0,https://cdn.nba.com/headshots/nba/latest/1040x760/78081.png,NBA CDN,candidate,manual_identity_research,,,,True,0
P001129,Dave Scholz,Dave Scholz,dave-scholz,78088.0,https://cdn.nba.com/headshots/nba/latest/1040x760/78088.png,NBA CDN,candidate,manual_identity_research,,,,True,0
P001130,Dave Sorenson,Dave Sorenson,dave-sorenson,78220.0,https://cdn.nba.com/headshots/nba/latest/1040x760/78220.png,NBA CDN,candidate,manual_identity_research,,,,True,0
P001131,Dave Stallworth,Dave Stallworth,dave-stallworth,78238.0,https://cdn.nba.com/headshots/nba/latest/1040x760/78238.png,NBA CDN,candidate,manual_identity_research,,,,True,0
P001132,Dave Twardzik,Dave Twardzik,dave-twardzik,78387.0,https://cdn.nba.com/headshots/nba/latest/1040x760/78387.png,NBA CDN,candidate,manual_identity_research,,,,True,0
P001133,Dave Wohl,Dave Wohl,dave-wohl,78606.0,https://cdn.nba.com/headshots/nba/latest/1040x760/78606.png,NBA CDN,candidate,manual_identity_research,,,,True,0
P001134,Dave Zeller,Dave Zeller,dave-zeller,78640.0,https://cdn.nba.com/headshots/nba/latest/1040x760/78640.png,NBA CDN,candidate,manual_identity_research,,,,True,0
P001135,David Andersen,David Andersen,david-andersen,2431.0,https://cdn.nba.com/headshots/nba/latest/1040x760/2431.png,NBA CDN,candidate,manual_identity_research,,,,True,0
P001136,David Benoit,David Benoit,david-benoit,128.0,https://cdn.nba.com/headshots/nba/latest/1040x760/128.png,NBA CDN,candidate,manual_identity_research,,,,True,0
P001137,David Burns,David Burns,david-burns,76307.0,https://cdn.nba.com/headshots/nba/latest/1040x760/76307.png,NBA CDN,candidate,manual_identity_research,,,,True,0
P001138,David Cooke,David Cooke,david-cooke,76439.0,https://cdn.nba.com/headshots/nba/latest/1040x760/76439.png,NBA CDN,candidate,manual_identity_research,,,,True,0
P001139,David Duke Jr.,David Duke Jr.,david-duke-jr,1630561.0,https://cdn.nba.com/headshots/nba/latest/1040x760/1630561.png,NBA CDN,candidate,manual_identity_research,,,,True,0
P001140,David Harrison,David Harrison,david-harrison,2758.0,https://cdn.nba.com/headshots/nba/latest/1040x760/2758.png,NBA CDN,candidate,manual_identity_research,,,,True,0
P001141,David Johnson,David Johnson,david-johnson,1630525.0,https://cdn.nba.com/headshots/nba/latest/1040x760/1630525.png,NBA CDN,verified,none,200.0,image/webp,verified,True,0
P001142,David Jones García,David Jones García,david-jones-garc-a,1642357.0,https://cdn.nba.com/headshots/nba/latest/1040x760/1642357.png,NBA CDN,candidate,manual_identity_research,,,,True,0
P001143,David Lee,David Lee,david-lee,101135.0,https://cdn.nba.com/headshots/nba/latest/1040x760/101135.png,NBA CDN,candidate,manual_identity_research,,,,True,0
P001144,David Noel,David Noel,david-noel,200786.0,https://cdn.nba.com/headshots/nba/latest/1040x760/200786.png,NBA CDN,candidate,manual_identity_research,,,,True,0
P001145,David Nwaba,David Nwaba,david-nwaba,1628021.0,https://cdn.nba.com/headshots/nba/latest/1040x760/1628021.png,NBA CDN,candidate,manual_identity_research,,,,True,0
P001146,David Pope,David Pope,david-pope,77870.0,https://cdn.nba.com/headshots/nba/latest/1040x760/77870.png,NBA CDN,candidate,manual_identity_research,,,,True,0
P001147,David Rivers,David Rivers,david-rivers,77970.0,https://cdn.nba.com/headshots/nba/latest/1040x760/77970.png,NBA CDN,candidate,manual_identity_research,,,,True,0
P001148,David Robinson,David Robinson,david-robinson-p001148,764.0,https://cdn.nba.com/headshots/nba/latest/1040x760/764.png,NBA CDN,candidate,manual_identity_research,,,,True,0
P001149,David Robinson*,David Robinson*,david-robinson-p001149,764.0,https://cdn.nba.com/headshots/nba/latest/1040x760/764.png,NBA CDN,candidate,manual_identity_research,,,,True,0
P001150,David Roddy,David Roddy,david-roddy,1631223.0,https://cdn.nba.com/headshots/nba/latest/1040x760/1631223.png,NBA CDN,candidate,manual_identity_research,,,,True,0
P001151,David Stockton,David Stockton,david-stockton,204065.0,https://cdn.nba.com/headshots/nba/latest/1040x760/204065.png,NBA CDN,candidate,manual_identity_research,,,,True,0
P001152,David Thirdkill,David Thirdkill,david-thirdkill,78314.0,https://cdn.nba.com/headshots/nba/latest/1040x760/78314.png,NBA CDN,candidate,manual_identity_research,,,,True,0
P001153,David Thompson,David Thompson,david-thompson-p001153,78326.0,https://cdn.nba.com/headshots/nba/latest/1040x760/78326.png,NBA CDN,candidate,manual_identity_research,,,,True,0
P001154,David Thompson*,David Thompson*,david-thompson-p001154,78326.0,https://cdn.nba.com/headshots/nba/latest/1040x760/78326.png,NBA CDN,candidate,manual_identity_research,,,,True,0
P001155,David Vanterpool,David Vanterpool,david-vanterpool,2128.0,https://cdn.nba.com/headshots/nba/latest/1040x760/2128.png,NBA CDN,candidate,manual_identity_research,,,,True,0
P001156,David Vaughn,David Vaughn,david-vaughn,710.0,https://cdn.nba.com/headshots/nba/latest/1040x760/710.png,NBA CDN,candidate,manual_identity_research,,,,True,0
P001157,David Wear,David Wear,david-wear,204033.0,https://cdn.nba.com/headshots/nba/latest/1040x760/204033.png,NBA CDN,candidate,manual_identity_research,,,,True,0
P001158,David Wesley,David Wesley,david-wesley,133.0,https://cdn.nba.com/headshots/nba/latest/1040x760/133.png,NBA CDN,candidate,manual_identity_research,,,,True,0
P001159,David West,David West,david-west,2561.0,https://cdn.nba.com/headshots/nba/latest/1040x760/2561.png,NBA CDN,candidate,manual_identity_research,,,,True,0
P001160,David Wingate,David Wingate,david-wingate,766.0,https://cdn.nba.com/headshots/nba/latest/1040x760/766.png,NBA CDN,candidate,manual_identity_research,,,,True,0
P001161,David Wood,David Wood,david-wood,116.0,https://cdn.nba.com/headshots/nba/latest/1040x760/116.png,NBA CDN,candidate,manual_identity_research,,,,True,0
P001162,Davion Mitchell,Davion Mitchell,davion-mitchell,1630558.0,https://cdn.nba.com/headshots/nba/latest/1040x760/1630558.png,NBA CDN,candidate,manual_identity_research,,,,True,0
P001163,Davon Reed,Davon Reed,davon-reed,1628432.0,https://cdn.nba.com/headshots/nba/latest/1040x760/1628432.png,NBA CDN,candidate,manual_identity_research,,,,True,0
P001164,Day'Ron Sharpe,Day'Ron Sharpe,day-ron-sharpe,1630549.0,https://cdn.nba.com/headshots/nba/latest/1040x760/1630549.png,NBA CDN,candidate,manual_identity_research,,,,True,0
P001165,De'Aaron Fox,De'Aaron Fox,de-aaron-fox,1628368.0,https://cdn.nba.com/headshots/nba/latest/1040x760/1628368.png,NBA CDN,candidate,manual_identity_research,,,,True,0
P001166,De'Andre Hunter,De'Andre Hunter,de-andre-hunter,1629631.0,https://cdn.nba.com/headshots/nba/latest/1040x760/1629631.png,NBA CDN,candidate,manual_identity_research,,,,True,0
P001167,De'Anthony Melton,De'Anthony Melton,de-anthony-melton,1629001.0,https://cdn.nba.com/headshots/nba/latest/1040x760/1629001.png,NBA CDN,candidate,manual_identity_research,,,,True,0
P001168,DeAndre Jordan,DeAndre Jordan,deandre-jordan,201599.0,https://cdn.nba.com/headshots/nba/latest/1040x760/201599.png,NBA CDN,candidate,manual_identity_research,,,,True,0
P001169,DeAndre Liggins,DeAndre Liggins,deandre-liggins,202732.0,https://cdn.nba.com/headshots/nba/latest/1040x760/202732.png,NBA CDN,candidate,manual_identity_research,,,,True,0
P001170,DeAndre' Bembry,DeAndre' Bembry,deandre-bembry,1627761.0,https://cdn.nba.com/headshots/nba/latest/1040x760/1627761.png,NBA CDN,candidate,manual_identity_research,,,,True,0
P001171,DeJon Jarreau,DeJon Jarreau,dejon-jarreau,1630610.0,https://cdn.nba.com/headshots/nba/latest/1040x760/1630610.png,NBA CDN,candidate,manual_identity_research,,,,True,0
P001172,DeJuan Blair,DeJuan Blair,dejuan-blair,201971.0,https://cdn.nba.com/headshots/nba/latest/1040x760/201971.png,NBA CDN,candidate,manual_identity_research,,,,True,0
P001173,DeJuan Wheat,DeJuan Wheat,dejuan-wheat,1545.0,https://cdn.nba.com/headshots/nba/latest/1040x760/1545.png,NBA CDN,candidate,manual_identity_research,,,,True,0
P001174,DeMar DeRozan,DeMar DeRozan,demar-derozan,201942.0,https://cdn.nba.com/headshots/nba/latest/1040x760/201942.png,NBA CDN,candidate,manual_identity_research,,,,True,0
P001175,DeMarco Johnson,DeMarco Johnson,demarco-johnson,1746.0,https://cdn.nba.com/headshots/nba/latest/1040x760/1746.png,NBA CDN,candidate,manual_identity_research,,,,True,0
P001176,DeMarcus Cousins,DeMarcus Cousins,demarcus-cousins,202326.0,https://cdn.nba.com/headshots/nba/latest/1040x760/202326.png,NBA CDN,candidate,manual_identity_research,,,,True,0
P001177,DeMarcus Nelson,DeMarcus Nelson,demarcus-nelson,201634.0,https://cdn.nba.com/headshots/nba/latest/1040x760/201634.png,NBA CDN,candidate,manual_identity_research,,,,True,0
P001178,DeMarre Carroll,DeMarre Carroll,demarre-carroll,201960.0,https://cdn.nba.com/headshots/nba/latest/1040x760/201960.png,NBA CDN,candidate,manual_identity_research,,,,True,0
P001179,DeQuan Jones,DeQuan Jones,dequan-jones,203199.0,https://cdn.nba.com/headshots/nba/latest/1040x760/203199.png,NBA CDN,candidate,manual_identity_research,,,,True,0
P001180,DeSagana Diop,DeSagana Diop,desagana-diop,2205.0,https://cdn.nba.com/headshots/nba/latest/1040x760/2205.png,NBA CDN,candidate,manual_identity_research,,,,True,0
P001181,DeShawn Stevenson,DeShawn Stevenson,deshawn-stevenson,2052.0,https://cdn.nba.com/headshots/nba/latest/1040x760/2052.png,NBA CDN,candidate,manual_identity_research,,,,True,0
P001182,DeVaughn Akoon-Purcell,DeVaughn Akoon-Purcell,devaughn-akoon-purcell,1629152.0,https://cdn.nba.com/headshots/nba/latest/1040x760/1629152.png,NBA CDN,candidate,manual_identity_research,,,,True,0
P001183,DeWayne Scales,DeWayne Scales,dewayne-scales,78068.0,https://cdn.nba.com/headshots/nba/latest/1040x760/78068.png,NBA CDN,candidate,manual_identity_research,,,,True,0
P001184,Dean Garrett,Dean Garrett,dean-garrett,1051.0,https://cdn.nba.com/headshots/nba/latest/1040x760/1051.png,NBA CDN,candidate,manual_identity_research,,,,True,0
P001185,Dean Meminger,Dean Meminger,dean-meminger,77578.0,https://cdn.nba.com/headshots/nba/latest/1040x760/77578.png,NBA CDN,candidate,manual_identity_research,,,,True,0
P001186,Dean Oliver,Dean Oliver,dean-oliver,2352.0,https://cdn.nba.com/headshots/nba/latest/1040x760/2352.png,NBA CDN,candidate,manual_identity_research,,,,True,0
P001187,Dean Tolson,Dean Tolson,dean-tolson,78349.0,https://cdn.nba.com/headshots/nba/latest/1040x760/78349.png,NBA CDN,candidate,manual_identity_research,,,,True,0
P001188,Dean Wade,Dean Wade,dean-wade,1629731.0,https://cdn.nba.com/headshots/nba/latest/1040x760/1629731.png,NBA CDN,candidate,manual_identity_research,,,,True,0
P001189,Deandre Ayton,Deandre Ayton,deandre-ayton,1629028.0,https://cdn.nba.com/headshots/nba/latest/1040x760/1629028.png,NBA CDN,candidate,manual_identity_research,,,,True,0
P001190,Dedric Willoughby,Dedric Willoughby,dedric-willoughby,2000.0,https://cdn.nba.com/headshots/nba/latest/1040x760/2000.png,NBA CDN,candidate,manual_identity_research,,,,True,0
P001191,Dee Brown,Dee Brown,dee-brown,,,,manual_identity_review,manual_identity_research,,,,True,0
P001192,Deividas Sirvydis,Deividas Sirvydis,deividas-sirvydis,1629686.0,https://cdn.nba.com/headshots/nba/latest/1040x760/1629686.png,NBA CDN,candidate,manual_identity_research,,,,True,0
P001193,Dejounte Murray,Dejounte Murray,dejounte-murray,1627749.0,https://cdn.nba.com/headshots/nba/latest/1040x760/1627749.png,NBA CDN,candidate,manual_identity_research,,,,True,0
P001194,Del Beshore,Del Beshore,del-beshore,76159.0,https://cdn.nba.com/headshots/nba/latest/1040x760/76159.png,NBA CDN,candidate,manual_identity_research,,,,True,0
P001195,Delaney Rudd,Delaney Rudd,delaney-rudd,78035.0,https://cdn.nba.com/headshots/nba/latest/1040x760/78035.png,NBA CDN,candidate,manual_identity_research,,,,True,0
P001196,Dell Curry,Dell Curry,dell-curry,209.0,https://cdn.nba.com/headshots/nba/latest/1040x760/209.png,NBA CDN,candidate,manual_identity_research,,,,True,0
P001197,Dell Demps,Dell Demps,dell-demps,725.0,https://cdn.nba.com/headshots/nba/latest/1040x760/725.png,NBA CDN,candidate,manual_identity_research,,,,True,0
P001198,Delon Wright,Delon Wright,delon-wright,1626153.0,https://cdn.nba.com/headshots/nba/latest/1040x760/1626153.png,NBA CDN,candidate,manual_identity_research,,,,True,0
P001199,Delonte West,Delonte West,delonte-west,2753.0,https://cdn.nba.com/headshots/nba/latest/1040x760/2753.png,NBA CDN,candidate,manual_identity_research,,,,True,0
P001200,Demetris Nichols,Demetris Nichols,demetris-nichols,201193.0,https://cdn.nba.com/headshots/nba/latest/1040x760/201193.png,NBA CDN,candidate,manual_identity_research,,,,True,0
P001201,Demetrius Calip,Demetrius Calip,demetrius-calip,76332.0,https://cdn.nba.com/headshots/nba/latest/1040x760/76332.png,NBA CDN,candidate,manual_identity_research,,,,True,0
P001202,Demetrius Jackson,Demetrius Jackson,demetrius-jackson,1627743.0,https://cdn.nba.com/headshots/nba/latest/1040x760/1627743.png,NBA CDN,candidate,manual_identity_research,,,,True,0
P001203,Deng Adel,Deng Adel,deng-adel,1629061.0,https://cdn.nba.com/headshots/nba/latest/1040x760/1629061.png,NBA CDN,candidate,manual_identity_research,,,,True,0
P001204,Deng Gai,Deng Gai,deng-gai,101184.0,https://cdn.nba.com/headshots/nba/latest/1040x760/101184.png,NBA CDN,candidate,manual_identity_research,,,,True,0
P001205,Deni Avdija,Deni Avdija,deni-avdija,1630166.0,https://cdn.nba.com/headshots/nba/latest/1040x760/1630166.png,NBA CDN,candidate,manual_identity_research,,,,True,0
P001206,Dennis Awtrey,Dennis Awtrey,dennis-awtrey,76078.0,https://cdn.nba.com/headshots/nba/latest/1040x760/76078.png,NBA CDN,candidate,manual_identity_research,,,,True,0
P001207,Dennis Bell,Dennis Bell,dennis-bell,76142.0,https://cdn.nba.com/headshots/nba/latest/1040x760/76142.png,NBA CDN,candidate,manual_identity_research,,,,True,0
P001208,Dennis Boyd,Dennis Boyd,dennis-boyd,76221.0,https://cdn.nba.com/headshots/nba/latest/1040x760/76221.png,NBA CDN,candidate,manual_identity_research,,,,True,0
P001209,Dennis DuVal,Dennis DuVal,dennis-duval,76623.0,https://cdn.nba.com/headshots/nba/latest/1040x760/76623.png,NBA CDN,candidate,manual_identity_research,,,,True,0
P001210,Dennis Hamilton,Dennis Hamilton,dennis-hamilton,76926.0,https://cdn.nba.com/headshots/nba/latest/1040x760/76926.png,NBA CDN,candidate,manual_identity_research,,,,True,0
P001211,Dennis Hopson,Dennis Hopson,dennis-hopson,77054.0,https://cdn.nba.com/headshots/nba/latest/1040x760/77054.png,NBA CDN,candidate,manual_identity_research,,,,True,0
P001212,Dennis Horner,Dennis Horner,dennis-horner,202862.0,https://cdn.nba.com/headshots/nba/latest/1040x760/202862.png,NBA CDN,candidate,manual_identity_research,,,,True,0
P001213,Dennis Johnson,Dennis Johnson,dennis-johnson-p001213,77141.0,https://cdn.nba.com/headshots/nba/latest/1040x760/77141.png,NBA CDN,candidate,manual_identity_research,,,,True,0
P001214,Dennis Johnson*,Dennis Johnson*,dennis-johnson-p001214,77141.0,https://cdn.nba.com/headshots/nba/latest/1040x760/77141.png,NBA CDN,candidate,manual_identity_research,,,,True,0
P001215,Dennis Nutt,Dennis Nutt,dennis-nutt,77738.0,https://cdn.nba.com/headshots/nba/latest/1040x760/77738.png,NBA CDN,candidate,manual_identity_research,,,,True,0
P001216,Dennis Rodman,Dennis Rodman,dennis-rodman-p001216,23.0,https://cdn.nba.com/headshots/nba/latest/1040x760/23.png,NBA CDN,candidate,manual_identity_research,,,,True,0
P001217,Dennis Rodman*,Dennis Rodman*,dennis-rodman-p001217,23.0,https://cdn.nba.com/headshots/nba/latest/1040x760/23.png,NBA CDN,candidate,manual_identity_research,,,,True,0
P001218,Dennis Schröder,Dennis Schröder,dennis-schr-der,203471.0,https://cdn.nba.com/headshots/nba/latest/1040x760/203471.png,NBA CDN,candidate,manual_identity_research,,,,True,0
P001219,Dennis Scott,Dennis Scott,dennis-scott,192.0,https://cdn.nba.com/headshots/nba/latest/1040x760/192.png,NBA CDN,candidate,manual_identity_research,,,,True,0
P001220,Dennis Smith Jr.,Dennis Smith Jr.,dennis-smith-jr,1628372.0,https://cdn.nba.com/headshots/nba/latest/1040x760/1628372.png,NBA CDN,candidate,manual_identity_research,,,,True,0
P001221,Dennis Stewart,Dennis Stewart,dennis-stewart,78253.0,https://cdn.nba.com/headshots/nba/latest/1040x760/78253.png,NBA CDN,candidate,manual_identity_research,,,,True,0
P001222,Denzel Valentine,Denzel Valentine,denzel-valentine,1627756.0,https://cdn.nba.com/headshots/nba/latest/1040x760/1627756.png,NBA CDN,candidate,manual_identity_research,,,,True,0
P001223,Deonte Burton,Deonte Burton,deonte-burton,1629126.0,https://cdn.nba.com/headshots/nba/latest/1040x760/1629126.png,NBA CDN,candidate,manual_identity_research,,,,True,0
P001224,DerMarr Johnson,DerMarr Johnson,dermarr-johnson,2035.0,https://cdn.nba.com/headshots/nba/latest/1040x760/2035.png,NBA CDN,candidate,manual_identity_research,,,,True,0
P001225,Dereck Lively II,Dereck Lively II,dereck-lively-ii,1641726.0,https://cdn.nba.com/headshots/nba/latest/1040x760/1641726.png,NBA CDN,candidate,manual_identity_research,,,,True,0
P001226,Derek Anderson,Derek Anderson,derek-anderson,1507.0,https://cdn.nba.com/headshots/nba/latest/1040x760/1507.png,NBA CDN,candidate,manual_identity_research,,,,True,0
P001227,Derek Fisher,Derek Fisher,derek-fisher,965.0,https://cdn.nba.com/headshots/nba/latest/1040x760/965.png,NBA CDN,candidate,manual_identity_research,,,,True,0
P001228,Derek Grimm,Derek Grimm,derek-grimm,1575.0,https://cdn.nba.com/headshots/nba/latest/1040x760/1575.png,NBA CDN,candidate,manual_identity_research,,,,True,0
P001229,Derek Harper,Derek Harper,derek-harper,157.0,https://cdn.nba.com/headshots/nba/latest/1040x760/157.png,NBA CDN,candidate,manual_identity_research,,,,True,0
P001230,Derek Hood,Derek Hood,derek-hood,1967.0,https://cdn.nba.com/headshots/nba/latest/1040x760/1967.png,NBA CDN,candidate,manual_identity_research,,,,True,0
P001231,Derek Smith,Derek Smith,derek-smith,78183.0,https://cdn.nba.com/headshots/nba/latest/1040x760/78183.png,NBA CDN,candidate,manual_identity_research,,,,True,0
P001232,Derek Strong,Derek Strong,derek-strong,400.0,https://cdn.nba.com/headshots/nba/latest/1040x760/400.png,NBA CDN,candidate,manual_identity_research,,,,True,0
P001233,Dereon Seabron,Dereon Seabron,dereon-seabron,1631220.0,https://cdn.nba.com/headshots/nba/latest/1040x760/1631220.png,NBA CDN,candidate,manual_identity_research,,,,True,0
P001234,Derik Queen,Derik Queen,derik-queen,1642852.0,https://cdn.nba.com/headshots/nba/latest/1040x760/1642852.png,NBA CDN,candidate,manual_identity_research,,,,True,0
P001235,Deron Williams,Deron Williams,deron-williams,101114.0,https://cdn.nba.com/headshots/nba/latest/1040x760/101114.png,NBA CDN,candidate,manual_identity_research,,,,True,0
P001236,Derrek Dickey,Derrek Dickey,derrek-dickey,76564.0,https://cdn.nba.com/headshots/nba/latest/1040x760/76564.png,NBA CDN,candidate,manual_identity_research,,,,True,0
P001237,Derrick Alston,Derrick Alston,derrick-alston,308.0,https://cdn.nba.com/headshots/nba/latest/1040x760/308.png,NBA CDN,candidate,manual_identity_research,,,,True,0
P001238,Derrick Brown,Derrick Brown,derrick-brown,201974.0,https://cdn.nba.com/headshots/nba/latest/1040x760/201974.png,NBA CDN,candidate,manual_identity_research,,,,True,0
P001239,Derrick Byars,Derrick Byars,derrick-byars,201182.0,https://cdn.nba.com/headshots/nba/latest/1040x760/201182.png,NBA CDN,candidate,manual_identity_research,,,,True,0
P001240,Derrick Caracter,Derrick Caracter,derrick-caracter,202382.0,https://cdn.nba.com/headshots/nba/latest/1040x760/202382.png,NBA CDN,candidate,manual_identity_research,,,,True,0
P001241,Derrick Chievous,Derrick Chievous,derrick-chievous,76387.0,https://cdn.nba.com/headshots/nba/latest/1040x760/76387.png,NBA CDN,candidate,manual_identity_research,,,,True,0
P001242,Derrick Coleman,Derrick Coleman,derrick-coleman,934.0,https://cdn.nba.com/headshots/nba/latest/1040x760/934.png,NBA CDN,candidate,manual_identity_research,,,,True,0
P001243,Derrick Dial,Derrick Dial,derrick-dial,1760.0,https://cdn.nba.com/headshots/nba/latest/1040x760/1760.png,NBA CDN,candidate,manual_identity_research,,,,True,0
P001244,Derrick Favors,Derrick Favors,derrick-favors,202324.0,https://cdn.nba.com/headshots/nba/latest/1040x760/202324.png,NBA CDN,candidate,manual_identity_research,,,,True,0
P001245,Derrick Gervin,Derrick Gervin,derrick-gervin,76803.0,https://cdn.nba.com/headshots/nba/latest/1040x760/76803.png,NBA CDN,candidate,manual_identity_research,,,,True,0
P001246,Derrick Jones Jr.,Derrick Jones Jr.,derrick-jones-jr,1627884.0,https://cdn.nba.com/headshots/nba/latest/1040x760/1627884.png,NBA CDN,candidate,manual_identity_research,,,,True,0
P001247,Derrick McKey,Derrick McKey,derrick-mckey,365.0,https://cdn.nba.com/headshots/nba/latest/1040x760/365.png,NBA CDN,candidate,manual_identity_research,,,,True,0
P001248,Derrick Phelps,Derrick Phelps,derrick-phelps,74.0,https://cdn.nba.com/headshots/nba/latest/1040x760/74.png,NBA CDN,candidate,manual_identity_research,,,,True,0
P001249,Derrick Rose,Derrick Rose,derrick-rose,201565.0,https://cdn.nba.com/headshots/nba/latest/1040x760/201565.png,NBA CDN,candidate,manual_identity_research,,,,True,0
P001250,Derrick Rowland,Derrick Rowland,derrick-rowland,78030.0,https://cdn.nba.com/headshots/nba/latest/1040x760/78030.png,NBA CDN,candidate,manual_identity_research,,,,True,0
P001251,Derrick Walton,Derrick Walton,derrick-walton,1628476.0,https://cdn.nba.com/headshots/nba/latest/1040x760/1628476.png,NBA CDN,verified,none,200.0,image/avif,verified,True,0
P001252,Derrick White,Derrick White,derrick-white,1628401.0,https://cdn.nba.com/headshots/nba/latest/1040x760/1628401.png,NBA CDN,candidate,manual_identity_research,,,,True,0
P001253,Derrick Williams,Derrick Williams,derrick-williams,202682.0,https://cdn.nba.com/headshots/nba/latest/1040x760/202682.png,NBA CDN,candidate,manual_identity_research,,,,True,0
P001254,Derrick Zimmerman,Derrick Zimmerman,derrick-zimmerman,2583.0,https://cdn.nba.com/headshots/nba/latest/1040x760/2583.png,NBA CDN,candidate,manual_identity_research,,,,True,0
P001255,Desmon Farmer,Desmon Farmer,desmon-farmer,2824.0,https://cdn.nba.com/headshots/nba/latest/1040x760/2824.png,NBA CDN,candidate,manual_identity_research,,,,True,0
P001256,Desmond Bane,Desmond Bane,desmond-bane,1630217.0,https://cdn.nba.com/headshots/nba/latest/1040x760/1630217.png,NBA CDN,candidate,manual_identity_research,,,,True,0
P001257,Desmond Ferguson,Desmond Ferguson,desmond-ferguson,2724.0,https://cdn.nba.com/headshots/nba/latest/1040x760/2724.png,NBA CDN,candidate,manual_identity_research,,,,True,0
P001258,Desmond Mason,Desmond Mason,desmond-mason,2046.0,https://cdn.nba.com/headshots/nba/latest/1040x760/2046.png,NBA CDN,candidate,manual_identity_research,,,,True,0
P001259,Desmond Penigar,Desmond Penigar,desmond-penigar,2667.0,https://cdn.nba.com/headshots/nba/latest/1040x760/2667.png,NBA CDN,candidate,manual_identity_research,,,,True,0
P001260,Detlef Schrempf,Detlef Schrempf,detlef-schrempf,96.0,https://cdn.nba.com/headshots/nba/latest/1040x760/96.png,NBA CDN,candidate,manual_identity_research,,,,True,0
P001261,Devean George,Devean George,devean-george,1904.0,https://cdn.nba.com/headshots/nba/latest/1040x760/1904.png,NBA CDN,candidate,manual_identity_research,,,,True,0
P001262,Devin Booker,Devin Booker,devin-booker,1626164.0,https://cdn.nba.com/headshots/nba/latest/1040x760/1626164.png,NBA CDN,candidate,manual_identity_research,,,,True,0
P001263,Devin Brown,Devin Brown,devin-brown,2484.0,https://cdn.nba.com/headshots/nba/latest/1040x760/2484.png,NBA CDN,candidate,manual_identity_research,,,,True,0
P001264,Devin Cannady,Devin Cannady,devin-cannady,1629962.0,https://cdn.nba.com/headshots/nba/latest/1040x760/1629962.png,NBA CDN,candidate,manual_identity_research,,,,True,0
P001265,Devin Carter,Devin Carter,devin-carter,1642269.0,https://cdn.nba.com/headshots/nba/latest/1040x760/1642269.png,NBA CDN,candidate,manual_identity_research,,,,True,0
P001266,Devin Durrant,Devin Durrant,devin-durrant,76621.0,https://cdn.nba.com/headshots/nba/latest/1040x760/76621.png,NBA CDN,candidate,manual_identity_research,,,,True,0
P001267,Devin Ebanks,Devin Ebanks,devin-ebanks,202365.0,https://cdn.nba.com/headshots/nba/latest/1040x760/202365.png,NBA CDN,candidate,manual_identity_research,,,,True,0
P001268,Devin Gray,Devin Gray,devin-gray,1070.0,https://cdn.nba.com/headshots/nba/latest/1040x760/1070.png,NBA CDN,candidate,manual_identity_research,,,,True,0
P001269,Devin Green,Devin Green,devin-green,101209.0,https://cdn.nba.com/headshots/nba/latest/1040x760/101209.png,NBA CDN,candidate,manual_identity_research,,,,True,0
P001270,Devin Harris,Devin Harris,devin-harris,2734.0,https://cdn.nba.com/headshots/nba/latest/1040x760/2734.png,NBA CDN,candidate,manual_identity_research,,,,True,0
P001271,Devin Robinson,Devin Robinson,devin-robinson,1628421.0,https://cdn.nba.com/headshots/nba/latest/1040x760/1628421.png,NBA CDN,candidate,manual_identity_research,,,,True,0
P001272,Devin Vassell,Devin Vassell,devin-vassell,1630170.0,https://cdn.nba.com/headshots/nba/latest/1040x760/1630170.png,NBA CDN,candidate,manual_identity_research,,,,True,0
P001273,Devon Dotson,Devon Dotson,devon-dotson,1629653.0,https://cdn.nba.com/headshots/nba/latest/1040x760/1629653.png,NBA CDN,candidate,manual_identity_research,,,,True,0
P001274,Devon Hall,Devon Hall,devon-hall,1628985.0,https://cdn.nba.com/headshots/nba/latest/1040x760/1628985.png,NBA CDN,candidate,manual_identity_research,,,,True,0
P001275,Devontae Cacok,Devontae Cacok,devontae-cacok,1629719.0,https://cdn.nba.com/headshots/nba/latest/1040x760/1629719.png,NBA CDN,candidate,manual_identity_research,,,,True,0
P001276,Devonte' Graham,Devonte' Graham,devonte-graham,1628984.0,https://cdn.nba.com/headshots/nba/latest/1040x760/1628984.png,NBA CDN,candidate,manual_identity_research,,,,True,0
P001277,Devyn Marble,Devyn Marble,devyn-marble,203906.0,https://cdn.nba.com/headshots/nba/latest/1040x760/203906.png,NBA CDN,candidate,manual_identity_research,,,,True,0
P001278,Dewan Hernandez,Dewan Hernandez,dewan-hernandez,1629608.0,https://cdn.nba.com/headshots/nba/latest/1040x760/1629608.png,NBA CDN,candidate,manual_identity_research,,,,True,0
P001279,Dewayne Dedmon,Dewayne Dedmon,dewayne-dedmon,203473.0,https://cdn.nba.com/headshots/nba/latest/1040x760/203473.png,NBA CDN,candidate,manual_identity_research,,,,True,0
P001280,Dexter Boney,Dexter Boney,dexter-boney,1121.0,https://cdn.nba.com/headshots/nba/latest/1040x760/1121.png,NBA CDN,candidate,manual_identity_research,,,,True,0
P001281,Dexter Cambridge,Dexter Cambridge,dexter-cambridge,76337.0,https://cdn.nba.com/headshots/nba/latest/1040x760/76337.png,NBA CDN,candidate,manual_identity_research,,,,True,0
P001282,Dexter Dennis,Dexter Dennis,dexter-dennis,1641926.0,https://cdn.nba.com/headshots/nba/latest/1040x760/1641926.png,NBA CDN,candidate,manual_identity_research,,,,True,0
P001283,Dexter Pittman,Dexter Pittman,dexter-pittman,202354.0,https://cdn.nba.com/headshots/nba/latest/1040x760/202354.png,NBA CDN,candidate,manual_identity_research,,,,True,0
P001284,Dexter Shouse,Dexter Shouse,dexter-shouse,78140.0,https://cdn.nba.com/headshots/nba/latest/1040x760/78140.png,NBA CDN,candidate,manual_identity_research,,,,True,0
P001285,Deyonta Davis,Deyonta Davis,deyonta-davis,1627738.0,https://cdn.nba.com/headshots/nba/latest/1040x760/1627738.png,NBA CDN,candidate,manual_identity_research,,,,True,0
P001286,Diamond Stone,Diamond Stone,diamond-stone,1627754.0,https://cdn.nba.com/headshots/nba/latest/1040x760/1627754.png,NBA CDN,candidate,manual_identity_research,,,,True,0
P001287,Diante Garrett,Diante Garrett,diante-garrett,203197.0,https://cdn.nba.com/headshots/nba/latest/1040x760/203197.png,NBA CDN,candidate,manual_identity_research,,,,True,0
P001288,Dick Atha,Dick Atha,dick-atha,,,,manual_identity_review,manual_identity_research,,,,True,0
P001289,Dick Barnett,Dick Barnett,dick-barnett-p001289,76107.0,https://cdn.nba.com/headshots/nba/latest/1040x760/76107.png,NBA CDN,candidate,manual_identity_research,,,,True,0
P001290,Dick Barnett*,Dick Barnett*,dick-barnett-p001290,76107.0,https://cdn.nba.com/headshots/nba/latest/1040x760/76107.png,NBA CDN,candidate,manual_identity_research,,,,True,0
P001291,Dick Bunt,Dick Bunt,dick-bunt,76301.0,https://cdn.nba.com/headshots/nba/latest/1040x760/76301.png,NBA CDN,candidate,manual_identity_research,,,,True,0
P001292,Dick Cunningham,Dick Cunningham,dick-cunningham,76485.0,https://cdn.nba.com/headshots/nba/latest/1040x760/76485.png,NBA CDN,candidate,manual_identity_research,,,,True,0
P001293,Dick Dickey,Dick Dickey,dick-dickey,76565.0,https://cdn.nba.com/headshots/nba/latest/1040x760/76565.png,NBA CDN,candidate,manual_identity_research,,,,True,0
P001294,Dick Duckett,Dick Duckett,dick-duckett,76605.0,https://cdn.nba.com/headshots/nba/latest/1040x760/76605.png,NBA CDN,candidate,manual_identity_research,,,,True,0
P001295,Dick Farley,Dick Farley,dick-farley,76693.0,https://cdn.nba.com/headshots/nba/latest/1040x760/76693.png,NBA CDN,candidate,manual_identity_research,,,,True,0
P001296,Dick Garmaker,Dick Garmaker,dick-garmaker,76783.0,https://cdn.nba.com/headshots/nba/latest/1040x760/76783.png,NBA CDN,candidate,manual_identity_research,,,,True,0
P001297,Dick Garrett,Dick Garrett,dick-garrett,,,,manual_identity_review,manual_identity_research,,,,True,0
P001298,Dick Gibbs,Dick Gibbs,dick-gibbs,76807.0,https://cdn.nba.com/headshots/nba/latest/1040x760/76807.png,NBA CDN,candidate,manual_identity_research,,,,True,0
P001299,Dick Groat,Dick Groat,dick-groat,76894.0,https://cdn.nba.com/headshots/nba/latest/1040x760/76894.png,NBA CDN,candidate,manual_identity_research,,,,True,0
P001300,Dick Hemric,Dick Hemric,dick-hemric,76989.0,https://cdn.nba.com/headshots/nba/latest/1040x760/76989.png,NBA CDN,candidate,manual_identity_research,,,,True,0
P001301,Dick Knostman,Dick Knostman,dick-knostman,77292.0,https://cdn.nba.com/headshots/nba/latest/1040x760/77292.png,NBA CDN,candidate,manual_identity_research,,,,True,0
P001302,Dick McGuire,Dick McGuire,dick-mcguire-p001302,77537.0,https://cdn.nba.com/headshots/nba/latest/1040x760/77537.png,NBA CDN,candidate,manual_identity_research,,,,True,0
P001303,Dick McGuire*,Dick McGuire*,dick-mcguire-p001303,77537.0,https://cdn.nba.com/headshots/nba/latest/1040x760/77537.png,NBA CDN,candidate,manual_identity_research,,,,True,0
P001304,Dick Mehen,Dick Mehen,dick-mehen,77572.0,https://cdn.nba.com/headshots/nba/latest/1040x760/77572.png,NBA CDN,candidate,manual_identity_research,,,,True,0
P001305,Dick Miller,Dick Miller,dick-miller,77602.0,https://cdn.nba.com/headshots/nba/latest/1040x760/77602.png,NBA CDN,candidate,manual_identity_research,,,,True,0
P001306,Dick Ricketts,Dick Ricketts,dick-ricketts,77955.0,https://cdn.nba.com/headshots/nba/latest/1040x760/77955.png,NBA CDN,candidate,manual_identity_research,,,,True,0
P001307,Dick Rosenthal,Dick Rosenthal,dick-rosenthal,78020.0,https://cdn.nba.com/headshots/nba/latest/1040x760/78020.png,NBA CDN,candidate,manual_identity_research,,,,True,0
P001308,Dick Schnittker,Dick Schnittker,dick-schnittker,78086.0,https://cdn.nba.com/headshots/nba/latest/1040x760/78086.png,NBA CDN,candidate,manual_identity_research,,,,True,0
P001309,Dick Snyder,Dick Snyder,dick-snyder,78213.0,https://cdn.nba.com/headshots/nba/latest/1040x760/78213.png,NBA CDN,candidate,manual_identity_research,,,,True,0
P001310,Dick Surhoff,Dick Surhoff,dick-surhoff,78280.0,https://cdn.nba.com/headshots/nba/latest/1040x760/78280.png,NBA CDN,candidate,manual_identity_research,,,,True,0
P001311,Dick Van Arsdale,Dick Van Arsdale,dick-van-arsdale,78398.0,https://cdn.nba.com/headshots/nba/latest/1040x760/78398.png,NBA CDN,candidate,manual_identity_research,,,,True,0
P001312,Dickey Simpkins,Dickey Simpkins,dickey-simpkins,54.0,https://cdn.nba.com/headshots/nba/latest/1040x760/54.png,NBA CDN,candidate,manual_identity_research,,,,True,0
P001313,Didi Louzada,Didi Louzada,didi-louzada,1629712.0,https://cdn.nba.com/headshots/nba/latest/1040x760/1629712.png,NBA CDN,candidate,manual_identity_research,,,,True,0
P001314,Dijon Thompson,Dijon Thompson,dijon-thompson,101159.0,https://cdn.nba.com/headshots/nba/latest/1040x760/101159.png,NBA CDN,candidate,manual_identity_research,,,,True,0
P001315,Dike Eddleman,Dike Eddleman,dike-eddleman,,,,manual_identity_review,manual_identity_research,,,,True,0
P001316,Dikembe Mutombo,Dikembe Mutombo,dikembe-mutombo-p001316,87.0,https://cdn.nba.com/headshots/nba/latest/1040x760/87.png,NBA CDN,candidate,manual_identity_research,,,,True,0
P001317,Dikembe Mutombo*,Dikembe Mutombo*,dikembe-mutombo-p001317,87.0,https://cdn.nba.com/headshots/nba/latest/1040x760/87.png,NBA CDN,candidate,manual_identity_research,,,,True,0
P001318,Dillard Crocker,Dillard Crocker,dillard-crocker,76473.0,https://cdn.nba.com/headshots/nba/latest/1040x760/76473.png,NBA CDN,candidate,manual_identity_research,,,,True,0
P001319,Dillon Brooks,Dillon Brooks,dillon-brooks,1628415.0,https://cdn.nba.com/headshots/nba/latest/1040x760/1628415.png,NBA CDN,candidate,manual_identity_research,,,,True,0
P001320,Dillon Jones,Dillon Jones,dillon-jones,1641794.0,https://cdn.nba.com/headshots/nba/latest/1040x760/1641794.png,NBA CDN,candidate,manual_identity_research,,,,True,0
P001321,Dino Radja,Dino Radja,dino-radja-p001321,129.0,https://cdn.nba.com/headshots/nba/latest/1040x760/129.png,NBA CDN,candidate,manual_identity_research,,,,True,0
P001322,Dino Radja*,Dino Radja*,dino-radja-p001322,129.0,https://cdn.nba.com/headshots/nba/latest/1040x760/129.png,NBA CDN,candidate,manual_identity_research,,,,True,0
P001323,Dion Glover,Dion Glover,dion-glover,1901.0,https://cdn.nba.com/headshots/nba/latest/1040x760/1901.png,NBA CDN,candidate,manual_identity_research,,,,True,0
P001324,Dion Waiters,Dion Waiters,dion-waiters,203079.0,https://cdn.nba.com/headshots/nba/latest/1040x760/203079.png,NBA CDN,candidate,manual_identity_research,,,,True,0
P001325,Dionte Christmas,Dionte Christmas,dionte-christmas,202091.0,https://cdn.nba.com/headshots/nba/latest/1040x760/202091.png,NBA CDN,candidate,manual_identity_research,,,,True,0
P001326,Dirk Minniefield,Dirk Minniefield,dirk-minniefield,77609.0,https://cdn.nba.com/headshots/nba/latest/1040x760/77609.png,NBA CDN,candidate,manual_identity_research,,,,True,0
P001327,Dirk Nowitzki,Dirk Nowitzki,dirk-nowitzki-p001327,1717.0,https://cdn.nba.com/headshots/nba/latest/1040x760/1717.png,NBA CDN,candidate,manual_identity_research,,,,True,0
P001328,Dirk Nowitzki*,Dirk Nowitzki*,dirk-nowitzki-p001328,1717.0,https://cdn.nba.com/headshots/nba/latest/1040x760/1717.png,NBA CDN,candidate,manual_identity_research,,,,True,0
P001329,Dmytro Skapintsev,Dmytro Skapintsev,dmytro-skapintsev,1631376.0,https://cdn.nba.com/headshots/nba/latest/1040x760/1631376.png,NBA CDN,candidate,manual_identity_research,,,,True,0
P001330,Doc Rivers,Doc Rivers,doc-rivers,470.0,https://cdn.nba.com/headshots/nba/latest/1040x760/470.png,NBA CDN,candidate,manual_identity_research,,,,True,0
P001331,Dolph Schayes,Dolph Schayes,dolph-schayes-p001331,78076.0,https://cdn.nba.com/headshots/nba/latest/1040x760/78076.png,NBA CDN,candidate,manual_identity_research,,,,True,0
P001332,Dolph Schayes*,Dolph Schayes*,dolph-schayes-p001332,78076.0,https://cdn.nba.com/headshots/nba/latest/1040x760/78076.png,NBA CDN,candidate,manual_identity_research,,,,True,0
P001333,Domantas Sabonis,Domantas Sabonis,domantas-sabonis,1627734.0,https://cdn.nba.com/headshots/nba/latest/1040x760/1627734.png,NBA CDN,candidate,manual_identity_research,,,,True,0
P001334,Dominic McGuire,Dominic McGuire,dominic-mcguire,201187.0,https://cdn.nba.com/headshots/nba/latest/1040x760/201187.png,NBA CDN,candidate,manual_identity_research,,,,True,0
P001335,Dominic Pressley,Dominic Pressley,dominic-pressley,77880.0,https://cdn.nba.com/headshots/nba/latest/1040x760/77880.png,NBA CDN,candidate,manual_identity_research,,,,True,0
P001336,Dominick Barlow,Dominick Barlow,dominick-barlow,1631230.0,https://cdn.nba.com/headshots/nba/latest/1040x760/1631230.png,NBA CDN,candidate,manual_identity_research,,,,True,0
P001337,Dominique Jones,Dominique Jones,dominique-jones,202346.0,https://cdn.nba.com/headshots/nba/latest/1040x760/202346.png,NBA CDN,candidate,manual_identity_research,,,,True,0
P001338,Dominique Wilkins,Dominique Wilkins,dominique-wilkins-p001338,1122.0,https://cdn.nba.com/headshots/nba/latest/1040x760/1122.png,NBA CDN,candidate,manual_identity_research,,,,True,0
P001339,Dominique Wilkins*,Dominique Wilkins*,dominique-wilkins-p001339,1122.0,https://cdn.nba.com/headshots/nba/latest/1040x760/1122.png,NBA CDN,candidate,manual_identity_research,,,,True,0
P001340,Don Ackerman,Don Ackerman,don-ackerman,,,,manual_identity_review,manual_identity_research,,,,True,0
P001341,Don Adams,Don Adams,don-adams,76012.0,https://cdn.nba.com/headshots/nba/latest/1040x760/76012.png,NBA CDN,candidate,manual_identity_research,,,,True,0
P001342,Don Anielak,Don Anielak,don-anielak,76049.0,https://cdn.nba.com/headshots/nba/latest/1040x760/76049.png,NBA CDN,candidate,manual_identity_research,,,,True,0
P001343,Don Asmonga,Don Asmonga,don-asmonga,76068.0,https://cdn.nba.com/headshots/nba/latest/1040x760/76068.png,NBA CDN,candidate,manual_identity_research,,,,True,0
P001344,Don Barksdale,Don Barksdale,don-barksdale-p001344,76102.0,https://cdn.nba.com/headshots/nba/latest/1040x760/76102.png,NBA CDN,candidate,manual_identity_research,,,,True,0
P001345,Don Barksdale*,Don Barksdale*,don-barksdale-p001345,76102.0,https://cdn.nba.com/headshots/nba/latest/1040x760/76102.png,NBA CDN,candidate,manual_identity_research,,,,True,0
P001346,Don Bielke,Don Bielke,don-bielke,76164.0,https://cdn.nba.com/headshots/nba/latest/1040x760/76164.png,NBA CDN,candidate,manual_identity_research,,,,True,0
P001347,Don Boven,Don Boven,don-boven,76214.0,https://cdn.nba.com/headshots/nba/latest/1040x760/76214.png,NBA CDN,candidate,manual_identity_research,,,,True,0
P001348,Don Buse,Don Buse,don-buse,76317.0,https://cdn.nba.com/headshots/nba/latest/1040x760/76317.png,NBA CDN,candidate,manual_identity_research,,,,True,0
P001349,Don Chaney,Don Chaney,don-chaney,76379.0,https://cdn.nba.com/headshots/nba/latest/1040x760/76379.png,NBA CDN,candidate,manual_identity_research,,,,True,0
P001350,Don Collins,Don Collins,don-collins,76418.0,https://cdn.nba.com/headshots/nba/latest/1040x760/76418.png,NBA CDN,candidate,manual_identity_research,,,,True,0
P001351,Don Ford,Don Ford,don-ford,76734.0,https://cdn.nba.com/headshots/nba/latest/1040x760/76734.png,NBA CDN,candidate,manual_identity_research,,,,True,0
P001352,Don Hanrahan,Don Hanrahan,don-hanrahan,76938.0,https://cdn.nba.com/headshots/nba/latest/1040x760/76938.png,NBA CDN,candidate,manual_identity_research,,,,True,0
P001353,Don Henriksen,Don Henriksen,don-henriksen,76999.0,https://cdn.nba.com/headshots/nba/latest/1040x760/76999.png,NBA CDN,candidate,manual_identity_research,,,,True,0
P001354,Don Kojis,Don Kojis,don-kojis,77295.0,https://cdn.nba.com/headshots/nba/latest/1040x760/77295.png,NBA CDN,candidate,manual_identity_research,,,,True,0
P001355,Don Lofgran,Don Lofgran,don-lofgran,77402.0,https://cdn.nba.com/headshots/nba/latest/1040x760/77402.png,NBA CDN,candidate,manual_identity_research,,,,True,0
P001356,Don MacLean,Don MacLean,don-maclean,931.0,https://cdn.nba.com/headshots/nba/latest/1040x760/931.png,NBA CDN,candidate,manual_identity_research,,,,True,0
P001357,Don May,Don May,don-may,77489.0,https://cdn.nba.com/headshots/nba/latest/1040x760/77489.png,NBA CDN,candidate,manual_identity_research,,,,True,0
P001358,Don Nelson,Don Nelson,don-nelson-p001358,77700.0,https://cdn.nba.com/headshots/nba/latest/1040x760/77700.png,NBA CDN,candidate,manual_identity_research,,,,True,0
P001359,Don Nelson*,Don Nelson*,don-nelson-p001359,77700.0,https://cdn.nba.com/headshots/nba/latest/1040x760/77700.png,NBA CDN,candidate,manual_identity_research,,,,True,0
P001360,Don Ohl,Don Ohl,don-ohl,77751.0,https://cdn.nba.com/headshots/nba/latest/1040x760/77751.png,NBA CDN,candidate,manual_identity_research,,,,True,0
P001361,Don Otten,Don Otten,don-otten,77778.0,https://cdn.nba.com/headshots/nba/latest/1040x760/77778.png,NBA CDN,candidate,manual_identity_research,,,,True,0
P001362,Don Rehfeldt,Don Rehfeldt,don-rehfeldt,77933.0,https://cdn.nba.com/headshots/nba/latest/1040x760/77933.png,NBA CDN,candidate,manual_identity_research,,,,True,0
P001363,Don Reid,Don Reid,don-reid,690.0,https://cdn.nba.com/headshots/nba/latest/1040x760/690.png,NBA CDN,candidate,manual_identity_research,,,,True,0
P001364,Don Savage,Don Savage,don-savage,78066.0,https://cdn.nba.com/headshots/nba/latest/1040x760/78066.png,NBA CDN,candidate,manual_identity_research,,,,True,0
P001365,Don Smith,Don Smith,don-smith,78184.0,https://cdn.nba.com/headshots/nba/latest/1040x760/78184.png,NBA CDN,candidate,manual_identity_research,,,,True,0
P001366,Don Sunderlage,Don Sunderlage,don-sunderlage,78278.0,https://cdn.nba.com/headshots/nba/latest/1040x760/78278.png,NBA CDN,candidate,manual_identity_research,,,,True,0
P001367,Donald Hodge,Donald Hodge,donald-hodge,1106.0,https://cdn.nba.com/headshots/nba/latest/1040x760/1106.png,NBA CDN,candidate,manual_identity_research,,,,True,0
P001368,Donald Royal,Donald Royal,donald-royal,140.0,https://cdn.nba.com/headshots/nba/latest/1040x760/140.png,NBA CDN,candidate,manual_identity_research,,,,True,0
P001369,Donald Sloan,Donald Sloan,donald-sloan,202388.0,https://cdn.nba.com/headshots/nba/latest/1040x760/202388.png,NBA CDN,candidate,manual_identity_research,,,,True,0
P001370,Donald Whiteside,Donald Whiteside,donald-whiteside,1126.0,https://cdn.nba.com/headshots/nba/latest/1040x760/1126.png,NBA CDN,candidate,manual_identity_research,,,,True,0
P001371,Donatas Motiejūnas,Donatas Motiejūnas,donatas-motiej-nas,202700.0,https://cdn.nba.com/headshots/nba/latest/1040x760/202700.png,NBA CDN,candidate,manual_identity_research,,,,True,0
P001372,Donell Taylor,Donell Taylor,donell-taylor,101182.0,https://cdn.nba.com/headshots/nba/latest/1040x760/101182.png,NBA CDN,candidate,manual_identity_research,,,,True,0
P001373,Donnell Harvey,Donnell Harvey,donnell-harvey,2051.0,https://cdn.nba.com/headshots/nba/latest/1040x760/2051.png,NBA CDN,candidate,manual_identity_research,,,,True,0
P001374,Donnie Boyce,Donnie Boyce,donnie-boyce,671.0,https://cdn.nba.com/headshots/nba/latest/1040x760/671.png,NBA CDN,candidate,manual_identity_research,,,,True,0
P001375,Donnie Butcher,Donnie Butcher,donnie-butcher,76318.0,https://cdn.nba.com/headshots/nba/latest/1040x760/76318.png,NBA CDN,candidate,manual_identity_research,,,,True,0
P001376,Donnie Freeman,Donnie Freeman,donnie-freeman,76754.0,https://cdn.nba.com/headshots/nba/latest/1040x760/76754.png,NBA CDN,candidate,manual_identity_research,,,,True,0
P001377,Donny Marshall,Donny Marshall,donny-marshall,681.0,https://cdn.nba.com/headshots/nba/latest/1040x760/681.png,NBA CDN,candidate,manual_identity_research,,,,True,0
P001378,Donovan Clingan,Donovan Clingan,donovan-clingan,1642270.0,https://cdn.nba.com/headshots/nba/latest/1040x760/1642270.png,NBA CDN,candidate,manual_identity_research,,,,True,0
P001379,Donovan Mitchell,Donovan Mitchell,donovan-mitchell,1628378.0,https://cdn.nba.com/headshots/nba/latest/1040x760/1628378.png,NBA CDN,candidate,manual_identity_research,,,,True,0
P001380,Donovan Williams,Donovan Williams,donovan-williams,1631495.0,https://cdn.nba.com/headshots/nba/latest/1040x760/1631495.png,NBA CDN,candidate,manual_identity_research,,,,True,0
P001381,Donta Hall,Donta Hall,donta-hall,1629743.0,https://cdn.nba.com/headshots/nba/latest/1040x760/1629743.png,NBA CDN,candidate,manual_identity_research,,,,True,0
P001382,Donta Smith,Donta Smith,donta-smith,2764.0,https://cdn.nba.com/headshots/nba/latest/1040x760/2764.png,NBA CDN,candidate,manual_identity_research,,,,True,0
P001383,Dontae' Jones,Dontae' Jones,dontae-jones,963.0,https://cdn.nba.com/headshots/nba/latest/1040x760/963.png,NBA CDN,candidate,manual_identity_research,,,,True,0
P001384,Donte DiVincenzo,Donte DiVincenzo,donte-divincenzo,1628978.0,https://cdn.nba.com/headshots/nba/latest/1040x760/1628978.png,NBA CDN,candidate,manual_identity_research,,,,True,0
P001385,Donte Grantham,Donte Grantham,donte-grantham,1629055.0,https://cdn.nba.com/headshots/nba/latest/1040x760/1629055.png,NBA CDN,candidate,manual_identity_research,,,,True,0
P001386,Dontell Jefferson,Dontell Jefferson,dontell-jefferson,200971.0,https://cdn.nba.com/headshots/nba/latest/1040x760/200971.png,NBA CDN,candidate,manual_identity_research,,,,True,0
P001387,Dontonio Wingfield,Dontonio Wingfield,dontonio-wingfield,112.0,https://cdn.nba.com/headshots/nba/latest/1040x760/112.png,NBA CDN,candidate,manual_identity_research,,,,True,0
P001388,Donté Greene,Donté Greene,dont-greene,201590.0,https://cdn.nba.com/headshots/nba/latest/1040x760/201590.png,NBA CDN,candidate,manual_identity_research,,,,True,0
P001389,Donyell Marshall,Donyell Marshall,donyell-marshall,923.0,https://cdn.nba.com/headshots/nba/latest/1040x760/923.png,NBA CDN,candidate,manual_identity_research,,,,True,0
P001390,Dorell Wright,Dorell Wright,dorell-wright,2748.0,https://cdn.nba.com/headshots/nba/latest/1040x760/2748.png,NBA CDN,candidate,manual_identity_research,,,,True,0
P001391,Dorian Finney-Smith,Dorian Finney-Smith,dorian-finney-smith,1627827.0,https://cdn.nba.com/headshots/nba/latest/1040x760/1627827.png,NBA CDN,candidate,manual_identity_research,,,,True,0
P001392,Dorie Murrey,Dorie Murrey,dorie-murrey,77676.0,https://cdn.nba.com/headshots/nba/latest/1040x760/77676.png,NBA CDN,candidate,manual_identity_research,,,,True,0
P001393,Doron Lamb,Doron Lamb,doron-lamb,203117.0,https://cdn.nba.com/headshots/nba/latest/1040x760/203117.png,NBA CDN,candidate,manual_identity_research,,,,True,0
P001394,Doug Bolstorff,Doug Bolstorff,doug-bolstorff,76197.0,https://cdn.nba.com/headshots/nba/latest/1040x760/76197.png,NBA CDN,candidate,manual_identity_research,,,,True,0
P001395,Doug Christie,Doug Christie,doug-christie,57.0,https://cdn.nba.com/headshots/nba/latest/1040x760/57.png,NBA CDN,candidate,manual_identity_research,,,,True,0
P001396,Doug Collins,Doug Collins,doug-collins-p001396,76421.0,https://cdn.nba.com/headshots/nba/latest/1040x760/76421.png,NBA CDN,candidate,manual_identity_research,,,,True,0
P001397,Doug Collins*,Doug Collins*,doug-collins-p001397,76421.0,https://cdn.nba.com/headshots/nba/latest/1040x760/76421.png,NBA CDN,candidate,manual_identity_research,,,,True,0
P001398,Doug Edwards,Doug Edwards,doug-edwards,346.0,https://cdn.nba.com/headshots/nba/latest/1040x760/346.png,NBA CDN,candidate,manual_identity_research,,,,True,0
P001399,Doug Kistler,Doug Kistler,doug-kistler,77279.0,https://cdn.nba.com/headshots/nba/latest/1040x760/77279.png,NBA CDN,candidate,manual_identity_research,,,,True,0
P001400,Doug Lee,Doug Lee,doug-lee,77358.0,https://cdn.nba.com/headshots/nba/latest/1040x760/77358.png,NBA CDN,candidate,manual_identity_research,,,,True,0
P001401,Doug McDermott,Doug McDermott,doug-mcdermott,203926.0,https://cdn.nba.com/headshots/nba/latest/1040x760/203926.png,NBA CDN,candidate,manual_identity_research,,,,True,0
P001402,Doug Overton,Doug Overton,doug-overton,77.0,https://cdn.nba.com/headshots/nba/latest/1040x760/77.png,NBA CDN,candidate,manual_identity_research,,,,True,0
P001403,Doug Roth,Doug Roth,doug-roth,78021.0,https://cdn.nba.com/headshots/nba/latest/1040x760/78021.png,NBA CDN,candidate,manual_identity_research,,,,True,0
P001404,Doug Sims,Doug Sims,doug-sims,78159.0,https://cdn.nba.com/headshots/nba/latest/1040x760/78159.png,NBA CDN,candidate,manual_identity_research,,,,True,0
P001405,Doug Smith,Doug Smith,doug-smith,475.0,https://cdn.nba.com/headshots/nba/latest/1040x760/475.png,NBA CDN,candidate,manual_identity_research,,,,True,0
P001406,Doug West,Doug West,doug-west,28.0,https://cdn.nba.com/headshots/nba/latest/1040x760/28.png,NBA CDN,candidate,manual_identity_research,,,,True,0
P001407,Dragan Bender,Dragan Bender,dragan-bender,1627733.0,https://cdn.nba.com/headshots/nba/latest/1040x760/1627733.png,NBA CDN,candidate,manual_identity_research,,,,True,0
P001408,Dragan Tarlać,Dragan Tarlać,dragan-tarla,1434.0,https://cdn.nba.com/headshots/nba/latest/1040x760/1434.png,NBA CDN,candidate,manual_identity_research,,,,True,0
P001409,Drake Powell,Drake Powell,drake-powell,1642962.0,https://cdn.nba.com/headshots/nba/latest/1040x760/1642962.png,NBA CDN,candidate,manual_identity_research,,,,True,0
P001410,Draymond Green,Draymond Green,draymond-green,203110.0,https://cdn.nba.com/headshots/nba/latest/1040x760/203110.png,NBA CDN,candidate,manual_identity_research,,,,True,0
P001411,Dražen Petrović,Dražen Petrović,dra-en-petrovi-p001411,77845.0,https://cdn.nba.com/headshots/nba/latest/1040x760/77845.png,NBA CDN,candidate,manual_identity_research,,,,True,0
P001412,Dražen Petrović*,Dražen Petrović*,dra-en-petrovi-p001412,77845.0,https://cdn.nba.com/headshots/nba/latest/1040x760/77845.png,NBA CDN,candidate,manual_identity_research,,,,True,0
P001413,Drew Barry,Drew Barry,drew-barry,1003.0,https://cdn.nba.com/headshots/nba/latest/1040x760/1003.png,NBA CDN,candidate,manual_identity_research,,,,True,0
P001414,Drew Eubanks,Drew Eubanks,drew-eubanks,1629234.0,https://cdn.nba.com/headshots/nba/latest/1040x760/1629234.png,NBA CDN,candidate,manual_identity_research,,,,True,0
P001415,Drew Gooden,Drew Gooden,drew-gooden,2400.0,https://cdn.nba.com/headshots/nba/latest/1040x760/2400.png,NBA CDN,candidate,manual_identity_research,,,,True,0
P001416,Drew Gordon,Drew Gordon,drew-gordon,204079.0,https://cdn.nba.com/headshots/nba/latest/1040x760/204079.png,NBA CDN,candidate,manual_identity_research,,,,True,0
P001417,Drew Peterson,Drew Peterson,drew-peterson,1641809.0,https://cdn.nba.com/headshots/nba/latest/1040x760/1641809.png,NBA CDN,candidate,manual_identity_research,,,,True,0
P001418,Drew Timme,Drew Timme,drew-timme,1631166.0,https://cdn.nba.com/headshots/nba/latest/1040x760/1631166.png,NBA CDN,candidate,manual_identity_research,,,,True,0
P001419,Dru Smith,Dru Smith,dru-smith,1630696.0,https://cdn.nba.com/headshots/nba/latest/1040x760/1630696.png,NBA CDN,candidate,manual_identity_research,,,,True,0
P001420,Duane Causwell,Duane Causwell,duane-causwell,190.0,https://cdn.nba.com/headshots/nba/latest/1040x760/190.png,NBA CDN,candidate,manual_identity_research,,,,True,0
P001421,Duane Cooper,Duane Cooper,duane-cooper,1030.0,https://cdn.nba.com/headshots/nba/latest/1040x760/1030.png,NBA CDN,candidate,manual_identity_research,,,,True,0
P001422,Duane Ferrell,Duane Ferrell,duane-ferrell,273.0,https://cdn.nba.com/headshots/nba/latest/1040x760/273.png,NBA CDN,candidate,manual_identity_research,,,,True,0
P001423,Duane Washington,Duane Washington,duane-washington,78464.0,https://cdn.nba.com/headshots/nba/latest/1040x760/78464.png,NBA CDN,candidate,manual_identity_research,,,,True,0
P001424,Duane Washington Jr.,Duane Washington Jr.,duane-washington-jr,1630613.0,https://cdn.nba.com/headshots/nba/latest/1040x760/1630613.png,NBA CDN,candidate,manual_identity_research,,,,True,0
P001425,Duck Williams,Duck Williams,duck-williams,,,,manual_identity_review,manual_identity_research,,,,True,0
P001426,Dudley Bradley,Dudley Bradley,dudley-bradley,76231.0,https://cdn.nba.com/headshots/nba/latest/1040x760/76231.png,NBA CDN,candidate,manual_identity_research,,,,True,0
P001427,Duje Dukan,Duje Dukan,duje-dukan,1626251.0,https://cdn.nba.com/headshots/nba/latest/1040x760/1626251.png,NBA CDN,candidate,manual_identity_research,,,,True,0
P001428,Duncan Robinson,Duncan Robinson,duncan-robinson,1629130.0,https://cdn.nba.com/headshots/nba/latest/1040x760/1629130.png,NBA CDN,candidate,manual_identity_research,,,,True,0
P001429,Duop Reath,Duop Reath,duop-reath,1641871.0,https://cdn.nba.com/headshots/nba/latest/1040x760/1641871.png,NBA CDN,candidate,manual_identity_research,,,,True,0
P001430,Dusty Hannahs,Dusty Hannahs,dusty-hannahs,1628605.0,https://cdn.nba.com/headshots/nba/latest/1040x760/1628605.png,NBA CDN,candidate,manual_identity_research,,,,True,0
P001431,Dwayne Bacon,Dwayne Bacon,dwayne-bacon,1628407.0,https://cdn.nba.com/headshots/nba/latest/1040x760/1628407.png,NBA CDN,candidate,manual_identity_research,,,,True,0
P001432,Dwayne Jones,Dwayne Jones,dwayne-jones,101204.0,https://cdn.nba.com/headshots/nba/latest/1040x760/101204.png,NBA CDN,candidate,manual_identity_research,,,,True,0
P001433,Dwayne McClain,Dwayne McClain,dwayne-mcclain,77509.0,https://cdn.nba.com/headshots/nba/latest/1040x760/77509.png,NBA CDN,candidate,manual_identity_research,,,,True,0
P001434,Dwayne Morton,Dwayne Morton,dwayne-morton,132.0,https://cdn.nba.com/headshots/nba/latest/1040x760/132.png,NBA CDN,candidate,manual_identity_research,,,,True,0
P001435,Dwayne Polee,Dwayne Polee,dwayne-polee,77866.0,https://cdn.nba.com/headshots/nba/latest/1040x760/77866.png,NBA CDN,candidate,manual_identity_research,,,,True,0
P001436,Dwayne Schintzius,Dwayne Schintzius,dwayne-schintzius,368.0,https://cdn.nba.com/headshots/nba/latest/1040x760/368.png,NBA CDN,candidate,manual_identity_research,,,,True,0
P001437,Dwayne Whitfield,Dwayne Whitfield,dwayne-whitfield,730.0,https://cdn.nba.com/headshots/nba/latest/1040x760/730.png,NBA CDN,candidate,manual_identity_research,,,,True,0
P001438,Dwight Anderson,Dwight Anderson,dwight-anderson,76037.0,https://cdn.nba.com/headshots/nba/latest/1040x760/76037.png,NBA CDN,candidate,manual_identity_research,,,,True,0
P001439,Dwight Buycks,Dwight Buycks,dwight-buycks,202779.0,https://cdn.nba.com/headshots/nba/latest/1040x760/202779.png,NBA CDN,candidate,manual_identity_research,,,,True,0
P001440,Dwight Davis,Dwight Davis,dwight-davis,,,,manual_identity_review,manual_identity_research,,,,True,0
P001441,Dwight Howard,Dwight Howard,dwight-howard-p001441,2730.0,https://cdn.nba.com/headshots/nba/latest/1040x760/2730.png,NBA CDN,candidate,manual_identity_research,,,,True,0
P001442,Dwight Howard*,Dwight Howard*,dwight-howard-p001442,2730.0,https://cdn.nba.com/headshots/nba/latest/1040x760/2730.png,NBA CDN,candidate,manual_identity_research,,,,True,0
P001443,Dwight Jones,Dwight Jones,dwight-jones,77182.0,https://cdn.nba.com/headshots/nba/latest/1040x760/77182.png,NBA CDN,candidate,manual_identity_research,,,,True,0
P001444,Dwight Powell,Dwight Powell,dwight-powell,203939.0,https://cdn.nba.com/headshots/nba/latest/1040x760/203939.png,NBA CDN,candidate,manual_identity_research,,,,True,0
P001445,Dwight Waller,Dwight Waller,dwight-waller,78444.0,https://cdn.nba.com/headshots/nba/latest/1040x760/78444.png,NBA CDN,candidate,manual_identity_research,,,,True,0
P001446,Dwyane Wade,Dwyane Wade,dwyane-wade-p001446,2548.0,https://cdn.nba.com/headshots/nba/latest/1040x760/2548.png,NBA CDN,candidate,manual_identity_research,,,,True,0
P001447,Dwyane Wade*,Dwyane Wade*,dwyane-wade-p001447,2548.0,https://cdn.nba.com/headshots/nba/latest/1040x760/2548.png,NBA CDN,candidate,manual_identity_research,,,,True,0
P001448,Dylan Cardwell,Dylan Cardwell,dylan-cardwell,1642928.0,https://cdn.nba.com/headshots/nba/latest/1040x760/1642928.png,NBA CDN,candidate,manual_identity_research,,,,True,0
P001449,Dylan Harper,Dylan Harper,dylan-harper,1642844.0,https://cdn.nba.com/headshots/nba/latest/1040x760/1642844.png,NBA CDN,candidate,manual_identity_research,,,,True,0
P001450,Dylan Windler,Dylan Windler,dylan-windler,1629685.0,https://cdn.nba.com/headshots/nba/latest/1040x760/1629685.png,NBA CDN,candidate,manual_identity_research,,,,True,0
P001451,Dyron Nix,Dyron Nix,dyron-nix,77720.0,https://cdn.nba.com/headshots/nba/latest/1040x760/77720.png,NBA CDN,candidate,manual_identity_research,,,,True,0
P001452,Dyson Daniels,Dyson Daniels,dyson-daniels,1630700.0,https://cdn.nba.com/headshots/nba/latest/1040x760/1630700.png,NBA CDN,candidate,manual_identity_research,,,,True,0
P001453,Dāvis Bertāns,Dāvis Bertāns,d-vis-bert-ns,202722.0,https://cdn.nba.com/headshots/nba/latest/1040x760/202722.png,NBA CDN,candidate,manual_identity_research,,,,True,0
P001454,Džanan Musa,Džanan Musa,d-anan-musa,1629058.0,https://cdn.nba.com/headshots/nba/latest/1040x760/1629058.png,NBA CDN,candidate,manual_identity_research,,,,True,0
P001455,E'Twaun Moore,E'Twaun Moore,e-twaun-moore,202734.0,https://cdn.nba.com/headshots/nba/latest/1040x760/202734.png,NBA CDN,candidate,manual_identity_research,,,,True,0
P001456,E.C. Coleman,E.C. Coleman,e-c-coleman,76413.0,https://cdn.nba.com/headshots/nba/latest/1040x760/76413.png,NBA CDN,candidate,manual_identity_research,,,,True,0
P001457,E.J. Liddell,E.J. Liddell,e-j-liddell,1630604.0,https://cdn.nba.com/headshots/nba/latest/1040x760/1630604.png,NBA CDN,candidate,manual_identity_research,,,,True,0
P001458,Earl Barron,Earl Barron,earl-barron,2853.0,https://cdn.nba.com/headshots/nba/latest/1040x760/2853.png,NBA CDN,candidate,manual_identity_research,,,,True,0
P001459,Earl Boykins,Earl Boykins,earl-boykins,1863.0,https://cdn.nba.com/headshots/nba/latest/1040x760/1863.png,NBA CDN,candidate,manual_identity_research,,,,True,0
P001460,Earl Clark,Earl Clark,earl-clark,201947.0,https://cdn.nba.com/headshots/nba/latest/1040x760/201947.png,NBA CDN,candidate,manual_identity_research,,,,True,0
P001461,Earl Cureton,Earl Cureton,earl-cureton,940.0,https://cdn.nba.com/headshots/nba/latest/1040x760/940.png,NBA CDN,candidate,manual_identity_research,,,,True,0
P001462,Earl Evans,Earl Evans,earl-evans,76685.0,https://cdn.nba.com/headshots/nba/latest/1040x760/76685.png,NBA CDN,candidate,manual_identity_research,,,,True,0
P001463,Earl Jones,Earl Jones,earl-jones,77183.0,https://cdn.nba.com/headshots/nba/latest/1040x760/77183.png,NBA CDN,candidate,manual_identity_research,,,,True,0
P001464,Earl Lloyd,Earl Lloyd,earl-lloyd-p001464,77394.0,https://cdn.nba.com/headshots/nba/latest/1040x760/77394.png,NBA CDN,candidate,manual_identity_research,,,,True,0
P001465,Earl Lloyd*,Earl Lloyd*,earl-lloyd-p001465,77394.0,https://cdn.nba.com/headshots/nba/latest/1040x760/77394.png,NBA CDN,candidate,manual_identity_research,,,,True,0
P001466,Earl Monroe,Earl Monroe,earl-monroe-p001466,600006.0,https://cdn.nba.com/headshots/nba/latest/1040x760/600006.png,NBA CDN,candidate,manual_identity_research,,,,True,0
P001467,Earl Monroe*,Earl Monroe*,earl-monroe-p001467,600006.0,https://cdn.nba.com/headshots/nba/latest/1040x760/600006.png,NBA CDN,candidate,manual_identity_research,,,,True,0
P001468,Earl Tatum,Earl Tatum,earl-tatum,78294.0,https://cdn.nba.com/headshots/nba/latest/1040x760/78294.png,NBA CDN,candidate,manual_identity_research,,,,True,0
P001469,Earl Watson,Earl Watson,earl-watson,2248.0,https://cdn.nba.com/headshots/nba/latest/1040x760/2248.png,NBA CDN,candidate,manual_identity_research,,,,True,0
P001470,Earl Williams,Earl Williams,earl-williams,78546.0,https://cdn.nba.com/headshots/nba/latest/1040x760/78546.png,NBA CDN,candidate,manual_identity_research,,,,True,0
P001471,Earnie Killum,Earnie Killum,earnie-killum,,,,manual_identity_review,manual_identity_research,,,,True,0
P001472,Ed Biedenbach,Ed Biedenbach,ed-biedenbach,76163.0,https://cdn.nba.com/headshots/nba/latest/1040x760/76163.png,NBA CDN,candidate,manual_identity_research,,,,True,0
P001473,Ed Burton,Ed Burton,ed-burton,76314.0,https://cdn.nba.com/headshots/nba/latest/1040x760/76314.png,NBA CDN,candidate,manual_identity_research,,,,True,0
P001474,Ed Conlin,Ed Conlin,ed-conlin,76429.0,https://cdn.nba.com/headshots/nba/latest/1040x760/76429.png,NBA CDN,candidate,manual_identity_research,,,,True,0
P001475,Ed Dahler,Ed Dahler,ed-dahler,76496.0,https://cdn.nba.com/headshots/nba/latest/1040x760/76496.png,NBA CDN,candidate,manual_identity_research,,,,True,0
P001476,Ed Davis,Ed Davis,ed-davis,202334.0,https://cdn.nba.com/headshots/nba/latest/1040x760/202334.png,NBA CDN,candidate,manual_identity_research,,,,True,0
P001477,Ed Earle,Ed Earle,ed-earle,76630.0,https://cdn.nba.com/headshots/nba/latest/1040x760/76630.png,NBA CDN,candidate,manual_identity_research,,,,True,0
P001478,Ed Fleming,Ed Fleming,ed-fleming,76723.0,https://cdn.nba.com/headshots/nba/latest/1040x760/76723.png,NBA CDN,candidate,manual_identity_research,,,,True,0
P001479,Ed Gray,Ed Gray,ed-gray,1516.0,https://cdn.nba.com/headshots/nba/latest/1040x760/1516.png,NBA CDN,candidate,manual_identity_research,,,,True,0
P001480,Ed Horton,Ed Horton,ed-horton,77060.0,https://cdn.nba.com/headshots/nba/latest/1040x760/77060.png,NBA CDN,candidate,manual_identity_research,,,,True,0
P001481,Ed Kalafat,Ed Kalafat,ed-kalafat,77219.0,https://cdn.nba.com/headshots/nba/latest/1040x760/77219.png,NBA CDN,candidate,manual_identity_research,,,,True,0
P001482,Ed Macauley,Ed Macauley,ed-macauley-p001482,77429.0,https://cdn.nba.com/headshots/nba/latest/1040x760/77429.png,NBA CDN,candidate,manual_identity_research,,,,True,0
P001483,Ed Macauley*,Ed Macauley*,ed-macauley-p001483,77429.0,https://cdn.nba.com/headshots/nba/latest/1040x760/77429.png,NBA CDN,candidate,manual_identity_research,,,,True,0
P001484,Ed Manning,Ed Manning,ed-manning,77454.0,https://cdn.nba.com/headshots/nba/latest/1040x760/77454.png,NBA CDN,candidate,manual_identity_research,,,,True,0
P001485,Ed Mikan,Ed Mikan,ed-mikan,77590.0,https://cdn.nba.com/headshots/nba/latest/1040x760/77590.png,NBA CDN,candidate,manual_identity_research,,,,True,0
P001486,Ed Nealy,Ed Nealy,ed-nealy,77697.0,https://cdn.nba.com/headshots/nba/latest/1040x760/77697.png,NBA CDN,candidate,manual_identity_research,,,,True,0
P001487,Ed O'Bannon,Ed O'Bannon,ed-o-bannon,709.0,https://cdn.nba.com/headshots/nba/latest/1040x760/709.png,NBA CDN,candidate,manual_identity_research,,,,True,0
P001488,Ed Pinckney,Ed Pinckney,ed-pinckney,291.0,https://cdn.nba.com/headshots/nba/latest/1040x760/291.png,NBA CDN,candidate,manual_identity_research,,,,True,0
P001489,Ed Rains,Ed Rains,ed-rains,77904.0,https://cdn.nba.com/headshots/nba/latest/1040x760/77904.png,NBA CDN,candidate,manual_identity_research,,,,True,0
P001490,Ed Ratleff,Ed Ratleff,ed-ratleff,77914.0,https://cdn.nba.com/headshots/nba/latest/1040x760/77914.png,NBA CDN,candidate,manual_identity_research,,,,True,0
P001491,Ed Searcy,Ed Searcy,ed-searcy,78105.0,https://cdn.nba.com/headshots/nba/latest/1040x760/78105.png,NBA CDN,candidate,manual_identity_research,,,,True,0
P001492,Ed Sherod,Ed Sherod,ed-sherod,,,,manual_identity_review,manual_identity_research,,,,True,0
P001493,Ed Smith,Ed Smith,ed-smith,78187.0,https://cdn.nba.com/headshots/nba/latest/1040x760/78187.png,NBA CDN,candidate,manual_identity_research,,,,True,0
P001494,Ed Stokes,Ed Stokes,ed-stokes,1055.0,https://cdn.nba.com/headshots/nba/latest/1040x760/1055.png,NBA CDN,candidate,manual_identity_research,,,,True,0
P001495,Eddie Basden,Eddie Basden,eddie-basden,101188.0,https://cdn.nba.com/headshots/nba/latest/1040x760/101188.png,NBA CDN,candidate,manual_identity_research,,,,True,0
P001496,Eddie Gill,Eddie Gill,eddie-gill,2109.0,https://cdn.nba.com/headshots/nba/latest/1040x760/2109.png,NBA CDN,candidate,manual_identity_research,,,,True,0
P001497,Eddie Griffin,Eddie Griffin,eddie-griffin,2204.0,https://cdn.nba.com/headshots/nba/latest/1040x760/2204.png,NBA CDN,candidate,manual_identity_research,,,,True,0
P001498,Eddie House,Eddie House,eddie-house,2067.0,https://cdn.nba.com/headshots/nba/latest/1040x760/2067.png,NBA CDN,candidate,manual_identity_research,,,,True,0
P001499,Eddie Hughes,Eddie Hughes,eddie-hughes,77077.0,https://cdn.nba.com/headshots/nba/latest/1040x760/77077.png,NBA CDN,candidate,manual_identity_research,,,,True,0
P001500,Eddie Johnson,Eddie Johnson,eddie-johnson,,,,manual_identity_review,manual_identity_research,,,,True,0
P001501,Eddie Jones,Eddie Jones,eddie-jones,224.0,https://cdn.nba.com/headshots/nba/latest/1040x760/224.png,NBA CDN,candidate,manual_identity_research,,,,True,0
P001502,Eddie Jordan,Eddie Jordan,eddie-jordan,77205.0,https://cdn.nba.com/headshots/nba/latest/1040x760/77205.png,NBA CDN,candidate,manual_identity_research,,,,True,0
P001503,Eddie Lee Wilkins,Eddie Lee Wilkins,eddie-lee-wilkins,,,,manual_identity_review,manual_identity_research,,,,True,0
P001504,Eddie Mast,Eddie Mast,eddie-mast,77483.0,https://cdn.nba.com/headshots/nba/latest/1040x760/77483.png,NBA CDN,candidate,manual_identity_research,,,,True,0
P001505,Eddie Miles,Eddie Miles,eddie-miles,77596.0,https://cdn.nba.com/headshots/nba/latest/1040x760/77596.png,NBA CDN,candidate,manual_identity_research,,,,True,0
P001506,Eddie Miller,Eddie Miller,eddie-miller,77599.0,https://cdn.nba.com/headshots/nba/latest/1040x760/77599.png,NBA CDN,candidate,manual_identity_research,,,,True,0
P001507,Eddie Owens,Eddie Owens,eddie-owens,77782.0,https://cdn.nba.com/headshots/nba/latest/1040x760/77782.png,NBA CDN,candidate,manual_identity_research,,,,True,0
P001508,Eddie Phillips,Eddie Phillips,eddie-phillips,77854.0,https://cdn.nba.com/headshots/nba/latest/1040x760/77854.png,NBA CDN,candidate,manual_identity_research,,,,True,0
P001509,Eddie Robinson,Eddie Robinson,eddie-robinson,1944.0,https://cdn.nba.com/headshots/nba/latest/1040x760/1944.png,NBA CDN,candidate,manual_identity_research,,,,True,0
P001510,Eddy Curry,Eddy Curry,eddy-curry,2201.0,https://cdn.nba.com/headshots/nba/latest/1040x760/2201.png,NBA CDN,candidate,manual_identity_research,,,,True,0
P001511,Edgar Jones,Edgar Jones,edgar-jones,77184.0,https://cdn.nba.com/headshots/nba/latest/1040x760/77184.png,NBA CDN,candidate,manual_identity_research,,,,True,0
P001512,Edmond Sumner,Edmond Sumner,edmond-sumner,1628410.0,https://cdn.nba.com/headshots/nba/latest/1040x760/1628410.png,NBA CDN,candidate,manual_identity_research,,,,True,0
P001513,Edmund Lawrence,Edmund Lawrence,edmund-lawrence,,,,manual_identity_review,manual_identity_research,,,,True,0
P001514,Eduardo Nájera,Eduardo Nájera,eduardo-n-jera,2059.0,https://cdn.nba.com/headshots/nba/latest/1040x760/2059.png,NBA CDN,candidate,manual_identity_research,,,,True,0
P001515,Edwin Ubiles,Edwin Ubiles,edwin-ubiles,202775.0,https://cdn.nba.com/headshots/nba/latest/1040x760/202775.png,NBA CDN,candidate,manual_identity_research,,,,True,0
P001516,Edy Tavares,Edy Tavares,edy-tavares,204002.0,https://cdn.nba.com/headshots/nba/latest/1040x760/204002.png,NBA CDN,candidate,manual_identity_research,,,,True,0
P001517,Efthimios Rentzias,Efthimios Rentzias,efthimios-rentzias,981.0,https://cdn.nba.com/headshots/nba/latest/1040x760/981.png,NBA CDN,candidate,manual_identity_research,,,,True,0
P001518,Egor Dёmin,Egor Dёmin,egor-d-min,,,,manual_identity_review,manual_identity_research,,,,True,0
P001519,Ekpe Udoh,Ekpe Udoh,ekpe-udoh,202327.0,https://cdn.nba.com/headshots/nba/latest/1040x760/202327.png,NBA CDN,candidate,manual_identity_research,,,,True,0
P001520,Elden Campbell,Elden Campbell,elden-campbell,922.0,https://cdn.nba.com/headshots/nba/latest/1040x760/922.png,NBA CDN,candidate,manual_identity_research,,,,True,0
P001521,Eldridge Recasner,Eldridge Recasner,eldridge-recasner,695.0,https://cdn.nba.com/headshots/nba/latest/1040x760/695.png,NBA CDN,candidate,manual_identity_research,,,,True,0
P001522,Elfrid Payton,Elfrid Payton,elfrid-payton,203901.0,https://cdn.nba.com/headshots/nba/latest/1040x760/203901.png,NBA CDN,candidate,manual_identity_research,,,,True,0
P001523,Elgin Baylor,Elgin Baylor,elgin-baylor-p001523,76127.0,https://cdn.nba.com/headshots/nba/latest/1040x760/76127.png,NBA CDN,candidate,manual_identity_research,,,,True,0
P001524,Elgin Baylor*,Elgin Baylor*,elgin-baylor-p001524,76127.0,https://cdn.nba.com/headshots/nba/latest/1040x760/76127.png,NBA CDN,candidate,manual_identity_research,,,,True,0
P001525,Elias Harris,Elias Harris,elias-harris,203548.0,https://cdn.nba.com/headshots/nba/latest/1040x760/203548.png,NBA CDN,candidate,manual_identity_research,,,,True,0
P001526,Elie Okobo,Elie Okobo,elie-okobo,1629059.0,https://cdn.nba.com/headshots/nba/latest/1040x760/1629059.png,NBA CDN,candidate,manual_identity_research,,,,True,0
P001527,Elijah Bryant,Elijah Bryant,elijah-bryant,1629091.0,https://cdn.nba.com/headshots/nba/latest/1040x760/1629091.png,NBA CDN,candidate,manual_identity_research,,,,True,0
P001528,Elijah Harkless,Elijah Harkless,elijah-harkless,1641989.0,https://cdn.nba.com/headshots/nba/latest/1040x760/1641989.png,NBA CDN,candidate,manual_identity_research,,,,True,0
P001529,Elijah Hughes,Elijah Hughes,elijah-hughes,1630190.0,https://cdn.nba.com/headshots/nba/latest/1040x760/1630190.png,NBA CDN,candidate,manual_identity_research,,,,True,0
P001530,Elijah Millsap,Elijah Millsap,elijah-millsap,202407.0,https://cdn.nba.com/headshots/nba/latest/1040x760/202407.png,NBA CDN,candidate,manual_identity_research,,,,True,0
P001531,Elliot Perry,Elliot Perry,elliot-perry,386.0,https://cdn.nba.com/headshots/nba/latest/1040x760/386.png,NBA CDN,candidate,manual_identity_research,,,,True,0
P001532,Elliot Williams,Elliot Williams,elliot-williams,202343.0,https://cdn.nba.com/headshots/nba/latest/1040x760/202343.png,NBA CDN,candidate,manual_identity_research,,,,True,0
P001533,Elmer Behnke,Elmer Behnke,elmer-behnke,76141.0,https://cdn.nba.com/headshots/nba/latest/1040x760/76141.png,NBA CDN,candidate,manual_identity_research,,,,True,0
P001534,Elmer Bennett,Elmer Bennett,elmer-bennett,1120.0,https://cdn.nba.com/headshots/nba/latest/1040x760/1120.png,NBA CDN,candidate,manual_identity_research,,,,True,0
P001535,Elmore Smith,Elmore Smith,elmore-smith,78188.0,https://cdn.nba.com/headshots/nba/latest/1040x760/78188.png,NBA CDN,candidate,manual_identity_research,,,,True,0
P001536,Elmore Spencer,Elmore Spencer,elmore-spencer,771.0,https://cdn.nba.com/headshots/nba/latest/1040x760/771.png,NBA CDN,candidate,manual_identity_research,,,,True,0
P001537,Elston Turner,Elston Turner,elston-turner,78378.0,https://cdn.nba.com/headshots/nba/latest/1040x760/78378.png,NBA CDN,candidate,manual_identity_research,,,,True,0
P001538,Elton Brand,Elton Brand,elton-brand,1882.0,https://cdn.nba.com/headshots/nba/latest/1040x760/1882.png,NBA CDN,candidate,manual_identity_research,,,,True,0
P001539,Elvin Hayes,Elvin Hayes,elvin-hayes-p001539,76979.0,https://cdn.nba.com/headshots/nba/latest/1040x760/76979.png,NBA CDN,candidate,manual_identity_research,,,,True,0
P001540,Elvin Hayes*,Elvin Hayes*,elvin-hayes-p001540,76979.0,https://cdn.nba.com/headshots/nba/latest/1040x760/76979.png,NBA CDN,candidate,manual_identity_research,,,,True,0
P001541,Em Bryant,Em Bryant,em-bryant,,,,manual_identity_review,manual_identity_research,,,,True,0
P001542,Emanual Davis,Emanual Davis,emanual-davis,1023.0,https://cdn.nba.com/headshots/nba/latest/1040x760/1023.png,NBA CDN,candidate,manual_identity_research,,,,True,0
P001543,Emanuel Miller,Emanuel Miller,emanuel-miller,1641801.0,https://cdn.nba.com/headshots/nba/latest/1040x760/1641801.png,NBA CDN,candidate,manual_identity_research,,,,True,0
P001544,Emanuel Terry,Emanuel Terry,emanuel-terry,1629150.0,https://cdn.nba.com/headshots/nba/latest/1040x760/1629150.png,NBA CDN,candidate,manual_identity_research,,,,True,0
P001545,Emeka Okafor,Emeka Okafor,emeka-okafor,2731.0,https://cdn.nba.com/headshots/nba/latest/1040x760/2731.png,NBA CDN,candidate,manual_identity_research,,,,True,0
P001546,Emmanuel Mudiay,Emmanuel Mudiay,emmanuel-mudiay,1626144.0,https://cdn.nba.com/headshots/nba/latest/1040x760/1626144.png,NBA CDN,candidate,manual_identity_research,,,,True,0
P001547,Emoni Bates,Emoni Bates,emoni-bates,1641734.0,https://cdn.nba.com/headshots/nba/latest/1040x760/1641734.png,NBA CDN,candidate,manual_identity_research,,,,True,0
P001548,Enes Freedom,Enes Freedom,enes-freedom,202683.0,https://cdn.nba.com/headshots/nba/latest/1040x760/202683.png,NBA CDN,candidate,manual_identity_research,,,,True,0
P001549,Ennis Whatley,Ennis Whatley,ennis-whatley,941.0,https://cdn.nba.com/headshots/nba/latest/1040x760/941.png,NBA CDN,candidate,manual_identity_research,,,,True,0
P001550,Enrique Freeman,Enrique Freeman,enrique-freeman,1642402.0,https://cdn.nba.com/headshots/nba/latest/1040x760/1642402.png,NBA CDN,candidate,manual_identity_research,,,,True,0
P001551,Eric Anderson,Eric Anderson,eric-anderson,944.0,https://cdn.nba.com/headshots/nba/latest/1040x760/944.png,NBA CDN,candidate,manual_identity_research,,,,True,0
P001552,Eric Bledsoe,Eric Bledsoe,eric-bledsoe,202339.0,https://cdn.nba.com/headshots/nba/latest/1040x760/202339.png,NBA CDN,candidate,manual_identity_research,,,,True,0
P001553,Eric Dawson,Eric Dawson,eric-dawson,201286.0,https://cdn.nba.com/headshots/nba/latest/1040x760/201286.png,NBA CDN,candidate,manual_identity_research,,,,True,0
P001554,Eric Fernsten,Eric Fernsten,eric-fernsten,76707.0,https://cdn.nba.com/headshots/nba/latest/1040x760/76707.png,NBA CDN,candidate,manual_identity_research,,,,True,0
P001555,Eric Gordon,Eric Gordon,eric-gordon,201569.0,https://cdn.nba.com/headshots/nba/latest/1040x760/201569.png,NBA CDN,candidate,manual_identity_research,,,,True,0
P001556,Eric Johnson,Eric Johnson,eric-johnson,77145.0,https://cdn.nba.com/headshots/nba/latest/1040x760/77145.png,NBA CDN,candidate,manual_identity_research,,,,True,0
P001557,Eric Leckner,Eric Leckner,eric-leckner,287.0,https://cdn.nba.com/headshots/nba/latest/1040x760/287.png,NBA CDN,candidate,manual_identity_research,,,,True,0
P001558,Eric Maynor,Eric Maynor,eric-maynor,201953.0,https://cdn.nba.com/headshots/nba/latest/1040x760/201953.png,NBA CDN,candidate,manual_identity_research,,,,True,0
P001559,Eric McWilliams,Eric McWilliams,eric-mcwilliams,77567.0,https://cdn.nba.com/headshots/nba/latest/1040x760/77567.png,NBA CDN,candidate,manual_identity_research,,,,True,0
P001560,Eric Mika,Eric Mika,eric-mika,1628450.0,https://cdn.nba.com/headshots/nba/latest/1040x760/1628450.png,NBA CDN,candidate,manual_identity_research,,,,True,0
P001561,Eric Mobley,Eric Mobley,eric-mobley,211.0,https://cdn.nba.com/headshots/nba/latest/1040x760/211.png,NBA CDN,candidate,manual_identity_research,,,,True,0
P001562,Eric Money,Eric Money,eric-money,77627.0,https://cdn.nba.com/headshots/nba/latest/1040x760/77627.png,NBA CDN,candidate,manual_identity_research,,,,True,0
P001563,Eric Montross,Eric Montross,eric-montross,376.0,https://cdn.nba.com/headshots/nba/latest/1040x760/376.png,NBA CDN,candidate,manual_identity_research,,,,True,0
P001564,Eric Moreland,Eric Moreland,eric-moreland,203961.0,https://cdn.nba.com/headshots/nba/latest/1040x760/203961.png,NBA CDN,candidate,manual_identity_research,,,,True,0
P001565,Eric Murdock,Eric Murdock,eric-murdock,785.0,https://cdn.nba.com/headshots/nba/latest/1040x760/785.png,NBA CDN,candidate,manual_identity_research,,,,True,0
P001566,Eric Paschall,Eric Paschall,eric-paschall,1629672.0,https://cdn.nba.com/headshots/nba/latest/1040x760/1629672.png,NBA CDN,candidate,manual_identity_research,,,,True,0
P001567,Eric Piatkowski,Eric Piatkowski,eric-piatkowski,15.0,https://cdn.nba.com/headshots/nba/latest/1040x760/15.png,NBA CDN,candidate,manual_identity_research,,,,True,0
P001568,Eric Riley,Eric Riley,eric-riley,35.0,https://cdn.nba.com/headshots/nba/latest/1040x760/35.png,NBA CDN,candidate,manual_identity_research,,,,True,0
P001569,Eric Snow,Eric Snow,eric-snow,727.0,https://cdn.nba.com/headshots/nba/latest/1040x760/727.png,NBA CDN,candidate,manual_identity_research,,,,True,0
P001570,Eric Washington,Eric Washington,eric-washington,1540.0,https://cdn.nba.com/headshots/nba/latest/1040x760/1540.png,NBA CDN,candidate,manual_identity_research,,,,True,0
P001571,Eric White,Eric White,eric-white,78507.0,https://cdn.nba.com/headshots/nba/latest/1040x760/78507.png,NBA CDN,candidate,manual_identity_research,,,,True,0
P001572,Eric Williams,Eric Williams,eric-williams,677.0,https://cdn.nba.com/headshots/nba/latest/1040x760/677.png,NBA CDN,candidate,manual_identity_research,,,,True,0
P001573,Erick Barkley,Erick Barkley,erick-barkley,2057.0,https://cdn.nba.com/headshots/nba/latest/1040x760/2057.png,NBA CDN,candidate,manual_identity_research,,,,True,0
P001574,Erick Dampier,Erick Dampier,erick-dampier,956.0,https://cdn.nba.com/headshots/nba/latest/1040x760/956.png,NBA CDN,candidate,manual_identity_research,,,,True,0
P001575,Erick Green,Erick Green,erick-green,203475.0,https://cdn.nba.com/headshots/nba/latest/1040x760/203475.png,NBA CDN,candidate,manual_identity_research,,,,True,0
P001576,Erick Strickland,Erick Strickland,erick-strickland,1065.0,https://cdn.nba.com/headshots/nba/latest/1040x760/1065.png,NBA CDN,candidate,manual_identity_research,,,,True,0
P001577,Erik Daniels,Erik Daniels,erik-daniels,2845.0,https://cdn.nba.com/headshots/nba/latest/1040x760/2845.png,NBA CDN,candidate,manual_identity_research,,,,True,0
P001578,Erik McCree,Erik McCree,erik-mccree,1628571.0,https://cdn.nba.com/headshots/nba/latest/1040x760/1628571.png,NBA CDN,candidate,manual_identity_research,,,,True,0
P001579,Erik Murphy,Erik Murphy,erik-murphy,203513.0,https://cdn.nba.com/headshots/nba/latest/1040x760/203513.png,NBA CDN,candidate,manual_identity_research,,,,True,0
P001580,Ernest Brown,Ernest Brown,ernest-brown,2081.0,https://cdn.nba.com/headshots/nba/latest/1040x760/2081.png,NBA CDN,candidate,manual_identity_research,,,,True,0
P001581,Ernie Barrett,Ernie Barrett,ernie-barrett,76114.0,https://cdn.nba.com/headshots/nba/latest/1040x760/76114.png,NBA CDN,candidate,manual_identity_research,,,,True,0
P001582,Ernie Beck,Ernie Beck,ernie-beck,76136.0,https://cdn.nba.com/headshots/nba/latest/1040x760/76136.png,NBA CDN,candidate,manual_identity_research,,,,True,0
P001583,Ernie DiGregorio,Ernie DiGregorio,ernie-digregorio,76568.0,https://cdn.nba.com/headshots/nba/latest/1040x760/76568.png,NBA CDN,candidate,manual_identity_research,,,,True,0
P001584,Ernie Grunfeld,Ernie Grunfeld,ernie-grunfeld,76899.0,https://cdn.nba.com/headshots/nba/latest/1040x760/76899.png,NBA CDN,candidate,manual_identity_research,,,,True,0
P001585,Ernie Vandeweghe,Ernie Vandeweghe,ernie-vandeweghe,78405.0,https://cdn.nba.com/headshots/nba/latest/1040x760/78405.png,NBA CDN,candidate,manual_identity_research,,,,True,0
P001586,Ersan İlyasova,Ersan İlyasova,ersan-ilyasova,101141.0,https://cdn.nba.com/headshots/nba/latest/1040x760/101141.png,NBA CDN,candidate,manual_identity_research,,,,True,0
P001587,Ervin Johnson,Ervin Johnson,ervin-johnson,911.0,https://cdn.nba.com/headshots/nba/latest/1040x760/911.png,NBA CDN,candidate,manual_identity_research,,,,True,0
P001588,Erwin Mueller,Erwin Mueller,erwin-mueller,77658.0,https://cdn.nba.com/headshots/nba/latest/1040x760/77658.png,NBA CDN,candidate,manual_identity_research,,,,True,0
P001589,Essie Hollis,Essie Hollis,essie-hollis,77044.0,https://cdn.nba.com/headshots/nba/latest/1040x760/77044.png,NBA CDN,candidate,manual_identity_research,,,,True,0
P001590,Esteban Batista,Esteban Batista,esteban-batista,101212.0,https://cdn.nba.com/headshots/nba/latest/1040x760/101212.png,NBA CDN,candidate,manual_identity_research,,,,True,0
P001591,Etan Thomas,Etan Thomas,etan-thomas,2041.0,https://cdn.nba.com/headshots/nba/latest/1040x760/2041.png,NBA CDN,candidate,manual_identity_research,,,,True,0
P001592,Etdrick Bohannon,Etdrick Bohannon,etdrick-bohannon,1564.0,https://cdn.nba.com/headshots/nba/latest/1040x760/1564.png,NBA CDN,candidate,manual_identity_research,,,,True,0
P001593,Ethan Thompson,Ethan Thompson,ethan-thompson,1630679.0,https://cdn.nba.com/headshots/nba/latest/1040x760/1630679.png,NBA CDN,candidate,manual_identity_research,,,,True,0
P001594,Eugene Jeter,Eugene Jeter,eugene-jeter,,,,manual_identity_review,manual_identity_research,,,,True,0
P001595,Eugene Omoruyi,Eugene Omoruyi,eugene-omoruyi,1630647.0,https://cdn.nba.com/headshots/nba/latest/1040x760/1630647.png,NBA CDN,candidate,manual_identity_research,,,,True,0
P001596,Evan Eschmeyer,Evan Eschmeyer,evan-eschmeyer,1915.0,https://cdn.nba.com/headshots/nba/latest/1040x760/1915.png,NBA CDN,candidate,manual_identity_research,,,,True,0
P001597,Evan Fournier,Evan Fournier,evan-fournier,203095.0,https://cdn.nba.com/headshots/nba/latest/1040x760/203095.png,NBA CDN,candidate,manual_identity_research,,,,True,0
P001598,Evan Mobley,Evan Mobley,evan-mobley,1630596.0,https://cdn.nba.com/headshots/nba/latest/1040x760/1630596.png,NBA CDN,candidate,manual_identity_research,,,,True,0
P001599,Evan Turner,Evan Turner,evan-turner,202323.0,https://cdn.nba.com/headshots/nba/latest/1040x760/202323.png,NBA CDN,candidate,manual_identity_research,,,,True,0
P001600,Everette Stephens,Everette Stephens,everette-stephens,78247.0,https://cdn.nba.com/headshots/nba/latest/1040x760/78247.png,NBA CDN,candidate,manual_identity_research,,,,True,0
P001601,Evers Burns,Evers Burns,evers-burns,76308.0,https://cdn.nba.com/headshots/nba/latest/1040x760/76308.png,NBA CDN,candidate,manual_identity_research,,,,True,0
P001602,Evric Gray,Evric Gray,evric-gray,1026.0,https://cdn.nba.com/headshots/nba/latest/1040x760/1026.png,NBA CDN,candidate,manual_identity_research,,,,True,0
P001603,Fab Melo,Fab Melo,fab-melo,203097.0,https://cdn.nba.com/headshots/nba/latest/1040x760/203097.png,NBA CDN,candidate,manual_identity_research,,,,True,0
P001604,Fabricio Oberto,Fabricio Oberto,fabricio-oberto,101177.0,https://cdn.nba.com/headshots/nba/latest/1040x760/101177.png,NBA CDN,candidate,manual_identity_research,,,,True,0
P001605,Facundo Campazzo,Facundo Campazzo,facundo-campazzo,1630267.0,https://cdn.nba.com/headshots/nba/latest/1040x760/1630267.png,NBA CDN,candidate,manual_identity_research,,,,True,0
P001606,Fat Lever,Fat Lever,fat-lever,,,,manual_identity_review,manual_identity_research,,,,True,0
P001607,Fatty Taylor,Fatty Taylor,fatty-taylor,,,,manual_identity_review,manual_identity_research,,,,True,0
P001608,Felipe López,Felipe López,felipe-l-pez,1732.0,https://cdn.nba.com/headshots/nba/latest/1040x760/1732.png,NBA CDN,candidate,manual_identity_research,,,,True,0
P001609,Felton Spencer,Felton Spencer,felton-spencer,280.0,https://cdn.nba.com/headshots/nba/latest/1040x760/280.png,NBA CDN,candidate,manual_identity_research,,,,True,0
P001610,Fennis Dembo,Fennis Dembo,fennis-dembo,76552.0,https://cdn.nba.com/headshots/nba/latest/1040x760/76552.png,NBA CDN,candidate,manual_identity_research,,,,True,0
P001611,Fernando Martín,Fernando Martín,fernando-mart-n,77472.0,https://cdn.nba.com/headshots/nba/latest/1040x760/77472.png,NBA CDN,candidate,manual_identity_research,,,,True,0
P001612,Feron Hunt,Feron Hunt,feron-hunt,1630624.0,https://cdn.nba.com/headshots/nba/latest/1040x760/1630624.png,NBA CDN,candidate,manual_identity_research,,,,True,0
P001613,Festus Ezeli,Festus Ezeli,festus-ezeli,203105.0,https://cdn.nba.com/headshots/nba/latest/1040x760/203105.png,NBA CDN,candidate,manual_identity_research,,,,True,0
P001614,Filip Petrušev,Filip Petrušev,filip-petru-ev,1630196.0,https://cdn.nba.com/headshots/nba/latest/1040x760/1630196.png,NBA CDN,candidate,manual_identity_research,,,,True,0
P001615,Flynn Robinson,Flynn Robinson,flynn-robinson,77988.0,https://cdn.nba.com/headshots/nba/latest/1040x760/77988.png,NBA CDN,candidate,manual_identity_research,,,,True,0
P001616,Foots Walker,Foots Walker,foots-walker,78436.0,https://cdn.nba.com/headshots/nba/latest/1040x760/78436.png,NBA CDN,candidate,manual_identity_research,,,,True,0
P001617,Forest Able,Forest Able,forest-able,76006.0,https://cdn.nba.com/headshots/nba/latest/1040x760/76006.png,NBA CDN,candidate,manual_identity_research,,,,True,0
P001618,Forrest McKenzie,Forrest McKenzie,forrest-mckenzie,77542.0,https://cdn.nba.com/headshots/nba/latest/1040x760/77542.png,NBA CDN,candidate,manual_identity_research,,,,True,0
P001619,Francisco Elson,Francisco Elson,francisco-elson,1922.0,https://cdn.nba.com/headshots/nba/latest/1040x760/1922.png,NBA CDN,candidate,manual_identity_research,,,,True,0
P001620,Francisco García,Francisco García,francisco-garc-a,101128.0,https://cdn.nba.com/headshots/nba/latest/1040x760/101128.png,NBA CDN,candidate,manual_identity_research,,,,True,0
P001621,Frank Brickowski,Frank Brickowski,frank-brickowski,783.0,https://cdn.nba.com/headshots/nba/latest/1040x760/783.png,NBA CDN,candidate,manual_identity_research,,,,True,0
P001622,Frank Jackson,Frank Jackson,frank-jackson,1628402.0,https://cdn.nba.com/headshots/nba/latest/1040x760/1628402.png,NBA CDN,candidate,manual_identity_research,,,,True,0
P001623,Frank Johnson,Frank Johnson,frank-johnson,77146.0,https://cdn.nba.com/headshots/nba/latest/1040x760/77146.png,NBA CDN,candidate,manual_identity_research,,,,True,0
P001624,Frank Kaminsky,Frank Kaminsky,frank-kaminsky,1626163.0,https://cdn.nba.com/headshots/nba/latest/1040x760/1626163.png,NBA CDN,candidate,manual_identity_research,,,,True,0
P001625,Frank Kendrick,Frank Kendrick,frank-kendrick,77242.0,https://cdn.nba.com/headshots/nba/latest/1040x760/77242.png,NBA CDN,candidate,manual_identity_research,,,,True,0
P001626,Frank Kornet,Frank Kornet,frank-kornet,77301.0,https://cdn.nba.com/headshots/nba/latest/1040x760/77301.png,NBA CDN,candidate,manual_identity_research,,,,True,0
P001627,Frank Kudelka,Frank Kudelka,frank-kudelka,77319.0,https://cdn.nba.com/headshots/nba/latest/1040x760/77319.png,NBA CDN,candidate,manual_identity_research,,,,True,0
P001628,Frank Mason III,Frank Mason III,frank-mason-iii,1628412.0,https://cdn.nba.com/headshots/nba/latest/1040x760/1628412.png,NBA CDN,candidate,manual_identity_research,,,,True,0
P001629,Frank Ntilikina,Frank Ntilikina,frank-ntilikina,1628373.0,https://cdn.nba.com/headshots/nba/latest/1040x760/1628373.png,NBA CDN,candidate,manual_identity_research,,,,True,0
P001630,Frank Oleynick,Frank Oleynick,frank-oleynick,77759.0,https://cdn.nba.com/headshots/nba/latest/1040x760/77759.png,NBA CDN,candidate,manual_identity_research,,,,True,0
P001631,Frank Radovich,Frank Radovich,frank-radovich,77899.0,https://cdn.nba.com/headshots/nba/latest/1040x760/77899.png,NBA CDN,candidate,manual_identity_research,,,,True,0
P001632,Frank Ramsey,Frank Ramsey,frank-ramsey-p001632,77907.0,https://cdn.nba.com/headshots/nba/latest/1040x760/77907.png,NBA CDN,candidate,manual_identity_research,,,,True,0
P001633,Frank Ramsey*,Frank Ramsey*,frank-ramsey-p001633,77907.0,https://cdn.nba.com/headshots/nba/latest/1040x760/77907.png,NBA CDN,candidate,manual_identity_research,,,,True,0
P001634,Frank Reddout,Frank Reddout,frank-reddout,77925.0,https://cdn.nba.com/headshots/nba/latest/1040x760/77925.png,NBA CDN,candidate,manual_identity_research,,,,True,0
P001635,Frank Russell,Frank Russell,frank-russell,78046.0,https://cdn.nba.com/headshots/nba/latest/1040x760/78046.png,NBA CDN,candidate,manual_identity_research,,,,True,0
P001636,Frank Schade,Frank Schade,frank-schade,78069.0,https://cdn.nba.com/headshots/nba/latest/1040x760/78069.png,NBA CDN,candidate,manual_identity_research,,,,True,0
P001637,Frank Selvy,Frank Selvy,frank-selvy,78113.0,https://cdn.nba.com/headshots/nba/latest/1040x760/78113.png,NBA CDN,candidate,manual_identity_research,,,,True,0
P001638,Frank Williams,Frank Williams,frank-williams,2421.0,https://cdn.nba.com/headshots/nba/latest/1040x760/2421.png,NBA CDN,candidate,manual_identity_research,,,,True,0
P001639,Frankie Brian,Frankie Brian,frankie-brian,,,,manual_identity_review,manual_identity_research,,,,True,0
P001640,Frankie King,Frankie King,frankie-king,701.0,https://cdn.nba.com/headshots/nba/latest/1040x760/701.png,NBA CDN,candidate,manual_identity_research,,,,True,0
P001641,Frankie Sanders,Frankie Sanders,frankie-sanders,78057.0,https://cdn.nba.com/headshots/nba/latest/1040x760/78057.png,NBA CDN,candidate,manual_identity_research,,,,True,0
P001642,Franklin Edwards,Franklin Edwards,franklin-edwards,76641.0,https://cdn.nba.com/headshots/nba/latest/1040x760/76641.png,NBA CDN,candidate,manual_identity_research,,,,True,0
P001643,Franz Wagner,Franz Wagner,franz-wagner,1630532.0,https://cdn.nba.com/headshots/nba/latest/1040x760/1630532.png,NBA CDN,candidate,manual_identity_research,,,,True,0
P001644,Fred Brown,Fred Brown,fred-brown,76272.0,https://cdn.nba.com/headshots/nba/latest/1040x760/76272.png,NBA CDN,candidate,manual_identity_research,,,,True,0
P001645,Fred Carter,Fred Carter,fred-carter,76356.0,https://cdn.nba.com/headshots/nba/latest/1040x760/76356.png,NBA CDN,candidate,manual_identity_research,,,,True,0
P001646,Fred Christ,Fred Christ,fred-christ,76393.0,https://cdn.nba.com/headshots/nba/latest/1040x760/76393.png,NBA CDN,candidate,manual_identity_research,,,,True,0
P001647,Fred Cofield,Fred Cofield,fred-cofield,76411.0,https://cdn.nba.com/headshots/nba/latest/1040x760/76411.png,NBA CDN,candidate,manual_identity_research,,,,True,0
P001648,Fred Diute,Fred Diute,fred-diute,76578.0,https://cdn.nba.com/headshots/nba/latest/1040x760/76578.png,NBA CDN,candidate,manual_identity_research,,,,True,0
P001649,Fred Foster,Fred Foster,fred-foster,76740.0,https://cdn.nba.com/headshots/nba/latest/1040x760/76740.png,NBA CDN,candidate,manual_identity_research,,,,True,0
P001650,Fred Hetzel,Fred Hetzel,fred-hetzel,77012.0,https://cdn.nba.com/headshots/nba/latest/1040x760/77012.png,NBA CDN,candidate,manual_identity_research,,,,True,0
P001651,Fred Hilton,Fred Hilton,fred-hilton,77029.0,https://cdn.nba.com/headshots/nba/latest/1040x760/77029.png,NBA CDN,candidate,manual_identity_research,,,,True,0
P001652,Fred Hoiberg,Fred Hoiberg,fred-hoiberg,697.0,https://cdn.nba.com/headshots/nba/latest/1040x760/697.png,NBA CDN,candidate,manual_identity_research,,,,True,0
P001653,Fred Jones,Fred Jones,fred-jones,2410.0,https://cdn.nba.com/headshots/nba/latest/1040x760/2410.png,NBA CDN,candidate,manual_identity_research,,,,True,0
P001654,Fred LaCour,Fred LaCour,fred-lacour,77327.0,https://cdn.nba.com/headshots/nba/latest/1040x760/77327.png,NBA CDN,candidate,manual_identity_research,,,,True,0
P001655,Fred Roberts,Fred Roberts,fred-roberts,122.0,https://cdn.nba.com/headshots/nba/latest/1040x760/122.png,NBA CDN,candidate,manual_identity_research,,,,True,0
P001656,Fred Saunders,Fred Saunders,fred-saunders,78065.0,https://cdn.nba.com/headshots/nba/latest/1040x760/78065.png,NBA CDN,candidate,manual_identity_research,,,,True,0
P001657,Fred Schaus,Fred Schaus,fred-schaus,78075.0,https://cdn.nba.com/headshots/nba/latest/1040x760/78075.png,NBA CDN,candidate,manual_identity_research,,,,True,0
P001658,Fred Scolari,Fred Scolari,fred-scolari,,,,manual_identity_review,manual_identity_research,,,,True,0
P001659,Fred Taylor,Fred Taylor,fred-taylor,78298.0,https://cdn.nba.com/headshots/nba/latest/1040x760/78298.png,NBA CDN,candidate,manual_identity_research,,,,True,0
P001660,Fred VanVleet,Fred VanVleet,fred-vanvleet,1627832.0,https://cdn.nba.com/headshots/nba/latest/1040x760/1627832.png,NBA CDN,candidate,manual_identity_research,,,,True,0
P001661,Fred Vinson,Fred Vinson,fred-vinson,1844.0,https://cdn.nba.com/headshots/nba/latest/1040x760/1844.png,NBA CDN,candidate,manual_identity_research,,,,True,0
P001662,Freddie Boyd,Freddie Boyd,freddie-boyd,,,,manual_identity_review,manual_identity_research,,,,True,0
P001663,Freddie Crawford,Freddie Crawford,freddie-crawford,76466.0,https://cdn.nba.com/headshots/nba/latest/1040x760/76466.png,NBA CDN,candidate,manual_identity_research,,,,True,0
P001664,Freddie Gillespie,Freddie Gillespie,freddie-gillespie,1630273.0,https://cdn.nba.com/headshots/nba/latest/1040x760/1630273.png,NBA CDN,candidate,manual_identity_research,,,,True,0
P001665,Freddie Lewis,Freddie Lewis,freddie-lewis,77380.0,https://cdn.nba.com/headshots/nba/latest/1040x760/77380.png,NBA CDN,candidate,manual_identity_research,,,,True,0
P001666,Freeman Williams,Freeman Williams,freeman-williams,78548.0,https://cdn.nba.com/headshots/nba/latest/1040x760/78548.png,NBA CDN,candidate,manual_identity_research,,,,True,0
P001667,Furkan Aldemir,Furkan Aldemir,furkan-aldemir,203128.0,https://cdn.nba.com/headshots/nba/latest/1040x760/203128.png,NBA CDN,candidate,manual_identity_research,,,,True,0
P001668,Furkan Korkmaz,Furkan Korkmaz,furkan-korkmaz,1627788.0,https://cdn.nba.com/headshots/nba/latest/1040x760/1627788.png,NBA CDN,candidate,manual_identity_research,,,,True,0
P001669,GG Jackson II,GG Jackson II,gg-jackson-ii,1641713.0,https://cdn.nba.com/headshots/nba/latest/1040x760/1641713.png,NBA CDN,verified,none,200.0,image/avif,verified,True,0
P001670,Gabe Pruitt,Gabe Pruitt,gabe-pruitt,201172.0,https://cdn.nba.com/headshots/nba/latest/1040x760/201172.png,NBA CDN,candidate,manual_identity_research,,,,True,0
P001671,Gabe Vincent,Gabe Vincent,gabe-vincent,1629216.0,https://cdn.nba.com/headshots/nba/latest/1040x760/1629216.png,NBA CDN,candidate,manual_identity_research,,,,True,0
P001672,Gabe York,Gabe York,gabe-york,1628221.0,https://cdn.nba.com/headshots/nba/latest/1040x760/1628221.png,NBA CDN,candidate,manual_identity_research,,,,True,0
P001673,Gabriel Deck,Gabriel Deck,gabriel-deck,1630466.0,https://cdn.nba.com/headshots/nba/latest/1040x760/1630466.png,NBA CDN,candidate,manual_identity_research,,,,True,0
P001674,Gabriel Lundberg,Gabriel Lundberg,gabriel-lundberg,1630994.0,https://cdn.nba.com/headshots/nba/latest/1040x760/1630994.png,NBA CDN,candidate,manual_identity_research,,,,True,0
P001675,Gail Goodrich,Gail Goodrich,gail-goodrich-p001675,76832.0,https://cdn.nba.com/headshots/nba/latest/1040x760/76832.png,NBA CDN,candidate,manual_identity_research,,,,True,0
P001676,Gail Goodrich*,Gail Goodrich*,gail-goodrich-p001676,76832.0,https://cdn.nba.com/headshots/nba/latest/1040x760/76832.png,NBA CDN,candidate,manual_identity_research,,,,True,0
P001677,Gal Mekel,Gal Mekel,gal-mekel,203539.0,https://cdn.nba.com/headshots/nba/latest/1040x760/203539.png,NBA CDN,candidate,manual_identity_research,,,,True,0
P001678,Gani Lawal,Gani Lawal,gani-lawal,202371.0,https://cdn.nba.com/headshots/nba/latest/1040x760/202371.png,NBA CDN,candidate,manual_identity_research,,,,True,0
P001679,Gar Heard,Gar Heard,gar-heard,,,,manual_identity_review,manual_identity_research,,,,True,0
P001680,Garfield Smith,Garfield Smith,garfield-smith,78189.0,https://cdn.nba.com/headshots/nba/latest/1040x760/78189.png,NBA CDN,candidate,manual_identity_research,,,,True,0
P001681,Garret Siler,Garret Siler,garret-siler,202081.0,https://cdn.nba.com/headshots/nba/latest/1040x760/202081.png,NBA CDN,candidate,manual_identity_research,,,,True,0
P001682,Garrett Temple,Garrett Temple,garrett-temple,202066.0,https://cdn.nba.com/headshots/nba/latest/1040x760/202066.png,NBA CDN,candidate,manual_identity_research,,,,True,0
P001683,Garrison Mathews,Garrison Mathews,garrison-mathews,1629726.0,https://cdn.nba.com/headshots/nba/latest/1040x760/1629726.png,NBA CDN,candidate,manual_identity_research,,,,True,0
P001684,Garry Witts,Garry Witts,garry-witts,78605.0,https://cdn.nba.com/headshots/nba/latest/1040x760/78605.png,NBA CDN,candidate,manual_identity_research,,,,True,0
P001685,Garth Joseph,Garth Joseph,garth-joseph,2123.0,https://cdn.nba.com/headshots/nba/latest/1040x760/2123.png,NBA CDN,candidate,manual_identity_research,,,,True,0
P001686,Gary Alcorn,Gary Alcorn,gary-alcorn,76020.0,https://cdn.nba.com/headshots/nba/latest/1040x760/76020.png,NBA CDN,candidate,manual_identity_research,,,,True,0
P001687,Gary Alexander,Gary Alexander,gary-alexander,76022.0,https://cdn.nba.com/headshots/nba/latest/1040x760/76022.png,NBA CDN,candidate,manual_identity_research,,,,True,0
P001688,Gary Bergen,Gary Bergen,gary-bergen,76156.0,https://cdn.nba.com/headshots/nba/latest/1040x760/76156.png,NBA CDN,candidate,manual_identity_research,,,,True,0
P001689,Gary Bradds,Gary Bradds,gary-bradds,76227.0,https://cdn.nba.com/headshots/nba/latest/1040x760/76227.png,NBA CDN,candidate,manual_identity_research,,,,True,0
P001690,Gary Brokaw,Gary Brokaw,gary-brokaw,76263.0,https://cdn.nba.com/headshots/nba/latest/1040x760/76263.png,NBA CDN,candidate,manual_identity_research,,,,True,0
P001691,Gary Clark,Gary Clark,gary-clark,1629109.0,https://cdn.nba.com/headshots/nba/latest/1040x760/1629109.png,NBA CDN,candidate,manual_identity_research,,,,True,0
P001692,Gary Forbes,Gary Forbes,gary-forbes,201814.0,https://cdn.nba.com/headshots/nba/latest/1040x760/201814.png,NBA CDN,candidate,manual_identity_research,,,,True,0
P001693,Gary Freeman,Gary Freeman,gary-freeman,76755.0,https://cdn.nba.com/headshots/nba/latest/1040x760/76755.png,NBA CDN,candidate,manual_identity_research,,,,True,0
P001694,Gary Garland,Gary Garland,gary-garland,76781.0,https://cdn.nba.com/headshots/nba/latest/1040x760/76781.png,NBA CDN,candidate,manual_identity_research,,,,True,0
P001695,Gary Grant,Gary Grant,gary-grant,202.0,https://cdn.nba.com/headshots/nba/latest/1040x760/202.png,NBA CDN,candidate,manual_identity_research,,,,True,0
P001696,Gary Gray,Gary Gray,gary-gray,76859.0,https://cdn.nba.com/headshots/nba/latest/1040x760/76859.png,NBA CDN,candidate,manual_identity_research,,,,True,0
P001697,Gary Gregor,Gary Gregor,gary-gregor,76883.0,https://cdn.nba.com/headshots/nba/latest/1040x760/76883.png,NBA CDN,candidate,manual_identity_research,,,,True,0
P001698,Gary Harris,Gary Harris,gary-harris,203914.0,https://cdn.nba.com/headshots/nba/latest/1040x760/203914.png,NBA CDN,candidate,manual_identity_research,,,,True,0
P001699,Gary Hill,Gary Hill,gary-hill,77026.0,https://cdn.nba.com/headshots/nba/latest/1040x760/77026.png,NBA CDN,candidate,manual_identity_research,,,,True,0
P001700,Gary Leonard,Gary Leonard,gary-leonard,77370.0,https://cdn.nba.com/headshots/nba/latest/1040x760/77370.png,NBA CDN,candidate,manual_identity_research,,,,True,0
P001701,Gary Melchionni,Gary Melchionni,gary-melchionni,77575.0,https://cdn.nba.com/headshots/nba/latest/1040x760/77575.png,NBA CDN,candidate,manual_identity_research,,,,True,0
P001702,Gary Neal,Gary Neal,gary-neal,202390.0,https://cdn.nba.com/headshots/nba/latest/1040x760/202390.png,NBA CDN,candidate,manual_identity_research,,,,True,0
P001703,Gary Payton,Gary Payton,gary-payton-p001703,56.0,https://cdn.nba.com/headshots/nba/latest/1040x760/56.png,NBA CDN,candidate,manual_identity_research,,,,True,0
P001704,Gary Payton II,Gary Payton II,gary-payton-ii,1627780.0,https://cdn.nba.com/headshots/nba/latest/1040x760/1627780.png,NBA CDN,candidate,manual_identity_research,,,,True,0
P001705,Gary Payton*,Gary Payton*,gary-payton-p001705,56.0,https://cdn.nba.com/headshots/nba/latest/1040x760/56.png,NBA CDN,candidate,manual_identity_research,,,,True,0
P001706,Gary Phillips,Gary Phillips,gary-phillips,77855.0,https://cdn.nba.com/headshots/nba/latest/1040x760/77855.png,NBA CDN,candidate,manual_identity_research,,,,True,0
P001707,Gary Plummer,Gary Plummer,gary-plummer,77865.0,https://cdn.nba.com/headshots/nba/latest/1040x760/77865.png,NBA CDN,candidate,manual_identity_research,,,,True,0
P001708,Gary Suiter,Gary Suiter,gary-suiter,78277.0,https://cdn.nba.com/headshots/nba/latest/1040x760/78277.png,NBA CDN,candidate,manual_identity_research,,,,True,0
P001709,Gary Trent,Gary Trent,gary-trent,718.0,https://cdn.nba.com/headshots/nba/latest/1040x760/718.png,NBA CDN,candidate,manual_identity_research,,,,True,0
P001710,Gary Trent Jr.,Gary Trent Jr.,gary-trent-jr,1629018.0,https://cdn.nba.com/headshots/nba/latest/1040x760/1629018.png,NBA CDN,candidate,manual_identity_research,,,,True,0
P001711,Gary Voce,Gary Voce,gary-voce,78419.0,https://cdn.nba.com/headshots/nba/latest/1040x760/78419.png,NBA CDN,candidate,manual_identity_research,,,,True,0
P001712,Gary Zeller,Gary Zeller,gary-zeller,78641.0,https://cdn.nba.com/headshots/nba/latest/1040x760/78641.png,NBA CDN,candidate,manual_identity_research,,,,True,0
P001713,Gaylon Nickerson,Gaylon Nickerson,gaylon-nickerson,1093.0,https://cdn.nba.com/headshots/nba/latest/1040x760/1093.png,NBA CDN,candidate,manual_identity_research,,,,True,0
P001714,Geert Hammink,Geert Hammink,geert-hammink,903.0,https://cdn.nba.com/headshots/nba/latest/1040x760/903.png,NBA CDN,candidate,manual_identity_research,,,,True,0
P001715,Gene Banks,Gene Banks,gene-banks,76093.0,https://cdn.nba.com/headshots/nba/latest/1040x760/76093.png,NBA CDN,candidate,manual_identity_research,,,,True,0
P001716,Gene Conley,Gene Conley,gene-conley,76428.0,https://cdn.nba.com/headshots/nba/latest/1040x760/76428.png,NBA CDN,candidate,manual_identity_research,,,,True,0
P001717,Gene Dyker,Gene Dyker,gene-dyker,76626.0,https://cdn.nba.com/headshots/nba/latest/1040x760/76626.png,NBA CDN,candidate,manual_identity_research,,,,True,0
P001718,Gene Guarilia,Gene Guarilia,gene-guarilia,76900.0,https://cdn.nba.com/headshots/nba/latest/1040x760/76900.png,NBA CDN,candidate,manual_identity_research,,,,True,0
P001719,Gene Rhodes,Gene Rhodes,gene-rhodes,77947.0,https://cdn.nba.com/headshots/nba/latest/1040x760/77947.png,NBA CDN,candidate,manual_identity_research,,,,True,0
P001720,Gene Short,Gene Short,gene-short,78138.0,https://cdn.nba.com/headshots/nba/latest/1040x760/78138.png,NBA CDN,candidate,manual_identity_research,,,,True,0
P001721,Gene Shue,Gene Shue,gene-shue,78142.0,https://cdn.nba.com/headshots/nba/latest/1040x760/78142.png,NBA CDN,candidate,manual_identity_research,,,,True,0
P001722,Gene Tormohlen,Gene Tormohlen,gene-tormohlen,78358.0,https://cdn.nba.com/headshots/nba/latest/1040x760/78358.png,NBA CDN,candidate,manual_identity_research,,,,True,0
P001723,Gene Vance,Gene Vance,gene-vance,78402.0,https://cdn.nba.com/headshots/nba/latest/1040x760/78402.png,NBA CDN,candidate,manual_identity_research,,,,True,0
P001724,Gene Wiley,Gene Wiley,gene-wiley,78526.0,https://cdn.nba.com/headshots/nba/latest/1040x760/78526.png,NBA CDN,candidate,manual_identity_research,,,,True,0
P001725,Geno Carlisle,Geno Carlisle,geno-carlisle,2367.0,https://cdn.nba.com/headshots/nba/latest/1040x760/2367.png,NBA CDN,candidate,manual_identity_research,,,,True,0
P001726,Geoff Crompton,Geoff Crompton,geoff-crompton,,,,manual_identity_review,manual_identity_research,,,,True,0
P001727,Geoff Huston,Geoff Huston,geoff-huston,77087.0,https://cdn.nba.com/headshots/nba/latest/1040x760/77087.png,NBA CDN,candidate,manual_identity_research,,,,True,0
P001728,Geoff Petrie,Geoff Petrie,geoff-petrie,77844.0,https://cdn.nba.com/headshots/nba/latest/1040x760/77844.png,NBA CDN,candidate,manual_identity_research,,,,True,0
P001729,George Blaney,George Blaney,george-blaney,76182.0,https://cdn.nba.com/headshots/nba/latest/1040x760/76182.png,NBA CDN,candidate,manual_identity_research,,,,True,0
P001730,George Bon Salle,George Bon Salle,george-bon-salle,,,,manual_identity_review,manual_identity_research,,,,True,0
P001731,George Brown,George Brown,george-brown,76273.0,https://cdn.nba.com/headshots/nba/latest/1040x760/76273.png,NBA CDN,candidate,manual_identity_research,,,,True,0
P001732,George Carter,George Carter,george-carter,76357.0,https://cdn.nba.com/headshots/nba/latest/1040x760/76357.png,NBA CDN,candidate,manual_identity_research,,,,True,0
P001733,George Dempsey,George Dempsey,george-dempsey,76555.0,https://cdn.nba.com/headshots/nba/latest/1040x760/76555.png,NBA CDN,candidate,manual_identity_research,,,,True,0
P001734,George Feigenbaum,George Feigenbaum,george-feigenbaum,76702.0,https://cdn.nba.com/headshots/nba/latest/1040x760/76702.png,NBA CDN,candidate,manual_identity_research,,,,True,0
P001735,George Gervin,George Gervin,george-gervin-p001735,76804.0,https://cdn.nba.com/headshots/nba/latest/1040x760/76804.png,NBA CDN,candidate,manual_identity_research,,,,True,0
P001736,George Gervin*,George Gervin*,george-gervin-p001736,76804.0,https://cdn.nba.com/headshots/nba/latest/1040x760/76804.png,NBA CDN,candidate,manual_identity_research,,,,True,0
P001737,George Hill,George Hill,george-hill,201588.0,https://cdn.nba.com/headshots/nba/latest/1040x760/201588.png,NBA CDN,candidate,manual_identity_research,,,,True,0
P001738,George Johnson,George Johnson,george-johnson,,,,manual_identity_review,manual_identity_research,,,,True,0
P001739,George Kaftan,George Kaftan,george-kaftan,77218.0,https://cdn.nba.com/headshots/nba/latest/1040x760/77218.png,NBA CDN,candidate,manual_identity_research,,,,True,0
P001740,George Karl,George Karl,george-karl-p001740,77223.0,https://cdn.nba.com/headshots/nba/latest/1040x760/77223.png,NBA CDN,candidate,manual_identity_research,,,,True,0
P001741,George Karl*,George Karl*,george-karl-p001741,77223.0,https://cdn.nba.com/headshots/nba/latest/1040x760/77223.png,NBA CDN,candidate,manual_identity_research,,,,True,0
P001742,George King,George King,george-king,,,,manual_identity_review,manual_identity_research,,,,True,0
P001743,George Lee,George Lee,george-lee,77359.0,https://cdn.nba.com/headshots/nba/latest/1040x760/77359.png,NBA CDN,candidate,manual_identity_research,,,,True,0
P001744,George Lehmann,George Lehmann,george-lehmann,77369.0,https://cdn.nba.com/headshots/nba/latest/1040x760/77369.png,NBA CDN,candidate,manual_identity_research,,,,True,0
P001745,George Lynch,George Lynch,george-lynch,248.0,https://cdn.nba.com/headshots/nba/latest/1040x760/248.png,NBA CDN,candidate,manual_identity_research,,,,True,0
P001746,George McCloud,George McCloud,george-mccloud,45.0,https://cdn.nba.com/headshots/nba/latest/1040x760/45.png,NBA CDN,candidate,manual_identity_research,,,,True,0
P001747,George McGinnis,George McGinnis,george-mcginnis-p001747,77532.0,https://cdn.nba.com/headshots/nba/latest/1040x760/77532.png,NBA CDN,candidate,manual_identity_research,,,,True,0
P001748,George McGinnis*,George McGinnis*,george-mcginnis-p001748,77532.0,https://cdn.nba.com/headshots/nba/latest/1040x760/77532.png,NBA CDN,candidate,manual_identity_research,,,,True,0
P001749,George McLeod,George McLeod,george-mcleod,77549.0,https://cdn.nba.com/headshots/nba/latest/1040x760/77549.png,NBA CDN,candidate,manual_identity_research,,,,True,0
P001750,George Mikan,George Mikan,george-mikan-p001750,600012.0,https://cdn.nba.com/headshots/nba/latest/1040x760/600012.png,NBA CDN,candidate,manual_identity_research,,,,True,0
P001751,George Mikan*,George Mikan*,george-mikan-p001751,600012.0,https://cdn.nba.com/headshots/nba/latest/1040x760/600012.png,NBA CDN,candidate,manual_identity_research,,,,True,0
P001752,George Patterson,George Patterson,george-patterson,77811.0,https://cdn.nba.com/headshots/nba/latest/1040x760/77811.png,NBA CDN,candidate,manual_identity_research,,,,True,0
P001753,George Ratkovicz,George Ratkovicz,george-ratkovicz,77913.0,https://cdn.nba.com/headshots/nba/latest/1040x760/77913.png,NBA CDN,candidate,manual_identity_research,,,,True,0
P001754,George Reynolds,George Reynolds,george-reynolds,77945.0,https://cdn.nba.com/headshots/nba/latest/1040x760/77945.png,NBA CDN,candidate,manual_identity_research,,,,True,0
P001755,George Senesky,George Senesky,george-senesky,78115.0,https://cdn.nba.com/headshots/nba/latest/1040x760/78115.png,NBA CDN,candidate,manual_identity_research,,,,True,0
P001756,George Thompson,George Thompson,george-thompson,78327.0,https://cdn.nba.com/headshots/nba/latest/1040x760/78327.png,NBA CDN,candidate,manual_identity_research,,,,True,0
P001757,George Trapp,George Trapp,george-trapp,78366.0,https://cdn.nba.com/headshots/nba/latest/1040x760/78366.png,NBA CDN,candidate,manual_identity_research,,,,True,0
P001758,George Wilson,George Wilson,george-wilson,78579.0,https://cdn.nba.com/headshots/nba/latest/1040x760/78579.png,NBA CDN,candidate,manual_identity_research,,,,True,0
P001759,George Yardley,George Yardley,george-yardley-p001759,78628.0,https://cdn.nba.com/headshots/nba/latest/1040x760/78628.png,NBA CDN,candidate,manual_identity_research,,,,True,0
P001760,George Yardley*,George Yardley*,george-yardley-p001760,78628.0,https://cdn.nba.com/headshots/nba/latest/1040x760/78628.png,NBA CDN,candidate,manual_identity_research,,,,True,0
P001761,George Zídek,George Zídek,george-z-dek,678.0,https://cdn.nba.com/headshots/nba/latest/1040x760/678.png,NBA CDN,candidate,manual_identity_research,,,,True,0
P001762,Georges Niang,Georges Niang,georges-niang,1627777.0,https://cdn.nba.com/headshots/nba/latest/1040x760/1627777.png,NBA CDN,candidate,manual_identity_research,,,,True,0
P001763,Georgi Glouchkov,Georgi Glouchkov,georgi-glouchkov,76824.0,https://cdn.nba.com/headshots/nba/latest/1040x760/76824.png,NBA CDN,candidate,manual_identity_research,,,,True,0
P001764,Georgios Kalaitzakis,Georgios Kalaitzakis,georgios-kalaitzakis,1630686.0,https://cdn.nba.com/headshots/nba/latest/1040x760/1630686.png,NBA CDN,candidate,manual_identity_research,,,,True,0
P001765,Georgios Papagiannis,Georgios Papagiannis,georgios-papagiannis,1627834.0,https://cdn.nba.com/headshots/nba/latest/1040x760/1627834.png,NBA CDN,candidate,manual_identity_research,,,,True,0
P001766,Gerald Brown,Gerald Brown,gerald-brown,1871.0,https://cdn.nba.com/headshots/nba/latest/1040x760/1871.png,NBA CDN,candidate,manual_identity_research,,,,True,0
P001767,Gerald Fitch,Gerald Fitch,gerald-fitch,2809.0,https://cdn.nba.com/headshots/nba/latest/1040x760/2809.png,NBA CDN,candidate,manual_identity_research,,,,True,0
P001768,Gerald Glass,Gerald Glass,gerald-glass,76821.0,https://cdn.nba.com/headshots/nba/latest/1040x760/76821.png,NBA CDN,candidate,manual_identity_research,,,,True,0
P001769,Gerald Green,Gerald Green,gerald-green,101123.0,https://cdn.nba.com/headshots/nba/latest/1040x760/101123.png,NBA CDN,candidate,manual_identity_research,,,,True,0
P001770,Gerald Henderson,Gerald Henderson,gerald-henderson,,,,manual_identity_review,manual_identity_research,,,,True,0
P001771,Gerald Madkins,Gerald Madkins,gerald-madkins,1666.0,https://cdn.nba.com/headshots/nba/latest/1040x760/1666.png,NBA CDN,candidate,manual_identity_research,,,,True,0
P001772,Gerald Paddio,Gerald Paddio,gerald-paddio,77789.0,https://cdn.nba.com/headshots/nba/latest/1040x760/77789.png,NBA CDN,candidate,manual_identity_research,,,,True,0
P001773,Gerald Wallace,Gerald Wallace,gerald-wallace,2222.0,https://cdn.nba.com/headshots/nba/latest/1040x760/2222.png,NBA CDN,candidate,manual_identity_research,,,,True,0
P001774,Gerald Wilkins,Gerald Wilkins,gerald-wilkins,786.0,https://cdn.nba.com/headshots/nba/latest/1040x760/786.png,NBA CDN,candidate,manual_identity_research,,,,True,0
P001775,Gerard King,Gerard King,gerard-king,1562.0,https://cdn.nba.com/headshots/nba/latest/1040x760/1562.png,NBA CDN,candidate,manual_identity_research,,,,True,0
P001776,Gerry Calabrese,Gerry Calabrese,gerry-calabrese,76326.0,https://cdn.nba.com/headshots/nba/latest/1040x760/76326.png,NBA CDN,candidate,manual_identity_research,,,,True,0
P001777,Gerry Ward,Gerry Ward,gerry-ward,78455.0,https://cdn.nba.com/headshots/nba/latest/1040x760/78455.png,NBA CDN,candidate,manual_identity_research,,,,True,0
P001778,Gheorghe Mureșan,Gheorghe Mureșan,gheorghe-mure-an,49.0,https://cdn.nba.com/headshots/nba/latest/1040x760/49.png,NBA CDN,candidate,manual_identity_research,,,,True,0
P001779,Gian Clavell,Gian Clavell,gian-clavell,1628492.0,https://cdn.nba.com/headshots/nba/latest/1040x760/1628492.png,NBA CDN,candidate,manual_identity_research,,,,True,0
P001780,Giannis Antetokounmpo,Giannis Antetokounmpo,giannis-antetokounmpo,203507.0,https://cdn.nba.com/headshots/nba/latest/1040x760/203507.png,NBA CDN,candidate,manual_identity_research,,,,True,0
P001781,Gigi Datome,Gigi Datome,gigi-datome,203540.0,https://cdn.nba.com/headshots/nba/latest/1040x760/203540.png,NBA CDN,candidate,manual_identity_research,,,,True,0
P001782,Gil McGregor,Gil McGregor,gil-mcgregor,77534.0,https://cdn.nba.com/headshots/nba/latest/1040x760/77534.png,NBA CDN,candidate,manual_identity_research,,,,True,0
P001783,Gilbert Arenas,Gilbert Arenas,gilbert-arenas,2240.0,https://cdn.nba.com/headshots/nba/latest/1040x760/2240.png,NBA CDN,candidate,manual_identity_research,,,,True,0
P001784,Glen Davis,Glen Davis,glen-davis,201175.0,https://cdn.nba.com/headshots/nba/latest/1040x760/201175.png,NBA CDN,candidate,manual_identity_research,,,,True,0
P001785,Glen Gondrezick,Glen Gondrezick,glen-gondrezick,76830.0,https://cdn.nba.com/headshots/nba/latest/1040x760/76830.png,NBA CDN,candidate,manual_identity_research,,,,True,0
P001786,Glen Rice,Glen Rice,glen-rice,779.0,https://cdn.nba.com/headshots/nba/latest/1040x760/779.png,NBA CDN,verified,none,200.0,image/avif,verified,True,0
P001787,Glen Rice Jr.,Glen Rice Jr.,glen-rice-jr,203318.0,https://cdn.nba.com/headshots/nba/latest/1040x760/203318.png,NBA CDN,verified,none,200.0,image/avif,verified,True,0
P001788,Glenn Hagan,Glenn Hagan,glenn-hagan,76913.0,https://cdn.nba.com/headshots/nba/latest/1040x760/76913.png,NBA CDN,candidate,manual_identity_research,,,,True,0
P001789,Glenn Hansen,Glenn Hansen,glenn-hansen,76940.0,https://cdn.nba.com/headshots/nba/latest/1040x760/76940.png,NBA CDN,candidate,manual_identity_research,,,,True,0
P001790,Glenn McDonald,Glenn McDonald,glenn-mcdonald,77525.0,https://cdn.nba.com/headshots/nba/latest/1040x760/77525.png,NBA CDN,candidate,manual_identity_research,,,,True,0
P001791,Glenn Mosley,Glenn Mosley,glenn-mosley,77653.0,https://cdn.nba.com/headshots/nba/latest/1040x760/77653.png,NBA CDN,candidate,manual_identity_research,,,,True,0
P001792,Glenn Robinson,Glenn Robinson,glenn-robinson,299.0,https://cdn.nba.com/headshots/nba/latest/1040x760/299.png,NBA CDN,candidate,manual_identity_research,,,,True,0
P001793,Glenn Robinson III,Glenn Robinson III,glenn-robinson-iii,203922.0,https://cdn.nba.com/headshots/nba/latest/1040x760/203922.png,NBA CDN,candidate,manual_identity_research,,,,True,0
P001794,God Shammgod,God Shammgod,god-shammgod,1539.0,https://cdn.nba.com/headshots/nba/latest/1040x760/1539.png,NBA CDN,candidate,manual_identity_research,,,,True,0
P001795,Goga Bitadze,Goga Bitadze,goga-bitadze,1629048.0,https://cdn.nba.com/headshots/nba/latest/1040x760/1629048.png,NBA CDN,candidate,manual_identity_research,,,,True,0
P001796,Goo Kennedy,Goo Kennedy,goo-kennedy,,,,manual_identity_review,manual_identity_research,,,,True,0
P001797,Goran Dragić,Goran Dragić,goran-dragi,201609.0,https://cdn.nba.com/headshots/nba/latest/1040x760/201609.png,NBA CDN,candidate,manual_identity_research,,,,True,0
P001798,Gordan Giriček,Gordan Giriček,gordan-giri-ek,1921.0,https://cdn.nba.com/headshots/nba/latest/1040x760/1921.png,NBA CDN,candidate,manual_identity_research,,,,True,0
P001799,Gordon Hayward,Gordon Hayward,gordon-hayward,202330.0,https://cdn.nba.com/headshots/nba/latest/1040x760/202330.png,NBA CDN,candidate,manual_identity_research,,,,True,0
P001800,Gorgui Dieng,Gorgui Dieng,gorgui-dieng,203476.0,https://cdn.nba.com/headshots/nba/latest/1040x760/203476.png,NBA CDN,candidate,manual_identity_research,,,,True,0
P001801,Gradey Dick,Gradey Dick,gradey-dick,1641711.0,https://cdn.nba.com/headshots/nba/latest/1040x760/1641711.png,NBA CDN,candidate,manual_identity_research,,,,True,0
P001802,Grady O'Malley,Grady O'Malley,grady-o-malley,77766.0,https://cdn.nba.com/headshots/nba/latest/1040x760/77766.png,NBA CDN,candidate,manual_identity_research,,,,True,0
P001803,Grant Gondrezick,Grant Gondrezick,grant-gondrezick,76831.0,https://cdn.nba.com/headshots/nba/latest/1040x760/76831.png,NBA CDN,candidate,manual_identity_research,,,,True,0
P001804,Grant Hill,Grant Hill,grant-hill-p001804,255.0,https://cdn.nba.com/headshots/nba/latest/1040x760/255.png,NBA CDN,candidate,manual_identity_research,,,,True,0
P001805,Grant Hill*,Grant Hill*,grant-hill-p001805,255.0,https://cdn.nba.com/headshots/nba/latest/1040x760/255.png,NBA CDN,candidate,manual_identity_research,,,,True,0
P001806,Grant Jerrett,Grant Jerrett,grant-jerrett,203511.0,https://cdn.nba.com/headshots/nba/latest/1040x760/203511.png,NBA CDN,candidate,manual_identity_research,,,,True,0
P001807,Grant Long,Grant Long,grant-long,3.0,https://cdn.nba.com/headshots/nba/latest/1040x760/3.png,NBA CDN,candidate,manual_identity_research,,,,True,0
P001808,Grant Nelson,Grant Nelson,grant-nelson,1641761.0,https://cdn.nba.com/headshots/nba/latest/1040x760/1641761.png,NBA CDN,candidate,manual_identity_research,,,,True,0
P001809,Grant Riller,Grant Riller,grant-riller,1630203.0,https://cdn.nba.com/headshots/nba/latest/1040x760/1630203.png,NBA CDN,candidate,manual_identity_research,,,,True,0
P001810,Grant Williams,Grant Williams,grant-williams,1629684.0,https://cdn.nba.com/headshots/nba/latest/1040x760/1629684.png,NBA CDN,candidate,manual_identity_research,,,,True,0
P001811,Granville Waiters,Granville Waiters,granville-waiters,78430.0,https://cdn.nba.com/headshots/nba/latest/1040x760/78430.png,NBA CDN,candidate,manual_identity_research,,,,True,0
P001812,Grayson Allen,Grayson Allen,grayson-allen,1628960.0,https://cdn.nba.com/headshots/nba/latest/1040x760/1628960.png,NBA CDN,candidate,manual_identity_research,,,,True,0
P001813,Greg Anderson,Greg Anderson,greg-anderson,246.0,https://cdn.nba.com/headshots/nba/latest/1040x760/246.png,NBA CDN,candidate,manual_identity_research,,,,True,0
P001814,Greg Anthony,Greg Anthony,greg-anthony,21.0,https://cdn.nba.com/headshots/nba/latest/1040x760/21.png,NBA CDN,candidate,manual_identity_research,,,,True,0
P001815,Greg Ballard,Greg Ballard,greg-ballard,76091.0,https://cdn.nba.com/headshots/nba/latest/1040x760/76091.png,NBA CDN,candidate,manual_identity_research,,,,True,0
P001816,Greg Brown III,Greg Brown III,greg-brown-iii,1630535.0,https://cdn.nba.com/headshots/nba/latest/1040x760/1630535.png,NBA CDN,candidate,manual_identity_research,,,,True,0
P001817,Greg Buckner,Greg Buckner,greg-buckner,1761.0,https://cdn.nba.com/headshots/nba/latest/1040x760/1761.png,NBA CDN,candidate,manual_identity_research,,,,True,0
P001818,Greg Bunch,Greg Bunch,greg-bunch,76300.0,https://cdn.nba.com/headshots/nba/latest/1040x760/76300.png,NBA CDN,candidate,manual_identity_research,,,,True,0
P001819,Greg Butler,Greg Butler,greg-butler,76320.0,https://cdn.nba.com/headshots/nba/latest/1040x760/76320.png,NBA CDN,candidate,manual_identity_research,,,,True,0
P001820,Greg Deane,Greg Deane,greg-deane,76544.0,https://cdn.nba.com/headshots/nba/latest/1040x760/76544.png,NBA CDN,candidate,manual_identity_research,,,,True,0
P001821,Greg Dreiling,Greg Dreiling,greg-dreiling,1068.0,https://cdn.nba.com/headshots/nba/latest/1040x760/1068.png,NBA CDN,candidate,manual_identity_research,,,,True,0
P001822,Greg Fillmore,Greg Fillmore,greg-fillmore,76715.0,https://cdn.nba.com/headshots/nba/latest/1040x760/76715.png,NBA CDN,candidate,manual_identity_research,,,,True,0
P001823,Greg Foster,Greg Foster,greg-foster,323.0,https://cdn.nba.com/headshots/nba/latest/1040x760/323.png,NBA CDN,candidate,manual_identity_research,,,,True,0
P001824,Greg Graham,Greg Graham,greg-graham,37.0,https://cdn.nba.com/headshots/nba/latest/1040x760/37.png,NBA CDN,candidate,manual_identity_research,,,,True,0
P001825,Greg Grant,Greg Grant,greg-grant,285.0,https://cdn.nba.com/headshots/nba/latest/1040x760/285.png,NBA CDN,candidate,manual_identity_research,,,,True,0
P001826,Greg Griffin,Greg Griffin,greg-griffin,76888.0,https://cdn.nba.com/headshots/nba/latest/1040x760/76888.png,NBA CDN,candidate,manual_identity_research,,,,True,0
P001827,Greg Howard,Greg Howard,greg-howard,77066.0,https://cdn.nba.com/headshots/nba/latest/1040x760/77066.png,NBA CDN,candidate,manual_identity_research,,,,True,0
P001828,Greg Hyder,Greg Hyder,greg-hyder,77091.0,https://cdn.nba.com/headshots/nba/latest/1040x760/77091.png,NBA CDN,candidate,manual_identity_research,,,,True,0
P001829,Greg Jackson,Greg Jackson,greg-jackson,77101.0,https://cdn.nba.com/headshots/nba/latest/1040x760/77101.png,NBA CDN,candidate,manual_identity_research,,,,True,0
P001830,Greg Kelser,Greg Kelser,greg-kelser,77239.0,https://cdn.nba.com/headshots/nba/latest/1040x760/77239.png,NBA CDN,candidate,manual_identity_research,,,,True,0
P001831,Greg Kite,Greg Kite,greg-kite,1123.0,https://cdn.nba.com/headshots/nba/latest/1040x760/1123.png,NBA CDN,candidate,manual_identity_research,,,,True,0
P001832,Greg Lee,Greg Lee,greg-lee,77360.0,https://cdn.nba.com/headshots/nba/latest/1040x760/77360.png,NBA CDN,candidate,manual_identity_research,,,,True,0
P001833,Greg Minor,Greg Minor,greg-minor,65.0,https://cdn.nba.com/headshots/nba/latest/1040x760/65.png,NBA CDN,candidate,manual_identity_research,,,,True,0
P001834,Greg Monroe,Greg Monroe,greg-monroe,202328.0,https://cdn.nba.com/headshots/nba/latest/1040x760/202328.png,NBA CDN,candidate,manual_identity_research,,,,True,0
P001835,Greg Oden,Greg Oden,greg-oden,201141.0,https://cdn.nba.com/headshots/nba/latest/1040x760/201141.png,NBA CDN,candidate,manual_identity_research,,,,True,0
P001836,Greg Ostertag,Greg Ostertag,greg-ostertag,731.0,https://cdn.nba.com/headshots/nba/latest/1040x760/731.png,NBA CDN,candidate,manual_identity_research,,,,True,0
P001837,Greg Smith,Greg Smith,greg-smith,,,,manual_identity_review,manual_identity_research,,,,True,0
P001838,Greg Stiemsma,Greg Stiemsma,greg-stiemsma,201880.0,https://cdn.nba.com/headshots/nba/latest/1040x760/201880.png,NBA CDN,candidate,manual_identity_research,,,,True,0
P001839,Greg Stokes,Greg Stokes,greg-stokes,78264.0,https://cdn.nba.com/headshots/nba/latest/1040x760/78264.png,NBA CDN,candidate,manual_identity_research,,,,True,0
P001840,Greg Sutton,Greg Sutton,greg-sutton,357.0,https://cdn.nba.com/headshots/nba/latest/1040x760/357.png,NBA CDN,candidate,manual_identity_research,,,,True,0
P001841,Greg Whittington,Greg Whittington,greg-whittington,204222.0,https://cdn.nba.com/headshots/nba/latest/1040x760/204222.png,NBA CDN,candidate,manual_identity_research,,,,True,0
P001842,Greivis Vásquez,Greivis Vásquez,greivis-v-squez,202349.0,https://cdn.nba.com/headshots/nba/latest/1040x760/202349.png,NBA CDN,candidate,manual_identity_research,,,,True,0
P001843,Guerschon Yabusele,Guerschon Yabusele,guerschon-yabusele,1627824.0,https://cdn.nba.com/headshots/nba/latest/1040x760/1627824.png,NBA CDN,candidate,manual_identity_research,,,,True,0
P001844,Gui Santos,Gui Santos,gui-santos,1630611.0,https://cdn.nba.com/headshots/nba/latest/1040x760/1630611.png,NBA CDN,candidate,manual_identity_research,,,,True,0
P001845,Guillermo Díaz,Guillermo Díaz,guillermo-d-az,200799.0,https://cdn.nba.com/headshots/nba/latest/1040x760/200799.png,NBA CDN,candidate,manual_identity_research,,,,True,0
P001846,Gundars Vētra,Gundars Vētra,gundars-v-tra,78415.0,https://cdn.nba.com/headshots/nba/latest/1040x760/78415.png,NBA CDN,candidate,manual_identity_research,,,,True,0
P001847,Gus Bailey,Gus Bailey,gus-bailey,76083.0,https://cdn.nba.com/headshots/nba/latest/1040x760/76083.png,NBA CDN,candidate,manual_identity_research,,,,True,0
P001848,Gus Gerard,Gus Gerard,gus-gerard,76802.0,https://cdn.nba.com/headshots/nba/latest/1040x760/76802.png,NBA CDN,candidate,manual_identity_research,,,,True,0
P001849,Gus Johnson,Gus Johnson,gus-johnson-p001849,77150.0,https://cdn.nba.com/headshots/nba/latest/1040x760/77150.png,NBA CDN,candidate,manual_identity_research,,,,True,0
P001850,Gus Johnson*,Gus Johnson*,gus-johnson-p001850,77150.0,https://cdn.nba.com/headshots/nba/latest/1040x760/77150.png,NBA CDN,candidate,manual_identity_research,,,,True,0
P001851,Gus Williams,Gus Williams,gus-williams,78549.0,https://cdn.nba.com/headshots/nba/latest/1040x760/78549.png,NBA CDN,candidate,manual_identity_research,,,,True,0
P001852,Gustavo Ayón,Gustavo Ayón,gustavo-ay-n,202970.0,https://cdn.nba.com/headshots/nba/latest/1040x760/202970.png,NBA CDN,candidate,manual_identity_research,,,,True,0
P001853,Guy Morgan,Guy Morgan,guy-morgan,77640.0,https://cdn.nba.com/headshots/nba/latest/1040x760/77640.png,NBA CDN,candidate,manual_identity_research,,,,True,0
P001854,Guy Rodgers,Guy Rodgers,guy-rodgers-p001854,78003.0,https://cdn.nba.com/headshots/nba/latest/1040x760/78003.png,NBA CDN,candidate,manual_identity_research,,,,True,0
P001855,Guy Rodgers*,Guy Rodgers*,guy-rodgers-p001855,78003.0,https://cdn.nba.com/headshots/nba/latest/1040x760/78003.png,NBA CDN,candidate,manual_identity_research,,,,True,0
P001856,Guy Rucker,Guy Rucker,guy-rucker,2462.0,https://cdn.nba.com/headshots/nba/latest/1040x760/2462.png,NBA CDN,candidate,manual_identity_research,,,,True,0
P001857,Guy Sparrow,Guy Sparrow,guy-sparrow,78223.0,https://cdn.nba.com/headshots/nba/latest/1040x760/78223.png,NBA CDN,candidate,manual_identity_research,,,,True,0
P001858,Guy Williams,Guy Williams,guy-williams,78550.0,https://cdn.nba.com/headshots/nba/latest/1040x760/78550.png,NBA CDN,candidate,manual_identity_research,,,,True,0
P001859,Ha Seung-Jin,Ha Seung-Jin,ha-seung-jin,,,,manual_identity_review,manual_identity_research,,,,True,0
P001860,Hakeem Olajuwon,Hakeem Olajuwon,hakeem-olajuwon-p001860,165.0,https://cdn.nba.com/headshots/nba/latest/1040x760/165.png,NBA CDN,candidate,manual_identity_research,,,,True,0
P001861,Hakeem Olajuwon*,Hakeem Olajuwon*,hakeem-olajuwon-p001861,165.0,https://cdn.nba.com/headshots/nba/latest/1040x760/165.png,NBA CDN,candidate,manual_identity_research,,,,True,0
P001862,Hakim Warrick,Hakim Warrick,hakim-warrick,101124.0,https://cdn.nba.com/headshots/nba/latest/1040x760/101124.png,NBA CDN,candidate,manual_identity_research,,,,True,0
P001863,Hal Greer,Hal Greer,hal-greer-p001863,76882.0,https://cdn.nba.com/headshots/nba/latest/1040x760/76882.png,NBA CDN,candidate,manual_identity_research,,,,True,0
P001864,Hal Greer*,Hal Greer*,hal-greer-p001864,76882.0,https://cdn.nba.com/headshots/nba/latest/1040x760/76882.png,NBA CDN,candidate,manual_identity_research,,,,True,0
P001865,Hal Lear,Hal Lear,hal-lear,77352.0,https://cdn.nba.com/headshots/nba/latest/1040x760/77352.png,NBA CDN,candidate,manual_identity_research,,,,True,0
P001866,Hal Uplinger,Hal Uplinger,hal-uplinger,78393.0,https://cdn.nba.com/headshots/nba/latest/1040x760/78393.png,NBA CDN,candidate,manual_identity_research,,,,True,0
P001867,Hamady N'Diaye,Hamady N'Diaye,hamady-n-diaye,202380.0,https://cdn.nba.com/headshots/nba/latest/1040x760/202380.png,NBA CDN,verified,none,200.0,image/avif,verified,True,0
P001868,Hamed Haddadi,Hamed Haddadi,hamed-haddadi,201632.0,https://cdn.nba.com/headshots/nba/latest/1040x760/201632.png,NBA CDN,candidate,manual_identity_research,,,,True,0
P001869,Hamidou Diallo,Hamidou Diallo,hamidou-diallo,1628977.0,https://cdn.nba.com/headshots/nba/latest/1040x760/1628977.png,NBA CDN,candidate,manual_identity_research,,,,True,0
P001870,Hank Finkel,Hank Finkel,hank-finkel,76716.0,https://cdn.nba.com/headshots/nba/latest/1040x760/76716.png,NBA CDN,candidate,manual_identity_research,,,,True,0
P001871,Hank McDowell,Hank McDowell,hank-mcdowell,77527.0,https://cdn.nba.com/headshots/nba/latest/1040x760/77527.png,NBA CDN,candidate,manual_identity_research,,,,True,0
P001872,Hanno Möttölä,Hanno Möttölä,hanno-m-tt-l,2069.0,https://cdn.nba.com/headshots/nba/latest/1040x760/2069.png,NBA CDN,candidate,manual_identity_research,,,,True,0
P001873,Happy Hairston,Happy Hairston,happy-hairston,76916.0,https://cdn.nba.com/headshots/nba/latest/1040x760/76916.png,NBA CDN,candidate,manual_identity_research,,,,True,0
P001874,Harold Ellis,Harold Ellis,harold-ellis,1677.0,https://cdn.nba.com/headshots/nba/latest/1040x760/1677.png,NBA CDN,candidate,manual_identity_research,,,,True,0
P001875,Harold Fox,Harold Fox,harold-fox,76746.0,https://cdn.nba.com/headshots/nba/latest/1040x760/76746.png,NBA CDN,candidate,manual_identity_research,,,,True,0
P001876,Harold Jamison,Harold Jamison,harold-jamison,1942.0,https://cdn.nba.com/headshots/nba/latest/1040x760/1942.png,NBA CDN,candidate,manual_identity_research,,,,True,0
P001877,Harold Keeling,Harold Keeling,harold-keeling,77233.0,https://cdn.nba.com/headshots/nba/latest/1040x760/77233.png,NBA CDN,candidate,manual_identity_research,,,,True,0
P001878,Harold Miner,Harold Miner,harold-miner,114.0,https://cdn.nba.com/headshots/nba/latest/1040x760/114.png,NBA CDN,candidate,manual_identity_research,,,,True,0
P001879,Harold Pressley,Harold Pressley,harold-pressley,77881.0,https://cdn.nba.com/headshots/nba/latest/1040x760/77881.png,NBA CDN,candidate,manual_identity_research,,,,True,0
P001880,Harrison Barnes,Harrison Barnes,harrison-barnes,203084.0,https://cdn.nba.com/headshots/nba/latest/1040x760/203084.png,NBA CDN,candidate,manual_identity_research,,,,True,0
P001881,Harrison Ingram,Harrison Ingram,harrison-ingram,1631127.0,https://cdn.nba.com/headshots/nba/latest/1040x760/1631127.png,NBA CDN,candidate,manual_identity_research,,,,True,0
P001882,Harry Barnes,Harry Barnes,harry-barnes,76103.0,https://cdn.nba.com/headshots/nba/latest/1040x760/76103.png,NBA CDN,candidate,manual_identity_research,,,,True,0
P001883,Harry Davis,Harry Davis,harry-davis,76523.0,https://cdn.nba.com/headshots/nba/latest/1040x760/76523.png,NBA CDN,candidate,manual_identity_research,,,,True,0
P001884,Harry Gallatin,Harry Gallatin,harry-gallatin-p001884,76773.0,https://cdn.nba.com/headshots/nba/latest/1040x760/76773.png,NBA CDN,candidate,manual_identity_research,,,,True,0
P001885,Harry Gallatin*,Harry Gallatin*,harry-gallatin-p001885,76773.0,https://cdn.nba.com/headshots/nba/latest/1040x760/76773.png,NBA CDN,candidate,manual_identity_research,,,,True,0
P001886,Harry Giles,Harry Giles,harry-giles,1628385.0,https://cdn.nba.com/headshots/nba/latest/1040x760/1628385.png,NBA CDN,verified,none,200.0,image/webp,verified,True,0
P001887,Harthorne Wingo,Harthorne Wingo,harthorne-wingo,78596.0,https://cdn.nba.com/headshots/nba/latest/1040x760/78596.png,NBA CDN,candidate,manual_identity_research,,,,True,0
P001888,Harvey Catchings,Harvey Catchings,harvey-catchings,76365.0,https://cdn.nba.com/headshots/nba/latest/1040x760/76365.png,NBA CDN,candidate,manual_identity_research,,,,True,0
P001889,Harvey Grant,Harvey Grant,harvey-grant,265.0,https://cdn.nba.com/headshots/nba/latest/1040x760/265.png,NBA CDN,candidate,manual_identity_research,,,,True,0
P001890,Harvey Marlatt,Harvey Marlatt,harvey-marlatt,77464.0,https://cdn.nba.com/headshots/nba/latest/1040x760/77464.png,NBA CDN,candidate,manual_identity_research,,,,True,0
P001891,Hasheem Thabeet,Hasheem Thabeet,hasheem-thabeet,201934.0,https://cdn.nba.com/headshots/nba/latest/1040x760/201934.png,NBA CDN,candidate,manual_identity_research,,,,True,0
P001892,Hassan Adams,Hassan Adams,hassan-adams,200801.0,https://cdn.nba.com/headshots/nba/latest/1040x760/200801.png,NBA CDN,candidate,manual_identity_research,,,,True,0
P001893,Hassan Whiteside,Hassan Whiteside,hassan-whiteside,202355.0,https://cdn.nba.com/headshots/nba/latest/1040x760/202355.png,NBA CDN,candidate,manual_identity_research,,,,True,0
P001894,Hassani Gravett,Hassani Gravett,hassani-gravett,1629755.0,https://cdn.nba.com/headshots/nba/latest/1040x760/1629755.png,NBA CDN,candidate,manual_identity_research,,,,True,0
P001895,Hawkeye Whitney,Hawkeye Whitney,hawkeye-whitney,,,,manual_identity_review,manual_identity_research,,,,True,0
P001896,Hayden Gray,Hayden Gray,hayden-gray,1643060.0,https://cdn.nba.com/headshots/nba/latest/1040x760/1643060.png,NBA CDN,candidate,manual_identity_research,,,,True,0
P001897,Haywood Highsmith,Haywood Highsmith,haywood-highsmith,1629312.0,https://cdn.nba.com/headshots/nba/latest/1040x760/1629312.png,NBA CDN,candidate,manual_identity_research,,,,True,0
P001898,Haywoode Workman,Haywoode Workman,haywoode-workman,906.0,https://cdn.nba.com/headshots/nba/latest/1040x760/906.png,NBA CDN,candidate,manual_identity_research,,,,True,0
P001899,Hedo Türkoğlu,Hedo Türkoğlu,hedo-t-rko-lu,2045.0,https://cdn.nba.com/headshots/nba/latest/1040x760/2045.png,NBA CDN,candidate,manual_identity_research,,,,True,0
P001900,Henri Drell,Henri Drell,henri-drell,1630929.0,https://cdn.nba.com/headshots/nba/latest/1040x760/1630929.png,NBA CDN,candidate,manual_identity_research,,,,True,0
P001901,Henry Akin,Henry Akin,henry-akin,76018.0,https://cdn.nba.com/headshots/nba/latest/1040x760/76018.png,NBA CDN,candidate,manual_identity_research,,,,True,0
P001902,Henry Bibby,Henry Bibby,henry-bibby,76162.0,https://cdn.nba.com/headshots/nba/latest/1040x760/76162.png,NBA CDN,candidate,manual_identity_research,,,,True,0
P001903,Henry Dickerson,Henry Dickerson,henry-dickerson,76563.0,https://cdn.nba.com/headshots/nba/latest/1040x760/76563.png,NBA CDN,candidate,manual_identity_research,,,,True,0
P001904,Henry Ellenson,Henry Ellenson,henry-ellenson,1627740.0,https://cdn.nba.com/headshots/nba/latest/1040x760/1627740.png,NBA CDN,candidate,manual_identity_research,,,,True,0
P001905,Henry James,Henry James,henry-james,1080.0,https://cdn.nba.com/headshots/nba/latest/1040x760/1080.png,NBA CDN,candidate,manual_identity_research,,,,True,0
P001906,Henry Sims,Henry Sims,henry-sims,203156.0,https://cdn.nba.com/headshots/nba/latest/1040x760/203156.png,NBA CDN,candidate,manual_identity_research,,,,True,0
P001907,Henry Turner,Henry Turner,henry-turner,78379.0,https://cdn.nba.com/headshots/nba/latest/1040x760/78379.png,NBA CDN,candidate,manual_identity_research,,,,True,0
P001908,Henry Walker,Henry Walker,henry-walker,201611.0,https://cdn.nba.com/headshots/nba/latest/1040x760/201611.png,NBA CDN,candidate,manual_identity_research,,,,True,0
P001909,Henry Ward,Henry Ward,henry-ward,78456.0,https://cdn.nba.com/headshots/nba/latest/1040x760/78456.png,NBA CDN,candidate,manual_identity_research,,,,True,0
P001910,Herb Scherer,Herb Scherer,herb-scherer,78082.0,https://cdn.nba.com/headshots/nba/latest/1040x760/78082.png,NBA CDN,candidate,manual_identity_research,,,,True,0
P001911,Herb White,Herb White,herb-white,78508.0,https://cdn.nba.com/headshots/nba/latest/1040x760/78508.png,NBA CDN,candidate,manual_identity_research,,,,True,0
P001912,Herb Williams,Herb Williams,herb-williams,1006.0,https://cdn.nba.com/headshots/nba/latest/1040x760/1006.png,NBA CDN,candidate,manual_identity_research,,,,True,0
P001913,Herbert Jones,Herbert Jones,herbert-jones,1630529.0,https://cdn.nba.com/headshots/nba/latest/1040x760/1630529.png,NBA CDN,candidate,manual_identity_research,,,,True,0
P001914,Herm Gilliam,Herm Gilliam,herm-gilliam,76815.0,https://cdn.nba.com/headshots/nba/latest/1040x760/76815.png,NBA CDN,candidate,manual_identity_research,,,,True,0
P001915,Herm Hedderick,Herm Hedderick,herm-hedderick,76986.0,https://cdn.nba.com/headshots/nba/latest/1040x760/76986.png,NBA CDN,candidate,manual_identity_research,,,,True,0
P001916,Hersey Hawkins,Hersey Hawkins,hersey-hawkins,765.0,https://cdn.nba.com/headshots/nba/latest/1040x760/765.png,NBA CDN,candidate,manual_identity_research,,,,True,0
P001917,Hilton Armstrong,Hilton Armstrong,hilton-armstrong,200756.0,https://cdn.nba.com/headshots/nba/latest/1040x760/200756.png,NBA CDN,candidate,manual_identity_research,,,,True,0
P001918,Hiram Fuller,Hiram Fuller,hiram-fuller,2673.0,https://cdn.nba.com/headshots/nba/latest/1040x760/2673.png,NBA CDN,candidate,manual_identity_research,,,,True,0
P001919,Hollis Copeland,Hollis Copeland,hollis-copeland,76447.0,https://cdn.nba.com/headshots/nba/latest/1040x760/76447.png,NBA CDN,candidate,manual_identity_research,,,,True,0
P001920,Hollis Thompson,Hollis Thompson,hollis-thompson,203138.0,https://cdn.nba.com/headshots/nba/latest/1040x760/203138.png,NBA CDN,candidate,manual_identity_research,,,,True,0
P001921,Horace Grant,Horace Grant,horace-grant,270.0,https://cdn.nba.com/headshots/nba/latest/1040x760/270.png,NBA CDN,candidate,manual_identity_research,,,,True,0
P001922,Horace Jenkins,Horace Jenkins,horace-jenkins,2798.0,https://cdn.nba.com/headshots/nba/latest/1040x760/2798.png,NBA CDN,candidate,manual_identity_research,,,,True,0
P001923,Horace Walker,Horace Walker,horace-walker,78438.0,https://cdn.nba.com/headshots/nba/latest/1040x760/78438.png,NBA CDN,candidate,manual_identity_research,,,,True,0
P001924,Horacio Llamas,Horacio Llamas,horacio-llamas,1024.0,https://cdn.nba.com/headshots/nba/latest/1040x760/1024.png,NBA CDN,candidate,manual_identity_research,,,,True,0
P001925,Hot Rod Hundley,Hot Rod Hundley,hot-rod-hundley,,,,manual_identity_review,manual_identity_research,,,,True,0
P001926,Hot Rod Williams,Hot Rod Williams,hot-rod-williams,73.0,https://cdn.nba.com/headshots/nba/latest/1040x760/73.png,NBA CDN,candidate,manual_identity_research,,,,True,0
P001927,Howard Carter,Howard Carter,howard-carter,76358.0,https://cdn.nba.com/headshots/nba/latest/1040x760/76358.png,NBA CDN,candidate,manual_identity_research,,,,True,0
P001928,Howard Eisley,Howard Eisley,howard-eisley,458.0,https://cdn.nba.com/headshots/nba/latest/1040x760/458.png,NBA CDN,candidate,manual_identity_research,,,,True,0
P001929,Howard Komives,Howard Komives,howard-komives,77297.0,https://cdn.nba.com/headshots/nba/latest/1040x760/77297.png,NBA CDN,candidate,manual_identity_research,,,,True,0
P001930,Howard Nathan,Howard Nathan,howard-nathan,77690.0,https://cdn.nba.com/headshots/nba/latest/1040x760/77690.png,NBA CDN,candidate,manual_identity_research,,,,True,0
P001931,Howard Porter,Howard Porter,howard-porter,77875.0,https://cdn.nba.com/headshots/nba/latest/1040x760/77875.png,NBA CDN,candidate,manual_identity_research,,,,True,0
P001932,Howard Wood,Howard Wood,howard-wood,78609.0,https://cdn.nba.com/headshots/nba/latest/1040x760/78609.png,NBA CDN,candidate,manual_identity_research,,,,True,0
P001933,Howard Wright,Howard Wright,howard-wright,78621.0,https://cdn.nba.com/headshots/nba/latest/1040x760/78621.png,NBA CDN,candidate,manual_identity_research,,,,True,0
P001934,Howie Carl,Howie Carl,howie-carl,76340.0,https://cdn.nba.com/headshots/nba/latest/1040x760/76340.png,NBA CDN,candidate,manual_identity_research,,,,True,0
P001935,Howie Jolliff,Howie Jolliff,howie-jolliff,77172.0,https://cdn.nba.com/headshots/nba/latest/1040x760/77172.png,NBA CDN,candidate,manual_identity_research,,,,True,0
P001936,Howie Montgomery,Howie Montgomery,howie-montgomery,77630.0,https://cdn.nba.com/headshots/nba/latest/1040x760/77630.png,NBA CDN,candidate,manual_identity_research,,,,True,0
P001937,Howie Schultz,Howie Schultz,howie-schultz,78091.0,https://cdn.nba.com/headshots/nba/latest/1040x760/78091.png,NBA CDN,candidate,manual_identity_research,,,,True,0
P001938,Hub Reed,Hub Reed,hub-reed,77927.0,https://cdn.nba.com/headshots/nba/latest/1040x760/77927.png,NBA CDN,candidate,manual_identity_research,,,,True,0
P001939,Hubert Davis,Hubert Davis,hubert-davis,93.0,https://cdn.nba.com/headshots/nba/latest/1040x760/93.png,NBA CDN,candidate,manual_identity_research,,,,True,0
P001940,Hubie White,Hubie White,hubie-white,78509.0,https://cdn.nba.com/headshots/nba/latest/1040x760/78509.png,NBA CDN,candidate,manual_identity_research,,,,True,0
P001941,Hugo González,Hugo González,hugo-gonz-lez,1642864.0,https://cdn.nba.com/headshots/nba/latest/1040x760/1642864.png,NBA CDN,candidate,manual_identity_research,,,,True,0
P001942,Hunter Dickinson,Hunter Dickinson,hunter-dickinson,1630621.0,https://cdn.nba.com/headshots/nba/latest/1040x760/1630621.png,NBA CDN,candidate,manual_identity_research,,,,True,0
P001943,Hunter Sallis,Hunter Sallis,hunter-sallis,1642282.0,https://cdn.nba.com/headshots/nba/latest/1040x760/1642282.png,NBA CDN,candidate,manual_identity_research,,,,True,0
P001944,Hunter Tyson,Hunter Tyson,hunter-tyson,1641816.0,https://cdn.nba.com/headshots/nba/latest/1040x760/1641816.png,NBA CDN,candidate,manual_identity_research,,,,True,0
P001945,Hutch Jones,Hutch Jones,hutch-jones,,,,manual_identity_review,manual_identity_research,,,,True,0
P001946,Ian Clark,Ian Clark,ian-clark,203546.0,https://cdn.nba.com/headshots/nba/latest/1040x760/203546.png,NBA CDN,candidate,manual_identity_research,,,,True,0
P001947,Ian Lockhart,Ian Lockhart,ian-lockhart,1100.0,https://cdn.nba.com/headshots/nba/latest/1040x760/1100.png,NBA CDN,candidate,manual_identity_research,,,,True,0
P001948,Ian Mahinmi,Ian Mahinmi,ian-mahinmi,101133.0,https://cdn.nba.com/headshots/nba/latest/1040x760/101133.png,NBA CDN,candidate,manual_identity_research,,,,True,0
P001949,Ibo Kutluay,Ibo Kutluay,ibo-kutluay,,,,manual_identity_review,manual_identity_research,,,,True,0
P001950,Ibou Badji,Ibou Badji,ibou-badji,1630641.0,https://cdn.nba.com/headshots/nba/latest/1040x760/1630641.png,NBA CDN,candidate,manual_identity_research,,,,True,0
P001951,Ignas Brazdeikis,Ignas Brazdeikis,ignas-brazdeikis,1629649.0,https://cdn.nba.com/headshots/nba/latest/1040x760/1629649.png,NBA CDN,candidate,manual_identity_research,,,,True,0
P001952,Igor Rakočević,Igor Rakočević,igor-rako-evi,2080.0,https://cdn.nba.com/headshots/nba/latest/1040x760/2080.png,NBA CDN,candidate,manual_identity_research,,,,True,0
P001953,Ike Anigbogu,Ike Anigbogu,ike-anigbogu,1628387.0,https://cdn.nba.com/headshots/nba/latest/1040x760/1628387.png,NBA CDN,candidate,manual_identity_research,,,,True,0
P001954,Ike Diogu,Ike Diogu,ike-diogu,101113.0,https://cdn.nba.com/headshots/nba/latest/1040x760/101113.png,NBA CDN,candidate,manual_identity_research,,,,True,0
P001955,Iman Shumpert,Iman Shumpert,iman-shumpert,202697.0,https://cdn.nba.com/headshots/nba/latest/1040x760/202697.png,NBA CDN,candidate,manual_identity_research,,,,True,0
P001956,Ime Udoka,Ime Udoka,ime-udoka,2137.0,https://cdn.nba.com/headshots/nba/latest/1040x760/2137.png,NBA CDN,candidate,manual_identity_research,,,,True,0
P001957,Immanuel Quickley,Immanuel Quickley,immanuel-quickley,1630193.0,https://cdn.nba.com/headshots/nba/latest/1040x760/1630193.png,NBA CDN,candidate,manual_identity_research,,,,True,0
P001958,Ira Bowman,Ira Bowman,ira-bowman,1085.0,https://cdn.nba.com/headshots/nba/latest/1040x760/1085.png,NBA CDN,candidate,manual_identity_research,,,,True,0
P001959,Ira Newble,Ira Newble,ira-newble,1956.0,https://cdn.nba.com/headshots/nba/latest/1040x760/1956.png,NBA CDN,candidate,manual_identity_research,,,,True,0
P001960,Ira Terrell,Ira Terrell,ira-terrell,78305.0,https://cdn.nba.com/headshots/nba/latest/1040x760/78305.png,NBA CDN,candidate,manual_identity_research,,,,True,0
P001961,Irv Bemoras,Irv Bemoras,irv-bemoras,76145.0,https://cdn.nba.com/headshots/nba/latest/1040x760/76145.png,NBA CDN,candidate,manual_identity_research,,,,True,0
P001962,Irv Kiffin,Irv Kiffin,irv-kiffin,77255.0,https://cdn.nba.com/headshots/nba/latest/1040x760/77255.png,NBA CDN,candidate,manual_identity_research,,,,True,0
P001963,Irving Thomas,Irving Thomas,irving-thomas,78317.0,https://cdn.nba.com/headshots/nba/latest/1040x760/78317.png,NBA CDN,candidate,manual_identity_research,,,,True,0
P001964,Isaac Austin,Isaac Austin,isaac-austin,,,,manual_identity_review,manual_identity_research,,,,True,0
P001965,Isaac Bonga,Isaac Bonga,isaac-bonga,1629067.0,https://cdn.nba.com/headshots/nba/latest/1040x760/1629067.png,NBA CDN,candidate,manual_identity_research,,,,True,0
P001966,Isaac Fontaine,Isaac Fontaine,isaac-fontaine,,,,manual_identity_review,manual_identity_research,,,,True,0
P001967,Isaac Humphries,Isaac Humphries,isaac-humphries,1629353.0,https://cdn.nba.com/headshots/nba/latest/1040x760/1629353.png,NBA CDN,candidate,manual_identity_research,,,,True,0
P001968,Isaac Jones,Isaac Jones,isaac-jones,1642403.0,https://cdn.nba.com/headshots/nba/latest/1040x760/1642403.png,NBA CDN,candidate,manual_identity_research,,,,True,0
P001969,Isaac Okoro,Isaac Okoro,isaac-okoro,1630171.0,https://cdn.nba.com/headshots/nba/latest/1040x760/1630171.png,NBA CDN,candidate,manual_identity_research,,,,True,0
P001970,Isaac Walthour,Isaac Walthour,isaac-walthour,,,,manual_identity_review,manual_identity_research,,,,True,0
P001971,Isaiah Briscoe,Isaiah Briscoe,isaiah-briscoe,1628515.0,https://cdn.nba.com/headshots/nba/latest/1040x760/1628515.png,NBA CDN,candidate,manual_identity_research,,,,True,0
P001972,Isaiah Canaan,Isaiah Canaan,isaiah-canaan,203477.0,https://cdn.nba.com/headshots/nba/latest/1040x760/203477.png,NBA CDN,candidate,manual_identity_research,,,,True,0
P001973,Isaiah Collier,Isaiah Collier,isaiah-collier,1642268.0,https://cdn.nba.com/headshots/nba/latest/1040x760/1642268.png,NBA CDN,candidate,manual_identity_research,,,,True,0
P001974,Isaiah Crawford,Isaiah Crawford,isaiah-crawford,1642384.0,https://cdn.nba.com/headshots/nba/latest/1040x760/1642384.png,NBA CDN,candidate,manual_identity_research,,,,True,0
P001975,Isaiah Hartenstein,Isaiah Hartenstein,isaiah-hartenstein,1628392.0,https://cdn.nba.com/headshots/nba/latest/1040x760/1628392.png,NBA CDN,candidate,manual_identity_research,,,,True,0
P001976,Isaiah Hicks,Isaiah Hicks,isaiah-hicks,1628439.0,https://cdn.nba.com/headshots/nba/latest/1040x760/1628439.png,NBA CDN,candidate,manual_identity_research,,,,True,0
P001977,Isaiah Jackson,Isaiah Jackson,isaiah-jackson,1630543.0,https://cdn.nba.com/headshots/nba/latest/1040x760/1630543.png,NBA CDN,candidate,manual_identity_research,,,,True,0
P001978,Isaiah Joe,Isaiah Joe,isaiah-joe,1630198.0,https://cdn.nba.com/headshots/nba/latest/1040x760/1630198.png,NBA CDN,candidate,manual_identity_research,,,,True,0
P001979,Isaiah Livers,Isaiah Livers,isaiah-livers,1630587.0,https://cdn.nba.com/headshots/nba/latest/1040x760/1630587.png,NBA CDN,candidate,manual_identity_research,,,,True,0
P001980,Isaiah Mobley,Isaiah Mobley,isaiah-mobley,1630600.0,https://cdn.nba.com/headshots/nba/latest/1040x760/1630600.png,NBA CDN,candidate,manual_identity_research,,,,True,0
P001981,Isaiah Morris,Isaiah Morris,isaiah-morris,77647.0,https://cdn.nba.com/headshots/nba/latest/1040x760/77647.png,NBA CDN,candidate,manual_identity_research,,,,True,0
P001982,Isaiah Rider,Isaiah Rider,isaiah-rider,375.0,https://cdn.nba.com/headshots/nba/latest/1040x760/375.png,NBA CDN,candidate,manual_identity_research,,,,True,0
P001983,Isaiah Roby,Isaiah Roby,isaiah-roby,1629676.0,https://cdn.nba.com/headshots/nba/latest/1040x760/1629676.png,NBA CDN,candidate,manual_identity_research,,,,True,0
P001984,Isaiah Stevens,Isaiah Stevens,isaiah-stevens,1641815.0,https://cdn.nba.com/headshots/nba/latest/1040x760/1641815.png,NBA CDN,candidate,manual_identity_research,,,,True,0
P001985,Isaiah Stewart,Isaiah Stewart,isaiah-stewart,1630191.0,https://cdn.nba.com/headshots/nba/latest/1040x760/1630191.png,NBA CDN,candidate,manual_identity_research,,,,True,0
P001986,Isaiah Taylor,Isaiah Taylor,isaiah-taylor,1627819.0,https://cdn.nba.com/headshots/nba/latest/1040x760/1627819.png,NBA CDN,candidate,manual_identity_research,,,,True,0
P001987,Isaiah Thomas,Isaiah Thomas,isaiah-thomas,202738.0,https://cdn.nba.com/headshots/nba/latest/1040x760/202738.png,NBA CDN,candidate,manual_identity_research,,,,True,0
P001988,Isaiah Todd,Isaiah Todd,isaiah-todd,1630225.0,https://cdn.nba.com/headshots/nba/latest/1040x760/1630225.png,NBA CDN,candidate,manual_identity_research,,,,True,0
P001989,Isaiah Whitehead,Isaiah Whitehead,isaiah-whitehead,1627785.0,https://cdn.nba.com/headshots/nba/latest/1040x760/1627785.png,NBA CDN,candidate,manual_identity_research,,,,True,0
P001990,Isaiah Wilson,Isaiah Wilson,isaiah-wilson,78580.0,https://cdn.nba.com/headshots/nba/latest/1040x760/78580.png,NBA CDN,candidate,manual_identity_research,,,,True,0
P001991,Isaiah Wong,Isaiah Wong,isaiah-wong,1631209.0,https://cdn.nba.com/headshots/nba/latest/1040x760/1631209.png,NBA CDN,candidate,manual_identity_research,,,,True,0
P001992,Ish Smith,Ish Smith,ish-smith,202397.0,https://cdn.nba.com/headshots/nba/latest/1040x760/202397.png,NBA CDN,candidate,manual_identity_research,,,,True,0
P001993,Ish Wainright,Ish Wainright,ish-wainright,1630688.0,https://cdn.nba.com/headshots/nba/latest/1040x760/1630688.png,NBA CDN,candidate,manual_identity_research,,,,True,0
P001994,Isiah Thomas,Isiah Thomas,isiah-thomas-p001994,78318.0,https://cdn.nba.com/headshots/nba/latest/1040x760/78318.png,NBA CDN,candidate,manual_identity_research,,,,True,0
P001995,Isiah Thomas*,Isiah Thomas*,isiah-thomas-p001995,78318.0,https://cdn.nba.com/headshots/nba/latest/1040x760/78318.png,NBA CDN,candidate,manual_identity_research,,,,True,0
P001996,Ivan Johnson,Ivan Johnson,ivan-johnson,201274.0,https://cdn.nba.com/headshots/nba/latest/1040x760/201274.png,NBA CDN,candidate,manual_identity_research,,,,True,0
P001997,Ivan McFarlin,Ivan McFarlin,ivan-mcfarlin,200829.0,https://cdn.nba.com/headshots/nba/latest/1040x760/200829.png,NBA CDN,candidate,manual_identity_research,,,,True,0
P001998,Ivan Rabb,Ivan Rabb,ivan-rabb,1628397.0,https://cdn.nba.com/headshots/nba/latest/1040x760/1628397.png,NBA CDN,candidate,manual_identity_research,,,,True,0
P001999,Ivano Newbill,Ivano Newbill,ivano-newbill,1096.0,https://cdn.nba.com/headshots/nba/latest/1040x760/1096.png,NBA CDN,candidate,manual_identity_research,,,,True,0
P002000,Ivica Zubac,Ivica Zubac,ivica-zubac,1627826.0,https://cdn.nba.com/headshots/nba/latest/1040x760/1627826.png,NBA CDN,candidate,manual_identity_research,,,,True,0
P002001,Izaiah Brockington,Izaiah Brockington,izaiah-brockington,1631167.0,https://cdn.nba.com/headshots/nba/latest/1040x760/1631167.png,NBA CDN,candidate,manual_identity_research,,,,True,0
P002002,J.J. Anderson,J.J. Anderson,j-j-anderson,,,,manual_identity_review,manual_identity_research,,,,True,0
P002003,J.J. Barea,J.J. Barea,j-j-barea,200826.0,https://cdn.nba.com/headshots/nba/latest/1040x760/200826.png,NBA CDN,candidate,manual_identity_research,,,,True,0
P002004,J.J. Hickson,J.J. Hickson,j-j-hickson,201581.0,https://cdn.nba.com/headshots/nba/latest/1040x760/201581.png,NBA CDN,verified,none,200.0,image/avif,verified,True,0
P002005,J.J. O'Brien,J.J. O'Brien,j-j-o-brien,1626266.0,https://cdn.nba.com/headshots/nba/latest/1040x760/1626266.png,NBA CDN,verified,none,200.0,image/avif,verified,True,0
P002006,J.P. Macura,J.P. Macura,j-p-macura,1629122.0,https://cdn.nba.com/headshots/nba/latest/1040x760/1629122.png,NBA CDN,candidate,manual_identity_research,,,,True,0
P002007,J.R. Bremer,J.R. Bremer,j-r-bremer,2452.0,https://cdn.nba.com/headshots/nba/latest/1040x760/2452.png,NBA CDN,candidate,manual_identity_research,,,,True,0
P002008,J.R. Giddens,J.R. Giddens,j-r-giddens,201592.0,https://cdn.nba.com/headshots/nba/latest/1040x760/201592.png,NBA CDN,candidate,manual_identity_research,,,,True,0
P002009,J.R. Henderson,J.R. Henderson,j-r-henderson,1764.0,https://cdn.nba.com/headshots/nba/latest/1040x760/1764.png,NBA CDN,candidate,manual_identity_research,,,,True,0
P002010,J.R. Reid,J.R. Reid,j-r-reid,462.0,https://cdn.nba.com/headshots/nba/latest/1040x760/462.png,NBA CDN,candidate,manual_identity_research,,,,True,0
P002011,J.R. Smith,J.R. Smith,j-r-smith,2747.0,https://cdn.nba.com/headshots/nba/latest/1040x760/2747.png,NBA CDN,verified,none,200.0,image/avif,verified,True,0
P002012,JD Davison,JD Davison,jd-davison,1631120.0,https://cdn.nba.com/headshots/nba/latest/1040x760/1631120.png,NBA CDN,candidate,manual_identity_research,,,,True,0
P002013,JJ Redick,JJ Redick,jj-redick,200755.0,https://cdn.nba.com/headshots/nba/latest/1040x760/200755.png,NBA CDN,candidate,manual_identity_research,,,,True,0
P002014,JT Thor,JT Thor,jt-thor,1630550.0,https://cdn.nba.com/headshots/nba/latest/1040x760/1630550.png,NBA CDN,candidate,manual_identity_research,,,,True,0
P002015,Ja Morant,Ja Morant,ja-morant,1629630.0,https://cdn.nba.com/headshots/nba/latest/1040x760/1629630.png,NBA CDN,candidate,manual_identity_research,,,,True,0
P002016,Ja'Kobe Walter,Ja'Kobe Walter,ja-kobe-walter,1642266.0,https://cdn.nba.com/headshots/nba/latest/1040x760/1642266.png,NBA CDN,candidate,manual_identity_research,,,,True,0
P002017,JaJuan Johnson,JaJuan Johnson,jajuan-johnson,202707.0,https://cdn.nba.com/headshots/nba/latest/1040x760/202707.png,NBA CDN,candidate,manual_identity_research,,,,True,0
P002018,JaKarr Sampson,JaKarr Sampson,jakarr-sampson,203960.0,https://cdn.nba.com/headshots/nba/latest/1040x760/203960.png,NBA CDN,candidate,manual_identity_research,,,,True,0
P002019,JaMychal Green,JaMychal Green,jamychal-green,203210.0,https://cdn.nba.com/headshots/nba/latest/1040x760/203210.png,NBA CDN,candidate,manual_identity_research,,,,True,0
P002020,JaQuori McLaughlin,JaQuori McLaughlin,jaquori-mclaughlin,1630605.0,https://cdn.nba.com/headshots/nba/latest/1040x760/1630605.png,NBA CDN,candidate,manual_identity_research,,,,True,0
P002021,JaVale McGee,JaVale McGee,javale-mcgee,201580.0,https://cdn.nba.com/headshots/nba/latest/1040x760/201580.png,NBA CDN,candidate,manual_identity_research,,,,True,0
P002022,Jabari Bird,Jabari Bird,jabari-bird,1628444.0,https://cdn.nba.com/headshots/nba/latest/1040x760/1628444.png,NBA CDN,candidate,manual_identity_research,,,,True,0
P002023,Jabari Brown,Jabari Brown,jabari-brown,203913.0,https://cdn.nba.com/headshots/nba/latest/1040x760/203913.png,NBA CDN,candidate,manual_identity_research,,,,True,0
P002024,Jabari Parker,Jabari Parker,jabari-parker,203953.0,https://cdn.nba.com/headshots/nba/latest/1040x760/203953.png,NBA CDN,candidate,manual_identity_research,,,,True,0
P002025,Jabari Smith,Jabari Smith,jabari-smith,2074.0,https://cdn.nba.com/headshots/nba/latest/1040x760/2074.png,NBA CDN,candidate,manual_identity_research,,,,True,0
P002026,Jabari Smith Jr.,Jabari Smith Jr.,jabari-smith-jr,1631095.0,https://cdn.nba.com/headshots/nba/latest/1040x760/1631095.png,NBA CDN,candidate,manual_identity_research,,,,True,0
P002027,Jabari Walker,Jabari Walker,jabari-walker,1631133.0,https://cdn.nba.com/headshots/nba/latest/1040x760/1631133.png,NBA CDN,candidate,manual_identity_research,,,,True,0
P002028,Jack Coleman,Jack Coleman,jack-coleman,76414.0,https://cdn.nba.com/headshots/nba/latest/1040x760/76414.png,NBA CDN,candidate,manual_identity_research,,,,True,0
P002029,Jack Cooley,Jack Cooley,jack-cooley,204022.0,https://cdn.nba.com/headshots/nba/latest/1040x760/204022.png,NBA CDN,candidate,manual_identity_research,,,,True,0
P002030,Jack Foley,Jack Foley,jack-foley,76729.0,https://cdn.nba.com/headshots/nba/latest/1040x760/76729.png,NBA CDN,candidate,manual_identity_research,,,,True,0
P002031,Jack George,Jack George,jack-george,76800.0,https://cdn.nba.com/headshots/nba/latest/1040x760/76800.png,NBA CDN,candidate,manual_identity_research,,,,True,0
P002032,Jack Givens,Jack Givens,jack-givens,76819.0,https://cdn.nba.com/headshots/nba/latest/1040x760/76819.png,NBA CDN,candidate,manual_identity_research,,,,True,0
P002033,Jack Haley,Jack Haley,jack-haley,917.0,https://cdn.nba.com/headshots/nba/latest/1040x760/917.png,NBA CDN,candidate,manual_identity_research,,,,True,0
P002034,Jack Kerris,Jack Kerris,jack-kerris,77249.0,https://cdn.nba.com/headshots/nba/latest/1040x760/77249.png,NBA CDN,candidate,manual_identity_research,,,,True,0
P002035,Jack Kiley,Jack Kiley,jack-kiley,77256.0,https://cdn.nba.com/headshots/nba/latest/1040x760/77256.png,NBA CDN,candidate,manual_identity_research,,,,True,0
P002036,Jack Marin,Jack Marin,jack-marin,77463.0,https://cdn.nba.com/headshots/nba/latest/1040x760/77463.png,NBA CDN,candidate,manual_identity_research,,,,True,0
P002037,Jack McCloskey,Jack McCloskey,jack-mccloskey,77512.0,https://cdn.nba.com/headshots/nba/latest/1040x760/77512.png,NBA CDN,candidate,manual_identity_research,,,,True,0
P002038,Jack McMahon,Jack McMahon,jack-mcmahon,77551.0,https://cdn.nba.com/headshots/nba/latest/1040x760/77551.png,NBA CDN,candidate,manual_identity_research,,,,True,0
P002039,Jack McVeigh,Jack McVeigh,jack-mcveigh,1629098.0,https://cdn.nba.com/headshots/nba/latest/1040x760/1629098.png,NBA CDN,candidate,manual_identity_research,,,,True,0
P002040,Jack Molinas,Jack Molinas,jack-molinas,77624.0,https://cdn.nba.com/headshots/nba/latest/1040x760/77624.png,NBA CDN,candidate,manual_identity_research,,,,True,0
P002041,Jack Nichols,Jack Nichols,jack-nichols,77713.0,https://cdn.nba.com/headshots/nba/latest/1040x760/77713.png,NBA CDN,candidate,manual_identity_research,,,,True,0
P002042,Jack Parr,Jack Parr,jack-parr,77802.0,https://cdn.nba.com/headshots/nba/latest/1040x760/77802.png,NBA CDN,candidate,manual_identity_research,,,,True,0
P002043,Jack Sikma,Jack Sikma,jack-sikma-p002043,78149.0,https://cdn.nba.com/headshots/nba/latest/1040x760/78149.png,NBA CDN,candidate,manual_identity_research,,,,True,0
P002044,Jack Sikma*,Jack Sikma*,jack-sikma-p002044,78149.0,https://cdn.nba.com/headshots/nba/latest/1040x760/78149.png,NBA CDN,candidate,manual_identity_research,,,,True,0
P002045,Jack Stephens,Jack Stephens,jack-stephens,78249.0,https://cdn.nba.com/headshots/nba/latest/1040x760/78249.png,NBA CDN,candidate,manual_identity_research,,,,True,0
P002046,Jack Turner,Jack Turner,jack-turner,,,,manual_identity_review,manual_identity_research,,,,True,0
P002047,Jack Twyman,Jack Twyman,jack-twyman-p002047,78388.0,https://cdn.nba.com/headshots/nba/latest/1040x760/78388.png,NBA CDN,candidate,manual_identity_research,,,,True,0
P002048,Jack Twyman*,Jack Twyman*,jack-twyman-p002048,78388.0,https://cdn.nba.com/headshots/nba/latest/1040x760/78388.png,NBA CDN,candidate,manual_identity_research,,,,True,0
P002049,Jack White,Jack White,jack-white,1631298.0,https://cdn.nba.com/headshots/nba/latest/1040x760/1631298.png,NBA CDN,candidate,manual_identity_research,,,,True,0
P002050,Jackie Butler,Jackie Butler,jackie-butler,2866.0,https://cdn.nba.com/headshots/nba/latest/1040x760/2866.png,NBA CDN,candidate,manual_identity_research,,,,True,0
P002051,Jackie Dinkins,Jackie Dinkins,jackie-dinkins,76575.0,https://cdn.nba.com/headshots/nba/latest/1040x760/76575.png,NBA CDN,candidate,manual_identity_research,,,,True,0
P002052,Jackie Moore,Jackie Moore,jackie-moore,77634.0,https://cdn.nba.com/headshots/nba/latest/1040x760/77634.png,NBA CDN,candidate,manual_identity_research,,,,True,0
P002053,Jackie Moreland,Jackie Moreland,jackie-moreland,77639.0,https://cdn.nba.com/headshots/nba/latest/1040x760/77639.png,NBA CDN,candidate,manual_identity_research,,,,True,0
P002054,Jackie Ridgle,Jackie Ridgle,jackie-ridgle,77957.0,https://cdn.nba.com/headshots/nba/latest/1040x760/77957.png,NBA CDN,candidate,manual_identity_research,,,,True,0
P002055,Jackie Robinson,Jackie Robinson,jackie-robinson,77989.0,https://cdn.nba.com/headshots/nba/latest/1040x760/77989.png,NBA CDN,candidate,manual_identity_research,,,,True,0
P002056,Jackson Rowe,Jackson Rowe,jackson-rowe,1642050.0,https://cdn.nba.com/headshots/nba/latest/1040x760/1642050.png,NBA CDN,candidate,manual_identity_research,,,,True,0
P002057,Jackson Vroman,Jackson Vroman,jackson-vroman,2761.0,https://cdn.nba.com/headshots/nba/latest/1040x760/2761.png,NBA CDN,candidate,manual_identity_research,,,,True,0
P002058,Jacky Dorsey,Jacky Dorsey,jacky-dorsey,76587.0,https://cdn.nba.com/headshots/nba/latest/1040x760/76587.png,NBA CDN,candidate,manual_identity_research,,,,True,0
P002059,Jacob Evans,Jacob Evans,jacob-evans,1628980.0,https://cdn.nba.com/headshots/nba/latest/1040x760/1628980.png,NBA CDN,candidate,manual_identity_research,,,,True,0
P002060,Jacob Gilyard,Jacob Gilyard,jacob-gilyard,1631367.0,https://cdn.nba.com/headshots/nba/latest/1040x760/1631367.png,NBA CDN,candidate,manual_identity_research,,,,True,0
P002061,Jacob Pullen,Jacob Pullen,jacob-pullen,1626643.0,https://cdn.nba.com/headshots/nba/latest/1040x760/1626643.png,NBA CDN,candidate,manual_identity_research,,,,True,0
P002062,Jacob Toppin,Jacob Toppin,jacob-toppin,1631210.0,https://cdn.nba.com/headshots/nba/latest/1040x760/1631210.png,NBA CDN,candidate,manual_identity_research,,,,True,0
P002063,Jacob Wiley,Jacob Wiley,jacob-wiley,1628451.0,https://cdn.nba.com/headshots/nba/latest/1040x760/1628451.png,NBA CDN,candidate,manual_identity_research,,,,True,0
P002064,Jacque Vaughn,Jacque Vaughn,jacque-vaughn,1521.0,https://cdn.nba.com/headshots/nba/latest/1040x760/1521.png,NBA CDN,candidate,manual_identity_research,,,,True,0
P002065,Jaden Hardy,Jaden Hardy,jaden-hardy,1630702.0,https://cdn.nba.com/headshots/nba/latest/1040x760/1630702.png,NBA CDN,candidate,manual_identity_research,,,,True,0
P002066,Jaden Ivey,Jaden Ivey,jaden-ivey,1631093.0,https://cdn.nba.com/headshots/nba/latest/1040x760/1631093.png,NBA CDN,candidate,manual_identity_research,,,,True,0
P002067,Jaden McDaniels,Jaden McDaniels,jaden-mcdaniels,1630183.0,https://cdn.nba.com/headshots/nba/latest/1040x760/1630183.png,NBA CDN,candidate,manual_identity_research,,,,True,0
P002068,Jaden Springer,Jaden Springer,jaden-springer,1630531.0,https://cdn.nba.com/headshots/nba/latest/1040x760/1630531.png,NBA CDN,candidate,manual_identity_research,,,,True,0
P002069,Jae Crowder,Jae Crowder,jae-crowder,203109.0,https://cdn.nba.com/headshots/nba/latest/1040x760/203109.png,NBA CDN,candidate,manual_identity_research,,,,True,0
P002070,Jae'Sean Tate,Jae'Sean Tate,jae-sean-tate,1630256.0,https://cdn.nba.com/headshots/nba/latest/1040x760/1630256.png,NBA CDN,candidate,manual_identity_research,,,,True,0
P002071,Jahidi White,Jahidi White,jahidi-white,1751.0,https://cdn.nba.com/headshots/nba/latest/1040x760/1751.png,NBA CDN,candidate,manual_identity_research,,,,True,0
P002072,Jahlil Okafor,Jahlil Okafor,jahlil-okafor,1626143.0,https://cdn.nba.com/headshots/nba/latest/1040x760/1626143.png,NBA CDN,candidate,manual_identity_research,,,,True,0
P002073,Jahmai Mashack,Jahmai Mashack,jahmai-mashack,1642942.0,https://cdn.nba.com/headshots/nba/latest/1040x760/1642942.png,NBA CDN,candidate,manual_identity_research,,,,True,0
P002074,Jahmi'us Ramsey,Jahmi'us Ramsey,jahmi-us-ramsey,1630186.0,https://cdn.nba.com/headshots/nba/latest/1040x760/1630186.png,NBA CDN,candidate,manual_identity_research,,,,True,0
P002075,Jahmir Young,Jahmir Young,jahmir-young,1642443.0,https://cdn.nba.com/headshots/nba/latest/1040x760/1642443.png,NBA CDN,candidate,manual_identity_research,,,,True,0
P002076,Jahmyl Telfort,Jahmyl Telfort,jahmyl-telfort,1643141.0,https://cdn.nba.com/headshots/nba/latest/1040x760/1643141.png,NBA CDN,candidate,manual_identity_research,,,,True,0
P002077,Jaime Echenique,Jaime Echenique,jaime-echenique,1630693.0,https://cdn.nba.com/headshots/nba/latest/1040x760/1630693.png,NBA CDN,candidate,manual_identity_research,,,,True,0
P002078,Jaime Jaquez Jr.,Jaime Jaquez Jr.,jaime-jaquez-jr,1631170.0,https://cdn.nba.com/headshots/nba/latest/1040x760/1631170.png,NBA CDN,candidate,manual_identity_research,,,,True,0
P002079,Jake Fendley,Jake Fendley,jake-fendley,76705.0,https://cdn.nba.com/headshots/nba/latest/1040x760/76705.png,NBA CDN,candidate,manual_identity_research,,,,True,0
P002080,Jake Ford,Jake Ford,jake-ford,76735.0,https://cdn.nba.com/headshots/nba/latest/1040x760/76735.png,NBA CDN,candidate,manual_identity_research,,,,True,0
P002081,Jake Jones,Jake Jones,jake-jones,77185.0,https://cdn.nba.com/headshots/nba/latest/1040x760/77185.png,NBA CDN,candidate,manual_identity_research,,,,True,0
P002082,Jake LaRavia,Jake LaRavia,jake-laravia,1631222.0,https://cdn.nba.com/headshots/nba/latest/1040x760/1631222.png,NBA CDN,candidate,manual_identity_research,,,,True,0
P002083,Jake Layman,Jake Layman,jake-layman,1627774.0,https://cdn.nba.com/headshots/nba/latest/1040x760/1627774.png,NBA CDN,candidate,manual_identity_research,,,,True,0
P002084,Jake Tsakalidis,Jake Tsakalidis,jake-tsakalidis,2054.0,https://cdn.nba.com/headshots/nba/latest/1040x760/2054.png,NBA CDN,candidate,manual_identity_research,,,,True,0
P002085,Jake Voskuhl,Jake Voskuhl,jake-voskuhl,2063.0,https://cdn.nba.com/headshots/nba/latest/1040x760/2063.png,NBA CDN,candidate,manual_identity_research,,,,True,0
P002086,Jakob Poeltl,Jakob Poeltl,jakob-poeltl,1627751.0,https://cdn.nba.com/headshots/nba/latest/1040x760/1627751.png,NBA CDN,candidate,manual_identity_research,,,,True,0
P002087,Jalen Bridges,Jalen Bridges,jalen-bridges,1641779.0,https://cdn.nba.com/headshots/nba/latest/1040x760/1641779.png,NBA CDN,candidate,manual_identity_research,,,,True,0
P002088,Jalen Brunson,Jalen Brunson,jalen-brunson,1628973.0,https://cdn.nba.com/headshots/nba/latest/1040x760/1628973.png,NBA CDN,candidate,manual_identity_research,,,,True,0
P002089,Jalen Crutcher,Jalen Crutcher,jalen-crutcher,1630622.0,https://cdn.nba.com/headshots/nba/latest/1040x760/1630622.png,NBA CDN,candidate,manual_identity_research,,,,True,0
P002090,Jalen Duren,Jalen Duren,jalen-duren,1631105.0,https://cdn.nba.com/headshots/nba/latest/1040x760/1631105.png,NBA CDN,candidate,manual_identity_research,,,,True,0
P002091,Jalen Green,Jalen Green,jalen-green,1630224.0,https://cdn.nba.com/headshots/nba/latest/1040x760/1630224.png,NBA CDN,candidate,manual_identity_research,,,,True,0
P002092,Jalen Harris,Jalen Harris,jalen-harris,1630223.0,https://cdn.nba.com/headshots/nba/latest/1040x760/1630223.png,NBA CDN,candidate,manual_identity_research,,,,True,0
P002093,Jalen Hood-Schifino,Jalen Hood-Schifino,jalen-hood-schifino,1641720.0,https://cdn.nba.com/headshots/nba/latest/1040x760/1641720.png,NBA CDN,candidate,manual_identity_research,,,,True,0
P002094,Jalen Johnson,Jalen Johnson,jalen-johnson,1630552.0,https://cdn.nba.com/headshots/nba/latest/1040x760/1630552.png,NBA CDN,candidate,manual_identity_research,,,,True,0
P002095,Jalen Jones,Jalen Jones,jalen-jones,1627883.0,https://cdn.nba.com/headshots/nba/latest/1040x760/1627883.png,NBA CDN,candidate,manual_identity_research,,,,True,0
P002096,Jalen Lecque,Jalen Lecque,jalen-lecque,1629665.0,https://cdn.nba.com/headshots/nba/latest/1040x760/1629665.png,NBA CDN,candidate,manual_identity_research,,,,True,0
P002097,Jalen McDaniels,Jalen McDaniels,jalen-mcdaniels,1629667.0,https://cdn.nba.com/headshots/nba/latest/1040x760/1629667.png,NBA CDN,candidate,manual_identity_research,,,,True,0
P002098,Jalen Pickett,Jalen Pickett,jalen-pickett,1629618.0,https://cdn.nba.com/headshots/nba/latest/1040x760/1629618.png,NBA CDN,candidate,manual_identity_research,,,,True,0
P002099,Jalen Rose,Jalen Rose,jalen-rose,147.0,https://cdn.nba.com/headshots/nba/latest/1040x760/147.png,NBA CDN,candidate,manual_identity_research,,,,True,0
P002100,Jalen Slawson,Jalen Slawson,jalen-slawson,1641771.0,https://cdn.nba.com/headshots/nba/latest/1040x760/1641771.png,NBA CDN,candidate,manual_identity_research,,,,True,0
P002101,Jalen Smith,Jalen Smith,jalen-smith,1630188.0,https://cdn.nba.com/headshots/nba/latest/1040x760/1630188.png,NBA CDN,candidate,manual_identity_research,,,,True,0
P002102,Jalen Suggs,Jalen Suggs,jalen-suggs,1630591.0,https://cdn.nba.com/headshots/nba/latest/1040x760/1630591.png,NBA CDN,candidate,manual_identity_research,,,,True,0
P002103,Jalen Williams,Jalen Williams,jalen-williams,1631114.0,https://cdn.nba.com/headshots/nba/latest/1040x760/1631114.png,NBA CDN,candidate,manual_identity_research,,,,True,0
P002104,Jalen Wilson,Jalen Wilson,jalen-wilson,1630592.0,https://cdn.nba.com/headshots/nba/latest/1040x760/1630592.png,NBA CDN,candidate,manual_identity_research,,,,True,0
P002105,Jamaal Franklin,Jamaal Franklin,jamaal-franklin,203479.0,https://cdn.nba.com/headshots/nba/latest/1040x760/203479.png,NBA CDN,candidate,manual_identity_research,,,,True,0
P002106,Jamaal Magloire,Jamaal Magloire,jamaal-magloire,2048.0,https://cdn.nba.com/headshots/nba/latest/1040x760/2048.png,NBA CDN,candidate,manual_identity_research,,,,True,0
P002107,Jamaal Tinsley,Jamaal Tinsley,jamaal-tinsley,2224.0,https://cdn.nba.com/headshots/nba/latest/1040x760/2224.png,NBA CDN,candidate,manual_identity_research,,,,True,0
P002108,Jamaal Wilkes,Jamaal Wilkes,jamaal-wilkes-p002108,78532.0,https://cdn.nba.com/headshots/nba/latest/1040x760/78532.png,NBA CDN,candidate,manual_identity_research,,,,True,0
P002109,Jamaal Wilkes*,Jamaal Wilkes*,jamaal-wilkes-p002109,78532.0,https://cdn.nba.com/headshots/nba/latest/1040x760/78532.png,NBA CDN,candidate,manual_identity_research,,,,True,0
P002110,Jamal Cain,Jamal Cain,jamal-cain,1631288.0,https://cdn.nba.com/headshots/nba/latest/1040x760/1631288.png,NBA CDN,candidate,manual_identity_research,,,,True,0
P002111,Jamal Crawford,Jamal Crawford,jamal-crawford,2037.0,https://cdn.nba.com/headshots/nba/latest/1040x760/2037.png,NBA CDN,candidate,manual_identity_research,,,,True,0
P002112,Jamal Mashburn,Jamal Mashburn,jamal-mashburn,469.0,https://cdn.nba.com/headshots/nba/latest/1040x760/469.png,NBA CDN,candidate,manual_identity_research,,,,True,0
P002113,Jamal Murray,Jamal Murray,jamal-murray,1627750.0,https://cdn.nba.com/headshots/nba/latest/1040x760/1627750.png,NBA CDN,candidate,manual_identity_research,,,,True,0
P002114,Jamal Robinson,Jamal Robinson,jamal-robinson,1554.0,https://cdn.nba.com/headshots/nba/latest/1040x760/1554.png,NBA CDN,candidate,manual_identity_research,,,,True,0
P002115,Jamal Sampson,Jamal Sampson,jamal-sampson,2441.0,https://cdn.nba.com/headshots/nba/latest/1040x760/2441.png,NBA CDN,candidate,manual_identity_research,,,,True,0
P002116,Jamal Shead,Jamal Shead,jamal-shead,1642347.0,https://cdn.nba.com/headshots/nba/latest/1040x760/1642347.png,NBA CDN,candidate,manual_identity_research,,,,True,0
P002117,Jamaree Bouyea,Jamaree Bouyea,jamaree-bouyea,1631123.0,https://cdn.nba.com/headshots/nba/latest/1040x760/1631123.png,NBA CDN,candidate,manual_identity_research,,,,True,0
P002118,Jamario Moon,Jamario Moon,jamario-moon,200081.0,https://cdn.nba.com/headshots/nba/latest/1040x760/200081.png,NBA CDN,candidate,manual_identity_research,,,,True,0
P002119,Jameel Warney,Jameel Warney,jameel-warney,1627866.0,https://cdn.nba.com/headshots/nba/latest/1040x760/1627866.png,NBA CDN,candidate,manual_identity_research,,,,True,0
P002120,Jameer Nelson,Jameer Nelson,jameer-nelson,2749.0,https://cdn.nba.com/headshots/nba/latest/1040x760/2749.png,NBA CDN,candidate,manual_identity_research,,,,True,0
P002121,Jamel Artis,Jamel Artis,jamel-artis,1628503.0,https://cdn.nba.com/headshots/nba/latest/1040x760/1628503.png,NBA CDN,candidate,manual_identity_research,,,,True,0
P002122,Jamel Thomas,Jamel Thomas,jamel-thomas,1975.0,https://cdn.nba.com/headshots/nba/latest/1040x760/1975.png,NBA CDN,candidate,manual_identity_research,,,,True,0
P002123,James Anderson,James Anderson,james-anderson,202341.0,https://cdn.nba.com/headshots/nba/latest/1040x760/202341.png,NBA CDN,candidate,manual_identity_research,,,,True,0
P002124,James Augustine,James Augustine,james-augustine,200788.0,https://cdn.nba.com/headshots/nba/latest/1040x760/200788.png,NBA CDN,candidate,manual_identity_research,,,,True,0
P002125,James Bailey,James Bailey,james-bailey,76085.0,https://cdn.nba.com/headshots/nba/latest/1040x760/76085.png,NBA CDN,candidate,manual_identity_research,,,,True,0
P002126,James Blackwell,James Blackwell,james-blackwell,1806.0,https://cdn.nba.com/headshots/nba/latest/1040x760/1806.png,NBA CDN,candidate,manual_identity_research,,,,True,0
P002127,James Bouknight,James Bouknight,james-bouknight,1630547.0,https://cdn.nba.com/headshots/nba/latest/1040x760/1630547.png,NBA CDN,candidate,manual_identity_research,,,,True,0
P002128,James Collins,James Collins,james-collins,1530.0,https://cdn.nba.com/headshots/nba/latest/1040x760/1530.png,NBA CDN,candidate,manual_identity_research,,,,True,0
P002129,James Cotton,James Cotton,james-cotton,1526.0,https://cdn.nba.com/headshots/nba/latest/1040x760/1526.png,NBA CDN,candidate,manual_identity_research,,,,True,0
P002130,James Donaldson,James Donaldson,james-donaldson,76583.0,https://cdn.nba.com/headshots/nba/latest/1040x760/76583.png,NBA CDN,candidate,manual_identity_research,,,,True,0
P002131,James Edwards,James Edwards,james-edwards,229.0,https://cdn.nba.com/headshots/nba/latest/1040x760/229.png,NBA CDN,candidate,manual_identity_research,,,,True,0
P002132,James Ennis III,James Ennis III,james-ennis-iii,203516.0,https://cdn.nba.com/headshots/nba/latest/1040x760/203516.png,NBA CDN,candidate,manual_identity_research,,,,True,0
P002133,James Harden,James Harden,james-harden,201935.0,https://cdn.nba.com/headshots/nba/latest/1040x760/201935.png,NBA CDN,candidate,manual_identity_research,,,,True,0
P002134,James Hardy,James Hardy,james-hardy,76948.0,https://cdn.nba.com/headshots/nba/latest/1040x760/76948.png,NBA CDN,candidate,manual_identity_research,,,,True,0
P002135,James Johnson,James Johnson,james-johnson,201949.0,https://cdn.nba.com/headshots/nba/latest/1040x760/201949.png,NBA CDN,candidate,manual_identity_research,,,,True,0
P002136,James Jones,James Jones,james-jones,2592.0,https://cdn.nba.com/headshots/nba/latest/1040x760/2592.png,NBA CDN,candidate,manual_identity_research,,,,True,0
P002137,James Lang,James Lang,james-lang,2591.0,https://cdn.nba.com/headshots/nba/latest/1040x760/2591.png,NBA CDN,candidate,manual_identity_research,,,,True,0
P002138,James Michael McAdoo,James Michael McAdoo,james-michael-mcadoo,203949.0,https://cdn.nba.com/headshots/nba/latest/1040x760/203949.png,NBA CDN,candidate,manual_identity_research,,,,True,0
P002139,James Nunnally,James Nunnally,james-nunnally,203263.0,https://cdn.nba.com/headshots/nba/latest/1040x760/203263.png,NBA CDN,candidate,manual_identity_research,,,,True,0
P002140,James Posey,James Posey,james-posey,1899.0,https://cdn.nba.com/headshots/nba/latest/1040x760/1899.png,NBA CDN,candidate,manual_identity_research,,,,True,0
P002141,James Ray,James Ray,james-ray,,,,manual_identity_review,manual_identity_research,,,,True,0
P002142,James Robinson,James Robinson,james-robinson,381.0,https://cdn.nba.com/headshots/nba/latest/1040x760/381.png,NBA CDN,candidate,manual_identity_research,,,,True,0
P002143,James Scott,James Scott,james-scott,1109.0,https://cdn.nba.com/headshots/nba/latest/1040x760/1109.png,NBA CDN,candidate,manual_identity_research,,,,True,0
P002144,James Silas,James Silas,james-silas,78150.0,https://cdn.nba.com/headshots/nba/latest/1040x760/78150.png,NBA CDN,candidate,manual_identity_research,,,,True,0
P002145,James Singleton,James Singleton,james-singleton,101189.0,https://cdn.nba.com/headshots/nba/latest/1040x760/101189.png,NBA CDN,candidate,manual_identity_research,,,,True,0
P002146,James Southerland,James Southerland,james-southerland,203480.0,https://cdn.nba.com/headshots/nba/latest/1040x760/203480.png,NBA CDN,candidate,manual_identity_research,,,,True,0
P002147,James Thomas,James Thomas,james-thomas,2839.0,https://cdn.nba.com/headshots/nba/latest/1040x760/2839.png,NBA CDN,candidate,manual_identity_research,,,,True,0
P002148,James Webb III,James Webb III,james-webb-iii,1627821.0,https://cdn.nba.com/headshots/nba/latest/1040x760/1627821.png,NBA CDN,candidate,manual_identity_research,,,,True,0
P002149,James White,James White,james-white,200778.0,https://cdn.nba.com/headshots/nba/latest/1040x760/200778.png,NBA CDN,candidate,manual_identity_research,,,,True,0
P002150,James Wilkes,James Wilkes,james-wilkes,78533.0,https://cdn.nba.com/headshots/nba/latest/1040x760/78533.png,NBA CDN,candidate,manual_identity_research,,,,True,0
P002151,James Wiseman,James Wiseman,james-wiseman,1630164.0,https://cdn.nba.com/headshots/nba/latest/1040x760/1630164.png,NBA CDN,candidate,manual_identity_research,,,,True,0
P002152,James Worthy,James Worthy,james-worthy-p002152,1460.0,https://cdn.nba.com/headshots/nba/latest/1040x760/1460.png,NBA CDN,candidate,manual_identity_research,,,,True,0
P002153,James Worthy*,James Worthy*,james-worthy-p002153,1460.0,https://cdn.nba.com/headshots/nba/latest/1040x760/1460.png,NBA CDN,candidate,manual_identity_research,,,,True,0
P002154,James Young,James Young,james-young,203923.0,https://cdn.nba.com/headshots/nba/latest/1040x760/203923.png,NBA CDN,candidate,manual_identity_research,,,,True,0
P002155,JamesOn Curry,JamesOn Curry,jameson-curry,201191.0,https://cdn.nba.com/headshots/nba/latest/1040x760/201191.png,NBA CDN,candidate,manual_identity_research,,,,True,0
P002156,Jamie Feick,Jamie Feick,jamie-feick,994.0,https://cdn.nba.com/headshots/nba/latest/1040x760/994.png,NBA CDN,candidate,manual_identity_research,,,,True,0
P002157,Jamie Waller,Jamie Waller,jamie-waller,78445.0,https://cdn.nba.com/headshots/nba/latest/1040x760/78445.png,NBA CDN,candidate,manual_identity_research,,,,True,0
P002158,Jamie Watson,Jamie Watson,jamie-watson,320.0,https://cdn.nba.com/headshots/nba/latest/1040x760/320.png,NBA CDN,candidate,manual_identity_research,,,,True,0
P002159,Jamil Wilson,Jamil Wilson,jamil-wilson,203966.0,https://cdn.nba.com/headshots/nba/latest/1040x760/203966.png,NBA CDN,candidate,manual_identity_research,,,,True,0
P002160,Jamir Watkins,Jamir Watkins,jamir-watkins,1642364.0,https://cdn.nba.com/headshots/nba/latest/1040x760/1642364.png,NBA CDN,candidate,manual_identity_research,,,,True,0
P002161,Jamison Battle,Jamison Battle,jamison-battle,1642419.0,https://cdn.nba.com/headshots/nba/latest/1040x760/1642419.png,NBA CDN,candidate,manual_identity_research,,,,True,0
P002162,Jamison Brewer,Jamison Brewer,jamison-brewer,2249.0,https://cdn.nba.com/headshots/nba/latest/1040x760/2249.png,NBA CDN,candidate,manual_identity_research,,,,True,0
P002163,Jamorko Pickett,Jamorko Pickett,jamorko-pickett,1630691.0,https://cdn.nba.com/headshots/nba/latest/1040x760/1630691.png,NBA CDN,candidate,manual_identity_research,,,,True,0
P002164,Jan Veselý,Jan Veselý,jan-vesel,202686.0,https://cdn.nba.com/headshots/nba/latest/1040x760/202686.png,NBA CDN,candidate,manual_identity_research,,,,True,0
P002165,Jan van Breda Kolff,Jan van Breda Kolff,jan-van-breda-kolff,78400.0,https://cdn.nba.com/headshots/nba/latest/1040x760/78400.png,NBA CDN,candidate,manual_identity_research,,,,True,0
P002166,Jannero Pargo,Jannero Pargo,jannero-pargo,2457.0,https://cdn.nba.com/headshots/nba/latest/1040x760/2457.png,NBA CDN,candidate,manual_identity_research,,,,True,0
P002167,Jarace Walker,Jarace Walker,jarace-walker,1641716.0,https://cdn.nba.com/headshots/nba/latest/1040x760/1641716.png,NBA CDN,candidate,manual_identity_research,,,,True,0
P002168,Jared Butler,Jared Butler,jared-butler,1630215.0,https://cdn.nba.com/headshots/nba/latest/1040x760/1630215.png,NBA CDN,candidate,manual_identity_research,,,,True,0
P002169,Jared Cunningham,Jared Cunningham,jared-cunningham,203099.0,https://cdn.nba.com/headshots/nba/latest/1040x760/203099.png,NBA CDN,candidate,manual_identity_research,,,,True,0
P002170,Jared Dudley,Jared Dudley,jared-dudley,201162.0,https://cdn.nba.com/headshots/nba/latest/1040x760/201162.png,NBA CDN,candidate,manual_identity_research,,,,True,0
P002171,Jared Harper,Jared Harper,jared-harper,1629607.0,https://cdn.nba.com/headshots/nba/latest/1040x760/1629607.png,NBA CDN,candidate,manual_identity_research,,,,True,0
P002172,Jared Jeffries,Jared Jeffries,jared-jeffries,2407.0,https://cdn.nba.com/headshots/nba/latest/1040x760/2407.png,NBA CDN,candidate,manual_identity_research,,,,True,0
P002173,Jared McCain,Jared McCain,jared-mccain,1642272.0,https://cdn.nba.com/headshots/nba/latest/1040x760/1642272.png,NBA CDN,candidate,manual_identity_research,,,,True,0
P002174,Jared Reiner,Jared Reiner,jared-reiner,2876.0,https://cdn.nba.com/headshots/nba/latest/1040x760/2876.png,NBA CDN,candidate,manual_identity_research,,,,True,0
P002175,Jared Rhoden,Jared Rhoden,jared-rhoden,1631197.0,https://cdn.nba.com/headshots/nba/latest/1040x760/1631197.png,NBA CDN,candidate,manual_identity_research,,,,True,0
P002176,Jared Sullinger,Jared Sullinger,jared-sullinger,203096.0,https://cdn.nba.com/headshots/nba/latest/1040x760/203096.png,NBA CDN,candidate,manual_identity_research,,,,True,0
P002177,Jared Terrell,Jared Terrell,jared-terrell,1629123.0,https://cdn.nba.com/headshots/nba/latest/1040x760/1629123.png,NBA CDN,candidate,manual_identity_research,,,,True,0
P002178,Jarell Eddie,Jarell Eddie,jarell-eddie,204067.0,https://cdn.nba.com/headshots/nba/latest/1040x760/204067.png,NBA CDN,candidate,manual_identity_research,,,,True,0
P002179,Jarell Martin,Jarell Martin,jarell-martin,1626185.0,https://cdn.nba.com/headshots/nba/latest/1040x760/1626185.png,NBA CDN,candidate,manual_identity_research,,,,True,0
P002180,Jaren Jackson,Jaren Jackson,jaren-jackson,1114.0,https://cdn.nba.com/headshots/nba/latest/1040x760/1114.png,NBA CDN,candidate,manual_identity_research,,,,True,0
P002181,Jaren Jackson Jr.,Jaren Jackson Jr.,jaren-jackson-jr,1628991.0,https://cdn.nba.com/headshots/nba/latest/1040x760/1628991.png,NBA CDN,candidate,manual_identity_research,,,,True,0
P002182,Jarnell Stokes,Jarnell Stokes,jarnell-stokes,203950.0,https://cdn.nba.com/headshots/nba/latest/1040x760/203950.png,NBA CDN,candidate,manual_identity_research,,,,True,0
P002183,Jaron Blossomgame,Jaron Blossomgame,jaron-blossomgame,1628417.0,https://cdn.nba.com/headshots/nba/latest/1040x760/1628417.png,NBA CDN,candidate,manual_identity_research,,,,True,0
P002184,Jarred Vanderbilt,Jarred Vanderbilt,jarred-vanderbilt,1629020.0,https://cdn.nba.com/headshots/nba/latest/1040x760/1629020.png,NBA CDN,candidate,manual_identity_research,,,,True,0
P002185,Jarrell Brantley,Jarrell Brantley,jarrell-brantley,1629714.0,https://cdn.nba.com/headshots/nba/latest/1040x760/1629714.png,NBA CDN,candidate,manual_identity_research,,,,True,0
P002186,Jarrett Allen,Jarrett Allen,jarrett-allen,1628386.0,https://cdn.nba.com/headshots/nba/latest/1040x760/1628386.png,NBA CDN,candidate,manual_identity_research,,,,True,0
P002187,Jarrett Culver,Jarrett Culver,jarrett-culver,1629633.0,https://cdn.nba.com/headshots/nba/latest/1040x760/1629633.png,NBA CDN,candidate,manual_identity_research,,,,True,0
P002188,Jarrett Jack,Jarrett Jack,jarrett-jack,101127.0,https://cdn.nba.com/headshots/nba/latest/1040x760/101127.png,NBA CDN,candidate,manual_identity_research,,,,True,0
P002189,Jarrod Uthoff,Jarrod Uthoff,jarrod-uthoff,1627784.0,https://cdn.nba.com/headshots/nba/latest/1040x760/1627784.png,NBA CDN,candidate,manual_identity_research,,,,True,0
P002190,Jarron Collins,Jarron Collins,jarron-collins,2260.0,https://cdn.nba.com/headshots/nba/latest/1040x760/2260.png,NBA CDN,candidate,manual_identity_research,,,,True,0
P002191,Jarron Cumberland,Jarron Cumberland,jarron-cumberland,1629600.0,https://cdn.nba.com/headshots/nba/latest/1040x760/1629600.png,NBA CDN,candidate,manual_identity_research,,,,True,0
P002192,Jarvis Hayes,Jarvis Hayes,jarvis-hayes,2553.0,https://cdn.nba.com/headshots/nba/latest/1040x760/2553.png,NBA CDN,candidate,manual_identity_research,,,,True,0
P002193,Jarvis Varnado,Jarvis Varnado,jarvis-varnado,202363.0,https://cdn.nba.com/headshots/nba/latest/1040x760/202363.png,NBA CDN,candidate,manual_identity_research,,,,True,0
P002194,Jase Richardson,Jase Richardson,jase-richardson,1642859.0,https://cdn.nba.com/headshots/nba/latest/1040x760/1642859.png,NBA CDN,candidate,manual_identity_research,,,,True,0
P002195,Jason Caffey,Jason Caffey,jason-caffey,679.0,https://cdn.nba.com/headshots/nba/latest/1040x760/679.png,NBA CDN,candidate,manual_identity_research,,,,True,0
P002196,Jason Collier,Jason Collier,jason-collier,2044.0,https://cdn.nba.com/headshots/nba/latest/1040x760/2044.png,NBA CDN,candidate,manual_identity_research,,,,True,0
P002197,Jason Collins,Jason Collins,jason-collins,2215.0,https://cdn.nba.com/headshots/nba/latest/1040x760/2215.png,NBA CDN,candidate,manual_identity_research,,,,True,0
P002198,Jason Hart,Jason Hart,jason-hart,2078.0,https://cdn.nba.com/headshots/nba/latest/1040x760/2078.png,NBA CDN,candidate,manual_identity_research,,,,True,0
P002199,Jason Kapono,Jason Kapono,jason-kapono,2574.0,https://cdn.nba.com/headshots/nba/latest/1040x760/2574.png,NBA CDN,candidate,manual_identity_research,,,,True,0
P002200,Jason Kidd,Jason Kidd,jason-kidd-p002200,467.0,https://cdn.nba.com/headshots/nba/latest/1040x760/467.png,NBA CDN,candidate,manual_identity_research,,,,True,0
P002201,Jason Kidd*,Jason Kidd*,jason-kidd-p002201,467.0,https://cdn.nba.com/headshots/nba/latest/1040x760/467.png,NBA CDN,candidate,manual_identity_research,,,,True,0
P002202,Jason Lawson,Jason Lawson,jason-lawson,1535.0,https://cdn.nba.com/headshots/nba/latest/1040x760/1535.png,NBA CDN,candidate,manual_identity_research,,,,True,0
P002203,Jason Maxiell,Jason Maxiell,jason-maxiell,101131.0,https://cdn.nba.com/headshots/nba/latest/1040x760/101131.png,NBA CDN,candidate,manual_identity_research,,,,True,0
P002204,Jason Miskiri,Jason Miskiri,jason-miskiri,1954.0,https://cdn.nba.com/headshots/nba/latest/1040x760/1954.png,NBA CDN,candidate,manual_identity_research,,,,True,0
P002205,Jason Preston,Jason Preston,jason-preston,1630554.0,https://cdn.nba.com/headshots/nba/latest/1040x760/1630554.png,NBA CDN,candidate,manual_identity_research,,,,True,0
P002206,Jason Richardson,Jason Richardson,jason-richardson,2202.0,https://cdn.nba.com/headshots/nba/latest/1040x760/2202.png,NBA CDN,candidate,manual_identity_research,,,,True,0
P002207,Jason Sasser,Jason Sasser,jason-sasser,987.0,https://cdn.nba.com/headshots/nba/latest/1040x760/987.png,NBA CDN,candidate,manual_identity_research,,,,True,0
P002208,Jason Smith,Jason Smith,jason-smith,201160.0,https://cdn.nba.com/headshots/nba/latest/1040x760/201160.png,NBA CDN,candidate,manual_identity_research,,,,True,0
P002209,Jason Terry,Jason Terry,jason-terry,1891.0,https://cdn.nba.com/headshots/nba/latest/1040x760/1891.png,NBA CDN,candidate,manual_identity_research,,,,True,0
P002210,Jason Thompson,Jason Thompson,jason-thompson,201574.0,https://cdn.nba.com/headshots/nba/latest/1040x760/201574.png,NBA CDN,candidate,manual_identity_research,,,,True,0
P002211,Jason Williams,Jason Williams,jason-williams,1715.0,https://cdn.nba.com/headshots/nba/latest/1040x760/1715.png,NBA CDN,candidate,manual_identity_research,,,,True,0
P002212,Javaris Crittenton,Javaris Crittenton,javaris-crittenton,201159.0,https://cdn.nba.com/headshots/nba/latest/1040x760/201159.png,NBA CDN,candidate,manual_identity_research,,,,True,0
P002213,Javin DeLaurier,Javin DeLaurier,javin-delaurier,1629602.0,https://cdn.nba.com/headshots/nba/latest/1040x760/1629602.png,NBA CDN,candidate,manual_identity_research,,,,True,0
P002214,Javon Freeman-Liberty,Javon Freeman-Liberty,javon-freeman-liberty,1631241.0,https://cdn.nba.com/headshots/nba/latest/1040x760/1631241.png,NBA CDN,candidate,manual_identity_research,,,,True,0
P002215,Javon Small,Javon Small,javon-small,1642914.0,https://cdn.nba.com/headshots/nba/latest/1040x760/1642914.png,NBA CDN,candidate,manual_identity_research,,,,True,0
P002216,Javonte Cooke,Javonte Cooke,javonte-cooke,1631451.0,https://cdn.nba.com/headshots/nba/latest/1040x760/1631451.png,NBA CDN,candidate,manual_identity_research,,,,True,0
P002217,Javonte Green,Javonte Green,javonte-green,1629750.0,https://cdn.nba.com/headshots/nba/latest/1040x760/1629750.png,NBA CDN,candidate,manual_identity_research,,,,True,0
P002218,Javonte Smart,Javonte Smart,javonte-smart,1630606.0,https://cdn.nba.com/headshots/nba/latest/1040x760/1630606.png,NBA CDN,candidate,manual_identity_research,,,,True,0
P002219,Jawad Williams,Jawad Williams,jawad-williams,101214.0,https://cdn.nba.com/headshots/nba/latest/1040x760/101214.png,NBA CDN,candidate,manual_identity_research,,,,True,0
P002220,Jawann Oldham,Jawann Oldham,jawann-oldham,77757.0,https://cdn.nba.com/headshots/nba/latest/1040x760/77757.png,NBA CDN,candidate,manual_identity_research,,,,True,0
P002221,Jawun Evans,Jawun Evans,jawun-evans,1628393.0,https://cdn.nba.com/headshots/nba/latest/1040x760/1628393.png,NBA CDN,candidate,manual_identity_research,,,,True,0
P002222,Jaxson Hayes,Jaxson Hayes,jaxson-hayes,1629637.0,https://cdn.nba.com/headshots/nba/latest/1040x760/1629637.png,NBA CDN,candidate,manual_identity_research,,,,True,0
P002223,Jay Arnette,Jay Arnette,jay-arnette,76063.0,https://cdn.nba.com/headshots/nba/latest/1040x760/76063.png,NBA CDN,candidate,manual_identity_research,,,,True,0
P002224,Jay Carty,Jay Carty,jay-carty,76363.0,https://cdn.nba.com/headshots/nba/latest/1040x760/76363.png,NBA CDN,candidate,manual_identity_research,,,,True,0
P002225,Jay Edwards,Jay Edwards,jay-edwards,76643.0,https://cdn.nba.com/headshots/nba/latest/1040x760/76643.png,NBA CDN,candidate,manual_identity_research,,,,True,0
P002226,Jay Guidinger,Jay Guidinger,jay-guidinger,76904.0,https://cdn.nba.com/headshots/nba/latest/1040x760/76904.png,NBA CDN,candidate,manual_identity_research,,,,True,0
P002227,Jay Huff,Jay Huff,jay-huff,1630643.0,https://cdn.nba.com/headshots/nba/latest/1040x760/1630643.png,NBA CDN,candidate,manual_identity_research,,,,True,0
P002228,Jay Humphries,Jay Humphries,jay-humphries,77081.0,https://cdn.nba.com/headshots/nba/latest/1040x760/77081.png,NBA CDN,candidate,manual_identity_research,,,,True,0
P002229,Jay Miller,Jay Miller,jay-miller,77601.0,https://cdn.nba.com/headshots/nba/latest/1040x760/77601.png,NBA CDN,candidate,manual_identity_research,,,,True,0
P002230,Jay Murphy,Jay Murphy,jay-murphy,77670.0,https://cdn.nba.com/headshots/nba/latest/1040x760/77670.png,NBA CDN,candidate,manual_identity_research,,,,True,0
P002231,Jay Scrubb,Jay Scrubb,jay-scrubb,1630206.0,https://cdn.nba.com/headshots/nba/latest/1040x760/1630206.png,NBA CDN,candidate,manual_identity_research,,,,True,0
P002232,Jay Taylor,Jay Taylor,jay-taylor,78297.0,https://cdn.nba.com/headshots/nba/latest/1040x760/78297.png,NBA CDN,candidate,manual_identity_research,,,,True,0
P002233,Jay Vincent,Jay Vincent,jay-vincent,78418.0,https://cdn.nba.com/headshots/nba/latest/1040x760/78418.png,NBA CDN,candidate,manual_identity_research,,,,True,0
P002234,Jay Williams,Jay Williams,jay-williams,2398.0,https://cdn.nba.com/headshots/nba/latest/1040x760/2398.png,NBA CDN,candidate,manual_identity_research,,,,True,0
P002235,Jaylen Adams,Jaylen Adams,jaylen-adams,1629121.0,https://cdn.nba.com/headshots/nba/latest/1040x760/1629121.png,NBA CDN,candidate,manual_identity_research,,,,True,0
P002236,Jaylen Brown,Jaylen Brown,jaylen-brown,1627759.0,https://cdn.nba.com/headshots/nba/latest/1040x760/1627759.png,NBA CDN,candidate,manual_identity_research,,,,True,0
P002237,Jaylen Clark,Jaylen Clark,jaylen-clark,1641740.0,https://cdn.nba.com/headshots/nba/latest/1040x760/1641740.png,NBA CDN,candidate,manual_identity_research,,,,True,0
P002238,Jaylen Hoard,Jaylen Hoard,jaylen-hoard,1629658.0,https://cdn.nba.com/headshots/nba/latest/1040x760/1629658.png,NBA CDN,candidate,manual_identity_research,,,,True,0
P002239,Jaylen Martin,Jaylen Martin,jaylen-martin,1641798.0,https://cdn.nba.com/headshots/nba/latest/1040x760/1641798.png,NBA CDN,candidate,manual_identity_research,,,,True,0
P002240,Jaylen Morris,Jaylen Morris,jaylen-morris,1628537.0,https://cdn.nba.com/headshots/nba/latest/1040x760/1628537.png,NBA CDN,candidate,manual_identity_research,,,,True,0
P002241,Jaylen Nowell,Jaylen Nowell,jaylen-nowell,1629669.0,https://cdn.nba.com/headshots/nba/latest/1040x760/1629669.png,NBA CDN,candidate,manual_identity_research,,,,True,0
P002242,Jaylen Sims,Jaylen Sims,jaylen-sims,1631301.0,https://cdn.nba.com/headshots/nba/latest/1040x760/1631301.png,NBA CDN,candidate,manual_identity_research,,,,True,0
P002243,Jaylen Wells,Jaylen Wells,jaylen-wells,1642377.0,https://cdn.nba.com/headshots/nba/latest/1040x760/1642377.png,NBA CDN,candidate,manual_identity_research,,,,True,0
P002244,Jaylin Williams,Jaylin Williams,jaylin-williams,1631119.0,https://cdn.nba.com/headshots/nba/latest/1040x760/1631119.png,NBA CDN,candidate,manual_identity_research,,,,True,0
P002245,Jaylon Tyson,Jaylon Tyson,jaylon-tyson,1642281.0,https://cdn.nba.com/headshots/nba/latest/1040x760/1642281.png,NBA CDN,candidate,manual_identity_research,,,,True,0
P002246,Jaysean Paige,Jaysean Paige,jaysean-paige,1629873.0,https://cdn.nba.com/headshots/nba/latest/1040x760/1629873.png,NBA CDN,candidate,manual_identity_research,,,,True,0
P002247,Jayson Kent,Jayson Kent,jayson-kent,1643257.0,https://cdn.nba.com/headshots/nba/latest/1040x760/1643257.png,NBA CDN,candidate,manual_identity_research,,,,True,0
P002248,Jayson Tatum,Jayson Tatum,jayson-tatum,1628369.0,https://cdn.nba.com/headshots/nba/latest/1040x760/1628369.png,NBA CDN,candidate,manual_identity_research,,,,True,0
P002249,Jayson Williams,Jayson Williams,jayson-williams,420.0,https://cdn.nba.com/headshots/nba/latest/1040x760/420.png,NBA CDN,candidate,manual_identity_research,,,,True,0
P002250,Jazian Gortman,Jazian Gortman,jazian-gortman,1641789.0,https://cdn.nba.com/headshots/nba/latest/1040x760/1641789.png,NBA CDN,candidate,manual_identity_research,,,,True,0
P002251,Jeff Adrien,Jeff Adrien,jeff-adrien,202399.0,https://cdn.nba.com/headshots/nba/latest/1040x760/202399.png,NBA CDN,candidate,manual_identity_research,,,,True,0
P002252,Jeff Ayres,Jeff Ayres,jeff-ayres,201965.0,https://cdn.nba.com/headshots/nba/latest/1040x760/201965.png,NBA CDN,candidate,manual_identity_research,,,,True,0
P002253,Jeff Cook,Jeff Cook,jeff-cook,76436.0,https://cdn.nba.com/headshots/nba/latest/1040x760/76436.png,NBA CDN,candidate,manual_identity_research,,,,True,0
P002254,Jeff Cross,Jeff Cross,jeff-cross,76476.0,https://cdn.nba.com/headshots/nba/latest/1040x760/76476.png,NBA CDN,candidate,manual_identity_research,,,,True,0
P002255,Jeff Dowtin Jr.,Jeff Dowtin Jr.,jeff-dowtin-jr,1630288.0,https://cdn.nba.com/headshots/nba/latest/1040x760/1630288.png,NBA CDN,candidate,manual_identity_research,,,,True,0
P002256,Jeff Foote,Jeff Foote,jeff-foote,202880.0,https://cdn.nba.com/headshots/nba/latest/1040x760/202880.png,NBA CDN,candidate,manual_identity_research,,,,True,0
P002257,Jeff Foster,Jeff Foster,jeff-foster,1902.0,https://cdn.nba.com/headshots/nba/latest/1040x760/1902.png,NBA CDN,candidate,manual_identity_research,,,,True,0
P002258,Jeff Grayer,Jeff Grayer,jeff-grayer,81.0,https://cdn.nba.com/headshots/nba/latest/1040x760/81.png,NBA CDN,candidate,manual_identity_research,,,,True,0
P002259,Jeff Green,Jeff Green,jeff-green,201145.0,https://cdn.nba.com/headshots/nba/latest/1040x760/201145.png,NBA CDN,candidate,manual_identity_research,,,,True,0
P002260,Jeff Halliburton,Jeff Halliburton,jeff-halliburton,76923.0,https://cdn.nba.com/headshots/nba/latest/1040x760/76923.png,NBA CDN,candidate,manual_identity_research,,,,True,0
P002261,Jeff Hornacek,Jeff Hornacek,jeff-hornacek,204.0,https://cdn.nba.com/headshots/nba/latest/1040x760/204.png,NBA CDN,candidate,manual_identity_research,,,,True,0
P002262,Jeff Judkins,Jeff Judkins,jeff-judkins,77215.0,https://cdn.nba.com/headshots/nba/latest/1040x760/77215.png,NBA CDN,candidate,manual_identity_research,,,,True,0
P002263,Jeff Lamp,Jeff Lamp,jeff-lamp,77332.0,https://cdn.nba.com/headshots/nba/latest/1040x760/77332.png,NBA CDN,candidate,manual_identity_research,,,,True,0
P002264,Jeff Lebo,Jeff Lebo,jeff-lebo,77354.0,https://cdn.nba.com/headshots/nba/latest/1040x760/77354.png,NBA CDN,candidate,manual_identity_research,,,,True,0
P002265,Jeff Malone,Jeff Malone,jeff-malone,117.0,https://cdn.nba.com/headshots/nba/latest/1040x760/117.png,NBA CDN,candidate,manual_identity_research,,,,True,0
P002266,Jeff Martin,Jeff Martin,jeff-martin,77474.0,https://cdn.nba.com/headshots/nba/latest/1040x760/77474.png,NBA CDN,candidate,manual_identity_research,,,,True,0
P002267,Jeff McInnis,Jeff McInnis,jeff-mcinnis,976.0,https://cdn.nba.com/headshots/nba/latest/1040x760/976.png,NBA CDN,candidate,manual_identity_research,,,,True,0
P002268,Jeff Mullins,Jeff Mullins,jeff-mullins,77662.0,https://cdn.nba.com/headshots/nba/latest/1040x760/77662.png,NBA CDN,candidate,manual_identity_research,,,,True,0
P002269,Jeff Nordgaard,Jeff Nordgaard,jeff-nordgaard,999.0,https://cdn.nba.com/headshots/nba/latest/1040x760/999.png,NBA CDN,candidate,manual_identity_research,,,,True,0
P002270,Jeff Ruland,Jeff Ruland,jeff-ruland,78041.0,https://cdn.nba.com/headshots/nba/latest/1040x760/78041.png,NBA CDN,candidate,manual_identity_research,,,,True,0
P002271,Jeff Sanders,Jeff Sanders,jeff-sanders,1874.0,https://cdn.nba.com/headshots/nba/latest/1040x760/1874.png,NBA CDN,candidate,manual_identity_research,,,,True,0
P002272,Jeff Sheppard,Jeff Sheppard,jeff-sheppard,1852.0,https://cdn.nba.com/headshots/nba/latest/1040x760/1852.png,NBA CDN,candidate,manual_identity_research,,,,True,0
P002273,Jeff Slade,Jeff Slade,jeff-slade,78170.0,https://cdn.nba.com/headshots/nba/latest/1040x760/78170.png,NBA CDN,candidate,manual_identity_research,,,,True,0
P002274,Jeff Taylor,Jeff Taylor,jeff-taylor,78299.0,https://cdn.nba.com/headshots/nba/latest/1040x760/78299.png,NBA CDN,candidate,manual_identity_research,,,,True,0
P002275,Jeff Teague,Jeff Teague,jeff-teague,201952.0,https://cdn.nba.com/headshots/nba/latest/1040x760/201952.png,NBA CDN,candidate,manual_identity_research,,,,True,0
P002276,Jeff Trepagnier,Jeff Trepagnier,jeff-trepagnier,2244.0,https://cdn.nba.com/headshots/nba/latest/1040x760/2244.png,NBA CDN,candidate,manual_identity_research,,,,True,0
P002277,Jeff Turner,Jeff Turner,jeff-turner,78381.0,https://cdn.nba.com/headshots/nba/latest/1040x760/78381.png,NBA CDN,candidate,manual_identity_research,,,,True,0
P002278,Jeff Webb,Jeff Webb,jeff-webb,78477.0,https://cdn.nba.com/headshots/nba/latest/1040x760/78477.png,NBA CDN,candidate,manual_identity_research,,,,True,0
P002279,Jeff Webster,Jeff Webster,jeff-webster,1067.0,https://cdn.nba.com/headshots/nba/latest/1040x760/1067.png,NBA CDN,candidate,manual_identity_research,,,,True,0
P002280,Jeff Wilkins,Jeff Wilkins,jeff-wilkins,78537.0,https://cdn.nba.com/headshots/nba/latest/1040x760/78537.png,NBA CDN,candidate,manual_identity_research,,,,True,0
P002281,Jeff Withey,Jeff Withey,jeff-withey,203481.0,https://cdn.nba.com/headshots/nba/latest/1040x760/203481.png,NBA CDN,candidate,manual_identity_research,,,,True,0
P002282,Jelani McCoy,Jelani McCoy,jelani-mccoy,1741.0,https://cdn.nba.com/headshots/nba/latest/1040x760/1741.png,NBA CDN,candidate,manual_identity_research,,,,True,0
P002283,Jemerrio Jones,Jemerrio Jones,jemerrio-jones,1629203.0,https://cdn.nba.com/headshots/nba/latest/1040x760/1629203.png,NBA CDN,candidate,manual_identity_research,,,,True,0
P002284,Jerald Honeycutt,Jerald Honeycutt,jerald-honeycutt,1532.0,https://cdn.nba.com/headshots/nba/latest/1040x760/1532.png,NBA CDN,candidate,manual_identity_research,,,,True,0
P002285,Jerami Grant,Jerami Grant,jerami-grant,203924.0,https://cdn.nba.com/headshots/nba/latest/1040x760/203924.png,NBA CDN,candidate,manual_identity_research,,,,True,0
P002286,Jerel McNeal,Jerel McNeal,jerel-mcneal,202077.0,https://cdn.nba.com/headshots/nba/latest/1040x760/202077.png,NBA CDN,candidate,manual_identity_research,,,,True,0
P002287,Jeremiah Fears,Jeremiah Fears,jeremiah-fears,1642847.0,https://cdn.nba.com/headshots/nba/latest/1040x760/1642847.png,NBA CDN,candidate,manual_identity_research,,,,True,0
P002288,Jeremiah Martin,Jeremiah Martin,jeremiah-martin,1629725.0,https://cdn.nba.com/headshots/nba/latest/1040x760/1629725.png,NBA CDN,candidate,manual_identity_research,,,,True,0
P002289,Jeremiah Robinson-Earl,Jeremiah Robinson-Earl,jeremiah-robinson-earl,1630526.0,https://cdn.nba.com/headshots/nba/latest/1040x760/1630526.png,NBA CDN,candidate,manual_identity_research,,,,True,0
P002290,Jeremy Evans,Jeremy Evans,jeremy-evans,202379.0,https://cdn.nba.com/headshots/nba/latest/1040x760/202379.png,NBA CDN,candidate,manual_identity_research,,,,True,0
P002291,Jeremy Lamb,Jeremy Lamb,jeremy-lamb,203087.0,https://cdn.nba.com/headshots/nba/latest/1040x760/203087.png,NBA CDN,candidate,manual_identity_research,,,,True,0
P002292,Jeremy Lin,Jeremy Lin,jeremy-lin,202391.0,https://cdn.nba.com/headshots/nba/latest/1040x760/202391.png,NBA CDN,candidate,manual_identity_research,,,,True,0
P002293,Jeremy Pargo,Jeremy Pargo,jeremy-pargo,202951.0,https://cdn.nba.com/headshots/nba/latest/1040x760/202951.png,NBA CDN,candidate,manual_identity_research,,,,True,0
P002294,Jeremy Richardson,Jeremy Richardson,jeremy-richardson,200978.0,https://cdn.nba.com/headshots/nba/latest/1040x760/200978.png,NBA CDN,candidate,manual_identity_research,,,,True,0
P002295,Jeremy Sochan,Jeremy Sochan,jeremy-sochan,1631110.0,https://cdn.nba.com/headshots/nba/latest/1040x760/1631110.png,NBA CDN,candidate,manual_identity_research,,,,True,0
P002296,Jeremy Tyler,Jeremy Tyler,jeremy-tyler,202719.0,https://cdn.nba.com/headshots/nba/latest/1040x760/202719.png,NBA CDN,candidate,manual_identity_research,,,,True,0
P002297,Jerian Grant,Jerian Grant,jerian-grant,1626170.0,https://cdn.nba.com/headshots/nba/latest/1040x760/1626170.png,NBA CDN,candidate,manual_identity_research,,,,True,0
P002298,Jericho Sims,Jericho Sims,jericho-sims,1630579.0,https://cdn.nba.com/headshots/nba/latest/1040x760/1630579.png,NBA CDN,candidate,manual_identity_research,,,,True,0
P002299,Jermaine Jackson,Jermaine Jackson,jermaine-jackson,1983.0,https://cdn.nba.com/headshots/nba/latest/1040x760/1983.png,NBA CDN,candidate,manual_identity_research,,,,True,0
P002300,Jermaine O'Neal,Jermaine O'Neal,jermaine-o-neal,979.0,https://cdn.nba.com/headshots/nba/latest/1040x760/979.png,NBA CDN,candidate,manual_identity_research,,,,True,0
P002301,Jermaine Samuels,Jermaine Samuels,jermaine-samuels,1631257.0,https://cdn.nba.com/headshots/nba/latest/1040x760/1631257.png,NBA CDN,verified,none,200.0,image/webp,verified,True,0
P002302,Jermaine Taylor,Jermaine Taylor,jermaine-taylor,201966.0,https://cdn.nba.com/headshots/nba/latest/1040x760/201966.png,NBA CDN,candidate,manual_identity_research,,,,True,0
P002303,Jermareo Davidson,Jermareo Davidson,jermareo-davidson,201176.0,https://cdn.nba.com/headshots/nba/latest/1040x760/201176.png,NBA CDN,candidate,manual_identity_research,,,,True,0
P002304,Jerome Allen,Jerome Allen,jerome-allen,706.0,https://cdn.nba.com/headshots/nba/latest/1040x760/706.png,NBA CDN,candidate,manual_identity_research,,,,True,0
P002305,Jerome Anderson,Jerome Anderson,jerome-anderson,76040.0,https://cdn.nba.com/headshots/nba/latest/1040x760/76040.png,NBA CDN,candidate,manual_identity_research,,,,True,0
P002306,Jerome Beasley,Jerome Beasley,jerome-beasley,2602.0,https://cdn.nba.com/headshots/nba/latest/1040x760/2602.png,NBA CDN,candidate,manual_identity_research,,,,True,0
P002307,Jerome Dyson,Jerome Dyson,jerome-dyson,202406.0,https://cdn.nba.com/headshots/nba/latest/1040x760/202406.png,NBA CDN,candidate,manual_identity_research,,,,True,0
P002308,Jerome Harmon,Jerome Harmon,jerome-harmon,76952.0,https://cdn.nba.com/headshots/nba/latest/1040x760/76952.png,NBA CDN,candidate,manual_identity_research,,,,True,0
P002309,Jerome Henderson,Jerome Henderson,jerome-henderson,76992.0,https://cdn.nba.com/headshots/nba/latest/1040x760/76992.png,NBA CDN,candidate,manual_identity_research,,,,True,0
P002310,Jerome James,Jerome James,jerome-james,1744.0,https://cdn.nba.com/headshots/nba/latest/1040x760/1744.png,NBA CDN,candidate,manual_identity_research,,,,True,0
P002311,Jerome Jordan,Jerome Jordan,jerome-jordan,202366.0,https://cdn.nba.com/headshots/nba/latest/1040x760/202366.png,NBA CDN,candidate,manual_identity_research,,,,True,0
P002312,Jerome Kersey,Jerome Kersey,jerome-kersey,760.0,https://cdn.nba.com/headshots/nba/latest/1040x760/760.png,NBA CDN,candidate,manual_identity_research,,,,True,0
P002313,Jerome Lane,Jerome Lane,jerome-lane,77335.0,https://cdn.nba.com/headshots/nba/latest/1040x760/77335.png,NBA CDN,candidate,manual_identity_research,,,,True,0
P002314,Jerome Robinson,Jerome Robinson,jerome-robinson,1629010.0,https://cdn.nba.com/headshots/nba/latest/1040x760/1629010.png,NBA CDN,candidate,manual_identity_research,,,,True,0
P002315,Jerome Whitehead,Jerome Whitehead,jerome-whitehead,78516.0,https://cdn.nba.com/headshots/nba/latest/1040x760/78516.png,NBA CDN,candidate,manual_identity_research,,,,True,0
P002316,Jerome Williams,Jerome Williams,jerome-williams,966.0,https://cdn.nba.com/headshots/nba/latest/1040x760/966.png,NBA CDN,candidate,manual_identity_research,,,,True,0
P002317,Jerrelle Benimon,Jerrelle Benimon,jerrelle-benimon,203968.0,https://cdn.nba.com/headshots/nba/latest/1040x760/203968.png,NBA CDN,candidate,manual_identity_research,,,,True,0
P002318,Jerrod Mustaf,Jerrod Mustaf,jerrod-mustaf,1054.0,https://cdn.nba.com/headshots/nba/latest/1040x760/1054.png,NBA CDN,candidate,manual_identity_research,,,,True,0
P002319,Jerry Baskerville,Jerry Baskerville,jerry-baskerville,76119.0,https://cdn.nba.com/headshots/nba/latest/1040x760/76119.png,NBA CDN,candidate,manual_identity_research,,,,True,0
P002320,Jerry Bird,Jerry Bird,jerry-bird,76168.0,https://cdn.nba.com/headshots/nba/latest/1040x760/76168.png,NBA CDN,candidate,manual_identity_research,,,,True,0
P002321,Jerry Chambers,Jerry Chambers,jerry-chambers,76376.0,https://cdn.nba.com/headshots/nba/latest/1040x760/76376.png,NBA CDN,candidate,manual_identity_research,,,,True,0
P002322,Jerry Eaves,Jerry Eaves,jerry-eaves,76632.0,https://cdn.nba.com/headshots/nba/latest/1040x760/76632.png,NBA CDN,candidate,manual_identity_research,,,,True,0
P002323,Jerry Fleishman,Jerry Fleishman,jerry-fleishman,76721.0,https://cdn.nba.com/headshots/nba/latest/1040x760/76721.png,NBA CDN,candidate,manual_identity_research,,,,True,0
P002324,Jerry Fowler,Jerry Fowler,jerry-fowler,76745.0,https://cdn.nba.com/headshots/nba/latest/1040x760/76745.png,NBA CDN,candidate,manual_identity_research,,,,True,0
P002325,Jerry Greenspan,Jerry Greenspan,jerry-greenspan,76880.0,https://cdn.nba.com/headshots/nba/latest/1040x760/76880.png,NBA CDN,candidate,manual_identity_research,,,,True,0
P002326,Jerry Grote,Jerry Grote,jerry-grote,76896.0,https://cdn.nba.com/headshots/nba/latest/1040x760/76896.png,NBA CDN,candidate,manual_identity_research,,,,True,0
P002327,Jerry Harkness,Jerry Harkness,jerry-harkness,76950.0,https://cdn.nba.com/headshots/nba/latest/1040x760/76950.png,NBA CDN,candidate,manual_identity_research,,,,True,0
P002328,Jerry Lucas,Jerry Lucas,jerry-lucas-p002328,77418.0,https://cdn.nba.com/headshots/nba/latest/1040x760/77418.png,NBA CDN,candidate,manual_identity_research,,,,True,0
P002329,Jerry Lucas*,Jerry Lucas*,jerry-lucas-p002329,77418.0,https://cdn.nba.com/headshots/nba/latest/1040x760/77418.png,NBA CDN,candidate,manual_identity_research,,,,True,0
P002330,Jerry Paulson,Jerry Paulson,jerry-paulson,77816.0,https://cdn.nba.com/headshots/nba/latest/1040x760/77816.png,NBA CDN,candidate,manual_identity_research,,,,True,0
P002331,Jerry Reynolds,Jerry Reynolds,jerry-reynolds,77946.0,https://cdn.nba.com/headshots/nba/latest/1040x760/77946.png,NBA CDN,candidate,manual_identity_research,,,,True,0
P002332,Jerry Sichting,Jerry Sichting,jerry-sichting,78146.0,https://cdn.nba.com/headshots/nba/latest/1040x760/78146.png,NBA CDN,candidate,manual_identity_research,,,,True,0
P002333,Jerry Sloan,Jerry Sloan,jerry-sloan-p002333,78173.0,https://cdn.nba.com/headshots/nba/latest/1040x760/78173.png,NBA CDN,candidate,manual_identity_research,,,,True,0
P002334,Jerry Sloan*,Jerry Sloan*,jerry-sloan-p002334,78173.0,https://cdn.nba.com/headshots/nba/latest/1040x760/78173.png,NBA CDN,candidate,manual_identity_research,,,,True,0
P002335,Jerry Smith,Jerry Smith,jerry-smith,202536.0,https://cdn.nba.com/headshots/nba/latest/1040x760/202536.png,NBA CDN,candidate,manual_identity_research,,,,True,0
P002336,Jerry Stackhouse,Jerry Stackhouse,jerry-stackhouse,711.0,https://cdn.nba.com/headshots/nba/latest/1040x760/711.png,NBA CDN,candidate,manual_identity_research,,,,True,0
P002337,Jerry West,Jerry West,jerry-west-p002337,78497.0,https://cdn.nba.com/headshots/nba/latest/1040x760/78497.png,NBA CDN,candidate,manual_identity_research,,,,True,0
P002338,Jerry West*,Jerry West*,jerry-west-p002338,78497.0,https://cdn.nba.com/headshots/nba/latest/1040x760/78497.png,NBA CDN,candidate,manual_identity_research,,,,True,0
P002339,Jerryd Bayless,Jerryd Bayless,jerryd-bayless,201573.0,https://cdn.nba.com/headshots/nba/latest/1040x760/201573.png,NBA CDN,candidate,manual_identity_research,,,,True,0
P002340,Jeryl Sasser,Jeryl Sasser,jeryl-sasser,2219.0,https://cdn.nba.com/headshots/nba/latest/1040x760/2219.png,NBA CDN,candidate,manual_identity_research,,,,True,0
P002341,Jesse Arnelle,Jesse Arnelle,jesse-arnelle,76062.0,https://cdn.nba.com/headshots/nba/latest/1040x760/76062.png,NBA CDN,candidate,manual_identity_research,,,,True,0
P002342,Jesse Branson,Jesse Branson,jesse-branson,76240.0,https://cdn.nba.com/headshots/nba/latest/1040x760/76240.png,NBA CDN,candidate,manual_identity_research,,,,True,0
P002343,Jesse Dark,Jesse Dark,jesse-dark,76509.0,https://cdn.nba.com/headshots/nba/latest/1040x760/76509.png,NBA CDN,candidate,manual_identity_research,,,,True,0
P002344,Jesse Edwards,Jesse Edwards,jesse-edwards,1642399.0,https://cdn.nba.com/headshots/nba/latest/1040x760/1642399.png,NBA CDN,candidate,manual_identity_research,,,,True,0
P002345,Jett Howard,Jett Howard,jett-howard,1641724.0,https://cdn.nba.com/headshots/nba/latest/1040x760/1641724.png,NBA CDN,candidate,manual_identity_research,,,,True,0
P002346,Jevon Carter,Jevon Carter,jevon-carter,1628975.0,https://cdn.nba.com/headshots/nba/latest/1040x760/1628975.png,NBA CDN,candidate,manual_identity_research,,,,True,0
P002347,Jim Ard,Jim Ard,jim-ard,76055.0,https://cdn.nba.com/headshots/nba/latest/1040x760/76055.png,NBA CDN,candidate,manual_identity_research,,,,True,0
P002348,Jim Baechtold,Jim Baechtold,jim-baechtold,76081.0,https://cdn.nba.com/headshots/nba/latest/1040x760/76081.png,NBA CDN,candidate,manual_identity_research,,,,True,0
P002349,Jim Barnes,Jim Barnes,jim-barnes,76105.0,https://cdn.nba.com/headshots/nba/latest/1040x760/76105.png,NBA CDN,candidate,manual_identity_research,,,,True,0
P002350,Jim Barnett,Jim Barnett,jim-barnett,76106.0,https://cdn.nba.com/headshots/nba/latest/1040x760/76106.png,NBA CDN,candidate,manual_identity_research,,,,True,0
P002351,Jim Bostic,Jim Bostic,jim-bostic,76211.0,https://cdn.nba.com/headshots/nba/latest/1040x760/76211.png,NBA CDN,candidate,manual_identity_research,,,,True,0
P002352,Jim Brasco,Jim Brasco,jim-brasco,76241.0,https://cdn.nba.com/headshots/nba/latest/1040x760/76241.png,NBA CDN,candidate,manual_identity_research,,,,True,0
P002353,Jim Brewer,Jim Brewer,jim-brewer,76248.0,https://cdn.nba.com/headshots/nba/latest/1040x760/76248.png,NBA CDN,candidate,manual_identity_research,,,,True,0
P002354,Jim Brogan,Jim Brogan,jim-brogan,76262.0,https://cdn.nba.com/headshots/nba/latest/1040x760/76262.png,NBA CDN,candidate,manual_identity_research,,,,True,0
P002355,Jim Burns,Jim Burns,jim-burns,76309.0,https://cdn.nba.com/headshots/nba/latest/1040x760/76309.png,NBA CDN,candidate,manual_identity_research,,,,True,0
P002356,Jim Caldwell,Jim Caldwell,jim-caldwell,76328.0,https://cdn.nba.com/headshots/nba/latest/1040x760/76328.png,NBA CDN,candidate,manual_identity_research,,,,True,0
P002357,Jim Chones,Jim Chones,jim-chones,76392.0,https://cdn.nba.com/headshots/nba/latest/1040x760/76392.png,NBA CDN,candidate,manual_identity_research,,,,True,0
P002358,Jim Cleamons,Jim Cleamons,jim-cleamons,76402.0,https://cdn.nba.com/headshots/nba/latest/1040x760/76402.png,NBA CDN,candidate,manual_identity_research,,,,True,0
P002359,Jim Creighton,Jim Creighton,jim-creighton,76468.0,https://cdn.nba.com/headshots/nba/latest/1040x760/76468.png,NBA CDN,candidate,manual_identity_research,,,,True,0
P002360,Jim Davis,Jim Davis,jim-davis,76525.0,https://cdn.nba.com/headshots/nba/latest/1040x760/76525.png,NBA CDN,candidate,manual_identity_research,,,,True,0
P002361,Jim Eakins,Jim Eakins,jim-eakins,76628.0,https://cdn.nba.com/headshots/nba/latest/1040x760/76628.png,NBA CDN,candidate,manual_identity_research,,,,True,0
P002362,Jim Farmer,Jim Farmer,jim-farmer,76695.0,https://cdn.nba.com/headshots/nba/latest/1040x760/76695.png,NBA CDN,candidate,manual_identity_research,,,,True,0
P002363,Jim Fox,Jim Fox,jim-fox,76747.0,https://cdn.nba.com/headshots/nba/latest/1040x760/76747.png,NBA CDN,candidate,manual_identity_research,,,,True,0
P002364,Jim Fritsche,Jim Fritsche,jim-fritsche,76760.0,https://cdn.nba.com/headshots/nba/latest/1040x760/76760.png,NBA CDN,candidate,manual_identity_research,,,,True,0
P002365,Jim Garvin,Jim Garvin,jim-garvin,76793.0,https://cdn.nba.com/headshots/nba/latest/1040x760/76793.png,NBA CDN,candidate,manual_identity_research,,,,True,0
P002366,Jim Grandholm,Jim Grandholm,jim-grandholm,76844.0,https://cdn.nba.com/headshots/nba/latest/1040x760/76844.png,NBA CDN,candidate,manual_identity_research,,,,True,0
P002367,Jim Holstein,Jim Holstein,jim-holstein,77045.0,https://cdn.nba.com/headshots/nba/latest/1040x760/77045.png,NBA CDN,candidate,manual_identity_research,,,,True,0
P002368,Jim Jackson,Jim Jackson,jim-jackson,754.0,https://cdn.nba.com/headshots/nba/latest/1040x760/754.png,NBA CDN,candidate,manual_identity_research,,,,True,0
P002369,Jim Johnstone,Jim Johnstone,jim-johnstone,77171.0,https://cdn.nba.com/headshots/nba/latest/1040x760/77171.png,NBA CDN,candidate,manual_identity_research,,,,True,0
P002370,Jim King,Jim King,jim-king,77270.0,https://cdn.nba.com/headshots/nba/latest/1040x760/77270.png,NBA CDN,candidate,manual_identity_research,,,,True,0
P002371,Jim Krebs,Jim Krebs,jim-krebs,77311.0,https://cdn.nba.com/headshots/nba/latest/1040x760/77311.png,NBA CDN,candidate,manual_identity_research,,,,True,0
P002372,Jim Lampley,Jim Lampley,jim-lampley,77333.0,https://cdn.nba.com/headshots/nba/latest/1040x760/77333.png,NBA CDN,candidate,manual_identity_research,,,,True,0
P002373,Jim Les,Jim Les,jim-les,77372.0,https://cdn.nba.com/headshots/nba/latest/1040x760/77372.png,NBA CDN,candidate,manual_identity_research,,,,True,0
P002374,Jim Loscutoff,Jim Loscutoff,jim-loscutoff,77409.0,https://cdn.nba.com/headshots/nba/latest/1040x760/77409.png,NBA CDN,candidate,manual_identity_research,,,,True,0
P002375,Jim Luisi,Jim Luisi,jim-luisi,77422.0,https://cdn.nba.com/headshots/nba/latest/1040x760/77422.png,NBA CDN,candidate,manual_identity_research,,,,True,0
P002376,Jim Marsh,Jim Marsh,jim-marsh,77466.0,https://cdn.nba.com/headshots/nba/latest/1040x760/77466.png,NBA CDN,candidate,manual_identity_research,,,,True,0
P002377,Jim McDaniels,Jim McDaniels,jim-mcdaniels,77523.0,https://cdn.nba.com/headshots/nba/latest/1040x760/77523.png,NBA CDN,candidate,manual_identity_research,,,,True,0
P002378,Jim McElroy,Jim McElroy,jim-mcelroy,77528.0,https://cdn.nba.com/headshots/nba/latest/1040x760/77528.png,NBA CDN,candidate,manual_identity_research,,,,True,0
P002379,Jim McIlvaine,Jim McIlvaine,jim-mcilvaine,29.0,https://cdn.nba.com/headshots/nba/latest/1040x760/29.png,NBA CDN,candidate,manual_identity_research,,,,True,0
P002380,Jim McMillian,Jim McMillian,jim-mcmillian,77554.0,https://cdn.nba.com/headshots/nba/latest/1040x760/77554.png,NBA CDN,candidate,manual_identity_research,,,,True,0
P002381,Jim Mooney,Jim Mooney,jim-mooney,77631.0,https://cdn.nba.com/headshots/nba/latest/1040x760/77631.png,NBA CDN,candidate,manual_identity_research,,,,True,0
P002382,Jim Neal,Jim Neal,jim-neal,77695.0,https://cdn.nba.com/headshots/nba/latest/1040x760/77695.png,NBA CDN,candidate,manual_identity_research,,,,True,0
P002383,Jim Owens,Jim Owens,jim-owens,77784.0,https://cdn.nba.com/headshots/nba/latest/1040x760/77784.png,NBA CDN,candidate,manual_identity_research,,,,True,0
P002384,Jim Palmer,Jim Palmer,jim-palmer,77792.0,https://cdn.nba.com/headshots/nba/latest/1040x760/77792.png,NBA CDN,candidate,manual_identity_research,,,,True,0
P002385,Jim Paxson,Jim Paxson,jim-paxson,,,,manual_identity_review,manual_identity_research,,,,True,0
P002386,Jim Petersen,Jim Petersen,jim-petersen,77839.0,https://cdn.nba.com/headshots/nba/latest/1040x760/77839.png,NBA CDN,candidate,manual_identity_research,,,,True,0
P002387,Jim Phelan,Jim Phelan,jim-phelan,77849.0,https://cdn.nba.com/headshots/nba/latest/1040x760/77849.png,NBA CDN,candidate,manual_identity_research,,,,True,0
P002388,Jim Pollard,Jim Pollard,jim-pollard-p002388,77867.0,https://cdn.nba.com/headshots/nba/latest/1040x760/77867.png,NBA CDN,candidate,manual_identity_research,,,,True,0
P002389,Jim Pollard*,Jim Pollard*,jim-pollard-p002389,77867.0,https://cdn.nba.com/headshots/nba/latest/1040x760/77867.png,NBA CDN,candidate,manual_identity_research,,,,True,0
P002390,Jim Price,Jim Price,jim-price,77883.0,https://cdn.nba.com/headshots/nba/latest/1040x760/77883.png,NBA CDN,candidate,manual_identity_research,,,,True,0
P002391,Jim Ray,Jim Ray,jim-ray,77919.0,https://cdn.nba.com/headshots/nba/latest/1040x760/77919.png,NBA CDN,candidate,manual_identity_research,,,,True,0
P002392,Jim Reid,Jim Reid,jim-reid,77935.0,https://cdn.nba.com/headshots/nba/latest/1040x760/77935.png,NBA CDN,candidate,manual_identity_research,,,,True,0
P002393,Jim Rowinski,Jim Rowinski,jim-rowinski,78029.0,https://cdn.nba.com/headshots/nba/latest/1040x760/78029.png,NBA CDN,candidate,manual_identity_research,,,,True,0
P002394,Jim Slaughter,Jim Slaughter,jim-slaughter,78171.0,https://cdn.nba.com/headshots/nba/latest/1040x760/78171.png,NBA CDN,candidate,manual_identity_research,,,,True,0
P002395,Jim Smith,Jim Smith,jim-smith,78191.0,https://cdn.nba.com/headshots/nba/latest/1040x760/78191.png,NBA CDN,candidate,manual_identity_research,,,,True,0
P002396,Jim Spanarkel,Jim Spanarkel,jim-spanarkel,78222.0,https://cdn.nba.com/headshots/nba/latest/1040x760/78222.png,NBA CDN,candidate,manual_identity_research,,,,True,0
P002397,Jim Thomas,Jim Thomas,jim-thomas,78320.0,https://cdn.nba.com/headshots/nba/latest/1040x760/78320.png,NBA CDN,candidate,manual_identity_research,,,,True,0
P002398,Jim Tucker,Jim Tucker,jim-tucker,78374.0,https://cdn.nba.com/headshots/nba/latest/1040x760/78374.png,NBA CDN,candidate,manual_identity_research,,,,True,0
P002399,Jim Walsh,Jim Walsh,jim-walsh,78446.0,https://cdn.nba.com/headshots/nba/latest/1040x760/78446.png,NBA CDN,candidate,manual_identity_research,,,,True,0
P002400,Jim Ware,Jim Ware,jim-ware,78457.0,https://cdn.nba.com/headshots/nba/latest/1040x760/78457.png,NBA CDN,candidate,manual_identity_research,,,,True,0
P002401,Jim Washington,Jim Washington,jim-washington,78466.0,https://cdn.nba.com/headshots/nba/latest/1040x760/78466.png,NBA CDN,candidate,manual_identity_research,,,,True,0
P002402,Jim Zoet,Jim Zoet,jim-zoet,78647.0,https://cdn.nba.com/headshots/nba/latest/1040x760/78647.png,NBA CDN,candidate,manual_identity_research,,,,True,0
P002403,Jimmer Fredette,Jimmer Fredette,jimmer-fredette,202690.0,https://cdn.nba.com/headshots/nba/latest/1040x760/202690.png,NBA CDN,candidate,manual_identity_research,,,,True,0
P002404,Jimmy Butler,Jimmy Butler,jimmy-butler,202710.0,https://cdn.nba.com/headshots/nba/latest/1040x760/202710.png,NBA CDN,verified,none,200.0,image/avif,verified,True,0
P002405,Jimmy Carruth,Jimmy Carruth,jimmy-carruth,1131.0,https://cdn.nba.com/headshots/nba/latest/1040x760/1131.png,NBA CDN,candidate,manual_identity_research,,,,True,0
P002406,Jimmy Collins,Jimmy Collins,jimmy-collins,76419.0,https://cdn.nba.com/headshots/nba/latest/1040x760/76419.png,NBA CDN,candidate,manual_identity_research,,,,True,0
P002407,Jimmy Darrow,Jimmy Darrow,jimmy-darrow,76511.0,https://cdn.nba.com/headshots/nba/latest/1040x760/76511.png,NBA CDN,candidate,manual_identity_research,,,,True,0
P002408,Jimmy Jones,Jimmy Jones,jimmy-jones,77186.0,https://cdn.nba.com/headshots/nba/latest/1040x760/77186.png,NBA CDN,candidate,manual_identity_research,,,,True,0
P002409,Jimmy King,Jimmy King,jimmy-king,728.0,https://cdn.nba.com/headshots/nba/latest/1040x760/728.png,NBA CDN,candidate,manual_identity_research,,,,True,0
P002410,Jimmy Oliver,Jimmy Oliver,jimmy-oliver,1429.0,https://cdn.nba.com/headshots/nba/latest/1040x760/1429.png,NBA CDN,candidate,manual_identity_research,,,,True,0
P002411,Jimmy Walker,Jimmy Walker,jimmy-walker,78439.0,https://cdn.nba.com/headshots/nba/latest/1040x760/78439.png,NBA CDN,candidate,manual_identity_research,,,,True,0
P002412,Jiří Welsch,Jiří Welsch,ji-welsch,2412.0,https://cdn.nba.com/headshots/nba/latest/1040x760/2412.png,NBA CDN,candidate,manual_identity_research,,,,True,0
P002413,Jo Jo English,Jo Jo English,jo-jo-english,,,,manual_identity_review,manual_identity_research,,,,True,0
P002414,Jo Jo White,Jo Jo White,jo-jo-white-p002414,,,,manual_identity_review,manual_identity_research,,,,True,0
P002415,Jo Jo White*,Jo Jo White*,jo-jo-white-p002415,,,,manual_identity_review,manual_identity_research,,,,True,0
P002416,Joakim Noah,Joakim Noah,joakim-noah,201149.0,https://cdn.nba.com/headshots/nba/latest/1040x760/201149.png,NBA CDN,candidate,manual_identity_research,,,,True,0
P002417,Joan Beringer,Joan Beringer,joan-beringer,1642866.0,https://cdn.nba.com/headshots/nba/latest/1040x760/1642866.png,NBA CDN,candidate,manual_identity_research,,,,True,0
P002418,Joby Wright,Joby Wright,joby-wright,78622.0,https://cdn.nba.com/headshots/nba/latest/1040x760/78622.png,NBA CDN,candidate,manual_identity_research,,,,True,0
P002419,Jock Landale,Jock Landale,jock-landale,1629111.0,https://cdn.nba.com/headshots/nba/latest/1040x760/1629111.png,NBA CDN,candidate,manual_identity_research,,,,True,0
P002420,Jodie Meeks,Jodie Meeks,jodie-meeks,201975.0,https://cdn.nba.com/headshots/nba/latest/1040x760/201975.png,NBA CDN,candidate,manual_identity_research,,,,True,0
P002421,Joe Alexander,Joe Alexander,joe-alexander,201570.0,https://cdn.nba.com/headshots/nba/latest/1040x760/201570.png,NBA CDN,candidate,manual_identity_research,,,,True,0
P002422,Joe Arlauckas,Joe Arlauckas,joe-arlauckas,76057.0,https://cdn.nba.com/headshots/nba/latest/1040x760/76057.png,NBA CDN,candidate,manual_identity_research,,,,True,0
P002423,Joe Barry Carroll,Joe Barry Carroll,joe-barry-carroll,76353.0,https://cdn.nba.com/headshots/nba/latest/1040x760/76353.png,NBA CDN,candidate,manual_identity_research,,,,True,0
P002424,Joe Binion,Joe Binion,joe-binion,76167.0,https://cdn.nba.com/headshots/nba/latest/1040x760/76167.png,NBA CDN,candidate,manual_identity_research,,,,True,0
P002425,Joe Bryant,Joe Bryant,joe-bryant,76290.0,https://cdn.nba.com/headshots/nba/latest/1040x760/76290.png,NBA CDN,candidate,manual_identity_research,,,,True,0
P002426,Joe Buckhalter,Joe Buckhalter,joe-buckhalter,76293.0,https://cdn.nba.com/headshots/nba/latest/1040x760/76293.png,NBA CDN,candidate,manual_identity_research,,,,True,0
P002427,Joe Caldwell,Joe Caldwell,joe-caldwell,76329.0,https://cdn.nba.com/headshots/nba/latest/1040x760/76329.png,NBA CDN,candidate,manual_identity_research,,,,True,0
P002428,Joe Chealey,Joe Chealey,joe-chealey,1629147.0,https://cdn.nba.com/headshots/nba/latest/1040x760/1629147.png,NBA CDN,candidate,manual_identity_research,,,,True,0
P002429,Joe Cooke,Joe Cooke,joe-cooke,76440.0,https://cdn.nba.com/headshots/nba/latest/1040x760/76440.png,NBA CDN,candidate,manual_identity_research,,,,True,0
P002430,Joe Cooper,Joe Cooper,joe-cooper,76443.0,https://cdn.nba.com/headshots/nba/latest/1040x760/76443.png,NBA CDN,candidate,manual_identity_research,,,,True,0
P002431,Joe Courtney,Joe Courtney,joe-courtney,1432.0,https://cdn.nba.com/headshots/nba/latest/1040x760/1432.png,NBA CDN,candidate,manual_identity_research,,,,True,0
P002432,Joe Crawford,Joe Crawford,joe-crawford,201621.0,https://cdn.nba.com/headshots/nba/latest/1040x760/201621.png,NBA CDN,candidate,manual_identity_research,,,,True,0
P002433,Joe Crispin,Joe Crispin,joe-crispin,2343.0,https://cdn.nba.com/headshots/nba/latest/1040x760/2343.png,NBA CDN,candidate,manual_identity_research,,,,True,0
P002434,Joe Dumars,Joe Dumars,joe-dumars-p002434,247.0,https://cdn.nba.com/headshots/nba/latest/1040x760/247.png,NBA CDN,candidate,manual_identity_research,,,,True,0
P002435,Joe Dumars*,Joe Dumars*,joe-dumars-p002435,247.0,https://cdn.nba.com/headshots/nba/latest/1040x760/247.png,NBA CDN,candidate,manual_identity_research,,,,True,0
P002436,Joe Ellis,Joe Ellis,joe-ellis,76661.0,https://cdn.nba.com/headshots/nba/latest/1040x760/76661.png,NBA CDN,candidate,manual_identity_research,,,,True,0
P002437,Joe Fulks,Joe Fulks,joe-fulks-p002437,76764.0,https://cdn.nba.com/headshots/nba/latest/1040x760/76764.png,NBA CDN,candidate,manual_identity_research,,,,True,0
P002438,Joe Fulks*,Joe Fulks*,joe-fulks-p002438,76764.0,https://cdn.nba.com/headshots/nba/latest/1040x760/76764.png,NBA CDN,candidate,manual_identity_research,,,,True,0
P002439,Joe Graboski,Joe Graboski,joe-graboski,76838.0,https://cdn.nba.com/headshots/nba/latest/1040x760/76838.png,NBA CDN,candidate,manual_identity_research,,,,True,0
P002440,Joe Harris,Joe Harris,joe-harris,203925.0,https://cdn.nba.com/headshots/nba/latest/1040x760/203925.png,NBA CDN,candidate,manual_identity_research,,,,True,0
P002441,Joe Hassett,Joe Hassett,joe-hassett,,,,manual_identity_review,manual_identity_research,,,,True,0
P002442,Joe Holland,Joe Holland,joe-holland,77041.0,https://cdn.nba.com/headshots/nba/latest/1040x760/77041.png,NBA CDN,candidate,manual_identity_research,,,,True,0
P002443,Joe Holup,Joe Holup,joe-holup,77049.0,https://cdn.nba.com/headshots/nba/latest/1040x760/77049.png,NBA CDN,candidate,manual_identity_research,,,,True,0
P002444,Joe Hutton,Joe Hutton,joe-hutton,77090.0,https://cdn.nba.com/headshots/nba/latest/1040x760/77090.png,NBA CDN,candidate,manual_identity_research,,,,True,0
P002445,Joe Ingles,Joe Ingles,joe-ingles,204060.0,https://cdn.nba.com/headshots/nba/latest/1040x760/204060.png,NBA CDN,candidate,manual_identity_research,,,,True,0
P002446,Joe Johnson,Joe Johnson,joe-johnson,2207.0,https://cdn.nba.com/headshots/nba/latest/1040x760/2207.png,NBA CDN,candidate,manual_identity_research,,,,True,0
P002447,Joe Kennedy,Joe Kennedy,joe-kennedy,77244.0,https://cdn.nba.com/headshots/nba/latest/1040x760/77244.png,NBA CDN,candidate,manual_identity_research,,,,True,0
P002448,Joe Kleine,Joe Kleine,joe-kleine,170.0,https://cdn.nba.com/headshots/nba/latest/1040x760/170.png,NBA CDN,candidate,manual_identity_research,,,,True,0
P002449,Joe Kopicki,Joe Kopicki,joe-kopicki,77300.0,https://cdn.nba.com/headshots/nba/latest/1040x760/77300.png,NBA CDN,candidate,manual_identity_research,,,,True,0
P002450,Joe McNamee,Joe McNamee,joe-mcnamee,77559.0,https://cdn.nba.com/headshots/nba/latest/1040x760/77559.png,NBA CDN,candidate,manual_identity_research,,,,True,0
P002451,Joe Meriweather,Joe Meriweather,joe-meriweather,77582.0,https://cdn.nba.com/headshots/nba/latest/1040x760/77582.png,NBA CDN,candidate,manual_identity_research,,,,True,0
P002452,Joe Pace,Joe Pace,joe-pace,77788.0,https://cdn.nba.com/headshots/nba/latest/1040x760/77788.png,NBA CDN,candidate,manual_identity_research,,,,True,0
P002453,Joe Reaves,Joe Reaves,joe-reaves,77923.0,https://cdn.nba.com/headshots/nba/latest/1040x760/77923.png,NBA CDN,candidate,manual_identity_research,,,,True,0
P002454,Joe Roberts,Joe Roberts,joe-roberts,77977.0,https://cdn.nba.com/headshots/nba/latest/1040x760/77977.png,NBA CDN,candidate,manual_identity_research,,,,True,0
P002455,Joe Ruklick,Joe Ruklick,joe-ruklick,78040.0,https://cdn.nba.com/headshots/nba/latest/1040x760/78040.png,NBA CDN,candidate,manual_identity_research,,,,True,0
P002456,Joe Smith,Joe Smith,joe-smith,693.0,https://cdn.nba.com/headshots/nba/latest/1040x760/693.png,NBA CDN,candidate,manual_identity_research,,,,True,0
P002457,Joe Smyth,Joe Smyth,joe-smyth,78212.0,https://cdn.nba.com/headshots/nba/latest/1040x760/78212.png,NBA CDN,candidate,manual_identity_research,,,,True,0
P002458,Joe Stephens,Joe Stephens,joe-stephens,1086.0,https://cdn.nba.com/headshots/nba/latest/1040x760/1086.png,NBA CDN,candidate,manual_identity_research,,,,True,0
P002459,Joe Strawder,Joe Strawder,joe-strawder,78268.0,https://cdn.nba.com/headshots/nba/latest/1040x760/78268.png,NBA CDN,candidate,manual_identity_research,,,,True,0
P002460,Joe Thomas,Joe Thomas,joe-thomas,78321.0,https://cdn.nba.com/headshots/nba/latest/1040x760/78321.png,NBA CDN,candidate,manual_identity_research,,,,True,0
P002461,Joe Wieskamp,Joe Wieskamp,joe-wieskamp,1630580.0,https://cdn.nba.com/headshots/nba/latest/1040x760/1630580.png,NBA CDN,candidate,manual_identity_research,,,,True,0
P002462,Joe Wolf,Joe Wolf,joe-wolf,341.0,https://cdn.nba.com/headshots/nba/latest/1040x760/341.png,NBA CDN,candidate,manual_identity_research,,,,True,0
P002463,Joe Young,Joe Young,joe-young,1626202.0,https://cdn.nba.com/headshots/nba/latest/1040x760/1626202.png,NBA CDN,candidate,manual_identity_research,,,,True,0
P002464,Joel Anthony,Joel Anthony,joel-anthony,201202.0,https://cdn.nba.com/headshots/nba/latest/1040x760/201202.png,NBA CDN,candidate,manual_identity_research,,,,True,0
P002465,Joel Ayayi,Joel Ayayi,joel-ayayi,1630555.0,https://cdn.nba.com/headshots/nba/latest/1040x760/1630555.png,NBA CDN,candidate,manual_identity_research,,,,True,0
P002466,Joel Bolomboy,Joel Bolomboy,joel-bolomboy,1627762.0,https://cdn.nba.com/headshots/nba/latest/1040x760/1627762.png,NBA CDN,candidate,manual_identity_research,,,,True,0
P002467,Joel Embiid,Joel Embiid,joel-embiid,203954.0,https://cdn.nba.com/headshots/nba/latest/1040x760/203954.png,NBA CDN,candidate,manual_identity_research,,,,True,0
P002468,Joel Freeland,Joel Freeland,joel-freeland,200777.0,https://cdn.nba.com/headshots/nba/latest/1040x760/200777.png,NBA CDN,candidate,manual_identity_research,,,,True,0
P002469,Joel Kramer,Joel Kramer,joel-kramer,77308.0,https://cdn.nba.com/headshots/nba/latest/1040x760/77308.png,NBA CDN,candidate,manual_identity_research,,,,True,0
P002470,Joel Przybilla,Joel Przybilla,joel-przybilla,2038.0,https://cdn.nba.com/headshots/nba/latest/1040x760/2038.png,NBA CDN,candidate,manual_identity_research,,,,True,0
P002471,Joey Dorsey,Joey Dorsey,joey-dorsey,201595.0,https://cdn.nba.com/headshots/nba/latest/1040x760/201595.png,NBA CDN,candidate,manual_identity_research,,,,True,0
P002472,Joey Graham,Joey Graham,joey-graham,101121.0,https://cdn.nba.com/headshots/nba/latest/1040x760/101121.png,NBA CDN,candidate,manual_identity_research,,,,True,0
P002473,Joffrey Lauvergne,Joffrey Lauvergne,joffrey-lauvergne,203530.0,https://cdn.nba.com/headshots/nba/latest/1040x760/203530.png,NBA CDN,candidate,manual_identity_research,,,,True,0
P002474,Johan Petro,Johan Petro,johan-petro,101130.0,https://cdn.nba.com/headshots/nba/latest/1040x760/101130.png,NBA CDN,candidate,manual_identity_research,,,,True,0
P002475,John Amaechi,John Amaechi,john-amaechi,680.0,https://cdn.nba.com/headshots/nba/latest/1040x760/680.png,NBA CDN,candidate,manual_identity_research,,,,True,0
P002476,John Arthurs,John Arthurs,john-arthurs,76065.0,https://cdn.nba.com/headshots/nba/latest/1040x760/76065.png,NBA CDN,candidate,manual_identity_research,,,,True,0
P002477,John Bagley,John Bagley,john-bagley,76082.0,https://cdn.nba.com/headshots/nba/latest/1040x760/76082.png,NBA CDN,candidate,manual_identity_research,,,,True,0
P002478,John Barber,John Barber,john-barber,76096.0,https://cdn.nba.com/headshots/nba/latest/1040x760/76096.png,NBA CDN,candidate,manual_identity_research,,,,True,0
P002479,John Barnhill,John Barnhill,john-barnhill,76108.0,https://cdn.nba.com/headshots/nba/latest/1040x760/76108.png,NBA CDN,candidate,manual_identity_research,,,,True,0
P002480,John Battle,John Battle,john-battle,174.0,https://cdn.nba.com/headshots/nba/latest/1040x760/174.png,NBA CDN,candidate,manual_identity_research,,,,True,0
P002481,John Block,John Block,john-block,76187.0,https://cdn.nba.com/headshots/nba/latest/1040x760/76187.png,NBA CDN,candidate,manual_identity_research,,,,True,0
P002482,John Brisker,John Brisker,john-brisker,76256.0,https://cdn.nba.com/headshots/nba/latest/1040x760/76256.png,NBA CDN,candidate,manual_identity_research,,,,True,0
P002483,John Brown,John Brown,john-brown,76276.0,https://cdn.nba.com/headshots/nba/latest/1040x760/76276.png,NBA CDN,candidate,manual_identity_research,,,,True,0
P002484,John Butler,John Butler,john-butler,1631219.0,https://cdn.nba.com/headshots/nba/latest/1040x760/1631219.png,NBA CDN,verified,none,200.0,image/webp,verified,True,0
P002485,John Celestand,John Celestand,john-celestand,1911.0,https://cdn.nba.com/headshots/nba/latest/1040x760/1911.png,NBA CDN,candidate,manual_identity_research,,,,True,0
P002486,John Coker,John Coker,john-coker,715.0,https://cdn.nba.com/headshots/nba/latest/1040x760/715.png,NBA CDN,candidate,manual_identity_research,,,,True,0
P002487,John Collins,John Collins,john-collins,1628381.0,https://cdn.nba.com/headshots/nba/latest/1040x760/1628381.png,NBA CDN,candidate,manual_identity_research,,,,True,0
P002488,John Coughran,John Coughran,john-coughran,76457.0,https://cdn.nba.com/headshots/nba/latest/1040x760/76457.png,NBA CDN,candidate,manual_identity_research,,,,True,0
P002489,John Crotty,John Crotty,john-crotty,180.0,https://cdn.nba.com/headshots/nba/latest/1040x760/180.png,NBA CDN,candidate,manual_identity_research,,,,True,0
P002490,John Douglas,John Douglas,john-douglas,76589.0,https://cdn.nba.com/headshots/nba/latest/1040x760/76589.png,NBA CDN,candidate,manual_identity_research,,,,True,0
P002491,John Drew,John Drew,john-drew,76598.0,https://cdn.nba.com/headshots/nba/latest/1040x760/76598.png,NBA CDN,candidate,manual_identity_research,,,,True,0
P002492,John Duren,John Duren,john-duren,76619.0,https://cdn.nba.com/headshots/nba/latest/1040x760/76619.png,NBA CDN,candidate,manual_identity_research,,,,True,0
P002493,John Edwards,John Edwards,john-edwards,2823.0,https://cdn.nba.com/headshots/nba/latest/1040x760/2823.png,NBA CDN,candidate,manual_identity_research,,,,True,0
P002494,John Fairchild,John Fairchild,john-fairchild,76691.0,https://cdn.nba.com/headshots/nba/latest/1040x760/76691.png,NBA CDN,candidate,manual_identity_research,,,,True,0
P002495,John Garris,John Garris,john-garris,76791.0,https://cdn.nba.com/headshots/nba/latest/1040x760/76791.png,NBA CDN,candidate,manual_identity_research,,,,True,0
P002496,John Gianelli,John Gianelli,john-gianelli,76806.0,https://cdn.nba.com/headshots/nba/latest/1040x760/76806.png,NBA CDN,candidate,manual_identity_research,,,,True,0
P002497,John Greig,John Greig,john-greig,76885.0,https://cdn.nba.com/headshots/nba/latest/1040x760/76885.png,NBA CDN,candidate,manual_identity_research,,,,True,0
P002498,John Havlicek,John Havlicek,john-havlicek-p002498,76970.0,https://cdn.nba.com/headshots/nba/latest/1040x760/76970.png,NBA CDN,candidate,manual_identity_research,,,,True,0
P002499,John Havlicek*,John Havlicek*,john-havlicek-p002499,76970.0,https://cdn.nba.com/headshots/nba/latest/1040x760/76970.png,NBA CDN,candidate,manual_identity_research,,,,True,0
P002500,John Henson,John Henson,john-henson,203089.0,https://cdn.nba.com/headshots/nba/latest/1040x760/203089.png,NBA CDN,candidate,manual_identity_research,,,,True,0
P002501,John Holland,John Holland,john-holland,204066.0,https://cdn.nba.com/headshots/nba/latest/1040x760/204066.png,NBA CDN,candidate,manual_identity_research,,,,True,0
P002502,John Hummer,John Hummer,john-hummer,77080.0,https://cdn.nba.com/headshots/nba/latest/1040x760/77080.png,NBA CDN,candidate,manual_identity_research,,,,True,0
P002503,John Jenkins,John Jenkins,john-jenkins,203098.0,https://cdn.nba.com/headshots/nba/latest/1040x760/203098.png,NBA CDN,candidate,manual_identity_research,,,,True,0
P002504,John Johnson,John Johnson,john-johnson,77152.0,https://cdn.nba.com/headshots/nba/latest/1040x760/77152.png,NBA CDN,candidate,manual_identity_research,,,,True,0
P002505,John Konchar,John Konchar,john-konchar,1629723.0,https://cdn.nba.com/headshots/nba/latest/1040x760/1629723.png,NBA CDN,candidate,manual_identity_research,,,,True,0
P002506,John Kuester,John Kuester,john-kuester,77320.0,https://cdn.nba.com/headshots/nba/latest/1040x760/77320.png,NBA CDN,candidate,manual_identity_research,,,,True,0
P002507,John Lambert,John Lambert,john-lambert,77331.0,https://cdn.nba.com/headshots/nba/latest/1040x760/77331.png,NBA CDN,candidate,manual_identity_research,,,,True,0
P002508,John Laskowski,John Laskowski,john-laskowski,77341.0,https://cdn.nba.com/headshots/nba/latest/1040x760/77341.png,NBA CDN,candidate,manual_identity_research,,,,True,0
P002509,John Long,John Long,john-long,1381.0,https://cdn.nba.com/headshots/nba/latest/1040x760/1381.png,NBA CDN,candidate,manual_identity_research,,,,True,0
P002510,John Lucas,John Lucas,john-lucas,77419.0,https://cdn.nba.com/headshots/nba/latest/1040x760/77419.png,NBA CDN,candidate,manual_identity_research,,,,True,0
P002511,John Lucas III,John Lucas III,john-lucas-iii,101249.0,https://cdn.nba.com/headshots/nba/latest/1040x760/101249.png,NBA CDN,candidate,manual_identity_research,,,,True,0
P002512,John Mahnken,John Mahnken,john-mahnken,77443.0,https://cdn.nba.com/headshots/nba/latest/1040x760/77443.png,NBA CDN,candidate,manual_identity_research,,,,True,0
P002513,John McConathy,John McConathy,john-mcconathy,77513.0,https://cdn.nba.com/headshots/nba/latest/1040x760/77513.png,NBA CDN,candidate,manual_identity_research,,,,True,0
P002514,John McCullough,John McCullough,john-mccullough,77520.0,https://cdn.nba.com/headshots/nba/latest/1040x760/77520.png,NBA CDN,candidate,manual_identity_research,,,,True,0
P002515,John Mengelt,John Mengelt,john-mengelt,77580.0,https://cdn.nba.com/headshots/nba/latest/1040x760/77580.png,NBA CDN,candidate,manual_identity_research,,,,True,0
P002516,John Morton,John Morton,john-morton,1972.0,https://cdn.nba.com/headshots/nba/latest/1040x760/1972.png,NBA CDN,candidate,manual_identity_research,,,,True,0
P002517,John O'Boyle,John O'Boyle,john-o-boyle,77742.0,https://cdn.nba.com/headshots/nba/latest/1040x760/77742.png,NBA CDN,candidate,manual_identity_research,,,,True,0
P002518,John Olive,John Olive,john-olive,77760.0,https://cdn.nba.com/headshots/nba/latest/1040x760/77760.png,NBA CDN,candidate,manual_identity_research,,,,True,0
P002519,John Paxson,John Paxson,john-paxson,77820.0,https://cdn.nba.com/headshots/nba/latest/1040x760/77820.png,NBA CDN,candidate,manual_identity_research,,,,True,0
P002520,John Pilch,John Pilch,john-pilch,77859.0,https://cdn.nba.com/headshots/nba/latest/1040x760/77859.png,NBA CDN,candidate,manual_identity_research,,,,True,0
P002521,John Pinone,John Pinone,john-pinone,77861.0,https://cdn.nba.com/headshots/nba/latest/1040x760/77861.png,NBA CDN,candidate,manual_identity_research,,,,True,0
P002522,John Poulakidas,John Poulakidas,john-poulakidas,1642967.0,https://cdn.nba.com/headshots/nba/latest/1040x760/1642967.png,NBA CDN,candidate,manual_identity_research,,,,True,0
P002523,John Rennicke,John Rennicke,john-rennicke,77941.0,https://cdn.nba.com/headshots/nba/latest/1040x760/77941.png,NBA CDN,candidate,manual_identity_research,,,,True,0
P002524,John Richter,John Richter,john-richter,77954.0,https://cdn.nba.com/headshots/nba/latest/1040x760/77954.png,NBA CDN,candidate,manual_identity_research,,,,True,0
P002525,John Roche,John Roche,john-roche,78000.0,https://cdn.nba.com/headshots/nba/latest/1040x760/78000.png,NBA CDN,candidate,manual_identity_research,,,,True,0
P002526,John Rudd,John Rudd,john-rudd,78036.0,https://cdn.nba.com/headshots/nba/latest/1040x760/78036.png,NBA CDN,candidate,manual_identity_research,,,,True,0
P002527,John Rudometkin,John Rudometkin,john-rudometkin,78037.0,https://cdn.nba.com/headshots/nba/latest/1040x760/78037.png,NBA CDN,candidate,manual_identity_research,,,,True,0
P002528,John Salley,John Salley,john-salley,927.0,https://cdn.nba.com/headshots/nba/latest/1040x760/927.png,NBA CDN,candidate,manual_identity_research,,,,True,0
P002529,John Salmons,John Salmons,john-salmons,2422.0,https://cdn.nba.com/headshots/nba/latest/1040x760/2422.png,NBA CDN,candidate,manual_identity_research,,,,True,0
P002530,John Schweitz,John Schweitz,john-schweitz,78093.0,https://cdn.nba.com/headshots/nba/latest/1040x760/78093.png,NBA CDN,candidate,manual_identity_research,,,,True,0
P002531,John Shasky,John Shasky,john-shasky,1117.0,https://cdn.nba.com/headshots/nba/latest/1040x760/1117.png,NBA CDN,candidate,manual_identity_research,,,,True,0
P002532,John Shumate,John Shumate,john-shumate,78143.0,https://cdn.nba.com/headshots/nba/latest/1040x760/78143.png,NBA CDN,candidate,manual_identity_research,,,,True,0
P002533,John Starks,John Starks,john-starks,317.0,https://cdn.nba.com/headshots/nba/latest/1040x760/317.png,NBA CDN,candidate,manual_identity_research,,,,True,0
P002534,John Stockton,John Stockton,john-stockton-p002534,304.0,https://cdn.nba.com/headshots/nba/latest/1040x760/304.png,NBA CDN,candidate,manual_identity_research,,,,True,0
P002535,John Stockton*,John Stockton*,john-stockton-p002535,304.0,https://cdn.nba.com/headshots/nba/latest/1040x760/304.png,NBA CDN,candidate,manual_identity_research,,,,True,0
P002536,John Stroeder,John Stroeder,john-stroeder,78271.0,https://cdn.nba.com/headshots/nba/latest/1040x760/78271.png,NBA CDN,candidate,manual_identity_research,,,,True,0
P002537,John Stroud,John Stroud,john-stroud,78274.0,https://cdn.nba.com/headshots/nba/latest/1040x760/78274.png,NBA CDN,candidate,manual_identity_research,,,,True,0
P002538,John Thomas,John Thomas,john-thomas,1519.0,https://cdn.nba.com/headshots/nba/latest/1040x760/1519.png,NBA CDN,candidate,manual_identity_research,,,,True,0
P002539,John Thompson,John Thompson,john-thompson-p002539,78328.0,https://cdn.nba.com/headshots/nba/latest/1040x760/78328.png,NBA CDN,candidate,manual_identity_research,,,,True,0
P002540,John Thompson*,John Thompson*,john-thompson-p002540,78328.0,https://cdn.nba.com/headshots/nba/latest/1040x760/78328.png,NBA CDN,candidate,manual_identity_research,,,,True,0
P002541,John Tonje,John Tonje,john-tonje,1642910.0,https://cdn.nba.com/headshots/nba/latest/1040x760/1642910.png,NBA CDN,candidate,manual_identity_research,,,,True,0
P002542,John Trapp,John Trapp,john-trapp,78367.0,https://cdn.nba.com/headshots/nba/latest/1040x760/78367.png,NBA CDN,candidate,manual_identity_research,,,,True,0
P002543,John Tresvant,John Tresvant,john-tresvant,78651.0,https://cdn.nba.com/headshots/nba/latest/1040x760/78651.png,NBA CDN,candidate,manual_identity_research,,,,True,0
P002544,John Tschogl,John Tschogl,john-tschogl,78370.0,https://cdn.nba.com/headshots/nba/latest/1040x760/78370.png,NBA CDN,candidate,manual_identity_research,,,,True,0
P002545,John Turner,John Turner,john-turner,1819.0,https://cdn.nba.com/headshots/nba/latest/1040x760/1819.png,NBA CDN,candidate,manual_identity_research,,,,True,0
P002546,John Vallely,John Vallely,john-vallely,78397.0,https://cdn.nba.com/headshots/nba/latest/1040x760/78397.png,NBA CDN,candidate,manual_identity_research,,,,True,0
P002547,John Wall,John Wall,john-wall,202322.0,https://cdn.nba.com/headshots/nba/latest/1040x760/202322.png,NBA CDN,candidate,manual_identity_research,,,,True,0
P002548,John Wallace,John Wallace,john-wallace,961.0,https://cdn.nba.com/headshots/nba/latest/1040x760/961.png,NBA CDN,candidate,manual_identity_research,,,,True,0
P002549,John Warren,John Warren,john-warren,,,,manual_identity_review,manual_identity_research,,,,True,0
P002550,John Wetzel,John Wetzel,john-wetzel,78501.0,https://cdn.nba.com/headshots/nba/latest/1040x760/78501.png,NBA CDN,candidate,manual_identity_research,,,,True,0
P002551,John Williams,John Williams,john-williams,78554.0,https://cdn.nba.com/headshots/nba/latest/1040x760/78554.png,NBA CDN,candidate,manual_identity_research,,,,True,0
P002552,John Williamson,John Williamson,john-williamson,78575.0,https://cdn.nba.com/headshots/nba/latest/1040x760/78575.png,NBA CDN,candidate,manual_identity_research,,,,True,0
P002553,John Windsor,John Windsor,john-windsor,78591.0,https://cdn.nba.com/headshots/nba/latest/1040x760/78591.png,NBA CDN,candidate,manual_identity_research,,,,True,0
P002554,Johnathan Motley,Johnathan Motley,johnathan-motley,1628405.0,https://cdn.nba.com/headshots/nba/latest/1040x760/1628405.png,NBA CDN,candidate,manual_identity_research,,,,True,0
P002555,Johnathan Williams,Johnathan Williams,johnathan-williams,1629140.0,https://cdn.nba.com/headshots/nba/latest/1040x760/1629140.png,NBA CDN,candidate,manual_identity_research,,,,True,0
P002556,Johni Broome,Johni Broome,johni-broome,1641780.0,https://cdn.nba.com/headshots/nba/latest/1040x760/1641780.png,NBA CDN,candidate,manual_identity_research,,,,True,0
P002557,Johnny Austin,Johnny Austin,johnny-austin,,,,manual_identity_review,manual_identity_research,,,,True,0
P002558,Johnny Baum,Johnny Baum,johnny-baum,76125.0,https://cdn.nba.com/headshots/nba/latest/1040x760/76125.png,NBA CDN,candidate,manual_identity_research,,,,True,0
P002559,Johnny Cox,Johnny Cox,johnny-cox,76464.0,https://cdn.nba.com/headshots/nba/latest/1040x760/76464.png,NBA CDN,candidate,manual_identity_research,,,,True,0
P002560,Johnny Davis,Johnny Davis,johnny-davis,,,,manual_identity_review,manual_identity_research,,,,True,0
P002561,Johnny Dawkins,Johnny Dawkins,johnny-dawkins,1008.0,https://cdn.nba.com/headshots/nba/latest/1040x760/1008.png,NBA CDN,candidate,manual_identity_research,,,,True,0
P002562,Johnny Egan,Johnny Egan,johnny-egan,76647.0,https://cdn.nba.com/headshots/nba/latest/1040x760/76647.png,NBA CDN,candidate,manual_identity_research,,,,True,0
P002563,Johnny Furphy,Johnny Furphy,johnny-furphy,1642277.0,https://cdn.nba.com/headshots/nba/latest/1040x760/1642277.png,NBA CDN,candidate,manual_identity_research,,,,True,0
P002564,Johnny Green,Johnny Green,johnny-green,76867.0,https://cdn.nba.com/headshots/nba/latest/1040x760/76867.png,NBA CDN,candidate,manual_identity_research,,,,True,0
P002565,Johnny High,Johnny High,johnny-high,77022.0,https://cdn.nba.com/headshots/nba/latest/1040x760/77022.png,NBA CDN,candidate,manual_identity_research,,,,True,0
P002566,Johnny Horan,Johnny Horan,johnny-horan,77055.0,https://cdn.nba.com/headshots/nba/latest/1040x760/77055.png,NBA CDN,candidate,manual_identity_research,,,,True,0
P002567,Johnny Jones,Johnny Jones,johnny-jones,77187.0,https://cdn.nba.com/headshots/nba/latest/1040x760/77187.png,NBA CDN,candidate,manual_identity_research,,,,True,0
P002568,Johnny Juzang,Johnny Juzang,johnny-juzang,1630548.0,https://cdn.nba.com/headshots/nba/latest/1040x760/1630548.png,NBA CDN,candidate,manual_identity_research,,,,True,0
P002569,Johnny McCarthy,Johnny McCarthy,johnny-mccarthy,77506.0,https://cdn.nba.com/headshots/nba/latest/1040x760/77506.png,NBA CDN,candidate,manual_identity_research,,,,True,0
P002570,Johnny Moore,Johnny Moore,johnny-moore,77633.0,https://cdn.nba.com/headshots/nba/latest/1040x760/77633.png,NBA CDN,candidate,manual_identity_research,,,,True,0
P002571,Johnny Neumann,Johnny Neumann,johnny-neumann,77705.0,https://cdn.nba.com/headshots/nba/latest/1040x760/77705.png,NBA CDN,candidate,manual_identity_research,,,,True,0
P002572,Johnny Newman,Johnny Newman,johnny-newman,271.0,https://cdn.nba.com/headshots/nba/latest/1040x760/271.png,NBA CDN,candidate,manual_identity_research,,,,True,0
P002573,Johnny O'Bryant,Johnny O'Bryant,johnny-o-bryant,203948.0,https://cdn.nba.com/headshots/nba/latest/1040x760/203948.png,NBA CDN,verified,none,200.0,image/webp,verified,True,0
P002574,Johnny Payak,Johnny Payak,johnny-payak,77821.0,https://cdn.nba.com/headshots/nba/latest/1040x760/77821.png,NBA CDN,candidate,manual_identity_research,,,,True,0
P002575,Johnny Rogers,Johnny Rogers,johnny-rogers,78007.0,https://cdn.nba.com/headshots/nba/latest/1040x760/78007.png,NBA CDN,candidate,manual_identity_research,,,,True,0
P002576,Johnny Taylor,Johnny Taylor,johnny-taylor,1511.0,https://cdn.nba.com/headshots/nba/latest/1040x760/1511.png,NBA CDN,candidate,manual_identity_research,,,,True,0
P002577,Jon Barry,Jon Barry,jon-barry,468.0,https://cdn.nba.com/headshots/nba/latest/1040x760/468.png,NBA CDN,candidate,manual_identity_research,,,,True,0
P002578,Jon Brockman,Jon Brockman,jon-brockman,201972.0,https://cdn.nba.com/headshots/nba/latest/1040x760/201972.png,NBA CDN,candidate,manual_identity_research,,,,True,0
P002579,Jon Koncak,Jon Koncak,jon-koncak,402.0,https://cdn.nba.com/headshots/nba/latest/1040x760/402.png,NBA CDN,candidate,manual_identity_research,,,,True,0
P002580,Jon Leuer,Jon Leuer,jon-leuer,202720.0,https://cdn.nba.com/headshots/nba/latest/1040x760/202720.png,NBA CDN,candidate,manual_identity_research,,,,True,0
P002581,Jon McGlocklin,Jon McGlocklin,jon-mcglocklin,77533.0,https://cdn.nba.com/headshots/nba/latest/1040x760/77533.png,NBA CDN,candidate,manual_identity_research,,,,True,0
P002582,Jon Sundvold,Jon Sundvold,jon-sundvold,78279.0,https://cdn.nba.com/headshots/nba/latest/1040x760/78279.png,NBA CDN,candidate,manual_identity_research,,,,True,0
P002583,Jon Teske,Jon Teske,jon-teske,1630257.0,https://cdn.nba.com/headshots/nba/latest/1040x760/1630257.png,NBA CDN,candidate,manual_identity_research,,,,True,0
P002584,Jonah Bolden,Jonah Bolden,jonah-bolden,1628413.0,https://cdn.nba.com/headshots/nba/latest/1040x760/1628413.png,NBA CDN,candidate,manual_identity_research,,,,True,0
P002585,Jonas Jerebko,Jonas Jerebko,jonas-jerebko,201973.0,https://cdn.nba.com/headshots/nba/latest/1040x760/201973.png,NBA CDN,candidate,manual_identity_research,,,,True,0
P002586,Jonas Valančiūnas,Jonas Valančiūnas,jonas-valan-i-nas,202685.0,https://cdn.nba.com/headshots/nba/latest/1040x760/202685.png,NBA CDN,candidate,manual_identity_research,,,,True,0
P002587,Jonathan Bender,Jonathan Bender,jonathan-bender,1886.0,https://cdn.nba.com/headshots/nba/latest/1040x760/1886.png,NBA CDN,candidate,manual_identity_research,,,,True,0
P002588,Jonathan Gibson,Jonathan Gibson,jonathan-gibson,1626780.0,https://cdn.nba.com/headshots/nba/latest/1040x760/1626780.png,NBA CDN,candidate,manual_identity_research,,,,True,0
P002589,Jonathan Isaac,Jonathan Isaac,jonathan-isaac,1628371.0,https://cdn.nba.com/headshots/nba/latest/1040x760/1628371.png,NBA CDN,candidate,manual_identity_research,,,,True,0
P002590,Jonathan Kerner,Jonathan Kerner,jonathan-kerner,1801.0,https://cdn.nba.com/headshots/nba/latest/1040x760/1801.png,NBA CDN,candidate,manual_identity_research,,,,True,0
P002591,Jonathan Kuminga,Jonathan Kuminga,jonathan-kuminga,1630228.0,https://cdn.nba.com/headshots/nba/latest/1040x760/1630228.png,NBA CDN,candidate,manual_identity_research,,,,True,0
P002592,Jonathan Mogbo,Jonathan Mogbo,jonathan-mogbo,1642367.0,https://cdn.nba.com/headshots/nba/latest/1040x760/1642367.png,NBA CDN,candidate,manual_identity_research,,,,True,0
P002593,Jonathon Simmons,Jonathon Simmons,jonathon-simmons,203613.0,https://cdn.nba.com/headshots/nba/latest/1040x760/203613.png,NBA CDN,candidate,manual_identity_research,,,,True,0
P002594,Jonny Flynn,Jonny Flynn,jonny-flynn,201938.0,https://cdn.nba.com/headshots/nba/latest/1040x760/201938.png,NBA CDN,candidate,manual_identity_research,,,,True,0
P002595,Jontay Porter,Jontay Porter,jontay-porter,1629007.0,https://cdn.nba.com/headshots/nba/latest/1040x760/1629007.png,NBA CDN,candidate,manual_identity_research,,,,True,0
P002596,Jordan Adams,Jordan Adams,jordan-adams,203919.0,https://cdn.nba.com/headshots/nba/latest/1040x760/203919.png,NBA CDN,candidate,manual_identity_research,,,,True,0
P002597,Jordan Bell,Jordan Bell,jordan-bell,1628395.0,https://cdn.nba.com/headshots/nba/latest/1040x760/1628395.png,NBA CDN,candidate,manual_identity_research,,,,True,0
P002598,Jordan Bone,Jordan Bone,jordan-bone,1629648.0,https://cdn.nba.com/headshots/nba/latest/1040x760/1629648.png,NBA CDN,candidate,manual_identity_research,,,,True,0
P002599,Jordan Clarkson,Jordan Clarkson,jordan-clarkson,203903.0,https://cdn.nba.com/headshots/nba/latest/1040x760/203903.png,NBA CDN,candidate,manual_identity_research,,,,True,0
P002600,Jordan Crawford,Jordan Crawford,jordan-crawford,202348.0,https://cdn.nba.com/headshots/nba/latest/1040x760/202348.png,NBA CDN,candidate,manual_identity_research,,,,True,0
P002601,Jordan Farmar,Jordan Farmar,jordan-farmar,200770.0,https://cdn.nba.com/headshots/nba/latest/1040x760/200770.png,NBA CDN,candidate,manual_identity_research,,,,True,0
P002602,Jordan Ford,Jordan Ford,jordan-ford,1630259.0,https://cdn.nba.com/headshots/nba/latest/1040x760/1630259.png,NBA CDN,candidate,manual_identity_research,,,,True,0
P002603,Jordan Goodwin,Jordan Goodwin,jordan-goodwin,1630692.0,https://cdn.nba.com/headshots/nba/latest/1040x760/1630692.png,NBA CDN,candidate,manual_identity_research,,,,True,0
P002604,Jordan Hall,Jordan Hall,jordan-hall,1631160.0,https://cdn.nba.com/headshots/nba/latest/1040x760/1631160.png,NBA CDN,candidate,manual_identity_research,,,,True,0
P002605,Jordan Hamilton,Jordan Hamilton,jordan-hamilton,202706.0,https://cdn.nba.com/headshots/nba/latest/1040x760/202706.png,NBA CDN,candidate,manual_identity_research,,,,True,0
P002606,Jordan Hawkins,Jordan Hawkins,jordan-hawkins,1641722.0,https://cdn.nba.com/headshots/nba/latest/1040x760/1641722.png,NBA CDN,candidate,manual_identity_research,,,,True,0
P002607,Jordan Hill,Jordan Hill,jordan-hill,201941.0,https://cdn.nba.com/headshots/nba/latest/1040x760/201941.png,NBA CDN,candidate,manual_identity_research,,,,True,0
P002608,Jordan Loyd,Jordan Loyd,jordan-loyd,1628070.0,https://cdn.nba.com/headshots/nba/latest/1040x760/1628070.png,NBA CDN,candidate,manual_identity_research,,,,True,0
P002609,Jordan McLaughlin,Jordan McLaughlin,jordan-mclaughlin,1629162.0,https://cdn.nba.com/headshots/nba/latest/1040x760/1629162.png,NBA CDN,candidate,manual_identity_research,,,,True,0
P002610,Jordan McRae,Jordan McRae,jordan-mcrae,203895.0,https://cdn.nba.com/headshots/nba/latest/1040x760/203895.png,NBA CDN,candidate,manual_identity_research,,,,True,0
P002611,Jordan Mickey,Jordan Mickey,jordan-mickey,1626175.0,https://cdn.nba.com/headshots/nba/latest/1040x760/1626175.png,NBA CDN,candidate,manual_identity_research,,,,True,0
P002612,Jordan Miller,Jordan Miller,jordan-miller,1641757.0,https://cdn.nba.com/headshots/nba/latest/1040x760/1641757.png,NBA CDN,candidate,manual_identity_research,,,,True,0
P002613,Jordan Nwora,Jordan Nwora,jordan-nwora,1629670.0,https://cdn.nba.com/headshots/nba/latest/1040x760/1629670.png,NBA CDN,candidate,manual_identity_research,,,,True,0
P002614,Jordan Poole,Jordan Poole,jordan-poole,1629673.0,https://cdn.nba.com/headshots/nba/latest/1040x760/1629673.png,NBA CDN,candidate,manual_identity_research,,,,True,0
P002615,Jordan Schakel,Jordan Schakel,jordan-schakel,1630648.0,https://cdn.nba.com/headshots/nba/latest/1040x760/1630648.png,NBA CDN,candidate,manual_identity_research,,,,True,0
P002616,Jordan Sibert,Jordan Sibert,jordan-sibert,1626296.0,https://cdn.nba.com/headshots/nba/latest/1040x760/1626296.png,NBA CDN,candidate,manual_identity_research,,,,True,0
P002617,Jordan Walsh,Jordan Walsh,jordan-walsh,1641775.0,https://cdn.nba.com/headshots/nba/latest/1040x760/1641775.png,NBA CDN,candidate,manual_identity_research,,,,True,0
P002618,Jordan Williams,Jordan Williams,jordan-williams,202716.0,https://cdn.nba.com/headshots/nba/latest/1040x760/202716.png,NBA CDN,candidate,manual_identity_research,,,,True,0
P002619,Jorge Garbajosa,Jorge Garbajosa,jorge-garbajosa,200816.0,https://cdn.nba.com/headshots/nba/latest/1040x760/200816.png,NBA CDN,candidate,manual_identity_research,,,,True,0
P002620,Jorge Gutiérrez,Jorge Gutiérrez,jorge-guti-rrez,203268.0,https://cdn.nba.com/headshots/nba/latest/1040x760/203268.png,NBA CDN,candidate,manual_identity_research,,,,True,0
P002621,Jose Alvarado,Jose Alvarado,jose-alvarado,1630631.0,https://cdn.nba.com/headshots/nba/latest/1040x760/1630631.png,NBA CDN,candidate,manual_identity_research,,,,True,0
P002622,Jose Slaughter,Jose Slaughter,jose-slaughter,78172.0,https://cdn.nba.com/headshots/nba/latest/1040x760/78172.png,NBA CDN,candidate,manual_identity_research,,,,True,0
P002623,Joseph Forte,Joseph Forte,joseph-forte,2218.0,https://cdn.nba.com/headshots/nba/latest/1040x760/2218.png,NBA CDN,candidate,manual_identity_research,,,,True,0
P002624,Josh Akognon,Josh Akognon,josh-akognon,203006.0,https://cdn.nba.com/headshots/nba/latest/1040x760/203006.png,NBA CDN,candidate,manual_identity_research,,,,True,0
P002625,Josh Boone,Josh Boone,josh-boone,200767.0,https://cdn.nba.com/headshots/nba/latest/1040x760/200767.png,NBA CDN,candidate,manual_identity_research,,,,True,0
P002626,Josh Childress,Josh Childress,josh-childress,2735.0,https://cdn.nba.com/headshots/nba/latest/1040x760/2735.png,NBA CDN,candidate,manual_identity_research,,,,True,0
P002627,Josh Christopher,Josh Christopher,josh-christopher,1630528.0,https://cdn.nba.com/headshots/nba/latest/1040x760/1630528.png,NBA CDN,candidate,manual_identity_research,,,,True,0
P002628,Josh Davis,Josh Davis,josh-davis,2668.0,https://cdn.nba.com/headshots/nba/latest/1040x760/2668.png,NBA CDN,candidate,manual_identity_research,,,,True,0
P002629,Josh Giddey,Josh Giddey,josh-giddey,1630581.0,https://cdn.nba.com/headshots/nba/latest/1040x760/1630581.png,NBA CDN,candidate,manual_identity_research,,,,True,0
P002630,Josh Grant,Josh Grant,josh-grant,76852.0,https://cdn.nba.com/headshots/nba/latest/1040x760/76852.png,NBA CDN,candidate,manual_identity_research,,,,True,0
P002631,Josh Gray,Josh Gray,josh-gray,1627982.0,https://cdn.nba.com/headshots/nba/latest/1040x760/1627982.png,NBA CDN,candidate,manual_identity_research,,,,True,0
P002632,Josh Green,Josh Green,josh-green,1630182.0,https://cdn.nba.com/headshots/nba/latest/1040x760/1630182.png,NBA CDN,candidate,manual_identity_research,,,,True,0
P002633,Josh Hall,Josh Hall,josh-hall,1630221.0,https://cdn.nba.com/headshots/nba/latest/1040x760/1630221.png,NBA CDN,candidate,manual_identity_research,,,,True,0
P002634,Josh Harrellson,Josh Harrellson,josh-harrellson,202725.0,https://cdn.nba.com/headshots/nba/latest/1040x760/202725.png,NBA CDN,candidate,manual_identity_research,,,,True,0
P002635,Josh Hart,Josh Hart,josh-hart,1628404.0,https://cdn.nba.com/headshots/nba/latest/1040x760/1628404.png,NBA CDN,candidate,manual_identity_research,,,,True,0
P002636,Josh Howard,Josh Howard,josh-howard,2572.0,https://cdn.nba.com/headshots/nba/latest/1040x760/2572.png,NBA CDN,candidate,manual_identity_research,,,,True,0
P002637,Josh Huestis,Josh Huestis,josh-huestis,203962.0,https://cdn.nba.com/headshots/nba/latest/1040x760/203962.png,NBA CDN,candidate,manual_identity_research,,,,True,0
P002638,Josh Jackson,Josh Jackson,josh-jackson,1628367.0,https://cdn.nba.com/headshots/nba/latest/1040x760/1628367.png,NBA CDN,candidate,manual_identity_research,,,,True,0
P002639,Josh Magette,Josh Magette,josh-magette,203705.0,https://cdn.nba.com/headshots/nba/latest/1040x760/203705.png,NBA CDN,candidate,manual_identity_research,,,,True,0
P002640,Josh McRoberts,Josh McRoberts,josh-mcroberts,201177.0,https://cdn.nba.com/headshots/nba/latest/1040x760/201177.png,NBA CDN,candidate,manual_identity_research,,,,True,0
P002641,Josh Minott,Josh Minott,josh-minott,1631169.0,https://cdn.nba.com/headshots/nba/latest/1040x760/1631169.png,NBA CDN,candidate,manual_identity_research,,,,True,0
P002642,Josh Oduro,Josh Oduro,josh-oduro,1642490.0,https://cdn.nba.com/headshots/nba/latest/1040x760/1642490.png,NBA CDN,candidate,manual_identity_research,,,,True,0
P002643,Josh Okogie,Josh Okogie,josh-okogie,1629006.0,https://cdn.nba.com/headshots/nba/latest/1040x760/1629006.png,NBA CDN,candidate,manual_identity_research,,,,True,0
P002644,Josh Powell,Josh Powell,josh-powell,2694.0,https://cdn.nba.com/headshots/nba/latest/1040x760/2694.png,NBA CDN,candidate,manual_identity_research,,,,True,0
P002645,Josh Reaves,Josh Reaves,josh-reaves,1629729.0,https://cdn.nba.com/headshots/nba/latest/1040x760/1629729.png,NBA CDN,candidate,manual_identity_research,,,,True,0
P002646,Josh Richardson,Josh Richardson,josh-richardson,1626196.0,https://cdn.nba.com/headshots/nba/latest/1040x760/1626196.png,NBA CDN,candidate,manual_identity_research,,,,True,0
P002647,Josh Selby,Josh Selby,josh-selby,202729.0,https://cdn.nba.com/headshots/nba/latest/1040x760/202729.png,NBA CDN,candidate,manual_identity_research,,,,True,0
P002648,Josh Smith,Josh Smith,josh-smith,2746.0,https://cdn.nba.com/headshots/nba/latest/1040x760/2746.png,NBA CDN,candidate,manual_identity_research,,,,True,0
P002649,Joshua Primo,Joshua Primo,joshua-primo,1630563.0,https://cdn.nba.com/headshots/nba/latest/1040x760/1630563.png,NBA CDN,candidate,manual_identity_research,,,,True,0
P002650,José Calderón,José Calderón,jos-calder-n,101181.0,https://cdn.nba.com/headshots/nba/latest/1040x760/101181.png,NBA CDN,candidate,manual_identity_research,,,,True,0
P002651,José Ortiz,José Ortiz,jos-ortiz,77771.0,https://cdn.nba.com/headshots/nba/latest/1040x760/77771.png,NBA CDN,candidate,manual_identity_research,,,,True,0
P002652,João Vianna,João Vianna,jo-o-vianna,78416.0,https://cdn.nba.com/headshots/nba/latest/1040x760/78416.png,NBA CDN,candidate,manual_identity_research,,,,True,0
P002653,Jrue Holiday,Jrue Holiday,jrue-holiday,201950.0,https://cdn.nba.com/headshots/nba/latest/1040x760/201950.png,NBA CDN,candidate,manual_identity_research,,,,True,0
P002654,Juan Carlos Navarro,Juan Carlos Navarro,juan-carlos-navarro,2434.0,https://cdn.nba.com/headshots/nba/latest/1040x760/2434.png,NBA CDN,candidate,manual_identity_research,,,,True,0
P002655,Juan Dixon,Juan Dixon,juan-dixon,2413.0,https://cdn.nba.com/headshots/nba/latest/1040x760/2413.png,NBA CDN,candidate,manual_identity_research,,,,True,0
P002656,Juan Toscano-Anderson,Juan Toscano-Anderson,juan-toscano-anderson,1629308.0,https://cdn.nba.com/headshots/nba/latest/1040x760/1629308.png,NBA CDN,candidate,manual_identity_research,,,,True,0
P002657,Juancho Hernangómez,Juancho Hernangómez,juancho-hernang-mez,1627823.0,https://cdn.nba.com/headshots/nba/latest/1040x760/1627823.png,NBA CDN,candidate,manual_identity_research,,,,True,0
P002658,Juaquin Hawkins,Juaquin Hawkins,juaquin-hawkins,1038.0,https://cdn.nba.com/headshots/nba/latest/1040x760/1038.png,NBA CDN,candidate,manual_identity_research,,,,True,0
P002659,Jud Buechler,Jud Buechler,jud-buechler,146.0,https://cdn.nba.com/headshots/nba/latest/1040x760/146.png,NBA CDN,candidate,manual_identity_research,,,,True,0
P002660,Jules Bernard,Jules Bernard,jules-bernard,1631262.0,https://cdn.nba.com/headshots/nba/latest/1040x760/1631262.png,NBA CDN,candidate,manual_identity_research,,,,True,0
P002661,Julian Champagnie,Julian Champagnie,julian-champagnie,1630577.0,https://cdn.nba.com/headshots/nba/latest/1040x760/1630577.png,NBA CDN,candidate,manual_identity_research,,,,True,0
P002662,Julian Phillips,Julian Phillips,julian-phillips,1641763.0,https://cdn.nba.com/headshots/nba/latest/1040x760/1641763.png,NBA CDN,candidate,manual_identity_research,,,,True,0
P002663,Julian Reese,Julian Reese,julian-reese,1642882.0,https://cdn.nba.com/headshots/nba/latest/1040x760/1642882.png,NBA CDN,candidate,manual_identity_research,,,,True,0
P002664,Julian Strawther,Julian Strawther,julian-strawther,1631124.0,https://cdn.nba.com/headshots/nba/latest/1040x760/1631124.png,NBA CDN,candidate,manual_identity_research,,,,True,0
P002665,Julian Washburn,Julian Washburn,julian-washburn,1627395.0,https://cdn.nba.com/headshots/nba/latest/1040x760/1627395.png,NBA CDN,candidate,manual_identity_research,,,,True,0
P002666,Julian Wright,Julian Wright,julian-wright,201153.0,https://cdn.nba.com/headshots/nba/latest/1040x760/201153.png,NBA CDN,candidate,manual_identity_research,,,,True,0
P002667,Julius Erving,Julius Erving,julius-erving-p002667,76681.0,https://cdn.nba.com/headshots/nba/latest/1040x760/76681.png,NBA CDN,candidate,manual_identity_research,,,,True,0
P002668,Julius Erving*,Julius Erving*,julius-erving-p002668,76681.0,https://cdn.nba.com/headshots/nba/latest/1040x760/76681.png,NBA CDN,candidate,manual_identity_research,,,,True,0
P002669,Julius Hodge,Julius Hodge,julius-hodge,101125.0,https://cdn.nba.com/headshots/nba/latest/1040x760/101125.png,NBA CDN,candidate,manual_identity_research,,,,True,0
P002670,Julius Nwosu,Julius Nwosu,julius-nwosu,1022.0,https://cdn.nba.com/headshots/nba/latest/1040x760/1022.png,NBA CDN,candidate,manual_identity_research,,,,True,0
P002671,Julius Randle,Julius Randle,julius-randle,203944.0,https://cdn.nba.com/headshots/nba/latest/1040x760/203944.png,NBA CDN,candidate,manual_identity_research,,,,True,0
P002672,Julyan Stone,Julyan Stone,julyan-stone,202933.0,https://cdn.nba.com/headshots/nba/latest/1040x760/202933.png,NBA CDN,candidate,manual_identity_research,,,,True,0
P002673,Jumaine Jones,Jumaine Jones,jumaine-jones,1908.0,https://cdn.nba.com/headshots/nba/latest/1040x760/1908.png,NBA CDN,candidate,manual_identity_research,,,,True,0
P002674,Junior Bridgeman,Junior Bridgeman,junior-bridgeman,76252.0,https://cdn.nba.com/headshots/nba/latest/1040x760/76252.png,NBA CDN,candidate,manual_identity_research,,,,True,0
P002675,Junior Burrough,Junior Burrough,junior-burrough,675.0,https://cdn.nba.com/headshots/nba/latest/1040x760/675.png,NBA CDN,candidate,manual_identity_research,,,,True,0
P002676,Junior Harrington,Junior Harrington,junior-harrington,2454.0,https://cdn.nba.com/headshots/nba/latest/1040x760/2454.png,NBA CDN,candidate,manual_identity_research,,,,True,0
P002677,Justin Anderson,Justin Anderson,justin-anderson,1626147.0,https://cdn.nba.com/headshots/nba/latest/1040x760/1626147.png,NBA CDN,candidate,manual_identity_research,,,,True,0
P002678,Justin Champagnie,Justin Champagnie,justin-champagnie,1630551.0,https://cdn.nba.com/headshots/nba/latest/1040x760/1630551.png,NBA CDN,candidate,manual_identity_research,,,,True,0
P002679,Justin Dentmon,Justin Dentmon,justin-dentmon,202458.0,https://cdn.nba.com/headshots/nba/latest/1040x760/202458.png,NBA CDN,candidate,manual_identity_research,,,,True,0
P002680,Justin Edwards,Justin Edwards,justin-edwards,1642348.0,https://cdn.nba.com/headshots/nba/latest/1040x760/1642348.png,NBA CDN,candidate,manual_identity_research,,,,True,0
P002681,Justin Hamilton,Justin Hamilton,justin-hamilton,203120.0,https://cdn.nba.com/headshots/nba/latest/1040x760/203120.png,NBA CDN,candidate,manual_identity_research,,,,True,0
P002682,Justin Harper,Justin Harper,justin-harper,202712.0,https://cdn.nba.com/headshots/nba/latest/1040x760/202712.png,NBA CDN,candidate,manual_identity_research,,,,True,0
P002683,Justin Holiday,Justin Holiday,justin-holiday,203200.0,https://cdn.nba.com/headshots/nba/latest/1040x760/203200.png,NBA CDN,candidate,manual_identity_research,,,,True,0
P002684,Justin Jackson,Justin Jackson,justin-jackson,1628382.0,https://cdn.nba.com/headshots/nba/latest/1040x760/1628382.png,NBA CDN,candidate,manual_identity_research,,,,True,0
P002685,Justin James,Justin James,justin-james,1629713.0,https://cdn.nba.com/headshots/nba/latest/1040x760/1629713.png,NBA CDN,candidate,manual_identity_research,,,,True,0
P002686,Justin Minaya,Justin Minaya,justin-minaya,1631303.0,https://cdn.nba.com/headshots/nba/latest/1040x760/1631303.png,NBA CDN,candidate,manual_identity_research,,,,True,0
P002687,Justin Patton,Justin Patton,justin-patton,1628383.0,https://cdn.nba.com/headshots/nba/latest/1040x760/1628383.png,NBA CDN,candidate,manual_identity_research,,,,True,0
P002688,Justin Reed,Justin Reed,justin-reed,2770.0,https://cdn.nba.com/headshots/nba/latest/1040x760/2770.png,NBA CDN,candidate,manual_identity_research,,,,True,0
P002689,Justin Robinson,Justin Robinson,justin-robinson,1629620.0,https://cdn.nba.com/headshots/nba/latest/1040x760/1629620.png,NBA CDN,candidate,manual_identity_research,,,,True,0
P002690,Justin Williams,Justin Williams,justin-williams,200818.0,https://cdn.nba.com/headshots/nba/latest/1040x760/200818.png,NBA CDN,candidate,manual_identity_research,,,,True,0
P002691,Justin Wright-Foreman,Justin Wright-Foreman,justin-wright-foreman,1629625.0,https://cdn.nba.com/headshots/nba/latest/1040x760/1629625.png,NBA CDN,candidate,manual_identity_research,,,,True,0
P002692,Justise Winslow,Justise Winslow,justise-winslow,1626159.0,https://cdn.nba.com/headshots/nba/latest/1040x760/1626159.png,NBA CDN,candidate,manual_identity_research,,,,True,0
P002693,Justus Thigpen,Justus Thigpen,justus-thigpen,78313.0,https://cdn.nba.com/headshots/nba/latest/1040x760/78313.png,NBA CDN,candidate,manual_identity_research,,,,True,0
P002694,Jusuf Nurkić,Jusuf Nurkić,jusuf-nurki,203994.0,https://cdn.nba.com/headshots/nba/latest/1040x760/203994.png,NBA CDN,candidate,manual_identity_research,,,,True,0
P002695,Juwan Howard,Juwan Howard,juwan-howard,436.0,https://cdn.nba.com/headshots/nba/latest/1040x760/436.png,NBA CDN,candidate,manual_identity_research,,,,True,0
P002696,Juwan Morgan,Juwan Morgan,juwan-morgan,1629752.0,https://cdn.nba.com/headshots/nba/latest/1040x760/1629752.png,NBA CDN,candidate,manual_identity_research,,,,True,0
P002697,Jérôme Moïso,Jérôme Moïso,j-r-me-mo-so,2040.0,https://cdn.nba.com/headshots/nba/latest/1040x760/2040.png,NBA CDN,candidate,manual_identity_research,,,,True,0
P002698,K.C. Jones,K.C. Jones,k-c-jones-p002698,77188.0,https://cdn.nba.com/headshots/nba/latest/1040x760/77188.png,NBA CDN,candidate,manual_identity_research,,,,True,0
P002699,K.C. Jones*,K.C. Jones*,k-c-jones-p002699,77188.0,https://cdn.nba.com/headshots/nba/latest/1040x760/77188.png,NBA CDN,candidate,manual_identity_research,,,,True,0
P002700,K.J. McDaniels,K.J. McDaniels,k-j-mcdaniels,203909.0,https://cdn.nba.com/headshots/nba/latest/1040x760/203909.png,NBA CDN,verified,none,200.0,image/webp,verified,True,0
P002701,KJ Martin,KJ Martin,kj-martin,1630231.0,https://cdn.nba.com/headshots/nba/latest/1040x760/1630231.png,NBA CDN,candidate,manual_identity_research,,,,True,0
P002702,KJ Simpson,KJ Simpson,kj-simpson,1642354.0,https://cdn.nba.com/headshots/nba/latest/1040x760/1642354.png,NBA CDN,candidate,manual_identity_research,,,,True,0
P002703,KZ Okpala,KZ Okpala,kz-okpala,1629644.0,https://cdn.nba.com/headshots/nba/latest/1040x760/1629644.png,NBA CDN,candidate,manual_identity_research,,,,True,0
P002704,Kadary Richmond,Kadary Richmond,kadary-richmond,1642955.0,https://cdn.nba.com/headshots/nba/latest/1040x760/1642955.png,NBA CDN,candidate,manual_identity_research,,,,True,0
P002705,Kadeem Allen,Kadeem Allen,kadeem-allen,1628443.0,https://cdn.nba.com/headshots/nba/latest/1040x760/1628443.png,NBA CDN,candidate,manual_identity_research,,,,True,0
P002706,Kai Jones,Kai Jones,kai-jones,1630539.0,https://cdn.nba.com/headshots/nba/latest/1040x760/1630539.png,NBA CDN,candidate,manual_identity_research,,,,True,0
P002707,Kaiser Gates,Kaiser Gates,kaiser-gates,1629232.0,https://cdn.nba.com/headshots/nba/latest/1040x760/1629232.png,NBA CDN,candidate,manual_identity_research,,,,True,0
P002708,Kalin Lucas,Kalin Lucas,kalin-lucas,203564.0,https://cdn.nba.com/headshots/nba/latest/1040x760/203564.png,NBA CDN,candidate,manual_identity_research,,,,True,0
P002709,Kam Jones,Kam Jones,kam-jones,1642880.0,https://cdn.nba.com/headshots/nba/latest/1040x760/1642880.png,NBA CDN,candidate,manual_identity_research,,,,True,0
P002710,Kaniel Dickens,Kaniel Dickens,kaniel-dickens,2079.0,https://cdn.nba.com/headshots/nba/latest/1040x760/2079.png,NBA CDN,candidate,manual_identity_research,,,,True,0
P002711,Kannard Johnson,Kannard Johnson,kannard-johnson,77153.0,https://cdn.nba.com/headshots/nba/latest/1040x760/77153.png,NBA CDN,candidate,manual_identity_research,,,,True,0
P002712,Kareem Abdul-Jabbar,Kareem Abdul-Jabbar,kareem-abdul-jabbar-p002712,76003.0,https://cdn.nba.com/headshots/nba/latest/1040x760/76003.png,NBA CDN,candidate,manual_identity_research,,,,True,0
P002713,Kareem Abdul-Jabbar*,Kareem Abdul-Jabbar*,kareem-abdul-jabbar-p002713,76003.0,https://cdn.nba.com/headshots/nba/latest/1040x760/76003.png,NBA CDN,candidate,manual_identity_research,,,,True,0
P002714,Kareem Rush,Kareem Rush,kareem-rush,2416.0,https://cdn.nba.com/headshots/nba/latest/1040x760/2416.png,NBA CDN,candidate,manual_identity_research,,,,True,0
P002715,Karim Mané,Karim Mané,karim-man,1630211.0,https://cdn.nba.com/headshots/nba/latest/1040x760/1630211.png,NBA CDN,candidate,manual_identity_research,,,,True,0
P002716,Karl Malone,Karl Malone,karl-malone-p002716,252.0,https://cdn.nba.com/headshots/nba/latest/1040x760/252.png,NBA CDN,candidate,manual_identity_research,,,,True,0
P002717,Karl Malone*,Karl Malone*,karl-malone-p002717,252.0,https://cdn.nba.com/headshots/nba/latest/1040x760/252.png,NBA CDN,candidate,manual_identity_research,,,,True,0
P002718,Karl-Anthony Towns,Karl-Anthony Towns,karl-anthony-towns,1626157.0,https://cdn.nba.com/headshots/nba/latest/1040x760/1626157.png,NBA CDN,candidate,manual_identity_research,,,,True,0
P002719,Karlo Matković,Karlo Matković,karlo-matkovi,1631255.0,https://cdn.nba.com/headshots/nba/latest/1040x760/1631255.png,NBA CDN,candidate,manual_identity_research,,,,True,0
P002720,Kasib Powell,Kasib Powell,kasib-powell,2867.0,https://cdn.nba.com/headshots/nba/latest/1040x760/2867.png,NBA CDN,candidate,manual_identity_research,,,,True,0
P002721,Kasparas Jakučionis,Kasparas Jakučionis,kasparas-jaku-ionis,1642857.0,https://cdn.nba.com/headshots/nba/latest/1040x760/1642857.png,NBA CDN,candidate,manual_identity_research,,,,True,0
P002722,Kawhi Leonard,Kawhi Leonard,kawhi-leonard,202695.0,https://cdn.nba.com/headshots/nba/latest/1040x760/202695.png,NBA CDN,candidate,manual_identity_research,,,,True,0
P002723,Kay Felder,Kay Felder,kay-felder,1627770.0,https://cdn.nba.com/headshots/nba/latest/1040x760/1627770.png,NBA CDN,candidate,manual_identity_research,,,,True,0
P002724,Keaton Wallace,Keaton Wallace,keaton-wallace,1630811.0,https://cdn.nba.com/headshots/nba/latest/1040x760/1630811.png,NBA CDN,candidate,manual_identity_research,,,,True,0
P002725,Kebu Stewart,Kebu Stewart,kebu-stewart,1529.0,https://cdn.nba.com/headshots/nba/latest/1040x760/1529.png,NBA CDN,candidate,manual_identity_research,,,,True,0
P002726,Kedrick Brown,Kedrick Brown,kedrick-brown,2208.0,https://cdn.nba.com/headshots/nba/latest/1040x760/2208.png,NBA CDN,candidate,manual_identity_research,,,,True,0
P002727,Keegan Murray,Keegan Murray,keegan-murray,1631099.0,https://cdn.nba.com/headshots/nba/latest/1040x760/1631099.png,NBA CDN,candidate,manual_identity_research,,,,True,0
P002728,Keifer Sykes,Keifer Sykes,keifer-sykes,1626208.0,https://cdn.nba.com/headshots/nba/latest/1040x760/1626208.png,NBA CDN,candidate,manual_identity_research,,,,True,0
P002729,Keion Brooks Jr.,Keion Brooks Jr.,keion-brooks-jr,1631232.0,https://cdn.nba.com/headshots/nba/latest/1040x760/1631232.png,NBA CDN,candidate,manual_identity_research,,,,True,0
P002730,Keita Bates-Diop,Keita Bates-Diop,keita-bates-diop,1628966.0,https://cdn.nba.com/headshots/nba/latest/1040x760/1628966.png,NBA CDN,candidate,manual_identity_research,,,,True,0
P002731,Keith Appling,Keith Appling,keith-appling,203951.0,https://cdn.nba.com/headshots/nba/latest/1040x760/203951.png,NBA CDN,candidate,manual_identity_research,,,,True,0
P002732,Keith Askins,Keith Askins,keith-askins,173.0,https://cdn.nba.com/headshots/nba/latest/1040x760/173.png,NBA CDN,candidate,manual_identity_research,,,,True,0
P002733,Keith Benson,Keith Benson,keith-benson,202728.0,https://cdn.nba.com/headshots/nba/latest/1040x760/202728.png,NBA CDN,candidate,manual_identity_research,,,,True,0
P002734,Keith Bogans,Keith Bogans,keith-bogans,2586.0,https://cdn.nba.com/headshots/nba/latest/1040x760/2586.png,NBA CDN,candidate,manual_identity_research,,,,True,0
P002735,Keith Booth,Keith Booth,keith-booth,1522.0,https://cdn.nba.com/headshots/nba/latest/1040x760/1522.png,NBA CDN,candidate,manual_identity_research,,,,True,0
P002736,Keith Closs,Keith Closs,keith-closs,1569.0,https://cdn.nba.com/headshots/nba/latest/1040x760/1569.png,NBA CDN,candidate,manual_identity_research,,,,True,0
P002737,Keith Edmonson,Keith Edmonson,keith-edmonson,76638.0,https://cdn.nba.com/headshots/nba/latest/1040x760/76638.png,NBA CDN,candidate,manual_identity_research,,,,True,0
P002738,Keith Erickson,Keith Erickson,keith-erickson,76680.0,https://cdn.nba.com/headshots/nba/latest/1040x760/76680.png,NBA CDN,candidate,manual_identity_research,,,,True,0
P002739,Keith Herron,Keith Herron,keith-herron,77010.0,https://cdn.nba.com/headshots/nba/latest/1040x760/77010.png,NBA CDN,candidate,manual_identity_research,,,,True,0
P002740,Keith Jennings,Keith Jennings,keith-jennings,24.0,https://cdn.nba.com/headshots/nba/latest/1040x760/24.png,NBA CDN,candidate,manual_identity_research,,,,True,0
P002741,Keith Langford,Keith Langford,keith-langford,101247.0,https://cdn.nba.com/headshots/nba/latest/1040x760/101247.png,NBA CDN,candidate,manual_identity_research,,,,True,0
P002742,Keith Lee,Keith Lee,keith-lee,77361.0,https://cdn.nba.com/headshots/nba/latest/1040x760/77361.png,NBA CDN,candidate,manual_identity_research,,,,True,0
P002743,Keith McCord,Keith McCord,keith-mccord,77515.0,https://cdn.nba.com/headshots/nba/latest/1040x760/77515.png,NBA CDN,candidate,manual_identity_research,,,,True,0
P002744,Keith McLeod,Keith McLeod,keith-mcleod,2693.0,https://cdn.nba.com/headshots/nba/latest/1040x760/2693.png,NBA CDN,candidate,manual_identity_research,,,,True,0
P002745,Keith Owens,Keith Owens,keith-owens,77785.0,https://cdn.nba.com/headshots/nba/latest/1040x760/77785.png,NBA CDN,candidate,manual_identity_research,,,,True,0
P002746,Keith Smart,Keith Smart,keith-smart,78175.0,https://cdn.nba.com/headshots/nba/latest/1040x760/78175.png,NBA CDN,candidate,manual_identity_research,,,,True,0
P002747,Keith Smith,Keith Smith,keith-smith,78192.0,https://cdn.nba.com/headshots/nba/latest/1040x760/78192.png,NBA CDN,candidate,manual_identity_research,,,,True,0
P002748,Keith Starr,Keith Starr,keith-starr,78243.0,https://cdn.nba.com/headshots/nba/latest/1040x760/78243.png,NBA CDN,candidate,manual_identity_research,,,,True,0
P002749,Keith Tower,Keith Tower,keith-tower,700.0,https://cdn.nba.com/headshots/nba/latest/1040x760/700.png,NBA CDN,candidate,manual_identity_research,,,,True,0
P002750,Keith Van Horn,Keith Van Horn,keith-van-horn,1496.0,https://cdn.nba.com/headshots/nba/latest/1040x760/1496.png,NBA CDN,candidate,manual_identity_research,,,,True,0
P002751,Kel'el Ware,Kel'el Ware,kel-el-ware,1642276.0,https://cdn.nba.com/headshots/nba/latest/1040x760/1642276.png,NBA CDN,candidate,manual_identity_research,,,,True,0
P002752,Kelan Martin,Kelan Martin,kelan-martin,1629103.0,https://cdn.nba.com/headshots/nba/latest/1040x760/1629103.png,NBA CDN,candidate,manual_identity_research,,,,True,0
P002753,Keldon Johnson,Keldon Johnson,keldon-johnson,1629640.0,https://cdn.nba.com/headshots/nba/latest/1040x760/1629640.png,NBA CDN,candidate,manual_identity_research,,,,True,0
P002754,Kelenna Azubuike,Kelenna Azubuike,kelenna-azubuike,101235.0,https://cdn.nba.com/headshots/nba/latest/1040x760/101235.png,NBA CDN,candidate,manual_identity_research,,,,True,0
P002755,Keljin Blevins,Keljin Blevins,keljin-blevins,1629833.0,https://cdn.nba.com/headshots/nba/latest/1040x760/1629833.png,NBA CDN,candidate,manual_identity_research,,,,True,0
P002756,Kelly McCarty,Kelly McCarty,kelly-mccarty,1820.0,https://cdn.nba.com/headshots/nba/latest/1040x760/1820.png,NBA CDN,candidate,manual_identity_research,,,,True,0
P002757,Kelly Olynyk,Kelly Olynyk,kelly-olynyk,203482.0,https://cdn.nba.com/headshots/nba/latest/1040x760/203482.png,NBA CDN,candidate,manual_identity_research,,,,True,0
P002758,Kelly Oubre Jr.,Kelly Oubre Jr.,kelly-oubre-jr,1626162.0,https://cdn.nba.com/headshots/nba/latest/1040x760/1626162.png,NBA CDN,candidate,manual_identity_research,,,,True,0
P002759,Kelly Tripucka,Kelly Tripucka,kelly-tripucka,78369.0,https://cdn.nba.com/headshots/nba/latest/1040x760/78369.png,NBA CDN,candidate,manual_identity_research,,,,True,0
P002760,Kelvin Cato,Kelvin Cato,kelvin-cato,1509.0,https://cdn.nba.com/headshots/nba/latest/1040x760/1509.png,NBA CDN,candidate,manual_identity_research,,,,True,0
P002761,Kelvin Ransey,Kelvin Ransey,kelvin-ransey,77911.0,https://cdn.nba.com/headshots/nba/latest/1040x760/77911.png,NBA CDN,candidate,manual_identity_research,,,,True,0
P002762,Kelvin Upshaw,Kelvin Upshaw,kelvin-upshaw,78394.0,https://cdn.nba.com/headshots/nba/latest/1040x760/78394.png,NBA CDN,candidate,manual_identity_research,,,,True,0
P002763,Kemba Walker,Kemba Walker,kemba-walker,202689.0,https://cdn.nba.com/headshots/nba/latest/1040x760/202689.png,NBA CDN,candidate,manual_identity_research,,,,True,0
P002764,Ken Austin,Ken Austin,ken-austin,76074.0,https://cdn.nba.com/headshots/nba/latest/1040x760/76074.png,NBA CDN,candidate,manual_identity_research,,,,True,0
P002765,Ken Bannister,Ken Bannister,ken-bannister,76094.0,https://cdn.nba.com/headshots/nba/latest/1040x760/76094.png,NBA CDN,candidate,manual_identity_research,,,,True,0
P002766,Ken Boyd,Ken Boyd,ken-boyd,76223.0,https://cdn.nba.com/headshots/nba/latest/1040x760/76223.png,NBA CDN,candidate,manual_identity_research,,,,True,0
P002767,Ken Charles,Ken Charles,ken-charles,76383.0,https://cdn.nba.com/headshots/nba/latest/1040x760/76383.png,NBA CDN,candidate,manual_identity_research,,,,True,0
P002768,Ken Durrett,Ken Durrett,ken-durrett,76622.0,https://cdn.nba.com/headshots/nba/latest/1040x760/76622.png,NBA CDN,candidate,manual_identity_research,,,,True,0
P002769,Ken Green,Ken Green,ken-green,76868.0,https://cdn.nba.com/headshots/nba/latest/1040x760/76868.png,NBA CDN,candidate,manual_identity_research,,,,True,0
P002770,Ken Johnson,Ken Johnson,ken-johnson,,,,manual_identity_review,manual_identity_research,,,,True,0
P002771,Ken Mayfield,Ken Mayfield,ken-mayfield,77494.0,https://cdn.nba.com/headshots/nba/latest/1040x760/77494.png,NBA CDN,candidate,manual_identity_research,,,,True,0
P002772,Ken McBride,Ken McBride,ken-mcbride,77499.0,https://cdn.nba.com/headshots/nba/latest/1040x760/77499.png,NBA CDN,candidate,manual_identity_research,,,,True,0
P002773,Ken Murray,Ken Murray,ken-murray,77675.0,https://cdn.nba.com/headshots/nba/latest/1040x760/77675.png,NBA CDN,candidate,manual_identity_research,,,,True,0
P002774,Ken Norman,Ken Norman,ken-norman,80.0,https://cdn.nba.com/headshots/nba/latest/1040x760/80.png,NBA CDN,candidate,manual_identity_research,,,,True,0
P002775,Ken Rohloff,Ken Rohloff,ken-rohloff,78011.0,https://cdn.nba.com/headshots/nba/latest/1040x760/78011.png,NBA CDN,candidate,manual_identity_research,,,,True,0
P002776,Ken Wilburn,Ken Wilburn,ken-wilburn,78524.0,https://cdn.nba.com/headshots/nba/latest/1040x760/78524.png,NBA CDN,candidate,manual_identity_research,,,,True,0
P002777,Kendall Brown,Kendall Brown,kendall-brown,1631112.0,https://cdn.nba.com/headshots/nba/latest/1040x760/1631112.png,NBA CDN,candidate,manual_identity_research,,,,True,0
P002778,Kendall Gill,Kendall Gill,kendall-gill,383.0,https://cdn.nba.com/headshots/nba/latest/1040x760/383.png,NBA CDN,candidate,manual_identity_research,,,,True,0
P002779,Kendall Marshall,Kendall Marshall,kendall-marshall,203088.0,https://cdn.nba.com/headshots/nba/latest/1040x760/203088.png,NBA CDN,candidate,manual_identity_research,,,,True,0
P002780,Kendrick Nunn,Kendrick Nunn,kendrick-nunn,1629134.0,https://cdn.nba.com/headshots/nba/latest/1040x760/1629134.png,NBA CDN,candidate,manual_identity_research,,,,True,0
P002781,Kendrick Perkins,Kendrick Perkins,kendrick-perkins,2570.0,https://cdn.nba.com/headshots/nba/latest/1040x760/2570.png,NBA CDN,candidate,manual_identity_research,,,,True,0
P002782,Kennard Winchester,Kennard Winchester,kennard-winchester,78589.0,https://cdn.nba.com/headshots/nba/latest/1040x760/78589.png,NBA CDN,candidate,manual_identity_research,,,,True,0
P002783,Kennedy Chandler,Kennedy Chandler,kennedy-chandler,1631113.0,https://cdn.nba.com/headshots/nba/latest/1040x760/1631113.png,NBA CDN,candidate,manual_identity_research,,,,True,0
P002784,Kenneth Faried,Kenneth Faried,kenneth-faried,202702.0,https://cdn.nba.com/headshots/nba/latest/1040x760/202702.png,NBA CDN,candidate,manual_identity_research,,,,True,0
P002785,Kenneth Lofton Jr.,Kenneth Lofton Jr.,kenneth-lofton-jr,1631254.0,https://cdn.nba.com/headshots/nba/latest/1040x760/1631254.png,NBA CDN,candidate,manual_identity_research,,,,True,0
P002786,Kenny Anderson,Kenny Anderson,kenny-anderson,72.0,https://cdn.nba.com/headshots/nba/latest/1040x760/72.png,NBA CDN,candidate,manual_identity_research,,,,True,0
P002787,Kenny Battle,Kenny Battle,kenny-battle,76123.0,https://cdn.nba.com/headshots/nba/latest/1040x760/76123.png,NBA CDN,candidate,manual_identity_research,,,,True,0
P002788,Kenny Carr,Kenny Carr,kenny-carr,76350.0,https://cdn.nba.com/headshots/nba/latest/1040x760/76350.png,NBA CDN,candidate,manual_identity_research,,,,True,0
P002789,Kenny Dennard,Kenny Dennard,kenny-dennard,76556.0,https://cdn.nba.com/headshots/nba/latest/1040x760/76556.png,NBA CDN,candidate,manual_identity_research,,,,True,0
P002790,Kenny Fields,Kenny Fields,kenny-fields,76713.0,https://cdn.nba.com/headshots/nba/latest/1040x760/76713.png,NBA CDN,candidate,manual_identity_research,,,,True,0
P002791,Kenny Gattison,Kenny Gattison,kenny-gattison,930.0,https://cdn.nba.com/headshots/nba/latest/1040x760/930.png,NBA CDN,candidate,manual_identity_research,,,,True,0
P002792,Kenny Green,Kenny Green,kenny-green,76869.0,https://cdn.nba.com/headshots/nba/latest/1040x760/76869.png,NBA CDN,candidate,manual_identity_research,,,,True,0
P002793,Kenny Higgs,Kenny Higgs,kenny-higgs,77021.0,https://cdn.nba.com/headshots/nba/latest/1040x760/77021.png,NBA CDN,candidate,manual_identity_research,,,,True,0
P002794,Kenny McIntosh,Kenny McIntosh,kenny-mcintosh,77540.0,https://cdn.nba.com/headshots/nba/latest/1040x760/77540.png,NBA CDN,candidate,manual_identity_research,,,,True,0
P002795,Kenny Natt,Kenny Natt,kenny-natt,77692.0,https://cdn.nba.com/headshots/nba/latest/1040x760/77692.png,NBA CDN,candidate,manual_identity_research,,,,True,0
P002796,Kenny Payne,Kenny Payne,kenny-payne,77822.0,https://cdn.nba.com/headshots/nba/latest/1040x760/77822.png,NBA CDN,candidate,manual_identity_research,,,,True,0
P002797,Kenny Rollins,Kenny Rollins,kenny-rollins,78012.0,https://cdn.nba.com/headshots/nba/latest/1040x760/78012.png,NBA CDN,candidate,manual_identity_research,,,,True,0
P002798,Kenny Satterfield,Kenny Satterfield,kenny-satterfield,2261.0,https://cdn.nba.com/headshots/nba/latest/1040x760/2261.png,NBA CDN,candidate,manual_identity_research,,,,True,0
P002799,Kenny Sears,Kenny Sears,kenny-sears,,,,manual_identity_review,manual_identity_research,,,,True,0
P002800,Kenny Smith,Kenny Smith,kenny-smith,181.0,https://cdn.nba.com/headshots/nba/latest/1040x760/181.png,NBA CDN,candidate,manual_identity_research,,,,True,0
P002801,Kenny Thomas,Kenny Thomas,kenny-thomas,1903.0,https://cdn.nba.com/headshots/nba/latest/1040x760/1903.png,NBA CDN,candidate,manual_identity_research,,,,True,0
P002802,Kenny Walker,Kenny Walker,kenny-walker,78440.0,https://cdn.nba.com/headshots/nba/latest/1040x760/78440.png,NBA CDN,candidate,manual_identity_research,,,,True,0
P002803,Kenny Williams,Kenny Williams,kenny-williams,78555.0,https://cdn.nba.com/headshots/nba/latest/1040x760/78555.png,NBA CDN,candidate,manual_identity_research,,,,True,0
P002804,Kenrich Williams,Kenrich Williams,kenrich-williams,1629026.0,https://cdn.nba.com/headshots/nba/latest/1040x760/1629026.png,NBA CDN,candidate,manual_identity_research,,,,True,0
P002805,Kent Bazemore,Kent Bazemore,kent-bazemore,203145.0,https://cdn.nba.com/headshots/nba/latest/1040x760/203145.png,NBA CDN,candidate,manual_identity_research,,,,True,0
P002806,Kent Benson,Kent Benson,kent-benson,76154.0,https://cdn.nba.com/headshots/nba/latest/1040x760/76154.png,NBA CDN,candidate,manual_identity_research,,,,True,0
P002807,Kentavious Caldwell-Pope,Kentavious Caldwell-Pope,kentavious-caldwell-pope,203484.0,https://cdn.nba.com/headshots/nba/latest/1040x760/203484.png,NBA CDN,candidate,manual_identity_research,,,,True,0
P002808,Kenton Edelin,Kenton Edelin,kenton-edelin,,,,manual_identity_review,manual_identity_research,,,,True,0
P002809,Kenyon Martin,Kenyon Martin,kenyon-martin,2030.0,https://cdn.nba.com/headshots/nba/latest/1040x760/2030.png,NBA CDN,candidate,manual_identity_research,,,,True,0
P002810,Keon Clark,Keon Clark,keon-clark,1721.0,https://cdn.nba.com/headshots/nba/latest/1040x760/1721.png,NBA CDN,candidate,manual_identity_research,,,,True,0
P002811,Keon Ellis,Keon Ellis,keon-ellis,1631165.0,https://cdn.nba.com/headshots/nba/latest/1040x760/1631165.png,NBA CDN,candidate,manual_identity_research,,,,True,0
P002812,Keon Johnson,Keon Johnson,keon-johnson,1630553.0,https://cdn.nba.com/headshots/nba/latest/1040x760/1630553.png,NBA CDN,candidate,manual_identity_research,,,,True,0
P002813,Kermit Washington,Kermit Washington,kermit-washington,78467.0,https://cdn.nba.com/headshots/nba/latest/1040x760/78467.png,NBA CDN,candidate,manual_identity_research,,,,True,0
P002814,Kerry Kittles,Kerry Kittles,kerry-kittles,954.0,https://cdn.nba.com/headshots/nba/latest/1040x760/954.png,NBA CDN,candidate,manual_identity_research,,,,True,0
P002815,Keshad Johnson,Keshad Johnson,keshad-johnson,1642352.0,https://cdn.nba.com/headshots/nba/latest/1040x760/1642352.png,NBA CDN,candidate,manual_identity_research,,,,True,0
P002816,Keshon Gilbert,Keshon Gilbert,keshon-gilbert,1642933.0,https://cdn.nba.com/headshots/nba/latest/1040x760/1642933.png,NBA CDN,candidate,manual_identity_research,,,,True,0
P002817,Kessler Edwards,Kessler Edwards,kessler-edwards,1630556.0,https://cdn.nba.com/headshots/nba/latest/1040x760/1630556.png,NBA CDN,candidate,manual_identity_research,,,,True,0
P002818,Kevin Brooks,Kevin Brooks,kevin-brooks,76265.0,https://cdn.nba.com/headshots/nba/latest/1040x760/76265.png,NBA CDN,candidate,manual_identity_research,,,,True,0
P002819,Kevin Burleson,Kevin Burleson,kevin-burleson,101207.0,https://cdn.nba.com/headshots/nba/latest/1040x760/101207.png,NBA CDN,candidate,manual_identity_research,,,,True,0
P002820,Kevin Duckworth,Kevin Duckworth,kevin-duckworth,404.0,https://cdn.nba.com/headshots/nba/latest/1040x760/404.png,NBA CDN,candidate,manual_identity_research,,,,True,0
P002821,Kevin Durant,Kevin Durant,kevin-durant,201142.0,https://cdn.nba.com/headshots/nba/latest/1040x760/201142.png,NBA CDN,candidate,manual_identity_research,,,,True,0
P002822,Kevin Edwards,Kevin Edwards,kevin-edwards,236.0,https://cdn.nba.com/headshots/nba/latest/1040x760/236.png,NBA CDN,candidate,manual_identity_research,,,,True,0
P002823,Kevin Gamble,Kevin Gamble,kevin-gamble,333.0,https://cdn.nba.com/headshots/nba/latest/1040x760/333.png,NBA CDN,candidate,manual_identity_research,,,,True,0
P002824,Kevin Garnett,Kevin Garnett,kevin-garnett-p002824,708.0,https://cdn.nba.com/headshots/nba/latest/1040x760/708.png,NBA CDN,candidate,manual_identity_research,,,,True,0
P002825,Kevin Garnett*,Kevin Garnett*,kevin-garnett-p002825,708.0,https://cdn.nba.com/headshots/nba/latest/1040x760/708.png,NBA CDN,candidate,manual_identity_research,,,,True,0
P002826,Kevin Grevey,Kevin Grevey,kevin-grevey,76887.0,https://cdn.nba.com/headshots/nba/latest/1040x760/76887.png,NBA CDN,candidate,manual_identity_research,,,,True,0
P002827,Kevin Henderson,Kevin Henderson,kevin-henderson,76994.0,https://cdn.nba.com/headshots/nba/latest/1040x760/76994.png,NBA CDN,candidate,manual_identity_research,,,,True,0
P002828,Kevin Hervey,Kevin Hervey,kevin-hervey,1628987.0,https://cdn.nba.com/headshots/nba/latest/1040x760/1628987.png,NBA CDN,candidate,manual_identity_research,,,,True,0
P002829,Kevin Huerter,Kevin Huerter,kevin-huerter,1628989.0,https://cdn.nba.com/headshots/nba/latest/1040x760/1628989.png,NBA CDN,candidate,manual_identity_research,,,,True,0
P002830,Kevin Johnson,Kevin Johnson,kevin-johnson,134.0,https://cdn.nba.com/headshots/nba/latest/1040x760/134.png,NBA CDN,candidate,manual_identity_research,,,,True,0
P002831,Kevin Jones,Kevin Jones,kevin-jones,203158.0,https://cdn.nba.com/headshots/nba/latest/1040x760/203158.png,NBA CDN,candidate,manual_identity_research,,,,True,0
P002832,Kevin Knox,Kevin Knox,kevin-knox,1628995.0,https://cdn.nba.com/headshots/nba/latest/1040x760/1628995.png,NBA CDN,verified,none,200.0,image/avif,verified,True,0
P002833,Kevin Kunnert,Kevin Kunnert,kevin-kunnert,77323.0,https://cdn.nba.com/headshots/nba/latest/1040x760/77323.png,NBA CDN,candidate,manual_identity_research,,,,True,0
P002834,Kevin Loder,Kevin Loder,kevin-loder,77401.0,https://cdn.nba.com/headshots/nba/latest/1040x760/77401.png,NBA CDN,candidate,manual_identity_research,,,,True,0
P002835,Kevin Loughery,Kevin Loughery,kevin-loughery,77411.0,https://cdn.nba.com/headshots/nba/latest/1040x760/77411.png,NBA CDN,candidate,manual_identity_research,,,,True,0
P002836,Kevin Love,Kevin Love,kevin-love,201567.0,https://cdn.nba.com/headshots/nba/latest/1040x760/201567.png,NBA CDN,candidate,manual_identity_research,,,,True,0
P002837,Kevin Lynch,Kevin Lynch,kevin-lynch,77426.0,https://cdn.nba.com/headshots/nba/latest/1040x760/77426.png,NBA CDN,candidate,manual_identity_research,,,,True,0
P002838,Kevin Martin,Kevin Martin,kevin-martin,2755.0,https://cdn.nba.com/headshots/nba/latest/1040x760/2755.png,NBA CDN,candidate,manual_identity_research,,,,True,0
P002839,Kevin McCullar Jr.,Kevin McCullar Jr.,kevin-mccullar-jr,1641755.0,https://cdn.nba.com/headshots/nba/latest/1040x760/1641755.png,NBA CDN,candidate,manual_identity_research,,,,True,0
P002840,Kevin McHale,Kevin McHale,kevin-mchale-p002840,1450.0,https://cdn.nba.com/headshots/nba/latest/1040x760/1450.png,NBA CDN,candidate,manual_identity_research,,,,True,0
P002841,Kevin McHale*,Kevin McHale*,kevin-mchale-p002841,1450.0,https://cdn.nba.com/headshots/nba/latest/1040x760/1450.png,NBA CDN,candidate,manual_identity_research,,,,True,0
P002842,Kevin McKenna,Kevin McKenna,kevin-mckenna,77541.0,https://cdn.nba.com/headshots/nba/latest/1040x760/77541.png,NBA CDN,candidate,manual_identity_research,,,,True,0
P002843,Kevin Murphy,Kevin Murphy,kevin-murphy,203122.0,https://cdn.nba.com/headshots/nba/latest/1040x760/203122.png,NBA CDN,candidate,manual_identity_research,,,,True,0
P002844,Kevin O'Shea,Kevin O'Shea,kevin-o-shea,77773.0,https://cdn.nba.com/headshots/nba/latest/1040x760/77773.png,NBA CDN,candidate,manual_identity_research,,,,True,0
P002845,Kevin Ollie,Kevin Ollie,kevin-ollie,1563.0,https://cdn.nba.com/headshots/nba/latest/1040x760/1563.png,NBA CDN,candidate,manual_identity_research,,,,True,0
P002846,Kevin Pangos,Kevin Pangos,kevin-pangos,1630698.0,https://cdn.nba.com/headshots/nba/latest/1040x760/1630698.png,NBA CDN,candidate,manual_identity_research,,,,True,0
P002847,Kevin Porter,Kevin Porter,kevin-porter,77876.0,https://cdn.nba.com/headshots/nba/latest/1040x760/77876.png,NBA CDN,candidate,manual_identity_research,,,,True,0
P002848,Kevin Porter Jr.,Kevin Porter Jr.,kevin-porter-jr,1629645.0,https://cdn.nba.com/headshots/nba/latest/1040x760/1629645.png,NBA CDN,candidate,manual_identity_research,,,,True,0
P002849,Kevin Pritchard,Kevin Pritchard,kevin-pritchard,340.0,https://cdn.nba.com/headshots/nba/latest/1040x760/340.png,NBA CDN,candidate,manual_identity_research,,,,True,0
P002850,Kevin Restani,Kevin Restani,kevin-restani,77944.0,https://cdn.nba.com/headshots/nba/latest/1040x760/77944.png,NBA CDN,candidate,manual_identity_research,,,,True,0
P002851,Kevin Salvadori,Kevin Salvadori,kevin-salvadori,1089.0,https://cdn.nba.com/headshots/nba/latest/1040x760/1089.png,NBA CDN,candidate,manual_identity_research,,,,True,0
P002852,Kevin Stacom,Kevin Stacom,kevin-stacom,78237.0,https://cdn.nba.com/headshots/nba/latest/1040x760/78237.png,NBA CDN,candidate,manual_identity_research,,,,True,0
P002853,Kevin Séraphin,Kevin Séraphin,kevin-s-raphin,202338.0,https://cdn.nba.com/headshots/nba/latest/1040x760/202338.png,NBA CDN,candidate,manual_identity_research,,,,True,0
P002854,Kevin Thompson,Kevin Thompson,kevin-thompson,78329.0,https://cdn.nba.com/headshots/nba/latest/1040x760/78329.png,NBA CDN,candidate,manual_identity_research,,,,True,0
P002855,Kevin Williams,Kevin Williams,kevin-williams,78556.0,https://cdn.nba.com/headshots/nba/latest/1040x760/78556.png,NBA CDN,candidate,manual_identity_research,,,,True,0
P002856,Kevin Willis,Kevin Willis,kevin-willis,788.0,https://cdn.nba.com/headshots/nba/latest/1040x760/788.png,NBA CDN,candidate,manual_identity_research,,,,True,0
P002857,Kevinn Pinkney,Kevinn Pinkney,kevinn-pinkney,200838.0,https://cdn.nba.com/headshots/nba/latest/1040x760/200838.png,NBA CDN,candidate,manual_identity_research,,,,True,0
P002858,Kevon Harris,Kevon Harris,kevon-harris,1630284.0,https://cdn.nba.com/headshots/nba/latest/1040x760/1630284.png,NBA CDN,candidate,manual_identity_research,,,,True,0
P002859,Kevon Looney,Kevon Looney,kevon-looney,1626172.0,https://cdn.nba.com/headshots/nba/latest/1040x760/1626172.png,NBA CDN,candidate,manual_identity_research,,,,True,0
P002860,Keyon Dooling,Keyon Dooling,keyon-dooling,2039.0,https://cdn.nba.com/headshots/nba/latest/1040x760/2039.png,NBA CDN,candidate,manual_identity_research,,,,True,0
P002861,Keyontae Johnson,Keyontae Johnson,keyontae-johnson,1641749.0,https://cdn.nba.com/headshots/nba/latest/1040x760/1641749.png,NBA CDN,candidate,manual_identity_research,,,,True,0
P002862,Keyonte George,Keyonte George,keyonte-george,1641718.0,https://cdn.nba.com/headshots/nba/latest/1040x760/1641718.png,NBA CDN,candidate,manual_identity_research,,,,True,0
P002863,Khalid El-Amin,Khalid El-Amin,khalid-el-amin,2064.0,https://cdn.nba.com/headshots/nba/latest/1040x760/2064.png,NBA CDN,candidate,manual_identity_research,,,,True,0
P002864,Khalid Reeves,Khalid Reeves,khalid-reeves,234.0,https://cdn.nba.com/headshots/nba/latest/1040x760/234.png,NBA CDN,candidate,manual_identity_research,,,,True,0
P002865,Khaman Maluach,Khaman Maluach,khaman-maluach,1642863.0,https://cdn.nba.com/headshots/nba/latest/1040x760/1642863.png,NBA CDN,candidate,manual_identity_research,,,,True,0
P002866,Khem Birch,Khem Birch,khem-birch,203920.0,https://cdn.nba.com/headshots/nba/latest/1040x760/203920.png,NBA CDN,candidate,manual_identity_research,,,,True,0
P002867,Khris Middleton,Khris Middleton,khris-middleton,203114.0,https://cdn.nba.com/headshots/nba/latest/1040x760/203114.png,NBA CDN,candidate,manual_identity_research,,,,True,0
P002868,Khyri Thomas,Khyri Thomas,khyri-thomas,1629017.0,https://cdn.nba.com/headshots/nba/latest/1040x760/1629017.png,NBA CDN,candidate,manual_identity_research,,,,True,0
P002869,Kiki Vandeweghe,Kiki Vandeweghe,kiki-vandeweghe,78404.0,https://cdn.nba.com/headshots/nba/latest/1040x760/78404.png,NBA CDN,candidate,manual_identity_research,,,,True,0
P002870,Killian Hayes,Killian Hayes,killian-hayes,1630165.0,https://cdn.nba.com/headshots/nba/latest/1040x760/1630165.png,NBA CDN,candidate,manual_identity_research,,,,True,0
P002871,Killian Tillie,Killian Tillie,killian-tillie,1629681.0,https://cdn.nba.com/headshots/nba/latest/1040x760/1629681.png,NBA CDN,candidate,manual_identity_research,,,,True,0
P002872,Kim Anderson,Kim Anderson,kim-anderson,76041.0,https://cdn.nba.com/headshots/nba/latest/1040x760/76041.png,NBA CDN,candidate,manual_identity_research,,,,True,0
P002873,Kim English,Kim English,kim-english,203119.0,https://cdn.nba.com/headshots/nba/latest/1040x760/203119.png,NBA CDN,candidate,manual_identity_research,,,,True,0
P002874,Kim Hughes,Kim Hughes,kim-hughes,77078.0,https://cdn.nba.com/headshots/nba/latest/1040x760/77078.png,NBA CDN,candidate,manual_identity_research,,,,True,0
P002875,Kira Lewis Jr.,Kira Lewis Jr.,kira-lewis-jr,1630184.0,https://cdn.nba.com/headshots/nba/latest/1040x760/1630184.png,NBA CDN,candidate,manual_identity_research,,,,True,0
P002876,Kirk Haston,Kirk Haston,kirk-haston,2213.0,https://cdn.nba.com/headshots/nba/latest/1040x760/2213.png,NBA CDN,candidate,manual_identity_research,,,,True,0
P002877,Kirk Hinrich,Kirk Hinrich,kirk-hinrich,2550.0,https://cdn.nba.com/headshots/nba/latest/1040x760/2550.png,NBA CDN,candidate,manual_identity_research,,,,True,0
P002878,Kirk Penney,Kirk Penney,kirk-penney,2632.0,https://cdn.nba.com/headshots/nba/latest/1040x760/2632.png,NBA CDN,candidate,manual_identity_research,,,,True,0
P002879,Kirk Snyder,Kirk Snyder,kirk-snyder,2745.0,https://cdn.nba.com/headshots/nba/latest/1040x760/2745.png,NBA CDN,candidate,manual_identity_research,,,,True,0
P002880,Kiwane Lemorris Garris,Kiwane Lemorris Garris,kiwane-lemorris-garris,,,,manual_identity_review,manual_identity_research,,,,True,0
P002881,Klay Thompson,Klay Thompson,klay-thompson,202691.0,https://cdn.nba.com/headshots/nba/latest/1040x760/202691.png,NBA CDN,candidate,manual_identity_research,,,,True,0
P002882,Kleggie Hermsen,Kleggie Hermsen,kleggie-hermsen,,,,manual_identity_review,manual_identity_research,,,,True,0
P002883,Kobe Brown,Kobe Brown,kobe-brown,1641738.0,https://cdn.nba.com/headshots/nba/latest/1040x760/1641738.png,NBA CDN,candidate,manual_identity_research,,,,True,0
P002884,Kobe Bryant,Kobe Bryant,kobe-bryant-p002884,977.0,https://cdn.nba.com/headshots/nba/latest/1040x760/977.png,NBA CDN,candidate,manual_identity_research,,,,True,0
P002885,Kobe Bryant*,Kobe Bryant*,kobe-bryant-p002885,977.0,https://cdn.nba.com/headshots/nba/latest/1040x760/977.png,NBA CDN,candidate,manual_identity_research,,,,True,0
P002886,Kobe Bufkin,Kobe Bufkin,kobe-bufkin,1641723.0,https://cdn.nba.com/headshots/nba/latest/1040x760/1641723.png,NBA CDN,candidate,manual_identity_research,,,,True,0
P002887,Kobe Sanders,Kobe Sanders,kobe-sanders,1642920.0,https://cdn.nba.com/headshots/nba/latest/1040x760/1642920.png,NBA CDN,candidate,manual_identity_research,,,,True,0
P002888,Kobi Simmons,Kobi Simmons,kobi-simmons,1628424.0,https://cdn.nba.com/headshots/nba/latest/1040x760/1628424.png,NBA CDN,candidate,manual_identity_research,,,,True,0
P002889,Koby Brea,Koby Brea,koby-brea,1642886.0,https://cdn.nba.com/headshots/nba/latest/1040x760/1642886.png,NBA CDN,candidate,manual_identity_research,,,,True,0
P002890,Kon Knueppel,Kon Knueppel,kon-knueppel,1642851.0,https://cdn.nba.com/headshots/nba/latest/1040x760/1642851.png,NBA CDN,candidate,manual_identity_research,,,,True,0
P002891,Korleone Young,Korleone Young,korleone-young,1748.0,https://cdn.nba.com/headshots/nba/latest/1040x760/1748.png,NBA CDN,candidate,manual_identity_research,,,,True,0
P002892,Kornél Dávid,Kornél Dávid,korn-l-d-vid,1600.0,https://cdn.nba.com/headshots/nba/latest/1040x760/1600.png,NBA CDN,candidate,manual_identity_research,,,,True,0
P002893,Kosta Koufos,Kosta Koufos,kosta-koufos,201585.0,https://cdn.nba.com/headshots/nba/latest/1040x760/201585.png,NBA CDN,candidate,manual_identity_research,,,,True,0
P002894,Kosta Perović,Kosta Perović,kosta-perovi,200785.0,https://cdn.nba.com/headshots/nba/latest/1040x760/200785.png,NBA CDN,candidate,manual_identity_research,,,,True,0
P002895,Kostas Antetokounmpo,Kostas Antetokounmpo,kostas-antetokounmpo,1628961.0,https://cdn.nba.com/headshots/nba/latest/1040x760/1628961.png,NBA CDN,candidate,manual_identity_research,,,,True,0
P002896,Kostas Papanikolaou,Kostas Papanikolaou,kostas-papanikolaou,203123.0,https://cdn.nba.com/headshots/nba/latest/1040x760/203123.png,NBA CDN,candidate,manual_identity_research,,,,True,0
P002897,Kris Dunn,Kris Dunn,kris-dunn,1627739.0,https://cdn.nba.com/headshots/nba/latest/1040x760/1627739.png,NBA CDN,candidate,manual_identity_research,,,,True,0
P002898,Kris Humphries,Kris Humphries,kris-humphries,2743.0,https://cdn.nba.com/headshots/nba/latest/1040x760/2743.png,NBA CDN,candidate,manual_identity_research,,,,True,0
P002899,Kris Joseph,Kris Joseph,kris-joseph,203126.0,https://cdn.nba.com/headshots/nba/latest/1040x760/203126.png,NBA CDN,candidate,manual_identity_research,,,,True,0
P002900,Kris Murray,Kris Murray,kris-murray,1631200.0,https://cdn.nba.com/headshots/nba/latest/1040x760/1631200.png,NBA CDN,candidate,manual_identity_research,,,,True,0
P002901,Kristaps Porziņģis,Kristaps Porziņģis,kristaps-porzi-is,204001.0,https://cdn.nba.com/headshots/nba/latest/1040x760/204001.png,NBA CDN,candidate,manual_identity_research,,,,True,0
P002902,Kurk Lee,Kurk Lee,kurk-lee,77362.0,https://cdn.nba.com/headshots/nba/latest/1040x760/77362.png,NBA CDN,candidate,manual_identity_research,,,,True,0
P002903,Kurt Nimphius,Kurt Nimphius,kurt-nimphius,77719.0,https://cdn.nba.com/headshots/nba/latest/1040x760/77719.png,NBA CDN,candidate,manual_identity_research,,,,True,0
P002904,Kurt Rambis,Kurt Rambis,kurt-rambis,77905.0,https://cdn.nba.com/headshots/nba/latest/1040x760/77905.png,NBA CDN,candidate,manual_identity_research,,,,True,0
P002905,Kurt Thomas,Kurt Thomas,kurt-thomas,703.0,https://cdn.nba.com/headshots/nba/latest/1040x760/703.png,NBA CDN,candidate,manual_identity_research,,,,True,0
P002906,Kwame Brown,Kwame Brown,kwame-brown,2198.0,https://cdn.nba.com/headshots/nba/latest/1040x760/2198.png,NBA CDN,candidate,manual_identity_research,,,,True,0
P002907,Ky Bowman,Ky Bowman,ky-bowman,1629065.0,https://cdn.nba.com/headshots/nba/latest/1040x760/1629065.png,NBA CDN,candidate,manual_identity_research,,,,True,0
P002908,Kyle Alexander,Kyle Alexander,kyle-alexander,1629734.0,https://cdn.nba.com/headshots/nba/latest/1040x760/1629734.png,NBA CDN,candidate,manual_identity_research,,,,True,0
P002909,Kyle Anderson,Kyle Anderson,kyle-anderson,203937.0,https://cdn.nba.com/headshots/nba/latest/1040x760/203937.png,NBA CDN,candidate,manual_identity_research,,,,True,0
P002910,Kyle Collinsworth,Kyle Collinsworth,kyle-collinsworth,1627858.0,https://cdn.nba.com/headshots/nba/latest/1040x760/1627858.png,NBA CDN,candidate,manual_identity_research,,,,True,0
P002911,Kyle Filipowski,Kyle Filipowski,kyle-filipowski,1642271.0,https://cdn.nba.com/headshots/nba/latest/1040x760/1642271.png,NBA CDN,candidate,manual_identity_research,,,,True,0
P002912,Kyle Guy,Kyle Guy,kyle-guy,1629657.0,https://cdn.nba.com/headshots/nba/latest/1040x760/1629657.png,NBA CDN,candidate,manual_identity_research,,,,True,0
P002913,Kyle Korver,Kyle Korver,kyle-korver,2594.0,https://cdn.nba.com/headshots/nba/latest/1040x760/2594.png,NBA CDN,candidate,manual_identity_research,,,,True,0
P002914,Kyle Kuzma,Kyle Kuzma,kyle-kuzma,1628398.0,https://cdn.nba.com/headshots/nba/latest/1040x760/1628398.png,NBA CDN,candidate,manual_identity_research,,,,True,0
P002915,Kyle Lowry,Kyle Lowry,kyle-lowry,200768.0,https://cdn.nba.com/headshots/nba/latest/1040x760/200768.png,NBA CDN,candidate,manual_identity_research,,,,True,0
P002916,Kyle Macy,Kyle Macy,kyle-macy,77438.0,https://cdn.nba.com/headshots/nba/latest/1040x760/77438.png,NBA CDN,candidate,manual_identity_research,,,,True,0
P002917,Kyle O'Quinn,Kyle O'Quinn,kyle-o-quinn,203124.0,https://cdn.nba.com/headshots/nba/latest/1040x760/203124.png,NBA CDN,candidate,manual_identity_research,,,,True,0
P002918,Kyle Singler,Kyle Singler,kyle-singler,202713.0,https://cdn.nba.com/headshots/nba/latest/1040x760/202713.png,NBA CDN,candidate,manual_identity_research,,,,True,0
P002919,Kyle Weaver,Kyle Weaver,kyle-weaver,201602.0,https://cdn.nba.com/headshots/nba/latest/1040x760/201602.png,NBA CDN,candidate,manual_identity_research,,,,True,0
P002920,Kyle Wiltjer,Kyle Wiltjer,kyle-wiltjer,1627787.0,https://cdn.nba.com/headshots/nba/latest/1040x760/1627787.png,NBA CDN,candidate,manual_identity_research,,,,True,0
P002921,Kylor Kelley,Kylor Kelley,kylor-kelley,1630283.0,https://cdn.nba.com/headshots/nba/latest/1040x760/1630283.png,NBA CDN,candidate,manual_identity_research,,,,True,0
P002922,Kyrie Irving,Kyrie Irving,kyrie-irving,202681.0,https://cdn.nba.com/headshots/nba/latest/1040x760/202681.png,NBA CDN,candidate,manual_identity_research,,,,True,0
P002923,Kyrylo Fesenko,Kyrylo Fesenko,kyrylo-fesenko,201178.0,https://cdn.nba.com/headshots/nba/latest/1040x760/201178.png,NBA CDN,candidate,manual_identity_research,,,,True,0
P002924,Kyshawn George,Kyshawn George,kyshawn-george,1642273.0,https://cdn.nba.com/headshots/nba/latest/1040x760/1642273.png,NBA CDN,candidate,manual_identity_research,,,,True,0
P002925,LJ Cryer,LJ Cryer,lj-cryer,1643018.0,https://cdn.nba.com/headshots/nba/latest/1040x760/1643018.png,NBA CDN,candidate,manual_identity_research,,,,True,0
P002926,LaBradford Smith,LaBradford Smith,labradford-smith,78194.0,https://cdn.nba.com/headshots/nba/latest/1040x760/78194.png,NBA CDN,candidate,manual_identity_research,,,,True,0
P002927,LaMarcus Aldridge,LaMarcus Aldridge,lamarcus-aldridge,200746.0,https://cdn.nba.com/headshots/nba/latest/1040x760/200746.png,NBA CDN,candidate,manual_identity_research,,,,True,0
P002928,LaMelo Ball,LaMelo Ball,lamelo-ball,1630163.0,https://cdn.nba.com/headshots/nba/latest/1040x760/1630163.png,NBA CDN,candidate,manual_identity_research,,,,True,0
P002929,LaPhonso Ellis,LaPhonso Ellis,laphonso-ellis,111.0,https://cdn.nba.com/headshots/nba/latest/1040x760/111.png,NBA CDN,candidate,manual_identity_research,,,,True,0
P002930,LaRue Martin,LaRue Martin,larue-martin,77475.0,https://cdn.nba.com/headshots/nba/latest/1040x760/77475.png,NBA CDN,candidate,manual_identity_research,,,,True,0
P002931,LaSalle Thompson,LaSalle Thompson,lasalle-thompson,78.0,https://cdn.nba.com/headshots/nba/latest/1040x760/78.png,NBA CDN,candidate,manual_identity_research,,,,True,0
P002932,Lachlan Olbrich,Lachlan Olbrich,lachlan-olbrich,1642950.0,https://cdn.nba.com/headshots/nba/latest/1040x760/1642950.png,NBA CDN,candidate,manual_identity_research,,,,True,0
P002933,Lamar Green,Lamar Green,lamar-green,600011.0,https://cdn.nba.com/headshots/nba/latest/1040x760/600011.png,NBA CDN,candidate,manual_identity_research,,,,True,0
P002934,Lamar Odom,Lamar Odom,lamar-odom,1885.0,https://cdn.nba.com/headshots/nba/latest/1040x760/1885.png,NBA CDN,candidate,manual_identity_research,,,,True,0
P002935,Lamar Patterson,Lamar Patterson,lamar-patterson,203934.0,https://cdn.nba.com/headshots/nba/latest/1040x760/203934.png,NBA CDN,candidate,manual_identity_research,,,,True,0
P002936,Lamar Stevens,Lamar Stevens,lamar-stevens,1630205.0,https://cdn.nba.com/headshots/nba/latest/1040x760/1630205.png,NBA CDN,candidate,manual_identity_research,,,,True,0
P002937,Lamond Murray,Lamond Murray,lamond-murray,441.0,https://cdn.nba.com/headshots/nba/latest/1040x760/441.png,NBA CDN,candidate,manual_identity_research,,,,True,0
P002938,Lamont Strothers,Lamont Strothers,lamont-strothers,78273.0,https://cdn.nba.com/headshots/nba/latest/1040x760/78273.png,NBA CDN,candidate,manual_identity_research,,,,True,0
P002939,Lanard Copeland,Lanard Copeland,lanard-copeland,76448.0,https://cdn.nba.com/headshots/nba/latest/1040x760/76448.png,NBA CDN,candidate,manual_identity_research,,,,True,0
P002940,Lancaster Gordon,Lancaster Gordon,lancaster-gordon,76834.0,https://cdn.nba.com/headshots/nba/latest/1040x760/76834.png,NBA CDN,candidate,manual_identity_research,,,,True,0
P002941,Lance Allred,Lance Allred,lance-allred,200984.0,https://cdn.nba.com/headshots/nba/latest/1040x760/200984.png,NBA CDN,candidate,manual_identity_research,,,,True,0
P002942,Lance Blanks,Lance Blanks,lance-blanks,76183.0,https://cdn.nba.com/headshots/nba/latest/1040x760/76183.png,NBA CDN,candidate,manual_identity_research,,,,True,0
P002943,Lance Stephenson,Lance Stephenson,lance-stephenson,202362.0,https://cdn.nba.com/headshots/nba/latest/1040x760/202362.png,NBA CDN,candidate,manual_identity_research,,,,True,0
P002944,Lance Thomas,Lance Thomas,lance-thomas,202498.0,https://cdn.nba.com/headshots/nba/latest/1040x760/202498.png,NBA CDN,candidate,manual_identity_research,,,,True,0
P002945,Landry Fields,Landry Fields,landry-fields,202361.0,https://cdn.nba.com/headshots/nba/latest/1040x760/202361.png,NBA CDN,candidate,manual_identity_research,,,,True,0
P002946,Landry Shamet,Landry Shamet,landry-shamet,1629013.0,https://cdn.nba.com/headshots/nba/latest/1040x760/1629013.png,NBA CDN,candidate,manual_identity_research,,,,True,0
P002947,Langston Galloway,Langston Galloway,langston-galloway,204038.0,https://cdn.nba.com/headshots/nba/latest/1040x760/204038.png,NBA CDN,candidate,manual_identity_research,,,,True,0
P002948,Lari Ketner,Lari Ketner,lari-ketner,1930.0,https://cdn.nba.com/headshots/nba/latest/1040x760/1930.png,NBA CDN,candidate,manual_identity_research,,,,True,0
P002949,Laron Profit,Laron Profit,laron-profit,1919.0,https://cdn.nba.com/headshots/nba/latest/1040x760/1919.png,NBA CDN,candidate,manual_identity_research,,,,True,0
P002950,Larry Bird,Larry Bird,larry-bird-p002950,1449.0,https://cdn.nba.com/headshots/nba/latest/1040x760/1449.png,NBA CDN,candidate,manual_identity_research,,,,True,0
P002951,Larry Bird*,Larry Bird*,larry-bird-p002951,1449.0,https://cdn.nba.com/headshots/nba/latest/1040x760/1449.png,NBA CDN,candidate,manual_identity_research,,,,True,0
P002952,Larry Cannon,Larry Cannon,larry-cannon,76339.0,https://cdn.nba.com/headshots/nba/latest/1040x760/76339.png,NBA CDN,candidate,manual_identity_research,,,,True,0
P002953,Larry Comley,Larry Comley,larry-comley,76427.0,https://cdn.nba.com/headshots/nba/latest/1040x760/76427.png,NBA CDN,candidate,manual_identity_research,,,,True,0
P002954,Larry Costello,Larry Costello,larry-costello-p002954,76454.0,https://cdn.nba.com/headshots/nba/latest/1040x760/76454.png,NBA CDN,candidate,manual_identity_research,,,,True,0
P002955,Larry Costello*,Larry Costello*,larry-costello-p002955,76454.0,https://cdn.nba.com/headshots/nba/latest/1040x760/76454.png,NBA CDN,candidate,manual_identity_research,,,,True,0
P002956,Larry Demic,Larry Demic,larry-demic,76553.0,https://cdn.nba.com/headshots/nba/latest/1040x760/76553.png,NBA CDN,candidate,manual_identity_research,,,,True,0
P002957,Larry Drew,Larry Drew,larry-drew,76599.0,https://cdn.nba.com/headshots/nba/latest/1040x760/76599.png,NBA CDN,candidate,manual_identity_research,,,,True,0
P002958,Larry Drew II,Larry Drew II,larry-drew-ii,203580.0,https://cdn.nba.com/headshots/nba/latest/1040x760/203580.png,NBA CDN,candidate,manual_identity_research,,,,True,0
P002959,Larry Fogle,Larry Fogle,larry-fogle,76728.0,https://cdn.nba.com/headshots/nba/latest/1040x760/76728.png,NBA CDN,candidate,manual_identity_research,,,,True,0
P002960,Larry Foust,Larry Foust,larry-foust,76744.0,https://cdn.nba.com/headshots/nba/latest/1040x760/76744.png,NBA CDN,candidate,manual_identity_research,,,,True,0
P002961,Larry Friend,Larry Friend,larry-friend,76758.0,https://cdn.nba.com/headshots/nba/latest/1040x760/76758.png,NBA CDN,candidate,manual_identity_research,,,,True,0
P002962,Larry Hennessy,Larry Hennessy,larry-hennessy,76998.0,https://cdn.nba.com/headshots/nba/latest/1040x760/76998.png,NBA CDN,candidate,manual_identity_research,,,,True,0
P002963,Larry Hughes,Larry Hughes,larry-hughes,1716.0,https://cdn.nba.com/headshots/nba/latest/1040x760/1716.png,NBA CDN,candidate,manual_identity_research,,,,True,0
P002964,Larry Johnson,Larry Johnson,larry-johnson,,,,manual_identity_review,manual_identity_research,,,,True,0
P002965,Larry Jones,Larry Jones,larry-jones,77200.0,https://cdn.nba.com/headshots/nba/latest/1040x760/77200.png,NBA CDN,candidate,manual_identity_research,,,,True,0
P002966,Larry Kenon,Larry Kenon,larry-kenon,77246.0,https://cdn.nba.com/headshots/nba/latest/1040x760/77246.png,NBA CDN,candidate,manual_identity_research,,,,True,0
P002967,Larry Krystkowiak,Larry Krystkowiak,larry-krystkowiak,1474.0,https://cdn.nba.com/headshots/nba/latest/1040x760/1474.png,NBA CDN,candidate,manual_identity_research,,,,True,0
P002968,Larry McNeill,Larry McNeill,larry-mcneill,77561.0,https://cdn.nba.com/headshots/nba/latest/1040x760/77561.png,NBA CDN,candidate,manual_identity_research,,,,True,0
P002969,Larry Micheaux,Larry Micheaux,larry-micheaux,77588.0,https://cdn.nba.com/headshots/nba/latest/1040x760/77588.png,NBA CDN,candidate,manual_identity_research,,,,True,0
P002970,Larry Mikan,Larry Mikan,larry-mikan,77591.0,https://cdn.nba.com/headshots/nba/latest/1040x760/77591.png,NBA CDN,candidate,manual_identity_research,,,,True,0
P002971,Larry Moffett,Larry Moffett,larry-moffett,77621.0,https://cdn.nba.com/headshots/nba/latest/1040x760/77621.png,NBA CDN,candidate,manual_identity_research,,,,True,0
P002972,Larry Nance,Larry Nance,larry-nance,77685.0,https://cdn.nba.com/headshots/nba/latest/1040x760/77685.png,NBA CDN,candidate,manual_identity_research,,,,True,0
P002973,Larry Nance Jr.,Larry Nance Jr.,larry-nance-jr,1626204.0,https://cdn.nba.com/headshots/nba/latest/1040x760/1626204.png,NBA CDN,candidate,manual_identity_research,,,,True,0
P002974,Larry Owens,Larry Owens,larry-owens,202082.0,https://cdn.nba.com/headshots/nba/latest/1040x760/202082.png,NBA CDN,candidate,manual_identity_research,,,,True,0
P002975,Larry Robinson,Larry Robinson,larry-robinson,1683.0,https://cdn.nba.com/headshots/nba/latest/1040x760/1683.png,NBA CDN,candidate,manual_identity_research,,,,True,0
P002976,Larry Sanders,Larry Sanders,larry-sanders,202336.0,https://cdn.nba.com/headshots/nba/latest/1040x760/202336.png,NBA CDN,candidate,manual_identity_research,,,,True,0
P002977,Larry Siegfried,Larry Siegfried,larry-siegfried,78147.0,https://cdn.nba.com/headshots/nba/latest/1040x760/78147.png,NBA CDN,candidate,manual_identity_research,,,,True,0
P002978,Larry Smith,Larry Smith,larry-smith,78195.0,https://cdn.nba.com/headshots/nba/latest/1040x760/78195.png,NBA CDN,candidate,manual_identity_research,,,,True,0
P002979,Larry Spriggs,Larry Spriggs,larry-spriggs,78233.0,https://cdn.nba.com/headshots/nba/latest/1040x760/78233.png,NBA CDN,candidate,manual_identity_research,,,,True,0
P002980,Larry Staverman,Larry Staverman,larry-staverman,78244.0,https://cdn.nba.com/headshots/nba/latest/1040x760/78244.png,NBA CDN,candidate,manual_identity_research,,,,True,0
P002981,Larry Steele,Larry Steele,larry-steele,78245.0,https://cdn.nba.com/headshots/nba/latest/1040x760/78245.png,NBA CDN,candidate,manual_identity_research,,,,True,0
P002982,Larry Stewart,Larry Stewart,larry-stewart,1125.0,https://cdn.nba.com/headshots/nba/latest/1040x760/1125.png,NBA CDN,candidate,manual_identity_research,,,,True,0
P002983,Larry Sykes,Larry Sykes,larry-sykes,1132.0,https://cdn.nba.com/headshots/nba/latest/1040x760/1132.png,NBA CDN,candidate,manual_identity_research,,,,True,0
P002984,Larry Wright,Larry Wright,larry-wright,78623.0,https://cdn.nba.com/headshots/nba/latest/1040x760/78623.png,NBA CDN,candidate,manual_identity_research,,,,True,0
P002985,Lars Hansen,Lars Hansen,lars-hansen,76941.0,https://cdn.nba.com/headshots/nba/latest/1040x760/76941.png,NBA CDN,candidate,manual_identity_research,,,,True,0
P002986,Latrell Sprewell,Latrell Sprewell,latrell-sprewell,84.0,https://cdn.nba.com/headshots/nba/latest/1040x760/84.png,NBA CDN,candidate,manual_identity_research,,,,True,0
P002987,Lauri Markkanen,Lauri Markkanen,lauri-markkanen,1628374.0,https://cdn.nba.com/headshots/nba/latest/1040x760/1628374.png,NBA CDN,candidate,manual_identity_research,,,,True,0
P002988,Lavor Postell,Lavor Postell,lavor-postell,2068.0,https://cdn.nba.com/headshots/nba/latest/1040x760/2068.png,NBA CDN,candidate,manual_identity_research,,,,True,0
P002989,Lavoy Allen,Lavoy Allen,lavoy-allen,202730.0,https://cdn.nba.com/headshots/nba/latest/1040x760/202730.png,NBA CDN,candidate,manual_identity_research,,,,True,0
P002990,Lawrence Boston,Lawrence Boston,lawrence-boston,76212.0,https://cdn.nba.com/headshots/nba/latest/1040x760/76212.png,NBA CDN,candidate,manual_identity_research,,,,True,0
P002991,Lawrence Funderburke,Lawrence Funderburke,lawrence-funderburke,1444.0,https://cdn.nba.com/headshots/nba/latest/1040x760/1444.png,NBA CDN,candidate,manual_identity_research,,,,True,0
P002992,Lawrence Moten,Lawrence Moten,lawrence-moten,734.0,https://cdn.nba.com/headshots/nba/latest/1040x760/734.png,NBA CDN,candidate,manual_identity_research,,,,True,0
P002993,Lawrence Roberts,Lawrence Roberts,lawrence-roberts,101160.0,https://cdn.nba.com/headshots/nba/latest/1040x760/101160.png,NBA CDN,candidate,manual_identity_research,,,,True,0
P002994,Lawson Lovering,Lawson Lovering,lawson-lovering,1643133.0,https://cdn.nba.com/headshots/nba/latest/1040x760/1643133.png,NBA CDN,candidate,manual_identity_research,,,,True,0
P002995,Lazar Hayward,Lazar Hayward,lazar-hayward,202351.0,https://cdn.nba.com/headshots/nba/latest/1040x760/202351.png,NBA CDN,candidate,manual_identity_research,,,,True,0
P002996,Lazaro Borrell,Lazaro Borrell,lazaro-borrell,1953.0,https://cdn.nba.com/headshots/nba/latest/1040x760/1953.png,NBA CDN,candidate,manual_identity_research,,,,True,0
P002997,LeBron James,LeBron James,lebron-james,2544.0,https://cdn.nba.com/headshots/nba/latest/1040x760/2544.png,NBA CDN,candidate,manual_identity_research,,,,True,0
P002998,LeRon Ellis,LeRon Ellis,leron-ellis,1034.0,https://cdn.nba.com/headshots/nba/latest/1040x760/1034.png,NBA CDN,candidate,manual_identity_research,,,,True,0
P002999,Leaky Black,Leaky Black,leaky-black,1641778.0,https://cdn.nba.com/headshots/nba/latest/1040x760/1641778.png,NBA CDN,candidate,manual_identity_research,,,,True,0
P003000,Leandro Barbosa,Leandro Barbosa,leandro-barbosa,2571.0,https://cdn.nba.com/headshots/nba/latest/1040x760/2571.png,NBA CDN,candidate,manual_identity_research,,,,True,0
P003001,Leandro Bolmaro,Leandro Bolmaro,leandro-bolmaro,1630195.0,https://cdn.nba.com/headshots/nba/latest/1040x760/1630195.png,NBA CDN,candidate,manual_identity_research,,,,True,0
P003002,Ledell Eackles,Ledell Eackles,ledell-eackles,289.0,https://cdn.nba.com/headshots/nba/latest/1040x760/289.png,NBA CDN,candidate,manual_identity_research,,,,True,0
P003003,Lee Johnson,Lee Johnson,lee-johnson,77158.0,https://cdn.nba.com/headshots/nba/latest/1040x760/77158.png,NBA CDN,candidate,manual_identity_research,,,,True,0
P003004,Lee Mayberry,Lee Mayberry,lee-mayberry,195.0,https://cdn.nba.com/headshots/nba/latest/1040x760/195.png,NBA CDN,candidate,manual_identity_research,,,,True,0
P003005,Lee Nailon,Lee Nailon,lee-nailon,1924.0,https://cdn.nba.com/headshots/nba/latest/1040x760/1924.png,NBA CDN,candidate,manual_identity_research,,,,True,0
P003006,Lee Shaffer,Lee Shaffer,lee-shaffer,78121.0,https://cdn.nba.com/headshots/nba/latest/1040x760/78121.png,NBA CDN,candidate,manual_identity_research,,,,True,0
P003007,Lee Winfield,Lee Winfield,lee-winfield,78592.0,https://cdn.nba.com/headshots/nba/latest/1040x760/78592.png,NBA CDN,candidate,manual_identity_research,,,,True,0
P003008,Len Chappell,Len Chappell,len-chappell,76382.0,https://cdn.nba.com/headshots/nba/latest/1040x760/76382.png,NBA CDN,candidate,manual_identity_research,,,,True,0
P003009,Len Elmore,Len Elmore,len-elmore,600010.0,https://cdn.nba.com/headshots/nba/latest/1040x760/600010.png,NBA CDN,candidate,manual_identity_research,,,,True,0
P003010,Len Kosmalski,Len Kosmalski,len-kosmalski,77302.0,https://cdn.nba.com/headshots/nba/latest/1040x760/77302.png,NBA CDN,candidate,manual_identity_research,,,,True,0
P003011,Lennie Rosenbluth,Lennie Rosenbluth,lennie-rosenbluth,78018.0,https://cdn.nba.com/headshots/nba/latest/1040x760/78018.png,NBA CDN,candidate,manual_identity_research,,,,True,0
P003012,Lenny Wilkens,Lenny Wilkens,lenny-wilkens-p003012,78530.0,https://cdn.nba.com/headshots/nba/latest/1040x760/78530.png,NBA CDN,candidate,manual_identity_research,,,,True,0
P003013,Lenny Wilkens*,Lenny Wilkens*,lenny-wilkens-p003013,78530.0,https://cdn.nba.com/headshots/nba/latest/1040x760/78530.png,NBA CDN,candidate,manual_identity_research,,,,True,0
P003014,Leo Barnhorst,Leo Barnhorst,leo-barnhorst,76110.0,https://cdn.nba.com/headshots/nba/latest/1040x760/76110.png,NBA CDN,candidate,manual_identity_research,,,,True,0
P003015,Leo Rautins,Leo Rautins,leo-rautins,77916.0,https://cdn.nba.com/headshots/nba/latest/1040x760/77916.png,NBA CDN,candidate,manual_identity_research,,,,True,0
P003016,Leon Benbow,Leon Benbow,leon-benbow,76146.0,https://cdn.nba.com/headshots/nba/latest/1040x760/76146.png,NBA CDN,candidate,manual_identity_research,,,,True,0
P003017,Leon Douglas,Leon Douglas,leon-douglas,76590.0,https://cdn.nba.com/headshots/nba/latest/1040x760/76590.png,NBA CDN,candidate,manual_identity_research,,,,True,0
P003018,Leon Powe,Leon Powe,leon-powe,200796.0,https://cdn.nba.com/headshots/nba/latest/1040x760/200796.png,NBA CDN,candidate,manual_identity_research,,,,True,0
P003019,Leon Smith,Leon Smith,leon-smith,1910.0,https://cdn.nba.com/headshots/nba/latest/1040x760/1910.png,NBA CDN,candidate,manual_identity_research,,,,True,0
P003020,Leon Wood,Leon Wood,leon-wood,78611.0,https://cdn.nba.com/headshots/nba/latest/1040x760/78611.png,NBA CDN,candidate,manual_identity_research,,,,True,0
P003021,Leonard Gray,Leonard Gray,leonard-gray,76860.0,https://cdn.nba.com/headshots/nba/latest/1040x760/76860.png,NBA CDN,candidate,manual_identity_research,,,,True,0
P003022,Leonard Miller,Leonard Miller,leonard-miller,1631159.0,https://cdn.nba.com/headshots/nba/latest/1040x760/1631159.png,NBA CDN,candidate,manual_identity_research,,,,True,0
P003023,Leonard Taylor,Leonard Taylor,leonard-taylor,78301.0,https://cdn.nba.com/headshots/nba/latest/1040x760/78301.png,NBA CDN,candidate,manual_identity_research,,,,True,0
P003024,Leroy Combs,Leroy Combs,leroy-combs,76425.0,https://cdn.nba.com/headshots/nba/latest/1040x760/76425.png,NBA CDN,candidate,manual_identity_research,,,,True,0
P003025,Leroy Ellis,Leroy Ellis,leroy-ellis,76663.0,https://cdn.nba.com/headshots/nba/latest/1040x760/76663.png,NBA CDN,candidate,manual_identity_research,,,,True,0
P003026,Les Hunter,Les Hunter,les-hunter,77084.0,https://cdn.nba.com/headshots/nba/latest/1040x760/77084.png,NBA CDN,candidate,manual_identity_research,,,,True,0
P003027,Les Jepsen,Les Jepsen,les-jepsen,77129.0,https://cdn.nba.com/headshots/nba/latest/1040x760/77129.png,NBA CDN,candidate,manual_identity_research,,,,True,0
P003028,Lester Conner,Lester Conner,lester-conner,76431.0,https://cdn.nba.com/headshots/nba/latest/1040x760/76431.png,NBA CDN,candidate,manual_identity_research,,,,True,0
P003029,Lester Hudson,Lester Hudson,lester-hudson,201991.0,https://cdn.nba.com/headshots/nba/latest/1040x760/201991.png,NBA CDN,candidate,manual_identity_research,,,,True,0
P003030,Lester Quiñones,Lester Quiñones,lester-qui-ones,1631311.0,https://cdn.nba.com/headshots/nba/latest/1040x760/1631311.png,NBA CDN,candidate,manual_identity_research,,,,True,0
P003031,Levi Fontaine,Levi Fontaine,levi-fontaine,76731.0,https://cdn.nba.com/headshots/nba/latest/1040x760/76731.png,NBA CDN,candidate,manual_identity_research,,,,True,0
P003032,Lew Hitch,Lew Hitch,lew-hitch,77032.0,https://cdn.nba.com/headshots/nba/latest/1040x760/77032.png,NBA CDN,candidate,manual_identity_research,,,,True,0
P003033,Lewis Brown,Lewis Brown,lewis-brown,76279.0,https://cdn.nba.com/headshots/nba/latest/1040x760/76279.png,NBA CDN,candidate,manual_identity_research,,,,True,0
P003034,Lewis Lloyd,Lewis Lloyd,lewis-lloyd,77395.0,https://cdn.nba.com/headshots/nba/latest/1040x760/77395.png,NBA CDN,candidate,manual_identity_research,,,,True,0
P003035,Liam McNeeley,Liam McNeeley,liam-mcneeley,1642862.0,https://cdn.nba.com/headshots/nba/latest/1040x760/1642862.png,NBA CDN,candidate,manual_identity_research,,,,True,0
P003036,Liam Robbins,Liam Robbins,liam-robbins,1641857.0,https://cdn.nba.com/headshots/nba/latest/1040x760/1641857.png,NBA CDN,candidate,manual_identity_research,,,,True,0
P003037,Linas Kleiza,Linas Kleiza,linas-kleiza,101132.0,https://cdn.nba.com/headshots/nba/latest/1040x760/101132.png,NBA CDN,candidate,manual_identity_research,,,,True,0
P003038,Lindell Wigginton,Lindell Wigginton,lindell-wigginton,1629623.0,https://cdn.nba.com/headshots/nba/latest/1040x760/1629623.png,NBA CDN,candidate,manual_identity_research,,,,True,0
P003039,Lindsay Hairston,Lindsay Hairston,lindsay-hairston,76917.0,https://cdn.nba.com/headshots/nba/latest/1040x760/76917.png,NBA CDN,candidate,manual_identity_research,,,,True,0
P003040,Lindsey Hunter,Lindsey Hunter,lindsey-hunter,283.0,https://cdn.nba.com/headshots/nba/latest/1040x760/283.png,NBA CDN,candidate,manual_identity_research,,,,True,0
P003041,Lindy Waters III,Lindy Waters III,lindy-waters-iii,1630322.0,https://cdn.nba.com/headshots/nba/latest/1040x760/1630322.png,NBA CDN,candidate,manual_identity_research,,,,True,0
P003042,Linton Johnson,Linton Johnson,linton-johnson,2669.0,https://cdn.nba.com/headshots/nba/latest/1040x760/2669.png,NBA CDN,candidate,manual_identity_research,,,,True,0
P003043,Linton Townes,Linton Townes,linton-townes,78364.0,https://cdn.nba.com/headshots/nba/latest/1040x760/78364.png,NBA CDN,candidate,manual_identity_research,,,,True,0
P003044,Lionel Chalmers,Lionel Chalmers,lionel-chalmers,2763.0,https://cdn.nba.com/headshots/nba/latest/1040x760/2763.png,NBA CDN,candidate,manual_identity_research,,,,True,0
P003045,Lionel Hollins,Lionel Hollins,lionel-hollins,77043.0,https://cdn.nba.com/headshots/nba/latest/1040x760/77043.png,NBA CDN,candidate,manual_identity_research,,,,True,0
P003046,Lionel Simmons,Lionel Simmons,lionel-simmons,1489.0,https://cdn.nba.com/headshots/nba/latest/1040x760/1489.png,NBA CDN,candidate,manual_identity_research,,,,True,0
P003047,Litterial Green,Litterial Green,litterial-green,1036.0,https://cdn.nba.com/headshots/nba/latest/1040x760/1036.png,NBA CDN,candidate,manual_identity_research,,,,True,0
P003048,Lloyd Daniels,Lloyd Daniels,lloyd-daniels,1380.0,https://cdn.nba.com/headshots/nba/latest/1040x760/1380.png,NBA CDN,candidate,manual_identity_research,,,,True,0
P003049,Lloyd Neal,Lloyd Neal,lloyd-neal,77696.0,https://cdn.nba.com/headshots/nba/latest/1040x760/77696.png,NBA CDN,candidate,manual_identity_research,,,,True,0
P003050,Lloyd Walton,Lloyd Walton,lloyd-walton,78449.0,https://cdn.nba.com/headshots/nba/latest/1040x760/78449.png,NBA CDN,candidate,manual_identity_research,,,,True,0
P003051,Logan Vander Velden,Logan Vander Velden,logan-vander-velden,,,,manual_identity_review,manual_identity_research,,,,True,0
P003052,London Perrantes,London Perrantes,london-perrantes,1628506.0,https://cdn.nba.com/headshots/nba/latest/1040x760/1628506.png,NBA CDN,candidate,manual_identity_research,,,,True,0
P003053,Lonnie Shelton,Lonnie Shelton,lonnie-shelton,78133.0,https://cdn.nba.com/headshots/nba/latest/1040x760/78133.png,NBA CDN,candidate,manual_identity_research,,,,True,0
P003054,Lonnie Walker IV,Lonnie Walker IV,lonnie-walker-iv,1629022.0,https://cdn.nba.com/headshots/nba/latest/1040x760/1629022.png,NBA CDN,candidate,manual_identity_research,,,,True,0
P003055,Lonny Baxter,Lonny Baxter,lonny-baxter,2437.0,https://cdn.nba.com/headshots/nba/latest/1040x760/2437.png,NBA CDN,candidate,manual_identity_research,,,,True,0
P003056,Lonzo Ball,Lonzo Ball,lonzo-ball,1628366.0,https://cdn.nba.com/headshots/nba/latest/1040x760/1628366.png,NBA CDN,candidate,manual_identity_research,,,,True,0
P003057,Loren Meyer,Loren Meyer,loren-meyer,684.0,https://cdn.nba.com/headshots/nba/latest/1040x760/684.png,NBA CDN,candidate,manual_identity_research,,,,True,0
P003058,Loren Woods,Loren Woods,loren-woods,2254.0,https://cdn.nba.com/headshots/nba/latest/1040x760/2254.png,NBA CDN,candidate,manual_identity_research,,,,True,0
P003059,Lorenzen Wright,Lorenzen Wright,lorenzen-wright,953.0,https://cdn.nba.com/headshots/nba/latest/1040x760/953.png,NBA CDN,candidate,manual_identity_research,,,,True,0
P003060,Lorenzo Brown,Lorenzo Brown,lorenzo-brown,203485.0,https://cdn.nba.com/headshots/nba/latest/1040x760/203485.png,NBA CDN,candidate,manual_identity_research,,,,True,0
P003061,Lorenzo Charles,Lorenzo Charles,lorenzo-charles,76384.0,https://cdn.nba.com/headshots/nba/latest/1040x760/76384.png,NBA CDN,candidate,manual_identity_research,,,,True,0
P003062,Lorenzo Romar,Lorenzo Romar,lorenzo-romar,78015.0,https://cdn.nba.com/headshots/nba/latest/1040x760/78015.png,NBA CDN,candidate,manual_identity_research,,,,True,0
P003063,Lorenzo Williams,Lorenzo Williams,lorenzo-williams,31.0,https://cdn.nba.com/headshots/nba/latest/1040x760/31.png,NBA CDN,candidate,manual_identity_research,,,,True,0
P003064,Lou Amundson,Lou Amundson,lou-amundson,200811.0,https://cdn.nba.com/headshots/nba/latest/1040x760/200811.png,NBA CDN,candidate,manual_identity_research,,,,True,0
P003065,Lou Hudson,Lou Hudson,lou-hudson-p003065,77074.0,https://cdn.nba.com/headshots/nba/latest/1040x760/77074.png,NBA CDN,candidate,manual_identity_research,,,,True,0
P003066,Lou Hudson*,Lou Hudson*,lou-hudson-p003066,77074.0,https://cdn.nba.com/headshots/nba/latest/1040x760/77074.png,NBA CDN,candidate,manual_identity_research,,,,True,0
P003067,Lou Roe,Lou Roe,lou-roe,691.0,https://cdn.nba.com/headshots/nba/latest/1040x760/691.png,NBA CDN,candidate,manual_identity_research,,,,True,0
P003068,Lou Tsioropoulos,Lou Tsioropoulos,lou-tsioropoulos,78371.0,https://cdn.nba.com/headshots/nba/latest/1040x760/78371.png,NBA CDN,candidate,manual_identity_research,,,,True,0
P003069,Lou Williams,Lou Williams,lou-williams,101150.0,https://cdn.nba.com/headshots/nba/latest/1040x760/101150.png,NBA CDN,candidate,manual_identity_research,,,,True,0
P003070,Louie Dampier,Louie Dampier,louie-dampier-p003070,,,,manual_identity_review,manual_identity_research,,,,True,0
P003071,Louie Dampier*,Louie Dampier*,louie-dampier-p003071,,,,manual_identity_review,manual_identity_research,,,,True,0
P003072,Louie Nelson,Louie Nelson,louie-nelson,77701.0,https://cdn.nba.com/headshots/nba/latest/1040x760/77701.png,NBA CDN,candidate,manual_identity_research,,,,True,0
P003073,Louis King,Louis King,louis-king,1629663.0,https://cdn.nba.com/headshots/nba/latest/1040x760/1629663.png,NBA CDN,candidate,manual_identity_research,,,,True,0
P003074,Louis Orr,Louis Orr,louis-orr,77770.0,https://cdn.nba.com/headshots/nba/latest/1040x760/77770.png,NBA CDN,candidate,manual_identity_research,,,,True,0
P003075,Lowes Moore,Lowes Moore,lowes-moore,77635.0,https://cdn.nba.com/headshots/nba/latest/1040x760/77635.png,NBA CDN,candidate,manual_identity_research,,,,True,0
P003076,Loy Petersen,Loy Petersen,loy-petersen,77840.0,https://cdn.nba.com/headshots/nba/latest/1040x760/77840.png,NBA CDN,candidate,manual_identity_research,,,,True,0
P003077,Loy Vaught,Loy Vaught,loy-vaught,919.0,https://cdn.nba.com/headshots/nba/latest/1040x760/919.png,NBA CDN,candidate,manual_identity_research,,,,True,0
P003078,Luc Longley,Luc Longley,luc-longley,26.0,https://cdn.nba.com/headshots/nba/latest/1040x760/26.png,NBA CDN,candidate,manual_identity_research,,,,True,0
P003079,Luc Mbah a Moute,Luc Mbah a Moute,luc-mbah-a-moute,201601.0,https://cdn.nba.com/headshots/nba/latest/1040x760/201601.png,NBA CDN,candidate,manual_identity_research,,,,True,0
P003080,Luca Vildoza,Luca Vildoza,luca-vildoza,1630492.0,https://cdn.nba.com/headshots/nba/latest/1040x760/1630492.png,NBA CDN,candidate,manual_identity_research,,,,True,0
P003081,Lucas Nogueira,Lucas Nogueira,lucas-nogueira,203512.0,https://cdn.nba.com/headshots/nba/latest/1040x760/203512.png,NBA CDN,candidate,manual_identity_research,,,,True,0
P003082,Lucas Williamson,Lucas Williamson,lucas-williamson,1631351.0,https://cdn.nba.com/headshots/nba/latest/1040x760/1631351.png,NBA CDN,candidate,manual_identity_research,,,,True,0
P003083,Lucious Harris,Lucious Harris,lucious-harris,446.0,https://cdn.nba.com/headshots/nba/latest/1040x760/446.png,NBA CDN,candidate,manual_identity_research,,,,True,0
P003084,Lucius Allen,Lucius Allen,lucius-allen,76027.0,https://cdn.nba.com/headshots/nba/latest/1040x760/76027.png,NBA CDN,candidate,manual_identity_research,,,,True,0
P003085,Luguentz Dort,Luguentz Dort,luguentz-dort,1629652.0,https://cdn.nba.com/headshots/nba/latest/1040x760/1629652.png,NBA CDN,candidate,manual_identity_research,,,,True,0
P003086,Luis Flores,Luis Flores,luis-flores,2784.0,https://cdn.nba.com/headshots/nba/latest/1040x760/2784.png,NBA CDN,candidate,manual_identity_research,,,,True,0
P003087,Luis Montero,Luis Montero,luis-montero,1626242.0,https://cdn.nba.com/headshots/nba/latest/1040x760/1626242.png,NBA CDN,candidate,manual_identity_research,,,,True,0
P003088,Luis Scola,Luis Scola,luis-scola,2449.0,https://cdn.nba.com/headshots/nba/latest/1040x760/2449.png,NBA CDN,candidate,manual_identity_research,,,,True,0
P003089,Luka Dončić,Luka Dončić,luka-don-i,1629029.0,https://cdn.nba.com/headshots/nba/latest/1040x760/1629029.png,NBA CDN,candidate,manual_identity_research,,,,True,0
P003090,Luka Garza,Luka Garza,luka-garza,1630568.0,https://cdn.nba.com/headshots/nba/latest/1040x760/1630568.png,NBA CDN,candidate,manual_identity_research,,,,True,0
P003091,Luka Šamanić,Luka Šamanić,luka-amani,1629677.0,https://cdn.nba.com/headshots/nba/latest/1040x760/1629677.png,NBA CDN,candidate,manual_identity_research,,,,True,0
P003092,Luke Babbitt,Luke Babbitt,luke-babbitt,202337.0,https://cdn.nba.com/headshots/nba/latest/1040x760/202337.png,NBA CDN,candidate,manual_identity_research,,,,True,0
P003093,Luke Harangody,Luke Harangody,luke-harangody,202376.0,https://cdn.nba.com/headshots/nba/latest/1040x760/202376.png,NBA CDN,candidate,manual_identity_research,,,,True,0
P003094,Luke Jackson,Luke Jackson,luke-jackson,2739.0,https://cdn.nba.com/headshots/nba/latest/1040x760/2739.png,NBA CDN,candidate,manual_identity_research,,,,True,0
P003095,Luke Kennard,Luke Kennard,luke-kennard,1628379.0,https://cdn.nba.com/headshots/nba/latest/1040x760/1628379.png,NBA CDN,candidate,manual_identity_research,,,,True,0
P003096,Luke Kornet,Luke Kornet,luke-kornet,1628436.0,https://cdn.nba.com/headshots/nba/latest/1040x760/1628436.png,NBA CDN,candidate,manual_identity_research,,,,True,0
P003097,Luke Ridnour,Luke Ridnour,luke-ridnour,2557.0,https://cdn.nba.com/headshots/nba/latest/1040x760/2557.png,NBA CDN,candidate,manual_identity_research,,,,True,0
P003098,Luke Schenscher,Luke Schenscher,luke-schenscher,101195.0,https://cdn.nba.com/headshots/nba/latest/1040x760/101195.png,NBA CDN,candidate,manual_identity_research,,,,True,0
P003099,Luke Travers,Luke Travers,luke-travers,1631247.0,https://cdn.nba.com/headshots/nba/latest/1040x760/1631247.png,NBA CDN,candidate,manual_identity_research,,,,True,0
P003100,Luke Walton,Luke Walton,luke-walton,2575.0,https://cdn.nba.com/headshots/nba/latest/1040x760/2575.png,NBA CDN,candidate,manual_identity_research,,,,True,0
P003101,Luke Witte,Luke Witte,luke-witte,78603.0,https://cdn.nba.com/headshots/nba/latest/1040x760/78603.png,NBA CDN,candidate,manual_identity_research,,,,True,0
P003102,Luke Zeller,Luke Zeller,luke-zeller,202545.0,https://cdn.nba.com/headshots/nba/latest/1040x760/202545.png,NBA CDN,candidate,manual_identity_research,,,,True,0
P003103,Luol Deng,Luol Deng,luol-deng,2736.0,https://cdn.nba.com/headshots/nba/latest/1040x760/2736.png,NBA CDN,candidate,manual_identity_research,,,,True,0
P003104,Luther Green,Luther Green,luther-green,76872.0,https://cdn.nba.com/headshots/nba/latest/1040x760/76872.png,NBA CDN,candidate,manual_identity_research,,,,True,0
P003105,Luther Head,Luther Head,luther-head,101129.0,https://cdn.nba.com/headshots/nba/latest/1040x760/101129.png,NBA CDN,candidate,manual_identity_research,,,,True,0
P003106,Luther Rackley,Luther Rackley,luther-rackley,,,,manual_identity_review,manual_identity_research,,,,True,0
P003107,Luther Wright,Luther Wright,luther-wright,1007.0,https://cdn.nba.com/headshots/nba/latest/1040x760/1007.png,NBA CDN,candidate,manual_identity_research,,,,True,0
P003108,Lynn Greer,Lynn Greer,lynn-greer,2696.0,https://cdn.nba.com/headshots/nba/latest/1040x760/2696.png,NBA CDN,candidate,manual_identity_research,,,,True,0
P003109,M.J. Walker,M.J. Walker,m-j-walker,1630640.0,https://cdn.nba.com/headshots/nba/latest/1040x760/1630640.png,NBA CDN,verified,none,200.0,image/webp,verified,True,0
P003110,M.L. Carr,M.L. Carr,m-l-carr,76351.0,https://cdn.nba.com/headshots/nba/latest/1040x760/76351.png,NBA CDN,candidate,manual_identity_research,,,,True,0
P003111,Maalik Wayns,Maalik Wayns,maalik-wayns,203146.0,https://cdn.nba.com/headshots/nba/latest/1040x760/203146.png,NBA CDN,candidate,manual_identity_research,,,,True,0
P003112,Mac McClung,Mac McClung,mac-mcclung,1630644.0,https://cdn.nba.com/headshots/nba/latest/1040x760/1630644.png,NBA CDN,candidate,manual_identity_research,,,,True,0
P003113,Maceo Baston,Maceo Baston,maceo-baston,1766.0,https://cdn.nba.com/headshots/nba/latest/1040x760/1766.png,NBA CDN,candidate,manual_identity_research,,,,True,0
P003114,Maciej Lampe,Maciej Lampe,maciej-lampe,2573.0,https://cdn.nba.com/headshots/nba/latest/1040x760/2573.png,NBA CDN,candidate,manual_identity_research,,,,True,0
P003115,Mack Calvin,Mack Calvin,mack-calvin,76336.0,https://cdn.nba.com/headshots/nba/latest/1040x760/76336.png,NBA CDN,candidate,manual_identity_research,,,,True,0
P003116,Magic Johnson,Magic Johnson,magic-johnson-p003116,77142.0,https://cdn.nba.com/headshots/nba/latest/1040x760/77142.png,NBA CDN,candidate,manual_identity_research,,,,True,0
P003117,Magic Johnson*,Magic Johnson*,magic-johnson-p003117,77142.0,https://cdn.nba.com/headshots/nba/latest/1040x760/77142.png,NBA CDN,candidate,manual_identity_research,,,,True,0
P003118,Mahmoud Abdul-Rauf,Mahmoud Abdul-Rauf,mahmoud-abdul-rauf,51.0,https://cdn.nba.com/headshots/nba/latest/1040x760/51.png,NBA CDN,candidate,manual_identity_research,,,,True,0
P003119,Major Jones,Major Jones,major-jones,77189.0,https://cdn.nba.com/headshots/nba/latest/1040x760/77189.png,NBA CDN,candidate,manual_identity_research,,,,True,0
P003120,Makhtar N'Diaye,Makhtar N'Diaye,makhtar-n-diaye,1823.0,https://cdn.nba.com/headshots/nba/latest/1040x760/1823.png,NBA CDN,candidate,manual_identity_research,,,,True,0
P003121,Mal Graham,Mal Graham,mal-graham,76843.0,https://cdn.nba.com/headshots/nba/latest/1040x760/76843.png,NBA CDN,candidate,manual_identity_research,,,,True,0
P003122,Malachi Flynn,Malachi Flynn,malachi-flynn,1630201.0,https://cdn.nba.com/headshots/nba/latest/1040x760/1630201.png,NBA CDN,candidate,manual_identity_research,,,,True,0
P003123,Malachi Richardson,Malachi Richardson,malachi-richardson,1627781.0,https://cdn.nba.com/headshots/nba/latest/1040x760/1627781.png,NBA CDN,candidate,manual_identity_research,,,,True,0
P003124,Malachi Smith,Malachi Smith,malachi-smith,1641869.0,https://cdn.nba.com/headshots/nba/latest/1040x760/1641869.png,NBA CDN,candidate,manual_identity_research,,,,True,0
P003125,Malaki Branham,Malaki Branham,malaki-branham,1631103.0,https://cdn.nba.com/headshots/nba/latest/1040x760/1631103.png,NBA CDN,candidate,manual_identity_research,,,,True,0
P003126,Malcolm Brogdon,Malcolm Brogdon,malcolm-brogdon,1627763.0,https://cdn.nba.com/headshots/nba/latest/1040x760/1627763.png,NBA CDN,candidate,manual_identity_research,,,,True,0
P003127,Malcolm Cazalon,Malcolm Cazalon,malcolm-cazalon,1630608.0,https://cdn.nba.com/headshots/nba/latest/1040x760/1630608.png,NBA CDN,candidate,manual_identity_research,,,,True,0
P003128,Malcolm Delaney,Malcolm Delaney,malcolm-delaney,1627098.0,https://cdn.nba.com/headshots/nba/latest/1040x760/1627098.png,NBA CDN,candidate,manual_identity_research,,,,True,0
P003129,Malcolm Hill,Malcolm Hill,malcolm-hill,1630792.0,https://cdn.nba.com/headshots/nba/latest/1040x760/1630792.png,NBA CDN,candidate,manual_identity_research,,,,True,0
P003130,Malcolm Lee,Malcolm Lee,malcolm-lee,202723.0,https://cdn.nba.com/headshots/nba/latest/1040x760/202723.png,NBA CDN,candidate,manual_identity_research,,,,True,0
P003131,Malcolm Mackey,Malcolm Mackey,malcolm-mackey,1635.0,https://cdn.nba.com/headshots/nba/latest/1040x760/1635.png,NBA CDN,candidate,manual_identity_research,,,,True,0
P003132,Malcolm Miller,Malcolm Miller,malcolm-miller,1626259.0,https://cdn.nba.com/headshots/nba/latest/1040x760/1626259.png,NBA CDN,candidate,manual_identity_research,,,,True,0
P003133,Malcolm Thomas,Malcolm Thomas,malcolm-thomas,202952.0,https://cdn.nba.com/headshots/nba/latest/1040x760/202952.png,NBA CDN,candidate,manual_identity_research,,,,True,0
P003134,Malevy Leons,Malevy Leons,malevy-leons,1642502.0,https://cdn.nba.com/headshots/nba/latest/1040x760/1642502.png,NBA CDN,candidate,manual_identity_research,,,,True,0
P003135,Malik Allen,Malik Allen,malik-allen,2124.0,https://cdn.nba.com/headshots/nba/latest/1040x760/2124.png,NBA CDN,candidate,manual_identity_research,,,,True,0
P003136,Malik Beasley,Malik Beasley,malik-beasley,1627736.0,https://cdn.nba.com/headshots/nba/latest/1040x760/1627736.png,NBA CDN,candidate,manual_identity_research,,,,True,0
P003137,Malik Fitts,Malik Fitts,malik-fitts,1630238.0,https://cdn.nba.com/headshots/nba/latest/1040x760/1630238.png,NBA CDN,candidate,manual_identity_research,,,,True,0
P003138,Malik Hairston,Malik Hairston,malik-hairston,201612.0,https://cdn.nba.com/headshots/nba/latest/1040x760/201612.png,NBA CDN,candidate,manual_identity_research,,,,True,0
P003139,Malik Monk,Malik Monk,malik-monk,1628370.0,https://cdn.nba.com/headshots/nba/latest/1040x760/1628370.png,NBA CDN,candidate,manual_identity_research,,,,True,0
P003140,Malik Newman,Malik Newman,malik-newman,1629005.0,https://cdn.nba.com/headshots/nba/latest/1040x760/1629005.png,NBA CDN,candidate,manual_identity_research,,,,True,0
P003141,Malik Rose,Malik Rose,malik-rose,990.0,https://cdn.nba.com/headshots/nba/latest/1040x760/990.png,NBA CDN,candidate,manual_identity_research,,,,True,0
P003142,Malik Sealy,Malik Sealy,malik-sealy,907.0,https://cdn.nba.com/headshots/nba/latest/1040x760/907.png,NBA CDN,candidate,manual_identity_research,,,,True,0
P003143,Malik Williams,Malik Williams,malik-williams,1642013.0,https://cdn.nba.com/headshots/nba/latest/1040x760/1642013.png,NBA CDN,candidate,manual_identity_research,,,,True,0
P003144,Mamadi Diakite,Mamadi Diakite,mamadi-diakite,1629603.0,https://cdn.nba.com/headshots/nba/latest/1040x760/1629603.png,NBA CDN,candidate,manual_identity_research,,,,True,0
P003145,Mamadou N'Diaye,Mamadou N'Diaye,mamadou-n-diaye,2055.0,https://cdn.nba.com/headshots/nba/latest/1040x760/2055.png,NBA CDN,candidate,manual_identity_research,,,,True,0
P003146,Mangok Mathiang,Mangok Mathiang,mangok-mathiang,1628493.0,https://cdn.nba.com/headshots/nba/latest/1040x760/1628493.png,NBA CDN,candidate,manual_identity_research,,,,True,0
P003147,Manny Harris,Manny Harris,manny-harris,202412.0,https://cdn.nba.com/headshots/nba/latest/1040x760/202412.png,NBA CDN,candidate,manual_identity_research,,,,True,0
P003148,Manny Leaks,Manny Leaks,manny-leaks,,,,manual_identity_review,manual_identity_research,,,,True,0
P003149,Manu Ginóbili,Manu Ginóbili,manu-gin-bili-p003149,1938.0,https://cdn.nba.com/headshots/nba/latest/1040x760/1938.png,NBA CDN,candidate,manual_identity_research,,,,True,0
P003150,Manu Ginóbili*,Manu Ginóbili*,manu-gin-bili-p003150,1938.0,https://cdn.nba.com/headshots/nba/latest/1040x760/1938.png,NBA CDN,candidate,manual_identity_research,,,,True,0
P003151,Manute Bol,Manute Bol,manute-bol,76195.0,https://cdn.nba.com/headshots/nba/latest/1040x760/76195.png,NBA CDN,candidate,manual_identity_research,,,,True,0
P003152,MarJon Beauchamp,MarJon Beauchamp,marjon-beauchamp,1630699.0,https://cdn.nba.com/headshots/nba/latest/1040x760/1630699.png,NBA CDN,candidate,manual_identity_research,,,,True,0
P003153,MarShon Brooks,MarShon Brooks,marshon-brooks,202705.0,https://cdn.nba.com/headshots/nba/latest/1040x760/202705.png,NBA CDN,candidate,manual_identity_research,,,,True,0
P003154,Marc Gasol,Marc Gasol,marc-gasol,201188.0,https://cdn.nba.com/headshots/nba/latest/1040x760/201188.png,NBA CDN,candidate,manual_identity_research,,,,True,0
P003155,Marc Iavaroni,Marc Iavaroni,marc-iavaroni,77092.0,https://cdn.nba.com/headshots/nba/latest/1040x760/77092.png,NBA CDN,candidate,manual_identity_research,,,,True,0
P003156,Marc Jackson,Marc Jackson,marc-jackson,1531.0,https://cdn.nba.com/headshots/nba/latest/1040x760/1531.png,NBA CDN,candidate,manual_identity_research,,,,True,0
P003157,Marcelo Huertas,Marcelo Huertas,marcelo-huertas,1626273.0,https://cdn.nba.com/headshots/nba/latest/1040x760/1626273.png,NBA CDN,candidate,manual_identity_research,,,,True,0
P003158,Marcin Gortat,Marcin Gortat,marcin-gortat,101162.0,https://cdn.nba.com/headshots/nba/latest/1040x760/101162.png,NBA CDN,candidate,manual_identity_research,,,,True,0
P003159,Marco Belinelli,Marco Belinelli,marco-belinelli,201158.0,https://cdn.nba.com/headshots/nba/latest/1040x760/201158.png,NBA CDN,candidate,manual_identity_research,,,,True,0
P003160,Marcus Bagley,Marcus Bagley,marcus-bagley,1630542.0,https://cdn.nba.com/headshots/nba/latest/1040x760/1630542.png,NBA CDN,candidate,manual_identity_research,,,,True,0
P003161,Marcus Banks,Marcus Banks,marcus-banks,2556.0,https://cdn.nba.com/headshots/nba/latest/1040x760/2556.png,NBA CDN,candidate,manual_identity_research,,,,True,0
P003162,Marcus Brown,Marcus Brown,marcus-brown,992.0,https://cdn.nba.com/headshots/nba/latest/1040x760/992.png,NBA CDN,candidate,manual_identity_research,,,,True,0
P003163,Marcus Camby,Marcus Camby,marcus-camby,948.0,https://cdn.nba.com/headshots/nba/latest/1040x760/948.png,NBA CDN,candidate,manual_identity_research,,,,True,0
P003164,Marcus Cousin,Marcus Cousin,marcus-cousin,202408.0,https://cdn.nba.com/headshots/nba/latest/1040x760/202408.png,NBA CDN,candidate,manual_identity_research,,,,True,0
P003165,Marcus Derrickson,Marcus Derrickson,marcus-derrickson,1629094.0,https://cdn.nba.com/headshots/nba/latest/1040x760/1629094.png,NBA CDN,candidate,manual_identity_research,,,,True,0
P003166,Marcus Fizer,Marcus Fizer,marcus-fizer,2033.0,https://cdn.nba.com/headshots/nba/latest/1040x760/2033.png,NBA CDN,candidate,manual_identity_research,,,,True,0
P003167,Marcus Garrett,Marcus Garrett,marcus-garrett,1630585.0,https://cdn.nba.com/headshots/nba/latest/1040x760/1630585.png,NBA CDN,candidate,manual_identity_research,,,,True,0
P003168,Marcus Georges-Hunt,Marcus Georges-Hunt,marcus-georges-hunt,1627875.0,https://cdn.nba.com/headshots/nba/latest/1040x760/1627875.png,NBA CDN,candidate,manual_identity_research,,,,True,0
P003169,Marcus Haislip,Marcus Haislip,marcus-haislip,2409.0,https://cdn.nba.com/headshots/nba/latest/1040x760/2409.png,NBA CDN,candidate,manual_identity_research,,,,True,0
P003170,Marcus Landry,Marcus Landry,marcus-landry,202068.0,https://cdn.nba.com/headshots/nba/latest/1040x760/202068.png,NBA CDN,candidate,manual_identity_research,,,,True,0
P003171,Marcus Liberty,Marcus Liberty,marcus-liberty,77386.0,https://cdn.nba.com/headshots/nba/latest/1040x760/77386.png,NBA CDN,candidate,manual_identity_research,,,,True,0
P003172,Marcus Morris,Marcus Morris,marcus-morris,202694.0,https://cdn.nba.com/headshots/nba/latest/1040x760/202694.png,NBA CDN,verified,none,200.0,image/webp,verified,True,0
P003173,Marcus Paige,Marcus Paige,marcus-paige,1627779.0,https://cdn.nba.com/headshots/nba/latest/1040x760/1627779.png,NBA CDN,candidate,manual_identity_research,,,,True,0
P003174,Marcus Sasser,Marcus Sasser,marcus-sasser,1631204.0,https://cdn.nba.com/headshots/nba/latest/1040x760/1631204.png,NBA CDN,candidate,manual_identity_research,,,,True,0
P003175,Marcus Smart,Marcus Smart,marcus-smart,203935.0,https://cdn.nba.com/headshots/nba/latest/1040x760/203935.png,NBA CDN,candidate,manual_identity_research,,,,True,0
P003176,Marcus Thornton,Marcus Thornton,marcus-thornton,201977.0,https://cdn.nba.com/headshots/nba/latest/1040x760/201977.png,NBA CDN,candidate,manual_identity_research,,,,True,0
P003177,Marcus Vinicius,Marcus Vinicius,marcus-vinicius,200790.0,https://cdn.nba.com/headshots/nba/latest/1040x760/200790.png,NBA CDN,candidate,manual_identity_research,,,,True,0
P003178,Marcus Webb,Marcus Webb,marcus-webb,78478.0,https://cdn.nba.com/headshots/nba/latest/1040x760/78478.png,NBA CDN,candidate,manual_identity_research,,,,True,0
P003179,Marcus Williams,Marcus Williams,marcus-williams,,,,manual_identity_review,manual_identity_research,,,,True,0
P003180,Mardy Collins,Mardy Collins,mardy-collins,200776.0,https://cdn.nba.com/headshots/nba/latest/1040x760/200776.png,NBA CDN,candidate,manual_identity_research,,,,True,0
P003181,Marial Shayok,Marial Shayok,marial-shayok,1629621.0,https://cdn.nba.com/headshots/nba/latest/1040x760/1629621.png,NBA CDN,candidate,manual_identity_research,,,,True,0
P003182,Mario Bennett,Mario Bennett,mario-bennett,712.0,https://cdn.nba.com/headshots/nba/latest/1040x760/712.png,NBA CDN,candidate,manual_identity_research,,,,True,0
P003183,Mario Chalmers,Mario Chalmers,mario-chalmers,201596.0,https://cdn.nba.com/headshots/nba/latest/1040x760/201596.png,NBA CDN,candidate,manual_identity_research,,,,True,0
P003184,Mario Elie,Mario Elie,mario-elie,53.0,https://cdn.nba.com/headshots/nba/latest/1040x760/53.png,NBA CDN,candidate,manual_identity_research,,,,True,0
P003185,Mario Hezonja,Mario Hezonja,mario-hezonja,1626209.0,https://cdn.nba.com/headshots/nba/latest/1040x760/1626209.png,NBA CDN,candidate,manual_identity_research,,,,True,0
P003186,Mario Kasun,Mario Kasun,mario-kasun,2435.0,https://cdn.nba.com/headshots/nba/latest/1040x760/2435.png,NBA CDN,candidate,manual_identity_research,,,,True,0
P003187,Mario West,Mario West,mario-west,201238.0,https://cdn.nba.com/headshots/nba/latest/1040x760/201238.png,NBA CDN,candidate,manual_identity_research,,,,True,0
P003188,Mark Acres,Mark Acres,mark-acres,76009.0,https://cdn.nba.com/headshots/nba/latest/1040x760/76009.png,NBA CDN,candidate,manual_identity_research,,,,True,0
P003189,Mark Aguirre,Mark Aguirre,mark-aguirre,76016.0,https://cdn.nba.com/headshots/nba/latest/1040x760/76016.png,NBA CDN,candidate,manual_identity_research,,,,True,0
P003190,Mark Alarie,Mark Alarie,mark-alarie,76019.0,https://cdn.nba.com/headshots/nba/latest/1040x760/76019.png,NBA CDN,candidate,manual_identity_research,,,,True,0
P003191,Mark Baker,Mark Baker,mark-baker,1858.0,https://cdn.nba.com/headshots/nba/latest/1040x760/1858.png,NBA CDN,candidate,manual_identity_research,,,,True,0
P003192,Mark Blount,Mark Blount,mark-blount,1548.0,https://cdn.nba.com/headshots/nba/latest/1040x760/1548.png,NBA CDN,candidate,manual_identity_research,,,,True,0
P003193,Mark Bradtke,Mark Bradtke,mark-bradtke,1361.0,https://cdn.nba.com/headshots/nba/latest/1040x760/1361.png,NBA CDN,candidate,manual_identity_research,,,,True,0
P003194,Mark Bryant,Mark Bryant,mark-bryant,95.0,https://cdn.nba.com/headshots/nba/latest/1040x760/95.png,NBA CDN,candidate,manual_identity_research,,,,True,0
P003195,Mark Crow,Mark Crow,mark-crow,76481.0,https://cdn.nba.com/headshots/nba/latest/1040x760/76481.png,NBA CDN,candidate,manual_identity_research,,,,True,0
P003196,Mark Davis,Mark Davis,mark-davis,,,,manual_identity_review,manual_identity_research,,,,True,0
P003197,Mark Eaton,Mark Eaton,mark-eaton,76631.0,https://cdn.nba.com/headshots/nba/latest/1040x760/76631.png,NBA CDN,candidate,manual_identity_research,,,,True,0
P003198,Mark Hendrickson,Mark Hendrickson,mark-hendrickson,971.0,https://cdn.nba.com/headshots/nba/latest/1040x760/971.png,NBA CDN,candidate,manual_identity_research,,,,True,0
P003199,Mark Jackson,Mark Jackson,mark-jackson,349.0,https://cdn.nba.com/headshots/nba/latest/1040x760/349.png,NBA CDN,candidate,manual_identity_research,,,,True,0
P003200,Mark Jones,Mark Jones,mark-jones,,,,manual_identity_review,manual_identity_research,,,,True,0
P003201,Mark Landsberger,Mark Landsberger,mark-landsberger,77334.0,https://cdn.nba.com/headshots/nba/latest/1040x760/77334.png,NBA CDN,candidate,manual_identity_research,,,,True,0
P003202,Mark Macon,Mark Macon,mark-macon,1855.0,https://cdn.nba.com/headshots/nba/latest/1040x760/1855.png,NBA CDN,candidate,manual_identity_research,,,,True,0
P003203,Mark Madsen,Mark Madsen,mark-madsen,2058.0,https://cdn.nba.com/headshots/nba/latest/1040x760/2058.png,NBA CDN,candidate,manual_identity_research,,,,True,0
P003204,Mark McNamara,Mark McNamara,mark-mcnamara,77558.0,https://cdn.nba.com/headshots/nba/latest/1040x760/77558.png,NBA CDN,candidate,manual_identity_research,,,,True,0
P003205,Mark Minor,Mark Minor,mark-minor,77612.0,https://cdn.nba.com/headshots/nba/latest/1040x760/77612.png,NBA CDN,candidate,manual_identity_research,,,,True,0
P003206,Mark Olberding,Mark Olberding,mark-olberding,77756.0,https://cdn.nba.com/headshots/nba/latest/1040x760/77756.png,NBA CDN,candidate,manual_identity_research,,,,True,0
P003207,Mark Pope,Mark Pope,mark-pope,998.0,https://cdn.nba.com/headshots/nba/latest/1040x760/998.png,NBA CDN,candidate,manual_identity_research,,,,True,0
P003208,Mark Price,Mark Price,mark-price,899.0,https://cdn.nba.com/headshots/nba/latest/1040x760/899.png,NBA CDN,candidate,manual_identity_research,,,,True,0
P003209,Mark Radford,Mark Radford,mark-radford,77896.0,https://cdn.nba.com/headshots/nba/latest/1040x760/77896.png,NBA CDN,candidate,manual_identity_research,,,,True,0
P003210,Mark Randall,Mark Randall,mark-randall,1821.0,https://cdn.nba.com/headshots/nba/latest/1040x760/1821.png,NBA CDN,candidate,manual_identity_research,,,,True,0
P003211,Mark Sears,Mark Sears,mark-sears,1641813.0,https://cdn.nba.com/headshots/nba/latest/1040x760/1641813.png,NBA CDN,candidate,manual_identity_research,,,,True,0
P003212,Mark Sibley,Mark Sibley,mark-sibley,78145.0,https://cdn.nba.com/headshots/nba/latest/1040x760/78145.png,NBA CDN,candidate,manual_identity_research,,,,True,0
P003213,Mark Strickland,Mark Strickland,mark-strickland,1110.0,https://cdn.nba.com/headshots/nba/latest/1040x760/1110.png,NBA CDN,candidate,manual_identity_research,,,,True,0
P003214,Mark Wade,Mark Wade,mark-wade,78426.0,https://cdn.nba.com/headshots/nba/latest/1040x760/78426.png,NBA CDN,candidate,manual_identity_research,,,,True,0
P003215,Mark West,Mark West,mark-west,770.0,https://cdn.nba.com/headshots/nba/latest/1040x760/770.png,NBA CDN,candidate,manual_identity_research,,,,True,0
P003216,Mark Williams,Mark Williams,mark-williams,1631109.0,https://cdn.nba.com/headshots/nba/latest/1040x760/1631109.png,NBA CDN,candidate,manual_identity_research,,,,True,0
P003217,Mark Workman,Mark Workman,mark-workman,78616.0,https://cdn.nba.com/headshots/nba/latest/1040x760/78616.png,NBA CDN,candidate,manual_identity_research,,,,True,0
P003218,Markel Brown,Markel Brown,markel-brown,203900.0,https://cdn.nba.com/headshots/nba/latest/1040x760/203900.png,NBA CDN,candidate,manual_identity_research,,,,True,0
P003219,Markelle Fultz,Markelle Fultz,markelle-fultz,1628365.0,https://cdn.nba.com/headshots/nba/latest/1040x760/1628365.png,NBA CDN,candidate,manual_identity_research,,,,True,0
P003220,Markieff Morris,Markieff Morris,markieff-morris,202693.0,https://cdn.nba.com/headshots/nba/latest/1040x760/202693.png,NBA CDN,candidate,manual_identity_research,,,,True,0
P003221,Marko Gudurić,Marko Gudurić,marko-guduri,1629741.0,https://cdn.nba.com/headshots/nba/latest/1040x760/1629741.png,NBA CDN,candidate,manual_identity_research,,,,True,0
P003222,Marko Jarić,Marko Jarić,marko-jari,2060.0,https://cdn.nba.com/headshots/nba/latest/1040x760/2060.png,NBA CDN,candidate,manual_identity_research,,,,True,0
P003223,Marko Milič,Marko Milič,marko-mili,1527.0,https://cdn.nba.com/headshots/nba/latest/1040x760/1527.png,NBA CDN,candidate,manual_identity_research,,,,True,0
P003224,Marko Simonovic,Marko Simonovic,marko-simonovic,1630250.0,https://cdn.nba.com/headshots/nba/latest/1040x760/1630250.png,NBA CDN,candidate,manual_identity_research,,,,True,0
P003225,Markquis Nowell,Markquis Nowell,markquis-nowell,1641806.0,https://cdn.nba.com/headshots/nba/latest/1040x760/1641806.png,NBA CDN,candidate,manual_identity_research,,,,True,0
P003226,Markus Howard,Markus Howard,markus-howard,1630210.0,https://cdn.nba.com/headshots/nba/latest/1040x760/1630210.png,NBA CDN,candidate,manual_identity_research,,,,True,0
P003227,Marlon Garnett,Marlon Garnett,marlon-garnett,1831.0,https://cdn.nba.com/headshots/nba/latest/1040x760/1831.png,NBA CDN,candidate,manual_identity_research,,,,True,0
P003228,Marlon Maxey,Marlon Maxey,marlon-maxey,77486.0,https://cdn.nba.com/headshots/nba/latest/1040x760/77486.png,NBA CDN,candidate,manual_identity_research,,,,True,0
P003229,Marlon Redmond,Marlon Redmond,marlon-redmond,77926.0,https://cdn.nba.com/headshots/nba/latest/1040x760/77926.png,NBA CDN,candidate,manual_identity_research,,,,True,0
P003230,Marques Bolden,Marques Bolden,marques-bolden,1629716.0,https://cdn.nba.com/headshots/nba/latest/1040x760/1629716.png,NBA CDN,candidate,manual_identity_research,,,,True,0
P003231,Marques Bragg,Marques Bragg,marques-bragg,66.0,https://cdn.nba.com/headshots/nba/latest/1040x760/66.png,NBA CDN,candidate,manual_identity_research,,,,True,0
P003232,Marques Johnson,Marques Johnson,marques-johnson,77160.0,https://cdn.nba.com/headshots/nba/latest/1040x760/77160.png,NBA CDN,candidate,manual_identity_research,,,,True,0
P003233,Marquese Chriss,Marquese Chriss,marquese-chriss,1627737.0,https://cdn.nba.com/headshots/nba/latest/1040x760/1627737.png,NBA CDN,candidate,manual_identity_research,,,,True,0
P003234,Marquis Daniels,Marquis Daniels,marquis-daniels,2605.0,https://cdn.nba.com/headshots/nba/latest/1040x760/2605.png,NBA CDN,candidate,manual_identity_research,,,,True,0
P003235,Marquis Teague,Marquis Teague,marquis-teague,203104.0,https://cdn.nba.com/headshots/nba/latest/1040x760/203104.png,NBA CDN,candidate,manual_identity_research,,,,True,0
P003236,Marreese Speights,Marreese Speights,marreese-speights,201578.0,https://cdn.nba.com/headshots/nba/latest/1040x760/201578.png,NBA CDN,candidate,manual_identity_research,,,,True,0
P003237,Marshall Plumlee,Marshall Plumlee,marshall-plumlee,1627850.0,https://cdn.nba.com/headshots/nba/latest/1040x760/1627850.png,NBA CDN,candidate,manual_identity_research,,,,True,0
P003238,Marshall Rogers,Marshall Rogers,marshall-rogers,78008.0,https://cdn.nba.com/headshots/nba/latest/1040x760/78008.png,NBA CDN,candidate,manual_identity_research,,,,True,0
P003239,Martell Webster,Martell Webster,martell-webster,101110.0,https://cdn.nba.com/headshots/nba/latest/1040x760/101110.png,NBA CDN,candidate,manual_identity_research,,,,True,0
P003240,Martin Lewis,Martin Lewis,martin-lewis,729.0,https://cdn.nba.com/headshots/nba/latest/1040x760/729.png,NBA CDN,candidate,manual_identity_research,,,,True,0
P003241,Martin Müürsepp,Martin Müürsepp,martin-m-rsepp,982.0,https://cdn.nba.com/headshots/nba/latest/1040x760/982.png,NBA CDN,candidate,manual_identity_research,,,,True,0
P003242,Martin Nessley,Martin Nessley,martin-nessley,77704.0,https://cdn.nba.com/headshots/nba/latest/1040x760/77704.png,NBA CDN,candidate,manual_identity_research,,,,True,0
P003243,Marty Byrnes,Marty Byrnes,marty-byrnes,76321.0,https://cdn.nba.com/headshots/nba/latest/1040x760/76321.png,NBA CDN,candidate,manual_identity_research,,,,True,0
P003244,Marty Conlon,Marty Conlon,marty-conlon,55.0,https://cdn.nba.com/headshots/nba/latest/1040x760/55.png,NBA CDN,candidate,manual_identity_research,,,,True,0
P003245,Martynas Andriuškevičius,Martynas Andriuškevičius,martynas-andriu-kevi-ius,101149.0,https://cdn.nba.com/headshots/nba/latest/1040x760/101149.png,NBA CDN,candidate,manual_identity_research,,,,True,0
P003246,Marv Roberts,Marv Roberts,marv-roberts,77978.0,https://cdn.nba.com/headshots/nba/latest/1040x760/77978.png,NBA CDN,candidate,manual_identity_research,,,,True,0
P003247,Marv Winkler,Marv Winkler,marv-winkler,78597.0,https://cdn.nba.com/headshots/nba/latest/1040x760/78597.png,NBA CDN,candidate,manual_identity_research,,,,True,0
P003248,Marvin Bagley III,Marvin Bagley III,marvin-bagley-iii,1628963.0,https://cdn.nba.com/headshots/nba/latest/1040x760/1628963.png,NBA CDN,candidate,manual_identity_research,,,,True,0
P003249,Marvin Barnes,Marvin Barnes,marvin-barnes,76104.0,https://cdn.nba.com/headshots/nba/latest/1040x760/76104.png,NBA CDN,candidate,manual_identity_research,,,,True,0
P003250,Marvin Webster,Marvin Webster,marvin-webster,78481.0,https://cdn.nba.com/headshots/nba/latest/1040x760/78481.png,NBA CDN,candidate,manual_identity_research,,,,True,0
P003251,Marvin Williams,Marvin Williams,marvin-williams,101107.0,https://cdn.nba.com/headshots/nba/latest/1040x760/101107.png,NBA CDN,candidate,manual_identity_research,,,,True,0
P003252,Mason Jones,Mason Jones,mason-jones,1630222.0,https://cdn.nba.com/headshots/nba/latest/1040x760/1630222.png,NBA CDN,candidate,manual_identity_research,,,,True,0
P003253,Mason Plumlee,Mason Plumlee,mason-plumlee,203486.0,https://cdn.nba.com/headshots/nba/latest/1040x760/203486.png,NBA CDN,candidate,manual_identity_research,,,,True,0
P003254,Matas Buzelis,Matas Buzelis,matas-buzelis,1641824.0,https://cdn.nba.com/headshots/nba/latest/1040x760/1641824.png,NBA CDN,candidate,manual_identity_research,,,,True,0
P003255,Mateen Cleaves,Mateen Cleaves,mateen-cleaves,2043.0,https://cdn.nba.com/headshots/nba/latest/1040x760/2043.png,NBA CDN,candidate,manual_identity_research,,,,True,0
P003256,Matisse Thybulle,Matisse Thybulle,matisse-thybulle,1629680.0,https://cdn.nba.com/headshots/nba/latest/1040x760/1629680.png,NBA CDN,candidate,manual_identity_research,,,,True,0
P003257,Matt Barnes,Matt Barnes,matt-barnes,2440.0,https://cdn.nba.com/headshots/nba/latest/1040x760/2440.png,NBA CDN,candidate,manual_identity_research,,,,True,0
P003258,Matt Bonner,Matt Bonner,matt-bonner,2588.0,https://cdn.nba.com/headshots/nba/latest/1040x760/2588.png,NBA CDN,candidate,manual_identity_research,,,,True,0
P003259,Matt Bullard,Matt Bullard,matt-bullard,672.0,https://cdn.nba.com/headshots/nba/latest/1040x760/672.png,NBA CDN,candidate,manual_identity_research,,,,True,0
P003260,Matt Carroll,Matt Carroll,matt-carroll,2679.0,https://cdn.nba.com/headshots/nba/latest/1040x760/2679.png,NBA CDN,candidate,manual_identity_research,,,,True,0
P003261,Matt Costello,Matt Costello,matt-costello,1627856.0,https://cdn.nba.com/headshots/nba/latest/1040x760/1627856.png,NBA CDN,candidate,manual_identity_research,,,,True,0
P003262,Matt Fish,Matt Fish,matt-fish,900.0,https://cdn.nba.com/headshots/nba/latest/1040x760/900.png,NBA CDN,candidate,manual_identity_research,,,,True,0
P003263,Matt Freije,Matt Freije,matt-freije,2782.0,https://cdn.nba.com/headshots/nba/latest/1040x760/2782.png,NBA CDN,candidate,manual_identity_research,,,,True,0
P003264,Matt Geiger,Matt Geiger,matt-geiger,761.0,https://cdn.nba.com/headshots/nba/latest/1040x760/761.png,NBA CDN,candidate,manual_identity_research,,,,True,0
P003265,Matt Guokas,Matt Guokas,matt-guokas,76908.0,https://cdn.nba.com/headshots/nba/latest/1040x760/76908.png,NBA CDN,verified,none,200.0,image/avif,verified,True,0
P003266,Matt Harpring,Matt Harpring,matt-harpring,1723.0,https://cdn.nba.com/headshots/nba/latest/1040x760/1723.png,NBA CDN,candidate,manual_identity_research,,,,True,0
P003267,Matt Maloney,Matt Maloney,matt-maloney,1074.0,https://cdn.nba.com/headshots/nba/latest/1040x760/1074.png,NBA CDN,candidate,manual_identity_research,,,,True,0
P003268,Matt Mooney,Matt Mooney,matt-mooney,1629760.0,https://cdn.nba.com/headshots/nba/latest/1040x760/1629760.png,NBA CDN,candidate,manual_identity_research,,,,True,0
P003269,Matt Othick,Matt Othick,matt-othick,77777.0,https://cdn.nba.com/headshots/nba/latest/1040x760/77777.png,NBA CDN,candidate,manual_identity_research,,,,True,0
P003270,Matt Ryan,Matt Ryan,matt-ryan,1630346.0,https://cdn.nba.com/headshots/nba/latest/1040x760/1630346.png,NBA CDN,candidate,manual_identity_research,,,,True,0
P003271,Matt Steigenga,Matt Steigenga,matt-steigenga,1099.0,https://cdn.nba.com/headshots/nba/latest/1040x760/1099.png,NBA CDN,candidate,manual_identity_research,,,,True,0
P003272,Matt Thomas,Matt Thomas,matt-thomas,1629744.0,https://cdn.nba.com/headshots/nba/latest/1040x760/1629744.png,NBA CDN,candidate,manual_identity_research,,,,True,0
P003273,Matt Walsh,Matt Walsh,matt-walsh,101190.0,https://cdn.nba.com/headshots/nba/latest/1040x760/101190.png,NBA CDN,candidate,manual_identity_research,,,,True,0
P003274,Matt Wenstrom,Matt Wenstrom,matt-wenstrom,78492.0,https://cdn.nba.com/headshots/nba/latest/1040x760/78492.png,NBA CDN,candidate,manual_identity_research,,,,True,0
P003275,Matt Williams,Matt Williams,matt-williams,1628475.0,https://cdn.nba.com/headshots/nba/latest/1040x760/1628475.png,NBA CDN,verified,none,200.0,image/webp,verified,True,0
P003276,Matthew Dellavedova,Matthew Dellavedova,matthew-dellavedova,203521.0,https://cdn.nba.com/headshots/nba/latest/1040x760/203521.png,NBA CDN,candidate,manual_identity_research,,,,True,0
P003277,Matthew Hurt,Matthew Hurt,matthew-hurt,,,,manual_identity_review,manual_identity_research,,,,True,0
P003278,Maurice Ager,Maurice Ager,maurice-ager,200772.0,https://cdn.nba.com/headshots/nba/latest/1040x760/200772.png,NBA CDN,candidate,manual_identity_research,,,,True,0
P003279,Maurice Baker,Maurice Baker,maurice-baker,2486.0,https://cdn.nba.com/headshots/nba/latest/1040x760/2486.png,NBA CDN,candidate,manual_identity_research,,,,True,0
P003280,Maurice Carter,Maurice Carter,maurice-carter,2466.0,https://cdn.nba.com/headshots/nba/latest/1040x760/2466.png,NBA CDN,candidate,manual_identity_research,,,,True,0
P003281,Maurice Cheeks,Maurice Cheeks,maurice-cheeks-p003281,76385.0,https://cdn.nba.com/headshots/nba/latest/1040x760/76385.png,NBA CDN,candidate,manual_identity_research,,,,True,0
P003282,Maurice Cheeks*,Maurice Cheeks*,maurice-cheeks-p003282,76385.0,https://cdn.nba.com/headshots/nba/latest/1040x760/76385.png,NBA CDN,candidate,manual_identity_research,,,,True,0
P003283,Maurice Evans,Maurice Evans,maurice-evans,2230.0,https://cdn.nba.com/headshots/nba/latest/1040x760/2230.png,NBA CDN,candidate,manual_identity_research,,,,True,0
P003284,Maurice Harkless,Maurice Harkless,maurice-harkless,203090.0,https://cdn.nba.com/headshots/nba/latest/1040x760/203090.png,NBA CDN,candidate,manual_identity_research,,,,True,0
P003285,Maurice King,Maurice King,maurice-king,,,,manual_identity_review,manual_identity_research,,,,True,0
P003286,Maurice Lucas,Maurice Lucas,maurice-lucas,77420.0,https://cdn.nba.com/headshots/nba/latest/1040x760/77420.png,NBA CDN,candidate,manual_identity_research,,,,True,0
P003287,Maurice Martin,Maurice Martin,maurice-martin,,,,manual_identity_review,manual_identity_research,,,,True,0
P003288,Maurice Ndour,Maurice Ndour,maurice-ndour,1626254.0,https://cdn.nba.com/headshots/nba/latest/1040x760/1626254.png,NBA CDN,candidate,manual_identity_research,,,,True,0
P003289,Maurice Stokes,Maurice Stokes,maurice-stokes-p003289,600016.0,https://cdn.nba.com/headshots/nba/latest/1040x760/600016.png,NBA CDN,candidate,manual_identity_research,,,,True,0
P003290,Maurice Stokes*,Maurice Stokes*,maurice-stokes-p003290,600016.0,https://cdn.nba.com/headshots/nba/latest/1040x760/600016.png,NBA CDN,candidate,manual_identity_research,,,,True,0
P003291,Maurice Taylor,Maurice Taylor,maurice-taylor,1508.0,https://cdn.nba.com/headshots/nba/latest/1040x760/1508.png,NBA CDN,candidate,manual_identity_research,,,,True,0
P003292,Max Christie,Max Christie,max-christie,1631108.0,https://cdn.nba.com/headshots/nba/latest/1040x760/1631108.png,NBA CDN,candidate,manual_identity_research,,,,True,0
P003293,Max Shulga,Max Shulga,max-shulga,1642917.0,https://cdn.nba.com/headshots/nba/latest/1040x760/1642917.png,NBA CDN,candidate,manual_identity_research,,,,True,0
P003294,Max Strus,Max Strus,max-strus,1629622.0,https://cdn.nba.com/headshots/nba/latest/1040x760/1629622.png,NBA CDN,candidate,manual_identity_research,,,,True,0
P003295,Max Zaslofsky,Max Zaslofsky,max-zaslofsky,78638.0,https://cdn.nba.com/headshots/nba/latest/1040x760/78638.png,NBA CDN,candidate,manual_identity_research,,,,True,0
P003296,Maxi Kleber,Maxi Kleber,maxi-kleber,1628467.0,https://cdn.nba.com/headshots/nba/latest/1040x760/1628467.png,NBA CDN,candidate,manual_identity_research,,,,True,0
P003297,Maxime Raynaud,Maxime Raynaud,maxime-raynaud,1642875.0,https://cdn.nba.com/headshots/nba/latest/1040x760/1642875.png,NBA CDN,candidate,manual_identity_research,,,,True,0
P003298,Maxwell Lewis,Maxwell Lewis,maxwell-lewis,1641721.0,https://cdn.nba.com/headshots/nba/latest/1040x760/1641721.png,NBA CDN,candidate,manual_identity_research,,,,True,0
P003299,McCoy Ingram,McCoy Ingram,mccoy-ingram,,,,manual_identity_review,manual_identity_research,,,,True,0
P003300,McCoy McLemore,McCoy McLemore,mccoy-mclemore,77548.0,https://cdn.nba.com/headshots/nba/latest/1040x760/77548.png,NBA CDN,candidate,manual_identity_research,,,,True,0
P003301,McKinley Singleton,McKinley Singleton,mckinley-singleton,78162.0,https://cdn.nba.com/headshots/nba/latest/1040x760/78162.png,NBA CDN,candidate,manual_identity_research,,,,True,0
P003302,McKinley Wright IV,McKinley Wright IV,mckinley-wright-iv,1630593.0,https://cdn.nba.com/headshots/nba/latest/1040x760/1630593.png,NBA CDN,candidate,manual_identity_research,,,,True,0
P003303,Med Park,Med Park,med-park,,,,manual_identity_review,manual_identity_research,,,,True,0
P003304,Mehmet Okur,Mehmet Okur,mehmet-okur,2246.0,https://cdn.nba.com/headshots/nba/latest/1040x760/2246.png,NBA CDN,candidate,manual_identity_research,,,,True,0
P003305,Mel Bennett,Mel Bennett,mel-bennett,76151.0,https://cdn.nba.com/headshots/nba/latest/1040x760/76151.png,NBA CDN,candidate,manual_identity_research,,,,True,0
P003306,Mel Counts,Mel Counts,mel-counts,76458.0,https://cdn.nba.com/headshots/nba/latest/1040x760/76458.png,NBA CDN,candidate,manual_identity_research,,,,True,0
P003307,Mel Daniels,Mel Daniels,mel-daniels,76502.0,https://cdn.nba.com/headshots/nba/latest/1040x760/76502.png,NBA CDN,candidate,manual_identity_research,,,,True,0
P003308,Mel Davis,Mel Davis,mel-davis,76529.0,https://cdn.nba.com/headshots/nba/latest/1040x760/76529.png,NBA CDN,candidate,manual_identity_research,,,,True,0
P003309,Mel Gibson,Mel Gibson,mel-gibson,76809.0,https://cdn.nba.com/headshots/nba/latest/1040x760/76809.png,NBA CDN,candidate,manual_identity_research,,,,True,0
P003310,Mel Hutchins,Mel Hutchins,mel-hutchins,77089.0,https://cdn.nba.com/headshots/nba/latest/1040x760/77089.png,NBA CDN,candidate,manual_identity_research,,,,True,0
P003311,Mel McCants,Mel McCants,mel-mccants,77502.0,https://cdn.nba.com/headshots/nba/latest/1040x760/77502.png,NBA CDN,candidate,manual_identity_research,,,,True,0
P003312,Mel Nowell,Mel Nowell,mel-nowell,77737.0,https://cdn.nba.com/headshots/nba/latest/1040x760/77737.png,NBA CDN,candidate,manual_identity_research,,,,True,0
P003313,Mel Payton,Mel Payton,mel-payton,77824.0,https://cdn.nba.com/headshots/nba/latest/1040x760/77824.png,NBA CDN,candidate,manual_identity_research,,,,True,0
P003314,Mel Peterson,Mel Peterson,mel-peterson,77842.0,https://cdn.nba.com/headshots/nba/latest/1040x760/77842.png,NBA CDN,candidate,manual_identity_research,,,,True,0
P003315,Melvin Booker,Melvin Booker,melvin-booker,511.0,https://cdn.nba.com/headshots/nba/latest/1040x760/511.png,NBA CDN,candidate,manual_identity_research,,,,True,0
P003316,Melvin Ely,Melvin Ely,melvin-ely,2408.0,https://cdn.nba.com/headshots/nba/latest/1040x760/2408.png,NBA CDN,candidate,manual_identity_research,,,,True,0
P003317,Melvin Frazier,Melvin Frazier,melvin-frazier,1628982.0,https://cdn.nba.com/headshots/nba/latest/1040x760/1628982.png,NBA CDN,verified,none,200.0,image/avif,verified,True,0
P003318,Melvin Newbern,Melvin Newbern,melvin-newbern,1116.0,https://cdn.nba.com/headshots/nba/latest/1040x760/1116.png,NBA CDN,candidate,manual_identity_research,,,,True,0
P003319,Melvin Sanders,Melvin Sanders,melvin-sanders,2684.0,https://cdn.nba.com/headshots/nba/latest/1040x760/2684.png,NBA CDN,candidate,manual_identity_research,,,,True,0
P003320,Melvin Turpin,Melvin Turpin,melvin-turpin,,,,manual_identity_review,manual_identity_research,,,,True,0
P003321,Mengke Bateer,Mengke Bateer,mengke-bateer,2370.0,https://cdn.nba.com/headshots/nba/latest/1040x760/2370.png,NBA CDN,candidate,manual_identity_research,,,,True,0
P003322,Metta World Peace,Metta World Peace,metta-world-peace,1897.0,https://cdn.nba.com/headshots/nba/latest/1040x760/1897.png,NBA CDN,candidate,manual_identity_research,,,,True,0
P003323,Meyers Leonard,Meyers Leonard,meyers-leonard,203086.0,https://cdn.nba.com/headshots/nba/latest/1040x760/203086.png,NBA CDN,candidate,manual_identity_research,,,,True,0
P003324,Mfiondu Kabengele,Mfiondu Kabengele,mfiondu-kabengele,1629662.0,https://cdn.nba.com/headshots/nba/latest/1040x760/1629662.png,NBA CDN,candidate,manual_identity_research,,,,True,0
P003325,Micah Peavy,Micah Peavy,micah-peavy,1642877.0,https://cdn.nba.com/headshots/nba/latest/1040x760/1642877.png,NBA CDN,candidate,manual_identity_research,,,,True,0
P003326,Micah Potter,Micah Potter,micah-potter,1630695.0,https://cdn.nba.com/headshots/nba/latest/1040x760/1630695.png,NBA CDN,candidate,manual_identity_research,,,,True,0
P003327,Michael Adams,Michael Adams,michael-adams,149.0,https://cdn.nba.com/headshots/nba/latest/1040x760/149.png,NBA CDN,candidate,manual_identity_research,,,,True,0
P003328,Michael Anderson,Michael Anderson,michael-anderson,76042.0,https://cdn.nba.com/headshots/nba/latest/1040x760/76042.png,NBA CDN,candidate,manual_identity_research,,,,True,0
P003329,Michael Ansley,Michael Ansley,michael-ansley,76050.0,https://cdn.nba.com/headshots/nba/latest/1040x760/76050.png,NBA CDN,candidate,manual_identity_research,,,,True,0
P003330,Michael Beasley,Michael Beasley,michael-beasley,201563.0,https://cdn.nba.com/headshots/nba/latest/1040x760/201563.png,NBA CDN,candidate,manual_identity_research,,,,True,0
P003331,Michael Bradley,Michael Bradley,michael-bradley,2214.0,https://cdn.nba.com/headshots/nba/latest/1040x760/2214.png,NBA CDN,candidate,manual_identity_research,,,,True,0
P003332,Michael Brooks,Michael Brooks,michael-brooks,76266.0,https://cdn.nba.com/headshots/nba/latest/1040x760/76266.png,NBA CDN,candidate,manual_identity_research,,,,True,0
P003333,Michael Cage,Michael Cage,michael-cage,262.0,https://cdn.nba.com/headshots/nba/latest/1040x760/262.png,NBA CDN,candidate,manual_identity_research,,,,True,0
P003334,Michael Carter-Williams,Michael Carter-Williams,michael-carter-williams,203487.0,https://cdn.nba.com/headshots/nba/latest/1040x760/203487.png,NBA CDN,candidate,manual_identity_research,,,,True,0
P003335,Michael Cooper,Michael Cooper,michael-cooper-p003335,76444.0,https://cdn.nba.com/headshots/nba/latest/1040x760/76444.png,NBA CDN,candidate,manual_identity_research,,,,True,0
P003336,Michael Cooper*,Michael Cooper*,michael-cooper-p003336,76444.0,https://cdn.nba.com/headshots/nba/latest/1040x760/76444.png,NBA CDN,candidate,manual_identity_research,,,,True,0
P003337,Michael Curry,Michael Curry,michael-curry,688.0,https://cdn.nba.com/headshots/nba/latest/1040x760/688.png,NBA CDN,candidate,manual_identity_research,,,,True,0
P003338,Michael Dickerson,Michael Dickerson,michael-dickerson,1722.0,https://cdn.nba.com/headshots/nba/latest/1040x760/1722.png,NBA CDN,candidate,manual_identity_research,,,,True,0
P003339,Michael Doleac,Michael Doleac,michael-doleac,1720.0,https://cdn.nba.com/headshots/nba/latest/1040x760/1720.png,NBA CDN,candidate,manual_identity_research,,,,True,0
P003340,Michael Finley,Michael Finley,michael-finley,714.0,https://cdn.nba.com/headshots/nba/latest/1040x760/714.png,NBA CDN,candidate,manual_identity_research,,,,True,0
P003341,Michael Foster Jr.,Michael Foster Jr.,michael-foster-jr,1630701.0,https://cdn.nba.com/headshots/nba/latest/1040x760/1630701.png,NBA CDN,candidate,manual_identity_research,,,,True,0
P003342,Michael Frazier,Michael Frazier,michael-frazier,1626187.0,https://cdn.nba.com/headshots/nba/latest/1040x760/1626187.png,NBA CDN,verified,none,200.0,image/webp,verified,True,0
P003343,Michael Gbinije,Michael Gbinije,michael-gbinije,1627771.0,https://cdn.nba.com/headshots/nba/latest/1040x760/1627771.png,NBA CDN,candidate,manual_identity_research,,,,True,0
P003344,Michael Hawkins,Michael Hawkins,michael-hawkins,1138.0,https://cdn.nba.com/headshots/nba/latest/1040x760/1138.png,NBA CDN,candidate,manual_identity_research,,,,True,0
P003345,Michael Holton,Michael Holton,michael-holton,77047.0,https://cdn.nba.com/headshots/nba/latest/1040x760/77047.png,NBA CDN,candidate,manual_identity_research,,,,True,0
P003346,Michael Jackson,Michael Jackson,michael-jackson,77104.0,https://cdn.nba.com/headshots/nba/latest/1040x760/77104.png,NBA CDN,candidate,manual_identity_research,,,,True,0
P003347,Michael Jordan,Michael Jordan,michael-jordan-p003347,893.0,https://cdn.nba.com/headshots/nba/latest/1040x760/893.png,NBA CDN,candidate,manual_identity_research,,,,True,0
P003348,Michael Jordan*,Michael Jordan*,michael-jordan-p003348,893.0,https://cdn.nba.com/headshots/nba/latest/1040x760/893.png,NBA CDN,candidate,manual_identity_research,,,,True,0
P003349,Michael Kidd-Gilchrist,Michael Kidd-Gilchrist,michael-kidd-gilchrist,203077.0,https://cdn.nba.com/headshots/nba/latest/1040x760/203077.png,NBA CDN,candidate,manual_identity_research,,,,True,0
P003350,Michael McDonald,Michael McDonald,michael-mcdonald,1075.0,https://cdn.nba.com/headshots/nba/latest/1040x760/1075.png,NBA CDN,candidate,manual_identity_research,,,,True,0
P003351,Michael Olowokandi,Michael Olowokandi,michael-olowokandi,1709.0,https://cdn.nba.com/headshots/nba/latest/1040x760/1709.png,NBA CDN,candidate,manual_identity_research,,,,True,0
P003352,Michael Phelps,Michael Phelps,michael-phelps,,,,manual_identity_review,manual_identity_research,,,,True,0
P003353,Michael Porter Jr.,Michael Porter Jr.,michael-porter-jr,1629008.0,https://cdn.nba.com/headshots/nba/latest/1040x760/1629008.png,NBA CDN,candidate,manual_identity_research,,,,True,0
P003354,Michael Ray Richardson,Michael Ray Richardson,michael-ray-richardson,,,,manual_identity_review,manual_identity_research,,,,True,0
P003355,Michael Redd,Michael Redd,michael-redd,2072.0,https://cdn.nba.com/headshots/nba/latest/1040x760/2072.png,NBA CDN,candidate,manual_identity_research,,,,True,0
P003356,Michael Ruffin,Michael Ruffin,michael-ruffin,1913.0,https://cdn.nba.com/headshots/nba/latest/1040x760/1913.png,NBA CDN,candidate,manual_identity_research,,,,True,0
P003357,Michael Smith,Michael Smith,michael-smith,,,,manual_identity_review,manual_identity_research,,,,True,0
P003358,Michael Stewart,Michael Stewart,michael-stewart,1565.0,https://cdn.nba.com/headshots/nba/latest/1040x760/1565.png,NBA CDN,candidate,manual_identity_research,,,,True,0
P003359,Michael Wiley,Michael Wiley,michael-wiley,78527.0,https://cdn.nba.com/headshots/nba/latest/1040x760/78527.png,NBA CDN,candidate,manual_identity_research,,,,True,0
P003360,Michael Wilson,Michael Wilson,michael-wilson,,,,manual_identity_review,manual_identity_research,,,,True,0
P003361,Michael Young,Michael Young,michael-young,78634.0,https://cdn.nba.com/headshots/nba/latest/1040x760/78634.png,NBA CDN,candidate,manual_identity_research,,,,True,0
P003362,Micheal Williams,Micheal Williams,micheal-williams,52.0,https://cdn.nba.com/headshots/nba/latest/1040x760/52.png,NBA CDN,candidate,manual_identity_research,,,,True,0
P003363,Mickaël Gelabale,Mickaël Gelabale,micka-l-gelabale,101153.0,https://cdn.nba.com/headshots/nba/latest/1040x760/101153.png,NBA CDN,candidate,manual_identity_research,,,,True,0
P003364,Mickaël Piétrus,Mickaël Piétrus,micka-l-pi-trus,2554.0,https://cdn.nba.com/headshots/nba/latest/1040x760/2554.png,NBA CDN,candidate,manual_identity_research,,,,True,0
P003365,Mickell Gladness,Mickell Gladness,mickell-gladness,202148.0,https://cdn.nba.com/headshots/nba/latest/1040x760/202148.png,NBA CDN,candidate,manual_identity_research,,,,True,0
P003366,Mickey Davis,Mickey Davis,mickey-davis,,,,manual_identity_review,manual_identity_research,,,,True,0
P003367,Mickey Dillard,Mickey Dillard,mickey-dillard,76569.0,https://cdn.nba.com/headshots/nba/latest/1040x760/76569.png,NBA CDN,candidate,manual_identity_research,,,,True,0
P003368,Mickey Johnson,Mickey Johnson,mickey-johnson,77168.0,https://cdn.nba.com/headshots/nba/latest/1040x760/77168.png,NBA CDN,candidate,manual_identity_research,,,,True,0
P003369,Mikal Bridges,Mikal Bridges,mikal-bridges,1628969.0,https://cdn.nba.com/headshots/nba/latest/1040x760/1628969.png,NBA CDN,candidate,manual_identity_research,,,,True,0
P003370,Mike Bantom,Mike Bantom,mike-bantom,76095.0,https://cdn.nba.com/headshots/nba/latest/1040x760/76095.png,NBA CDN,candidate,manual_identity_research,,,,True,0
P003371,Mike Barr,Mike Barr,mike-barr,76112.0,https://cdn.nba.com/headshots/nba/latest/1040x760/76112.png,NBA CDN,candidate,manual_identity_research,,,,True,0
P003372,Mike Batiste,Mike Batiste,mike-batiste,2471.0,https://cdn.nba.com/headshots/nba/latest/1040x760/2471.png,NBA CDN,candidate,manual_identity_research,,,,True,0
P003373,Mike Bibby,Mike Bibby,mike-bibby,1710.0,https://cdn.nba.com/headshots/nba/latest/1040x760/1710.png,NBA CDN,candidate,manual_identity_research,,,,True,0
P003374,Mike Bratz,Mike Bratz,mike-bratz,76242.0,https://cdn.nba.com/headshots/nba/latest/1040x760/76242.png,NBA CDN,candidate,manual_identity_research,,,,True,0
P003375,Mike Brittain,Mike Brittain,mike-brittain,76260.0,https://cdn.nba.com/headshots/nba/latest/1040x760/76260.png,NBA CDN,candidate,manual_identity_research,,,,True,0
P003376,Mike Brown,Mike Brown,mike-brown,1479.0,https://cdn.nba.com/headshots/nba/latest/1040x760/1479.png,NBA CDN,candidate,manual_identity_research,,,,True,0
P003377,Mike Champion,Mike Champion,mike-champion,76378.0,https://cdn.nba.com/headshots/nba/latest/1040x760/76378.png,NBA CDN,candidate,manual_identity_research,,,,True,0
P003378,Mike Conley,Mike Conley,mike-conley,201144.0,https://cdn.nba.com/headshots/nba/latest/1040x760/201144.png,NBA CDN,candidate,manual_identity_research,,,,True,0
P003379,Mike D'Antoni,Mike D'Antoni,mike-d-antoni,76505.0,https://cdn.nba.com/headshots/nba/latest/1040x760/76505.png,NBA CDN,candidate,manual_identity_research,,,,True,0
P003380,Mike Davis,Mike Davis,mike-davis,76531.0,https://cdn.nba.com/headshots/nba/latest/1040x760/76531.png,NBA CDN,candidate,manual_identity_research,,,,True,0
P003381,Mike Dunleavy,Mike Dunleavy,mike-dunleavy,,,,manual_identity_review,manual_identity_research,,,,True,0
P003382,Mike Evans,Mike Evans,mike-evans,76686.0,https://cdn.nba.com/headshots/nba/latest/1040x760/76686.png,NBA CDN,candidate,manual_identity_research,,,,True,0
P003383,Mike Farmer,Mike Farmer,mike-farmer,76694.0,https://cdn.nba.com/headshots/nba/latest/1040x760/76694.png,NBA CDN,candidate,manual_identity_research,,,,True,0
P003384,Mike Flynn,Mike Flynn,mike-flynn,76727.0,https://cdn.nba.com/headshots/nba/latest/1040x760/76727.png,NBA CDN,candidate,manual_identity_research,,,,True,0
P003385,Mike Gale,Mike Gale,mike-gale,76771.0,https://cdn.nba.com/headshots/nba/latest/1040x760/76771.png,NBA CDN,candidate,manual_identity_research,,,,True,0
P003386,Mike Gibson,Mike Gibson,mike-gibson,76810.0,https://cdn.nba.com/headshots/nba/latest/1040x760/76810.png,NBA CDN,candidate,manual_identity_research,,,,True,0
P003387,Mike Glenn,Mike Glenn,mike-glenn,76822.0,https://cdn.nba.com/headshots/nba/latest/1040x760/76822.png,NBA CDN,candidate,manual_identity_research,,,,True,0
P003388,Mike Gminski,Mike Gminski,mike-gminski,76826.0,https://cdn.nba.com/headshots/nba/latest/1040x760/76826.png,NBA CDN,candidate,manual_identity_research,,,,True,0
P003389,Mike Green,Mike Green,mike-green,76873.0,https://cdn.nba.com/headshots/nba/latest/1040x760/76873.png,NBA CDN,candidate,manual_identity_research,,,,True,0
P003390,Mike Hall,Mike Hall,mike-hall,200837.0,https://cdn.nba.com/headshots/nba/latest/1040x760/200837.png,NBA CDN,candidate,manual_identity_research,,,,True,0
P003391,Mike Harper,Mike Harper,mike-harper,76954.0,https://cdn.nba.com/headshots/nba/latest/1040x760/76954.png,NBA CDN,candidate,manual_identity_research,,,,True,0
P003392,Mike Harris,Mike Harris,mike-harris,200839.0,https://cdn.nba.com/headshots/nba/latest/1040x760/200839.png,NBA CDN,candidate,manual_identity_research,,,,True,0
P003393,Mike Higgins,Mike Higgins,mike-higgins,1848.0,https://cdn.nba.com/headshots/nba/latest/1040x760/1848.png,NBA CDN,candidate,manual_identity_research,,,,True,0
P003394,Mike Iuzzolino,Mike Iuzzolino,mike-iuzzolino,77098.0,https://cdn.nba.com/headshots/nba/latest/1040x760/77098.png,NBA CDN,candidate,manual_identity_research,,,,True,0
P003395,Mike James,Mike James,mike-james,,,,manual_identity_review,manual_identity_research,,,,True,0
P003396,Mike Kearns,Mike Kearns,mike-kearns,,,,manual_identity_review,manual_identity_research,,,,True,0
P003397,Mike Lynn,Mike Lynn,mike-lynn,77427.0,https://cdn.nba.com/headshots/nba/latest/1040x760/77427.png,NBA CDN,candidate,manual_identity_research,,,,True,0
P003398,Mike Macaluso,Mike Macaluso,mike-macaluso,77428.0,https://cdn.nba.com/headshots/nba/latest/1040x760/77428.png,NBA CDN,candidate,manual_identity_research,,,,True,0
P003399,Mike McGee,Mike McGee,mike-mcgee,77530.0,https://cdn.nba.com/headshots/nba/latest/1040x760/77530.png,NBA CDN,candidate,manual_identity_research,,,,True,0
P003400,Mike Miller,Mike Miller,mike-miller,2034.0,https://cdn.nba.com/headshots/nba/latest/1040x760/2034.png,NBA CDN,candidate,manual_identity_research,,,,True,0
P003401,Mike Mitchell,Mike Mitchell,mike-mitchell,77615.0,https://cdn.nba.com/headshots/nba/latest/1040x760/77615.png,NBA CDN,candidate,manual_identity_research,,,,True,0
P003402,Mike Morrison,Mike Morrison,mike-morrison,77649.0,https://cdn.nba.com/headshots/nba/latest/1040x760/77649.png,NBA CDN,candidate,manual_identity_research,,,,True,0
P003403,Mike Muscala,Mike Muscala,mike-muscala,203488.0,https://cdn.nba.com/headshots/nba/latest/1040x760/203488.png,NBA CDN,candidate,manual_identity_research,,,,True,0
P003404,Mike Newlin,Mike Newlin,mike-newlin,77710.0,https://cdn.nba.com/headshots/nba/latest/1040x760/77710.png,NBA CDN,candidate,manual_identity_research,,,,True,0
P003405,Mike Niles,Mike Niles,mike-niles,77718.0,https://cdn.nba.com/headshots/nba/latest/1040x760/77718.png,NBA CDN,candidate,manual_identity_research,,,,True,0
P003406,Mike Novak,Mike Novak,mike-novak,77736.0,https://cdn.nba.com/headshots/nba/latest/1040x760/77736.png,NBA CDN,candidate,manual_identity_research,,,,True,0
P003407,Mike O'Koren,Mike O'Koren,mike-o-koren,77754.0,https://cdn.nba.com/headshots/nba/latest/1040x760/77754.png,NBA CDN,candidate,manual_identity_research,,,,True,0
P003408,Mike O'Neill,Mike O'Neill,mike-o-neill,77767.0,https://cdn.nba.com/headshots/nba/latest/1040x760/77767.png,NBA CDN,candidate,manual_identity_research,,,,True,0
P003409,Mike Penberthy,Mike Penberthy,mike-penberthy,2130.0,https://cdn.nba.com/headshots/nba/latest/1040x760/2130.png,NBA CDN,candidate,manual_identity_research,,,,True,0
P003410,Mike Peplowski,Mike Peplowski,mike-peplowski,46.0,https://cdn.nba.com/headshots/nba/latest/1040x760/46.png,NBA CDN,candidate,manual_identity_research,,,,True,0
P003411,Mike Price,Mike Price,mike-price,77884.0,https://cdn.nba.com/headshots/nba/latest/1040x760/77884.png,NBA CDN,candidate,manual_identity_research,,,,True,0
P003412,Mike Ratliff,Mike Ratliff,mike-ratliff,77915.0,https://cdn.nba.com/headshots/nba/latest/1040x760/77915.png,NBA CDN,candidate,manual_identity_research,,,,True,0
P003413,Mike Riordan,Mike Riordan,mike-riordan,77966.0,https://cdn.nba.com/headshots/nba/latest/1040x760/77966.png,NBA CDN,candidate,manual_identity_research,,,,True,0
P003414,Mike Sanders,Mike Sanders,mike-sanders,78059.0,https://cdn.nba.com/headshots/nba/latest/1040x760/78059.png,NBA CDN,candidate,manual_identity_research,,,,True,0
P003415,Mike Scott,Mike Scott,mike-scott,203118.0,https://cdn.nba.com/headshots/nba/latest/1040x760/203118.png,NBA CDN,candidate,manual_identity_research,,,,True,0
P003416,Mike Silliman,Mike Silliman,mike-silliman,78152.0,https://cdn.nba.com/headshots/nba/latest/1040x760/78152.png,NBA CDN,candidate,manual_identity_research,,,,True,0
P003417,Mike Smith,Mike Smith,mike-smith,2065.0,https://cdn.nba.com/headshots/nba/latest/1040x760/2065.png,NBA CDN,candidate,manual_identity_research,,,,True,0
P003418,Mike Smrek,Mike Smrek,mike-smrek,1091.0,https://cdn.nba.com/headshots/nba/latest/1040x760/1091.png,NBA CDN,candidate,manual_identity_research,,,,True,0
P003419,Mike Sojourner,Mike Sojourner,mike-sojourner,78217.0,https://cdn.nba.com/headshots/nba/latest/1040x760/78217.png,NBA CDN,candidate,manual_identity_research,,,,True,0
P003420,Mike Sweetney,Mike Sweetney,mike-sweetney,,,,manual_identity_review,manual_identity_research,,,,True,0
P003421,Mike Taylor,Mike Taylor,mike-taylor,201446.0,https://cdn.nba.com/headshots/nba/latest/1040x760/201446.png,NBA CDN,candidate,manual_identity_research,,,,True,0
P003422,Mike Tobey,Mike Tobey,mike-tobey,1627861.0,https://cdn.nba.com/headshots/nba/latest/1040x760/1627861.png,NBA CDN,candidate,manual_identity_research,,,,True,0
P003423,Mike Wilks,Mike Wilks,mike-wilks,2366.0,https://cdn.nba.com/headshots/nba/latest/1040x760/2366.png,NBA CDN,candidate,manual_identity_research,,,,True,0
P003424,Mike Williams,Mike Williams,mike-williams,78558.0,https://cdn.nba.com/headshots/nba/latest/1040x760/78558.png,NBA CDN,candidate,manual_identity_research,,,,True,0
P003425,Mike Woodson,Mike Woodson,mike-woodson,78614.0,https://cdn.nba.com/headshots/nba/latest/1040x760/78614.png,NBA CDN,candidate,manual_identity_research,,,,True,0
P003426,Mikki Moore,Mikki Moore,mikki-moore,1630.0,https://cdn.nba.com/headshots/nba/latest/1040x760/1630.png,NBA CDN,candidate,manual_identity_research,,,,True,0
P003427,Mile Ilić,Mile Ilić,mile-ili,101148.0,https://cdn.nba.com/headshots/nba/latest/1040x760/101148.png,NBA CDN,candidate,manual_identity_research,,,,True,0
P003428,Miles Bridges,Miles Bridges,miles-bridges,1628970.0,https://cdn.nba.com/headshots/nba/latest/1040x760/1628970.png,NBA CDN,candidate,manual_identity_research,,,,True,0
P003429,Miles Kelly,Miles Kelly,miles-kelly,1642939.0,https://cdn.nba.com/headshots/nba/latest/1040x760/1642939.png,NBA CDN,candidate,manual_identity_research,,,,True,0
P003430,Miles McBride,Miles McBride,miles-mcbride,1630540.0,https://cdn.nba.com/headshots/nba/latest/1040x760/1630540.png,NBA CDN,candidate,manual_identity_research,,,,True,0
P003431,Miles Norris,Miles Norris,miles-norris,1641936.0,https://cdn.nba.com/headshots/nba/latest/1040x760/1641936.png,NBA CDN,candidate,manual_identity_research,,,,True,0
P003432,Miles Plumlee,Miles Plumlee,miles-plumlee,203101.0,https://cdn.nba.com/headshots/nba/latest/1040x760/203101.png,NBA CDN,candidate,manual_identity_research,,,,True,0
P003433,Miles Simon,Miles Simon,miles-simon,1750.0,https://cdn.nba.com/headshots/nba/latest/1040x760/1750.png,NBA CDN,candidate,manual_identity_research,,,,True,0
P003434,Miloš Babić,Miloš Babić,milo-babi,76079.0,https://cdn.nba.com/headshots/nba/latest/1040x760/76079.png,NBA CDN,candidate,manual_identity_research,,,,True,0
P003435,Miloš Teodosić,Miloš Teodosić,milo-teodosi,1628462.0,https://cdn.nba.com/headshots/nba/latest/1040x760/1628462.png,NBA CDN,candidate,manual_identity_research,,,,True,0
P003436,Milt Palacio,Milt Palacio,milt-palacio,1960.0,https://cdn.nba.com/headshots/nba/latest/1040x760/1960.png,NBA CDN,candidate,manual_identity_research,,,,True,0
P003437,Milt Wagner,Milt Wagner,milt-wagner,78429.0,https://cdn.nba.com/headshots/nba/latest/1040x760/78429.png,NBA CDN,candidate,manual_identity_research,,,,True,0
P003438,Milt Williams,Milt Williams,milt-williams,78560.0,https://cdn.nba.com/headshots/nba/latest/1040x760/78560.png,NBA CDN,candidate,manual_identity_research,,,,True,0
P003439,Milton Doyle,Milton Doyle,milton-doyle,1628495.0,https://cdn.nba.com/headshots/nba/latest/1040x760/1628495.png,NBA CDN,candidate,manual_identity_research,,,,True,0
P003440,Mindaugas Kuzminskas,Mindaugas Kuzminskas,mindaugas-kuzminskas,1627851.0,https://cdn.nba.com/headshots/nba/latest/1040x760/1627851.png,NBA CDN,candidate,manual_identity_research,,,,True,0
P003441,Miroslav Raduljica,Miroslav Raduljica,miroslav-raduljica,203545.0,https://cdn.nba.com/headshots/nba/latest/1040x760/203545.png,NBA CDN,candidate,manual_identity_research,,,,True,0
P003442,Mirsad Türkcan,Mirsad Türkcan,mirsad-t-rkcan,1726.0,https://cdn.nba.com/headshots/nba/latest/1040x760/1726.png,NBA CDN,candidate,manual_identity_research,,,,True,0
P003443,Mirza Teletović,Mirza Teletović,mirza-teletovi,203141.0,https://cdn.nba.com/headshots/nba/latest/1040x760/203141.png,NBA CDN,candidate,manual_identity_research,,,,True,0
P003444,Mitch Creek,Mitch Creek,mitch-creek,,,,manual_identity_review,manual_identity_research,,,,True,0
P003445,Mitch Kupchak,Mitch Kupchak,mitch-kupchak,77324.0,https://cdn.nba.com/headshots/nba/latest/1040x760/77324.png,NBA CDN,candidate,manual_identity_research,,,,True,0
P003446,Mitch McGary,Mitch McGary,mitch-mcgary,203956.0,https://cdn.nba.com/headshots/nba/latest/1040x760/203956.png,NBA CDN,candidate,manual_identity_research,,,,True,0
P003447,Mitch Richmond,Mitch Richmond,mitch-richmond-p003447,782.0,https://cdn.nba.com/headshots/nba/latest/1040x760/782.png,NBA CDN,candidate,manual_identity_research,,,,True,0
P003448,Mitch Richmond*,Mitch Richmond*,mitch-richmond-p003448,782.0,https://cdn.nba.com/headshots/nba/latest/1040x760/782.png,NBA CDN,candidate,manual_identity_research,,,,True,0
P003449,Mitchell Butler,Mitchell Butler,mitchell-butler,348.0,https://cdn.nba.com/headshots/nba/latest/1040x760/348.png,NBA CDN,candidate,manual_identity_research,,,,True,0
P003450,Mitchell Robinson,Mitchell Robinson,mitchell-robinson,1629011.0,https://cdn.nba.com/headshots/nba/latest/1040x760/1629011.png,NBA CDN,candidate,manual_identity_research,,,,True,0
P003451,Mitchell Wiggins,Mitchell Wiggins,mitchell-wiggins,78523.0,https://cdn.nba.com/headshots/nba/latest/1040x760/78523.png,NBA CDN,candidate,manual_identity_research,,,,True,0
P003452,Miye Oni,Miye Oni,miye-oni,1629671.0,https://cdn.nba.com/headshots/nba/latest/1040x760/1629671.png,NBA CDN,candidate,manual_identity_research,,,,True,0
P003453,Mo Bamba,Mo Bamba,mo-bamba,1628964.0,https://cdn.nba.com/headshots/nba/latest/1040x760/1628964.png,NBA CDN,candidate,manual_identity_research,,,,True,0
P003454,Mo Howard,Mo Howard,mo-howard,77067.0,https://cdn.nba.com/headshots/nba/latest/1040x760/77067.png,NBA CDN,candidate,manual_identity_research,,,,True,0
P003455,Mo Layton,Mo Layton,mo-layton,,,,manual_identity_review,manual_identity_research,,,,True,0
P003456,Mo Mahoney,Mo Mahoney,mo-mahoney,,,,manual_identity_review,manual_identity_research,,,,True,0
P003457,Mo Williams,Mo Williams,mo-williams,2590.0,https://cdn.nba.com/headshots/nba/latest/1040x760/2590.png,NBA CDN,candidate,manual_identity_research,,,,True,0
P003458,Moe Barr,Moe Barr,moe-barr,,,,manual_identity_review,manual_identity_research,,,,True,0
P003459,Moe Radovich,Moe Radovich,moe-radovich,77900.0,https://cdn.nba.com/headshots/nba/latest/1040x760/77900.png,NBA CDN,candidate,manual_identity_research,,,,True,0
P003460,Mohamed Diawara,Mohamed Diawara,mohamed-diawara,1642885.0,https://cdn.nba.com/headshots/nba/latest/1040x760/1642885.png,NBA CDN,candidate,manual_identity_research,,,,True,0
P003461,Monk Meineke,Monk Meineke,monk-meineke,,,,manual_identity_review,manual_identity_research,,,,True,0
P003462,Monta Ellis,Monta Ellis,monta-ellis,101145.0,https://cdn.nba.com/headshots/nba/latest/1040x760/101145.png,NBA CDN,candidate,manual_identity_research,,,,True,0
P003463,Monte Morris,Monte Morris,monte-morris,1628420.0,https://cdn.nba.com/headshots/nba/latest/1040x760/1628420.png,NBA CDN,candidate,manual_identity_research,,,,True,0
P003464,Monte Towe,Monte Towe,monte-towe,78361.0,https://cdn.nba.com/headshots/nba/latest/1040x760/78361.png,NBA CDN,candidate,manual_identity_research,,,,True,0
P003465,Monti Davis,Monti Davis,monti-davis,76520.0,https://cdn.nba.com/headshots/nba/latest/1040x760/76520.png,NBA CDN,candidate,manual_identity_research,,,,True,0
P003466,Montrezl Harrell,Montrezl Harrell,montrezl-harrell,1626149.0,https://cdn.nba.com/headshots/nba/latest/1040x760/1626149.png,NBA CDN,candidate,manual_identity_research,,,,True,0
P003467,Monty Williams,Monty Williams,monty-williams,42.0,https://cdn.nba.com/headshots/nba/latest/1040x760/42.png,NBA CDN,candidate,manual_identity_research,,,,True,0
P003468,Moochie Norris,Moochie Norris,moochie-norris,983.0,https://cdn.nba.com/headshots/nba/latest/1040x760/983.png,NBA CDN,candidate,manual_identity_research,,,,True,0
P003469,Mookie Blaylock,Mookie Blaylock,mookie-blaylock,302.0,https://cdn.nba.com/headshots/nba/latest/1040x760/302.png,NBA CDN,candidate,manual_identity_research,,,,True,0
P003470,Moritz Wagner,Moritz Wagner,moritz-wagner,1629021.0,https://cdn.nba.com/headshots/nba/latest/1040x760/1629021.png,NBA CDN,candidate,manual_identity_research,,,,True,0
P003471,Morlon Wiley,Morlon Wiley,morlon-wiley,78528.0,https://cdn.nba.com/headshots/nba/latest/1040x760/78528.png,NBA CDN,candidate,manual_identity_research,,,,True,0
P003472,Morris Almond,Morris Almond,morris-almond,201165.0,https://cdn.nba.com/headshots/nba/latest/1040x760/201165.png,NBA CDN,candidate,manual_identity_research,,,,True,0
P003473,Morris Peterson,Morris Peterson,morris-peterson,2050.0,https://cdn.nba.com/headshots/nba/latest/1040x760/2050.png,NBA CDN,candidate,manual_identity_research,,,,True,0
P003474,Moses Brown,Moses Brown,moses-brown,1629650.0,https://cdn.nba.com/headshots/nba/latest/1040x760/1629650.png,NBA CDN,candidate,manual_identity_research,,,,True,0
P003475,Moses Malone,Moses Malone,moses-malone-p003475,77449.0,https://cdn.nba.com/headshots/nba/latest/1040x760/77449.png,NBA CDN,candidate,manual_identity_research,,,,True,0
P003476,Moses Malone*,Moses Malone*,moses-malone-p003476,77449.0,https://cdn.nba.com/headshots/nba/latest/1040x760/77449.png,NBA CDN,candidate,manual_identity_research,,,,True,0
P003477,Moses Moody,Moses Moody,moses-moody,1630541.0,https://cdn.nba.com/headshots/nba/latest/1040x760/1630541.png,NBA CDN,candidate,manual_identity_research,,,,True,0
P003478,Moses Wright,Moses Wright,moses-wright,1630589.0,https://cdn.nba.com/headshots/nba/latest/1040x760/1630589.png,NBA CDN,candidate,manual_identity_research,,,,True,0
P003479,Mouhamadou Gueye,Mouhamadou Gueye,mouhamadou-gueye,1631338.0,https://cdn.nba.com/headshots/nba/latest/1040x760/1631338.png,NBA CDN,candidate,manual_identity_research,,,,True,0
P003480,Mouhamed Gueye,Mouhamed Gueye,mouhamed-gueye,1631243.0,https://cdn.nba.com/headshots/nba/latest/1040x760/1631243.png,NBA CDN,candidate,manual_identity_research,,,,True,0
P003481,Mouhamed Sene,Mouhamed Sene,mouhamed-sene,200754.0,https://cdn.nba.com/headshots/nba/latest/1040x760/200754.png,NBA CDN,candidate,manual_identity_research,,,,True,0
P003482,Moussa Cisse,Moussa Cisse,moussa-cisse,1630619.0,https://cdn.nba.com/headshots/nba/latest/1040x760/1630619.png,NBA CDN,candidate,manual_identity_research,,,,True,0
P003483,Moussa Diabaté,Moussa Diabaté,moussa-diabat,1631217.0,https://cdn.nba.com/headshots/nba/latest/1040x760/1631217.png,NBA CDN,candidate,manual_identity_research,,,,True,0
P003484,Muggsy Bogues,Muggsy Bogues,muggsy-bogues,177.0,https://cdn.nba.com/headshots/nba/latest/1040x760/177.png,NBA CDN,candidate,manual_identity_research,,,,True,0
P003485,Mustafa Shakur,Mustafa Shakur,mustafa-shakur,201203.0,https://cdn.nba.com/headshots/nba/latest/1040x760/201203.png,NBA CDN,candidate,manual_identity_research,,,,True,0
P003486,Mychal Mulder,Mychal Mulder,mychal-mulder,1628539.0,https://cdn.nba.com/headshots/nba/latest/1040x760/1628539.png,NBA CDN,candidate,manual_identity_research,,,,True,0
P003487,Mychal Thompson,Mychal Thompson,mychal-thompson,78331.0,https://cdn.nba.com/headshots/nba/latest/1040x760/78331.png,NBA CDN,candidate,manual_identity_research,,,,True,0
P003488,Mychel Thompson,Mychel Thompson,mychel-thompson,202814.0,https://cdn.nba.com/headshots/nba/latest/1040x760/202814.png,NBA CDN,candidate,manual_identity_research,,,,True,0
P003489,Myke Henry,Myke Henry,myke-henry,1627988.0,https://cdn.nba.com/headshots/nba/latest/1040x760/1627988.png,NBA CDN,candidate,manual_identity_research,,,,True,0
P003490,Myles Patrick,Myles Patrick,myles-patrick,77808.0,https://cdn.nba.com/headshots/nba/latest/1040x760/77808.png,NBA CDN,candidate,manual_identity_research,,,,True,0
P003491,Myles Powell,Myles Powell,myles-powell,1629619.0,https://cdn.nba.com/headshots/nba/latest/1040x760/1629619.png,NBA CDN,candidate,manual_identity_research,,,,True,0
P003492,Myles Turner,Myles Turner,myles-turner,1626167.0,https://cdn.nba.com/headshots/nba/latest/1040x760/1626167.png,NBA CDN,candidate,manual_identity_research,,,,True,0
P003493,Myron Brown,Myron Brown,myron-brown,76277.0,https://cdn.nba.com/headshots/nba/latest/1040x760/76277.png,NBA CDN,candidate,manual_identity_research,,,,True,0
P003494,Myron Gardner,Myron Gardner,myron-gardner,1642066.0,https://cdn.nba.com/headshots/nba/latest/1040x760/1642066.png,NBA CDN,candidate,manual_identity_research,,,,True,0
P003495,Myron Jackson,Myron Jackson,myron-jackson,77105.0,https://cdn.nba.com/headshots/nba/latest/1040x760/77105.png,NBA CDN,candidate,manual_identity_research,,,,True,0
P003496,Mãozinha Pereira,Mãozinha Pereira,m-ozinha-pereira,1641970.0,https://cdn.nba.com/headshots/nba/latest/1040x760/1641970.png,NBA CDN,candidate,manual_identity_research,,,,True,0
P003497,N'Faly Dante,N'Faly Dante,n-faly-dante,1642368.0,https://cdn.nba.com/headshots/nba/latest/1040x760/1642368.png,NBA CDN,candidate,manual_identity_research,,,,True,0
P003498,Nae'Qwan Tomlin,Nae'Qwan Tomlin,nae-qwan-tomlin,1641772.0,https://cdn.nba.com/headshots/nba/latest/1040x760/1641772.png,NBA CDN,candidate,manual_identity_research,,,,True,0
P003499,Naji Marshall,Naji Marshall,naji-marshall,1630230.0,https://cdn.nba.com/headshots/nba/latest/1040x760/1630230.png,NBA CDN,candidate,manual_identity_research,,,,True,0
P003500,Nando De Colo,Nando De Colo,nando-de-colo,201986.0,https://cdn.nba.com/headshots/nba/latest/1040x760/201986.png,NBA CDN,candidate,manual_identity_research,,,,True,0
P003501,Nassir Little,Nassir Little,nassir-little,1629642.0,https://cdn.nba.com/headshots/nba/latest/1040x760/1629642.png,NBA CDN,candidate,manual_identity_research,,,,True,0
P003502,Nat Clifton,Nat Clifton,nat-clifton-p003502,76404.0,https://cdn.nba.com/headshots/nba/latest/1040x760/76404.png,NBA CDN,candidate,manual_identity_research,,,,True,0
P003503,Nat Clifton*,Nat Clifton*,nat-clifton-p003503,76404.0,https://cdn.nba.com/headshots/nba/latest/1040x760/76404.png,NBA CDN,candidate,manual_identity_research,,,,True,0
P003504,Nate Blackwell,Nate Blackwell,nate-blackwell,76179.0,https://cdn.nba.com/headshots/nba/latest/1040x760/76179.png,NBA CDN,candidate,manual_identity_research,,,,True,0
P003505,Nate Bowman,Nate Bowman,nate-bowman,76219.0,https://cdn.nba.com/headshots/nba/latest/1040x760/76219.png,NBA CDN,candidate,manual_identity_research,,,,True,0
P003506,Nate Darling,Nate Darling,nate-darling,1630268.0,https://cdn.nba.com/headshots/nba/latest/1040x760/1630268.png,NBA CDN,candidate,manual_identity_research,,,,True,0
P003507,Nate DeLong,Nate DeLong,nate-delong,76551.0,https://cdn.nba.com/headshots/nba/latest/1040x760/76551.png,NBA CDN,candidate,manual_identity_research,,,,True,0
P003508,Nate Driggers,Nate Driggers,nate-driggers,1041.0,https://cdn.nba.com/headshots/nba/latest/1040x760/1041.png,NBA CDN,candidate,manual_identity_research,,,,True,0
P003509,Nate Hawthorne,Nate Hawthorne,nate-hawthorne,76978.0,https://cdn.nba.com/headshots/nba/latest/1040x760/76978.png,NBA CDN,candidate,manual_identity_research,,,,True,0
P003510,Nate Hinton,Nate Hinton,nate-hinton,1630207.0,https://cdn.nba.com/headshots/nba/latest/1040x760/1630207.png,NBA CDN,candidate,manual_identity_research,,,,True,0
P003511,Nate Huffman,Nate Huffman,nate-huffman,1572.0,https://cdn.nba.com/headshots/nba/latest/1040x760/1572.png,NBA CDN,candidate,manual_identity_research,,,,True,0
P003512,Nate Johnston,Nate Johnston,nate-johnston,77170.0,https://cdn.nba.com/headshots/nba/latest/1040x760/77170.png,NBA CDN,candidate,manual_identity_research,,,,True,0
P003513,Nate McMillan,Nate McMillan,nate-mcmillan,203.0,https://cdn.nba.com/headshots/nba/latest/1040x760/203.png,NBA CDN,candidate,manual_identity_research,,,,True,0
P003514,Nate Robinson,Nate Robinson,nate-robinson,101126.0,https://cdn.nba.com/headshots/nba/latest/1040x760/101126.png,NBA CDN,candidate,manual_identity_research,,,,True,0
P003515,Nate Thurmond,Nate Thurmond,nate-thurmond-p003515,600001.0,https://cdn.nba.com/headshots/nba/latest/1040x760/600001.png,NBA CDN,candidate,manual_identity_research,,,,True,0
P003516,Nate Thurmond*,Nate Thurmond*,nate-thurmond-p003516,600001.0,https://cdn.nba.com/headshots/nba/latest/1040x760/600001.png,NBA CDN,candidate,manual_identity_research,,,,True,0
P003517,Nate Williams,Nate Williams,nate-williams,,,,manual_identity_review,manual_identity_research,,,,True,0
P003518,Nate Wolters,Nate Wolters,nate-wolters,203489.0,https://cdn.nba.com/headshots/nba/latest/1040x760/203489.png,NBA CDN,candidate,manual_identity_research,,,,True,0
P003519,Nathan Jawai,Nathan Jawai,nathan-jawai,201605.0,https://cdn.nba.com/headshots/nba/latest/1040x760/201605.png,NBA CDN,candidate,manual_identity_research,,,,True,0
P003520,Nathan Knight,Nathan Knight,nathan-knight,1630233.0,https://cdn.nba.com/headshots/nba/latest/1040x760/1630233.png,NBA CDN,candidate,manual_identity_research,,,,True,0
P003521,Nathan Mensah,Nathan Mensah,nathan-mensah,,,,manual_identity_review,manual_identity_research,,,,True,0
P003522,Naz Mitrou-Long,Naz Mitrou-Long,naz-mitrou-long,1628513.0,https://cdn.nba.com/headshots/nba/latest/1040x760/1628513.png,NBA CDN,candidate,manual_identity_research,,,,True,0
P003523,Naz Reid,Naz Reid,naz-reid,1629675.0,https://cdn.nba.com/headshots/nba/latest/1040x760/1629675.png,NBA CDN,candidate,manual_identity_research,,,,True,0
P003524,Nazr Mohammed,Nazr Mohammed,nazr-mohammed,1737.0,https://cdn.nba.com/headshots/nba/latest/1040x760/1737.png,NBA CDN,candidate,manual_identity_research,,,,True,0
P003525,Ndudi Ebi,Ndudi Ebi,ndudi-ebi,2569.0,https://cdn.nba.com/headshots/nba/latest/1040x760/2569.png,NBA CDN,candidate,manual_identity_research,,,,True,0
P003526,Neal Walk,Neal Walk,neal-walk,78432.0,https://cdn.nba.com/headshots/nba/latest/1040x760/78432.png,NBA CDN,candidate,manual_identity_research,,,,True,0
P003527,Neemias Queta,Neemias Queta,neemias-queta,1629674.0,https://cdn.nba.com/headshots/nba/latest/1040x760/1629674.png,NBA CDN,candidate,manual_identity_research,,,,True,0
P003528,Negele Knight,Negele Knight,negele-knight,1861.0,https://cdn.nba.com/headshots/nba/latest/1040x760/1861.png,NBA CDN,candidate,manual_identity_research,,,,True,0
P003529,Neil Johnson,Neil Johnson,neil-johnson,77161.0,https://cdn.nba.com/headshots/nba/latest/1040x760/77161.png,NBA CDN,candidate,manual_identity_research,,,,True,0
P003530,Neil Johnston,Neil Johnston,neil-johnston-p003530,77169.0,https://cdn.nba.com/headshots/nba/latest/1040x760/77169.png,NBA CDN,candidate,manual_identity_research,,,,True,0
P003531,Neil Johnston*,Neil Johnston*,neil-johnston-p003531,77169.0,https://cdn.nba.com/headshots/nba/latest/1040x760/77169.png,NBA CDN,candidate,manual_identity_research,,,,True,0
P003532,Nelson Bobb,Nelson Bobb,nelson-bobb,76190.0,https://cdn.nba.com/headshots/nba/latest/1040x760/76190.png,NBA CDN,candidate,manual_identity_research,,,,True,0
P003533,Nemanja Bjelica,Nemanja Bjelica,nemanja-bjelica,202357.0,https://cdn.nba.com/headshots/nba/latest/1040x760/202357.png,NBA CDN,candidate,manual_identity_research,,,,True,0
P003534,Nemanja Nedović,Nemanja Nedović,nemanja-nedovi,203517.0,https://cdn.nba.com/headshots/nba/latest/1040x760/203517.png,NBA CDN,candidate,manual_identity_research,,,,True,0
P003535,Nenad Krstić,Nenad Krstić,nenad-krsti,2420.0,https://cdn.nba.com/headshots/nba/latest/1040x760/2420.png,NBA CDN,candidate,manual_identity_research,,,,True,0
P003536,Nenê,Nenê,nen,2403.0,https://cdn.nba.com/headshots/nba/latest/1040x760/2403.png,NBA CDN,candidate,manual_identity_research,,,,True,0
P003537,Nerlens Noel,Nerlens Noel,nerlens-noel,203457.0,https://cdn.nba.com/headshots/nba/latest/1040x760/203457.png,NBA CDN,candidate,manual_identity_research,,,,True,0
P003538,Nic Claxton,Nic Claxton,nic-claxton,1629651.0,https://cdn.nba.com/headshots/nba/latest/1040x760/1629651.png,NBA CDN,candidate,manual_identity_research,,,,True,0
P003539,Nick Anderson,Nick Anderson,nick-anderson,98.0,https://cdn.nba.com/headshots/nba/latest/1040x760/98.png,NBA CDN,candidate,manual_identity_research,,,,True,0
P003540,Nick Calathes,Nick Calathes,nick-calathes,201979.0,https://cdn.nba.com/headshots/nba/latest/1040x760/201979.png,NBA CDN,candidate,manual_identity_research,,,,True,0
P003541,Nick Collison,Nick Collison,nick-collison,2555.0,https://cdn.nba.com/headshots/nba/latest/1040x760/2555.png,NBA CDN,candidate,manual_identity_research,,,,True,0
P003542,Nick Fazekas,Nick Fazekas,nick-fazekas,201174.0,https://cdn.nba.com/headshots/nba/latest/1040x760/201174.png,NBA CDN,candidate,manual_identity_research,,,,True,0
P003543,Nick Johnson,Nick Johnson,nick-johnson,203910.0,https://cdn.nba.com/headshots/nba/latest/1040x760/203910.png,NBA CDN,candidate,manual_identity_research,,,,True,0
P003544,Nick Jones,Nick Jones,nick-jones,77195.0,https://cdn.nba.com/headshots/nba/latest/1040x760/77195.png,NBA CDN,candidate,manual_identity_research,,,,True,0
P003545,Nick Mantis,Nick Mantis,nick-mantis,77457.0,https://cdn.nba.com/headshots/nba/latest/1040x760/77457.png,NBA CDN,candidate,manual_identity_research,,,,True,0
P003546,Nick Richards,Nick Richards,nick-richards,1630208.0,https://cdn.nba.com/headshots/nba/latest/1040x760/1630208.png,NBA CDN,candidate,manual_identity_research,,,,True,0
P003547,Nick Smith Jr.,Nick Smith Jr.,nick-smith-jr,1641733.0,https://cdn.nba.com/headshots/nba/latest/1040x760/1641733.png,NBA CDN,candidate,manual_identity_research,,,,True,0
P003548,Nick Van Exel,Nick Van Exel,nick-van-exel,89.0,https://cdn.nba.com/headshots/nba/latest/1040x760/89.png,NBA CDN,candidate,manual_identity_research,,,,True,0
P003549,Nick Vanos,Nick Vanos,nick-vanos,78407.0,https://cdn.nba.com/headshots/nba/latest/1040x760/78407.png,NBA CDN,candidate,manual_identity_research,,,,True,0
P003550,Nick Weatherspoon,Nick Weatherspoon,nick-weatherspoon,78475.0,https://cdn.nba.com/headshots/nba/latest/1040x760/78475.png,NBA CDN,candidate,manual_identity_research,,,,True,0
P003551,Nick Young,Nick Young,nick-young,201156.0,https://cdn.nba.com/headshots/nba/latest/1040x760/201156.png,NBA CDN,candidate,manual_identity_research,,,,True,0
P003552,Nickeil Alexander-Walker,Nickeil Alexander-Walker,nickeil-alexander-walker,1629638.0,https://cdn.nba.com/headshots/nba/latest/1040x760/1629638.png,NBA CDN,candidate,manual_identity_research,,,,True,0
P003553,Nico Mannion,Nico Mannion,nico-mannion,1630185.0,https://cdn.nba.com/headshots/nba/latest/1040x760/1630185.png,NBA CDN,candidate,manual_identity_research,,,,True,0
P003554,Nicolas Batum,Nicolas Batum,nicolas-batum,201587.0,https://cdn.nba.com/headshots/nba/latest/1040x760/201587.png,NBA CDN,candidate,manual_identity_research,,,,True,0
P003555,Nicolás Brussino,Nicolás Brussino,nicol-s-brussino,1627852.0,https://cdn.nba.com/headshots/nba/latest/1040x760/1627852.png,NBA CDN,candidate,manual_identity_research,,,,True,0
P003556,Nicolás Laprovíttola,Nicolás Laprovíttola,nicol-s-laprov-ttola,1627879.0,https://cdn.nba.com/headshots/nba/latest/1040x760/1627879.png,NBA CDN,candidate,manual_identity_research,,,,True,0
P003557,Nicolò Melli,Nicolò Melli,nicol-melli,1629740.0,https://cdn.nba.com/headshots/nba/latest/1040x760/1629740.png,NBA CDN,candidate,manual_identity_research,,,,True,0
P003558,Nigel Hayes-Davis,Nigel Hayes-Davis,nigel-hayes-davis,1628502.0,https://cdn.nba.com/headshots/nba/latest/1040x760/1628502.png,NBA CDN,candidate,manual_identity_research,,,,True,0
P003559,Nigel Williams-Goss,Nigel Williams-Goss,nigel-williams-goss,1628430.0,https://cdn.nba.com/headshots/nba/latest/1040x760/1628430.png,NBA CDN,candidate,manual_identity_research,,,,True,0
P003560,Nik Stauskas,Nik Stauskas,nik-stauskas,203917.0,https://cdn.nba.com/headshots/nba/latest/1040x760/203917.png,NBA CDN,candidate,manual_identity_research,,,,True,0
P003561,Nikita Wilson,Nikita Wilson,nikita-wilson,78582.0,https://cdn.nba.com/headshots/nba/latest/1040x760/78582.png,NBA CDN,candidate,manual_identity_research,,,,True,0
P003562,Nikola Jokić,Nikola Jokić,nikola-joki,203999.0,https://cdn.nba.com/headshots/nba/latest/1040x760/203999.png,NBA CDN,candidate,manual_identity_research,,,,True,0
P003563,Nikola Jović,Nikola Jović,nikola-jovi,1631107.0,https://cdn.nba.com/headshots/nba/latest/1040x760/1631107.png,NBA CDN,candidate,manual_identity_research,,,,True,0
P003564,Nikola Mirotić,Nikola Mirotić,nikola-miroti,202703.0,https://cdn.nba.com/headshots/nba/latest/1040x760/202703.png,NBA CDN,candidate,manual_identity_research,,,,True,0
P003565,Nikola Peković,Nikola Peković,nikola-pekovi,201593.0,https://cdn.nba.com/headshots/nba/latest/1040x760/201593.png,NBA CDN,candidate,manual_identity_research,,,,True,0
P003566,Nikola Topić,Nikola Topić,nikola-topi,1642260.0,https://cdn.nba.com/headshots/nba/latest/1040x760/1642260.png,NBA CDN,candidate,manual_identity_research,,,,True,0
P003567,Nikola Vučević,Nikola Vučević,nikola-vu-evi,202696.0,https://cdn.nba.com/headshots/nba/latest/1040x760/202696.png,NBA CDN,candidate,manual_identity_research,,,,True,0
P003568,Nikoloz Tskitishvili,Nikoloz Tskitishvili,nikoloz-tskitishvili,2401.0,https://cdn.nba.com/headshots/nba/latest/1040x760/2401.png,NBA CDN,candidate,manual_identity_research,,,,True,0
P003569,Nique Clifford,Nique Clifford,nique-clifford,1642363.0,https://cdn.nba.com/headshots/nba/latest/1040x760/1642363.png,NBA CDN,candidate,manual_identity_research,,,,True,0
P003570,Noa Essengue,Noa Essengue,noa-essengue,1642855.0,https://cdn.nba.com/headshots/nba/latest/1040x760/1642855.png,NBA CDN,candidate,manual_identity_research,,,,True,0
P003571,Noah Clowney,Noah Clowney,noah-clowney,1641730.0,https://cdn.nba.com/headshots/nba/latest/1040x760/1641730.png,NBA CDN,candidate,manual_identity_research,,,,True,0
P003572,Noah Penda,Noah Penda,noah-penda,1642869.0,https://cdn.nba.com/headshots/nba/latest/1040x760/1642869.png,NBA CDN,candidate,manual_identity_research,,,,True,0
P003573,Noah Vonleh,Noah Vonleh,noah-vonleh,203943.0,https://cdn.nba.com/headshots/nba/latest/1040x760/203943.png,NBA CDN,candidate,manual_identity_research,,,,True,0
P003574,Noble Jorgensen,Noble Jorgensen,noble-jorgensen,77212.0,https://cdn.nba.com/headshots/nba/latest/1040x760/77212.png,NBA CDN,candidate,manual_identity_research,,,,True,0
P003575,Noel Felix,Noel Felix,noel-felix,101230.0,https://cdn.nba.com/headshots/nba/latest/1040x760/101230.png,NBA CDN,candidate,manual_identity_research,,,,True,0
P003576,Nolan Smith,Nolan Smith,nolan-smith,202701.0,https://cdn.nba.com/headshots/nba/latest/1040x760/202701.png,NBA CDN,candidate,manual_identity_research,,,,True,0
P003577,Nolan Traoré,Nolan Traoré,nolan-traor,1642849.0,https://cdn.nba.com/headshots/nba/latest/1040x760/1642849.png,NBA CDN,candidate,manual_identity_research,,,,True,0
P003578,Norchad Omier,Norchad Omier,norchad-omier,1641807.0,https://cdn.nba.com/headshots/nba/latest/1040x760/1641807.png,NBA CDN,candidate,manual_identity_research,,,,True,0
P003579,Norm Cook,Norm Cook,norm-cook,76437.0,https://cdn.nba.com/headshots/nba/latest/1040x760/76437.png,NBA CDN,candidate,manual_identity_research,,,,True,0
P003580,Norm Grekin,Norm Grekin,norm-grekin,76886.0,https://cdn.nba.com/headshots/nba/latest/1040x760/76886.png,NBA CDN,candidate,manual_identity_research,,,,True,0
P003581,Norm Nixon,Norm Nixon,norm-nixon,77721.0,https://cdn.nba.com/headshots/nba/latest/1040x760/77721.png,NBA CDN,candidate,manual_identity_research,,,,True,0
P003582,Norm Richardson,Norm Richardson,norm-richardson,,,,manual_identity_review,manual_identity_research,,,,True,0
P003583,Norm Stewart,Norm Stewart,norm-stewart,78256.0,https://cdn.nba.com/headshots/nba/latest/1040x760/78256.png,NBA CDN,candidate,manual_identity_research,,,,True,0
P003584,Norm Swanson,Norm Swanson,norm-swanson,78284.0,https://cdn.nba.com/headshots/nba/latest/1040x760/78284.png,NBA CDN,candidate,manual_identity_research,,,,True,0
P003585,Norm Van Lier,Norm Van Lier,norm-van-lier,78406.0,https://cdn.nba.com/headshots/nba/latest/1040x760/78406.png,NBA CDN,candidate,manual_identity_research,,,,True,0
P003586,Norman Black,Norman Black,norman-black,76174.0,https://cdn.nba.com/headshots/nba/latest/1040x760/76174.png,NBA CDN,candidate,manual_identity_research,,,,True,0
P003587,Norman Powell,Norman Powell,norman-powell,1626181.0,https://cdn.nba.com/headshots/nba/latest/1040x760/1626181.png,NBA CDN,candidate,manual_identity_research,,,,True,0
P003588,Norris Cole,Norris Cole,norris-cole,202708.0,https://cdn.nba.com/headshots/nba/latest/1040x760/202708.png,NBA CDN,candidate,manual_identity_research,,,,True,0
P003589,Norris Coleman,Norris Coleman,norris-coleman,76415.0,https://cdn.nba.com/headshots/nba/latest/1040x760/76415.png,NBA CDN,candidate,manual_identity_research,,,,True,0
P003590,Norton Barnhill,Norton Barnhill,norton-barnhill,76109.0,https://cdn.nba.com/headshots/nba/latest/1040x760/76109.png,NBA CDN,candidate,manual_identity_research,,,,True,0
P003591,Norvel Pelle,Norvel Pelle,norvel-pelle,203658.0,https://cdn.nba.com/headshots/nba/latest/1040x760/203658.png,NBA CDN,candidate,manual_identity_research,,,,True,0
P003592,O.J. Mayo,O.J. Mayo,o-j-mayo,201564.0,https://cdn.nba.com/headshots/nba/latest/1040x760/201564.png,NBA CDN,candidate,manual_identity_research,,,,True,0
P003593,OG Anunoby,OG Anunoby,og-anunoby,1628384.0,https://cdn.nba.com/headshots/nba/latest/1040x760/1628384.png,NBA CDN,candidate,manual_identity_research,,,,True,0
P003594,Obi Toppin,Obi Toppin,obi-toppin,1630167.0,https://cdn.nba.com/headshots/nba/latest/1040x760/1630167.png,NBA CDN,candidate,manual_identity_research,,,,True,0
P003595,Obinna Ekezie,Obinna Ekezie,obinna-ekezie,1918.0,https://cdn.nba.com/headshots/nba/latest/1040x760/1918.png,NBA CDN,candidate,manual_identity_research,,,,True,0
P003596,Ochai Agbaji,Ochai Agbaji,ochai-agbaji,1630534.0,https://cdn.nba.com/headshots/nba/latest/1040x760/1630534.png,NBA CDN,candidate,manual_identity_research,,,,True,0
P003597,Odie Spears,Odie Spears,odie-spears,78225.0,https://cdn.nba.com/headshots/nba/latest/1040x760/78225.png,NBA CDN,candidate,manual_identity_research,,,,True,0
P003598,Odis Allison,Odis Allison,odis-allison,76029.0,https://cdn.nba.com/headshots/nba/latest/1040x760/76029.png,NBA CDN,candidate,manual_identity_research,,,,True,0
P003599,Ognjen Kuzmić,Ognjen Kuzmić,ognjen-kuzmi,203136.0,https://cdn.nba.com/headshots/nba/latest/1040x760/203136.png,NBA CDN,candidate,manual_identity_research,,,,True,0
P003600,Okaro White,Okaro White,okaro-white,1627855.0,https://cdn.nba.com/headshots/nba/latest/1040x760/1627855.png,NBA CDN,candidate,manual_identity_research,,,,True,0
P003601,Olden Polynice,Olden Polynice,olden-polynice,178.0,https://cdn.nba.com/headshots/nba/latest/1040x760/178.png,NBA CDN,candidate,manual_identity_research,,,,True,0
P003602,Oleksiy Pecherov,Oleksiy Pecherov,oleksiy-pecherov,200762.0,https://cdn.nba.com/headshots/nba/latest/1040x760/200762.png,NBA CDN,candidate,manual_identity_research,,,,True,0
P003603,Oliver Lafayette,Oliver Lafayette,oliver-lafayette,201802.0,https://cdn.nba.com/headshots/nba/latest/1040x760/201802.png,NBA CDN,candidate,manual_identity_research,,,,True,0
P003604,Oliver Miller,Oliver Miller,oliver-miller,932.0,https://cdn.nba.com/headshots/nba/latest/1040x760/932.png,NBA CDN,candidate,manual_identity_research,,,,True,0
P003605,Oliver Robinson,Oliver Robinson,oliver-robinson,77994.0,https://cdn.nba.com/headshots/nba/latest/1040x760/77994.png,NBA CDN,candidate,manual_identity_research,,,,True,0
P003606,Olivier Sarr,Olivier Sarr,olivier-sarr,1630846.0,https://cdn.nba.com/headshots/nba/latest/1040x760/1630846.png,NBA CDN,candidate,manual_identity_research,,,,True,0
P003607,Olivier-Maxence Prosper,Olivier-Maxence Prosper,olivier-maxence-prosper,1641765.0,https://cdn.nba.com/headshots/nba/latest/1040x760/1641765.png,NBA CDN,candidate,manual_identity_research,,,,True,0
P003608,Ollie Johnson,Ollie Johnson,ollie-johnson,77162.0,https://cdn.nba.com/headshots/nba/latest/1040x760/77162.png,NBA CDN,candidate,manual_identity_research,,,,True,0
P003609,Ollie Mack,Ollie Mack,ollie-mack,77432.0,https://cdn.nba.com/headshots/nba/latest/1040x760/77432.png,NBA CDN,candidate,manual_identity_research,,,,True,0
P003610,Olumide Oyedeji,Olumide Oyedeji,olumide-oyedeji,2071.0,https://cdn.nba.com/headshots/nba/latest/1040x760/2071.png,NBA CDN,candidate,manual_identity_research,,,,True,0
P003611,Omar Cook,Omar Cook,omar-cook,2241.0,https://cdn.nba.com/headshots/nba/latest/1040x760/2241.png,NBA CDN,candidate,manual_identity_research,,,,True,0
P003612,Omari Johnson,Omari Johnson,omari-johnson,204179.0,https://cdn.nba.com/headshots/nba/latest/1040x760/204179.png,NBA CDN,candidate,manual_identity_research,,,,True,0
P003613,Omari Spellman,Omari Spellman,omari-spellman,1629016.0,https://cdn.nba.com/headshots/nba/latest/1040x760/1629016.png,NBA CDN,candidate,manual_identity_research,,,,True,0
P003614,Omer Yurtseven,Omer Yurtseven,omer-yurtseven,1630209.0,https://cdn.nba.com/headshots/nba/latest/1040x760/1630209.png,NBA CDN,candidate,manual_identity_research,,,,True,0
P003615,Omri Casspi,Omri Casspi,omri-casspi,201956.0,https://cdn.nba.com/headshots/nba/latest/1040x760/201956.png,NBA CDN,candidate,manual_identity_research,,,,True,0
P003616,Onuralp Bitim,Onuralp Bitim,onuralp-bitim,1641931.0,https://cdn.nba.com/headshots/nba/latest/1040x760/1641931.png,NBA CDN,candidate,manual_identity_research,,,,True,0
P003617,Onyeka Okongwu,Onyeka Okongwu,onyeka-okongwu,1630168.0,https://cdn.nba.com/headshots/nba/latest/1040x760/1630168.png,NBA CDN,candidate,manual_identity_research,,,,True,0
P003618,Orien Greene,Orien Greene,orien-greene,101158.0,https://cdn.nba.com/headshots/nba/latest/1040x760/101158.png,NBA CDN,candidate,manual_identity_research,,,,True,0
P003619,Orlando Graham,Orlando Graham,orlando-graham,76841.0,https://cdn.nba.com/headshots/nba/latest/1040x760/76841.png,NBA CDN,candidate,manual_identity_research,,,,True,0
P003620,Orlando Johnson,Orlando Johnson,orlando-johnson,203111.0,https://cdn.nba.com/headshots/nba/latest/1040x760/203111.png,NBA CDN,candidate,manual_identity_research,,,,True,0
P003621,Orlando Robinson,Orlando Robinson,orlando-robinson,1631115.0,https://cdn.nba.com/headshots/nba/latest/1040x760/1631115.png,NBA CDN,candidate,manual_identity_research,,,,True,0
P003622,Orlando Woolridge,Orlando Woolridge,orlando-woolridge,78615.0,https://cdn.nba.com/headshots/nba/latest/1040x760/78615.png,NBA CDN,candidate,manual_identity_research,,,,True,0
P003623,Oscar Robertson,Oscar Robertson,oscar-robertson-p003623,600015.0,https://cdn.nba.com/headshots/nba/latest/1040x760/600015.png,NBA CDN,candidate,manual_identity_research,,,,True,0
P003624,Oscar Robertson*,Oscar Robertson*,oscar-robertson-p003624,600015.0,https://cdn.nba.com/headshots/nba/latest/1040x760/600015.png,NBA CDN,candidate,manual_identity_research,,,,True,0
P003625,Oscar Tshiebwe,Oscar Tshiebwe,oscar-tshiebwe,1631131.0,https://cdn.nba.com/headshots/nba/latest/1040x760/1631131.png,NBA CDN,candidate,manual_identity_research,,,,True,0
P003626,Oshae Brissett,Oshae Brissett,oshae-brissett,1629052.0,https://cdn.nba.com/headshots/nba/latest/1040x760/1629052.png,NBA CDN,candidate,manual_identity_research,,,,True,0
P003627,Oso Ighodaro,Oso Ighodaro,oso-ighodaro,1642345.0,https://cdn.nba.com/headshots/nba/latest/1040x760/1642345.png,NBA CDN,candidate,manual_identity_research,,,,True,0
P003628,Othell Wilson,Othell Wilson,othell-wilson,78578.0,https://cdn.nba.com/headshots/nba/latest/1040x760/78578.png,NBA CDN,candidate,manual_identity_research,,,,True,0
P003629,Othella Harrington,Othella Harrington,othella-harrington,970.0,https://cdn.nba.com/headshots/nba/latest/1040x760/970.png,NBA CDN,candidate,manual_identity_research,,,,True,0
P003630,Othello Hunter,Othello Hunter,othello-hunter,201629.0,https://cdn.nba.com/headshots/nba/latest/1040x760/201629.png,NBA CDN,candidate,manual_identity_research,,,,True,0
P003631,Othyus Jeffers,Othyus Jeffers,othyus-jeffers,201785.0,https://cdn.nba.com/headshots/nba/latest/1040x760/201785.png,NBA CDN,candidate,manual_identity_research,,,,True,0
P003632,Otis Birdsong,Otis Birdsong,otis-birdsong,76170.0,https://cdn.nba.com/headshots/nba/latest/1040x760/76170.png,NBA CDN,candidate,manual_identity_research,,,,True,0
P003633,Otis Howard,Otis Howard,otis-howard,77069.0,https://cdn.nba.com/headshots/nba/latest/1040x760/77069.png,NBA CDN,candidate,manual_identity_research,,,,True,0
P003634,Otis Smith,Otis Smith,otis-smith,78198.0,https://cdn.nba.com/headshots/nba/latest/1040x760/78198.png,NBA CDN,candidate,manual_identity_research,,,,True,0
P003635,Otis Thorpe,Otis Thorpe,otis-thorpe,901.0,https://cdn.nba.com/headshots/nba/latest/1040x760/901.png,NBA CDN,candidate,manual_identity_research,,,,True,0
P003636,Otto Moore,Otto Moore,otto-moore,77636.0,https://cdn.nba.com/headshots/nba/latest/1040x760/77636.png,NBA CDN,candidate,manual_identity_research,,,,True,0
P003637,Otto Porter Jr.,Otto Porter Jr.,otto-porter-jr,203490.0,https://cdn.nba.com/headshots/nba/latest/1040x760/203490.png,NBA CDN,candidate,manual_identity_research,,,,True,0
P003638,Ousmane Dieng,Ousmane Dieng,ousmane-dieng,1631172.0,https://cdn.nba.com/headshots/nba/latest/1040x760/1631172.png,NBA CDN,candidate,manual_identity_research,,,,True,0
P003639,Owen Wells,Owen Wells,owen-wells,78488.0,https://cdn.nba.com/headshots/nba/latest/1040x760/78488.png,NBA CDN,candidate,manual_identity_research,,,,True,0
P003640,Ozell Jones,Ozell Jones,ozell-jones,77191.0,https://cdn.nba.com/headshots/nba/latest/1040x760/77191.png,NBA CDN,candidate,manual_identity_research,,,,True,0
P003641,P.J. Brown,P.J. Brown,p-j-brown,136.0,https://cdn.nba.com/headshots/nba/latest/1040x760/136.png,NBA CDN,candidate,manual_identity_research,,,,True,0
P003642,P.J. Hairston,P.J. Hairston,p-j-hairston,203798.0,https://cdn.nba.com/headshots/nba/latest/1040x760/203798.png,NBA CDN,verified,none,200.0,image/webp,verified,True,0
P003643,P.J. Tucker,P.J. Tucker,p-j-tucker,200782.0,https://cdn.nba.com/headshots/nba/latest/1040x760/200782.png,NBA CDN,candidate,manual_identity_research,,,,True,0
P003644,P.J. Washington,P.J. Washington,p-j-washington,1629023.0,https://cdn.nba.com/headshots/nba/latest/1040x760/1629023.png,NBA CDN,candidate,manual_identity_research,,,,True,0
P003645,PJ Dozier,PJ Dozier,pj-dozier,1628408.0,https://cdn.nba.com/headshots/nba/latest/1040x760/1628408.png,NBA CDN,candidate,manual_identity_research,,,,True,0
P003646,PJ Hall,PJ Hall,pj-hall,1641790.0,https://cdn.nba.com/headshots/nba/latest/1040x760/1641790.png,NBA CDN,candidate,manual_identity_research,,,,True,0
P003647,Pablo Prigioni,Pablo Prigioni,pablo-prigioni,203143.0,https://cdn.nba.com/headshots/nba/latest/1040x760/203143.png,NBA CDN,candidate,manual_identity_research,,,,True,0
P003648,Pace Mannion,Pace Mannion,pace-mannion,77456.0,https://cdn.nba.com/headshots/nba/latest/1040x760/77456.png,NBA CDN,candidate,manual_identity_research,,,,True,0
P003649,Pacôme Dadiet,Pacôme Dadiet,pac-me-dadiet,1642359.0,https://cdn.nba.com/headshots/nba/latest/1040x760/1642359.png,NBA CDN,candidate,manual_identity_research,,,,True,0
P003650,Paolo Banchero,Paolo Banchero,paolo-banchero,1631094.0,https://cdn.nba.com/headshots/nba/latest/1040x760/1631094.png,NBA CDN,candidate,manual_identity_research,,,,True,0
P003651,Pape Sow,Pape Sow,pape-sow,2776.0,https://cdn.nba.com/headshots/nba/latest/1040x760/2776.png,NBA CDN,candidate,manual_identity_research,,,,True,0
P003652,Pape Sy,Pape Sy,pape-sy,202377.0,https://cdn.nba.com/headshots/nba/latest/1040x760/202377.png,NBA CDN,candidate,manual_identity_research,,,,True,0
P003653,Paris Bass,Paris Bass,paris-bass,1628238.0,https://cdn.nba.com/headshots/nba/latest/1040x760/1628238.png,NBA CDN,candidate,manual_identity_research,,,,True,0
P003654,Pascal Siakam,Pascal Siakam,pascal-siakam,1627783.0,https://cdn.nba.com/headshots/nba/latest/1040x760/1627783.png,NBA CDN,candidate,manual_identity_research,,,,True,0
P003655,Pat Burke,Pat Burke,pat-burke,2469.0,https://cdn.nba.com/headshots/nba/latest/1040x760/2469.png,NBA CDN,candidate,manual_identity_research,,,,True,0
P003656,Pat Connaughton,Pat Connaughton,pat-connaughton,1626192.0,https://cdn.nba.com/headshots/nba/latest/1040x760/1626192.png,NBA CDN,candidate,manual_identity_research,,,,True,0
P003657,Pat Cummings,Pat Cummings,pat-cummings,76483.0,https://cdn.nba.com/headshots/nba/latest/1040x760/76483.png,NBA CDN,candidate,manual_identity_research,,,,True,0
P003658,Pat Dunn,Pat Dunn,pat-dunn,76617.0,https://cdn.nba.com/headshots/nba/latest/1040x760/76617.png,NBA CDN,candidate,manual_identity_research,,,,True,0
P003659,Pat Durham,Pat Durham,pat-durham,1090.0,https://cdn.nba.com/headshots/nba/latest/1040x760/1090.png,NBA CDN,candidate,manual_identity_research,,,,True,0
P003660,Pat Frink,Pat Frink,pat-frink,76759.0,https://cdn.nba.com/headshots/nba/latest/1040x760/76759.png,NBA CDN,candidate,manual_identity_research,,,,True,0
P003661,Pat Garrity,Pat Garrity,pat-garrity,1727.0,https://cdn.nba.com/headshots/nba/latest/1040x760/1727.png,NBA CDN,candidate,manual_identity_research,,,,True,0
P003662,Pat Riley,Pat Riley,pat-riley-p003662,77962.0,https://cdn.nba.com/headshots/nba/latest/1040x760/77962.png,NBA CDN,candidate,manual_identity_research,,,,True,0
P003663,Pat Riley*,Pat Riley*,pat-riley-p003663,77962.0,https://cdn.nba.com/headshots/nba/latest/1040x760/77962.png,NBA CDN,candidate,manual_identity_research,,,,True,0
P003664,Pat Spencer,Pat Spencer,pat-spencer,1630311.0,https://cdn.nba.com/headshots/nba/latest/1040x760/1630311.png,NBA CDN,candidate,manual_identity_research,,,,True,0
P003665,Patricio Garino,Patricio Garino,patricio-garino,1627868.0,https://cdn.nba.com/headshots/nba/latest/1040x760/1627868.png,NBA CDN,candidate,manual_identity_research,,,,True,0
P003666,Patrick Baldwin Jr.,Patrick Baldwin Jr.,patrick-baldwin-jr,1631116.0,https://cdn.nba.com/headshots/nba/latest/1040x760/1631116.png,NBA CDN,candidate,manual_identity_research,,,,True,0
P003667,Patrick Beverley,Patrick Beverley,patrick-beverley,201976.0,https://cdn.nba.com/headshots/nba/latest/1040x760/201976.png,NBA CDN,candidate,manual_identity_research,,,,True,0
P003668,Patrick Christopher,Patrick Christopher,patrick-christopher,203565.0,https://cdn.nba.com/headshots/nba/latest/1040x760/203565.png,NBA CDN,candidate,manual_identity_research,,,,True,0
P003669,Patrick Eddie,Patrick Eddie,patrick-eddie,76635.0,https://cdn.nba.com/headshots/nba/latest/1040x760/76635.png,NBA CDN,candidate,manual_identity_research,,,,True,0
P003670,Patrick Ewing,Patrick Ewing,patrick-ewing-p003670,,,,manual_identity_review,manual_identity_research,,,,True,0
P003671,Patrick Ewing*,Patrick Ewing*,patrick-ewing-p003671,121.0,https://cdn.nba.com/headshots/nba/latest/1040x760/121.png,NBA CDN,verified,none,200.0,image/avif,verified,True,0
P003672,Patrick McCaw,Patrick McCaw,patrick-mccaw,1627775.0,https://cdn.nba.com/headshots/nba/latest/1040x760/1627775.png,NBA CDN,candidate,manual_identity_research,,,,True,0
P003673,Patrick O'Bryant,Patrick O'Bryant,patrick-o-bryant,200753.0,https://cdn.nba.com/headshots/nba/latest/1040x760/200753.png,NBA CDN,candidate,manual_identity_research,,,,True,0
P003674,Patrick Patterson,Patrick Patterson,patrick-patterson,202335.0,https://cdn.nba.com/headshots/nba/latest/1040x760/202335.png,NBA CDN,candidate,manual_identity_research,,,,True,0
P003675,Patrick Williams,Patrick Williams,patrick-williams,1630172.0,https://cdn.nba.com/headshots/nba/latest/1040x760/1630172.png,NBA CDN,candidate,manual_identity_research,,,,True,0
P003676,Patty Mills,Patty Mills,patty-mills,201988.0,https://cdn.nba.com/headshots/nba/latest/1040x760/201988.png,NBA CDN,candidate,manual_identity_research,,,,True,0
P003677,Pau Gasol,Pau Gasol,pau-gasol-p003677,2200.0,https://cdn.nba.com/headshots/nba/latest/1040x760/2200.png,NBA CDN,candidate,manual_identity_research,,,,True,0
P003678,Pau Gasol*,Pau Gasol*,pau-gasol-p003678,2200.0,https://cdn.nba.com/headshots/nba/latest/1040x760/2200.png,NBA CDN,candidate,manual_identity_research,,,,True,0
P003679,Paul Arizin,Paul Arizin,paul-arizin-p003679,76056.0,https://cdn.nba.com/headshots/nba/latest/1040x760/76056.png,NBA CDN,candidate,manual_identity_research,,,,True,0
P003680,Paul Arizin*,Paul Arizin*,paul-arizin-p003680,76056.0,https://cdn.nba.com/headshots/nba/latest/1040x760/76056.png,NBA CDN,candidate,manual_identity_research,,,,True,0
P003681,Paul Davis,Paul Davis,paul-davis,200781.0,https://cdn.nba.com/headshots/nba/latest/1040x760/200781.png,NBA CDN,candidate,manual_identity_research,,,,True,0
P003682,Paul Dawkins,Paul Dawkins,paul-dawkins,76541.0,https://cdn.nba.com/headshots/nba/latest/1040x760/76541.png,NBA CDN,candidate,manual_identity_research,,,,True,0
P003683,Paul George,Paul George,paul-george,202331.0,https://cdn.nba.com/headshots/nba/latest/1040x760/202331.png,NBA CDN,candidate,manual_identity_research,,,,True,0
P003684,Paul Graham,Paul Graham,paul-graham,76842.0,https://cdn.nba.com/headshots/nba/latest/1040x760/76842.png,NBA CDN,candidate,manual_identity_research,,,,True,0
P003685,Paul Grant,Paul Grant,paul-grant,1514.0,https://cdn.nba.com/headshots/nba/latest/1040x760/1514.png,NBA CDN,candidate,manual_identity_research,,,,True,0
P003686,Paul Griffin,Paul Griffin,paul-griffin,76889.0,https://cdn.nba.com/headshots/nba/latest/1040x760/76889.png,NBA CDN,candidate,manual_identity_research,,,,True,0
P003687,Paul Hoffman,Paul Hoffman,paul-hoffman,77036.0,https://cdn.nba.com/headshots/nba/latest/1040x760/77036.png,NBA CDN,candidate,manual_identity_research,,,,True,0
P003688,Paul Hogue,Paul Hogue,paul-hogue,77038.0,https://cdn.nba.com/headshots/nba/latest/1040x760/77038.png,NBA CDN,candidate,manual_identity_research,,,,True,0
P003689,Paul Long,Paul Long,paul-long,77406.0,https://cdn.nba.com/headshots/nba/latest/1040x760/77406.png,NBA CDN,candidate,manual_identity_research,,,,True,0
P003690,Paul McCracken,Paul McCracken,paul-mccracken,77517.0,https://cdn.nba.com/headshots/nba/latest/1040x760/77517.png,NBA CDN,candidate,manual_identity_research,,,,True,0
P003691,Paul McPherson,Paul McPherson,paul-mcpherson,2101.0,https://cdn.nba.com/headshots/nba/latest/1040x760/2101.png,NBA CDN,candidate,manual_identity_research,,,,True,0
P003692,Paul Millsap,Paul Millsap,paul-millsap,200794.0,https://cdn.nba.com/headshots/nba/latest/1040x760/200794.png,NBA CDN,candidate,manual_identity_research,,,,True,0
P003693,Paul Mokeski,Paul Mokeski,paul-mokeski,77623.0,https://cdn.nba.com/headshots/nba/latest/1040x760/77623.png,NBA CDN,candidate,manual_identity_research,,,,True,0
P003694,Paul Neumann,Paul Neumann,paul-neumann,77706.0,https://cdn.nba.com/headshots/nba/latest/1040x760/77706.png,NBA CDN,candidate,manual_identity_research,,,,True,0
P003695,Paul Noel,Paul Noel,paul-noel,77723.0,https://cdn.nba.com/headshots/nba/latest/1040x760/77723.png,NBA CDN,candidate,manual_identity_research,,,,True,0
P003696,Paul Nolen,Paul Nolen,paul-nolen,77725.0,https://cdn.nba.com/headshots/nba/latest/1040x760/77725.png,NBA CDN,candidate,manual_identity_research,,,,True,0
P003697,Paul Pierce,Paul Pierce,paul-pierce-p003697,1718.0,https://cdn.nba.com/headshots/nba/latest/1040x760/1718.png,NBA CDN,candidate,manual_identity_research,,,,True,0
P003698,Paul Pierce*,Paul Pierce*,paul-pierce-p003698,1718.0,https://cdn.nba.com/headshots/nba/latest/1040x760/1718.png,NBA CDN,candidate,manual_identity_research,,,,True,0
P003699,Paul Pressey,Paul Pressey,paul-pressey,77879.0,https://cdn.nba.com/headshots/nba/latest/1040x760/77879.png,NBA CDN,candidate,manual_identity_research,,,,True,0
P003700,Paul Reed,Paul Reed,paul-reed,1630194.0,https://cdn.nba.com/headshots/nba/latest/1040x760/1630194.png,NBA CDN,candidate,manual_identity_research,,,,True,0
P003701,Paul Ruffner,Paul Ruffner,paul-ruffner,78039.0,https://cdn.nba.com/headshots/nba/latest/1040x760/78039.png,NBA CDN,candidate,manual_identity_research,,,,True,0
P003702,Paul Seymour,Paul Seymour,paul-seymour,78117.0,https://cdn.nba.com/headshots/nba/latest/1040x760/78117.png,NBA CDN,candidate,manual_identity_research,,,,True,0
P003703,Paul Shirley,Paul Shirley,paul-shirley,2321.0,https://cdn.nba.com/headshots/nba/latest/1040x760/2321.png,NBA CDN,candidate,manual_identity_research,,,,True,0
P003704,Paul Silas,Paul Silas,paul-silas,78151.0,https://cdn.nba.com/headshots/nba/latest/1040x760/78151.png,NBA CDN,candidate,manual_identity_research,,,,True,0
P003705,Paul Stovall,Paul Stovall,paul-stovall,78267.0,https://cdn.nba.com/headshots/nba/latest/1040x760/78267.png,NBA CDN,candidate,manual_identity_research,,,,True,0
P003706,Paul Thompson,Paul Thompson,paul-thompson,78332.0,https://cdn.nba.com/headshots/nba/latest/1040x760/78332.png,NBA CDN,candidate,manual_identity_research,,,,True,0
P003707,Paul Walther,Paul Walther,paul-walther,78447.0,https://cdn.nba.com/headshots/nba/latest/1040x760/78447.png,NBA CDN,candidate,manual_identity_research,,,,True,0
P003708,Paul Watson,Paul Watson,paul-watson,1628778.0,https://cdn.nba.com/headshots/nba/latest/1040x760/1628778.png,NBA CDN,candidate,manual_identity_research,,,,True,0
P003709,Paul Westphal,Paul Westphal,paul-westphal-p003709,78500.0,https://cdn.nba.com/headshots/nba/latest/1040x760/78500.png,NBA CDN,candidate,manual_identity_research,,,,True,0
P003710,Paul Westphal*,Paul Westphal*,paul-westphal-p003710,78500.0,https://cdn.nba.com/headshots/nba/latest/1040x760/78500.png,NBA CDN,candidate,manual_identity_research,,,,True,0
P003711,Paul Zipser,Paul Zipser,paul-zipser,1627835.0,https://cdn.nba.com/headshots/nba/latest/1040x760/1627835.png,NBA CDN,candidate,manual_identity_research,,,,True,0
P003712,Pavel Podkolzin,Pavel Podkolzin,pavel-podkolzin,2750.0,https://cdn.nba.com/headshots/nba/latest/1040x760/2750.png,NBA CDN,candidate,manual_identity_research,,,,True,0
P003713,Payton Pritchard,Payton Pritchard,payton-pritchard,1630202.0,https://cdn.nba.com/headshots/nba/latest/1040x760/1630202.png,NBA CDN,candidate,manual_identity_research,,,,True,0
P003714,Payton Sandfort,Payton Sandfort,payton-sandfort,1642362.0,https://cdn.nba.com/headshots/nba/latest/1040x760/1642362.png,NBA CDN,candidate,manual_identity_research,,,,True,0
P003715,Pearl Washington,Pearl Washington,pearl-washington,,,,manual_identity_review,manual_identity_research,,,,True,0
P003716,Peja Stojaković,Peja Stojaković,peja-stojakovi,978.0,https://cdn.nba.com/headshots/nba/latest/1040x760/978.png,NBA CDN,candidate,manual_identity_research,,,,True,0
P003717,Pelle Larsson,Pelle Larsson,pelle-larsson,1641796.0,https://cdn.nba.com/headshots/nba/latest/1040x760/1641796.png,NBA CDN,candidate,manual_identity_research,,,,True,0
P003718,Pep Saul,Pep Saul,pep-saul,,,,manual_identity_review,manual_identity_research,,,,True,0
P003719,Pepe Sánchez,Pepe Sánchez,pepe-s-nchez,2143.0,https://cdn.nba.com/headshots/nba/latest/1040x760/2143.png,NBA CDN,candidate,manual_identity_research,,,,True,0
P003720,Pero Antić,Pero Antić,pero-anti,203544.0,https://cdn.nba.com/headshots/nba/latest/1040x760/203544.png,NBA CDN,candidate,manual_identity_research,,,,True,0
P003721,Perry Jones,Perry Jones,perry-jones,203103.0,https://cdn.nba.com/headshots/nba/latest/1040x760/203103.png,NBA CDN,verified,none,200.0,image/avif,verified,True,0
P003722,Perry Moss,Perry Moss,perry-moss,77654.0,https://cdn.nba.com/headshots/nba/latest/1040x760/77654.png,NBA CDN,candidate,manual_identity_research,,,,True,0
P003723,Perry Warbington,Perry Warbington,perry-warbington,78454.0,https://cdn.nba.com/headshots/nba/latest/1040x760/78454.png,NBA CDN,candidate,manual_identity_research,,,,True,0
P003724,Perry Young,Perry Young,perry-young,78635.0,https://cdn.nba.com/headshots/nba/latest/1040x760/78635.png,NBA CDN,candidate,manual_identity_research,,,,True,0
P003725,Pervis Ellison,Pervis Ellison,pervis-ellison,442.0,https://cdn.nba.com/headshots/nba/latest/1040x760/442.png,NBA CDN,candidate,manual_identity_research,,,,True,0
P003726,Pete Brennan,Pete Brennan,pete-brennan,76245.0,https://cdn.nba.com/headshots/nba/latest/1040x760/76245.png,NBA CDN,candidate,manual_identity_research,,,,True,0
P003727,Pete Chilcutt,Pete Chilcutt,pete-chilcutt,432.0,https://cdn.nba.com/headshots/nba/latest/1040x760/432.png,NBA CDN,candidate,manual_identity_research,,,,True,0
P003728,Pete Cross,Pete Cross,pete-cross,76477.0,https://cdn.nba.com/headshots/nba/latest/1040x760/76477.png,NBA CDN,candidate,manual_identity_research,,,,True,0
P003729,Pete Darcey,Pete Darcey,pete-darcey,,,,manual_identity_review,manual_identity_research,,,,True,0
P003730,Pete Maravich,Pete Maravich,pete-maravich-p003730,77459.0,https://cdn.nba.com/headshots/nba/latest/1040x760/77459.png,NBA CDN,candidate,manual_identity_research,,,,True,0
P003731,Pete Maravich*,Pete Maravich*,pete-maravich-p003731,77459.0,https://cdn.nba.com/headshots/nba/latest/1040x760/77459.png,NBA CDN,candidate,manual_identity_research,,,,True,0
P003732,Pete Myers,Pete Myers,pete-myers,939.0,https://cdn.nba.com/headshots/nba/latest/1040x760/939.png,NBA CDN,candidate,manual_identity_research,,,,True,0
P003733,Pete Nance,Pete Nance,pete-nance,1631250.0,https://cdn.nba.com/headshots/nba/latest/1040x760/1631250.png,NBA CDN,candidate,manual_identity_research,,,,True,0
P003734,Pete Verhoeven,Pete Verhoeven,pete-verhoeven,,,,manual_identity_review,manual_identity_research,,,,True,0
P003735,Pete Williams,Pete Williams,pete-williams,78566.0,https://cdn.nba.com/headshots/nba/latest/1040x760/78566.png,NBA CDN,candidate,manual_identity_research,,,,True,0
P003736,Peter Aluma,Peter Aluma,peter-aluma,1824.0,https://cdn.nba.com/headshots/nba/latest/1040x760/1824.png,NBA CDN,candidate,manual_identity_research,,,,True,0
P003737,Peter John Ramos,Peter John Ramos,peter-john-ramos,2762.0,https://cdn.nba.com/headshots/nba/latest/1040x760/2762.png,NBA CDN,candidate,manual_identity_research,,,,True,0
P003738,Peter Thibeaux,Peter Thibeaux,peter-thibeaux,78311.0,https://cdn.nba.com/headshots/nba/latest/1040x760/78311.png,NBA CDN,candidate,manual_identity_research,,,,True,0
P003739,Petr Cornelie,Petr Cornelie,petr-cornelie,1627822.0,https://cdn.nba.com/headshots/nba/latest/1040x760/1627822.png,NBA CDN,candidate,manual_identity_research,,,,True,0
P003740,Peyton Siva,Peyton Siva,peyton-siva,203491.0,https://cdn.nba.com/headshots/nba/latest/1040x760/203491.png,NBA CDN,candidate,manual_identity_research,,,,True,0
P003741,Peyton Watson,Peyton Watson,peyton-watson,1631212.0,https://cdn.nba.com/headshots/nba/latest/1040x760/1631212.png,NBA CDN,candidate,manual_identity_research,,,,True,0
P003742,Phil Bond,Phil Bond,phil-bond,76198.0,https://cdn.nba.com/headshots/nba/latest/1040x760/76198.png,NBA CDN,candidate,manual_identity_research,,,,True,0
P003743,Phil Chenier,Phil Chenier,phil-chenier,76386.0,https://cdn.nba.com/headshots/nba/latest/1040x760/76386.png,NBA CDN,candidate,manual_identity_research,,,,True,0
P003744,Phil Ford,Phil Ford,phil-ford,76736.0,https://cdn.nba.com/headshots/nba/latest/1040x760/76736.png,NBA CDN,candidate,manual_identity_research,,,,True,0
P003745,Phil Hankinson,Phil Hankinson,phil-hankinson,76936.0,https://cdn.nba.com/headshots/nba/latest/1040x760/76936.png,NBA CDN,candidate,manual_identity_research,,,,True,0
P003746,Phil Hicks,Phil Hicks,phil-hicks,77017.0,https://cdn.nba.com/headshots/nba/latest/1040x760/77017.png,NBA CDN,candidate,manual_identity_research,,,,True,0
P003747,Phil Hubbard,Phil Hubbard,phil-hubbard,77071.0,https://cdn.nba.com/headshots/nba/latest/1040x760/77071.png,NBA CDN,candidate,manual_identity_research,,,,True,0
P003748,Phil Jackson,Phil Jackson,phil-jackson-p003748,77106.0,https://cdn.nba.com/headshots/nba/latest/1040x760/77106.png,NBA CDN,candidate,manual_identity_research,,,,True,0
P003749,Phil Jackson*,Phil Jackson*,phil-jackson-p003749,77106.0,https://cdn.nba.com/headshots/nba/latest/1040x760/77106.png,NBA CDN,candidate,manual_identity_research,,,,True,0
P003750,Phil Jordon,Phil Jordon,phil-jordon,77210.0,https://cdn.nba.com/headshots/nba/latest/1040x760/77210.png,NBA CDN,candidate,manual_identity_research,,,,True,0
P003751,Phil Lumpkin,Phil Lumpkin,phil-lumpkin,77424.0,https://cdn.nba.com/headshots/nba/latest/1040x760/77424.png,NBA CDN,candidate,manual_identity_research,,,,True,0
P003752,Phil Martin,Phil Martin,phil-martin,77477.0,https://cdn.nba.com/headshots/nba/latest/1040x760/77477.png,NBA CDN,candidate,manual_identity_research,,,,True,0
P003753,Phil Pressey,Phil Pressey,phil-pressey,203515.0,https://cdn.nba.com/headshots/nba/latest/1040x760/203515.png,NBA CDN,candidate,manual_identity_research,,,,True,0
P003754,Phil Rollins,Phil Rollins,phil-rollins,78013.0,https://cdn.nba.com/headshots/nba/latest/1040x760/78013.png,NBA CDN,candidate,manual_identity_research,,,,True,0
P003755,Phil Sellers,Phil Sellers,phil-sellers,78111.0,https://cdn.nba.com/headshots/nba/latest/1040x760/78111.png,NBA CDN,candidate,manual_identity_research,,,,True,0
P003756,Phil Smith,Phil Smith,phil-smith,78199.0,https://cdn.nba.com/headshots/nba/latest/1040x760/78199.png,NBA CDN,candidate,manual_identity_research,,,,True,0
P003757,Phil Walker,Phil Walker,phil-walker,78441.0,https://cdn.nba.com/headshots/nba/latest/1040x760/78441.png,NBA CDN,candidate,manual_identity_research,,,,True,0
P003758,Phil Zevenbergen,Phil Zevenbergen,phil-zevenbergen,78644.0,https://cdn.nba.com/headshots/nba/latest/1040x760/78644.png,NBA CDN,candidate,manual_identity_research,,,,True,0
P003759,Phillip Wheeler,Phillip Wheeler,phillip-wheeler,1630762.0,https://cdn.nba.com/headshots/nba/latest/1040x760/1630762.png,NBA CDN,candidate,manual_identity_research,,,,True,0
P003760,Pickles Kennedy,Pickles Kennedy,pickles-kennedy,,,,manual_identity_review,manual_identity_research,,,,True,0
P003761,Pierre Jackson,Pierre Jackson,pierre-jackson,203510.0,https://cdn.nba.com/headshots/nba/latest/1040x760/203510.png,NBA CDN,candidate,manual_identity_research,,,,True,0
P003762,Plummer Lott,Plummer Lott,plummer-lott,77410.0,https://cdn.nba.com/headshots/nba/latest/1040x760/77410.png,NBA CDN,candidate,manual_identity_research,,,,True,0
P003763,Pooh Richardson,Pooh Richardson,pooh-richardson,71.0,https://cdn.nba.com/headshots/nba/latest/1040x760/71.png,NBA CDN,candidate,manual_identity_research,,,,True,0
P003764,Popeye Jones,Popeye Jones,popeye-jones,461.0,https://cdn.nba.com/headshots/nba/latest/1040x760/461.png,NBA CDN,candidate,manual_identity_research,,,,True,0
P003765,Pops Mensah-Bonsu,Pops Mensah-Bonsu,pops-mensah-bonsu,200822.0,https://cdn.nba.com/headshots/nba/latest/1040x760/200822.png,NBA CDN,candidate,manual_identity_research,,,,True,0
P003766,Porter Meriwether,Porter Meriwether,porter-meriwether,77583.0,https://cdn.nba.com/headshots/nba/latest/1040x760/77583.png,NBA CDN,candidate,manual_identity_research,,,,True,0
P003767,Precious Achiuwa,Precious Achiuwa,precious-achiuwa,1630173.0,https://cdn.nba.com/headshots/nba/latest/1040x760/1630173.png,NBA CDN,candidate,manual_identity_research,,,,True,0
P003768,Predrag Drobnjak,Predrag Drobnjak,predrag-drobnjak,1542.0,https://cdn.nba.com/headshots/nba/latest/1040x760/1542.png,NBA CDN,candidate,manual_identity_research,,,,True,0
P003769,Predrag Savović,Predrag Savović,predrag-savovi,2453.0,https://cdn.nba.com/headshots/nba/latest/1040x760/2453.png,NBA CDN,candidate,manual_identity_research,,,,True,0
P003770,Priest Lauderdale,Priest Lauderdale,priest-lauderdale,968.0,https://cdn.nba.com/headshots/nba/latest/1040x760/968.png,NBA CDN,candidate,manual_identity_research,,,,True,0
P003771,Primož Brezec,Primož Brezec,primo-brezec,2056.0,https://cdn.nba.com/headshots/nba/latest/1040x760/2056.png,NBA CDN,candidate,manual_identity_research,,,,True,0
P003772,Purvis Short,Purvis Short,purvis-short,78139.0,https://cdn.nba.com/headshots/nba/latest/1040x760/78139.png,NBA CDN,candidate,manual_identity_research,,,,True,0
P003773,Pétur Guðmundsson,Pétur Guðmundsson,p-tur-gu-mundsson,,,,manual_identity_review,manual_identity_research,,,,True,0
P003774,Quentin Grimes,Quentin Grimes,quentin-grimes,1629656.0,https://cdn.nba.com/headshots/nba/latest/1040x760/1629656.png,NBA CDN,candidate,manual_identity_research,,,,True,0
P003775,Quentin Richardson,Quentin Richardson,quentin-richardson,2047.0,https://cdn.nba.com/headshots/nba/latest/1040x760/2047.png,NBA CDN,candidate,manual_identity_research,,,,True,0
P003776,Quenton Jackson,Quenton Jackson,quenton-jackson,1631245.0,https://cdn.nba.com/headshots/nba/latest/1040x760/1631245.png,NBA CDN,candidate,manual_identity_research,,,,True,0
P003777,Quincy Acy,Quincy Acy,quincy-acy,203112.0,https://cdn.nba.com/headshots/nba/latest/1040x760/203112.png,NBA CDN,candidate,manual_identity_research,,,,True,0
P003778,Quincy Douby,Quincy Douby,quincy-douby,200763.0,https://cdn.nba.com/headshots/nba/latest/1040x760/200763.png,NBA CDN,candidate,manual_identity_research,,,,True,0
P003779,Quincy Lewis,Quincy Lewis,quincy-lewis,1900.0,https://cdn.nba.com/headshots/nba/latest/1040x760/1900.png,NBA CDN,candidate,manual_identity_research,,,,True,0
P003780,Quincy Miller,Quincy Miller,quincy-miller,203113.0,https://cdn.nba.com/headshots/nba/latest/1040x760/203113.png,NBA CDN,candidate,manual_identity_research,,,,True,0
P003781,Quincy Olivari,Quincy Olivari,quincy-olivari,1642439.0,https://cdn.nba.com/headshots/nba/latest/1040x760/1642439.png,NBA CDN,candidate,manual_identity_research,,,,True,0
P003782,Quincy Pondexter,Quincy Pondexter,quincy-pondexter,202347.0,https://cdn.nba.com/headshots/nba/latest/1040x760/202347.png,NBA CDN,candidate,manual_identity_research,,,,True,0
P003783,Quinn Buckner,Quinn Buckner,quinn-buckner,76296.0,https://cdn.nba.com/headshots/nba/latest/1040x760/76296.png,NBA CDN,candidate,manual_identity_research,,,,True,0
P003784,Quinn Cook,Quinn Cook,quinn-cook,1626188.0,https://cdn.nba.com/headshots/nba/latest/1040x760/1626188.png,NBA CDN,candidate,manual_identity_research,,,,True,0
P003785,Quinndary Weatherspoon,Quinndary Weatherspoon,quinndary-weatherspoon,1629683.0,https://cdn.nba.com/headshots/nba/latest/1040x760/1629683.png,NBA CDN,candidate,manual_identity_research,,,,True,0
P003786,Quinten Post,Quinten Post,quinten-post,1642366.0,https://cdn.nba.com/headshots/nba/latest/1040x760/1642366.png,NBA CDN,candidate,manual_identity_research,,,,True,0
P003787,Quintin Dailey,Quintin Dailey,quintin-dailey,76497.0,https://cdn.nba.com/headshots/nba/latest/1040x760/76497.png,NBA CDN,candidate,manual_identity_research,,,,True,0
P003788,Quinton Ross,Quinton Ross,quinton-ross,2624.0,https://cdn.nba.com/headshots/nba/latest/1040x760/2624.png,NBA CDN,candidate,manual_identity_research,,,,True,0
P003789,Qyntel Woods,Qyntel Woods,qyntel-woods,2417.0,https://cdn.nba.com/headshots/nba/latest/1040x760/2417.png,NBA CDN,candidate,manual_identity_research,,,,True,0
P003790,R.J. Hampton,R.J. Hampton,r-j-hampton,1630181.0,https://cdn.nba.com/headshots/nba/latest/1040x760/1630181.png,NBA CDN,candidate,manual_identity_research,,,,True,0
P003791,R.J. Hunter,R.J. Hunter,r-j-hunter,1626154.0,https://cdn.nba.com/headshots/nba/latest/1040x760/1626154.png,NBA CDN,verified,none,200.0,image/webp,verified,True,0
P003792,RJ Barrett,RJ Barrett,rj-barrett,1629628.0,https://cdn.nba.com/headshots/nba/latest/1040x760/1629628.png,NBA CDN,candidate,manual_identity_research,,,,True,0
P003793,RJ Nembhard Jr.,RJ Nembhard Jr.,rj-nembhard-jr,1630612.0,https://cdn.nba.com/headshots/nba/latest/1040x760/1630612.png,NBA CDN,candidate,manual_identity_research,,,,True,0
P003794,Radisav Ćurčić,Radisav Ćurčić,radisav-ur-i,76488.0,https://cdn.nba.com/headshots/nba/latest/1040x760/76488.png,NBA CDN,candidate,manual_identity_research,,,,True,0
P003795,Raef LaFrentz,Raef LaFrentz,raef-lafrentz,1711.0,https://cdn.nba.com/headshots/nba/latest/1040x760/1711.png,NBA CDN,candidate,manual_identity_research,,,,True,0
P003796,Rafael Addison,Rafael Addison,rafael-addison,912.0,https://cdn.nba.com/headshots/nba/latest/1040x760/912.png,NBA CDN,candidate,manual_identity_research,,,,True,0
P003797,Rafael Araújo,Rafael Araújo,rafael-ara-jo,2737.0,https://cdn.nba.com/headshots/nba/latest/1040x760/2737.png,NBA CDN,candidate,manual_identity_research,,,,True,0
P003798,Rafer Alston,Rafer Alston,rafer-alston,1747.0,https://cdn.nba.com/headshots/nba/latest/1040x760/1747.png,NBA CDN,candidate,manual_identity_research,,,,True,0
P003799,RaiQuan Gray,RaiQuan Gray,raiquan-gray,1630564.0,https://cdn.nba.com/headshots/nba/latest/1040x760/1630564.png,NBA CDN,candidate,manual_identity_research,,,,True,0
P003800,Raja Bell,Raja Bell,raja-bell,1952.0,https://cdn.nba.com/headshots/nba/latest/1040x760/1952.png,NBA CDN,candidate,manual_identity_research,,,,True,0
P003801,Rajon Rondo,Rajon Rondo,rajon-rondo,200765.0,https://cdn.nba.com/headshots/nba/latest/1040x760/200765.png,NBA CDN,candidate,manual_identity_research,,,,True,0
P003802,Rakeem Christmas,Rakeem Christmas,rakeem-christmas,1626176.0,https://cdn.nba.com/headshots/nba/latest/1040x760/1626176.png,NBA CDN,candidate,manual_identity_research,,,,True,0
P003803,Ralph Davis,Ralph Davis,ralph-davis,76532.0,https://cdn.nba.com/headshots/nba/latest/1040x760/76532.png,NBA CDN,candidate,manual_identity_research,,,,True,0
P003804,Ralph Drollinger,Ralph Drollinger,ralph-drollinger,76604.0,https://cdn.nba.com/headshots/nba/latest/1040x760/76604.png,NBA CDN,candidate,manual_identity_research,,,,True,0
P003805,Ralph Jackson,Ralph Jackson,ralph-jackson,77107.0,https://cdn.nba.com/headshots/nba/latest/1040x760/77107.png,NBA CDN,candidate,manual_identity_research,,,,True,0
P003806,Ralph Johnson,Ralph Johnson,ralph-johnson,,,,manual_identity_review,manual_identity_research,,,,True,0
P003807,Ralph Lewis,Ralph Lewis,ralph-lewis,77383.0,https://cdn.nba.com/headshots/nba/latest/1040x760/77383.png,NBA CDN,candidate,manual_identity_research,,,,True,0
P003808,Ralph O'Brien,Ralph O'Brien,ralph-o-brien,,,,manual_identity_review,manual_identity_research,,,,True,0
P003809,Ralph Ogden,Ralph Ogden,ralph-ogden,77748.0,https://cdn.nba.com/headshots/nba/latest/1040x760/77748.png,NBA CDN,candidate,manual_identity_research,,,,True,0
P003810,Ralph Polson,Ralph Polson,ralph-polson,77868.0,https://cdn.nba.com/headshots/nba/latest/1040x760/77868.png,NBA CDN,candidate,manual_identity_research,,,,True,0
P003811,Ralph Sampson,Ralph Sampson,ralph-sampson-p003811,78055.0,https://cdn.nba.com/headshots/nba/latest/1040x760/78055.png,NBA CDN,candidate,manual_identity_research,,,,True,0
P003812,Ralph Sampson*,Ralph Sampson*,ralph-sampson-p003812,78055.0,https://cdn.nba.com/headshots/nba/latest/1040x760/78055.png,NBA CDN,candidate,manual_identity_research,,,,True,0
P003813,Ralph Simpson,Ralph Simpson,ralph-simpson,78157.0,https://cdn.nba.com/headshots/nba/latest/1040x760/78157.png,NBA CDN,candidate,manual_identity_research,,,,True,0
P003814,Ralph Wells,Ralph Wells,ralph-wells,78489.0,https://cdn.nba.com/headshots/nba/latest/1040x760/78489.png,NBA CDN,candidate,manual_identity_research,,,,True,0
P003815,Ramon Sessions,Ramon Sessions,ramon-sessions,201196.0,https://cdn.nba.com/headshots/nba/latest/1040x760/201196.png,NBA CDN,candidate,manual_identity_research,,,,True,0
P003816,Ramón Rivas,Ramón Rivas,ram-n-rivas,77969.0,https://cdn.nba.com/headshots/nba/latest/1040x760/77969.png,NBA CDN,candidate,manual_identity_research,,,,True,0
P003817,Randell Jackson,Randell Jackson,randell-jackson,1872.0,https://cdn.nba.com/headshots/nba/latest/1040x760/1872.png,NBA CDN,candidate,manual_identity_research,,,,True,0
P003818,Randolph Childress,Randolph Childress,randolph-childress,719.0,https://cdn.nba.com/headshots/nba/latest/1040x760/719.png,NBA CDN,candidate,manual_identity_research,,,,True,0
P003819,Randolph Keys,Randolph Keys,randolph-keys,705.0,https://cdn.nba.com/headshots/nba/latest/1040x760/705.png,NBA CDN,candidate,manual_identity_research,,,,True,0
P003820,Randolph Morris,Randolph Morris,randolph-morris,201043.0,https://cdn.nba.com/headshots/nba/latest/1040x760/201043.png,NBA CDN,candidate,manual_identity_research,,,,True,0
P003821,Randy Allen,Randy Allen,randy-allen,76025.0,https://cdn.nba.com/headshots/nba/latest/1040x760/76025.png,NBA CDN,candidate,manual_identity_research,,,,True,0
P003822,Randy Breuer,Randy Breuer,randy-breuer,76247.0,https://cdn.nba.com/headshots/nba/latest/1040x760/76247.png,NBA CDN,candidate,manual_identity_research,,,,True,0
P003823,Randy Brown,Randy Brown,randy-brown,753.0,https://cdn.nba.com/headshots/nba/latest/1040x760/753.png,NBA CDN,candidate,manual_identity_research,,,,True,0
P003824,Randy Denton,Randy Denton,randy-denton,76558.0,https://cdn.nba.com/headshots/nba/latest/1040x760/76558.png,NBA CDN,candidate,manual_identity_research,,,,True,0
P003825,Randy Foye,Randy Foye,randy-foye,200751.0,https://cdn.nba.com/headshots/nba/latest/1040x760/200751.png,NBA CDN,candidate,manual_identity_research,,,,True,0
P003826,Randy Holcomb,Randy Holcomb,randy-holcomb,2450.0,https://cdn.nba.com/headshots/nba/latest/1040x760/2450.png,NBA CDN,candidate,manual_identity_research,,,,True,0
P003827,Randy Livingston,Randy Livingston,randy-livingston,988.0,https://cdn.nba.com/headshots/nba/latest/1040x760/988.png,NBA CDN,candidate,manual_identity_research,,,,True,0
P003828,Randy Smith,Randy Smith,randy-smith,78200.0,https://cdn.nba.com/headshots/nba/latest/1040x760/78200.png,NBA CDN,candidate,manual_identity_research,,,,True,0
P003829,Randy White,Randy White,randy-white,1839.0,https://cdn.nba.com/headshots/nba/latest/1040x760/1839.png,NBA CDN,candidate,manual_identity_research,,,,True,0
P003830,Randy Wittman,Randy Wittman,randy-wittman,1456.0,https://cdn.nba.com/headshots/nba/latest/1040x760/1456.png,NBA CDN,candidate,manual_identity_research,,,,True,0
P003831,Randy Woods,Randy Woods,randy-woods,1010.0,https://cdn.nba.com/headshots/nba/latest/1040x760/1010.png,NBA CDN,candidate,manual_identity_research,,,,True,0
P003832,Rashad McCants,Rashad McCants,rashad-mccants,101119.0,https://cdn.nba.com/headshots/nba/latest/1040x760/101119.png,NBA CDN,candidate,manual_identity_research,,,,True,0
P003833,Rashad Vaughn,Rashad Vaughn,rashad-vaughn,1626173.0,https://cdn.nba.com/headshots/nba/latest/1040x760/1626173.png,NBA CDN,candidate,manual_identity_research,,,,True,0
P003834,Rashard Lewis,Rashard Lewis,rashard-lewis,1740.0,https://cdn.nba.com/headshots/nba/latest/1040x760/1740.png,NBA CDN,candidate,manual_identity_research,,,,True,0
P003835,Rasheed Wallace,Rasheed Wallace,rasheed-wallace,739.0,https://cdn.nba.com/headshots/nba/latest/1040x760/739.png,NBA CDN,candidate,manual_identity_research,,,,True,0
P003836,Rasheer Fleming,Rasheer Fleming,rasheer-fleming,1642853.0,https://cdn.nba.com/headshots/nba/latest/1040x760/1642853.png,NBA CDN,candidate,manual_identity_research,,,,True,0
P003837,Rasho Nesterović,Rasho Nesterović,rasho-nesterovi,1725.0,https://cdn.nba.com/headshots/nba/latest/1040x760/1725.png,NBA CDN,candidate,manual_identity_research,,,,True,0
P003838,Rastko Cvetković,Rastko Cvetković,rastko-cvetkovi,687.0,https://cdn.nba.com/headshots/nba/latest/1040x760/687.png,NBA CDN,candidate,manual_identity_research,,,,True,0
P003839,Rasual Butler,Rasual Butler,rasual-butler,2446.0,https://cdn.nba.com/headshots/nba/latest/1040x760/2446.png,NBA CDN,candidate,manual_identity_research,,,,True,0
P003840,Ratko Varda,Ratko Varda,ratko-varda,2237.0,https://cdn.nba.com/headshots/nba/latest/1040x760/2237.png,NBA CDN,candidate,manual_identity_research,,,,True,0
P003841,Raul Neto,Raul Neto,raul-neto,203526.0,https://cdn.nba.com/headshots/nba/latest/1040x760/203526.png,NBA CDN,candidate,manual_identity_research,,,,True,0
P003842,Rawle Alkins,Rawle Alkins,rawle-alkins,1628959.0,https://cdn.nba.com/headshots/nba/latest/1040x760/1628959.png,NBA CDN,candidate,manual_identity_research,,,,True,0
P003843,Rawle Marshall,Rawle Marshall,rawle-marshall,101185.0,https://cdn.nba.com/headshots/nba/latest/1040x760/101185.png,NBA CDN,candidate,manual_identity_research,,,,True,0
P003844,Ray Allen,Ray Allen,ray-allen-p003844,951.0,https://cdn.nba.com/headshots/nba/latest/1040x760/951.png,NBA CDN,candidate,manual_identity_research,,,,True,0
P003845,Ray Allen*,Ray Allen*,ray-allen-p003845,951.0,https://cdn.nba.com/headshots/nba/latest/1040x760/951.png,NBA CDN,candidate,manual_identity_research,,,,True,0
P003846,Ray Blume,Ray Blume,ray-blume,76189.0,https://cdn.nba.com/headshots/nba/latest/1040x760/76189.png,NBA CDN,candidate,manual_identity_research,,,,True,0
P003847,Ray Corley,Ray Corley,ray-corley,76452.0,https://cdn.nba.com/headshots/nba/latest/1040x760/76452.png,NBA CDN,candidate,manual_identity_research,,,,True,0
P003848,Ray Epps,Ray Epps,ray-epps,76678.0,https://cdn.nba.com/headshots/nba/latest/1040x760/76678.png,NBA CDN,candidate,manual_identity_research,,,,True,0
P003849,Ray Felix,Ray Felix,ray-felix,76704.0,https://cdn.nba.com/headshots/nba/latest/1040x760/76704.png,NBA CDN,candidate,manual_identity_research,,,,True,0
P003850,Ray Lumpp,Ray Lumpp,ray-lumpp,77425.0,https://cdn.nba.com/headshots/nba/latest/1040x760/77425.png,NBA CDN,candidate,manual_identity_research,,,,True,0
P003851,Ray McCallum,Ray McCallum,ray-mccallum,203492.0,https://cdn.nba.com/headshots/nba/latest/1040x760/203492.png,NBA CDN,candidate,manual_identity_research,,,,True,0
P003852,Ray Owes,Ray Owes,ray-owes,1077.0,https://cdn.nba.com/headshots/nba/latest/1040x760/1077.png,NBA CDN,candidate,manual_identity_research,,,,True,0
P003853,Ray Radziszewski,Ray Radziszewski,ray-radziszewski,77901.0,https://cdn.nba.com/headshots/nba/latest/1040x760/77901.png,NBA CDN,candidate,manual_identity_research,,,,True,0
P003854,Ray Ragelis,Ray Ragelis,ray-ragelis,77902.0,https://cdn.nba.com/headshots/nba/latest/1040x760/77902.png,NBA CDN,candidate,manual_identity_research,,,,True,0
P003855,Ray Scott,Ray Scott,ray-scott,78100.0,https://cdn.nba.com/headshots/nba/latest/1040x760/78100.png,NBA CDN,candidate,manual_identity_research,,,,True,0
P003856,Ray Spalding,Ray Spalding,ray-spalding,1629034.0,https://cdn.nba.com/headshots/nba/latest/1040x760/1629034.png,NBA CDN,candidate,manual_identity_research,,,,True,0
P003857,Ray Tolbert,Ray Tolbert,ray-tolbert,78348.0,https://cdn.nba.com/headshots/nba/latest/1040x760/78348.png,NBA CDN,candidate,manual_identity_research,,,,True,0
P003858,Ray Williams,Ray Williams,ray-williams,78571.0,https://cdn.nba.com/headshots/nba/latest/1040x760/78571.png,NBA CDN,candidate,manual_identity_research,,,,True,0
P003859,RayJ Dennis,RayJ Dennis,rayj-dennis,1642484.0,https://cdn.nba.com/headshots/nba/latest/1040x760/1642484.png,NBA CDN,candidate,manual_identity_research,,,,True,0
P003860,Rayan Rupert,Rayan Rupert,rayan-rupert,1641712.0,https://cdn.nba.com/headshots/nba/latest/1040x760/1641712.png,NBA CDN,candidate,manual_identity_research,,,,True,0
P003861,Rayjon Tucker,Rayjon Tucker,rayjon-tucker,1629730.0,https://cdn.nba.com/headshots/nba/latest/1040x760/1629730.png,NBA CDN,candidate,manual_identity_research,,,,True,0
P003862,Raymond Brown,Raymond Brown,raymond-brown,76282.0,https://cdn.nba.com/headshots/nba/latest/1040x760/76282.png,NBA CDN,candidate,manual_identity_research,,,,True,0
P003863,Raymond Felton,Raymond Felton,raymond-felton,101109.0,https://cdn.nba.com/headshots/nba/latest/1040x760/101109.png,NBA CDN,candidate,manual_identity_research,,,,True,0
P003864,Raymond Townsend,Raymond Townsend,raymond-townsend,78365.0,https://cdn.nba.com/headshots/nba/latest/1040x760/78365.png,NBA CDN,candidate,manual_identity_research,,,,True,0
P003865,Raül López,Raül López,ra-l-l-pez,2221.0,https://cdn.nba.com/headshots/nba/latest/1040x760/2221.png,NBA CDN,candidate,manual_identity_research,,,,True,0
P003866,Red Davis,Red Davis,red-davis,,,,manual_identity_review,manual_identity_research,,,,True,0
P003867,Red Holzman,Red Holzman,red-holzman-p003867,77050.0,https://cdn.nba.com/headshots/nba/latest/1040x760/77050.png,NBA CDN,candidate,manual_identity_research,,,,True,0
P003868,Red Holzman*,Red Holzman*,red-holzman-p003868,77050.0,https://cdn.nba.com/headshots/nba/latest/1040x760/77050.png,NBA CDN,candidate,manual_identity_research,,,,True,0
P003869,Red Kerr,Red Kerr,red-kerr,,,,manual_identity_review,manual_identity_research,,,,True,0
P003870,Red Morrison,Red Morrison,red-morrison,,,,manual_identity_review,manual_identity_research,,,,True,0
P003871,Red Owens,Red Owens,red-owens,,,,manual_identity_review,manual_identity_research,,,,True,0
P003872,Red Rocha,Red Rocha,red-rocha,77999.0,https://cdn.nba.com/headshots/nba/latest/1040x760/77999.png,NBA CDN,candidate,manual_identity_research,,,,True,0
P003873,Reece Beekman,Reece Beekman,reece-beekman,1641736.0,https://cdn.nba.com/headshots/nba/latest/1040x760/1641736.png,NBA CDN,candidate,manual_identity_research,,,,True,0
P003874,Reece Gaines,Reece Gaines,reece-gaines,2558.0,https://cdn.nba.com/headshots/nba/latest/1040x760/2558.png,NBA CDN,candidate,manual_identity_research,,,,True,0
P003875,Reed Sheppard,Reed Sheppard,reed-sheppard,1642263.0,https://cdn.nba.com/headshots/nba/latest/1040x760/1642263.png,NBA CDN,candidate,manual_identity_research,,,,True,0
P003876,Reggie Bullock,Reggie Bullock,reggie-bullock,203493.0,https://cdn.nba.com/headshots/nba/latest/1040x760/203493.png,NBA CDN,verified,none,200.0,image/avif,verified,True,0
P003877,Reggie Carter,Reggie Carter,reggie-carter,76360.0,https://cdn.nba.com/headshots/nba/latest/1040x760/76360.png,NBA CDN,candidate,manual_identity_research,,,,True,0
P003878,Reggie Evans,Reggie Evans,reggie-evans,2501.0,https://cdn.nba.com/headshots/nba/latest/1040x760/2501.png,NBA CDN,candidate,manual_identity_research,,,,True,0
P003879,Reggie Geary,Reggie Geary,reggie-geary,1002.0,https://cdn.nba.com/headshots/nba/latest/1040x760/1002.png,NBA CDN,candidate,manual_identity_research,,,,True,0
P003880,Reggie Hanson,Reggie Hanson,reggie-hanson,1682.0,https://cdn.nba.com/headshots/nba/latest/1040x760/1682.png,NBA CDN,candidate,manual_identity_research,,,,True,0
P003881,Reggie Harding,Reggie Harding,reggie-harding,76945.0,https://cdn.nba.com/headshots/nba/latest/1040x760/76945.png,NBA CDN,candidate,manual_identity_research,,,,True,0
P003882,Reggie Hearn,Reggie Hearn,reggie-hearn,203687.0,https://cdn.nba.com/headshots/nba/latest/1040x760/203687.png,NBA CDN,candidate,manual_identity_research,,,,True,0
P003883,Reggie Jackson,Reggie Jackson,reggie-jackson,202704.0,https://cdn.nba.com/headshots/nba/latest/1040x760/202704.png,NBA CDN,candidate,manual_identity_research,,,,True,0
P003884,Reggie Johnson,Reggie Johnson,reggie-johnson,77163.0,https://cdn.nba.com/headshots/nba/latest/1040x760/77163.png,NBA CDN,candidate,manual_identity_research,,,,True,0
P003885,Reggie Jordan,Reggie Jordan,reggie-jordan,674.0,https://cdn.nba.com/headshots/nba/latest/1040x760/674.png,NBA CDN,candidate,manual_identity_research,,,,True,0
P003886,Reggie King,Reggie King,reggie-king,77273.0,https://cdn.nba.com/headshots/nba/latest/1040x760/77273.png,NBA CDN,candidate,manual_identity_research,,,,True,0
P003887,Reggie Lewis,Reggie Lewis,reggie-lewis,77384.0,https://cdn.nba.com/headshots/nba/latest/1040x760/77384.png,NBA CDN,candidate,manual_identity_research,,,,True,0
P003888,Reggie Miller,Reggie Miller,reggie-miller-p003888,397.0,https://cdn.nba.com/headshots/nba/latest/1040x760/397.png,NBA CDN,candidate,manual_identity_research,,,,True,0
P003889,Reggie Miller*,Reggie Miller*,reggie-miller-p003889,397.0,https://cdn.nba.com/headshots/nba/latest/1040x760/397.png,NBA CDN,candidate,manual_identity_research,,,,True,0
P003890,Reggie Perry,Reggie Perry,reggie-perry,1629617.0,https://cdn.nba.com/headshots/nba/latest/1040x760/1629617.png,NBA CDN,candidate,manual_identity_research,,,,True,0
P003891,Reggie Slater,Reggie Slater,reggie-slater,1073.0,https://cdn.nba.com/headshots/nba/latest/1040x760/1073.png,NBA CDN,candidate,manual_identity_research,,,,True,0
P003892,Reggie Smith,Reggie Smith,reggie-smith,78201.0,https://cdn.nba.com/headshots/nba/latest/1040x760/78201.png,NBA CDN,candidate,manual_identity_research,,,,True,0
P003893,Reggie Theus,Reggie Theus,reggie-theus,78310.0,https://cdn.nba.com/headshots/nba/latest/1040x760/78310.png,NBA CDN,candidate,manual_identity_research,,,,True,0
P003894,Reggie Williams,Reggie Williams,reggie-williams,,,,manual_identity_review,manual_identity_research,,,,True,0
P003895,Renaldo Balkman,Renaldo Balkman,renaldo-balkman,200764.0,https://cdn.nba.com/headshots/nba/latest/1040x760/200764.png,NBA CDN,candidate,manual_identity_research,,,,True,0
P003896,Renaldo Major,Renaldo Major,renaldo-major,200970.0,https://cdn.nba.com/headshots/nba/latest/1040x760/200970.png,NBA CDN,candidate,manual_identity_research,,,,True,0
P003897,Rex Chapman,Rex Chapman,rex-chapman,364.0,https://cdn.nba.com/headshots/nba/latest/1040x760/364.png,NBA CDN,candidate,manual_identity_research,,,,True,0
P003898,Rex Morgan,Rex Morgan,rex-morgan,77641.0,https://cdn.nba.com/headshots/nba/latest/1040x760/77641.png,NBA CDN,candidate,manual_identity_research,,,,True,0
P003899,Rex Walters,Rex Walters,rex-walters,777.0,https://cdn.nba.com/headshots/nba/latest/1040x760/777.png,NBA CDN,candidate,manual_identity_research,,,,True,0
P003900,Rich Eichhorst,Rich Eichhorst,rich-eichhorst,,,,manual_identity_review,manual_identity_research,,,,True,0
P003901,Rich Johnson,Rich Johnson,rich-johnson,77164.0,https://cdn.nba.com/headshots/nba/latest/1040x760/77164.png,NBA CDN,candidate,manual_identity_research,,,,True,0
P003902,Rich Jones,Rich Jones,rich-jones,77192.0,https://cdn.nba.com/headshots/nba/latest/1040x760/77192.png,NBA CDN,candidate,manual_identity_research,,,,True,0
P003903,Rich Kelley,Rich Kelley,rich-kelley,77235.0,https://cdn.nba.com/headshots/nba/latest/1040x760/77235.png,NBA CDN,candidate,manual_identity_research,,,,True,0
P003904,Rich King,Rich King,rich-king,1101.0,https://cdn.nba.com/headshots/nba/latest/1040x760/1101.png,NBA CDN,candidate,manual_identity_research,,,,True,0
P003905,Rich Laurel,Rich Laurel,rich-laurel,77344.0,https://cdn.nba.com/headshots/nba/latest/1040x760/77344.png,NBA CDN,candidate,manual_identity_research,,,,True,0
P003906,Rich Manning,Rich Manning,rich-manning,,,,manual_identity_review,manual_identity_research,,,,True,0
P003907,Rich Niemann,Rich Niemann,rich-niemann,77716.0,https://cdn.nba.com/headshots/nba/latest/1040x760/77716.png,NBA CDN,candidate,manual_identity_research,,,,True,0
P003908,Rich Rinaldi,Rich Rinaldi,rich-rinaldi,77965.0,https://cdn.nba.com/headshots/nba/latest/1040x760/77965.png,NBA CDN,candidate,manual_identity_research,,,,True,0
P003909,Rich Yonakor,Rich Yonakor,rich-yonakor,78632.0,https://cdn.nba.com/headshots/nba/latest/1040x760/78632.png,NBA CDN,candidate,manual_identity_research,,,,True,0
P003910,Richard Anderson,Richard Anderson,richard-anderson,76045.0,https://cdn.nba.com/headshots/nba/latest/1040x760/76045.png,NBA CDN,candidate,manual_identity_research,,,,True,0
P003911,Richard Coffey,Richard Coffey,richard-coffey,76410.0,https://cdn.nba.com/headshots/nba/latest/1040x760/76410.png,NBA CDN,candidate,manual_identity_research,,,,True,0
P003912,Richard Dumas,Richard Dumas,richard-dumas,30.0,https://cdn.nba.com/headshots/nba/latest/1040x760/30.png,NBA CDN,candidate,manual_identity_research,,,,True,0
P003913,Richard Hamilton,Richard Hamilton,richard-hamilton,1888.0,https://cdn.nba.com/headshots/nba/latest/1040x760/1888.png,NBA CDN,candidate,manual_identity_research,,,,True,0
P003914,Richard Jefferson,Richard Jefferson,richard-jefferson,2210.0,https://cdn.nba.com/headshots/nba/latest/1040x760/2210.png,NBA CDN,candidate,manual_identity_research,,,,True,0
P003915,Richard Morton,Richard Morton,richard-morton,77652.0,https://cdn.nba.com/headshots/nba/latest/1040x760/77652.png,NBA CDN,candidate,manual_identity_research,,,,True,0
P003916,Richard Petruška,Richard Petruška,richard-petru-ka,77846.0,https://cdn.nba.com/headshots/nba/latest/1040x760/77846.png,NBA CDN,candidate,manual_identity_research,,,,True,0
P003917,Richard Rellford,Richard Rellford,richard-rellford,77939.0,https://cdn.nba.com/headshots/nba/latest/1040x760/77939.png,NBA CDN,candidate,manual_identity_research,,,,True,0
P003918,Richard Washington,Richard Washington,richard-washington,78468.0,https://cdn.nba.com/headshots/nba/latest/1040x760/78468.png,NBA CDN,candidate,manual_identity_research,,,,True,0
P003919,Richaun Holmes,Richaun Holmes,richaun-holmes,1626158.0,https://cdn.nba.com/headshots/nba/latest/1040x760/1626158.png,NBA CDN,candidate,manual_identity_research,,,,True,0
P003920,Richie Frahm,Richie Frahm,richie-frahm,2499.0,https://cdn.nba.com/headshots/nba/latest/1040x760/2499.png,NBA CDN,candidate,manual_identity_research,,,,True,0
P003921,Richie Guerin,Richie Guerin,richie-guerin-p003921,76902.0,https://cdn.nba.com/headshots/nba/latest/1040x760/76902.png,NBA CDN,candidate,manual_identity_research,,,,True,0
P003922,Richie Guerin*,Richie Guerin*,richie-guerin-p003922,76902.0,https://cdn.nba.com/headshots/nba/latest/1040x760/76902.png,NBA CDN,candidate,manual_identity_research,,,,True,0
P003923,Richie Regan,Richie Regan,richie-regan,77932.0,https://cdn.nba.com/headshots/nba/latest/1040x760/77932.png,NBA CDN,candidate,manual_identity_research,,,,True,0
P003924,Rick Adelman,Rick Adelman,rick-adelman-p003924,76015.0,https://cdn.nba.com/headshots/nba/latest/1040x760/76015.png,NBA CDN,candidate,manual_identity_research,,,,True,0
P003925,Rick Adelman*,Rick Adelman*,rick-adelman-p003925,76015.0,https://cdn.nba.com/headshots/nba/latest/1040x760/76015.png,NBA CDN,candidate,manual_identity_research,,,,True,0
P003926,Rick Barry,Rick Barry,rick-barry-p003926,600013.0,https://cdn.nba.com/headshots/nba/latest/1040x760/600013.png,NBA CDN,candidate,manual_identity_research,,,,True,0
P003927,Rick Barry*,Rick Barry*,rick-barry-p003927,600013.0,https://cdn.nba.com/headshots/nba/latest/1040x760/600013.png,NBA CDN,candidate,manual_identity_research,,,,True,0
P003928,Rick Brunson,Rick Brunson,rick-brunson,1594.0,https://cdn.nba.com/headshots/nba/latest/1040x760/1594.png,NBA CDN,candidate,manual_identity_research,,,,True,0
P003929,Rick Calloway,Rick Calloway,rick-calloway,76334.0,https://cdn.nba.com/headshots/nba/latest/1040x760/76334.png,NBA CDN,candidate,manual_identity_research,,,,True,0
P003930,Rick Carlisle,Rick Carlisle,rick-carlisle,76342.0,https://cdn.nba.com/headshots/nba/latest/1040x760/76342.png,NBA CDN,candidate,manual_identity_research,,,,True,0
P003931,Rick Fox,Rick Fox,rick-fox,296.0,https://cdn.nba.com/headshots/nba/latest/1040x760/296.png,NBA CDN,candidate,manual_identity_research,,,,True,0
P003932,Rick Hughes,Rick Hughes,rick-hughes,1965.0,https://cdn.nba.com/headshots/nba/latest/1040x760/1965.png,NBA CDN,candidate,manual_identity_research,,,,True,0
P003933,Rick Mahorn,Rick Mahorn,rick-mahorn,328.0,https://cdn.nba.com/headshots/nba/latest/1040x760/328.png,NBA CDN,candidate,manual_identity_research,,,,True,0
P003934,Rick Roberson,Rick Roberson,rick-roberson,77973.0,https://cdn.nba.com/headshots/nba/latest/1040x760/77973.png,NBA CDN,candidate,manual_identity_research,,,,True,0
P003935,Rick Robey,Rick Robey,rick-robey,77984.0,https://cdn.nba.com/headshots/nba/latest/1040x760/77984.png,NBA CDN,candidate,manual_identity_research,,,,True,0
P003936,Rick Weitzman,Rick Weitzman,rick-weitzman,78486.0,https://cdn.nba.com/headshots/nba/latest/1040x760/78486.png,NBA CDN,candidate,manual_identity_research,,,,True,0
P003937,Rick Wilson,Rick Wilson,rick-wilson,78583.0,https://cdn.nba.com/headshots/nba/latest/1040x760/78583.png,NBA CDN,candidate,manual_identity_research,,,,True,0
P003938,Rickey Brown,Rickey Brown,rickey-brown,76283.0,https://cdn.nba.com/headshots/nba/latest/1040x760/76283.png,NBA CDN,candidate,manual_identity_research,,,,True,0
P003939,Rickey Green,Rickey Green,rickey-green,76874.0,https://cdn.nba.com/headshots/nba/latest/1040x760/76874.png,NBA CDN,candidate,manual_identity_research,,,,True,0
P003940,Rickey Williams,Rickey Williams,rickey-williams,78563.0,https://cdn.nba.com/headshots/nba/latest/1040x760/78563.png,NBA CDN,candidate,manual_identity_research,,,,True,0
P003941,Rickie Winslow,Rickie Winslow,rickie-winslow,1984.0,https://cdn.nba.com/headshots/nba/latest/1040x760/1984.png,NBA CDN,candidate,manual_identity_research,,,,True,0
P003942,Ricky Berry,Ricky Berry,ricky-berry,76157.0,https://cdn.nba.com/headshots/nba/latest/1040x760/76157.png,NBA CDN,candidate,manual_identity_research,,,,True,0
P003943,Ricky Blanton,Ricky Blanton,ricky-blanton,76184.0,https://cdn.nba.com/headshots/nba/latest/1040x760/76184.png,NBA CDN,candidate,manual_identity_research,,,,True,0
P003944,Ricky Council IV,Ricky Council IV,ricky-council-iv,1641741.0,https://cdn.nba.com/headshots/nba/latest/1040x760/1641741.png,NBA CDN,candidate,manual_identity_research,,,,True,0
P003945,Ricky Davis,Ricky Davis,ricky-davis,1729.0,https://cdn.nba.com/headshots/nba/latest/1040x760/1729.png,NBA CDN,candidate,manual_identity_research,,,,True,0
P003946,Ricky Grace,Ricky Grace,ricky-grace,76839.0,https://cdn.nba.com/headshots/nba/latest/1040x760/76839.png,NBA CDN,candidate,manual_identity_research,,,,True,0
P003947,Ricky Ledo,Ricky Ledo,ricky-ledo,203495.0,https://cdn.nba.com/headshots/nba/latest/1040x760/203495.png,NBA CDN,candidate,manual_identity_research,,,,True,0
P003948,Ricky Marsh,Ricky Marsh,ricky-marsh,,,,manual_identity_review,manual_identity_research,,,,True,0
P003949,Ricky Pierce,Ricky Pierce,ricky-pierce,894.0,https://cdn.nba.com/headshots/nba/latest/1040x760/894.png,NBA CDN,candidate,manual_identity_research,,,,True,0
P003950,Ricky Rubio,Ricky Rubio,ricky-rubio,201937.0,https://cdn.nba.com/headshots/nba/latest/1040x760/201937.png,NBA CDN,candidate,manual_identity_research,,,,True,0
P003951,Ricky Sobers,Ricky Sobers,ricky-sobers,78215.0,https://cdn.nba.com/headshots/nba/latest/1040x760/78215.png,NBA CDN,candidate,manual_identity_research,,,,True,0
P003952,Ricky Wilson,Ricky Wilson,ricky-wilson,78584.0,https://cdn.nba.com/headshots/nba/latest/1040x760/78584.png,NBA CDN,candidate,manual_identity_research,,,,True,0
P003953,Rik Smits,Rik Smits,rik-smits,22.0,https://cdn.nba.com/headshots/nba/latest/1040x760/22.png,NBA CDN,candidate,manual_identity_research,,,,True,0
P003954,Riley Minix,Riley Minix,riley-minix,1642434.0,https://cdn.nba.com/headshots/nba/latest/1040x760/1642434.png,NBA CDN,candidate,manual_identity_research,,,,True,0
P003955,Rob Dillingham,Rob Dillingham,rob-dillingham,1642265.0,https://cdn.nba.com/headshots/nba/latest/1040x760/1642265.png,NBA CDN,candidate,manual_identity_research,,,,True,0
P003956,Rob Edwards,Rob Edwards,rob-edwards,1630306.0,https://cdn.nba.com/headshots/nba/latest/1040x760/1630306.png,NBA CDN,candidate,manual_identity_research,,,,True,0
P003957,Rob Kurz,Rob Kurz,rob-kurz,201633.0,https://cdn.nba.com/headshots/nba/latest/1040x760/201633.png,NBA CDN,candidate,manual_identity_research,,,,True,0
P003958,Rob Lock,Rob Lock,rob-lock,,,,manual_identity_review,manual_identity_research,,,,True,0
P003959,Rob Rose,Rob Rose,rob-rose,,,,manual_identity_review,manual_identity_research,,,,True,0
P003960,Rob Williams,Rob Williams,rob-williams,78565.0,https://cdn.nba.com/headshots/nba/latest/1040x760/78565.png,NBA CDN,candidate,manual_identity_research,,,,True,0
P003961,Robbie Hummel,Robbie Hummel,robbie-hummel,203133.0,https://cdn.nba.com/headshots/nba/latest/1040x760/203133.png,NBA CDN,candidate,manual_identity_research,,,,True,0
P003962,Robert Archibald,Robert Archibald,robert-archibald,2425.0,https://cdn.nba.com/headshots/nba/latest/1040x760/2425.png,NBA CDN,candidate,manual_identity_research,,,,True,0
P003963,Robert Churchwell,Robert Churchwell,robert-churchwell,928.0,https://cdn.nba.com/headshots/nba/latest/1040x760/928.png,NBA CDN,candidate,manual_identity_research,,,,True,0
P003964,Robert Covington,Robert Covington,robert-covington,203496.0,https://cdn.nba.com/headshots/nba/latest/1040x760/203496.png,NBA CDN,candidate,manual_identity_research,,,,True,0
P003965,Robert Franks,Robert Franks,robert-franks,1629606.0,https://cdn.nba.com/headshots/nba/latest/1040x760/1629606.png,NBA CDN,candidate,manual_identity_research,,,,True,0
P003966,Robert Hite,Robert Hite,robert-hite,200823.0,https://cdn.nba.com/headshots/nba/latest/1040x760/200823.png,NBA CDN,candidate,manual_identity_research,,,,True,0
P003967,Robert Horry,Robert Horry,robert-horry,109.0,https://cdn.nba.com/headshots/nba/latest/1040x760/109.png,NBA CDN,candidate,manual_identity_research,,,,True,0
P003968,Robert Pack,Robert Pack,robert-pack,123.0,https://cdn.nba.com/headshots/nba/latest/1040x760/123.png,NBA CDN,candidate,manual_identity_research,,,,True,0
P003969,Robert Parish,Robert Parish,robert-parish-p003969,305.0,https://cdn.nba.com/headshots/nba/latest/1040x760/305.png,NBA CDN,candidate,manual_identity_research,,,,True,0
P003970,Robert Parish*,Robert Parish*,robert-parish-p003970,305.0,https://cdn.nba.com/headshots/nba/latest/1040x760/305.png,NBA CDN,candidate,manual_identity_research,,,,True,0
P003971,Robert Reid,Robert Reid,robert-reid,77936.0,https://cdn.nba.com/headshots/nba/latest/1040x760/77936.png,NBA CDN,candidate,manual_identity_research,,,,True,0
P003972,Robert Sacre,Robert Sacre,robert-sacre,203135.0,https://cdn.nba.com/headshots/nba/latest/1040x760/203135.png,NBA CDN,candidate,manual_identity_research,,,,True,0
P003973,Robert Smith,Robert Smith,robert-smith,78204.0,https://cdn.nba.com/headshots/nba/latest/1040x760/78204.png,NBA CDN,candidate,manual_identity_research,,,,True,0
P003974,Robert Swift,Robert Swift,robert-swift,2741.0,https://cdn.nba.com/headshots/nba/latest/1040x760/2741.png,NBA CDN,candidate,manual_identity_research,,,,True,0
P003975,Robert Traylor,Robert Traylor,robert-traylor,1714.0,https://cdn.nba.com/headshots/nba/latest/1040x760/1714.png,NBA CDN,candidate,manual_identity_research,,,,True,0
P003976,Robert Werdann,Robert Werdann,robert-werdann,438.0,https://cdn.nba.com/headshots/nba/latest/1040x760/438.png,NBA CDN,candidate,manual_identity_research,,,,True,0
P003977,Robert Whaley,Robert Whaley,robert-whaley,101156.0,https://cdn.nba.com/headshots/nba/latest/1040x760/101156.png,NBA CDN,candidate,manual_identity_research,,,,True,0
P003978,Robert Williams,Robert Williams,robert-williams,1629057.0,https://cdn.nba.com/headshots/nba/latest/1040x760/1629057.png,NBA CDN,verified,none,200.0,image/avif,verified,True,0
P003979,Robert Woodard II,Robert Woodard II,robert-woodard-ii,1630218.0,https://cdn.nba.com/headshots/nba/latest/1040x760/1630218.png,NBA CDN,candidate,manual_identity_research,,,,True,0
P003980,Robin Jones,Robin Jones,robin-jones,77194.0,https://cdn.nba.com/headshots/nba/latest/1040x760/77194.png,NBA CDN,candidate,manual_identity_research,,,,True,0
P003981,Robin Lopez,Robin Lopez,robin-lopez,201577.0,https://cdn.nba.com/headshots/nba/latest/1040x760/201577.png,NBA CDN,candidate,manual_identity_research,,,,True,0
P003982,Rocco Zikarsky,Rocco Zikarsky,rocco-zikarsky,1642911.0,https://cdn.nba.com/headshots/nba/latest/1040x760/1642911.png,NBA CDN,candidate,manual_identity_research,,,,True,0
P003983,Rock Lee,Rock Lee,rock-lee,77363.0,https://cdn.nba.com/headshots/nba/latest/1040x760/77363.png,NBA CDN,candidate,manual_identity_research,,,,True,0
P003984,Rod Derline,Rod Derline,rod-derline,76559.0,https://cdn.nba.com/headshots/nba/latest/1040x760/76559.png,NBA CDN,candidate,manual_identity_research,,,,True,0
P003985,Rod Foster,Rod Foster,rod-foster,76742.0,https://cdn.nba.com/headshots/nba/latest/1040x760/76742.png,NBA CDN,candidate,manual_identity_research,,,,True,0
P003986,Rod Freeman,Rod Freeman,rod-freeman,76756.0,https://cdn.nba.com/headshots/nba/latest/1040x760/76756.png,NBA CDN,candidate,manual_identity_research,,,,True,0
P003987,Rod Higgins,Rod Higgins,rod-higgins,77019.0,https://cdn.nba.com/headshots/nba/latest/1040x760/77019.png,NBA CDN,candidate,manual_identity_research,,,,True,0
P003988,Rod Knowles,Rod Knowles,rod-knowles,77293.0,https://cdn.nba.com/headshots/nba/latest/1040x760/77293.png,NBA CDN,candidate,manual_identity_research,,,,True,0
P003989,Rod Strickland,Rod Strickland,rod-strickland,393.0,https://cdn.nba.com/headshots/nba/latest/1040x760/393.png,NBA CDN,candidate,manual_identity_research,,,,True,0
P003990,Rod Thorn,Rod Thorn,rod-thorn-p003990,78335.0,https://cdn.nba.com/headshots/nba/latest/1040x760/78335.png,NBA CDN,candidate,manual_identity_research,,,,True,0
P003991,Rod Thorn*,Rod Thorn*,rod-thorn-p003991,78335.0,https://cdn.nba.com/headshots/nba/latest/1040x760/78335.png,NBA CDN,candidate,manual_identity_research,,,,True,0
P003992,Rodions Kurucs,Rodions Kurucs,rodions-kurucs,1629066.0,https://cdn.nba.com/headshots/nba/latest/1040x760/1629066.png,NBA CDN,candidate,manual_identity_research,,,,True,0
P003993,Rodney Buford,Rodney Buford,rodney-buford,1934.0,https://cdn.nba.com/headshots/nba/latest/1040x760/1934.png,NBA CDN,candidate,manual_identity_research,,,,True,0
P003994,Rodney Carney,Rodney Carney,rodney-carney,200760.0,https://cdn.nba.com/headshots/nba/latest/1040x760/200760.png,NBA CDN,candidate,manual_identity_research,,,,True,0
P003995,Rodney Hood,Rodney Hood,rodney-hood,203918.0,https://cdn.nba.com/headshots/nba/latest/1040x760/203918.png,NBA CDN,candidate,manual_identity_research,,,,True,0
P003996,Rodney McCray,Rodney McCray,rodney-mccray,1622.0,https://cdn.nba.com/headshots/nba/latest/1040x760/1622.png,NBA CDN,candidate,manual_identity_research,,,,True,0
P003997,Rodney McGruder,Rodney McGruder,rodney-mcgruder,203585.0,https://cdn.nba.com/headshots/nba/latest/1040x760/203585.png,NBA CDN,candidate,manual_identity_research,,,,True,0
P003998,Rodney Monroe,Rodney Monroe,rodney-monroe,77628.0,https://cdn.nba.com/headshots/nba/latest/1040x760/77628.png,NBA CDN,candidate,manual_identity_research,,,,True,0
P003999,Rodney Purvis,Rodney Purvis,rodney-purvis,1628681.0,https://cdn.nba.com/headshots/nba/latest/1040x760/1628681.png,NBA CDN,candidate,manual_identity_research,,,,True,0
P004000,Rodney Rogers,Rodney Rogers,rodney-rogers,915.0,https://cdn.nba.com/headshots/nba/latest/1040x760/915.png,NBA CDN,candidate,manual_identity_research,,,,True,0
P004001,Rodney Stuckey,Rodney Stuckey,rodney-stuckey,201155.0,https://cdn.nba.com/headshots/nba/latest/1040x760/201155.png,NBA CDN,candidate,manual_identity_research,,,,True,0
P004002,Rodney White,Rodney White,rodney-white,2206.0,https://cdn.nba.com/headshots/nba/latest/1040x760/2206.png,NBA CDN,candidate,manual_identity_research,,,,True,0
P004003,Rodrick Rhodes,Rodrick Rhodes,rodrick-rhodes,1518.0,https://cdn.nba.com/headshots/nba/latest/1040x760/1518.png,NBA CDN,candidate,manual_identity_research,,,,True,0
P004004,Rodrigue Beaubois,Rodrigue Beaubois,rodrigue-beaubois,201958.0,https://cdn.nba.com/headshots/nba/latest/1040x760/201958.png,NBA CDN,candidate,manual_identity_research,,,,True,0
P004005,Roger Brown,Roger Brown,roger-brown,76286.0,https://cdn.nba.com/headshots/nba/latest/1040x760/76286.png,NBA CDN,candidate,manual_identity_research,,,,True,0
P004006,Roger Burkman,Roger Burkman,roger-burkman,76304.0,https://cdn.nba.com/headshots/nba/latest/1040x760/76304.png,NBA CDN,candidate,manual_identity_research,,,,True,0
P004007,Roger Mason,Roger Mason,roger-mason,2427.0,https://cdn.nba.com/headshots/nba/latest/1040x760/2427.png,NBA CDN,verified,none,200.0,image/avif,verified,True,0
P004008,Roger Phegley,Roger Phegley,roger-phegley,77848.0,https://cdn.nba.com/headshots/nba/latest/1040x760/77848.png,NBA CDN,candidate,manual_identity_research,,,,True,0
P004009,Roger Powell,Roger Powell,roger-powell,101232.0,https://cdn.nba.com/headshots/nba/latest/1040x760/101232.png,NBA CDN,candidate,manual_identity_research,,,,True,0
P004010,Roger Strickland,Roger Strickland,roger-strickland,78270.0,https://cdn.nba.com/headshots/nba/latest/1040x760/78270.png,NBA CDN,candidate,manual_identity_research,,,,True,0
P004011,Roko Ukić,Roko Ukić,roko-uki,101146.0,https://cdn.nba.com/headshots/nba/latest/1040x760/101146.png,NBA CDN,candidate,manual_identity_research,,,,True,0
P004012,Roland West,Roland West,roland-west,78499.0,https://cdn.nba.com/headshots/nba/latest/1040x760/78499.png,NBA CDN,candidate,manual_identity_research,,,,True,0
P004013,Rolando Blackman,Rolando Blackman,rolando-blackman,76176.0,https://cdn.nba.com/headshots/nba/latest/1040x760/76176.png,NBA CDN,candidate,manual_identity_research,,,,True,0
P004014,Rolando Ferreira,Rolando Ferreira,rolando-ferreira,76709.0,https://cdn.nba.com/headshots/nba/latest/1040x760/76709.png,NBA CDN,candidate,manual_identity_research,,,,True,0
P004015,Rollen Hans,Rollen Hans,rollen-hans,76939.0,https://cdn.nba.com/headshots/nba/latest/1040x760/76939.png,NBA CDN,candidate,manual_identity_research,,,,True,0
P004016,Romeo Langford,Romeo Langford,romeo-langford,1629641.0,https://cdn.nba.com/headshots/nba/latest/1040x760/1629641.png,NBA CDN,candidate,manual_identity_research,,,,True,0
P004017,Ron Anderson,Ron Anderson,ron-anderson,76046.0,https://cdn.nba.com/headshots/nba/latest/1040x760/76046.png,NBA CDN,candidate,manual_identity_research,,,,True,0
P004018,Ron Baker,Ron Baker,ron-baker,1627758.0,https://cdn.nba.com/headshots/nba/latest/1040x760/1627758.png,NBA CDN,candidate,manual_identity_research,,,,True,0
P004019,Ron Behagen,Ron Behagen,ron-behagen,76140.0,https://cdn.nba.com/headshots/nba/latest/1040x760/76140.png,NBA CDN,candidate,manual_identity_research,,,,True,0
P004020,Ron Bonham,Ron Bonham,ron-bonham,76201.0,https://cdn.nba.com/headshots/nba/latest/1040x760/76201.png,NBA CDN,candidate,manual_identity_research,,,,True,0
P004021,Ron Boone,Ron Boone,ron-boone,76204.0,https://cdn.nba.com/headshots/nba/latest/1040x760/76204.png,NBA CDN,candidate,manual_identity_research,,,,True,0
P004022,Ron Brewer,Ron Brewer,ron-brewer,76249.0,https://cdn.nba.com/headshots/nba/latest/1040x760/76249.png,NBA CDN,candidate,manual_identity_research,,,,True,0
P004023,Ron Carter,Ron Carter,ron-carter,76361.0,https://cdn.nba.com/headshots/nba/latest/1040x760/76361.png,NBA CDN,candidate,manual_identity_research,,,,True,0
P004024,Ron Cavenall,Ron Cavenall,ron-cavenall,76370.0,https://cdn.nba.com/headshots/nba/latest/1040x760/76370.png,NBA CDN,candidate,manual_identity_research,,,,True,0
P004025,Ron Crevier,Ron Crevier,ron-crevier,76469.0,https://cdn.nba.com/headshots/nba/latest/1040x760/76469.png,NBA CDN,candidate,manual_identity_research,,,,True,0
P004026,Ron Davis,Ron Davis,ron-davis,76534.0,https://cdn.nba.com/headshots/nba/latest/1040x760/76534.png,NBA CDN,candidate,manual_identity_research,,,,True,0
P004027,Ron Feiereisel,Ron Feiereisel,ron-feiereisel,76701.0,https://cdn.nba.com/headshots/nba/latest/1040x760/76701.png,NBA CDN,candidate,manual_identity_research,,,,True,0
P004028,Ron Filipek,Ron Filipek,ron-filipek,76714.0,https://cdn.nba.com/headshots/nba/latest/1040x760/76714.png,NBA CDN,candidate,manual_identity_research,,,,True,0
P004029,Ron Grandison,Ron Grandison,ron-grandison,,,,manual_identity_review,manual_identity_research,,,,True,0
P004030,Ron Harper,Ron Harper,ron-harper,166.0,https://cdn.nba.com/headshots/nba/latest/1040x760/166.png,NBA CDN,candidate,manual_identity_research,,,,True,0
P004031,Ron Harper Jr.,Ron Harper Jr.,ron-harper-jr,1631199.0,https://cdn.nba.com/headshots/nba/latest/1040x760/1631199.png,NBA CDN,candidate,manual_identity_research,,,,True,0
P004032,Ron Holland,Ron Holland,ron-holland,,,,manual_identity_review,manual_identity_research,,,,True,0
P004033,Ron Horn,Ron Horn,ron-horn,77058.0,https://cdn.nba.com/headshots/nba/latest/1040x760/77058.png,NBA CDN,candidate,manual_identity_research,,,,True,0
P004034,Ron Johnson,Ron Johnson,ron-johnson,77165.0,https://cdn.nba.com/headshots/nba/latest/1040x760/77165.png,NBA CDN,candidate,manual_identity_research,,,,True,0
P004035,Ron Knight,Ron Knight,ron-knight,77288.0,https://cdn.nba.com/headshots/nba/latest/1040x760/77288.png,NBA CDN,candidate,manual_identity_research,,,,True,0
P004036,Ron Lee,Ron Lee,ron-lee,77364.0,https://cdn.nba.com/headshots/nba/latest/1040x760/77364.png,NBA CDN,candidate,manual_identity_research,,,,True,0
P004037,Ron Mercer,Ron Mercer,ron-mercer,1500.0,https://cdn.nba.com/headshots/nba/latest/1040x760/1500.png,NBA CDN,candidate,manual_identity_research,,,,True,0
P004038,Ron Moore,Ron Moore,ron-moore,77637.0,https://cdn.nba.com/headshots/nba/latest/1040x760/77637.png,NBA CDN,candidate,manual_identity_research,,,,True,0
P004039,Ron Reed,Ron Reed,ron-reed,77928.0,https://cdn.nba.com/headshots/nba/latest/1040x760/77928.png,NBA CDN,candidate,manual_identity_research,,,,True,0
P004040,Ron Riley,Ron Riley,ron-riley,77964.0,https://cdn.nba.com/headshots/nba/latest/1040x760/77964.png,NBA CDN,candidate,manual_identity_research,,,,True,0
P004041,Ron Rowan,Ron Rowan,ron-rowan,78027.0,https://cdn.nba.com/headshots/nba/latest/1040x760/78027.png,NBA CDN,candidate,manual_identity_research,,,,True,0
P004042,Ron Shavlik,Ron Shavlik,ron-shavlik,78128.0,https://cdn.nba.com/headshots/nba/latest/1040x760/78128.png,NBA CDN,candidate,manual_identity_research,,,,True,0
P004043,Ron Sobie,Ron Sobie,ron-sobie,78216.0,https://cdn.nba.com/headshots/nba/latest/1040x760/78216.png,NBA CDN,candidate,manual_identity_research,,,,True,0
P004044,Ron Watts,Ron Watts,ron-watts,78474.0,https://cdn.nba.com/headshots/nba/latest/1040x760/78474.png,NBA CDN,candidate,manual_identity_research,,,,True,0
P004045,Ron Williams,Ron Williams,ron-williams,78567.0,https://cdn.nba.com/headshots/nba/latest/1040x760/78567.png,NBA CDN,candidate,manual_identity_research,,,,True,0
P004046,Ronald Dupree,Ronald Dupree,ronald-dupree,2648.0,https://cdn.nba.com/headshots/nba/latest/1040x760/2648.png,NBA CDN,candidate,manual_identity_research,,,,True,0
P004047,Ronald Murray,Ronald Murray,ronald-murray,,,,manual_identity_review,manual_identity_research,,,,True,0
P004048,Rondae Hollis-Jefferson,Rondae Hollis-Jefferson,rondae-hollis-jefferson,1626178.0,https://cdn.nba.com/headshots/nba/latest/1040x760/1626178.png,NBA CDN,candidate,manual_identity_research,,,,True,0
P004049,Ronnie Brewer,Ronnie Brewer,ronnie-brewer,200758.0,https://cdn.nba.com/headshots/nba/latest/1040x760/200758.png,NBA CDN,candidate,manual_identity_research,,,,True,0
P004050,Ronnie Lester,Ronnie Lester,ronnie-lester,77373.0,https://cdn.nba.com/headshots/nba/latest/1040x760/77373.png,NBA CDN,candidate,manual_identity_research,,,,True,0
P004051,Ronnie MacGilvray,Ronnie MacGilvray,ronnie-macgilvray,77430.0,https://cdn.nba.com/headshots/nba/latest/1040x760/77430.png,NBA CDN,candidate,manual_identity_research,,,,True,0
P004052,Ronnie Murphy,Ronnie Murphy,ronnie-murphy,77673.0,https://cdn.nba.com/headshots/nba/latest/1040x760/77673.png,NBA CDN,candidate,manual_identity_research,,,,True,0
P004053,Ronnie Price,Ronnie Price,ronnie-price,101179.0,https://cdn.nba.com/headshots/nba/latest/1040x760/101179.png,NBA CDN,candidate,manual_identity_research,,,,True,0
P004054,Ronnie Valentine,Ronnie Valentine,ronnie-valentine,,,,manual_identity_review,manual_identity_research,,,,True,0
P004055,Ronny Turiaf,Ronny Turiaf,ronny-turiaf,101142.0,https://cdn.nba.com/headshots/nba/latest/1040x760/101142.png,NBA CDN,candidate,manual_identity_research,,,,True,0
P004056,Rony Seikaly,Rony Seikaly,rony-seikaly,938.0,https://cdn.nba.com/headshots/nba/latest/1040x760/938.png,NBA CDN,candidate,manual_identity_research,,,,True,0
P004057,Rory Sparrow,Rory Sparrow,rory-sparrow,600009.0,https://cdn.nba.com/headshots/nba/latest/1040x760/600009.png,NBA CDN,candidate,manual_identity_research,,,,True,0
P004058,Rory White,Rory White,rory-white,78512.0,https://cdn.nba.com/headshots/nba/latest/1040x760/78512.png,NBA CDN,candidate,manual_identity_research,,,,True,0
P004059,Roshown McLeod,Roshown McLeod,roshown-mcleod,1728.0,https://cdn.nba.com/headshots/nba/latest/1040x760/1728.png,NBA CDN,candidate,manual_identity_research,,,,True,0
P004060,Rowland Garrett,Rowland Garrett,rowland-garrett,76789.0,https://cdn.nba.com/headshots/nba/latest/1040x760/76789.png,NBA CDN,candidate,manual_identity_research,,,,True,0
P004061,Roy Hamilton,Roy Hamilton,roy-hamilton,,,,manual_identity_review,manual_identity_research,,,,True,0
P004062,Roy Hibbert,Roy Hibbert,roy-hibbert,201579.0,https://cdn.nba.com/headshots/nba/latest/1040x760/201579.png,NBA CDN,candidate,manual_identity_research,,,,True,0
P004063,Roy Hinson,Roy Hinson,roy-hinson,77030.0,https://cdn.nba.com/headshots/nba/latest/1040x760/77030.png,NBA CDN,candidate,manual_identity_research,,,,True,0
P004064,Roy Marble,Roy Marble,roy-marble,77460.0,https://cdn.nba.com/headshots/nba/latest/1040x760/77460.png,NBA CDN,candidate,manual_identity_research,,,,True,0
P004065,Roy Rogers,Roy Rogers,roy-rogers,964.0,https://cdn.nba.com/headshots/nba/latest/1040x760/964.png,NBA CDN,candidate,manual_identity_research,,,,True,0
P004066,Roy Tarpley,Roy Tarpley,roy-tarpley,78293.0,https://cdn.nba.com/headshots/nba/latest/1040x760/78293.png,NBA CDN,candidate,manual_identity_research,,,,True,0
P004067,Royal Ivey,Royal Ivey,royal-ivey,2767.0,https://cdn.nba.com/headshots/nba/latest/1040x760/2767.png,NBA CDN,candidate,manual_identity_research,,,,True,0
P004068,Royce O'Neale,Royce O'Neale,royce-o-neale,1626220.0,https://cdn.nba.com/headshots/nba/latest/1040x760/1626220.png,NBA CDN,candidate,manual_identity_research,,,,True,0
P004069,Royce White,Royce White,royce-white,203091.0,https://cdn.nba.com/headshots/nba/latest/1040x760/203091.png,NBA CDN,candidate,manual_identity_research,,,,True,0
P004070,Ruben Boumtje-Boumtje,Ruben Boumtje-Boumtje,ruben-boumtje-boumtje,2257.0,https://cdn.nba.com/headshots/nba/latest/1040x760/2257.png,NBA CDN,candidate,manual_identity_research,,,,True,0
P004071,Ruben Nembhard,Ruben Nembhard,ruben-nembhard,1129.0,https://cdn.nba.com/headshots/nba/latest/1040x760/1129.png,NBA CDN,candidate,manual_identity_research,,,,True,0
P004072,Ruben Patterson,Ruben Patterson,ruben-patterson,1739.0,https://cdn.nba.com/headshots/nba/latest/1040x760/1739.png,NBA CDN,candidate,manual_identity_research,,,,True,0
P004073,Rubén Garcés,Rubén Garcés,rub-n-garc-s,2092.0,https://cdn.nba.com/headshots/nba/latest/1040x760/2092.png,NBA CDN,candidate,manual_identity_research,,,,True,0
P004074,Rubén Wolkowyski,Rubén Wolkowyski,rub-n-wolkowyski,2106.0,https://cdn.nba.com/headshots/nba/latest/1040x760/2106.png,NBA CDN,candidate,manual_identity_research,,,,True,0
P004075,Rudy Fernández,Rudy Fernández,rudy-fern-ndez,201164.0,https://cdn.nba.com/headshots/nba/latest/1040x760/201164.png,NBA CDN,candidate,manual_identity_research,,,,True,0
P004076,Rudy Gay,Rudy Gay,rudy-gay,200752.0,https://cdn.nba.com/headshots/nba/latest/1040x760/200752.png,NBA CDN,candidate,manual_identity_research,,,,True,0
P004077,Rudy Gobert,Rudy Gobert,rudy-gobert,203497.0,https://cdn.nba.com/headshots/nba/latest/1040x760/203497.png,NBA CDN,candidate,manual_identity_research,,,,True,0
P004078,Rudy Hackett,Rudy Hackett,rudy-hackett,76910.0,https://cdn.nba.com/headshots/nba/latest/1040x760/76910.png,NBA CDN,candidate,manual_identity_research,,,,True,0
P004079,Rudy LaRusso,Rudy LaRusso,rudy-larusso,77340.0,https://cdn.nba.com/headshots/nba/latest/1040x760/77340.png,NBA CDN,candidate,manual_identity_research,,,,True,0
P004080,Rudy Macklin,Rudy Macklin,rudy-macklin,77435.0,https://cdn.nba.com/headshots/nba/latest/1040x760/77435.png,NBA CDN,candidate,manual_identity_research,,,,True,0
P004081,Rudy Tomjanovich,Rudy Tomjanovich,rudy-tomjanovich-p004081,78350.0,https://cdn.nba.com/headshots/nba/latest/1040x760/78350.png,NBA CDN,candidate,manual_identity_research,,,,True,0
P004082,Rudy Tomjanovich*,Rudy Tomjanovich*,rudy-tomjanovich-p004082,78350.0,https://cdn.nba.com/headshots/nba/latest/1040x760/78350.png,NBA CDN,candidate,manual_identity_research,,,,True,0
P004083,Rudy White,Rudy White,rudy-white,78513.0,https://cdn.nba.com/headshots/nba/latest/1040x760/78513.png,NBA CDN,candidate,manual_identity_research,,,,True,0
P004084,Rui Hachimura,Rui Hachimura,rui-hachimura,1629060.0,https://cdn.nba.com/headshots/nba/latest/1040x760/1629060.png,NBA CDN,candidate,manual_identity_research,,,,True,0
P004085,Rumeal Robinson,Rumeal Robinson,rumeal-robinson,716.0,https://cdn.nba.com/headshots/nba/latest/1040x760/716.png,NBA CDN,candidate,manual_identity_research,,,,True,0
P004086,Russ Lee,Russ Lee,russ-lee,,,,manual_identity_review,manual_identity_research,,,,True,0
P004087,Russ Schoene,Russ Schoene,russ-schoene,78087.0,https://cdn.nba.com/headshots/nba/latest/1040x760/78087.png,NBA CDN,candidate,manual_identity_research,,,,True,0
P004088,Russ Smith,Russ Smith,russ-smith,203893.0,https://cdn.nba.com/headshots/nba/latest/1040x760/203893.png,NBA CDN,candidate,manual_identity_research,,,,True,0
P004089,Russell Cross,Russell Cross,russell-cross,76478.0,https://cdn.nba.com/headshots/nba/latest/1040x760/76478.png,NBA CDN,candidate,manual_identity_research,,,,True,0
P004090,Russell Westbrook,Russell Westbrook,russell-westbrook,201566.0,https://cdn.nba.com/headshots/nba/latest/1040x760/201566.png,NBA CDN,candidate,manual_identity_research,,,,True,0
P004091,Rusty LaRue,Rusty LaRue,rusty-larue,1601.0,https://cdn.nba.com/headshots/nba/latest/1040x760/1601.png,NBA CDN,candidate,manual_identity_research,,,,True,0
P004092,Ryan Anderson,Ryan Anderson,ryan-anderson,201583.0,https://cdn.nba.com/headshots/nba/latest/1040x760/201583.png,NBA CDN,candidate,manual_identity_research,,,,True,0
P004093,Ryan Arcidiacono,Ryan Arcidiacono,ryan-arcidiacono,1627853.0,https://cdn.nba.com/headshots/nba/latest/1040x760/1627853.png,NBA CDN,candidate,manual_identity_research,,,,True,0
P004094,Ryan Bowen,Ryan Bowen,ryan-bowen,1763.0,https://cdn.nba.com/headshots/nba/latest/1040x760/1763.png,NBA CDN,candidate,manual_identity_research,,,,True,0
P004095,Ryan Broekhoff,Ryan Broekhoff,ryan-broekhoff,1629151.0,https://cdn.nba.com/headshots/nba/latest/1040x760/1629151.png,NBA CDN,candidate,manual_identity_research,,,,True,0
P004096,Ryan Dunn,Ryan Dunn,ryan-dunn,1642346.0,https://cdn.nba.com/headshots/nba/latest/1040x760/1642346.png,NBA CDN,candidate,manual_identity_research,,,,True,0
P004097,Ryan Gomes,Ryan Gomes,ryan-gomes,101155.0,https://cdn.nba.com/headshots/nba/latest/1040x760/101155.png,NBA CDN,candidate,manual_identity_research,,,,True,0
P004098,Ryan Hollins,Ryan Hollins,ryan-hollins,200797.0,https://cdn.nba.com/headshots/nba/latest/1040x760/200797.png,NBA CDN,candidate,manual_identity_research,,,,True,0
P004099,Ryan Humphrey,Ryan Humphrey,ryan-humphrey,2415.0,https://cdn.nba.com/headshots/nba/latest/1040x760/2415.png,NBA CDN,candidate,manual_identity_research,,,,True,0
P004100,Ryan Kalkbrenner,Ryan Kalkbrenner,ryan-kalkbrenner,1641750.0,https://cdn.nba.com/headshots/nba/latest/1040x760/1641750.png,NBA CDN,candidate,manual_identity_research,,,,True,0
P004101,Ryan Kelly,Ryan Kelly,ryan-kelly,203527.0,https://cdn.nba.com/headshots/nba/latest/1040x760/203527.png,NBA CDN,candidate,manual_identity_research,,,,True,0
P004102,Ryan Lorthridge,Ryan Lorthridge,ryan-lorthridge,943.0,https://cdn.nba.com/headshots/nba/latest/1040x760/943.png,NBA CDN,candidate,manual_identity_research,,,,True,0
P004103,Ryan Nembhard,Ryan Nembhard,ryan-nembhard,1642948.0,https://cdn.nba.com/headshots/nba/latest/1040x760/1642948.png,NBA CDN,candidate,manual_identity_research,,,,True,0
P004104,Ryan Reid,Ryan Reid,ryan-reid,202385.0,https://cdn.nba.com/headshots/nba/latest/1040x760/202385.png,NBA CDN,candidate,manual_identity_research,,,,True,0
P004105,Ryan Robertson,Ryan Robertson,ryan-robertson,1926.0,https://cdn.nba.com/headshots/nba/latest/1040x760/1926.png,NBA CDN,candidate,manual_identity_research,,,,True,0
P004106,Ryan Rollins,Ryan Rollins,ryan-rollins,1631157.0,https://cdn.nba.com/headshots/nba/latest/1040x760/1631157.png,NBA CDN,candidate,manual_identity_research,,,,True,0
P004107,Ryan Stack,Ryan Stack,ryan-stack,1756.0,https://cdn.nba.com/headshots/nba/latest/1040x760/1756.png,NBA CDN,candidate,manual_identity_research,,,,True,0
P004108,Saben Lee,Saben Lee,saben-lee,1630240.0,https://cdn.nba.com/headshots/nba/latest/1040x760/1630240.png,NBA CDN,candidate,manual_identity_research,,,,True,0
P004109,Saddiq Bey,Saddiq Bey,saddiq-bey,1630180.0,https://cdn.nba.com/headshots/nba/latest/1040x760/1630180.png,NBA CDN,candidate,manual_identity_research,,,,True,0
P004110,Salah Mejri,Salah Mejri,salah-mejri,1626257.0,https://cdn.nba.com/headshots/nba/latest/1040x760/1626257.png,NBA CDN,candidate,manual_identity_research,,,,True,0
P004111,Salim Stoudamire,Salim Stoudamire,salim-stoudamire,101136.0,https://cdn.nba.com/headshots/nba/latest/1040x760/101136.png,NBA CDN,candidate,manual_identity_research,,,,True,0
P004112,Sam Bowie,Sam Bowie,sam-bowie,76217.0,https://cdn.nba.com/headshots/nba/latest/1040x760/76217.png,NBA CDN,candidate,manual_identity_research,,,,True,0
P004113,Sam Cassell,Sam Cassell,sam-cassell,208.0,https://cdn.nba.com/headshots/nba/latest/1040x760/208.png,NBA CDN,candidate,manual_identity_research,,,,True,0
P004114,Sam Dekker,Sam Dekker,sam-dekker,1626155.0,https://cdn.nba.com/headshots/nba/latest/1040x760/1626155.png,NBA CDN,candidate,manual_identity_research,,,,True,0
P004115,Sam Hauser,Sam Hauser,sam-hauser,1630573.0,https://cdn.nba.com/headshots/nba/latest/1040x760/1630573.png,NBA CDN,candidate,manual_identity_research,,,,True,0
P004116,Sam Jacobson,Sam Jacobson,sam-jacobson,1734.0,https://cdn.nba.com/headshots/nba/latest/1040x760/1734.png,NBA CDN,candidate,manual_identity_research,,,,True,0
P004117,Sam Jones,Sam Jones,sam-jones-p004117,77196.0,https://cdn.nba.com/headshots/nba/latest/1040x760/77196.png,NBA CDN,candidate,manual_identity_research,,,,True,0
P004118,Sam Jones*,Sam Jones*,sam-jones-p004118,77196.0,https://cdn.nba.com/headshots/nba/latest/1040x760/77196.png,NBA CDN,candidate,manual_identity_research,,,,True,0
P004119,Sam Lacey,Sam Lacey,sam-lacey,77326.0,https://cdn.nba.com/headshots/nba/latest/1040x760/77326.png,NBA CDN,candidate,manual_identity_research,,,,True,0
P004120,Sam Mack,Sam Mack,sam-mack,694.0,https://cdn.nba.com/headshots/nba/latest/1040x760/694.png,NBA CDN,candidate,manual_identity_research,,,,True,0
P004121,Sam Merrill,Sam Merrill,sam-merrill,1630241.0,https://cdn.nba.com/headshots/nba/latest/1040x760/1630241.png,NBA CDN,candidate,manual_identity_research,,,,True,0
P004122,Sam Mitchell,Sam Mitchell,sam-mitchell,417.0,https://cdn.nba.com/headshots/nba/latest/1040x760/417.png,NBA CDN,candidate,manual_identity_research,,,,True,0
P004123,Sam Pellom,Sam Pellom,sam-pellom,77829.0,https://cdn.nba.com/headshots/nba/latest/1040x760/77829.png,NBA CDN,candidate,manual_identity_research,,,,True,0
P004124,Sam Perkins,Sam Perkins,sam-perkins,64.0,https://cdn.nba.com/headshots/nba/latest/1040x760/64.png,NBA CDN,candidate,manual_identity_research,,,,True,0
P004125,Sam Ranzino,Sam Ranzino,sam-ranzino,77912.0,https://cdn.nba.com/headshots/nba/latest/1040x760/77912.png,NBA CDN,candidate,manual_identity_research,,,,True,0
P004126,Sam Sibert,Sam Sibert,sam-sibert,78144.0,https://cdn.nba.com/headshots/nba/latest/1040x760/78144.png,NBA CDN,candidate,manual_identity_research,,,,True,0
P004127,Sam Smith,Sam Smith,sam-smith,,,,manual_identity_review,manual_identity_research,,,,True,0
P004128,Sam Stith,Sam Stith,sam-stith,78259.0,https://cdn.nba.com/headshots/nba/latest/1040x760/78259.png,NBA CDN,candidate,manual_identity_research,,,,True,0
P004129,Sam Vincent,Sam Vincent,sam-vincent,78417.0,https://cdn.nba.com/headshots/nba/latest/1040x760/78417.png,NBA CDN,candidate,manual_identity_research,,,,True,0
P004130,Sam Williams,Sam Williams,sam-williams,78568.0,https://cdn.nba.com/headshots/nba/latest/1040x760/78568.png,NBA CDN,candidate,manual_identity_research,,,,True,0
P004131,Sam Worthen,Sam Worthen,sam-worthen,78618.0,https://cdn.nba.com/headshots/nba/latest/1040x760/78618.png,NBA CDN,candidate,manual_identity_research,,,,True,0
P004132,Sam Young,Sam Young,sam-young,201970.0,https://cdn.nba.com/headshots/nba/latest/1040x760/201970.png,NBA CDN,candidate,manual_identity_research,,,,True,0
P004133,Samaki Walker,Samaki Walker,samaki-walker,955.0,https://cdn.nba.com/headshots/nba/latest/1040x760/955.png,NBA CDN,candidate,manual_identity_research,,,,True,0
P004134,Samardo Samuels,Samardo Samuels,samardo-samuels,202396.0,https://cdn.nba.com/headshots/nba/latest/1040x760/202396.png,NBA CDN,candidate,manual_identity_research,,,,True,0
P004135,Samuel Dalembert,Samuel Dalembert,samuel-dalembert,2223.0,https://cdn.nba.com/headshots/nba/latest/1040x760/2223.png,NBA CDN,candidate,manual_identity_research,,,,True,0
P004136,Sandro Mamukelashvili,Sandro Mamukelashvili,sandro-mamukelashvili,1630572.0,https://cdn.nba.com/headshots/nba/latest/1040x760/1630572.png,NBA CDN,candidate,manual_identity_research,,,,True,0
P004137,Santi Aldama,Santi Aldama,santi-aldama,1630583.0,https://cdn.nba.com/headshots/nba/latest/1040x760/1630583.png,NBA CDN,candidate,manual_identity_research,,,,True,0
P004138,Sasha Danilović,Sasha Danilović,sasha-danilovi,390.0,https://cdn.nba.com/headshots/nba/latest/1040x760/390.png,NBA CDN,candidate,manual_identity_research,,,,True,0
P004139,Sasha Kaun,Sasha Kaun,sasha-kaun,201619.0,https://cdn.nba.com/headshots/nba/latest/1040x760/201619.png,NBA CDN,candidate,manual_identity_research,,,,True,0
P004140,Sasha Pavlović,Sasha Pavlović,sasha-pavlovi,2562.0,https://cdn.nba.com/headshots/nba/latest/1040x760/2562.png,NBA CDN,candidate,manual_identity_research,,,,True,0
P004141,Sasha Vezenkov,Sasha Vezenkov,sasha-vezenkov,1628426.0,https://cdn.nba.com/headshots/nba/latest/1040x760/1628426.png,NBA CDN,candidate,manual_identity_research,,,,True,0
P004142,Sasha Vujačić,Sasha Vujačić,sasha-vuja-i,2756.0,https://cdn.nba.com/headshots/nba/latest/1040x760/2756.png,NBA CDN,candidate,manual_identity_research,,,,True,0
P004143,Scoot Henderson,Scoot Henderson,scoot-henderson,1630703.0,https://cdn.nba.com/headshots/nba/latest/1040x760/1630703.png,NBA CDN,candidate,manual_identity_research,,,,True,0
P004144,Scooter McCray,Scooter McCray,scooter-mccray,77518.0,https://cdn.nba.com/headshots/nba/latest/1040x760/77518.png,NBA CDN,candidate,manual_identity_research,,,,True,0
P004145,Scot Pollard,Scot Pollard,scot-pollard,1513.0,https://cdn.nba.com/headshots/nba/latest/1040x760/1513.png,NBA CDN,candidate,manual_identity_research,,,,True,0
P004146,Scott Brooks,Scott Brooks,scott-brooks,418.0,https://cdn.nba.com/headshots/nba/latest/1040x760/418.png,NBA CDN,candidate,manual_identity_research,,,,True,0
P004147,Scott Burrell,Scott Burrell,scott-burrell,197.0,https://cdn.nba.com/headshots/nba/latest/1040x760/197.png,NBA CDN,candidate,manual_identity_research,,,,True,0
P004148,Scott English,Scott English,scott-english,76675.0,https://cdn.nba.com/headshots/nba/latest/1040x760/76675.png,NBA CDN,candidate,manual_identity_research,,,,True,0
P004149,Scott Haffner,Scott Haffner,scott-haffner,76911.0,https://cdn.nba.com/headshots/nba/latest/1040x760/76911.png,NBA CDN,candidate,manual_identity_research,,,,True,0
P004150,Scott Haskin,Scott Haskin,scott-haskin,321.0,https://cdn.nba.com/headshots/nba/latest/1040x760/321.png,NBA CDN,candidate,manual_identity_research,,,,True,0
P004151,Scott Hastings,Scott Hastings,scott-hastings,76968.0,https://cdn.nba.com/headshots/nba/latest/1040x760/76968.png,NBA CDN,candidate,manual_identity_research,,,,True,0
P004152,Scott Lloyd,Scott Lloyd,scott-lloyd,77396.0,https://cdn.nba.com/headshots/nba/latest/1040x760/77396.png,NBA CDN,candidate,manual_identity_research,,,,True,0
P004153,Scott Machado,Scott Machado,scott-machado,203159.0,https://cdn.nba.com/headshots/nba/latest/1040x760/203159.png,NBA CDN,candidate,manual_identity_research,,,,True,0
P004154,Scott May,Scott May,scott-may,77490.0,https://cdn.nba.com/headshots/nba/latest/1040x760/77490.png,NBA CDN,candidate,manual_identity_research,,,,True,0
P004155,Scott Meents,Scott Meents,scott-meents,77571.0,https://cdn.nba.com/headshots/nba/latest/1040x760/77571.png,NBA CDN,candidate,manual_identity_research,,,,True,0
P004156,Scott Padgett,Scott Padgett,scott-padgett,1909.0,https://cdn.nba.com/headshots/nba/latest/1040x760/1909.png,NBA CDN,candidate,manual_identity_research,,,,True,0
P004157,Scott Roth,Scott Roth,scott-roth,78022.0,https://cdn.nba.com/headshots/nba/latest/1040x760/78022.png,NBA CDN,candidate,manual_identity_research,,,,True,0
P004158,Scott Sims,Scott Sims,scott-sims,78161.0,https://cdn.nba.com/headshots/nba/latest/1040x760/78161.png,NBA CDN,candidate,manual_identity_research,,,,True,0
P004159,Scott Skiles,Scott Skiles,scott-skiles,101.0,https://cdn.nba.com/headshots/nba/latest/1040x760/101.png,NBA CDN,candidate,manual_identity_research,,,,True,0
P004160,Scott Wedman,Scott Wedman,scott-wedman,78482.0,https://cdn.nba.com/headshots/nba/latest/1040x760/78482.png,NBA CDN,candidate,manual_identity_research,,,,True,0
P004161,Scott Williams,Scott Williams,scott-williams,281.0,https://cdn.nba.com/headshots/nba/latest/1040x760/281.png,NBA CDN,candidate,manual_identity_research,,,,True,0
P004162,Scottie Barnes,Scottie Barnes,scottie-barnes,1630567.0,https://cdn.nba.com/headshots/nba/latest/1040x760/1630567.png,NBA CDN,candidate,manual_identity_research,,,,True,0
P004163,Scottie Lewis,Scottie Lewis,scottie-lewis,1630575.0,https://cdn.nba.com/headshots/nba/latest/1040x760/1630575.png,NBA CDN,candidate,manual_identity_research,,,,True,0
P004164,Scottie Pippen,Scottie Pippen,scottie-pippen-p004164,937.0,https://cdn.nba.com/headshots/nba/latest/1040x760/937.png,NBA CDN,candidate,manual_identity_research,,,,True,0
P004165,Scottie Pippen*,Scottie Pippen*,scottie-pippen-p004165,937.0,https://cdn.nba.com/headshots/nba/latest/1040x760/937.png,NBA CDN,candidate,manual_identity_research,,,,True,0
P004166,Scotty Hopson,Scotty Hopson,scotty-hopson,203816.0,https://cdn.nba.com/headshots/nba/latest/1040x760/203816.png,NBA CDN,candidate,manual_identity_research,,,,True,0
P004167,Scotty Pippen Jr.,Scotty Pippen Jr.,scotty-pippen-jr,1630590.0,https://cdn.nba.com/headshots/nba/latest/1040x760/1630590.png,NBA CDN,candidate,manual_identity_research,,,,True,0
P004168,Sean Colson,Sean Colson,sean-colson,2173.0,https://cdn.nba.com/headshots/nba/latest/1040x760/2173.png,NBA CDN,candidate,manual_identity_research,,,,True,0
P004169,Sean Elliott,Sean Elliott,sean-elliott,251.0,https://cdn.nba.com/headshots/nba/latest/1040x760/251.png,NBA CDN,candidate,manual_identity_research,,,,True,0
P004170,Sean Green,Sean Green,sean-green,76875.0,https://cdn.nba.com/headshots/nba/latest/1040x760/76875.png,NBA CDN,candidate,manual_identity_research,,,,True,0
P004171,Sean Higgins,Sean Higgins,sean-higgins,925.0,https://cdn.nba.com/headshots/nba/latest/1040x760/925.png,NBA CDN,candidate,manual_identity_research,,,,True,0
P004172,Sean Kilpatrick,Sean Kilpatrick,sean-kilpatrick,203930.0,https://cdn.nba.com/headshots/nba/latest/1040x760/203930.png,NBA CDN,candidate,manual_identity_research,,,,True,0
P004173,Sean Lampley,Sean Lampley,sean-lampley,2253.0,https://cdn.nba.com/headshots/nba/latest/1040x760/2253.png,NBA CDN,candidate,manual_identity_research,,,,True,0
P004174,Sean Marks,Sean Marks,sean-marks,1752.0,https://cdn.nba.com/headshots/nba/latest/1040x760/1752.png,NBA CDN,candidate,manual_identity_research,,,,True,0
P004175,Sean May,Sean May,sean-may,101118.0,https://cdn.nba.com/headshots/nba/latest/1040x760/101118.png,NBA CDN,candidate,manual_identity_research,,,,True,0
P004176,Sean McDermott,Sean McDermott,sean-mcdermott,1630253.0,https://cdn.nba.com/headshots/nba/latest/1040x760/1630253.png,NBA CDN,candidate,manual_identity_research,,,,True,0
P004177,Sean Pedulla,Sean Pedulla,sean-pedulla,1642951.0,https://cdn.nba.com/headshots/nba/latest/1040x760/1642951.png,NBA CDN,candidate,manual_identity_research,,,,True,0
P004178,Sean Rooks,Sean Rooks,sean-rooks,399.0,https://cdn.nba.com/headshots/nba/latest/1040x760/399.png,NBA CDN,candidate,manual_identity_research,,,,True,0
P004179,Sean Singletary,Sean Singletary,sean-singletary,201606.0,https://cdn.nba.com/headshots/nba/latest/1040x760/201606.png,NBA CDN,candidate,manual_identity_research,,,,True,0
P004180,Sean Williams,Sean Williams,sean-williams,201157.0,https://cdn.nba.com/headshots/nba/latest/1040x760/201157.png,NBA CDN,candidate,manual_identity_research,,,,True,0
P004181,Sebastian Telfair,Sebastian Telfair,sebastian-telfair,2742.0,https://cdn.nba.com/headshots/nba/latest/1040x760/2742.png,NBA CDN,candidate,manual_identity_research,,,,True,0
P004182,Sedale Threatt,Sedale Threatt,sedale-threatt,9.0,https://cdn.nba.com/headshots/nba/latest/1040x760/9.png,NBA CDN,candidate,manual_identity_research,,,,True,0
P004183,Sedric Toney,Sedric Toney,sedric-toney,78352.0,https://cdn.nba.com/headshots/nba/latest/1040x760/78352.png,NBA CDN,candidate,manual_identity_research,,,,True,0
P004184,Sekou Doumbouya,Sekou Doumbouya,sekou-doumbouya,1629635.0,https://cdn.nba.com/headshots/nba/latest/1040x760/1629635.png,NBA CDN,candidate,manual_identity_research,,,,True,0
P004185,Semaj Christon,Semaj Christon,semaj-christon,203902.0,https://cdn.nba.com/headshots/nba/latest/1040x760/203902.png,NBA CDN,candidate,manual_identity_research,,,,True,0
P004186,Semi Ojeleye,Semi Ojeleye,semi-ojeleye,1628400.0,https://cdn.nba.com/headshots/nba/latest/1040x760/1628400.png,NBA CDN,candidate,manual_identity_research,,,,True,0
P004187,Semih Erden,Semih Erden,semih-erden,201623.0,https://cdn.nba.com/headshots/nba/latest/1040x760/201623.png,NBA CDN,candidate,manual_identity_research,,,,True,0
P004188,Serge Ibaka,Serge Ibaka,serge-ibaka,201586.0,https://cdn.nba.com/headshots/nba/latest/1040x760/201586.png,NBA CDN,candidate,manual_identity_research,,,,True,0
P004189,Sergei Bazarevich,Sergei Bazarevich,sergei-bazarevich,76128.0,https://cdn.nba.com/headshots/nba/latest/1040x760/76128.png,NBA CDN,candidate,manual_identity_research,,,,True,0
P004190,Sergei Monia,Sergei Monia,sergei-monia,2752.0,https://cdn.nba.com/headshots/nba/latest/1040x760/2752.png,NBA CDN,candidate,manual_identity_research,,,,True,0
P004191,Sergey Karasev,Sergey Karasev,sergey-karasev,203508.0,https://cdn.nba.com/headshots/nba/latest/1040x760/203508.png,NBA CDN,candidate,manual_identity_research,,,,True,0
P004192,Sergio Rodríguez,Sergio Rodríguez,sergio-rodr-guez,200771.0,https://cdn.nba.com/headshots/nba/latest/1040x760/200771.png,NBA CDN,candidate,manual_identity_research,,,,True,0
P004193,Seth Curry,Seth Curry,seth-curry,203552.0,https://cdn.nba.com/headshots/nba/latest/1040x760/203552.png,NBA CDN,candidate,manual_identity_research,,,,True,0
P004194,Seth Lundy,Seth Lundy,seth-lundy,1641754.0,https://cdn.nba.com/headshots/nba/latest/1040x760/1641754.png,NBA CDN,candidate,manual_identity_research,,,,True,0
P004195,Shabazz Muhammad,Shabazz Muhammad,shabazz-muhammad,203498.0,https://cdn.nba.com/headshots/nba/latest/1040x760/203498.png,NBA CDN,candidate,manual_identity_research,,,,True,0
P004196,Shabazz Napier,Shabazz Napier,shabazz-napier,203894.0,https://cdn.nba.com/headshots/nba/latest/1040x760/203894.png,NBA CDN,candidate,manual_identity_research,,,,True,0
P004197,Shaedon Sharpe,Shaedon Sharpe,shaedon-sharpe,1631101.0,https://cdn.nba.com/headshots/nba/latest/1040x760/1631101.png,NBA CDN,candidate,manual_identity_research,,,,True,0
P004198,Shai Gilgeous-Alexander,Shai Gilgeous-Alexander,shai-gilgeous-alexander,1628983.0,https://cdn.nba.com/headshots/nba/latest/1040x760/1628983.png,NBA CDN,candidate,manual_identity_research,,,,True,0
P004199,Shake Milton,Shake Milton,shake-milton,1629003.0,https://cdn.nba.com/headshots/nba/latest/1040x760/1629003.png,NBA CDN,candidate,manual_identity_research,,,,True,0
P004200,Shaler Halimon,Shaler Halimon,shaler-halimon,76922.0,https://cdn.nba.com/headshots/nba/latest/1040x760/76922.png,NBA CDN,candidate,manual_identity_research,,,,True,0
P004201,Shammond Williams,Shammond Williams,shammond-williams,1742.0,https://cdn.nba.com/headshots/nba/latest/1040x760/1742.png,NBA CDN,candidate,manual_identity_research,,,,True,0
P004202,Shamorie Ponds,Shamorie Ponds,shamorie-ponds,1629044.0,https://cdn.nba.com/headshots/nba/latest/1040x760/1629044.png,NBA CDN,candidate,manual_identity_research,,,,True,0
P004203,Shandon Anderson,Shandon Anderson,shandon-anderson,1000.0,https://cdn.nba.com/headshots/nba/latest/1040x760/1000.png,NBA CDN,candidate,manual_identity_research,,,,True,0
P004204,Shane Battier,Shane Battier,shane-battier,2203.0,https://cdn.nba.com/headshots/nba/latest/1040x760/2203.png,NBA CDN,candidate,manual_identity_research,,,,True,0
P004205,Shane Edwards,Shane Edwards,shane-edwards,202197.0,https://cdn.nba.com/headshots/nba/latest/1040x760/202197.png,NBA CDN,candidate,manual_identity_research,,,,True,0
P004206,Shane Heal,Shane Heal,shane-heal,1049.0,https://cdn.nba.com/headshots/nba/latest/1040x760/1049.png,NBA CDN,candidate,manual_identity_research,,,,True,0
P004207,Shane Larkin,Shane Larkin,shane-larkin,203499.0,https://cdn.nba.com/headshots/nba/latest/1040x760/203499.png,NBA CDN,candidate,manual_identity_research,,,,True,0
P004208,Shannon Brown,Shannon Brown,shannon-brown,200769.0,https://cdn.nba.com/headshots/nba/latest/1040x760/200769.png,NBA CDN,candidate,manual_identity_research,,,,True,0
P004209,Shaq Buchanan,Shaq Buchanan,shaq-buchanan,1629783.0,https://cdn.nba.com/headshots/nba/latest/1040x760/1629783.png,NBA CDN,candidate,manual_identity_research,,,,True,0
P004210,Shaquille Harrison,Shaquille Harrison,shaquille-harrison,1627885.0,https://cdn.nba.com/headshots/nba/latest/1040x760/1627885.png,NBA CDN,candidate,manual_identity_research,,,,True,0
P004211,Shaquille O'Neal,Shaquille O'Neal,shaquille-o-neal-p004211,406.0,https://cdn.nba.com/headshots/nba/latest/1040x760/406.png,NBA CDN,candidate,manual_identity_research,,,,True,0
P004212,Shaquille O'Neal*,Shaquille O'Neal*,shaquille-o-neal-p004212,406.0,https://cdn.nba.com/headshots/nba/latest/1040x760/406.png,NBA CDN,candidate,manual_identity_research,,,,True,0
P004213,Shareef Abdur-Rahim,Shareef Abdur-Rahim,shareef-abdur-rahim,949.0,https://cdn.nba.com/headshots/nba/latest/1040x760/949.png,NBA CDN,candidate,manual_identity_research,,,,True,0
P004214,Sharife Cooper,Sharife Cooper,sharife-cooper,1630536.0,https://cdn.nba.com/headshots/nba/latest/1040x760/1630536.png,NBA CDN,candidate,manual_identity_research,,,,True,0
P004215,Sharone Wright,Sharone Wright,sharone-wright,412.0,https://cdn.nba.com/headshots/nba/latest/1040x760/412.png,NBA CDN,candidate,manual_identity_research,,,,True,0
P004216,Sharrod Ford,Sharrod Ford,sharrod-ford,101213.0,https://cdn.nba.com/headshots/nba/latest/1040x760/101213.png,NBA CDN,candidate,manual_identity_research,,,,True,0
P004217,Shaun Livingston,Shaun Livingston,shaun-livingston,2733.0,https://cdn.nba.com/headshots/nba/latest/1040x760/2733.png,NBA CDN,candidate,manual_identity_research,,,,True,0
P004218,Shavlik Randolph,Shavlik Randolph,shavlik-randolph,101183.0,https://cdn.nba.com/headshots/nba/latest/1040x760/101183.png,NBA CDN,candidate,manual_identity_research,,,,True,0
P004219,Shawn Bradley,Shawn Bradley,shawn-bradley,762.0,https://cdn.nba.com/headshots/nba/latest/1040x760/762.png,NBA CDN,candidate,manual_identity_research,,,,True,0
P004220,Shawn Kemp,Shawn Kemp,shawn-kemp,431.0,https://cdn.nba.com/headshots/nba/latest/1040x760/431.png,NBA CDN,candidate,manual_identity_research,,,,True,0
P004221,Shawn Long,Shawn Long,shawn-long,1627848.0,https://cdn.nba.com/headshots/nba/latest/1040x760/1627848.png,NBA CDN,candidate,manual_identity_research,,,,True,0
P004222,Shawn Marion,Shawn Marion,shawn-marion,1890.0,https://cdn.nba.com/headshots/nba/latest/1040x760/1890.png,NBA CDN,candidate,manual_identity_research,,,,True,0
P004223,Shawn Respert,Shawn Respert,shawn-respert,704.0,https://cdn.nba.com/headshots/nba/latest/1040x760/704.png,NBA CDN,candidate,manual_identity_research,,,,True,0
P004224,Shawne Williams,Shawne Williams,shawne-williams,200761.0,https://cdn.nba.com/headshots/nba/latest/1040x760/200761.png,NBA CDN,candidate,manual_identity_research,,,,True,0
P004225,Shawnelle Scott,Shawnelle Scott,shawnelle-scott,1035.0,https://cdn.nba.com/headshots/nba/latest/1040x760/1035.png,NBA CDN,candidate,manual_identity_research,,,,True,0
P004226,Shayne Whittington,Shayne Whittington,shayne-whittington,203963.0,https://cdn.nba.com/headshots/nba/latest/1040x760/203963.png,NBA CDN,candidate,manual_identity_research,,,,True,0
P004227,Shea Seals,Shea Seals,shea-seals,1578.0,https://cdn.nba.com/headshots/nba/latest/1040x760/1578.png,NBA CDN,candidate,manual_identity_research,,,,True,0
P004228,Shelden Williams,Shelden Williams,shelden-williams,200749.0,https://cdn.nba.com/headshots/nba/latest/1040x760/200749.png,NBA CDN,candidate,manual_identity_research,,,,True,0
P004229,Sheldon Mac,Sheldon Mac,sheldon-mac,1627815.0,https://cdn.nba.com/headshots/nba/latest/1040x760/1627815.png,NBA CDN,candidate,manual_identity_research,,,,True,0
P004230,Shellie McMillon,Shellie McMillon,shellie-mcmillon,77555.0,https://cdn.nba.com/headshots/nba/latest/1040x760/77555.png,NBA CDN,candidate,manual_identity_research,,,,True,0
P004231,Shelton Jones,Shelton Jones,shelton-jones,2652.0,https://cdn.nba.com/headshots/nba/latest/1040x760/2652.png,NBA CDN,candidate,manual_identity_research,,,,True,0
P004232,Shelvin Mack,Shelvin Mack,shelvin-mack,202714.0,https://cdn.nba.com/headshots/nba/latest/1040x760/202714.png,NBA CDN,candidate,manual_identity_research,,,,True,0
P004233,Sherell Ford,Sherell Ford,sherell-ford,726.0,https://cdn.nba.com/headshots/nba/latest/1040x760/726.png,NBA CDN,candidate,manual_identity_research,,,,True,0
P004234,Sherman Douglas,Sherman Douglas,sherman-douglas,428.0,https://cdn.nba.com/headshots/nba/latest/1040x760/428.png,NBA CDN,candidate,manual_identity_research,,,,True,0
P004235,Sherron Collins,Sherron Collins,sherron-collins,202395.0,https://cdn.nba.com/headshots/nba/latest/1040x760/202395.png,NBA CDN,candidate,manual_identity_research,,,,True,0
P004236,Sherwin Raiken,Sherwin Raiken,sherwin-raiken,77903.0,https://cdn.nba.com/headshots/nba/latest/1040x760/77903.png,NBA CDN,candidate,manual_identity_research,,,,True,0
P004237,Si Green,Si Green,si-green,76877.0,https://cdn.nba.com/headshots/nba/latest/1040x760/76877.png,NBA CDN,candidate,manual_identity_research,,,,True,0
P004238,Sid Catlett,Sid Catlett,sid-catlett,76367.0,https://cdn.nba.com/headshots/nba/latest/1040x760/76367.png,NBA CDN,candidate,manual_identity_research,,,,True,0
P004239,Sidney Green,Sidney Green,sidney-green,76876.0,https://cdn.nba.com/headshots/nba/latest/1040x760/76876.png,NBA CDN,candidate,manual_identity_research,,,,True,0
P004240,Sidney Lowe,Sidney Lowe,sidney-lowe,77415.0,https://cdn.nba.com/headshots/nba/latest/1040x760/77415.png,NBA CDN,candidate,manual_identity_research,,,,True,0
P004241,Sidney Moncrief,Sidney Moncrief,sidney-moncrief-p004241,77626.0,https://cdn.nba.com/headshots/nba/latest/1040x760/77626.png,NBA CDN,candidate,manual_identity_research,,,,True,0
P004242,Sidney Moncrief*,Sidney Moncrief*,sidney-moncrief-p004242,77626.0,https://cdn.nba.com/headshots/nba/latest/1040x760/77626.png,NBA CDN,candidate,manual_identity_research,,,,True,0
P004243,Sidney Wicks,Sidney Wicks,sidney-wicks,78520.0,https://cdn.nba.com/headshots/nba/latest/1040x760/78520.png,NBA CDN,candidate,manual_identity_research,,,,True,0
P004244,Sidy Cissoko,Sidy Cissoko,sidy-cissoko,1631321.0,https://cdn.nba.com/headshots/nba/latest/1040x760/1631321.png,NBA CDN,candidate,manual_identity_research,,,,True,0
P004245,Sim Bhullar,Sim Bhullar,sim-bhullar,204021.0,https://cdn.nba.com/headshots/nba/latest/1040x760/204021.png,NBA CDN,candidate,manual_identity_research,,,,True,0
P004246,Simone Fontecchio,Simone Fontecchio,simone-fontecchio,1631323.0,https://cdn.nba.com/headshots/nba/latest/1040x760/1631323.png,NBA CDN,candidate,manual_identity_research,,,,True,0
P004247,Sindarius Thornwell,Sindarius Thornwell,sindarius-thornwell,1628414.0,https://cdn.nba.com/headshots/nba/latest/1040x760/1628414.png,NBA CDN,candidate,manual_identity_research,,,,True,0
P004248,Sion James,Sion James,sion-james,1642883.0,https://cdn.nba.com/headshots/nba/latest/1040x760/1642883.png,NBA CDN,candidate,manual_identity_research,,,,True,0
P004249,Skal Labissière,Skal Labissière,skal-labissi-re,1627746.0,https://cdn.nba.com/headshots/nba/latest/1040x760/1627746.png,NBA CDN,candidate,manual_identity_research,,,,True,0
P004250,Skeeter Henry,Skeeter Henry,skeeter-henry,77003.0,https://cdn.nba.com/headshots/nba/latest/1040x760/77003.png,NBA CDN,candidate,manual_identity_research,,,,True,0
P004251,Skip Harlicka,Skip Harlicka,skip-harlicka,76951.0,https://cdn.nba.com/headshots/nba/latest/1040x760/76951.png,NBA CDN,candidate,manual_identity_research,,,,True,0
P004252,Skippy Whitaker,Skippy Whitaker,skippy-whitaker,,,,manual_identity_review,manual_identity_research,,,,True,0
P004253,Skylar Mays,Skylar Mays,skylar-mays,1630219.0,https://cdn.nba.com/headshots/nba/latest/1040x760/1630219.png,NBA CDN,candidate,manual_identity_research,,,,True,0
P004254,Slater Martin,Slater Martin,slater-martin-p004254,77480.0,https://cdn.nba.com/headshots/nba/latest/1040x760/77480.png,NBA CDN,candidate,manual_identity_research,,,,True,0
P004255,Slater Martin*,Slater Martin*,slater-martin-p004255,77480.0,https://cdn.nba.com/headshots/nba/latest/1040x760/77480.png,NBA CDN,candidate,manual_identity_research,,,,True,0
P004256,Slavko Vraneš,Slavko Vraneš,slavko-vrane,2582.0,https://cdn.nba.com/headshots/nba/latest/1040x760/2582.png,NBA CDN,candidate,manual_identity_research,,,,True,0
P004257,Sleepy Floyd,Sleepy Floyd,sleepy-floyd,76726.0,https://cdn.nba.com/headshots/nba/latest/1040x760/76726.png,NBA CDN,candidate,manual_identity_research,,,,True,0
P004258,Slick Leonard,Slick Leonard,slick-leonard-p004258,,,,manual_identity_review,manual_identity_research,,,,True,0
P004259,Slick Leonard*,Slick Leonard*,slick-leonard-p004259,,,,manual_identity_review,manual_identity_research,,,,True,0
P004260,Slick Watts,Slick Watts,slick-watts,78473.0,https://cdn.nba.com/headshots/nba/latest/1040x760/78473.png,NBA CDN,candidate,manual_identity_research,,,,True,0
P004261,Sly Williams,Sly Williams,sly-williams,78570.0,https://cdn.nba.com/headshots/nba/latest/1040x760/78570.png,NBA CDN,candidate,manual_identity_research,,,,True,0
P004262,Smush Parker,Smush Parker,smush-parker,2470.0,https://cdn.nba.com/headshots/nba/latest/1040x760/2470.png,NBA CDN,candidate,manual_identity_research,,,,True,0
P004263,Solomon Alabi,Solomon Alabi,solomon-alabi,202374.0,https://cdn.nba.com/headshots/nba/latest/1040x760/202374.png,NBA CDN,candidate,manual_identity_research,,,,True,0
P004264,Solomon Hill,Solomon Hill,solomon-hill,203524.0,https://cdn.nba.com/headshots/nba/latest/1040x760/203524.png,NBA CDN,candidate,manual_identity_research,,,,True,0
P004265,Solomon Jones,Solomon Jones,solomon-jones,200780.0,https://cdn.nba.com/headshots/nba/latest/1040x760/200780.png,NBA CDN,candidate,manual_identity_research,,,,True,0
P004266,Sonny Dove,Sonny Dove,sonny-dove,,,,manual_identity_review,manual_identity_research,,,,True,0
P004267,Sonny Parker,Sonny Parker,sonny-parker,77800.0,https://cdn.nba.com/headshots/nba/latest/1040x760/77800.png,NBA CDN,candidate,manual_identity_research,,,,True,0
P004268,Sonny Weems,Sonny Weems,sonny-weems,201603.0,https://cdn.nba.com/headshots/nba/latest/1040x760/201603.png,NBA CDN,candidate,manual_identity_research,,,,True,0
P004269,Soumaila Samake,Soumaila Samake,soumaila-samake,2066.0,https://cdn.nba.com/headshots/nba/latest/1040x760/2066.png,NBA CDN,candidate,manual_identity_research,,,,True,0
P004270,Speedy Claxton,Speedy Claxton,speedy-claxton,2049.0,https://cdn.nba.com/headshots/nba/latest/1040x760/2049.png,NBA CDN,candidate,manual_identity_research,,,,True,0
P004271,Spencer Dinwiddie,Spencer Dinwiddie,spencer-dinwiddie,203915.0,https://cdn.nba.com/headshots/nba/latest/1040x760/203915.png,NBA CDN,candidate,manual_identity_research,,,,True,0
P004272,Spencer Hawes,Spencer Hawes,spencer-hawes,201150.0,https://cdn.nba.com/headshots/nba/latest/1040x760/201150.png,NBA CDN,candidate,manual_identity_research,,,,True,0
P004273,Spencer Haywood,Spencer Haywood,spencer-haywood-p004273,76981.0,https://cdn.nba.com/headshots/nba/latest/1040x760/76981.png,NBA CDN,candidate,manual_identity_research,,,,True,0
P004274,Spencer Haywood*,Spencer Haywood*,spencer-haywood-p004274,76981.0,https://cdn.nba.com/headshots/nba/latest/1040x760/76981.png,NBA CDN,candidate,manual_identity_research,,,,True,0
P004275,Spencer Jones,Spencer Jones,spencer-jones,1642461.0,https://cdn.nba.com/headshots/nba/latest/1040x760/1642461.png,NBA CDN,candidate,manual_identity_research,,,,True,0
P004276,Spud Webb,Spud Webb,spud-webb,892.0,https://cdn.nba.com/headshots/nba/latest/1040x760/892.png,NBA CDN,candidate,manual_identity_research,,,,True,0
P004277,Stacey Arceneaux,Stacey Arceneaux,stacey-arceneaux,76053.0,https://cdn.nba.com/headshots/nba/latest/1040x760/76053.png,NBA CDN,candidate,manual_identity_research,,,,True,0
P004278,Stacey Augmon,Stacey Augmon,stacey-augmon,278.0,https://cdn.nba.com/headshots/nba/latest/1040x760/278.png,NBA CDN,candidate,manual_identity_research,,,,True,0
P004279,Stacey King,Stacey King,stacey-king,351.0,https://cdn.nba.com/headshots/nba/latest/1040x760/351.png,NBA CDN,candidate,manual_identity_research,,,,True,0
P004280,Stan Brown,Stan Brown,stan-brown,76285.0,https://cdn.nba.com/headshots/nba/latest/1040x760/76285.png,NBA CDN,candidate,manual_identity_research,,,,True,0
P004281,Stan Kimbrough,Stan Kimbrough,stan-kimbrough,77261.0,https://cdn.nba.com/headshots/nba/latest/1040x760/77261.png,NBA CDN,candidate,manual_identity_research,,,,True,0
P004282,Stan Love,Stan Love,stan-love,77413.0,https://cdn.nba.com/headshots/nba/latest/1040x760/77413.png,NBA CDN,candidate,manual_identity_research,,,,True,0
P004283,Stan McKenzie,Stan McKenzie,stan-mckenzie,77543.0,https://cdn.nba.com/headshots/nba/latest/1040x760/77543.png,NBA CDN,candidate,manual_identity_research,,,,True,0
P004284,Stan Miasek,Stan Miasek,stan-miasek,77587.0,https://cdn.nba.com/headshots/nba/latest/1040x760/77587.png,NBA CDN,candidate,manual_identity_research,,,,True,0
P004285,Stan Pietkiewicz,Stan Pietkiewicz,stan-pietkiewicz,77858.0,https://cdn.nba.com/headshots/nba/latest/1040x760/77858.png,NBA CDN,candidate,manual_identity_research,,,,True,0
P004286,Stan Washington,Stan Washington,stan-washington,78470.0,https://cdn.nba.com/headshots/nba/latest/1040x760/78470.png,NBA CDN,candidate,manual_identity_research,,,,True,0
P004287,Stanislav Medvedenko,Stanislav Medvedenko,stanislav-medvedenko,,,,manual_identity_review,manual_identity_research,,,,True,0
P004288,Stanley Brundy,Stanley Brundy,stanley-brundy,76288.0,https://cdn.nba.com/headshots/nba/latest/1040x760/76288.png,NBA CDN,candidate,manual_identity_research,,,,True,0
P004289,Stanley Jackson,Stanley Jackson,stanley-jackson,77109.0,https://cdn.nba.com/headshots/nba/latest/1040x760/77109.png,NBA CDN,candidate,manual_identity_research,,,,True,0
P004290,Stanley Johnson,Stanley Johnson,stanley-johnson,1626169.0,https://cdn.nba.com/headshots/nba/latest/1040x760/1626169.png,NBA CDN,candidate,manual_identity_research,,,,True,0
P004291,Stanley Roberts,Stanley Roberts,stanley-roberts,914.0,https://cdn.nba.com/headshots/nba/latest/1040x760/914.png,NBA CDN,candidate,manual_identity_research,,,,True,0
P004292,Stanley Umude,Stanley Umude,stanley-umude,1630649.0,https://cdn.nba.com/headshots/nba/latest/1040x760/1630649.png,NBA CDN,candidate,manual_identity_research,,,,True,0
P004293,Stanton Kidd,Stanton Kidd,stanton-kidd,1629742.0,https://cdn.nba.com/headshots/nba/latest/1040x760/1629742.png,NBA CDN,candidate,manual_identity_research,,,,True,0
P004294,Stefano Rusconi,Stefano Rusconi,stefano-rusconi,474.0,https://cdn.nba.com/headshots/nba/latest/1040x760/474.png,NBA CDN,candidate,manual_identity_research,,,,True,0
P004295,Steffond Johnson,Steffond Johnson,steffond-johnson,77166.0,https://cdn.nba.com/headshots/nba/latest/1040x760/77166.png,NBA CDN,candidate,manual_identity_research,,,,True,0
P004296,Stephen Curry,Stephen Curry,stephen-curry,201939.0,https://cdn.nba.com/headshots/nba/latest/1040x760/201939.png,NBA CDN,candidate,manual_identity_research,,,,True,0
P004297,Stephen Graham,Stephen Graham,stephen-graham,101211.0,https://cdn.nba.com/headshots/nba/latest/1040x760/101211.png,NBA CDN,candidate,manual_identity_research,,,,True,0
P004298,Stephen Howard,Stephen Howard,stephen-howard,1128.0,https://cdn.nba.com/headshots/nba/latest/1040x760/1128.png,NBA CDN,candidate,manual_identity_research,,,,True,0
P004299,Stephen Jackson,Stephen Jackson,stephen-jackson,1536.0,https://cdn.nba.com/headshots/nba/latest/1040x760/1536.png,NBA CDN,candidate,manual_identity_research,,,,True,0
P004300,Stephen Thompson,Stephen Thompson,stephen-thompson,78333.0,https://cdn.nba.com/headshots/nba/latest/1040x760/78333.png,NBA CDN,candidate,manual_identity_research,,,,True,0
P004301,Stephen Zimmerman,Stephen Zimmerman,stephen-zimmerman,1627757.0,https://cdn.nba.com/headshots/nba/latest/1040x760/1627757.png,NBA CDN,candidate,manual_identity_research,,,,True,0
P004302,Stephon Castle,Stephon Castle,stephon-castle,1642264.0,https://cdn.nba.com/headshots/nba/latest/1040x760/1642264.png,NBA CDN,candidate,manual_identity_research,,,,True,0
P004303,Stephon Marbury,Stephon Marbury,stephon-marbury,950.0,https://cdn.nba.com/headshots/nba/latest/1040x760/950.png,NBA CDN,candidate,manual_identity_research,,,,True,0
P004304,Sterling Brown,Sterling Brown,sterling-brown,1628425.0,https://cdn.nba.com/headshots/nba/latest/1040x760/1628425.png,NBA CDN,candidate,manual_identity_research,,,,True,0
P004305,Steve Alford,Steve Alford,steve-alford,76024.0,https://cdn.nba.com/headshots/nba/latest/1040x760/76024.png,NBA CDN,candidate,manual_identity_research,,,,True,0
P004306,Steve Bardo,Steve Bardo,steve-bardo,,,,manual_identity_review,manual_identity_research,,,,True,0
P004307,Steve Blake,Steve Blake,steve-blake,2581.0,https://cdn.nba.com/headshots/nba/latest/1040x760/2581.png,NBA CDN,candidate,manual_identity_research,,,,True,0
P004308,Steve Bracey,Steve Bracey,steve-bracey,76226.0,https://cdn.nba.com/headshots/nba/latest/1040x760/76226.png,NBA CDN,candidate,manual_identity_research,,,,True,0
P004309,Steve Bucknall,Steve Bucknall,steve-bucknall,76294.0,https://cdn.nba.com/headshots/nba/latest/1040x760/76294.png,NBA CDN,candidate,manual_identity_research,,,,True,0
P004310,Steve Burtt,Steve Burtt,steve-burtt,76316.0,https://cdn.nba.com/headshots/nba/latest/1040x760/76316.png,NBA CDN,candidate,manual_identity_research,,,,True,0
P004311,Steve Colter,Steve Colter,steve-colter,306.0,https://cdn.nba.com/headshots/nba/latest/1040x760/306.png,NBA CDN,candidate,manual_identity_research,,,,True,0
P004312,Steve Courtin,Steve Courtin,steve-courtin,76459.0,https://cdn.nba.com/headshots/nba/latest/1040x760/76459.png,NBA CDN,candidate,manual_identity_research,,,,True,0
P004313,Steve Downing,Steve Downing,steve-downing,76594.0,https://cdn.nba.com/headshots/nba/latest/1040x760/76594.png,NBA CDN,candidate,manual_identity_research,,,,True,0
P004314,Steve Francis,Steve Francis,steve-francis,1883.0,https://cdn.nba.com/headshots/nba/latest/1040x760/1883.png,NBA CDN,candidate,manual_identity_research,,,,True,0
P004315,Steve Goodrich,Steve Goodrich,steve-goodrich,1864.0,https://cdn.nba.com/headshots/nba/latest/1040x760/1864.png,NBA CDN,candidate,manual_identity_research,,,,True,0
P004316,Steve Green,Steve Green,steve-green,76878.0,https://cdn.nba.com/headshots/nba/latest/1040x760/76878.png,NBA CDN,candidate,manual_identity_research,,,,True,0
P004317,Steve Hamer,Steve Hamer,steve-hamer,984.0,https://cdn.nba.com/headshots/nba/latest/1040x760/984.png,NBA CDN,candidate,manual_identity_research,,,,True,0
P004318,Steve Hamilton,Steve Hamilton,steve-hamilton,76929.0,https://cdn.nba.com/headshots/nba/latest/1040x760/76929.png,NBA CDN,candidate,manual_identity_research,,,,True,0
P004319,Steve Harris,Steve Harris,steve-harris,76960.0,https://cdn.nba.com/headshots/nba/latest/1040x760/76960.png,NBA CDN,candidate,manual_identity_research,,,,True,0
P004320,Steve Hawes,Steve Hawes,steve-hawes,76971.0,https://cdn.nba.com/headshots/nba/latest/1040x760/76971.png,NBA CDN,candidate,manual_identity_research,,,,True,0
P004321,Steve Hayes,Steve Hayes,steve-hayes,76980.0,https://cdn.nba.com/headshots/nba/latest/1040x760/76980.png,NBA CDN,candidate,manual_identity_research,,,,True,0
P004322,Steve Henson,Steve Henson,steve-henson,1667.0,https://cdn.nba.com/headshots/nba/latest/1040x760/1667.png,NBA CDN,candidate,manual_identity_research,,,,True,0
P004323,Steve Johnson,Steve Johnson,steve-johnson,77134.0,https://cdn.nba.com/headshots/nba/latest/1040x760/77134.png,NBA CDN,candidate,manual_identity_research,,,,True,0
P004324,Steve Jones,Steve Jones,steve-jones,77197.0,https://cdn.nba.com/headshots/nba/latest/1040x760/77197.png,NBA CDN,candidate,manual_identity_research,,,,True,0
P004325,Steve Kerr,Steve Kerr,steve-kerr,70.0,https://cdn.nba.com/headshots/nba/latest/1040x760/70.png,NBA CDN,candidate,manual_identity_research,,,,True,0
P004326,Steve Kuberski,Steve Kuberski,steve-kuberski,77316.0,https://cdn.nba.com/headshots/nba/latest/1040x760/77316.png,NBA CDN,candidate,manual_identity_research,,,,True,0
P004327,Steve Lingenfelter,Steve Lingenfelter,steve-lingenfelter,77389.0,https://cdn.nba.com/headshots/nba/latest/1040x760/77389.png,NBA CDN,candidate,manual_identity_research,,,,True,0
P004328,Steve Malovic,Steve Malovic,steve-malovic,77450.0,https://cdn.nba.com/headshots/nba/latest/1040x760/77450.png,NBA CDN,candidate,manual_identity_research,,,,True,0
P004329,Steve Mix,Steve Mix,steve-mix,77618.0,https://cdn.nba.com/headshots/nba/latest/1040x760/77618.png,NBA CDN,candidate,manual_identity_research,,,,True,0
P004330,Steve Nash,Steve Nash,steve-nash-p004330,959.0,https://cdn.nba.com/headshots/nba/latest/1040x760/959.png,NBA CDN,candidate,manual_identity_research,,,,True,0
P004331,Steve Nash*,Steve Nash*,steve-nash-p004331,959.0,https://cdn.nba.com/headshots/nba/latest/1040x760/959.png,NBA CDN,candidate,manual_identity_research,,,,True,0
P004332,Steve Novak,Steve Novak,steve-novak,200779.0,https://cdn.nba.com/headshots/nba/latest/1040x760/200779.png,NBA CDN,candidate,manual_identity_research,,,,True,0
P004333,Steve Patterson,Steve Patterson,steve-patterson,77812.0,https://cdn.nba.com/headshots/nba/latest/1040x760/77812.png,NBA CDN,candidate,manual_identity_research,,,,True,0
P004334,Steve Scheffler,Steve Scheffler,steve-scheffler,88.0,https://cdn.nba.com/headshots/nba/latest/1040x760/88.png,NBA CDN,candidate,manual_identity_research,,,,True,0
P004335,Steve Sheppard,Steve Sheppard,steve-sheppard,78135.0,https://cdn.nba.com/headshots/nba/latest/1040x760/78135.png,NBA CDN,candidate,manual_identity_research,,,,True,0
P004336,Steve Smith,Steve Smith,steve-smith,,,,manual_identity_review,manual_identity_research,,,,True,0
P004337,Steve Stipanovich,Steve Stipanovich,steve-stipanovich,78257.0,https://cdn.nba.com/headshots/nba/latest/1040x760/78257.png,NBA CDN,candidate,manual_identity_research,,,,True,0
P004338,Steven Adams,Steven Adams,steven-adams,203500.0,https://cdn.nba.com/headshots/nba/latest/1040x760/203500.png,NBA CDN,candidate,manual_identity_research,,,,True,0
P004339,Steven Hill,Steven Hill,steven-hill,201631.0,https://cdn.nba.com/headshots/nba/latest/1040x760/201631.png,NBA CDN,candidate,manual_identity_research,,,,True,0
P004340,Steven Hunter,Steven Hunter,steven-hunter,2212.0,https://cdn.nba.com/headshots/nba/latest/1040x760/2212.png,NBA CDN,candidate,manual_identity_research,,,,True,0
P004341,Steven Smith,Steven Smith,steven-smith,200848.0,https://cdn.nba.com/headshots/nba/latest/1040x760/200848.png,NBA CDN,verified,none,200.0,image/avif,verified,True,0
P004342,Stevin Smith,Stevin Smith,stevin-smith,1478.0,https://cdn.nba.com/headshots/nba/latest/1040x760/1478.png,NBA CDN,candidate,manual_identity_research,,,,True,0
P004343,Stewart Granger,Stewart Granger,stewart-granger,76847.0,https://cdn.nba.com/headshots/nba/latest/1040x760/76847.png,NBA CDN,candidate,manual_identity_research,,,,True,0
P004344,Stojko Vranković,Stojko Vranković,stojko-vrankovi,1037.0,https://cdn.nba.com/headshots/nba/latest/1040x760/1037.png,NBA CDN,candidate,manual_identity_research,,,,True,0
P004345,Stromile Swift,Stromile Swift,stromile-swift,2031.0,https://cdn.nba.com/headshots/nba/latest/1040x760/2031.png,NBA CDN,candidate,manual_identity_research,,,,True,0
P004346,Stu Lantz,Stu Lantz,stu-lantz,77338.0,https://cdn.nba.com/headshots/nba/latest/1040x760/77338.png,NBA CDN,candidate,manual_identity_research,,,,True,0
P004347,Stuart Gray,Stuart Gray,stuart-gray,76861.0,https://cdn.nba.com/headshots/nba/latest/1040x760/76861.png,NBA CDN,candidate,manual_identity_research,,,,True,0
P004348,Stéphane Lasme,Stéphane Lasme,st-phane-lasme,201186.0,https://cdn.nba.com/headshots/nba/latest/1040x760/201186.png,NBA CDN,candidate,manual_identity_research,,,,True,0
P004349,Sun Yue,Sun Yue,sun-yue,,,,manual_identity_review,manual_identity_research,,,,True,0
P004350,Sundiata Gaines,Sundiata Gaines,sundiata-gaines,202178.0,https://cdn.nba.com/headshots/nba/latest/1040x760/202178.png,NBA CDN,candidate,manual_identity_research,,,,True,0
P004351,Svi Mykhailiuk,Svi Mykhailiuk,svi-mykhailiuk,1629004.0,https://cdn.nba.com/headshots/nba/latest/1040x760/1629004.png,NBA CDN,candidate,manual_identity_research,,,,True,0
P004352,Swede Halbrook,Swede Halbrook,swede-halbrook,,,,manual_identity_review,manual_identity_research,,,,True,0
P004353,Swen Nater,Swen Nater,swen-nater,77689.0,https://cdn.nba.com/headshots/nba/latest/1040x760/77689.png,NBA CDN,candidate,manual_identity_research,,,,True,0
P004354,Sylvester Gray,Sylvester Gray,sylvester-gray,76862.0,https://cdn.nba.com/headshots/nba/latest/1040x760/76862.png,NBA CDN,candidate,manual_identity_research,,,,True,0
P004355,Sylvester Norris,Sylvester Norris,sylvester-norris,77732.0,https://cdn.nba.com/headshots/nba/latest/1040x760/77732.png,NBA CDN,candidate,manual_identity_research,,,,True,0
P004356,T.J. Ford,T.J. Ford,t-j-ford,2551.0,https://cdn.nba.com/headshots/nba/latest/1040x760/2551.png,NBA CDN,candidate,manual_identity_research,,,,True,0
P004357,T.J. Leaf,T.J. Leaf,t-j-leaf,1628388.0,https://cdn.nba.com/headshots/nba/latest/1040x760/1628388.png,NBA CDN,candidate,manual_identity_research,,,,True,0
P004358,T.J. McConnell,T.J. McConnell,t-j-mcconnell,204456.0,https://cdn.nba.com/headshots/nba/latest/1040x760/204456.png,NBA CDN,candidate,manual_identity_research,,,,True,0
P004359,T.J. Warren,T.J. Warren,t-j-warren,203933.0,https://cdn.nba.com/headshots/nba/latest/1040x760/203933.png,NBA CDN,candidate,manual_identity_research,,,,True,0
P004360,T.R. Dunn,T.R. Dunn,t-r-dunn,76618.0,https://cdn.nba.com/headshots/nba/latest/1040x760/76618.png,NBA CDN,candidate,manual_identity_research,,,,True,0
P004361,Tacko Fall,Tacko Fall,tacko-fall,1629605.0,https://cdn.nba.com/headshots/nba/latest/1040x760/1629605.png,NBA CDN,candidate,manual_identity_research,,,,True,0
P004362,Taelon Peter,Taelon Peter,taelon-peter,1643007.0,https://cdn.nba.com/headshots/nba/latest/1040x760/1643007.png,NBA CDN,candidate,manual_identity_research,,,,True,0
P004363,Tahjere McCall,Tahjere McCall,tahjere-mccall,1628769.0,https://cdn.nba.com/headshots/nba/latest/1040x760/1628769.png,NBA CDN,candidate,manual_identity_research,,,,True,0
P004364,Taj Gibson,Taj Gibson,taj-gibson,201959.0,https://cdn.nba.com/headshots/nba/latest/1040x760/201959.png,NBA CDN,candidate,manual_identity_research,,,,True,0
P004365,Tal Skinner,Tal Skinner,tal-skinner,,,,manual_identity_review,manual_identity_research,,,,True,0
P004366,Talen Horton-Tucker,Talen Horton-Tucker,talen-horton-tucker,1629659.0,https://cdn.nba.com/headshots/nba/latest/1040x760/1629659.png,NBA CDN,candidate,manual_identity_research,,,,True,0
P004367,Tamar Slay,Tamar Slay,tamar-slay,2447.0,https://cdn.nba.com/headshots/nba/latest/1040x760/2447.png,NBA CDN,candidate,manual_identity_research,,,,True,0
P004368,Tang Hamilton,Tang Hamilton,tang-hamilton,2347.0,https://cdn.nba.com/headshots/nba/latest/1040x760/2347.png,NBA CDN,candidate,manual_identity_research,,,,True,0
P004369,Tarence Kinsey,Tarence Kinsey,tarence-kinsey,200814.0,https://cdn.nba.com/headshots/nba/latest/1040x760/200814.png,NBA CDN,candidate,manual_identity_research,,,,True,0
P004370,Tari Eason,Tari Eason,tari-eason,1631106.0,https://cdn.nba.com/headshots/nba/latest/1040x760/1631106.png,NBA CDN,candidate,manual_identity_research,,,,True,0
P004371,Tarik Black,Tarik Black,tarik-black,204028.0,https://cdn.nba.com/headshots/nba/latest/1040x760/204028.png,NBA CDN,candidate,manual_identity_research,,,,True,0
P004372,Tariq Abdul-Wahad,Tariq Abdul-Wahad,tariq-abdul-wahad,1505.0,https://cdn.nba.com/headshots/nba/latest/1040x760/1505.png,NBA CDN,candidate,manual_identity_research,,,,True,0
P004373,Tariq Owens,Tariq Owens,tariq-owens,1629745.0,https://cdn.nba.com/headshots/nba/latest/1040x760/1629745.png,NBA CDN,candidate,manual_identity_research,,,,True,0
P004374,Tate Armstrong,Tate Armstrong,tate-armstrong,76059.0,https://cdn.nba.com/headshots/nba/latest/1040x760/76059.png,NBA CDN,candidate,manual_identity_research,,,,True,0
P004375,Tate George,Tate George,tate-george,76801.0,https://cdn.nba.com/headshots/nba/latest/1040x760/76801.png,NBA CDN,candidate,manual_identity_research,,,,True,0
P004376,Taurean Green,Taurean Green,taurean-green,201192.0,https://cdn.nba.com/headshots/nba/latest/1040x760/201192.png,NBA CDN,candidate,manual_identity_research,,,,True,0
P004377,Taurean Prince,Taurean Prince,taurean-prince,1627752.0,https://cdn.nba.com/headshots/nba/latest/1040x760/1627752.png,NBA CDN,candidate,manual_identity_research,,,,True,0
P004378,Taylor Griffin,Taylor Griffin,taylor-griffin,201981.0,https://cdn.nba.com/headshots/nba/latest/1040x760/201981.png,NBA CDN,candidate,manual_identity_research,,,,True,0
P004379,Taylor Hendricks,Taylor Hendricks,taylor-hendricks,1641707.0,https://cdn.nba.com/headshots/nba/latest/1040x760/1641707.png,NBA CDN,candidate,manual_identity_research,,,,True,0
P004380,Tayshaun Prince,Tayshaun Prince,tayshaun-prince,2419.0,https://cdn.nba.com/headshots/nba/latest/1040x760/2419.png,NBA CDN,candidate,manual_identity_research,,,,True,0
P004381,Taze Moore,Taze Moore,taze-moore,1631386.0,https://cdn.nba.com/headshots/nba/latest/1040x760/1631386.png,NBA CDN,candidate,manual_identity_research,,,,True,0
P004382,Ted Luckenbill,Ted Luckenbill,ted-luckenbill,77421.0,https://cdn.nba.com/headshots/nba/latest/1040x760/77421.png,NBA CDN,candidate,manual_identity_research,,,,True,0
P004383,Ted Manakas,Ted Manakas,ted-manakas,77451.0,https://cdn.nba.com/headshots/nba/latest/1040x760/77451.png,NBA CDN,candidate,manual_identity_research,,,,True,0
P004384,Ted McClain,Ted McClain,ted-mcclain,,,,manual_identity_review,manual_identity_research,,,,True,0
P004385,Tellis Frank,Tellis Frank,tellis-frank,76748.0,https://cdn.nba.com/headshots/nba/latest/1040x760/76748.png,NBA CDN,candidate,manual_identity_research,,,,True,0
P004386,Terance Mann,Terance Mann,terance-mann,1629611.0,https://cdn.nba.com/headshots/nba/latest/1040x760/1629611.png,NBA CDN,candidate,manual_identity_research,,,,True,0
P004387,Terence Davis,Terence Davis,terence-davis,1629056.0,https://cdn.nba.com/headshots/nba/latest/1040x760/1629056.png,NBA CDN,candidate,manual_identity_research,,,,True,0
P004388,Terence Morris,Terence Morris,terence-morris,2242.0,https://cdn.nba.com/headshots/nba/latest/1040x760/2242.png,NBA CDN,candidate,manual_identity_research,,,,True,0
P004389,Terence Stansbury,Terence Stansbury,terence-stansbury,78241.0,https://cdn.nba.com/headshots/nba/latest/1040x760/78241.png,NBA CDN,candidate,manual_identity_research,,,,True,0
P004390,Terquavion Smith,Terquavion Smith,terquavion-smith,1631173.0,https://cdn.nba.com/headshots/nba/latest/1040x760/1631173.png,NBA CDN,candidate,manual_identity_research,,,,True,0
P004391,Terrance Ferguson,Terrance Ferguson,terrance-ferguson,1628390.0,https://cdn.nba.com/headshots/nba/latest/1040x760/1628390.png,NBA CDN,candidate,manual_identity_research,,,,True,0
P004392,Terrance Roberson,Terrance Roberson,terrance-roberson,2121.0,https://cdn.nba.com/headshots/nba/latest/1040x760/2121.png,NBA CDN,candidate,manual_identity_research,,,,True,0
P004393,Terrel Harris,Terrel Harris,terrel-harris,202227.0,https://cdn.nba.com/headshots/nba/latest/1040x760/202227.png,NBA CDN,candidate,manual_identity_research,,,,True,0
P004394,Terrell Brandon,Terrell Brandon,terrell-brandon,210.0,https://cdn.nba.com/headshots/nba/latest/1040x760/210.png,NBA CDN,candidate,manual_identity_research,,,,True,0
P004395,Terrence Jones,Terrence Jones,terrence-jones,203093.0,https://cdn.nba.com/headshots/nba/latest/1040x760/203093.png,NBA CDN,candidate,manual_identity_research,,,,True,0
P004396,Terrence Rencher,Terrence Rencher,terrence-rencher,720.0,https://cdn.nba.com/headshots/nba/latest/1040x760/720.png,NBA CDN,candidate,manual_identity_research,,,,True,0
P004397,Terrence Ross,Terrence Ross,terrence-ross,203082.0,https://cdn.nba.com/headshots/nba/latest/1040x760/203082.png,NBA CDN,candidate,manual_identity_research,,,,True,0
P004398,Terrence Shannon Jr.,Terrence Shannon Jr.,terrence-shannon-jr,1630545.0,https://cdn.nba.com/headshots/nba/latest/1040x760/1630545.png,NBA CDN,candidate,manual_identity_research,,,,True,0
P004399,Terrence Williams,Terrence Williams,terrence-williams,201944.0,https://cdn.nba.com/headshots/nba/latest/1040x760/201944.png,NBA CDN,candidate,manual_identity_research,,,,True,0
P004400,Terry Catledge,Terry Catledge,terry-catledge,767.0,https://cdn.nba.com/headshots/nba/latest/1040x760/767.png,NBA CDN,candidate,manual_identity_research,,,,True,0
P004401,Terry Crosby,Terry Crosby,terry-crosby,76475.0,https://cdn.nba.com/headshots/nba/latest/1040x760/76475.png,NBA CDN,candidate,manual_identity_research,,,,True,0
P004402,Terry Cummings,Terry Cummings,terry-cummings,187.0,https://cdn.nba.com/headshots/nba/latest/1040x760/187.png,NBA CDN,candidate,manual_identity_research,,,,True,0
P004403,Terry Davis,Terry Davis,terry-davis,426.0,https://cdn.nba.com/headshots/nba/latest/1040x760/426.png,NBA CDN,candidate,manual_identity_research,,,,True,0
P004404,Terry Dehere,Terry Dehere,terry-dehere,143.0,https://cdn.nba.com/headshots/nba/latest/1040x760/143.png,NBA CDN,candidate,manual_identity_research,,,,True,0
P004405,Terry Dischinger,Terry Dischinger,terry-dischinger,76577.0,https://cdn.nba.com/headshots/nba/latest/1040x760/76577.png,NBA CDN,candidate,manual_identity_research,,,,True,0
P004406,Terry Dozier,Terry Dozier,terry-dozier,76596.0,https://cdn.nba.com/headshots/nba/latest/1040x760/76596.png,NBA CDN,candidate,manual_identity_research,,,,True,0
P004407,Terry Driscoll,Terry Driscoll,terry-driscoll,76603.0,https://cdn.nba.com/headshots/nba/latest/1040x760/76603.png,NBA CDN,candidate,manual_identity_research,,,,True,0
P004408,Terry Duerod,Terry Duerod,terry-duerod,76608.0,https://cdn.nba.com/headshots/nba/latest/1040x760/76608.png,NBA CDN,candidate,manual_identity_research,,,,True,0
P004409,Terry Furlow,Terry Furlow,terry-furlow,76767.0,https://cdn.nba.com/headshots/nba/latest/1040x760/76767.png,NBA CDN,candidate,manual_identity_research,,,,True,0
P004410,Terry Mills,Terry Mills,terry-mills,371.0,https://cdn.nba.com/headshots/nba/latest/1040x760/371.png,NBA CDN,candidate,manual_identity_research,,,,True,0
P004411,Terry Porter,Terry Porter,terry-porter,345.0,https://cdn.nba.com/headshots/nba/latest/1040x760/345.png,NBA CDN,candidate,manual_identity_research,,,,True,0
P004412,Terry Rozier,Terry Rozier,terry-rozier,1626179.0,https://cdn.nba.com/headshots/nba/latest/1040x760/1626179.png,NBA CDN,candidate,manual_identity_research,,,,True,0
P004413,Terry Taylor,Terry Taylor,terry-taylor,1630678.0,https://cdn.nba.com/headshots/nba/latest/1040x760/1630678.png,NBA CDN,candidate,manual_identity_research,,,,True,0
P004414,Terry Teagle,Terry Teagle,terry-teagle,78304.0,https://cdn.nba.com/headshots/nba/latest/1040x760/78304.png,NBA CDN,candidate,manual_identity_research,,,,True,0
P004415,Terry Thomas,Terry Thomas,terry-thomas,78322.0,https://cdn.nba.com/headshots/nba/latest/1040x760/78322.png,NBA CDN,candidate,manual_identity_research,,,,True,0
P004416,Terry Tyler,Terry Tyler,terry-tyler,78390.0,https://cdn.nba.com/headshots/nba/latest/1040x760/78390.png,NBA CDN,candidate,manual_identity_research,,,,True,0
P004417,Thabo Sefolosha,Thabo Sefolosha,thabo-sefolosha,200757.0,https://cdn.nba.com/headshots/nba/latest/1040x760/200757.png,NBA CDN,candidate,manual_identity_research,,,,True,0
P004418,Thaddeus Young,Thaddeus Young,thaddeus-young,201152.0,https://cdn.nba.com/headshots/nba/latest/1040x760/201152.png,NBA CDN,candidate,manual_identity_research,,,,True,0
P004419,Thales McReynolds,Thales McReynolds,thales-mcreynolds,77566.0,https://cdn.nba.com/headshots/nba/latest/1040x760/77566.png,NBA CDN,candidate,manual_identity_research,,,,True,0
P004420,Thanasis Antetokounmpo,Thanasis Antetokounmpo,thanasis-antetokounmpo,203648.0,https://cdn.nba.com/headshots/nba/latest/1040x760/203648.png,NBA CDN,candidate,manual_identity_research,,,,True,0
P004421,Tharon Mayes,Tharon Mayes,tharon-mayes,77493.0,https://cdn.nba.com/headshots/nba/latest/1040x760/77493.png,NBA CDN,candidate,manual_identity_research,,,,True,0
P004422,Theo Pinson,Theo Pinson,theo-pinson,1629033.0,https://cdn.nba.com/headshots/nba/latest/1040x760/1629033.png,NBA CDN,candidate,manual_identity_research,,,,True,0
P004423,Theo Ratliff,Theo Ratliff,theo-ratliff,689.0,https://cdn.nba.com/headshots/nba/latest/1040x760/689.png,NBA CDN,candidate,manual_identity_research,,,,True,0
P004424,Theron Smith,Theron Smith,theron-smith,2604.0,https://cdn.nba.com/headshots/nba/latest/1040x760/2604.png,NBA CDN,candidate,manual_identity_research,,,,True,0
P004425,Thomas Bryant,Thomas Bryant,thomas-bryant,1628418.0,https://cdn.nba.com/headshots/nba/latest/1040x760/1628418.png,NBA CDN,candidate,manual_identity_research,,,,True,0
P004426,Thomas Gardner,Thomas Gardner,thomas-gardner,201242.0,https://cdn.nba.com/headshots/nba/latest/1040x760/201242.png,NBA CDN,candidate,manual_identity_research,,,,True,0
P004427,Thomas Hamilton,Thomas Hamilton,thomas-hamilton,676.0,https://cdn.nba.com/headshots/nba/latest/1040x760/676.png,NBA CDN,candidate,manual_identity_research,,,,True,0
P004428,Thomas Jordan,Thomas Jordan,thomas-jordan,77208.0,https://cdn.nba.com/headshots/nba/latest/1040x760/77208.png,NBA CDN,candidate,manual_identity_research,,,,True,0
P004429,Thomas Robinson,Thomas Robinson,thomas-robinson,203080.0,https://cdn.nba.com/headshots/nba/latest/1040x760/203080.png,NBA CDN,candidate,manual_identity_research,,,,True,0
P004430,Thomas Welsh,Thomas Welsh,thomas-welsh,1629118.0,https://cdn.nba.com/headshots/nba/latest/1040x760/1629118.png,NBA CDN,candidate,manual_identity_research,,,,True,0
P004431,Thon Maker,Thon Maker,thon-maker,1627748.0,https://cdn.nba.com/headshots/nba/latest/1040x760/1627748.png,NBA CDN,candidate,manual_identity_research,,,,True,0
P004432,Thurl Bailey,Thurl Bailey,thurl-bailey,1847.0,https://cdn.nba.com/headshots/nba/latest/1040x760/1847.png,NBA CDN,candidate,manual_identity_research,,,,True,0
P004433,Théo Maledon,Théo Maledon,th-o-maledon,1630177.0,https://cdn.nba.com/headshots/nba/latest/1040x760/1630177.png,NBA CDN,candidate,manual_identity_research,,,,True,0
P004434,Tiago Splitter,Tiago Splitter,tiago-splitter,201168.0,https://cdn.nba.com/headshots/nba/latest/1040x760/201168.png,NBA CDN,candidate,manual_identity_research,,,,True,0
P004435,Tibor Pleiß,Tibor Pleiß,tibor-plei,,,,manual_identity_review,manual_identity_research,,,,True,0
P004436,Ticky Burden,Ticky Burden,ticky-burden,,,,manual_identity_review,manual_identity_research,,,,True,0
P004437,Tidjane Salaün,Tidjane Salaün,tidjane-sala-n,1642275.0,https://cdn.nba.com/headshots/nba/latest/1040x760/1642275.png,NBA CDN,candidate,manual_identity_research,,,,True,0
P004438,Tierre Brown,Tierre Brown,tierre-brown,2357.0,https://cdn.nba.com/headshots/nba/latest/1040x760/2357.png,NBA CDN,candidate,manual_identity_research,,,,True,0
P004439,Tim Bassett,Tim Bassett,tim-bassett,76120.0,https://cdn.nba.com/headshots/nba/latest/1040x760/76120.png,NBA CDN,candidate,manual_identity_research,,,,True,0
P004440,Tim Breaux,Tim Breaux,tim-breaux,160.0,https://cdn.nba.com/headshots/nba/latest/1040x760/160.png,NBA CDN,candidate,manual_identity_research,,,,True,0
P004441,Tim Duncan,Tim Duncan,tim-duncan-p004441,1495.0,https://cdn.nba.com/headshots/nba/latest/1040x760/1495.png,NBA CDN,candidate,manual_identity_research,,,,True,0
P004442,Tim Duncan*,Tim Duncan*,tim-duncan-p004442,1495.0,https://cdn.nba.com/headshots/nba/latest/1040x760/1495.png,NBA CDN,candidate,manual_identity_research,,,,True,0
P004443,Tim Frazier,Tim Frazier,tim-frazier,204025.0,https://cdn.nba.com/headshots/nba/latest/1040x760/204025.png,NBA CDN,candidate,manual_identity_research,,,,True,0
P004444,Tim Hardaway,Tim Hardaway,tim-hardaway-p004444,896.0,https://cdn.nba.com/headshots/nba/latest/1040x760/896.png,NBA CDN,candidate,manual_identity_research,,,,True,0
P004445,Tim Hardaway Jr.,Tim Hardaway Jr.,tim-hardaway-jr,203501.0,https://cdn.nba.com/headshots/nba/latest/1040x760/203501.png,NBA CDN,candidate,manual_identity_research,,,,True,0
P004446,Tim Hardaway*,Tim Hardaway*,tim-hardaway-p004446,896.0,https://cdn.nba.com/headshots/nba/latest/1040x760/896.png,NBA CDN,candidate,manual_identity_research,,,,True,0
P004447,Tim James,Tim James,tim-james,1906.0,https://cdn.nba.com/headshots/nba/latest/1040x760/1906.png,NBA CDN,candidate,manual_identity_research,,,,True,0
P004448,Tim Kempton,Tim Kempton,tim-kempton,1118.0,https://cdn.nba.com/headshots/nba/latest/1040x760/1118.png,NBA CDN,candidate,manual_identity_research,,,,True,0
P004449,Tim Legler,Tim Legler,tim-legler,100.0,https://cdn.nba.com/headshots/nba/latest/1040x760/100.png,NBA CDN,candidate,manual_identity_research,,,,True,0
P004450,Tim McCormick,Tim McCormick,tim-mccormick,77516.0,https://cdn.nba.com/headshots/nba/latest/1040x760/77516.png,NBA CDN,candidate,manual_identity_research,,,,True,0
P004451,Tim Ohlbrecht,Tim Ohlbrecht,tim-ohlbrecht,203317.0,https://cdn.nba.com/headshots/nba/latest/1040x760/203317.png,NBA CDN,candidate,manual_identity_research,,,,True,0
P004452,Tim Perry,Tim Perry,tim-perry,897.0,https://cdn.nba.com/headshots/nba/latest/1040x760/897.png,NBA CDN,candidate,manual_identity_research,,,,True,0
P004453,Tim Quarterman,Tim Quarterman,tim-quarterman,1627817.0,https://cdn.nba.com/headshots/nba/latest/1040x760/1627817.png,NBA CDN,candidate,manual_identity_research,,,,True,0
P004454,Tim Thomas,Tim Thomas,tim-thomas,1501.0,https://cdn.nba.com/headshots/nba/latest/1040x760/1501.png,NBA CDN,candidate,manual_identity_research,,,,True,0
P004455,Tim Young,Tim Young,tim-young,1937.0,https://cdn.nba.com/headshots/nba/latest/1040x760/1937.png,NBA CDN,candidate,manual_identity_research,,,,True,0
P004456,Timmy Allen,Timmy Allen,timmy-allen,1641851.0,https://cdn.nba.com/headshots/nba/latest/1040x760/1641851.png,NBA CDN,candidate,manual_identity_research,,,,True,0
P004457,Timofey Mozgov,Timofey Mozgov,timofey-mozgov,202389.0,https://cdn.nba.com/headshots/nba/latest/1040x760/202389.png,NBA CDN,candidate,manual_identity_research,,,,True,0
P004458,Timothé Luwawu-Cabarrot,Timothé Luwawu-Cabarrot,timoth-luwawu-cabarrot,1627789.0,https://cdn.nba.com/headshots/nba/latest/1040x760/1627789.png,NBA CDN,candidate,manual_identity_research,,,,True,0
P004459,Tiny Archibald,Tiny Archibald,tiny-archibald-p004459,,,,manual_identity_review,manual_identity_research,,,,True,0
P004460,Tiny Archibald*,Tiny Archibald*,tiny-archibald-p004460,,,,manual_identity_review,manual_identity_research,,,,True,0
P004461,Tito Horford,Tito Horford,tito-horford,77057.0,https://cdn.nba.com/headshots/nba/latest/1040x760/77057.png,NBA CDN,candidate,manual_identity_research,,,,True,0
P004462,Tito Maddox,Tito Maddox,tito-maddox,2432.0,https://cdn.nba.com/headshots/nba/latest/1040x760/2432.png,NBA CDN,candidate,manual_identity_research,,,,True,0
P004463,Tobias Harris,Tobias Harris,tobias-harris,202699.0,https://cdn.nba.com/headshots/nba/latest/1040x760/202699.png,NBA CDN,candidate,manual_identity_research,,,,True,0
P004464,Toby Bailey,Toby Bailey,toby-bailey,1753.0,https://cdn.nba.com/headshots/nba/latest/1040x760/1753.png,NBA CDN,candidate,manual_identity_research,,,,True,0
P004465,Toby Kimball,Toby Kimball,toby-kimball,77259.0,https://cdn.nba.com/headshots/nba/latest/1040x760/77259.png,NBA CDN,candidate,manual_identity_research,,,,True,0
P004466,Toby Knight,Toby Knight,toby-knight,77289.0,https://cdn.nba.com/headshots/nba/latest/1040x760/77289.png,NBA CDN,candidate,manual_identity_research,,,,True,0
P004467,Toby Okani,Toby Okani,toby-okani,1643253.0,https://cdn.nba.com/headshots/nba/latest/1040x760/1643253.png,NBA CDN,candidate,manual_identity_research,,,,True,0
P004468,Tod Murphy,Tod Murphy,tod-murphy,77674.0,https://cdn.nba.com/headshots/nba/latest/1040x760/77674.png,NBA CDN,candidate,manual_identity_research,,,,True,0
P004469,Todd Day,Todd Day,todd-day,103.0,https://cdn.nba.com/headshots/nba/latest/1040x760/103.png,NBA CDN,candidate,manual_identity_research,,,,True,0
P004470,Todd Fuller,Todd Fuller,todd-fuller,957.0,https://cdn.nba.com/headshots/nba/latest/1040x760/957.png,NBA CDN,candidate,manual_identity_research,,,,True,0
P004471,Todd Lichti,Todd Lichti,todd-lichti,77387.0,https://cdn.nba.com/headshots/nba/latest/1040x760/77387.png,NBA CDN,candidate,manual_identity_research,,,,True,0
P004472,Todd MacCulloch,Todd MacCulloch,todd-macculloch,1928.0,https://cdn.nba.com/headshots/nba/latest/1040x760/1928.png,NBA CDN,candidate,manual_identity_research,,,,True,0
P004473,Todd Mitchell,Todd Mitchell,todd-mitchell,77614.0,https://cdn.nba.com/headshots/nba/latest/1040x760/77614.png,NBA CDN,candidate,manual_identity_research,,,,True,0
P004474,Todd Mundt,Todd Mundt,todd-mundt,942.0,https://cdn.nba.com/headshots/nba/latest/1040x760/942.png,NBA CDN,candidate,manual_identity_research,,,,True,0
P004475,Togo Palazzi,Togo Palazzi,togo-palazzi,77791.0,https://cdn.nba.com/headshots/nba/latest/1040x760/77791.png,NBA CDN,candidate,manual_identity_research,,,,True,0
P004476,Tolu Smith,Tolu Smith,tolu-smith,1642449.0,https://cdn.nba.com/headshots/nba/latest/1040x760/1642449.png,NBA CDN,candidate,manual_identity_research,,,,True,0
P004477,Tom Abernethy,Tom Abernethy,tom-abernethy,76005.0,https://cdn.nba.com/headshots/nba/latest/1040x760/76005.png,NBA CDN,candidate,manual_identity_research,,,,True,0
P004478,Tom Barker,Tom Barker,tom-barker,76099.0,https://cdn.nba.com/headshots/nba/latest/1040x760/76099.png,NBA CDN,candidate,manual_identity_research,,,,True,0
P004479,Tom Black,Tom Black,tom-black,76175.0,https://cdn.nba.com/headshots/nba/latest/1040x760/76175.png,NBA CDN,candidate,manual_identity_research,,,,True,0
P004480,Tom Boerwinkle,Tom Boerwinkle,tom-boerwinkle,76192.0,https://cdn.nba.com/headshots/nba/latest/1040x760/76192.png,NBA CDN,candidate,manual_identity_research,,,,True,0
P004481,Tom Boswell,Tom Boswell,tom-boswell,76213.0,https://cdn.nba.com/headshots/nba/latest/1040x760/76213.png,NBA CDN,candidate,manual_identity_research,,,,True,0
P004482,Tom Brennan,Tom Brennan,tom-brennan,76246.0,https://cdn.nba.com/headshots/nba/latest/1040x760/76246.png,NBA CDN,candidate,manual_identity_research,,,,True,0
P004483,Tom Burleson,Tom Burleson,tom-burleson,76305.0,https://cdn.nba.com/headshots/nba/latest/1040x760/76305.png,NBA CDN,candidate,manual_identity_research,,,,True,0
P004484,Tom Chambers,Tom Chambers,tom-chambers,1472.0,https://cdn.nba.com/headshots/nba/latest/1040x760/1472.png,NBA CDN,candidate,manual_identity_research,,,,True,0
P004485,Tom Copa,Tom Copa,tom-copa,76446.0,https://cdn.nba.com/headshots/nba/latest/1040x760/76446.png,NBA CDN,candidate,manual_identity_research,,,,True,0
P004486,Tom Garrick,Tom Garrick,tom-garrick,76790.0,https://cdn.nba.com/headshots/nba/latest/1040x760/76790.png,NBA CDN,candidate,manual_identity_research,,,,True,0
P004487,Tom Gola,Tom Gola,tom-gola-p004487,76828.0,https://cdn.nba.com/headshots/nba/latest/1040x760/76828.png,NBA CDN,candidate,manual_identity_research,,,,True,0
P004488,Tom Gola*,Tom Gola*,tom-gola-p004488,76828.0,https://cdn.nba.com/headshots/nba/latest/1040x760/76828.png,NBA CDN,candidate,manual_identity_research,,,,True,0
P004489,Tom Gugliotta,Tom Gugliotta,tom-gugliotta,339.0,https://cdn.nba.com/headshots/nba/latest/1040x760/339.png,NBA CDN,candidate,manual_identity_research,,,,True,0
P004490,Tom Hammonds,Tom Hammonds,tom-hammonds,67.0,https://cdn.nba.com/headshots/nba/latest/1040x760/67.png,NBA CDN,candidate,manual_identity_research,,,,True,0
P004491,Tom Hawkins,Tom Hawkins,tom-hawkins,76977.0,https://cdn.nba.com/headshots/nba/latest/1040x760/76977.png,NBA CDN,candidate,manual_identity_research,,,,True,0
P004492,Tom Heinsohn,Tom Heinsohn,tom-heinsohn-p004492,76988.0,https://cdn.nba.com/headshots/nba/latest/1040x760/76988.png,NBA CDN,candidate,manual_identity_research,,,,True,0
P004493,Tom Heinsohn*,Tom Heinsohn*,tom-heinsohn-p004493,76988.0,https://cdn.nba.com/headshots/nba/latest/1040x760/76988.png,NBA CDN,candidate,manual_identity_research,,,,True,0
P004494,Tom Henderson,Tom Henderson,tom-henderson,76996.0,https://cdn.nba.com/headshots/nba/latest/1040x760/76996.png,NBA CDN,candidate,manual_identity_research,,,,True,0
P004495,Tom Hoover,Tom Hoover,tom-hoover,77051.0,https://cdn.nba.com/headshots/nba/latest/1040x760/77051.png,NBA CDN,candidate,manual_identity_research,,,,True,0
P004496,Tom Hovasse,Tom Hovasse,tom-hovasse,77064.0,https://cdn.nba.com/headshots/nba/latest/1040x760/77064.png,NBA CDN,candidate,manual_identity_research,,,,True,0
P004497,Tom Ingelsby,Tom Ingelsby,tom-ingelsby,77094.0,https://cdn.nba.com/headshots/nba/latest/1040x760/77094.png,NBA CDN,candidate,manual_identity_research,,,,True,0
P004498,Tom Kozelko,Tom Kozelko,tom-kozelko,77305.0,https://cdn.nba.com/headshots/nba/latest/1040x760/77305.png,NBA CDN,candidate,manual_identity_research,,,,True,0
P004499,Tom Kropp,Tom Kropp,tom-kropp,77314.0,https://cdn.nba.com/headshots/nba/latest/1040x760/77314.png,NBA CDN,candidate,manual_identity_research,,,,True,0
P004500,Tom LaGarde,Tom LaGarde,tom-lagarde,77328.0,https://cdn.nba.com/headshots/nba/latest/1040x760/77328.png,NBA CDN,candidate,manual_identity_research,,,,True,0
P004501,Tom Marshall,Tom Marshall,tom-marshall,77467.0,https://cdn.nba.com/headshots/nba/latest/1040x760/77467.png,NBA CDN,candidate,manual_identity_research,,,,True,0
P004502,Tom McMillen,Tom McMillen,tom-mcmillen,77553.0,https://cdn.nba.com/headshots/nba/latest/1040x760/77553.png,NBA CDN,candidate,manual_identity_research,,,,True,0
P004503,Tom Meschery,Tom Meschery,tom-meschery,77584.0,https://cdn.nba.com/headshots/nba/latest/1040x760/77584.png,NBA CDN,candidate,manual_identity_research,,,,True,0
P004504,Tom Owens,Tom Owens,tom-owens,77786.0,https://cdn.nba.com/headshots/nba/latest/1040x760/77786.png,NBA CDN,candidate,manual_identity_research,,,,True,0
P004505,Tom Patterson,Tom Patterson,tom-patterson,,,,manual_identity_review,manual_identity_research,,,,True,0
P004506,Tom Payne,Tom Payne,tom-payne,77823.0,https://cdn.nba.com/headshots/nba/latest/1040x760/77823.png,NBA CDN,candidate,manual_identity_research,,,,True,0
P004507,Tom Piotrowski,Tom Piotrowski,tom-piotrowski,77863.0,https://cdn.nba.com/headshots/nba/latest/1040x760/77863.png,NBA CDN,candidate,manual_identity_research,,,,True,0
P004508,Tom Riker,Tom Riker,tom-riker,77960.0,https://cdn.nba.com/headshots/nba/latest/1040x760/77960.png,NBA CDN,candidate,manual_identity_research,,,,True,0
P004509,Tom Sanders,Tom Sanders,tom-sanders-p004509,,,,manual_identity_review,manual_identity_research,,,,True,0
P004510,Tom Sanders*,Tom Sanders*,tom-sanders-p004510,,,,manual_identity_review,manual_identity_research,,,,True,0
P004511,Tom Scheffler,Tom Scheffler,tom-scheffler,78080.0,https://cdn.nba.com/headshots/nba/latest/1040x760/78080.png,NBA CDN,candidate,manual_identity_research,,,,True,0
P004512,Tom Sewell,Tom Sewell,tom-sewell,78116.0,https://cdn.nba.com/headshots/nba/latest/1040x760/78116.png,NBA CDN,candidate,manual_identity_research,,,,True,0
P004513,Tom Sluby,Tom Sluby,tom-sluby,78174.0,https://cdn.nba.com/headshots/nba/latest/1040x760/78174.png,NBA CDN,candidate,manual_identity_research,,,,True,0
P004514,Tom Stith,Tom Stith,tom-stith,78260.0,https://cdn.nba.com/headshots/nba/latest/1040x760/78260.png,NBA CDN,candidate,manual_identity_research,,,,True,0
P004515,Tom Thacker,Tom Thacker,tom-thacker,78309.0,https://cdn.nba.com/headshots/nba/latest/1040x760/78309.png,NBA CDN,candidate,manual_identity_research,,,,True,0
P004516,Tom Tolbert,Tom Tolbert,tom-tolbert,78347.0,https://cdn.nba.com/headshots/nba/latest/1040x760/78347.png,NBA CDN,candidate,manual_identity_research,,,,True,0
P004517,Tom Van Arsdale,Tom Van Arsdale,tom-van-arsdale,78399.0,https://cdn.nba.com/headshots/nba/latest/1040x760/78399.png,NBA CDN,candidate,manual_identity_research,,,,True,0
P004518,Tom Workman,Tom Workman,tom-workman,78617.0,https://cdn.nba.com/headshots/nba/latest/1040x760/78617.png,NBA CDN,candidate,manual_identity_research,,,,True,0
P004519,Tommie Green,Tommie Green,tommie-green,,,,manual_identity_review,manual_identity_research,,,,True,0
P004520,Tommy Kearns,Tommy Kearns,tommy-kearns,77231.0,https://cdn.nba.com/headshots/nba/latest/1040x760/77231.png,NBA CDN,candidate,manual_identity_research,,,,True,0
P004521,Tommy Kron,Tommy Kron,tommy-kron,,,,manual_identity_review,manual_identity_research,,,,True,0
P004522,Tomáš Satoranský,Tomáš Satoranský,tom-satoransk,203107.0,https://cdn.nba.com/headshots/nba/latest/1040x760/203107.png,NBA CDN,candidate,manual_identity_research,,,,True,0
P004523,Toney Douglas,Toney Douglas,toney-douglas,201962.0,https://cdn.nba.com/headshots/nba/latest/1040x760/201962.png,NBA CDN,candidate,manual_identity_research,,,,True,0
P004524,Toni Kukoč,Toni Kukoč,toni-kuko-p004524,389.0,https://cdn.nba.com/headshots/nba/latest/1040x760/389.png,NBA CDN,candidate,manual_identity_research,,,,True,0
P004525,Toni Kukoč*,Toni Kukoč*,toni-kuko-p004525,389.0,https://cdn.nba.com/headshots/nba/latest/1040x760/389.png,NBA CDN,candidate,manual_identity_research,,,,True,0
P004526,Tony Allen,Tony Allen,tony-allen,2754.0,https://cdn.nba.com/headshots/nba/latest/1040x760/2754.png,NBA CDN,candidate,manual_identity_research,,,,True,0
P004527,Tony Battie,Tony Battie,tony-battie,1499.0,https://cdn.nba.com/headshots/nba/latest/1040x760/1499.png,NBA CDN,candidate,manual_identity_research,,,,True,0
P004528,Tony Bennett,Tony Bennett,tony-bennett,76148.0,https://cdn.nba.com/headshots/nba/latest/1040x760/76148.png,NBA CDN,candidate,manual_identity_research,,,,True,0
P004529,Tony Bobbitt,Tony Bobbitt,tony-bobbitt,2800.0,https://cdn.nba.com/headshots/nba/latest/1040x760/2800.png,NBA CDN,candidate,manual_identity_research,,,,True,0
P004530,Tony Bradley,Tony Bradley,tony-bradley,1628396.0,https://cdn.nba.com/headshots/nba/latest/1040x760/1628396.png,NBA CDN,candidate,manual_identity_research,,,,True,0
P004531,Tony Brown,Tony Brown,tony-brown,76268.0,https://cdn.nba.com/headshots/nba/latest/1040x760/76268.png,NBA CDN,candidate,manual_identity_research,,,,True,0
P004532,Tony Campbell,Tony Campbell,tony-campbell,76338.0,https://cdn.nba.com/headshots/nba/latest/1040x760/76338.png,NBA CDN,candidate,manual_identity_research,,,,True,0
P004533,Tony Dawson,Tony Dawson,tony-dawson,76542.0,https://cdn.nba.com/headshots/nba/latest/1040x760/76542.png,NBA CDN,candidate,manual_identity_research,,,,True,0
P004534,Tony Delk,Tony Delk,tony-delk,960.0,https://cdn.nba.com/headshots/nba/latest/1040x760/960.png,NBA CDN,candidate,manual_identity_research,,,,True,0
P004535,Tony Dumas,Tony Dumas,tony-dumas,434.0,https://cdn.nba.com/headshots/nba/latest/1040x760/434.png,NBA CDN,candidate,manual_identity_research,,,,True,0
P004536,Tony Farmer,Tony Farmer,tony-farmer,1108.0,https://cdn.nba.com/headshots/nba/latest/1040x760/1108.png,NBA CDN,candidate,manual_identity_research,,,,True,0
P004537,Tony Fuller,Tony Fuller,tony-fuller,76765.0,https://cdn.nba.com/headshots/nba/latest/1040x760/76765.png,NBA CDN,candidate,manual_identity_research,,,,True,0
P004538,Tony Harris,Tony Harris,tony-harris,76961.0,https://cdn.nba.com/headshots/nba/latest/1040x760/76961.png,NBA CDN,candidate,manual_identity_research,,,,True,0
P004539,Tony Jackson,Tony Jackson,tony-jackson,77100.0,https://cdn.nba.com/headshots/nba/latest/1040x760/77100.png,NBA CDN,candidate,manual_identity_research,,,,True,0
P004540,Tony Massenburg,Tony Massenburg,tony-massenburg,763.0,https://cdn.nba.com/headshots/nba/latest/1040x760/763.png,NBA CDN,candidate,manual_identity_research,,,,True,0
P004541,Tony Mitchell,Tony Mitchell,tony-mitchell,,,,manual_identity_review,manual_identity_research,,,,True,0
P004542,Tony Parker,Tony Parker,tony-parker-p004542,2225.0,https://cdn.nba.com/headshots/nba/latest/1040x760/2225.png,NBA CDN,candidate,manual_identity_research,,,,True,0
P004543,Tony Parker*,Tony Parker*,tony-parker-p004543,2225.0,https://cdn.nba.com/headshots/nba/latest/1040x760/2225.png,NBA CDN,candidate,manual_identity_research,,,,True,0
P004544,Tony Price,Tony Price,tony-price,77882.0,https://cdn.nba.com/headshots/nba/latest/1040x760/77882.png,NBA CDN,candidate,manual_identity_research,,,,True,0
P004545,Tony Robertson,Tony Robertson,tony-robertson,77983.0,https://cdn.nba.com/headshots/nba/latest/1040x760/77983.png,NBA CDN,candidate,manual_identity_research,,,,True,0
P004546,Tony Smith,Tony Smith,tony-smith,380.0,https://cdn.nba.com/headshots/nba/latest/1040x760/380.png,NBA CDN,candidate,manual_identity_research,,,,True,0
P004547,Tony Snell,Tony Snell,tony-snell,203503.0,https://cdn.nba.com/headshots/nba/latest/1040x760/203503.png,NBA CDN,candidate,manual_identity_research,,,,True,0
P004548,Tony White,Tony White,tony-white,78514.0,https://cdn.nba.com/headshots/nba/latest/1040x760/78514.png,NBA CDN,candidate,manual_identity_research,,,,True,0
P004549,Tony Windis,Tony Windis,tony-windis,78590.0,https://cdn.nba.com/headshots/nba/latest/1040x760/78590.png,NBA CDN,candidate,manual_identity_research,,,,True,0
P004550,Tony Wroten,Tony Wroten,tony-wroten,203100.0,https://cdn.nba.com/headshots/nba/latest/1040x760/203100.png,NBA CDN,candidate,manual_identity_research,,,,True,0
P004551,Tony Zeno,Tony Zeno,tony-zeno,78643.0,https://cdn.nba.com/headshots/nba/latest/1040x760/78643.png,NBA CDN,candidate,manual_identity_research,,,,True,0
P004552,Torgeir Bryn,Torgeir Bryn,torgeir-bryn,76292.0,https://cdn.nba.com/headshots/nba/latest/1040x760/76292.png,NBA CDN,candidate,manual_identity_research,,,,True,0
P004553,Tornike Shengelia,Tornike Shengelia,tornike-shengelia,203129.0,https://cdn.nba.com/headshots/nba/latest/1040x760/203129.png,NBA CDN,candidate,manual_identity_research,,,,True,0
P004554,Torraye Braggs,Torraye Braggs,torraye-braggs,1765.0,https://cdn.nba.com/headshots/nba/latest/1040x760/1765.png,NBA CDN,candidate,manual_identity_research,,,,True,0
P004555,Torrey Craig,Torrey Craig,torrey-craig,1628470.0,https://cdn.nba.com/headshots/nba/latest/1040x760/1628470.png,NBA CDN,candidate,manual_identity_research,,,,True,0
P004556,Tosan Evbuomwan,Tosan Evbuomwan,tosan-evbuomwan,1641787.0,https://cdn.nba.com/headshots/nba/latest/1040x760/1641787.png,NBA CDN,candidate,manual_identity_research,,,,True,0
P004557,Toumani Camara,Toumani Camara,toumani-camara,1641739.0,https://cdn.nba.com/headshots/nba/latest/1040x760/1641739.png,NBA CDN,candidate,manual_identity_research,,,,True,0
P004558,Toure' Murry,Toure' Murry,toure-murry,203315.0,https://cdn.nba.com/headshots/nba/latest/1040x760/203315.png,NBA CDN,candidate,manual_identity_research,,,,True,0
P004559,Tracy Jackson,Tracy Jackson,tracy-jackson,77110.0,https://cdn.nba.com/headshots/nba/latest/1040x760/77110.png,NBA CDN,candidate,manual_identity_research,,,,True,0
P004560,Tracy McGrady,Tracy McGrady,tracy-mcgrady-p004560,1503.0,https://cdn.nba.com/headshots/nba/latest/1040x760/1503.png,NBA CDN,candidate,manual_identity_research,,,,True,0
P004561,Tracy McGrady*,Tracy McGrady*,tracy-mcgrady-p004561,1503.0,https://cdn.nba.com/headshots/nba/latest/1040x760/1503.png,NBA CDN,candidate,manual_identity_research,,,,True,0
P004562,Tracy Moore,Tracy Moore,tracy-moore,929.0,https://cdn.nba.com/headshots/nba/latest/1040x760/929.png,NBA CDN,candidate,manual_identity_research,,,,True,0
P004563,Tracy Murray,Tracy Murray,tracy-murray,145.0,https://cdn.nba.com/headshots/nba/latest/1040x760/145.png,NBA CDN,candidate,manual_identity_research,,,,True,0
P004564,Trae Young,Trae Young,trae-young,1629027.0,https://cdn.nba.com/headshots/nba/latest/1040x760/1629027.png,NBA CDN,candidate,manual_identity_research,,,,True,0
P004565,Trajan Langdon,Trajan Langdon,trajan-langdon,1892.0,https://cdn.nba.com/headshots/nba/latest/1040x760/1892.png,NBA CDN,candidate,manual_identity_research,,,,True,0
P004566,Travis Best,Travis Best,travis-best,696.0,https://cdn.nba.com/headshots/nba/latest/1040x760/696.png,NBA CDN,candidate,manual_identity_research,,,,True,0
P004567,Travis Diener,Travis Diener,travis-diener,101143.0,https://cdn.nba.com/headshots/nba/latest/1040x760/101143.png,NBA CDN,candidate,manual_identity_research,,,,True,0
P004568,Travis Grant,Travis Grant,travis-grant,76853.0,https://cdn.nba.com/headshots/nba/latest/1040x760/76853.png,NBA CDN,candidate,manual_identity_research,,,,True,0
P004569,Travis Hansen,Travis Hansen,travis-hansen,2580.0,https://cdn.nba.com/headshots/nba/latest/1040x760/2580.png,NBA CDN,candidate,manual_identity_research,,,,True,0
P004570,Travis Knight,Travis Knight,travis-knight,969.0,https://cdn.nba.com/headshots/nba/latest/1040x760/969.png,NBA CDN,candidate,manual_identity_research,,,,True,0
P004571,Travis Leslie,Travis Leslie,travis-leslie,202727.0,https://cdn.nba.com/headshots/nba/latest/1040x760/202727.png,NBA CDN,candidate,manual_identity_research,,,,True,0
P004572,Travis Mays,Travis Mays,travis-mays,77496.0,https://cdn.nba.com/headshots/nba/latest/1040x760/77496.png,NBA CDN,candidate,manual_identity_research,,,,True,0
P004573,Travis Outlaw,Travis Outlaw,travis-outlaw,2566.0,https://cdn.nba.com/headshots/nba/latest/1040x760/2566.png,NBA CDN,candidate,manual_identity_research,,,,True,0
P004574,Travis Wear,Travis Wear,travis-wear,204037.0,https://cdn.nba.com/headshots/nba/latest/1040x760/204037.png,NBA CDN,candidate,manual_identity_research,,,,True,0
P004575,Travis Williams,Travis Williams,travis-williams,1576.0,https://cdn.nba.com/headshots/nba/latest/1040x760/1576.png,NBA CDN,candidate,manual_identity_research,,,,True,0
P004576,Trayce Jackson-Davis,Trayce Jackson-Davis,trayce-jackson-davis,1631218.0,https://cdn.nba.com/headshots/nba/latest/1040x760/1631218.png,NBA CDN,candidate,manual_identity_research,,,,True,0
P004577,Trayvon Palmer,Trayvon Palmer,trayvon-palmer,1629309.0,https://cdn.nba.com/headshots/nba/latest/1040x760/1629309.png,NBA CDN,candidate,manual_identity_research,,,,True,0
P004578,Tre Johnson,Tre Johnson,tre-johnson,1642848.0,https://cdn.nba.com/headshots/nba/latest/1040x760/1642848.png,NBA CDN,candidate,manual_identity_research,,,,True,0
P004579,Tre Jones,Tre Jones,tre-jones,1630200.0,https://cdn.nba.com/headshots/nba/latest/1040x760/1630200.png,NBA CDN,candidate,manual_identity_research,,,,True,0
P004580,Tre Mann,Tre Mann,tre-mann,1630544.0,https://cdn.nba.com/headshots/nba/latest/1040x760/1630544.png,NBA CDN,candidate,manual_identity_research,,,,True,0
P004581,Tre Scott,Tre Scott,tre-scott,,,,manual_identity_review,manual_identity_research,,,,True,0
P004582,Tree Rollins,Tree Rollins,tree-rollins,78014.0,https://cdn.nba.com/headshots/nba/latest/1040x760/78014.png,NBA CDN,candidate,manual_identity_research,,,,True,0
P004583,Tremaine Fowlkes,Tremaine Fowlkes,tremaine-fowlkes,1762.0,https://cdn.nba.com/headshots/nba/latest/1040x760/1762.png,NBA CDN,candidate,manual_identity_research,,,,True,0
P004584,Tremont Waters,Tremont Waters,tremont-waters,1629682.0,https://cdn.nba.com/headshots/nba/latest/1040x760/1629682.png,NBA CDN,candidate,manual_identity_research,,,,True,0
P004585,Trendon Watford,Trendon Watford,trendon-watford,1630570.0,https://cdn.nba.com/headshots/nba/latest/1040x760/1630570.png,NBA CDN,candidate,manual_identity_research,,,,True,0
P004586,Trent Forrest,Trent Forrest,trent-forrest,1630235.0,https://cdn.nba.com/headshots/nba/latest/1040x760/1630235.png,NBA CDN,candidate,manual_identity_research,,,,True,0
P004587,Trent Tucker,Trent Tucker,trent-tucker,78375.0,https://cdn.nba.com/headshots/nba/latest/1040x760/78375.png,NBA CDN,candidate,manual_identity_research,,,,True,0
P004588,Trenton Hassell,Trenton Hassell,trenton-hassell,2239.0,https://cdn.nba.com/headshots/nba/latest/1040x760/2239.png,NBA CDN,candidate,manual_identity_research,,,,True,0
P004589,Trentyn Flowers,Trentyn Flowers,trentyn-flowers,1642280.0,https://cdn.nba.com/headshots/nba/latest/1040x760/1642280.png,NBA CDN,candidate,manual_identity_research,,,,True,0
P004590,Trevelin Queen,Trevelin Queen,trevelin-queen,1630243.0,https://cdn.nba.com/headshots/nba/latest/1040x760/1630243.png,NBA CDN,candidate,manual_identity_research,,,,True,0
P004591,Treveon Graham,Treveon Graham,treveon-graham,1626203.0,https://cdn.nba.com/headshots/nba/latest/1040x760/1626203.png,NBA CDN,candidate,manual_identity_research,,,,True,0
P004592,Trevon Duval,Trevon Duval,trevon-duval,1628979.0,https://cdn.nba.com/headshots/nba/latest/1040x760/1628979.png,NBA CDN,candidate,manual_identity_research,,,,True,0
P004593,Trevor Ariza,Trevor Ariza,trevor-ariza,2772.0,https://cdn.nba.com/headshots/nba/latest/1040x760/2772.png,NBA CDN,candidate,manual_identity_research,,,,True,0
P004594,Trevor Booker,Trevor Booker,trevor-booker,202344.0,https://cdn.nba.com/headshots/nba/latest/1040x760/202344.png,NBA CDN,candidate,manual_identity_research,,,,True,0
P004595,Trevor Hudgins,Trevor Hudgins,trevor-hudgins,1631309.0,https://cdn.nba.com/headshots/nba/latest/1040x760/1631309.png,NBA CDN,candidate,manual_identity_research,,,,True,0
P004596,Trevor Keels,Trevor Keels,trevor-keels,1631211.0,https://cdn.nba.com/headshots/nba/latest/1040x760/1631211.png,NBA CDN,candidate,manual_identity_research,,,,True,0
P004597,Trevor Ruffin,Trevor Ruffin,trevor-ruffin,460.0,https://cdn.nba.com/headshots/nba/latest/1040x760/460.png,NBA CDN,candidate,manual_identity_research,,,,True,0
P004598,Trevor Wilson,Trevor Wilson,trevor-wilson,1027.0,https://cdn.nba.com/headshots/nba/latest/1040x760/1027.png,NBA CDN,candidate,manual_identity_research,,,,True,0
P004599,Trevor Winter,Trevor Winter,trevor-winter,1868.0,https://cdn.nba.com/headshots/nba/latest/1040x760/1868.png,NBA CDN,candidate,manual_identity_research,,,,True,0
P004600,Trey Alexander,Trey Alexander,trey-alexander,1641725.0,https://cdn.nba.com/headshots/nba/latest/1040x760/1641725.png,NBA CDN,candidate,manual_identity_research,,,,True,0
P004601,Trey Burke,Trey Burke,trey-burke,203504.0,https://cdn.nba.com/headshots/nba/latest/1040x760/203504.png,NBA CDN,candidate,manual_identity_research,,,,True,0
P004602,Trey Gilder,Trey Gilder,trey-gilder,201821.0,https://cdn.nba.com/headshots/nba/latest/1040x760/201821.png,NBA CDN,candidate,manual_identity_research,,,,True,0
P004603,Trey Jemison,Trey Jemison,trey-jemison,1641998.0,https://cdn.nba.com/headshots/nba/latest/1040x760/1641998.png,NBA CDN,verified,none,200.0,image/webp,verified,True,0
P004604,Trey Johnson,Trey Johnson,trey-johnson,201234.0,https://cdn.nba.com/headshots/nba/latest/1040x760/201234.png,NBA CDN,candidate,manual_identity_research,,,,True,0
P004605,Trey Lyles,Trey Lyles,trey-lyles,1626168.0,https://cdn.nba.com/headshots/nba/latest/1040x760/1626168.png,NBA CDN,candidate,manual_identity_research,,,,True,0
P004606,Trey McKinney-Jones,Trey McKinney-Jones,trey-mckinney-jones,203590.0,https://cdn.nba.com/headshots/nba/latest/1040x760/203590.png,NBA CDN,candidate,manual_identity_research,,,,True,0
P004607,Trey Murphy III,Trey Murphy III,trey-murphy-iii,1630530.0,https://cdn.nba.com/headshots/nba/latest/1040x760/1630530.png,NBA CDN,candidate,manual_identity_research,,,,True,0
P004608,Trey Thompkins,Trey Thompkins,trey-thompkins,202717.0,https://cdn.nba.com/headshots/nba/latest/1040x760/202717.png,NBA CDN,candidate,manual_identity_research,,,,True,0
P004609,Tristan Da Silva,Tristan Da Silva,tristan-da-silva,1641783.0,https://cdn.nba.com/headshots/nba/latest/1040x760/1641783.png,NBA CDN,candidate,manual_identity_research,,,,True,0
P004610,Tristan Enaruna,Tristan Enaruna,tristan-enaruna,1642400.0,https://cdn.nba.com/headshots/nba/latest/1040x760/1642400.png,NBA CDN,candidate,manual_identity_research,,,,True,0
P004611,Tristan Thompson,Tristan Thompson,tristan-thompson,202684.0,https://cdn.nba.com/headshots/nba/latest/1040x760/202684.png,NBA CDN,candidate,manual_identity_research,,,,True,0
P004612,Tristan Vukcevic,Tristan Vukcevic,tristan-vukcevic,1641774.0,https://cdn.nba.com/headshots/nba/latest/1040x760/1641774.png,NBA CDN,candidate,manual_identity_research,,,,True,0
P004613,Tristen Newton,Tristen Newton,tristen-newton,1641803.0,https://cdn.nba.com/headshots/nba/latest/1040x760/1641803.png,NBA CDN,candidate,manual_identity_research,,,,True,0
P004614,Troy Bell,Troy Bell,troy-bell,2559.0,https://cdn.nba.com/headshots/nba/latest/1040x760/2559.png,NBA CDN,candidate,manual_identity_research,,,,True,0
P004615,Troy Brown Jr.,Troy Brown Jr.,troy-brown-jr,1628972.0,https://cdn.nba.com/headshots/nba/latest/1040x760/1628972.png,NBA CDN,candidate,manual_identity_research,,,,True,0
P004616,Troy Caupain,Troy Caupain,troy-caupain,1628505.0,https://cdn.nba.com/headshots/nba/latest/1040x760/1628505.png,NBA CDN,candidate,manual_identity_research,,,,True,0
P004617,Troy Daniels,Troy Daniels,troy-daniels,203584.0,https://cdn.nba.com/headshots/nba/latest/1040x760/203584.png,NBA CDN,candidate,manual_identity_research,,,,True,0
P004618,Troy Hudson,Troy Hudson,troy-hudson,1607.0,https://cdn.nba.com/headshots/nba/latest/1040x760/1607.png,NBA CDN,candidate,manual_identity_research,,,,True,0
P004619,Troy Murphy,Troy Murphy,troy-murphy,2211.0,https://cdn.nba.com/headshots/nba/latest/1040x760/2211.png,NBA CDN,candidate,manual_identity_research,,,,True,0
P004620,Troy Williams,Troy Williams,troy-williams,1627786.0,https://cdn.nba.com/headshots/nba/latest/1040x760/1627786.png,NBA CDN,candidate,manual_identity_research,,,,True,0
P004621,Truck Robinson,Truck Robinson,truck-robinson,77993.0,https://cdn.nba.com/headshots/nba/latest/1040x760/77993.png,NBA CDN,candidate,manual_identity_research,,,,True,0
P004622,Ty Jerome,Ty Jerome,ty-jerome,1629660.0,https://cdn.nba.com/headshots/nba/latest/1040x760/1629660.png,NBA CDN,candidate,manual_identity_research,,,,True,0
P004623,Ty Lawson,Ty Lawson,ty-lawson,201951.0,https://cdn.nba.com/headshots/nba/latest/1040x760/201951.png,NBA CDN,candidate,manual_identity_research,,,,True,0
P004624,Ty-Shon Alexander,Ty-Shon Alexander,ty-shon-alexander,1630234.0,https://cdn.nba.com/headshots/nba/latest/1040x760/1630234.png,NBA CDN,candidate,manual_identity_research,,,,True,0
P004625,TyTy Washington Jr.,TyTy Washington Jr.,tyty-washington-jr,1631102.0,https://cdn.nba.com/headshots/nba/latest/1040x760/1631102.png,NBA CDN,candidate,manual_identity_research,,,,True,0
P004626,Tyler Bey,Tyler Bey,tyler-bey,1630189.0,https://cdn.nba.com/headshots/nba/latest/1040x760/1630189.png,NBA CDN,candidate,manual_identity_research,,,,True,0
P004627,Tyler Burton,Tyler Burton,tyler-burton,1631174.0,https://cdn.nba.com/headshots/nba/latest/1040x760/1631174.png,NBA CDN,candidate,manual_identity_research,,,,True,0
P004628,Tyler Cavanaugh,Tyler Cavanaugh,tyler-cavanaugh,1628463.0,https://cdn.nba.com/headshots/nba/latest/1040x760/1628463.png,NBA CDN,candidate,manual_identity_research,,,,True,0
P004629,Tyler Cook,Tyler Cook,tyler-cook,1629076.0,https://cdn.nba.com/headshots/nba/latest/1040x760/1629076.png,NBA CDN,candidate,manual_identity_research,,,,True,0
P004630,Tyler Davis,Tyler Davis,tyler-davis,1629093.0,https://cdn.nba.com/headshots/nba/latest/1040x760/1629093.png,NBA CDN,candidate,manual_identity_research,,,,True,0
P004631,Tyler Dorsey,Tyler Dorsey,tyler-dorsey,1628416.0,https://cdn.nba.com/headshots/nba/latest/1040x760/1628416.png,NBA CDN,candidate,manual_identity_research,,,,True,0
P004632,Tyler Ennis,Tyler Ennis,tyler-ennis,203898.0,https://cdn.nba.com/headshots/nba/latest/1040x760/203898.png,NBA CDN,candidate,manual_identity_research,,,,True,0
P004633,Tyler Hall,Tyler Hall,tyler-hall,1629788.0,https://cdn.nba.com/headshots/nba/latest/1040x760/1629788.png,NBA CDN,candidate,manual_identity_research,,,,True,0
P004634,Tyler Hansbrough,Tyler Hansbrough,tyler-hansbrough,201946.0,https://cdn.nba.com/headshots/nba/latest/1040x760/201946.png,NBA CDN,candidate,manual_identity_research,,,,True,0
P004635,Tyler Herro,Tyler Herro,tyler-herro,1629639.0,https://cdn.nba.com/headshots/nba/latest/1040x760/1629639.png,NBA CDN,candidate,manual_identity_research,,,,True,0
P004636,Tyler Honeycutt,Tyler Honeycutt,tyler-honeycutt,202715.0,https://cdn.nba.com/headshots/nba/latest/1040x760/202715.png,NBA CDN,candidate,manual_identity_research,,,,True,0
P004637,Tyler Johnson,Tyler Johnson,tyler-johnson,204020.0,https://cdn.nba.com/headshots/nba/latest/1040x760/204020.png,NBA CDN,candidate,manual_identity_research,,,,True,0
P004638,Tyler Kolek,Tyler Kolek,tyler-kolek,1642278.0,https://cdn.nba.com/headshots/nba/latest/1040x760/1642278.png,NBA CDN,candidate,manual_identity_research,,,,True,0
P004639,Tyler Lydon,Tyler Lydon,tyler-lydon,1628399.0,https://cdn.nba.com/headshots/nba/latest/1040x760/1628399.png,NBA CDN,candidate,manual_identity_research,,,,True,0
P004640,Tyler Smith,Tyler Smith,tyler-smith,1641890.0,https://cdn.nba.com/headshots/nba/latest/1040x760/1641890.png,NBA CDN,candidate,manual_identity_research,,,,True,0
P004641,Tyler Ulis,Tyler Ulis,tyler-ulis,1627755.0,https://cdn.nba.com/headshots/nba/latest/1040x760/1627755.png,NBA CDN,candidate,manual_identity_research,,,,True,0
P004642,Tyler Zeller,Tyler Zeller,tyler-zeller,203092.0,https://cdn.nba.com/headshots/nba/latest/1040x760/203092.png,NBA CDN,candidate,manual_identity_research,,,,True,0
P004643,Tyreke Evans,Tyreke Evans,tyreke-evans,201936.0,https://cdn.nba.com/headshots/nba/latest/1040x760/201936.png,NBA CDN,candidate,manual_identity_research,,,,True,0
P004644,Tyrell Terry,Tyrell Terry,tyrell-terry,1630179.0,https://cdn.nba.com/headshots/nba/latest/1040x760/1630179.png,NBA CDN,candidate,manual_identity_research,,,,True,0
P004645,Tyrese Haliburton,Tyrese Haliburton,tyrese-haliburton,1630169.0,https://cdn.nba.com/headshots/nba/latest/1040x760/1630169.png,NBA CDN,candidate,manual_identity_research,,,,True,0
P004646,Tyrese Martin,Tyrese Martin,tyrese-martin,1631213.0,https://cdn.nba.com/headshots/nba/latest/1040x760/1631213.png,NBA CDN,candidate,manual_identity_research,,,,True,0
P004647,Tyrese Maxey,Tyrese Maxey,tyrese-maxey,1630178.0,https://cdn.nba.com/headshots/nba/latest/1040x760/1630178.png,NBA CDN,candidate,manual_identity_research,,,,True,0
P004648,Tyrese Proctor,Tyrese Proctor,tyrese-proctor,1642878.0,https://cdn.nba.com/headshots/nba/latest/1040x760/1642878.png,NBA CDN,candidate,manual_identity_research,,,,True,0
P004649,Tyrone Britt,Tyrone Britt,tyrone-britt,76258.0,https://cdn.nba.com/headshots/nba/latest/1040x760/76258.png,NBA CDN,candidate,manual_identity_research,,,,True,0
P004650,Tyrone Corbin,Tyrone Corbin,tyrone-corbin,895.0,https://cdn.nba.com/headshots/nba/latest/1040x760/895.png,NBA CDN,candidate,manual_identity_research,,,,True,0
P004651,Tyrone Hill,Tyrone Hill,tyrone-hill,238.0,https://cdn.nba.com/headshots/nba/latest/1040x760/238.png,NBA CDN,candidate,manual_identity_research,,,,True,0
P004652,Tyrone Nesby,Tyrone Nesby,tyrone-nesby,1838.0,https://cdn.nba.com/headshots/nba/latest/1040x760/1838.png,NBA CDN,candidate,manual_identity_research,,,,True,0
P004653,Tyrone Wallace,Tyrone Wallace,tyrone-wallace,1627820.0,https://cdn.nba.com/headshots/nba/latest/1040x760/1627820.png,NBA CDN,candidate,manual_identity_research,,,,True,0
P004654,Tyronn Lue,Tyronn Lue,tyronn-lue,1731.0,https://cdn.nba.com/headshots/nba/latest/1040x760/1731.png,NBA CDN,candidate,manual_identity_research,,,,True,0
P004655,Tyrus Thomas,Tyrus Thomas,tyrus-thomas,200748.0,https://cdn.nba.com/headshots/nba/latest/1040x760/200748.png,NBA CDN,candidate,manual_identity_research,,,,True,0
P004656,Tyshawn Taylor,Tyshawn Taylor,tyshawn-taylor,203116.0,https://cdn.nba.com/headshots/nba/latest/1040x760/203116.png,NBA CDN,candidate,manual_identity_research,,,,True,0
P004657,Tyson Chandler,Tyson Chandler,tyson-chandler,2199.0,https://cdn.nba.com/headshots/nba/latest/1040x760/2199.png,NBA CDN,candidate,manual_identity_research,,,,True,0
P004658,Tyson Etienne,Tyson Etienne,tyson-etienne,1630623.0,https://cdn.nba.com/headshots/nba/latest/1040x760/1630623.png,NBA CDN,candidate,manual_identity_research,,,,True,0
P004659,Tyson Wheeler,Tyson Wheeler,tyson-wheeler,1755.0,https://cdn.nba.com/headshots/nba/latest/1040x760/1755.png,NBA CDN,candidate,manual_identity_research,,,,True,0
P004660,Tyus Edney,Tyus Edney,tyus-edney,721.0,https://cdn.nba.com/headshots/nba/latest/1040x760/721.png,NBA CDN,candidate,manual_identity_research,,,,True,0
P004661,Tyus Jones,Tyus Jones,tyus-jones,1626145.0,https://cdn.nba.com/headshots/nba/latest/1040x760/1626145.png,NBA CDN,candidate,manual_identity_research,,,,True,0
P004662,Udoka Azubuike,Udoka Azubuike,udoka-azubuike,1628962.0,https://cdn.nba.com/headshots/nba/latest/1040x760/1628962.png,NBA CDN,candidate,manual_identity_research,,,,True,0
P004663,Udonis Haslem,Udonis Haslem,udonis-haslem,2617.0,https://cdn.nba.com/headshots/nba/latest/1040x760/2617.png,NBA CDN,candidate,manual_identity_research,,,,True,0
P004664,Ulrich Chomche,Ulrich Chomche,ulrich-chomche,1642279.0,https://cdn.nba.com/headshots/nba/latest/1040x760/1642279.png,NBA CDN,candidate,manual_identity_research,,,,True,0
P004665,Uroš Slokar,Uroš Slokar,uro-slokar,101166.0,https://cdn.nba.com/headshots/nba/latest/1040x760/101166.png,NBA CDN,candidate,manual_identity_research,,,,True,0
P004666,Usman Garuba,Usman Garuba,usman-garuba,1630586.0,https://cdn.nba.com/headshots/nba/latest/1040x760/1630586.png,NBA CDN,candidate,manual_identity_research,,,,True,0
P004667,Uwe Blab,Uwe Blab,uwe-blab,76172.0,https://cdn.nba.com/headshots/nba/latest/1040x760/76172.png,NBA CDN,candidate,manual_identity_research,,,,True,0
P004668,VJ Edgecombe,VJ Edgecombe,vj-edgecombe,1642845.0,https://cdn.nba.com/headshots/nba/latest/1040x760/1642845.png,NBA CDN,candidate,manual_identity_research,,,,True,0
P004669,Vander Blue,Vander Blue,vander-blue,203505.0,https://cdn.nba.com/headshots/nba/latest/1040x760/203505.png,NBA CDN,candidate,manual_identity_research,,,,True,0
P004670,Vasilije Micić,Vasilije Micić,vasilije-mici,203995.0,https://cdn.nba.com/headshots/nba/latest/1040x760/203995.png,NBA CDN,candidate,manual_identity_research,,,,True,0
P004671,Vassilis Spanoulis,Vassilis Spanoulis,vassilis-spanoulis,2779.0,https://cdn.nba.com/headshots/nba/latest/1040x760/2779.png,NBA CDN,candidate,manual_identity_research,,,,True,0
P004672,Vern Fleming,Vern Fleming,vern-fleming,313.0,https://cdn.nba.com/headshots/nba/latest/1040x760/313.png,NBA CDN,candidate,manual_identity_research,,,,True,0
P004673,Vern Gardner,Vern Gardner,vern-gardner,76779.0,https://cdn.nba.com/headshots/nba/latest/1040x760/76779.png,NBA CDN,candidate,manual_identity_research,,,,True,0
P004674,Vern Hatton,Vern Hatton,vern-hatton,76969.0,https://cdn.nba.com/headshots/nba/latest/1040x760/76969.png,NBA CDN,candidate,manual_identity_research,,,,True,0
P004675,Vern Mikkelsen,Vern Mikkelsen,vern-mikkelsen-p004675,77593.0,https://cdn.nba.com/headshots/nba/latest/1040x760/77593.png,NBA CDN,candidate,manual_identity_research,,,,True,0
P004676,Vern Mikkelsen*,Vern Mikkelsen*,vern-mikkelsen-p004676,77593.0,https://cdn.nba.com/headshots/nba/latest/1040x760/77593.png,NBA CDN,candidate,manual_identity_research,,,,True,0
P004677,Vernon Carey Jr.,Vernon Carey Jr.,vernon-carey-jr,1630176.0,https://cdn.nba.com/headshots/nba/latest/1040x760/1630176.png,NBA CDN,candidate,manual_identity_research,,,,True,0
P004678,Vernon Macklin,Vernon Macklin,vernon-macklin,202731.0,https://cdn.nba.com/headshots/nba/latest/1040x760/202731.png,NBA CDN,candidate,manual_identity_research,,,,True,0
P004679,Vernon Maxwell,Vernon Maxwell,vernon-maxwell,137.0,https://cdn.nba.com/headshots/nba/latest/1040x760/137.png,NBA CDN,candidate,manual_identity_research,,,,True,0
P004680,Vester Marshall,Vester Marshall,vester-marshall,77468.0,https://cdn.nba.com/headshots/nba/latest/1040x760/77468.png,NBA CDN,candidate,manual_identity_research,,,,True,0
P004681,Viacheslav Kravtsov,Viacheslav Kravtsov,viacheslav-kravtsov,203139.0,https://cdn.nba.com/headshots/nba/latest/1040x760/203139.png,NBA CDN,candidate,manual_identity_research,,,,True,0
P004682,Vic Bartolome,Vic Bartolome,vic-bartolome,76118.0,https://cdn.nba.com/headshots/nba/latest/1040x760/76118.png,NBA CDN,candidate,manual_identity_research,,,,True,0
P004683,Vic Law,Vic Law,vic-law,1629724.0,https://cdn.nba.com/headshots/nba/latest/1040x760/1629724.png,NBA CDN,candidate,manual_identity_research,,,,True,0
P004684,Victor Alexander,Victor Alexander,victor-alexander,2349.0,https://cdn.nba.com/headshots/nba/latest/1040x760/2349.png,NBA CDN,candidate,manual_identity_research,,,,True,0
P004685,Victor Claver,Victor Claver,victor-claver,201964.0,https://cdn.nba.com/headshots/nba/latest/1040x760/201964.png,NBA CDN,candidate,manual_identity_research,,,,True,0
P004686,Victor Oladipo,Victor Oladipo,victor-oladipo,203506.0,https://cdn.nba.com/headshots/nba/latest/1040x760/203506.png,NBA CDN,candidate,manual_identity_research,,,,True,0
P004687,Victor Wembanyama,Victor Wembanyama,victor-wembanyama,1641705.0,https://cdn.nba.com/headshots/nba/latest/1040x760/1641705.png,NBA CDN,candidate,manual_identity_research,,,,True,0
P004688,Viktor Khryapa,Viktor Khryapa,viktor-khryapa,2751.0,https://cdn.nba.com/headshots/nba/latest/1040x760/2751.png,NBA CDN,candidate,manual_identity_research,,,,True,0
P004689,Vin Baker,Vin Baker,vin-baker,452.0,https://cdn.nba.com/headshots/nba/latest/1040x760/452.png,NBA CDN,candidate,manual_identity_research,,,,True,0
P004690,Vince Boryla,Vince Boryla,vince-boryla,76210.0,https://cdn.nba.com/headshots/nba/latest/1040x760/76210.png,NBA CDN,candidate,manual_identity_research,,,,True,0
P004691,Vince Carter,Vince Carter,vince-carter-p004691,1713.0,https://cdn.nba.com/headshots/nba/latest/1040x760/1713.png,NBA CDN,candidate,manual_identity_research,,,,True,0
P004692,Vince Carter*,Vince Carter*,vince-carter-p004692,1713.0,https://cdn.nba.com/headshots/nba/latest/1040x760/1713.png,NBA CDN,candidate,manual_identity_research,,,,True,0
P004693,Vince Edwards,Vince Edwards,vince-edwards,,,,manual_identity_review,manual_identity_research,,,,True,0
P004694,Vince Hunter,Vince Hunter,vince-hunter,,,,manual_identity_review,manual_identity_research,,,,True,0
P004695,Vince Taylor,Vince Taylor,vince-taylor,78303.0,https://cdn.nba.com/headshots/nba/latest/1040x760/78303.png,NBA CDN,candidate,manual_identity_research,,,,True,0
P004696,Vince Williams Jr.,Vince Williams Jr.,vince-williams-jr,1631246.0,https://cdn.nba.com/headshots/nba/latest/1040x760/1631246.png,NBA CDN,candidate,manual_identity_research,,,,True,0
P004697,Vincent Askew,Vincent Askew,vincent-askew,355.0,https://cdn.nba.com/headshots/nba/latest/1040x760/355.png,NBA CDN,candidate,manual_identity_research,,,,True,0
P004698,Vincent Poirier,Vincent Poirier,vincent-poirier,1629738.0,https://cdn.nba.com/headshots/nba/latest/1040x760/1629738.png,NBA CDN,candidate,manual_identity_research,,,,True,0
P004699,Vincent Yarbrough,Vincent Yarbrough,vincent-yarbrough,2428.0,https://cdn.nba.com/headshots/nba/latest/1040x760/2428.png,NBA CDN,candidate,manual_identity_research,,,,True,0
P004700,Vincenzo Esposito,Vincenzo Esposito,vincenzo-esposito,76683.0,https://cdn.nba.com/headshots/nba/latest/1040x760/76683.png,NBA CDN,candidate,manual_identity_research,,,,True,0
P004701,Vinnie Johnson,Vinnie Johnson,vinnie-johnson,77167.0,https://cdn.nba.com/headshots/nba/latest/1040x760/77167.png,NBA CDN,candidate,manual_identity_research,,,,True,0
P004702,Vinny Del Negro,Vinny Del Negro,vinny-del-negro,219.0,https://cdn.nba.com/headshots/nba/latest/1040x760/219.png,NBA CDN,candidate,manual_identity_research,,,,True,0
P004703,Vitaly Potapenko,Vitaly Potapenko,vitaly-potapenko,958.0,https://cdn.nba.com/headshots/nba/latest/1040x760/958.png,NBA CDN,candidate,manual_identity_research,,,,True,0
P004704,Vlade Divac,Vlade Divac,vlade-divac-p004704,124.0,https://cdn.nba.com/headshots/nba/latest/1040x760/124.png,NBA CDN,candidate,manual_identity_research,,,,True,0
P004705,Vlade Divac*,Vlade Divac*,vlade-divac-p004705,124.0,https://cdn.nba.com/headshots/nba/latest/1040x760/124.png,NBA CDN,candidate,manual_identity_research,,,,True,0
P004706,Vladimir Radmanović,Vladimir Radmanović,vladimir-radmanovi,2209.0,https://cdn.nba.com/headshots/nba/latest/1040x760/2209.png,NBA CDN,candidate,manual_identity_research,,,,True,0
P004707,Vladimir Stepania,Vladimir Stepania,vladimir-stepania,1735.0,https://cdn.nba.com/headshots/nba/latest/1040x760/1735.png,NBA CDN,candidate,manual_identity_research,,,,True,0
P004708,Vladislav Goldin,Vladislav Goldin,vladislav-goldin,1642884.0,https://cdn.nba.com/headshots/nba/latest/1040x760/1642884.png,NBA CDN,candidate,manual_identity_research,,,,True,0
P004709,Vlatko Čančar,Vlatko Čančar,vlatko-an-ar,1628427.0,https://cdn.nba.com/headshots/nba/latest/1040x760/1628427.png,NBA CDN,candidate,manual_identity_research,,,,True,0
P004710,Voise Winters,Voise Winters,voise-winters,78601.0,https://cdn.nba.com/headshots/nba/latest/1040x760/78601.png,NBA CDN,candidate,manual_identity_research,,,,True,0
P004711,Von Wafer,Von Wafer,von-wafer,101144.0,https://cdn.nba.com/headshots/nba/latest/1040x760/101144.png,NBA CDN,candidate,manual_identity_research,,,,True,0
P004712,Vonteego Cummings,Vonteego Cummings,vonteego-cummings,1907.0,https://cdn.nba.com/headshots/nba/latest/1040x760/1907.png,NBA CDN,candidate,manual_identity_research,,,,True,0
P004713,Voshon Lenard,Voshon Lenard,voshon-lenard,702.0,https://cdn.nba.com/headshots/nba/latest/1040x760/702.png,NBA CDN,candidate,manual_identity_research,,,,True,0
P004714,Vít Krejčí,Vít Krejčí,v-t-krej,1630249.0,https://cdn.nba.com/headshots/nba/latest/1040x760/1630249.png,NBA CDN,candidate,manual_identity_research,,,,True,0
P004715,Vítor Luiz Faverani,Vítor Luiz Faverani,v-tor-luiz-faverani,,,,manual_identity_review,manual_identity_research,,,,True,0
P004716,Wade Baldwin,Wade Baldwin,wade-baldwin,1627735.0,https://cdn.nba.com/headshots/nba/latest/1040x760/1627735.png,NBA CDN,verified,none,200.0,image/webp,verified,True,0
P004717,Wah Wah Jones,Wah Wah Jones,wah-wah-jones,,,,manual_identity_review,manual_identity_research,,,,True,0
P004718,Wali Jones,Wali Jones,wali-jones,77198.0,https://cdn.nba.com/headshots/nba/latest/1040x760/77198.png,NBA CDN,candidate,manual_identity_research,,,,True,0
P004719,Walker Kessler,Walker Kessler,walker-kessler,1631117.0,https://cdn.nba.com/headshots/nba/latest/1040x760/1631117.png,NBA CDN,candidate,manual_identity_research,,,,True,0
P004720,Walker Russell,Walker Russell,walker-russell,,,,manual_identity_review,manual_identity_research,,,,True,0
P004721,Wallace Bryant,Wallace Bryant,wallace-bryant,76291.0,https://cdn.nba.com/headshots/nba/latest/1040x760/76291.png,NBA CDN,candidate,manual_identity_research,,,,True,0
P004722,Wally Anderzunas,Wally Anderzunas,wally-anderzunas,76048.0,https://cdn.nba.com/headshots/nba/latest/1040x760/76048.png,NBA CDN,candidate,manual_identity_research,,,,True,0
P004723,Wally Osterkorn,Wally Osterkorn,wally-osterkorn,77775.0,https://cdn.nba.com/headshots/nba/latest/1040x760/77775.png,NBA CDN,candidate,manual_identity_research,,,,True,0
P004724,Wally Rank,Wally Rank,wally-rank,77910.0,https://cdn.nba.com/headshots/nba/latest/1040x760/77910.png,NBA CDN,candidate,manual_identity_research,,,,True,0
P004725,Wally Szczerbiak,Wally Szczerbiak,wally-szczerbiak,1887.0,https://cdn.nba.com/headshots/nba/latest/1040x760/1887.png,NBA CDN,candidate,manual_identity_research,,,,True,0
P004726,Wally Walker,Wally Walker,wally-walker,78442.0,https://cdn.nba.com/headshots/nba/latest/1040x760/78442.png,NBA CDN,candidate,manual_identity_research,,,,True,0
P004727,Walt Bellamy,Walt Bellamy,walt-bellamy-p004727,76144.0,https://cdn.nba.com/headshots/nba/latest/1040x760/76144.png,NBA CDN,candidate,manual_identity_research,,,,True,0
P004728,Walt Bellamy*,Walt Bellamy*,walt-bellamy-p004728,76144.0,https://cdn.nba.com/headshots/nba/latest/1040x760/76144.png,NBA CDN,candidate,manual_identity_research,,,,True,0
P004729,Walt Budko,Walt Budko,walt-budko,,,,manual_identity_review,manual_identity_research,,,,True,0
P004730,Walt Davis,Walt Davis,walt-davis,76536.0,https://cdn.nba.com/headshots/nba/latest/1040x760/76536.png,NBA CDN,candidate,manual_identity_research,,,,True,0
P004731,Walt Frazier,Walt Frazier,walt-frazier-p004731,76750.0,https://cdn.nba.com/headshots/nba/latest/1040x760/76750.png,NBA CDN,candidate,manual_identity_research,,,,True,0
P004732,Walt Frazier*,Walt Frazier*,walt-frazier-p004732,76750.0,https://cdn.nba.com/headshots/nba/latest/1040x760/76750.png,NBA CDN,candidate,manual_identity_research,,,,True,0
P004733,Walt Gilmore,Walt Gilmore,walt-gilmore,76817.0,https://cdn.nba.com/headshots/nba/latest/1040x760/76817.png,NBA CDN,candidate,manual_identity_research,,,,True,0
P004734,Walt Hazzard,Walt Hazzard,walt-hazzard,76983.0,https://cdn.nba.com/headshots/nba/latest/1040x760/76983.png,NBA CDN,candidate,manual_identity_research,,,,True,0
P004735,Walt Kirk,Walt Kirk,walt-kirk,77278.0,https://cdn.nba.com/headshots/nba/latest/1040x760/77278.png,NBA CDN,candidate,manual_identity_research,,,,True,0
P004736,Walt Lemon Jr.,Walt Lemon Jr.,walt-lemon-jr,1627215.0,https://cdn.nba.com/headshots/nba/latest/1040x760/1627215.png,NBA CDN,candidate,manual_identity_research,,,,True,0
P004737,Walt Wesley,Walt Wesley,walt-wesley,78495.0,https://cdn.nba.com/headshots/nba/latest/1040x760/78495.png,NBA CDN,candidate,manual_identity_research,,,,True,0
P004738,Walt Williams,Walt Williams,walt-williams,1005.0,https://cdn.nba.com/headshots/nba/latest/1040x760/1005.png,NBA CDN,candidate,manual_identity_research,,,,True,0
P004739,Walter Berry,Walter Berry,walter-berry,76158.0,https://cdn.nba.com/headshots/nba/latest/1040x760/76158.png,NBA CDN,candidate,manual_identity_research,,,,True,0
P004740,Walter Bond,Walter Bond,walter-bond,1603.0,https://cdn.nba.com/headshots/nba/latest/1040x760/1603.png,NBA CDN,candidate,manual_identity_research,,,,True,0
P004741,Walter Clayton,Walter Clayton,walter-clayton,1642383.0,https://cdn.nba.com/headshots/nba/latest/1040x760/1642383.png,NBA CDN,verified,none,200.0,image/avif,verified,True,0
P004742,Walter Davis,Walter Davis,walter-davis-p004742,1453.0,https://cdn.nba.com/headshots/nba/latest/1040x760/1453.png,NBA CDN,candidate,manual_identity_research,,,,True,0
P004743,Walter Davis*,Walter Davis*,walter-davis-p004743,1453.0,https://cdn.nba.com/headshots/nba/latest/1040x760/1453.png,NBA CDN,candidate,manual_identity_research,,,,True,0
P004744,Walter Dukes,Walter Dukes,walter-dukes,76611.0,https://cdn.nba.com/headshots/nba/latest/1040x760/76611.png,NBA CDN,candidate,manual_identity_research,,,,True,0
P004745,Walter Herrmann,Walter Herrmann,walter-herrmann,200835.0,https://cdn.nba.com/headshots/nba/latest/1040x760/200835.png,NBA CDN,candidate,manual_identity_research,,,,True,0
P004746,Walter Jordan,Walter Jordan,walter-jordan,77209.0,https://cdn.nba.com/headshots/nba/latest/1040x760/77209.png,NBA CDN,candidate,manual_identity_research,,,,True,0
P004747,Walter McCarty,Walter McCarty,walter-mccarty,962.0,https://cdn.nba.com/headshots/nba/latest/1040x760/962.png,NBA CDN,candidate,manual_identity_research,,,,True,0
P004748,Walter Palmer,Walter Palmer,walter-palmer,77794.0,https://cdn.nba.com/headshots/nba/latest/1040x760/77794.png,NBA CDN,candidate,manual_identity_research,,,,True,0
P004749,Walter Sharpe,Walter Sharpe,walter-sharpe,201594.0,https://cdn.nba.com/headshots/nba/latest/1040x760/201594.png,NBA CDN,candidate,manual_identity_research,,,,True,0
P004750,Wang Zhizhi,Wang Zhizhi,wang-zhizhi,,,,manual_identity_review,manual_identity_research,,,,True,0
P004751,Wardell Jackson,Wardell Jackson,wardell-jackson,77111.0,https://cdn.nba.com/headshots/nba/latest/1040x760/77111.png,NBA CDN,candidate,manual_identity_research,,,,True,0
P004752,Warren Kidd,Warren Kidd,warren-kidd,77254.0,https://cdn.nba.com/headshots/nba/latest/1040x760/77254.png,NBA CDN,candidate,manual_identity_research,,,,True,0
P004753,Wayman Britt,Wayman Britt,wayman-britt,76259.0,https://cdn.nba.com/headshots/nba/latest/1040x760/76259.png,NBA CDN,candidate,manual_identity_research,,,,True,0
P004754,Wayman Tisdale,Wayman Tisdale,wayman-tisdale,47.0,https://cdn.nba.com/headshots/nba/latest/1040x760/47.png,NBA CDN,candidate,manual_identity_research,,,,True,0
P004755,Wayne Cooper,Wayne Cooper,wayne-cooper,76441.0,https://cdn.nba.com/headshots/nba/latest/1040x760/76441.png,NBA CDN,candidate,manual_identity_research,,,,True,0
P004756,Wayne Ellington,Wayne Ellington,wayne-ellington,201961.0,https://cdn.nba.com/headshots/nba/latest/1040x760/201961.png,NBA CDN,candidate,manual_identity_research,,,,True,0
P004757,Wayne Embry,Wayne Embry,wayne-embry-p004757,76668.0,https://cdn.nba.com/headshots/nba/latest/1040x760/76668.png,NBA CDN,candidate,manual_identity_research,,,,True,0
P004758,Wayne Embry*,Wayne Embry*,wayne-embry-p004758,76668.0,https://cdn.nba.com/headshots/nba/latest/1040x760/76668.png,NBA CDN,candidate,manual_identity_research,,,,True,0
P004759,Wayne Engelstad,Wayne Engelstad,wayne-engelstad,,,,manual_identity_review,manual_identity_research,,,,True,0
P004760,Wayne Hightower,Wayne Hightower,wayne-hightower,77023.0,https://cdn.nba.com/headshots/nba/latest/1040x760/77023.png,NBA CDN,candidate,manual_identity_research,,,,True,0
P004761,Wayne Kreklow,Wayne Kreklow,wayne-kreklow,77312.0,https://cdn.nba.com/headshots/nba/latest/1040x760/77312.png,NBA CDN,candidate,manual_identity_research,,,,True,0
P004762,Wayne Molis,Wayne Molis,wayne-molis,77625.0,https://cdn.nba.com/headshots/nba/latest/1040x760/77625.png,NBA CDN,candidate,manual_identity_research,,,,True,0
P004763,Wayne Radford,Wayne Radford,wayne-radford,77897.0,https://cdn.nba.com/headshots/nba/latest/1040x760/77897.png,NBA CDN,candidate,manual_identity_research,,,,True,0
P004764,Wayne Robinson,Wayne Robinson,wayne-robinson,77996.0,https://cdn.nba.com/headshots/nba/latest/1040x760/77996.png,NBA CDN,candidate,manual_identity_research,,,,True,0
P004765,Wayne Sappleton,Wayne Sappleton,wayne-sappleton,78062.0,https://cdn.nba.com/headshots/nba/latest/1040x760/78062.png,NBA CDN,candidate,manual_identity_research,,,,True,0
P004766,Wayne Selden,Wayne Selden,wayne-selden,1627782.0,https://cdn.nba.com/headshots/nba/latest/1040x760/1627782.png,NBA CDN,candidate,manual_identity_research,,,,True,0
P004767,Wayne Simien,Wayne Simien,wayne-simien,101134.0,https://cdn.nba.com/headshots/nba/latest/1040x760/101134.png,NBA CDN,candidate,manual_identity_research,,,,True,0
P004768,Wayne Stevens,Wayne Stevens,wayne-stevens,78252.0,https://cdn.nba.com/headshots/nba/latest/1040x760/78252.png,NBA CDN,candidate,manual_identity_research,,,,True,0
P004769,Wayne Turner,Wayne Turner,wayne-turner,1943.0,https://cdn.nba.com/headshots/nba/latest/1040x760/1943.png,NBA CDN,candidate,manual_identity_research,,,,True,0
P004770,Wayne Yates,Wayne Yates,wayne-yates,78630.0,https://cdn.nba.com/headshots/nba/latest/1040x760/78630.png,NBA CDN,candidate,manual_identity_research,,,,True,0
P004771,Wendell Carter Jr.,Wendell Carter Jr.,wendell-carter-jr,1628976.0,https://cdn.nba.com/headshots/nba/latest/1040x760/1628976.png,NBA CDN,candidate,manual_identity_research,,,,True,0
P004772,Wendell Moore Jr.,Wendell Moore Jr.,wendell-moore-jr,1631111.0,https://cdn.nba.com/headshots/nba/latest/1040x760/1631111.png,NBA CDN,candidate,manual_identity_research,,,,True,0
P004773,Wenyen Gabriel,Wenyen Gabriel,wenyen-gabriel,1629117.0,https://cdn.nba.com/headshots/nba/latest/1040x760/1629117.png,NBA CDN,candidate,manual_identity_research,,,,True,0
P004774,Wes Iwundu,Wes Iwundu,wes-iwundu,1628411.0,https://cdn.nba.com/headshots/nba/latest/1040x760/1628411.png,NBA CDN,candidate,manual_identity_research,,,,True,0
P004775,Wes Matthews,Wes Matthews,wes-matthews,77484.0,https://cdn.nba.com/headshots/nba/latest/1040x760/77484.png,NBA CDN,candidate,manual_identity_research,,,,True,0
P004776,Wes Unseld,Wes Unseld,wes-unseld-p004776,78392.0,https://cdn.nba.com/headshots/nba/latest/1040x760/78392.png,NBA CDN,candidate,manual_identity_research,,,,True,0
P004777,Wes Unseld*,Wes Unseld*,wes-unseld-p004777,78392.0,https://cdn.nba.com/headshots/nba/latest/1040x760/78392.png,NBA CDN,candidate,manual_identity_research,,,,True,0
P004778,Wesley Cox,Wesley Cox,wesley-cox,76465.0,https://cdn.nba.com/headshots/nba/latest/1040x760/76465.png,NBA CDN,candidate,manual_identity_research,,,,True,0
P004779,Wesley Johnson,Wesley Johnson,wesley-johnson,202325.0,https://cdn.nba.com/headshots/nba/latest/1040x760/202325.png,NBA CDN,candidate,manual_identity_research,,,,True,0
P004780,Wesley Matthews,Wesley Matthews,wesley-matthews,202083.0,https://cdn.nba.com/headshots/nba/latest/1040x760/202083.png,NBA CDN,candidate,manual_identity_research,,,,True,0
P004781,Wesley Person,Wesley Person,wesley-person,445.0,https://cdn.nba.com/headshots/nba/latest/1040x760/445.png,NBA CDN,candidate,manual_identity_research,,,,True,0
P004782,Whitey Bell,Whitey Bell,whitey-bell,,,,manual_identity_review,manual_identity_research,,,,True,0
P004783,Whitey Martin,Whitey Martin,whitey-martin,,,,manual_identity_review,manual_identity_research,,,,True,0
P004784,Whitey Skoog,Whitey Skoog,whitey-skoog,78169.0,https://cdn.nba.com/headshots/nba/latest/1040x760/78169.png,NBA CDN,candidate,manual_identity_research,,,,True,0
P004785,Wil Jones,Wil Jones,wil-jones,77201.0,https://cdn.nba.com/headshots/nba/latest/1040x760/77201.png,NBA CDN,candidate,manual_identity_research,,,,True,0
P004786,Wilbur Holland,Wilbur Holland,wilbur-holland,77042.0,https://cdn.nba.com/headshots/nba/latest/1040x760/77042.png,NBA CDN,candidate,manual_identity_research,,,,True,0
P004787,Wiley Peck,Wiley Peck,wiley-peck,77827.0,https://cdn.nba.com/headshots/nba/latest/1040x760/77827.png,NBA CDN,candidate,manual_identity_research,,,,True,0
P004788,Will Barton,Will Barton,will-barton,203115.0,https://cdn.nba.com/headshots/nba/latest/1040x760/203115.png,NBA CDN,candidate,manual_identity_research,,,,True,0
P004789,Will Blalock,Will Blalock,will-blalock,200807.0,https://cdn.nba.com/headshots/nba/latest/1040x760/200807.png,NBA CDN,candidate,manual_identity_research,,,,True,0
P004790,Will Bynum,Will Bynum,will-bynum,101198.0,https://cdn.nba.com/headshots/nba/latest/1040x760/101198.png,NBA CDN,candidate,manual_identity_research,,,,True,0
P004791,Will Cherry,Will Cherry,will-cherry,203805.0,https://cdn.nba.com/headshots/nba/latest/1040x760/203805.png,NBA CDN,candidate,manual_identity_research,,,,True,0
P004792,Will Conroy,Will Conroy,will-conroy,101215.0,https://cdn.nba.com/headshots/nba/latest/1040x760/101215.png,NBA CDN,candidate,manual_identity_research,,,,True,0
P004793,Will Frazier,Will Frazier,will-frazier,76751.0,https://cdn.nba.com/headshots/nba/latest/1040x760/76751.png,NBA CDN,candidate,manual_identity_research,,,,True,0
P004794,Will Magnay,Will Magnay,will-magnay,1630266.0,https://cdn.nba.com/headshots/nba/latest/1040x760/1630266.png,NBA CDN,candidate,manual_identity_research,,,,True,0
P004795,Will Perdue,Will Perdue,will-perdue,781.0,https://cdn.nba.com/headshots/nba/latest/1040x760/781.png,NBA CDN,candidate,manual_identity_research,,,,True,0
P004796,Will Richard,Will Richard,will-richard,1642954.0,https://cdn.nba.com/headshots/nba/latest/1040x760/1642954.png,NBA CDN,candidate,manual_identity_research,,,,True,0
P004797,Will Riley,Will Riley,will-riley,1642860.0,https://cdn.nba.com/headshots/nba/latest/1040x760/1642860.png,NBA CDN,candidate,manual_identity_research,,,,True,0
P004798,Will Solomon,Will Solomon,will-solomon,2226.0,https://cdn.nba.com/headshots/nba/latest/1040x760/2226.png,NBA CDN,candidate,manual_identity_research,,,,True,0
P004799,William Avery,William Avery,william-avery,1895.0,https://cdn.nba.com/headshots/nba/latest/1040x760/1895.png,NBA CDN,candidate,manual_identity_research,,,,True,0
P004800,William Bedford,William Bedford,william-bedford,76138.0,https://cdn.nba.com/headshots/nba/latest/1040x760/76138.png,NBA CDN,candidate,manual_identity_research,,,,True,0
P004801,William Cunningham,William Cunningham,william-cunningham,1061.0,https://cdn.nba.com/headshots/nba/latest/1040x760/1061.png,NBA CDN,candidate,manual_identity_research,,,,True,0
P004802,William Howard,William Howard,william-howard,1629739.0,https://cdn.nba.com/headshots/nba/latest/1040x760/1629739.png,NBA CDN,candidate,manual_identity_research,,,,True,0
P004803,Willie Anderson,Willie Anderson,willie-anderson,335.0,https://cdn.nba.com/headshots/nba/latest/1040x760/335.png,NBA CDN,candidate,manual_identity_research,,,,True,0
P004804,Willie Burton,Willie Burton,willie-burton,416.0,https://cdn.nba.com/headshots/nba/latest/1040x760/416.png,NBA CDN,candidate,manual_identity_research,,,,True,0
P004805,Willie Cauley-Stein,Willie Cauley-Stein,willie-cauley-stein,1626161.0,https://cdn.nba.com/headshots/nba/latest/1040x760/1626161.png,NBA CDN,candidate,manual_identity_research,,,,True,0
P004806,Willie Green,Willie Green,willie-green,2584.0,https://cdn.nba.com/headshots/nba/latest/1040x760/2584.png,NBA CDN,candidate,manual_identity_research,,,,True,0
P004807,Willie Jones,Willie Jones,willie-jones,77202.0,https://cdn.nba.com/headshots/nba/latest/1040x760/77202.png,NBA CDN,verified,none,200.0,image/avif,verified,True,0
P004808,Willie McCarter,Willie McCarter,willie-mccarter,77505.0,https://cdn.nba.com/headshots/nba/latest/1040x760/77505.png,NBA CDN,candidate,manual_identity_research,,,,True,0
P004809,Willie Naulls,Willie Naulls,willie-naulls,77693.0,https://cdn.nba.com/headshots/nba/latest/1040x760/77693.png,NBA CDN,candidate,manual_identity_research,,,,True,0
P004810,Willie Norwood,Willie Norwood,willie-norwood,77733.0,https://cdn.nba.com/headshots/nba/latest/1040x760/77733.png,NBA CDN,candidate,manual_identity_research,,,,True,0
P004811,Willie Reed,Willie Reed,willie-reed,203186.0,https://cdn.nba.com/headshots/nba/latest/1040x760/203186.png,NBA CDN,candidate,manual_identity_research,,,,True,0
P004812,Willie Smith,Willie Smith,willie-smith,78208.0,https://cdn.nba.com/headshots/nba/latest/1040x760/78208.png,NBA CDN,candidate,manual_identity_research,,,,True,0
P004813,Willie Somerset,Willie Somerset,willie-somerset,78219.0,https://cdn.nba.com/headshots/nba/latest/1040x760/78219.png,NBA CDN,candidate,manual_identity_research,,,,True,0
P004814,Willie Warren,Willie Warren,willie-warren,202378.0,https://cdn.nba.com/headshots/nba/latest/1040x760/202378.png,NBA CDN,candidate,manual_identity_research,,,,True,0
P004815,Willie White,Willie White,willie-white,78515.0,https://cdn.nba.com/headshots/nba/latest/1040x760/78515.png,NBA CDN,candidate,manual_identity_research,,,,True,0
P004816,Willie Williams,Willie Williams,willie-williams,78574.0,https://cdn.nba.com/headshots/nba/latest/1040x760/78574.png,NBA CDN,candidate,manual_identity_research,,,,True,0
P004817,Willie Wise,Willie Wise,willie-wise,78602.0,https://cdn.nba.com/headshots/nba/latest/1040x760/78602.png,NBA CDN,candidate,manual_identity_research,,,,True,0
P004818,Willis Reed,Willis Reed,willis-reed-p004818,77929.0,https://cdn.nba.com/headshots/nba/latest/1040x760/77929.png,NBA CDN,candidate,manual_identity_research,,,,True,0
P004819,Willis Reed*,Willis Reed*,willis-reed-p004819,77929.0,https://cdn.nba.com/headshots/nba/latest/1040x760/77929.png,NBA CDN,candidate,manual_identity_research,,,,True,0
P004820,Willy Hernangómez,Willy Hernangómez,willy-hernang-mez,1626195.0,https://cdn.nba.com/headshots/nba/latest/1040x760/1626195.png,NBA CDN,candidate,manual_identity_research,,,,True,0
P004821,Wilson Chandler,Wilson Chandler,wilson-chandler,201163.0,https://cdn.nba.com/headshots/nba/latest/1040x760/201163.png,NBA CDN,candidate,manual_identity_research,,,,True,0
P004822,Wilson Washington,Wilson Washington,wilson-washington,78471.0,https://cdn.nba.com/headshots/nba/latest/1040x760/78471.png,NBA CDN,candidate,manual_identity_research,,,,True,0
P004823,Wilt Chamberlain,Wilt Chamberlain,wilt-chamberlain-p004823,76375.0,https://cdn.nba.com/headshots/nba/latest/1040x760/76375.png,NBA CDN,candidate,manual_identity_research,,,,True,0
P004824,Wilt Chamberlain*,Wilt Chamberlain*,wilt-chamberlain-p004824,76375.0,https://cdn.nba.com/headshots/nba/latest/1040x760/76375.png,NBA CDN,candidate,manual_identity_research,,,,True,0
P004825,Win Wilfong,Win Wilfong,win-wilfong,78529.0,https://cdn.nba.com/headshots/nba/latest/1040x760/78529.png,NBA CDN,candidate,manual_identity_research,,,,True,0
P004826,Winford Boynes,Winford Boynes,winford-boynes,76225.0,https://cdn.nba.com/headshots/nba/latest/1040x760/76225.png,NBA CDN,candidate,manual_identity_research,,,,True,0
P004827,Winston Bennett,Winston Bennett,winston-bennett,76152.0,https://cdn.nba.com/headshots/nba/latest/1040x760/76152.png,NBA CDN,candidate,manual_identity_research,,,,True,0
P004828,Winston Crite,Winston Crite,winston-crite,76472.0,https://cdn.nba.com/headshots/nba/latest/1040x760/76472.png,NBA CDN,candidate,manual_identity_research,,,,True,0
P004829,Winston Garland,Winston Garland,winston-garland,76782.0,https://cdn.nba.com/headshots/nba/latest/1040x760/76782.png,NBA CDN,candidate,manual_identity_research,,,,True,0
P004830,Woody Sauldsberry,Woody Sauldsberry,woody-sauldsberry,78064.0,https://cdn.nba.com/headshots/nba/latest/1040x760/78064.png,NBA CDN,candidate,manual_identity_research,,,,True,0
P004831,World B. Free,World B. Free,world-b-free,,,,manual_identity_review,manual_identity_research,,,,True,0
P004832,Worthy Patterson,Worthy Patterson,worthy-patterson,77814.0,https://cdn.nba.com/headshots/nba/latest/1040x760/77814.png,NBA CDN,candidate,manual_identity_research,,,,True,0
P004833,Xavier Cooks,Xavier Cooks,xavier-cooks,1641645.0,https://cdn.nba.com/headshots/nba/latest/1040x760/1641645.png,NBA CDN,candidate,manual_identity_research,,,,True,0
P004834,Xavier Henry,Xavier Henry,xavier-henry,202333.0,https://cdn.nba.com/headshots/nba/latest/1040x760/202333.png,NBA CDN,candidate,manual_identity_research,,,,True,0
P004835,Xavier McDaniel,Xavier McDaniel,xavier-mcdaniel,1365.0,https://cdn.nba.com/headshots/nba/latest/1040x760/1365.png,NBA CDN,candidate,manual_identity_research,,,,True,0
P004836,Xavier Moon,Xavier Moon,xavier-moon,1629875.0,https://cdn.nba.com/headshots/nba/latest/1040x760/1629875.png,NBA CDN,candidate,manual_identity_research,,,,True,0
P004837,Xavier Munford,Xavier Munford,xavier-munford,204098.0,https://cdn.nba.com/headshots/nba/latest/1040x760/204098.png,NBA CDN,candidate,manual_identity_research,,,,True,0
P004838,Xavier Rathan-Mayes,Xavier Rathan-Mayes,xavier-rathan-mayes,1628504.0,https://cdn.nba.com/headshots/nba/latest/1040x760/1628504.png,NBA CDN,candidate,manual_identity_research,,,,True,0
P004839,Xavier Silas,Xavier Silas,xavier-silas,202918.0,https://cdn.nba.com/headshots/nba/latest/1040x760/202918.png,NBA CDN,candidate,manual_identity_research,,,,True,0
P004840,Xavier Sneed,Xavier Sneed,xavier-sneed,1630270.0,https://cdn.nba.com/headshots/nba/latest/1040x760/1630270.png,NBA CDN,candidate,manual_identity_research,,,,True,0
P004841,Xavier Tillman Sr.,Xavier Tillman Sr.,xavier-tillman-sr,1630214.0,https://cdn.nba.com/headshots/nba/latest/1040x760/1630214.png,NBA CDN,verified,none,200.0,image/webp,verified,True,0
P004842,Yakhouba Diawara,Yakhouba Diawara,yakhouba-diawara,200821.0,https://cdn.nba.com/headshots/nba/latest/1040x760/200821.png,NBA CDN,candidate,manual_identity_research,,,,True,0
P004843,Yang Hansen,Yang Hansen,yang-hansen,1642905.0,https://cdn.nba.com/headshots/nba/latest/1040x760/1642905.png,NBA CDN,candidate,manual_identity_research,,,,True,0
P004844,Yanic Konan Niederhäuser,Yanic Konan Niederhäuser,yanic-konan-niederh-user,1642949.0,https://cdn.nba.com/headshots/nba/latest/1040x760/1642949.png,NBA CDN,candidate,manual_identity_research,,,,True,0
P004845,Yante Maten,Yante Maten,yante-maten,1628999.0,https://cdn.nba.com/headshots/nba/latest/1040x760/1628999.png,NBA CDN,candidate,manual_identity_research,,,,True,0
P004846,Yao Ming,Yao Ming,yao-ming-p004846,2397.0,https://cdn.nba.com/headshots/nba/latest/1040x760/2397.png,NBA CDN,candidate,manual_identity_research,,,,True,0
P004847,Yao Ming*,Yao Ming*,yao-ming-p004847,2397.0,https://cdn.nba.com/headshots/nba/latest/1040x760/2397.png,NBA CDN,candidate,manual_identity_research,,,,True,0
P004848,Yaroslav Korolev,Yaroslav Korolev,yaroslav-korolev,101117.0,https://cdn.nba.com/headshots/nba/latest/1040x760/101117.png,NBA CDN,candidate,manual_identity_research,,,,True,0
P004849,Yi Jianlian,Yi Jianlian,yi-jianlian,201146.0,https://cdn.nba.com/headshots/nba/latest/1040x760/201146.png,NBA CDN,candidate,manual_identity_research,,,,True,0
P004850,Yinka Dare,Yinka Dare,yinka-dare,212.0,https://cdn.nba.com/headshots/nba/latest/1040x760/212.png,NBA CDN,candidate,manual_identity_research,,,,True,0
P004851,Yogi Ferrell,Yogi Ferrell,yogi-ferrell,1627812.0,https://cdn.nba.com/headshots/nba/latest/1040x760/1627812.png,NBA CDN,candidate,manual_identity_research,,,,True,0
P004852,York Larese,York Larese,york-larese,77339.0,https://cdn.nba.com/headshots/nba/latest/1040x760/77339.png,NBA CDN,candidate,manual_identity_research,,,,True,0
P004853,Yuki Kawamura,Yuki Kawamura,yuki-kawamura,1642530.0,https://cdn.nba.com/headshots/nba/latest/1040x760/1642530.png,NBA CDN,candidate,manual_identity_research,,,,True,0
P004854,Yuri Collins,Yuri Collins,yuri-collins,1641879.0,https://cdn.nba.com/headshots/nba/latest/1040x760/1641879.png,NBA CDN,candidate,manual_identity_research,,,,True,0
P004855,Yuta Tabuse,Yuta Tabuse,yuta-tabuse,2657.0,https://cdn.nba.com/headshots/nba/latest/1040x760/2657.png,NBA CDN,candidate,manual_identity_research,,,,True,0
P004856,Yuta Watanabe,Yuta Watanabe,yuta-watanabe,1629139.0,https://cdn.nba.com/headshots/nba/latest/1040x760/1629139.png,NBA CDN,candidate,manual_identity_research,,,,True,0
P004857,Yves Missi,Yves Missi,yves-missi,1642274.0,https://cdn.nba.com/headshots/nba/latest/1040x760/1642274.png,NBA CDN,candidate,manual_identity_research,,,,True,0
P004858,Yves Pons,Yves Pons,yves-pons,1630582.0,https://cdn.nba.com/headshots/nba/latest/1040x760/1630582.png,NBA CDN,candidate,manual_identity_research,,,,True,0
P004859,Yvon Joseph,Yvon Joseph,yvon-joseph,77214.0,https://cdn.nba.com/headshots/nba/latest/1040x760/77214.png,NBA CDN,candidate,manual_identity_research,,,,True,0
P004860,Zabian Dowdell,Zabian Dowdell,zabian-dowdell,202220.0,https://cdn.nba.com/headshots/nba/latest/1040x760/202220.png,NBA CDN,candidate,manual_identity_research,,,,True,0
P004861,Zaccharie Risacher,Zaccharie Risacher,zaccharie-risacher,1642258.0,https://cdn.nba.com/headshots/nba/latest/1040x760/1642258.png,NBA CDN,candidate,manual_identity_research,,,,True,0
P004862,Zach Collins,Zach Collins,zach-collins,1628380.0,https://cdn.nba.com/headshots/nba/latest/1040x760/1628380.png,NBA CDN,candidate,manual_identity_research,,,,True,0
P004863,Zach Edey,Zach Edey,zach-edey,1641744.0,https://cdn.nba.com/headshots/nba/latest/1040x760/1641744.png,NBA CDN,candidate,manual_identity_research,,,,True,0
P004864,Zach LaVine,Zach LaVine,zach-lavine,203897.0,https://cdn.nba.com/headshots/nba/latest/1040x760/203897.png,NBA CDN,candidate,manual_identity_research,,,,True,0
P004865,Zach Lofton,Zach Lofton,zach-lofton,1629155.0,https://cdn.nba.com/headshots/nba/latest/1040x760/1629155.png,NBA CDN,candidate,manual_identity_research,,,,True,0
P004866,Zach Norvell,Zach Norvell,zach-norvell,1629668.0,https://cdn.nba.com/headshots/nba/latest/1040x760/1629668.png,NBA CDN,verified,none,200.0,image/webp,verified,True,0
P004867,Zach Randolph,Zach Randolph,zach-randolph,2216.0,https://cdn.nba.com/headshots/nba/latest/1040x760/2216.png,NBA CDN,candidate,manual_identity_research,,,,True,0
P004868,Zaid Abdul-Aziz,Zaid Abdul-Aziz,zaid-abdul-aziz,76002.0,https://cdn.nba.com/headshots/nba/latest/1040x760/76002.png,NBA CDN,candidate,manual_identity_research,,,,True,0
P004869,Zavier Simpson,Zavier Simpson,zavier-simpson,1630285.0,https://cdn.nba.com/headshots/nba/latest/1040x760/1630285.png,NBA CDN,candidate,manual_identity_research,,,,True,0
P004870,Zaza Pachulia,Zaza Pachulia,zaza-pachulia,2585.0,https://cdn.nba.com/headshots/nba/latest/1040x760/2585.png,NBA CDN,candidate,manual_identity_research,,,,True,0
P004871,Zeke Nnaji,Zeke Nnaji,zeke-nnaji,1630192.0,https://cdn.nba.com/headshots/nba/latest/1040x760/1630192.png,NBA CDN,candidate,manual_identity_research,,,,True,0
P004872,Zeke Sinicola,Zeke Sinicola,zeke-sinicola,78163.0,https://cdn.nba.com/headshots/nba/latest/1040x760/78163.png,NBA CDN,candidate,manual_identity_research,,,,True,0
P004873,Zeke Zawoluk,Zeke Zawoluk,zeke-zawoluk,,,,manual_identity_review,manual_identity_research,,,,True,0
P004874,Zelmo Beaty,Zelmo Beaty,zelmo-beaty-p004874,76133.0,https://cdn.nba.com/headshots/nba/latest/1040x760/76133.png,NBA CDN,candidate,manual_identity_research,,,,True,0
P004875,Zelmo Beaty*,Zelmo Beaty*,zelmo-beaty-p004875,76133.0,https://cdn.nba.com/headshots/nba/latest/1040x760/76133.png,NBA CDN,candidate,manual_identity_research,,,,True,0
P004876,Zendon Hamilton,Zendon Hamilton,zendon-hamilton,1985.0,https://cdn.nba.com/headshots/nba/latest/1040x760/1985.png,NBA CDN,candidate,manual_identity_research,,,,True,0
P004877,Zhaire Smith,Zhaire Smith,zhaire-smith,1629015.0,https://cdn.nba.com/headshots/nba/latest/1040x760/1629015.png,NBA CDN,candidate,manual_identity_research,,,,True,0
P004878,Zhou Qi,Zhou Qi,zhou-qi,1627753.0,https://cdn.nba.com/headshots/nba/latest/1040x760/1627753.png,NBA CDN,candidate,manual_identity_research,,,,True,0
P004879,Ziaire Williams,Ziaire Williams,ziaire-williams,1630533.0,https://cdn.nba.com/headshots/nba/latest/1040x760/1630533.png,NBA CDN,candidate,manual_identity_research,,,,True,0
P004880,Zion Williamson,Zion Williamson,zion-williamson,1629627.0,https://cdn.nba.com/headshots/nba/latest/1040x760/1629627.png,NBA CDN,candidate,manual_identity_research,,,,True,0
P004881,Zoran Dragić,Zoran Dragić,zoran-dragi,204054.0,https://cdn.nba.com/headshots/nba/latest/1040x760/204054.png,NBA CDN,candidate,manual_identity_research,,,,True,0
P004882,Zoran Planinić,Zoran Planinić,zoran-planini,2565.0,https://cdn.nba.com/headshots/nba/latest/1040x760/2565.png,NBA CDN,candidate,manual_identity_research,,,,True,0
P004883,Zydrunas Ilgauskas,Zydrunas Ilgauskas,zydrunas-ilgauskas,980.0,https://cdn.nba.com/headshots/nba/latest/1040x760/980.png,NBA CDN,candidate,manual_identity_research,,,,True,0
P004884,Zylan Cheatham,Zylan Cheatham,zylan-cheatham,1629597.0,https://cdn.nba.com/headshots/nba/latest/1040x760/1629597.png,NBA CDN,candidate,manual_identity_research,,,,True,0
P004885,Zyon Pullin,Zyon Pullin,zyon-pullin,1642389.0,https://cdn.nba.com/headshots/nba/latest/1040x760/1642389.png,NBA CDN,candidate,manual_identity_research,,,,True,0
P004886,Álex Abrines,Álex Abrines,lex-abrines,203518.0,https://cdn.nba.com/headshots/nba/latest/1040x760/203518.png,NBA CDN,candidate,manual_identity_research,,,,True,0
P004887,Ángel Delgado,Ángel Delgado,ngel-delgado,1629116.0,https://cdn.nba.com/headshots/nba/latest/1040x760/1629116.png,NBA CDN,candidate,manual_identity_research,,,,True,0
P004888,Óscar Torres,Óscar Torres,scar-torres,2351.0,https://cdn.nba.com/headshots/nba/latest/1040x760/2351.png,NBA CDN,candidate,manual_identity_research,,,,True,0
P004889,Ömer Aşık,Ömer Aşık,mer-a-k,,,,manual_identity_review,manual_identity_research,,,,True,0
P004890,Šarūnas Jasikevičius,Šarūnas Jasikevičius,ar-nas-jasikevi-ius,101180.0,https://cdn.nba.com/headshots/nba/latest/1040x760/101180.png,NBA CDN,candidate,manual_identity_research,,,,True,0
P004891,Šarūnas Marčiulionis,Šarūnas Marčiulionis,ar-nas-mar-iulionis-p004891,36.0,https://cdn.nba.com/headshots/nba/latest/1040x760/36.png,NBA CDN,candidate,manual_identity_research,,,,True,0
P004892,Šarūnas Marčiulionis*,Šarūnas Marčiulionis*,ar-nas-mar-iulionis-p004892,36.0,https://cdn.nba.com/headshots/nba/latest/1040x760/36.png,NBA CDN,candidate,manual_identity_research,,,,True,0
P004893,Žan Tabak,Žan Tabak,an-tabak,440.0,https://cdn.nba.com/headshots/nba/latest/1040x760/440.png,NBA CDN,candidate,manual_identity_research,,,,True,0
P004894,Žarko Paspalj,Žarko Paspalj,arko-paspalj,1097.0,https://cdn.nba.com/headshots/nba/latest/1040x760/1097.png,NBA CDN,candidate,manual_identity_research,,,,True,0
P004895,Žarko Čabarkapa,Žarko Čabarkapa,arko-abarkapa,2560.0,https://cdn.nba.com/headshots/nba/latest/1040x760/2560.png,NBA CDN,candidate,manual_identity_research,,,,True,0
P004896,Željko Rebrača,Željko Rebrača,eljko-rebra-a,1442.0,https://cdn.nba.com/headshots/nba/latest/1040x760/1442.png,NBA CDN,candidate,manual_identity_research,,,,True,0
