Player_ID,Player,Display_Name,Player_Slug,Headshot_URL,Headshot_Status
a-c-green,A.C. Green,A.C. Green,a-c-green,,pending
a-j-bramlett,A.J. Bramlett,A.J. Bramlett,a-j-bramlett,,pending
a-j-english,A.J. English,A.J. English,a-j-english,,pending
a-j-green,A.J. Green,A.J. Green,a-j-green,,pending
a-j-guyton,A.J. Guyton,A.J. Guyton,a-j-guyton,,pending
a-j-hammons,A.J. Hammons,A.J. Hammons,a-j-hammons,,pending
a-j-lawson,A.J. Lawson,A.J. Lawson,a-j-lawson,,pending
a-j-price,A.J. Price,A.J. Price,a-j-price,,pending
a-j-wynder,A.J. Wynder,A.J. Wynder,a-j-wynder,,pending
a-w-holt,A.W. Holt,A.W. Holt,a-w-holt,,pending
aj-griffin,AJ Griffin,AJ Griffin,aj-griffin,,pending
aj-johnson,AJ Johnson,AJ Johnson,aj-johnson,,pending
aaron-brooks,Aaron Brooks,Aaron Brooks,aaron-brooks,,pending
aaron-gordon,Aaron Gordon,Aaron Gordon,aaron-gordon,,pending
aaron-gray,Aaron Gray,Aaron Gray,aaron-gray,,pending
aaron-harrison,Aaron Harrison,Aaron Harrison,aaron-harrison,,pending
aaron-henry,Aaron Henry,Aaron Henry,aaron-henry,,pending
aaron-holiday,Aaron Holiday,Aaron Holiday,aaron-holiday,,pending
aaron-jackson,Aaron Jackson,Aaron Jackson,aaron-jackson,,pending
aaron-james,Aaron James,Aaron James,aaron-james,,pending
aaron-mckie,Aaron McKie,Aaron McKie,aaron-mckie,,pending
aaron-miles,Aaron Miles,Aaron Miles,aaron-miles,,pending
aaron-nesmith,Aaron Nesmith,Aaron Nesmith,aaron-nesmith,,pending
aaron-swinson,Aaron Swinson,Aaron Swinson,aaron-swinson,,pending
aaron-wiggins,Aaron Wiggins,Aaron Wiggins,aaron-wiggins,,pending
aaron-williams,Aaron Williams,Aaron Williams,aaron-williams,,pending
abdel-nader,Abdel Nader,Abdel Nader,abdel-nader,,pending
abdul-jeelani,Abdul Jeelani,Abdul Jeelani,abdul-jeelani,,pending
ace-bailey,Ace Bailey,Ace Bailey,ace-bailey,,pending
acie-earl,Acie Earl,Acie Earl,acie-earl,,pending
acie-law,Acie Law,Acie Law,acie-law,,pending
adam-flagler,Adam Flagler,Adam Flagler,adam-flagler,,pending
adam-harrington,Adam Harrington,Adam Harrington,adam-harrington,,pending
adam-keefe,Adam Keefe,Adam Keefe,adam-keefe,,pending
adam-mokoka,Adam Mokoka,Adam Mokoka,adam-mokoka,,pending
adam-morrison,Adam Morrison,Adam Morrison,adam-morrison,,pending
adama-sanogo,Adama Sanogo,Adama Sanogo,adama-sanogo,,pending
adama-alpha-bal,Adama-Alpha Bal,Adama-Alpha Bal,adama-alpha-bal,,pending
ade-murkey,Ade Murkey,Ade Murkey,ade-murkey,,pending
adem-bona,Adem Bona,Adem Bona,adem-bona,,pending
admiral-schofield,Admiral Schofield,Admiral Schofield,admiral-schofield,,pending
adonal-foyle,Adonal Foyle,Adonal Foyle,adonal-foyle,,pending
adonis-jordan,Adonis Jordan,Adonis Jordan,adonis-jordan,,pending
adonis-thomas,Adonis Thomas,Adonis Thomas,adonis-thomas,,pending
adou-thiero,Adou Thiero,Adou Thiero,adou-thiero,,pending
adreian-payne,Adreian Payne,Adreian Payne,adreian-payne,,pending
adrian-branch,Adrian Branch,Adrian Branch,adrian-branch,,pending
adrian-caldwell,Adrian Caldwell,Adrian Caldwell,adrian-caldwell,,pending
adrian-dantley,Adrian Dantley,Adrian Dantley,adrian-dantley,,pending
adrian-dantley,Adrian Dantley*,Adrian Dantley*,adrian-dantley,,pending
adrian-griffin,Adrian Griffin,Adrian Griffin,adrian-griffin,,pending
adrian-smith,Adrian Smith,Adrian Smith,adrian-smith,,pending
ahmad-caver,Ahmad Caver,Ahmad Caver,ahmad-caver,,pending
ajay-mitchell,Ajay Mitchell,Ajay Mitchell,ajay-mitchell,,pending
al-attles,Al Attles,Al Attles,al-attles,,pending
al-attles,Al Attles*,Al Attles*,al-attles,,pending
al-bianchi,Al Bianchi,Al Bianchi,al-bianchi,,pending
al-butler,Al Butler,Al Butler,al-butler,,pending
al-carlson,Al Carlson,Al Carlson,al-carlson,,pending
al-cervi,Al Cervi,Al Cervi,al-cervi,,pending
al-cervi,Al Cervi*,Al Cervi*,al-cervi,,pending
al-eberhard,Al Eberhard,Al Eberhard,al-eberhard,,pending
al-ferrari,Al Ferrari,Al Ferrari,al-ferrari,,pending
al-fleming,Al Fleming,Al Fleming,al-fleming,,pending
al-hairston,Al Hairston,Al Hairston,al-hairston,,pending
al-harrington,Al Harrington,Al Harrington,al-harrington,,pending
al-henry,Al Henry,Al Henry,al-henry,,pending
al-horford,Al Horford,Al Horford,al-horford,,pending
al-jackson,Al Jackson,Al Jackson,al-jackson,,pending
al-jefferson,Al Jefferson,Al Jefferson,al-jefferson,,pending
al-masino,Al Masino,Al Masino,al-masino,,pending
al-mcguire,Al McGuire,Al McGuire,al-mcguire,,pending
al-mcguire,Al McGuire*,Al McGuire*,al-mcguire,,pending
al-roges,Al Roges,Al Roges,al-roges,,pending
al-skinner,Al Skinner,Al Skinner,al-skinner,,pending
al-thornton,Al Thornton,Al Thornton,al-thornton,,pending
al-tucker,Al Tucker,Al Tucker,al-tucker,,pending
al-wood,Al Wood,Al Wood,al-wood,,pending
al-farouq-aminu,Al-Farouq Aminu,Al-Farouq Aminu,al-farouq-aminu,,pending
alaa-abdelnaby,Alaa Abdelnaby,Alaa Abdelnaby,alaa-abdelnaby,,pending
alan-anderson,Alan Anderson,Alan Anderson,alan-anderson,,pending
alan-hardy,Alan Hardy,Alan Hardy,alan-hardy,,pending
alan-henderson,Alan Henderson,Alan Henderson,alan-henderson,,pending
alan-ogg,Alan Ogg,Alan Ogg,alan-ogg,,pending
alan-williams,Alan Williams,Alan Williams,alan-williams,,pending
alando-tucker,Alando Tucker,Alando Tucker,alando-tucker,,pending
albert-king,Albert King,Albert King,albert-king,,pending
alec-burks,Alec Burks,Alec Burks,alec-burks,,pending
alec-kessler,Alec Kessler,Alec Kessler,alec-kessler,,pending
alec-peters,Alec Peters,Alec Peters,alec-peters,,pending
aleem-ford,Aleem Ford,Aleem Ford,aleem-ford,,pending
aleksandar-djordjevic,Aleksandar Djordjevic,Aleksandar Djordjevic,aleksandar-djordjevic,,pending
aleksandar-radojevi,Aleksandar Radojević,Aleksandar Radojević,aleksandar-radojevi,,pending
aleksej-pokusevski,Aleksej Pokusevski,Aleksej Pokusevski,aleksej-pokusevski,,pending
alen-smailagi,Alen Smailagić,Alen Smailagić,alen-smailagi,,pending
alex-acker,Alex Acker,Alex Acker,alex-acker,,pending
alex-antetokounmpo,Alex Antetokounmpo,Alex Antetokounmpo,alex-antetokounmpo,,pending
alex-blackwell,Alex Blackwell,Alex Blackwell,alex-blackwell,,pending
alex-bradley,Alex Bradley,Alex Bradley,alex-bradley,,pending
alex-caruso,Alex Caruso,Alex Caruso,alex-caruso,,pending
alex-ducas,Alex Ducas,Alex Ducas,alex-ducas,,pending
alex-english,Alex English,Alex English,alex-english,,pending
alex-english,Alex English*,Alex English*,alex-english,,pending
alex-fudge,Alex Fudge,Alex Fudge,alex-fudge,,pending
alex-garcia,Alex Garcia,Alex Garcia,alex-garcia,,pending
alex-hannum,Alex Hannum,Alex Hannum,alex-hannum,,pending
alex-hannum,Alex Hannum*,Alex Hannum*,alex-hannum,,pending
alex-kirk,Alex Kirk,Alex Kirk,alex-kirk,,pending
alex-len,Alex Len,Alex Len,alex-len,,pending
alex-morales,Alex Morales,Alex Morales,alex-morales,,pending
alex-poythress,Alex Poythress,Alex Poythress,alex-poythress,,pending
alex-reese,Alex Reese,Alex Reese,alex-reese,,pending
alex-sarr,Alex Sarr,Alex Sarr,alex-sarr,,pending
alex-scales,Alex Scales,Alex Scales,alex-scales,,pending
alex-stepheson,Alex Stepheson,Alex Stepheson,alex-stepheson,,pending
alex-stivrins,Alex Stivrins,Alex Stivrins,alex-stivrins,,pending
alexander-johnson,Alexander Johnson,Alexander Johnson,alexander-johnson,,pending
alexander-volkov,Alexander Volkov,Alexander Volkov,alexander-volkov,,pending
alexey-shved,Alexey Shved,Alexey Shved,alexey-shved,,pending
alexis-ajin-a,Alexis Ajinça,Alexis Ajinça,alexis-ajin-a,,pending
alfonzo-mckinnie,Alfonzo McKinnie,Alfonzo McKinnie,alfonzo-mckinnie,,pending
alfredrick-hughes,Alfredrick Hughes,Alfredrick Hughes,alfredrick-hughes,,pending
alijah-martin,Alijah Martin,Alijah Martin,alijah-martin,,pending
alize-johnson,Alize Johnson,Alize Johnson,alize-johnson,,pending
allan-bristow,Allan Bristow,Allan Bristow,allan-bristow,,pending
allan-houston,Allan Houston,Allan Houston,allan-houston,,pending
allan-ray,Allan Ray,Allan Ray,allan-ray,,pending
allen-crabbe,Allen Crabbe,Allen Crabbe,allen-crabbe,,pending
allen-iverson,Allen Iverson,Allen Iverson,allen-iverson,,pending
allen-iverson,Allen Iverson*,Allen Iverson*,allen-iverson,,pending
allen-leavell,Allen Leavell,Allen Leavell,allen-leavell,,pending
allen-murphy,Allen Murphy,Allen Murphy,allen-murphy,,pending
allie-mcguire,Allie McGuire,Allie McGuire,allie-mcguire,,pending
allonzo-trier,Allonzo Trier,Allonzo Trier,allonzo-trier,,pending
alondes-williams,Alondes Williams,Alondes Williams,alondes-williams,,pending
alonzo-bradley,Alonzo Bradley,Alonzo Bradley,alonzo-bradley,,pending
alonzo-gee,Alonzo Gee,Alonzo Gee,alonzo-gee,,pending
alonzo-mourning,Alonzo Mourning,Alonzo Mourning,alonzo-mourning,,pending
alonzo-mourning,Alonzo Mourning*,Alonzo Mourning*,alonzo-mourning,,pending
alperen-eng-n,Alperen Şengün,Alperen Şengün,alperen-eng-n,,pending
alphonso-ford,Alphonso Ford,Alphonso Ford,alphonso-ford,,pending
alton-ford,Alton Ford,Alton Ford,alton-ford,,pending
alton-lister,Alton Lister,Alton Lister,alton-lister,,pending
alvan-adams,Alvan Adams,Alvan Adams,alvan-adams,,pending
alvin-heggs,Alvin Heggs,Alvin Heggs,alvin-heggs,,pending
alvin-jones,Alvin Jones,Alvin Jones,alvin-jones,,pending
alvin-robertson,Alvin Robertson,Alvin Robertson,alvin-robertson,,pending
alvin-scott,Alvin Scott,Alvin Scott,alvin-scott,,pending
alvin-sims,Alvin Sims,Alvin Sims,alvin-sims,,pending
alvin-williams,Alvin Williams,Alvin Williams,alvin-williams,,pending
amal-mccaskill,Amal McCaskill,Amal McCaskill,amal-mccaskill,,pending
amar-e-stoudemire,Amar'e Stoudemire,Amar'e Stoudemire,amar-e-stoudemire,,pending
amari-bailey,Amari Bailey,Amari Bailey,amari-bailey,,pending
amari-williams,Amari Williams,Amari Williams,amari-williams,,pending
amen-thompson,Amen Thompson,Amen Thompson,amen-thompson,,pending
amida-brimah,Amida Brimah,Amida Brimah,amida-brimah,,pending
amile-jefferson,Amile Jefferson,Amile Jefferson,amile-jefferson,,pending
amir-coffey,Amir Coffey,Amir Coffey,amir-coffey,,pending
amir-johnson,Amir Johnson,Amir Johnson,amir-johnson,,pending
anderson-varej-o,Anderson Varejão,Anderson Varejão,anderson-varej-o,,pending
andersson-garcia,Andersson Garcia,Andersson Garcia,andersson-garcia,,pending
andrae-patterson,Andrae Patterson,Andrae Patterson,andrae-patterson,,pending
andray-blatche,Andray Blatche,Andray Blatche,andray-blatche,,pending
andre-barrett,Andre Barrett,Andre Barrett,andre-barrett,,pending
andre-brown,Andre Brown,Andre Brown,andre-brown,,pending
andre-dawkins,Andre Dawkins,Andre Dawkins,andre-dawkins,,pending
andre-drummond,Andre Drummond,Andre Drummond,andre-drummond,,pending
andre-emmett,Andre Emmett,Andre Emmett,andre-emmett,,pending
andre-iguodala,Andre Iguodala,Andre Iguodala,andre-iguodala,,pending
andre-ingram,Andre Ingram,Andre Ingram,andre-ingram,,pending
andre-jackson-jr,Andre Jackson Jr.,Andre Jackson Jr.,andre-jackson-jr,,pending
andre-mccarter,Andre McCarter,Andre McCarter,andre-mccarter,,pending
andre-miller,Andre Miller,Andre Miller,andre-miller,,pending
andre-moore,Andre Moore,Andre Moore,andre-moore,,pending
andre-owens,Andre Owens,Andre Owens,andre-owens,,pending
andre-roberson,Andre Roberson,Andre Roberson,andre-roberson,,pending
andre-spencer,Andre Spencer,Andre Spencer,andre-spencer,,pending
andre-turner,Andre Turner,Andre Turner,andre-turner,,pending
andre-wakefield,Andre Wakefield,Andre Wakefield,andre-wakefield,,pending
andrea-bargnani,Andrea Bargnani,Andrea Bargnani,andrea-bargnani,,pending
andreas-glyniadakis,Andreas Glyniadakis,Andreas Glyniadakis,andreas-glyniadakis,,pending
andrei-kirilenko,Andrei Kirilenko,Andrei Kirilenko,andrei-kirilenko,,pending
andrew-bogut,Andrew Bogut,Andrew Bogut,andrew-bogut,,pending
andrew-bynum,Andrew Bynum,Andrew Bynum,andrew-bynum,,pending
andrew-declercq,Andrew DeClercq,Andrew DeClercq,andrew-declercq,,pending
andrew-funk,Andrew Funk,Andrew Funk,andrew-funk,,pending
andrew-gaze,Andrew Gaze,Andrew Gaze,andrew-gaze,,pending
andrew-goudelock,Andrew Goudelock,Andrew Goudelock,andrew-goudelock,,pending
andrew-harrison,Andrew Harrison,Andrew Harrison,andrew-harrison,,pending
andrew-lang,Andrew Lang,Andrew Lang,andrew-lang,,pending
andrew-levane,Andrew Levane,Andrew Levane,andrew-levane,,pending
andrew-nembhard,Andrew Nembhard,Andrew Nembhard,andrew-nembhard,,pending
andrew-nicholson,Andrew Nicholson,Andrew Nicholson,andrew-nicholson,,pending
andrew-toney,Andrew Toney,Andrew Toney,andrew-toney,,pending
andrew-white,Andrew White,Andrew White,andrew-white,,pending
andrew-wiggins,Andrew Wiggins,Andrew Wiggins,andrew-wiggins,,pending
andris-biedri,Andris Biedriņš,Andris Biedriņš,andris-biedri,,pending
andr-s-guibert,Andrés Guibert,Andrés Guibert,andr-s-guibert,,pending
andr-s-nocioni,Andrés Nocioni,Andrés Nocioni,andr-s-nocioni,,pending
andy-johnson,Andy Johnson,Andy Johnson,andy-johnson,,pending
andy-panko,Andy Panko,Andy Panko,andy-panko,,pending
andy-phillip,Andy Phillip,Andy Phillip,andy-phillip,,pending
andy-phillip,Andy Phillip*,Andy Phillip*,andy-phillip,,pending
andy-rautins,Andy Rautins,Andy Rautins,andy-rautins,,pending
andy-toolson,Andy Toolson,Andy Toolson,andy-toolson,,pending
andy-walker,Andy Walker,Andy Walker,andy-walker,,pending
anfernee-hardaway,Anfernee Hardaway,Anfernee Hardaway,anfernee-hardaway,,pending
anfernee-simons,Anfernee Simons,Anfernee Simons,anfernee-simons,,pending
ansu-sesay,Ansu Sesay,Ansu Sesay,ansu-sesay,,pending
antawn-jamison,Antawn Jamison,Antawn Jamison,antawn-jamison,,pending
ante-i-i,Ante Žižić,Ante Žižić,ante-i-i,,pending
anthony-avent,Anthony Avent,Anthony Avent,anthony-avent,,pending
anthony-bennett,Anthony Bennett,Anthony Bennett,anthony-bennett,,pending
anthony-black,Anthony Black,Anthony Black,anthony-black,,pending
anthony-bonner,Anthony Bonner,Anthony Bonner,anthony-bonner,,pending
anthony-bowie,Anthony Bowie,Anthony Bowie,anthony-bowie,,pending
anthony-brown,Anthony Brown,Anthony Brown,anthony-brown,,pending
anthony-carter,Anthony Carter,Anthony Carter,anthony-carter,,pending
anthony-cook,Anthony Cook,Anthony Cook,anthony-cook,,pending
anthony-davis,Anthony Davis,Anthony Davis,anthony-davis,,pending
anthony-edwards,Anthony Edwards,Anthony Edwards,anthony-edwards,,pending
anthony-frederick,Anthony Frederick,Anthony Frederick,anthony-frederick,,pending
anthony-gill,Anthony Gill,Anthony Gill,anthony-gill,,pending
anthony-goldwire,Anthony Goldwire,Anthony Goldwire,anthony-goldwire,,pending
anthony-grundy,Anthony Grundy,Anthony Grundy,anthony-grundy,,pending
anthony-johnson,Anthony Johnson,Anthony Johnson,anthony-johnson,,pending
anthony-jones,Anthony Jones,Anthony Jones,anthony-jones,,pending
anthony-lamb,Anthony Lamb,Anthony Lamb,anthony-lamb,,pending
anthony-mason,Anthony Mason,Anthony Mason,anthony-mason,,pending
anthony-miller,Anthony Miller,Anthony Miller,anthony-miller,,pending
anthony-morrow,Anthony Morrow,Anthony Morrow,anthony-morrow,,pending
anthony-parker,Anthony Parker,Anthony Parker,anthony-parker,,pending
anthony-peeler,Anthony Peeler,Anthony Peeler,anthony-peeler,,pending
anthony-pullard,Anthony Pullard,Anthony Pullard,anthony-pullard,,pending
anthony-randolph,Anthony Randolph,Anthony Randolph,anthony-randolph,,pending
anthony-roberson,Anthony Roberson,Anthony Roberson,anthony-roberson,,pending
anthony-roberts,Anthony Roberts,Anthony Roberts,anthony-roberts,,pending
anthony-taylor,Anthony Taylor,Anthony Taylor,anthony-taylor,,pending
anthony-tolliver,Anthony Tolliver,Anthony Tolliver,anthony-tolliver,,pending
anthony-tucker,Anthony Tucker,Anthony Tucker,anthony-tucker,,pending
antoine-carr,Antoine Carr,Antoine Carr,antoine-carr,,pending
antoine-rigaudeau,Antoine Rigaudeau,Antoine Rigaudeau,antoine-rigaudeau,,pending
antoine-walker,Antoine Walker,Antoine Walker,antoine-walker,,pending
antoine-wright,Antoine Wright,Antoine Wright,antoine-wright,,pending
anton-watson,Anton Watson,Anton Watson,anton-watson,,pending
antonio-anderson,Antonio Anderson,Antonio Anderson,antonio-anderson,,pending
antonio-blakeney,Antonio Blakeney,Antonio Blakeney,antonio-blakeney,,pending
antonio-burks,Antonio Burks,Antonio Burks,antonio-burks,,pending
antonio-daniels,Antonio Daniels,Antonio Daniels,antonio-daniels,,pending
antonio-davis,Antonio Davis,Antonio Davis,antonio-davis,,pending
antonio-harvey,Antonio Harvey,Antonio Harvey,antonio-harvey,,pending
antonio-lang,Antonio Lang,Antonio Lang,antonio-lang,,pending
antonio-mcdyess,Antonio McDyess,Antonio McDyess,antonio-mcdyess,,pending
antonio-reeves,Antonio Reeves,Antonio Reeves,antonio-reeves,,pending
antonis-fotsis,Antonis Fotsis,Antonis Fotsis,antonis-fotsis,,pending
antonius-cleveland,Antonius Cleveland,Antonius Cleveland,antonius-cleveland,,pending
an-ejs-pase-iks,Anžejs Pasečņiks,Anžejs Pasečņiks,an-ejs-pase-iks,,pending
archie-clark,Archie Clark,Archie Clark,archie-clark,,pending
archie-dees,Archie Dees,Archie Dees,archie-dees,,pending
archie-goodwin,Archie Goodwin,Archie Goodwin,archie-goodwin,,pending
ariel-hukporti,Ariel Hukporti,Ariel Hukporti,ariel-hukporti,,pending
arinze-onuaku,Arinze Onuaku,Arinze Onuaku,arinze-onuaku,,pending
armel-traor,Armel Traoré,Armel Traoré,armel-traor,,pending
armen-gilliam,Armen Gilliam,Armen Gilliam,armen-gilliam,,pending
armon-johnson,Armon Johnson,Armon Johnson,armon-johnson,,pending
armond-hill,Armond Hill,Armond Hill,armond-hill,,pending
armoni-brooks,Armoni Brooks,Armoni Brooks,armoni-brooks,,pending
arnett-moultrie,Arnett Moultrie,Arnett Moultrie,arnett-moultrie,,pending
arnie-johnson,Arnie Johnson,Arnie Johnson,arnie-johnson,,pending
arnie-risen,Arnie Risen,Arnie Risen,arnie-risen,,pending
arnie-risen,Arnie Risen*,Arnie Risen*,arnie-risen,,pending
arnoldas-kulboka,Arnoldas Kulboka,Arnoldas Kulboka,arnoldas-kulboka,,pending
aron-baynes,Aron Baynes,Aron Baynes,aron-baynes,,pending
arron-afflalo,Arron Afflalo,Arron Afflalo,arron-afflalo,,pending
art-burris,Art Burris,Art Burris,art-burris,,pending
art-collins,Art Collins,Art Collins,art-collins,,pending
art-harris,Art Harris,Art Harris,art-harris,,pending
art-heyman,Art Heyman,Art Heyman,art-heyman,,pending
art-long,Art Long,Art Long,art-long,,pending
art-spoelstra,Art Spoelstra,Art Spoelstra,art-spoelstra,,pending
art-williams,Art Williams,Art Williams,art-williams,,pending
artis-gilmore,Artis Gilmore,Artis Gilmore,artis-gilmore,,pending
artis-gilmore,Artis Gilmore*,Artis Gilmore*,artis-gilmore,,pending
arvid-kramer,Arvid Kramer,Arvid Kramer,arvid-kramer,,pending
arvydas-macijauskas,Arvydas Macijauskas,Arvydas Macijauskas,arvydas-macijauskas,,pending
arvydas-sabonis,Arvydas Sabonis,Arvydas Sabonis,arvydas-sabonis,,pending
arvydas-sabonis,Arvydas Sabonis*,Arvydas Sabonis*,arvydas-sabonis,,pending
asa-newell,Asa Newell,Asa Newell,asa-newell,,pending
ashraf-amaya,Ashraf Amaya,Ashraf Amaya,ashraf-amaya,,pending
ashton-hagans,Ashton Hagans,Ashton Hagans,ashton-hagans,,pending
askia-jones,Askia Jones,Askia Jones,askia-jones,,pending
audie-norris,Audie Norris,Audie Norris,audie-norris,,pending
ausar-thompson,Ausar Thompson,Ausar Thompson,ausar-thompson,,pending
austin-carr,Austin Carr,Austin Carr,austin-carr,,pending
austin-croshere,Austin Croshere,Austin Croshere,austin-croshere,,pending
austin-daye,Austin Daye,Austin Daye,austin-daye,,pending
austin-reaves,Austin Reaves,Austin Reaves,austin-reaves,,pending
austin-rivers,Austin Rivers,Austin Rivers,austin-rivers,,pending
avery-bradley,Avery Bradley,Avery Bradley,avery-bradley,,pending
avery-johnson,Avery Johnson,Avery Johnson,avery-johnson,,pending
awvee-storey,Awvee Storey,Awvee Storey,awvee-storey,,pending
axel-toupane,Axel Toupane,Axel Toupane,axel-toupane,,pending
ayo-dosunmu,Ayo Dosunmu,Ayo Dosunmu,ayo-dosunmu,,pending
b-j-armstrong,B.J. Armstrong,B.J. Armstrong,b-j-armstrong,,pending
b-j-johnson,B.J. Johnson,B.J. Johnson,b-j-johnson,,pending
b-j-tyler,B.J. Tyler,B.J. Tyler,b-j-tyler,,pending
bailey-howell,Bailey Howell,Bailey Howell,bailey-howell,,pending
bailey-howell,Bailey Howell*,Bailey Howell*,bailey-howell,,pending
bam-adebayo,Bam Adebayo,Bam Adebayo,bam-adebayo,,pending
barney-cable,Barney Cable,Barney Cable,barney-cable,,pending
baron-davis,Baron Davis,Baron Davis,baron-davis,,pending
barry-clemens,Barry Clemens,Barry Clemens,barry-clemens,,pending
barry-kramer,Barry Kramer,Barry Kramer,barry-kramer,,pending
barry-nelson,Barry Nelson,Barry Nelson,barry-nelson,,pending
barry-orms,Barry Orms,Barry Orms,barry-orms,,pending
barry-stevens,Barry Stevens,Barry Stevens,barry-stevens,,pending
barry-sumpter,Barry Sumpter,Barry Sumpter,barry-sumpter,,pending
barry-yates,Barry Yates,Barry Yates,barry-yates,,pending
bart-kofoed,Bart Kofoed,Bart Kofoed,bart-kofoed,,pending
bato-govedarica,Bato Govedarica,Bato Govedarica,bato-govedarica,,pending
bayard-forrest,Bayard Forrest,Bayard Forrest,bayard-forrest,,pending
baylor-scheierman,Baylor Scheierman,Baylor Scheierman,baylor-scheierman,,pending
belus-smawley,Belus Smawley,Belus Smawley,belus-smawley,,pending
ben-bentil,Ben Bentil,Ben Bentil,ben-bentil,,pending
ben-clyde,Ben Clyde,Ben Clyde,ben-clyde,,pending
ben-coleman,Ben Coleman,Ben Coleman,ben-coleman,,pending
ben-davis,Ben Davis,Ben Davis,ben-davis,,pending
ben-gillery,Ben Gillery,Ben Gillery,ben-gillery,,pending
ben-gordon,Ben Gordon,Ben Gordon,ben-gordon,,pending
ben-handlogten,Ben Handlogten,Ben Handlogten,ben-handlogten,,pending
ben-hansbrough,Ben Hansbrough,Ben Hansbrough,ben-hansbrough,,pending
ben-kelso,Ben Kelso,Ben Kelso,ben-kelso,,pending
ben-mcdonald,Ben McDonald,Ben McDonald,ben-mcdonald,,pending
ben-mclemore,Ben McLemore,Ben McLemore,ben-mclemore,,pending
ben-moore,Ben Moore,Ben Moore,ben-moore,,pending
ben-poquette,Ben Poquette,Ben Poquette,ben-poquette,,pending
ben-saraf,Ben Saraf,Ben Saraf,ben-saraf,,pending
ben-sheppard,Ben Sheppard,Ben Sheppard,ben-sheppard,,pending
ben-simmons,Ben Simmons,Ben Simmons,ben-simmons,,pending
ben-uzoh,Ben Uzoh,Ben Uzoh,ben-uzoh,,pending
ben-wallace,Ben Wallace,Ben Wallace,ben-wallace,,pending
ben-wallace,Ben Wallace*,Ben Wallace*,ben-wallace,,pending
ben-warley,Ben Warley,Ben Warley,ben-warley,,pending
bennedict-mathurin,Bennedict Mathurin,Bennedict Mathurin,bennedict-mathurin,,pending
bennie-swain,Bennie Swain,Bennie Swain,bennie-swain,,pending
beno-udrih,Beno Udrih,Beno Udrih,beno-udrih,,pending
benoit-benjamin,Benoit Benjamin,Benoit Benjamin,benoit-benjamin,,pending
bernard-james,Bernard James,Bernard James,bernard-james,,pending
bernard-king,Bernard King,Bernard King,bernard-king,,pending
bernard-king,Bernard King*,Bernard King*,bernard-king,,pending
bernard-robinson,Bernard Robinson,Bernard Robinson,bernard-robinson,,pending
bernard-thompson,Bernard Thompson,Bernard Thompson,bernard-thompson,,pending
bernard-toone,Bernard Toone,Bernard Toone,bernard-toone,,pending
bernie-fryer,Bernie Fryer,Bernie Fryer,bernie-fryer,,pending
bernie-harris,Bernie Harris,Bernie Harris,bernie-harris,,pending
bernie-williams,Bernie Williams,Bernie Williams,bernie-williams,,pending
bert-cook,Bert Cook,Bert Cook,bert-cook,,pending
bevo-nordmann,Bevo Nordmann,Bevo Nordmann,bevo-nordmann,,pending
bez-mbeng,Bez Mbeng,Bez Mbeng,bez-mbeng,,pending
bilal-coulibaly,Bilal Coulibaly,Bilal Coulibaly,bilal-coulibaly,,pending
bill-bolger,Bill Bolger,Bill Bolger,bill-bolger,,pending
bill-bradley,Bill Bradley,Bill Bradley,bill-bradley,,pending
bill-bradley,Bill Bradley*,Bill Bradley*,bill-bradley,,pending
bill-bridges,Bill Bridges,Bill Bridges,bill-bridges,,pending
bill-buntin,Bill Buntin,Bill Buntin,bill-buntin,,pending
bill-calhoun,Bill Calhoun,Bill Calhoun,bill-calhoun,,pending
bill-cartwright,Bill Cartwright,Bill Cartwright,bill-cartwright,,pending
bill-chamberlain,Bill Chamberlain,Bill Chamberlain,bill-chamberlain,,pending
bill-closs,Bill Closs,Bill Closs,bill-closs,,pending
bill-curley,Bill Curley,Bill Curley,bill-curley,,pending
bill-dinwiddie,Bill Dinwiddie,Bill Dinwiddie,bill-dinwiddie,,pending
bill-ebben,Bill Ebben,Bill Ebben,bill-ebben,,pending
bill-edwards,Bill Edwards,Bill Edwards,bill-edwards,,pending
bill-gabor,Bill Gabor,Bill Gabor,bill-gabor,,pending
bill-garnett,Bill Garnett,Bill Garnett,bill-garnett,,pending
bill-hanzlik,Bill Hanzlik,Bill Hanzlik,bill-hanzlik,,pending
bill-hewitt,Bill Hewitt,Bill Hewitt,bill-hewitt,,pending
bill-hosket,Bill Hosket,Bill Hosket,bill-hosket,,pending
bill-jones,Bill Jones,Bill Jones,bill-jones,,pending
bill-laimbeer,Bill Laimbeer,Bill Laimbeer,bill-laimbeer,,pending
bill-ligon,Bill Ligon,Bill Ligon,bill-ligon,,pending
bill-martin,Bill Martin,Bill Martin,bill-martin,,pending
bill-mayfield,Bill Mayfield,Bill Mayfield,bill-mayfield,,pending
bill-melchionni,Bill Melchionni,Bill Melchionni,bill-melchionni,,pending
bill-mlkvy,Bill Mlkvy,Bill Mlkvy,bill-mlkvy,,pending
bill-robinzine,Bill Robinzine,Bill Robinzine,bill-robinzine,,pending
bill-russell,Bill Russell,Bill Russell,bill-russell,,pending
bill-russell,Bill Russell*,Bill Russell*,bill-russell,,pending
bill-sharman,Bill Sharman,Bill Sharman,bill-sharman,,pending
bill-sharman,Bill Sharman*,Bill Sharman*,bill-sharman,,pending
bill-smith,Bill Smith,Bill Smith,bill-smith,,pending
bill-stricker,Bill Stricker,Bill Stricker,bill-stricker,,pending
bill-thieben,Bill Thieben,Bill Thieben,bill-thieben,,pending
bill-tosheff,Bill Tosheff,Bill Tosheff,bill-tosheff,,pending
bill-turner,Bill Turner,Bill Turner,bill-turner,,pending
bill-walton,Bill Walton,Bill Walton,bill-walton,,pending
bill-walton,Bill Walton*,Bill Walton*,bill-walton,,pending
bill-wennington,Bill Wennington,Bill Wennington,bill-wennington,,pending
bill-willoughby,Bill Willoughby,Bill Willoughby,bill-willoughby,,pending
bill-zopf,Bill Zopf,Bill Zopf,bill-zopf,,pending
billy-cunningham,Billy Cunningham,Billy Cunningham,billy-cunningham,,pending
billy-cunningham,Billy Cunningham*,Billy Cunningham*,billy-cunningham,,pending
billy-donovan,Billy Donovan,Billy Donovan,billy-donovan,,pending
billy-garrett,Billy Garrett,Billy Garrett,billy-garrett,,pending
billy-kenville,Billy Kenville,Billy Kenville,billy-kenville,,pending
billy-knight,Billy Knight,Billy Knight,billy-knight,,pending
billy-mcgill,Billy McGill,Billy McGill,billy-mcgill,,pending
billy-mckinney,Billy McKinney,Billy McKinney,billy-mckinney,,pending
billy-owens,Billy Owens,Billy Owens,billy-owens,,pending
billy-paultz,Billy Paultz,Billy Paultz,billy-paultz,,pending
billy-ray-bates,Billy Ray Bates,Billy Ray Bates,billy-ray-bates,,pending
billy-reid,Billy Reid,Billy Reid,billy-reid,,pending
billy-thomas,Billy Thomas,Billy Thomas,billy-thomas,,pending
billy-thompson,Billy Thompson,Billy Thompson,billy-thompson,,pending
bimbo-coles,Bimbo Coles,Bimbo Coles,bimbo-coles,,pending
bingo-smith,Bingo Smith,Bingo Smith,bingo-smith,,pending
bird-averitt,Bird Averitt,Bird Averitt,bird-averitt,,pending
bismack-biyombo,Bismack Biyombo,Bismack Biyombo,bismack-biyombo,,pending
bison-dele,Bison Dele,Bison Dele,bison-dele,,pending
blaine-denning,Blaine Denning,Blaine Denning,blaine-denning,,pending
blair-rasmussen,Blair Rasmussen,Blair Rasmussen,blair-rasmussen,,pending
blake-ahearn,Blake Ahearn,Blake Ahearn,blake-ahearn,,pending
blake-griffin,Blake Griffin,Blake Griffin,blake-griffin,,pending
blake-hinson,Blake Hinson,Blake Hinson,blake-hinson,,pending
blake-wesley,Blake Wesley,Blake Wesley,blake-wesley,,pending
blue-edwards,Blue Edwards,Blue Edwards,blue-edwards,,pending
bo-ellis,Bo Ellis,Bo Ellis,bo-ellis,,pending
bo-erias,Bo Erias,Bo Erias,bo-erias,,pending
bo-kimble,Bo Kimble,Bo Kimble,bo-kimble,,pending
bo-lamar,Bo Lamar,Bo Lamar,bo-lamar,,pending
bo-outlaw,Bo Outlaw,Bo Outlaw,bo-outlaw,,pending
bob-allen,Bob Allen,Bob Allen,bob-allen,,pending
bob-anderegg,Bob Anderegg,Bob Anderegg,bob-anderegg,,pending
bob-armstrong,Bob Armstrong,Bob Armstrong,bob-armstrong,,pending
bob-arnzen,Bob Arnzen,Bob Arnzen,bob-arnzen,,pending
bob-bigelow,Bob Bigelow,Bob Bigelow,bob-bigelow,,pending
bob-boozer,Bob Boozer,Bob Boozer,bob-boozer,,pending
bob-brannum,Bob Brannum,Bob Brannum,bob-brannum,,pending
bob-burrow,Bob Burrow,Bob Burrow,bob-burrow,,pending
bob-carney,Bob Carney,Bob Carney,bob-carney,,pending
bob-carrington,Bob Carrington,Bob Carrington,bob-carrington,,pending
bob-christian,Bob Christian,Bob Christian,bob-christian,,pending
bob-cousy,Bob Cousy,Bob Cousy,bob-cousy,,pending
bob-cousy,Bob Cousy*,Bob Cousy*,bob-cousy,,pending
bob-dandridge,Bob Dandridge,Bob Dandridge,bob-dandridge,,pending
bob-dandridge,Bob Dandridge*,Bob Dandridge*,bob-dandridge,,pending
bob-davies,Bob Davies,Bob Davies,bob-davies,,pending
bob-davies,Bob Davies*,Bob Davies*,bob-davies,,pending
bob-davis,Bob Davis,Bob Davis,bob-davis,,pending
bob-donham,Bob Donham,Bob Donham,bob-donham,,pending
bob-duffy,Bob Duffy,Bob Duffy,bob-duffy,,pending
bob-elliott,Bob Elliott,Bob Elliott,bob-elliott,,pending
bob-ferry,Bob Ferry,Bob Ferry,bob-ferry,,pending
bob-greacen,Bob Greacen,Bob Greacen,bob-greacen,,pending
bob-gross,Bob Gross,Bob Gross,bob-gross,,pending
bob-hansen,Bob Hansen,Bob Hansen,bob-hansen,,pending
bob-harris,Bob Harris,Bob Harris,bob-harris,,pending
bob-harrison,Bob Harrison,Bob Harrison,bob-harrison,,pending
bob-hogsett,Bob Hogsett,Bob Hogsett,bob-hogsett,,pending
bob-hopkins,Bob Hopkins,Bob Hopkins,bob-hopkins,,pending
bob-houbregs,Bob Houbregs,Bob Houbregs,bob-houbregs,,pending
bob-houbregs,Bob Houbregs*,Bob Houbregs*,bob-houbregs,,pending
bob-kauffman,Bob Kauffman,Bob Kauffman,bob-kauffman,,pending
bob-knight,Bob Knight,Bob Knight,bob-knight,,pending
bob-lanier,Bob Lanier,Bob Lanier,bob-lanier,,pending
bob-lanier,Bob Lanier*,Bob Lanier*,bob-lanier,,pending
bob-lavoy,Bob Lavoy,Bob Lavoy,bob-lavoy,,pending
bob-lochmueller,Bob Lochmueller,Bob Lochmueller,bob-lochmueller,,pending
bob-love,Bob Love,Bob Love,bob-love,,pending
bob-martin,Bob Martin,Bob Martin,bob-martin,,pending
bob-mcadoo,Bob McAdoo,Bob McAdoo,bob-mcadoo,,pending
bob-mcadoo,Bob McAdoo*,Bob McAdoo*,bob-mcadoo,,pending
bob-mccann,Bob McCann,Bob McCann,bob-mccann,,pending
bob-mcneill,Bob McNeill,Bob McNeill,bob-mcneill,,pending
bob-miller,Bob Miller,Bob Miller,bob-miller,,pending
bob-naber,Bob Naber,Bob Naber,bob-naber,,pending
bob-nash,Bob Nash,Bob Nash,bob-nash,,pending
bob-peterson,Bob Peterson,Bob Peterson,bob-peterson,,pending
bob-pettit,Bob Pettit,Bob Pettit,bob-pettit,,pending
bob-pettit,Bob Pettit*,Bob Pettit*,bob-pettit,,pending
bob-portman,Bob Portman,Bob Portman,bob-portman,,pending
bob-priddy,Bob Priddy,Bob Priddy,bob-priddy,,pending
bob-quick,Bob Quick,Bob Quick,bob-quick,,pending
bob-riley,Bob Riley,Bob Riley,bob-riley,,pending
bob-rule,Bob Rule,Bob Rule,bob-rule,,pending
bob-santini,Bob Santini,Bob Santini,bob-santini,,pending
bob-schafer,Bob Schafer,Bob Schafer,bob-schafer,,pending
bob-sims,Bob Sims,Bob Sims,bob-sims,,pending
bob-sura,Bob Sura,Bob Sura,bob-sura,,pending
bob-thornton,Bob Thornton,Bob Thornton,bob-thornton,,pending
bob-verga,Bob Verga,Bob Verga,bob-verga,,pending
bob-warlick,Bob Warlick,Bob Warlick,bob-warlick,,pending
bob-weiss,Bob Weiss,Bob Weiss,bob-weiss,,pending
bob-wiesenhahn,Bob Wiesenhahn,Bob Wiesenhahn,bob-wiesenhahn,,pending
bob-wilkerson,Bob Wilkerson,Bob Wilkerson,bob-wilkerson,,pending
bob-williams,Bob Williams,Bob Williams,bob-williams,,pending
bob-wilson,Bob Wilson,Bob Wilson,bob-wilson,,pending
boban-marjanovi,Boban Marjanović,Boban Marjanović,boban-marjanovi,,pending
bobby-brown,Bobby Brown,Bobby Brown,bobby-brown,,pending
bobby-cattage,Bobby Cattage,Bobby Cattage,bobby-cattage,,pending
bobby-hurley,Bobby Hurley,Bobby Hurley,bobby-hurley,,pending
bobby-jackson,Bobby Jackson,Bobby Jackson,bobby-jackson,,pending
bobby-jones,Bobby Jones,Bobby Jones,bobby-jones,,pending
bobby-jones,Bobby Jones*,Bobby Jones*,bobby-jones,,pending
bobby-lewis,Bobby Lewis,Bobby Lewis,bobby-lewis,,pending
bobby-phills,Bobby Phills,Bobby Phills,bobby-phills,,pending
bobby-portis,Bobby Portis,Bobby Portis,bobby-portis,,pending
bobby-simmons,Bobby Simmons,Bobby Simmons,bobby-simmons,,pending
bobby-smith,Bobby Smith,Bobby Smith,bobby-smith,,pending
bobby-wanzer,Bobby Wanzer,Bobby Wanzer,bobby-wanzer,,pending
bobby-wanzer,Bobby Wanzer*,Bobby Wanzer*,bobby-wanzer,,pending
bobby-washington,Bobby Washington,Bobby Washington,bobby-washington,,pending
bobby-watson,Bobby Watson,Bobby Watson,bobby-watson,,pending
bobby-wilson,Bobby Wilson,Bobby Wilson,bobby-wilson,,pending
bobi-klintman,Bobi Klintman,Bobi Klintman,bobi-klintman,,pending
bogdan-bogdanovi,Bogdan Bogdanović,Bogdan Bogdanović,bogdan-bogdanovi,,pending
bojan-bogdanovi,Bojan Bogdanović,Bojan Bogdanović,bojan-bogdanovi,,pending
bol-bol,Bol Bol,Bol Bol,bol-bol,,pending
bones-hyland,Bones Hyland,Bones Hyland,bones-hyland,,pending
bones-mckinney,Bones McKinney,Bones McKinney,bones-mckinney,,pending
boniface-n-dong,Boniface N'Dong,Boniface N'Dong,boniface-n-dong,,pending
bonzi-wells,Bonzi Wells,Bonzi Wells,bonzi-wells,,pending
bonzie-colson,Bonzie Colson,Bonzie Colson,bonzie-colson,,pending
boo-ellis,Boo Ellis,Boo Ellis,boo-ellis,,pending
boris-diaw,Boris Diaw,Boris Diaw,boris-diaw,,pending
boris-nachamkin,Boris Nachamkin,Boris Nachamkin,boris-nachamkin,,pending
bo-tjan-nachbar,Boštjan Nachbar,Boštjan Nachbar,bo-tjan-nachbar,,pending
bracey-wright,Bracey Wright,Bracey Wright,bracey-wright,,pending
brad-branson,Brad Branson,Brad Branson,brad-branson,,pending
brad-daugherty,Brad Daugherty,Brad Daugherty,brad-daugherty,,pending
brad-davis,Brad Davis,Brad Davis,brad-davis,,pending
brad-holland,Brad Holland,Brad Holland,brad-holland,,pending
brad-lohaus,Brad Lohaus,Brad Lohaus,brad-lohaus,,pending
brad-miller,Brad Miller,Brad Miller,brad-miller,,pending
brad-sellers,Brad Sellers,Brad Sellers,brad-sellers,,pending
brad-wanamaker,Brad Wanamaker,Brad Wanamaker,brad-wanamaker,,pending
brad-wright,Brad Wright,Brad Wright,brad-wright,,pending
bradley-beal,Bradley Beal,Bradley Beal,bradley-beal,,pending
brady-walker,Brady Walker,Brady Walker,brady-walker,,pending
brandan-wright,Brandan Wright,Brandan Wright,brandan-wright,,pending
branden-carlson,Branden Carlson,Branden Carlson,branden-carlson,,pending
branden-dawson,Branden Dawson,Branden Dawson,branden-dawson,,pending
brandin-knight,Brandin Knight,Brandin Knight,brandin-knight,,pending
brandin-podziemski,Brandin Podziemski,Brandin Podziemski,brandin-podziemski,,pending
brandon-armstrong,Brandon Armstrong,Brandon Armstrong,brandon-armstrong,,pending
brandon-bass,Brandon Bass,Brandon Bass,brandon-bass,,pending
brandon-boston-jr,Brandon Boston Jr.,Brandon Boston Jr.,brandon-boston-jr,,pending
brandon-clarke,Brandon Clarke,Brandon Clarke,brandon-clarke,,pending
brandon-davies,Brandon Davies,Brandon Davies,brandon-davies,,pending
brandon-goodwin,Brandon Goodwin,Brandon Goodwin,brandon-goodwin,,pending
brandon-hunter,Brandon Hunter,Brandon Hunter,brandon-hunter,,pending
brandon-ingram,Brandon Ingram,Brandon Ingram,brandon-ingram,,pending
brandon-jennings,Brandon Jennings,Brandon Jennings,brandon-jennings,,pending
brandon-knight,Brandon Knight,Brandon Knight,brandon-knight,,pending
brandon-miller,Brandon Miller,Brandon Miller,brandon-miller,,pending
brandon-paul,Brandon Paul,Brandon Paul,brandon-paul,,pending
brandon-roy,Brandon Roy,Brandon Roy,brandon-roy,,pending
brandon-rush,Brandon Rush,Brandon Rush,brandon-rush,,pending
brandon-sampson,Brandon Sampson,Brandon Sampson,brandon-sampson,,pending
brandon-williams,Brandon Williams,Brandon Williams,brandon-williams,,pending
brant-weidner,Brant Weidner,Brant Weidner,brant-weidner,,pending
braxton-key,Braxton Key,Braxton Key,braxton-key,,pending
brendan-haywood,Brendan Haywood,Brendan Haywood,brendan-haywood,,pending
brendan-mccann,Brendan McCann,Brendan McCann,brendan-mccann,,pending
brent-barry,Brent Barry,Brent Barry,brent-barry,,pending
brent-price,Brent Price,Brent Price,brent-price,,pending
brent-scott,Brent Scott,Brent Scott,brent-scott,,pending
brett-szabo,Brett Szabo,Brett Szabo,brett-szabo,,pending
brett-vroman,Brett Vroman,Brett Vroman,brett-vroman,,pending
brevin-knight,Brevin Knight,Brevin Knight,brevin-knight,,pending
brian-bowen,Brian Bowen,Brian Bowen,brian-bowen,,pending
brian-cardinal,Brian Cardinal,Brian Cardinal,brian-cardinal,,pending
brian-cook,Brian Cook,Brian Cook,brian-cook,,pending
brian-davis,Brian Davis,Brian Davis,brian-davis,,pending
brian-evans,Brian Evans,Brian Evans,brian-evans,,pending
brian-grant,Brian Grant,Brian Grant,brian-grant,,pending
brian-heaney,Brian Heaney,Brian Heaney,brian-heaney,,pending
brian-howard,Brian Howard,Brian Howard,brian-howard,,pending
brian-martin,Brian Martin,Brian Martin,brian-martin,,pending
brian-oliver,Brian Oliver,Brian Oliver,brian-oliver,,pending
brian-quinnett,Brian Quinnett,Brian Quinnett,brian-quinnett,,pending
brian-roberts,Brian Roberts,Brian Roberts,brian-roberts,,pending
brian-rowsom,Brian Rowsom,Brian Rowsom,brian-rowsom,,pending
brian-scalabrine,Brian Scalabrine,Brian Scalabrine,brian-scalabrine,,pending
brian-shaw,Brian Shaw,Brian Shaw,brian-shaw,,pending
brian-skinner,Brian Skinner,Brian Skinner,brian-skinner,,pending
brian-taylor,Brian Taylor,Brian Taylor,brian-taylor,,pending
brian-winters,Brian Winters,Brian Winters,brian-winters,,pending
briante-weber,Briante Weber,Briante Weber,briante-weber,,pending
brice-johnson,Brice Johnson,Brice Johnson,brice-johnson,,pending
brice-sensabaugh,Brice Sensabaugh,Brice Sensabaugh,brice-sensabaugh,,pending
britton-johnsen,Britton Johnsen,Britton Johnsen,britton-johnsen,,pending
brodric-thomas,Brodric Thomas,Brodric Thomas,brodric-thomas,,pending
bronny-james,Bronny James,Bronny James,bronny-james,,pending
brook-lopez,Brook Lopez,Brook Lopez,brook-lopez,,pending
brook-steppe,Brook Steppe,Brook Steppe,brook-steppe,,pending
brooks-barnhizer,Brooks Barnhizer,Brooks Barnhizer,brooks-barnhizer,,pending
brooks-thompson,Brooks Thompson,Brooks Thompson,brooks-thompson,,pending
bruce-bowen,Bruce Bowen,Bruce Bowen,bruce-bowen,,pending
bruce-brown,Bruce Brown,Bruce Brown,bruce-brown,,pending
bruce-douglas,Bruce Douglas,Bruce Douglas,bruce-douglas,,pending
bruce-flowers,Bruce Flowers,Bruce Flowers,bruce-flowers,,pending
bruce-kuczenski,Bruce Kuczenski,Bruce Kuczenski,bruce-kuczenski,,pending
bruce-seals,Bruce Seals,Bruce Seals,bruce-seals,,pending
bruno-caboclo,Bruno Caboclo,Bruno Caboclo,bruno-caboclo,,pending
bruno-fernando,Bruno Fernando,Bruno Fernando,bruno-fernando,,pending
bruno-undov,Bruno Šundov,Bruno Šundov,bruno-undov,,pending
bryan-warrick,Bryan Warrick,Bryan Warrick,bryan-warrick,,pending
bryant-reeves,Bryant Reeves,Bryant Reeves,bryant-reeves,,pending
bryant-stith,Bryant Stith,Bryant Stith,bryant-stith,,pending
bryce-cotton,Bryce Cotton,Bryce Cotton,bryce-cotton,,pending
bryce-dejean-jones,Bryce Dejean-Jones,Bryce Dejean-Jones,bryce-dejean-jones,,pending
bryce-drew,Bryce Drew,Bryce Drew,bryce-drew,,pending
bryce-mcgowens,Bryce McGowens,Bryce McGowens,bryce-mcgowens,,pending
bryn-forbes,Bryn Forbes,Bryn Forbes,bryn-forbes,,pending
bryon-russell,Bryon Russell,Bryon Russell,bryon-russell,,pending
bub-carrington,Bub Carrington,Bub Carrington,bub-carrington,,pending
bubba-wells,Bubba Wells,Bubba Wells,bubba-wells,,pending
bubba-wilson,Bubba Wilson,Bubba Wilson,bubba-wilson,,pending
bubbles-hawkins,Bubbles Hawkins,Bubbles Hawkins,bubbles-hawkins,,pending
buck-johnson,Buck Johnson,Buck Johnson,buck-johnson,,pending
buck-williams,Buck Williams,Buck Williams,buck-williams,,pending
bucky-bockhorn,Bucky Bockhorn,Bucky Bockhorn,bucky-bockhorn,,pending
bucky-mcconnell,Bucky McConnell,Bucky McConnell,bucky-mcconnell,,pending
bud-acton,Bud Acton,Bud Acton,bud-acton,,pending
bud-koper,Bud Koper,Bud Koper,bud-koper,,pending
bud-ogden,Bud Ogden,Bud Ogden,bud-ogden,,pending
bud-olsen,Bud Olsen,Bud Olsen,bud-olsen,,pending
bud-stallworth,Bud Stallworth,Bud Stallworth,bud-stallworth,,pending
buddy-boeheim,Buddy Boeheim,Buddy Boeheim,buddy-boeheim,,pending
buddy-hield,Buddy Hield,Buddy Hield,buddy-hield,,pending
butch-beard,Butch Beard,Butch Beard,butch-beard,,pending
butch-carter,Butch Carter,Butch Carter,butch-carter,,pending
butch-feher,Butch Feher,Butch Feher,butch-feher,,pending
butch-graves,Butch Graves,Butch Graves,butch-graves,,pending
butch-lee,Butch Lee,Butch Lee,butch-lee,,pending
byron-beck,Byron Beck,Byron Beck,byron-beck,,pending
byron-dinkins,Byron Dinkins,Byron Dinkins,byron-dinkins,,pending
byron-houston,Byron Houston,Byron Houston,byron-houston,,pending
byron-irvin,Byron Irvin,Byron Irvin,byron-irvin,,pending
byron-mullens,Byron Mullens,Byron Mullens,byron-mullens,,pending
byron-scott,Byron Scott,Byron Scott,byron-scott,,pending
c-j-kupec,C.J. Kupec,C.J. Kupec,c-j-kupec,,pending
c-j-miles,C.J. Miles,C.J. Miles,c-j-miles,,pending
c-j-watson,C.J. Watson,C.J. Watson,c-j-watson,,pending
c-j-wilcox,C.J. Wilcox,C.J. Wilcox,c-j-wilcox,,pending
c-j-williams,C.J. Williams,C.J. Williams,c-j-williams,,pending
cj-elleby,CJ Elleby,CJ Elleby,cj-elleby,,pending
cj-huntley,CJ Huntley,CJ Huntley,cj-huntley,,pending
cj-mccollum,CJ McCollum,CJ McCollum,cj-mccollum,,pending
cade-cunningham,Cade Cunningham,Cade Cunningham,cade-cunningham,,pending
cal-bowdler,Cal Bowdler,Cal Bowdler,cal-bowdler,,pending
cal-christensen,Cal Christensen,Cal Christensen,cal-christensen,,pending
cal-ramsey,Cal Ramsey,Cal Ramsey,cal-ramsey,,pending
calbert-cheaney,Calbert Cheaney,Calbert Cheaney,calbert-cheaney,,pending
caldwell-jones,Caldwell Jones,Caldwell Jones,caldwell-jones,,pending
caleb-houstan,Caleb Houstan,Caleb Houstan,caleb-houstan,,pending
caleb-love,Caleb Love,Caleb Love,caleb-love,,pending
caleb-martin,Caleb Martin,Caleb Martin,caleb-martin,,pending
caleb-swanigan,Caleb Swanigan,Caleb Swanigan,caleb-swanigan,,pending
calvin-booth,Calvin Booth,Calvin Booth,calvin-booth,,pending
calvin-garrett,Calvin Garrett,Calvin Garrett,calvin-garrett,,pending
calvin-murphy,Calvin Murphy,Calvin Murphy,calvin-murphy,,pending
calvin-murphy,Calvin Murphy*,Calvin Murphy*,calvin-murphy,,pending
calvin-natt,Calvin Natt,Calvin Natt,calvin-natt,,pending
cam-christie,Cam Christie,Cam Christie,cam-christie,,pending
cam-reddish,Cam Reddish,Cam Reddish,cam-reddish,,pending
cam-spencer,Cam Spencer,Cam Spencer,cam-spencer,,pending
cam-thomas,Cam Thomas,Cam Thomas,cam-thomas,,pending
cam-whitmore,Cam Whitmore,Cam Whitmore,cam-whitmore,,pending
cameron-bairstow,Cameron Bairstow,Cameron Bairstow,cameron-bairstow,,pending
cameron-johnson,Cameron Johnson,Cameron Johnson,cameron-johnson,,pending
cameron-mcgriff,Cameron McGriff,Cameron McGriff,cameron-mcgriff,,pending
cameron-oliver,Cameron Oliver,Cameron Oliver,cameron-oliver,,pending
cameron-payne,Cameron Payne,Cameron Payne,cameron-payne,,pending
cameron-reynolds,Cameron Reynolds,Cameron Reynolds,cameron-reynolds,,pending
campy-russell,Campy Russell,Campy Russell,campy-russell,,pending
carey-scurry,Carey Scurry,Carey Scurry,carey-scurry,,pending
caris-levert,Caris LeVert,Caris LeVert,caris-levert,,pending
carl-bailey,Carl Bailey,Carl Bailey,carl-bailey,,pending
carl-braun,Carl Braun,Carl Braun,carl-braun,,pending
carl-braun,Carl Braun*,Carl Braun*,carl-braun,,pending
carl-henry,Carl Henry,Carl Henry,carl-henry,,pending
carl-herrera,Carl Herrera,Carl Herrera,carl-herrera,,pending
carl-kilpatrick,Carl Kilpatrick,Carl Kilpatrick,carl-kilpatrick,,pending
carl-landry,Carl Landry,Carl Landry,carl-landry,,pending
carl-mcnulty,Carl McNulty,Carl McNulty,carl-mcnulty,,pending
carl-nicks,Carl Nicks,Carl Nicks,carl-nicks,,pending
carl-thomas,Carl Thomas,Carl Thomas,carl-thomas,,pending
carldell-johnson,Carldell Johnson,Carldell Johnson,carldell-johnson,,pending
carlik-jones,Carlik Jones,Carlik Jones,carlik-jones,,pending
carlos-arroyo,Carlos Arroyo,Carlos Arroyo,carlos-arroyo,,pending
carlos-boozer,Carlos Boozer,Carlos Boozer,carlos-boozer,,pending
carlos-clark,Carlos Clark,Carlos Clark,carlos-clark,,pending
carlos-delfino,Carlos Delfino,Carlos Delfino,carlos-delfino,,pending
carlos-rogers,Carlos Rogers,Carlos Rogers,carlos-rogers,,pending
carlos-terry,Carlos Terry,Carlos Terry,carlos-terry,,pending
carlton-mckinney,Carlton McKinney,Carlton McKinney,carlton-mckinney,,pending
carmelo-anthony,Carmelo Anthony,Carmelo Anthony,carmelo-anthony,,pending
carmelo-anthony,Carmelo Anthony*,Carmelo Anthony*,carmelo-anthony,,pending
caron-butler,Caron Butler,Caron Butler,caron-butler,,pending
carrick-felix,Carrick Felix,Carrick Felix,carrick-felix,,pending
carsen-edwards,Carsen Edwards,Carsen Edwards,carsen-edwards,,pending
carter-bryant,Carter Bryant,Carter Bryant,carter-bryant,,pending
cartier-martin,Cartier Martin,Cartier Martin,cartier-martin,,pending
casey-jacobsen,Casey Jacobsen,Casey Jacobsen,casey-jacobsen,,pending
casey-shaw,Casey Shaw,Casey Shaw,casey-shaw,,pending
cason-wallace,Cason Wallace,Cason Wallace,cason-wallace,,pending
casper-ware,Casper Ware,Casper Ware,casper-ware,,pending
cassius-stanley,Cassius Stanley,Cassius Stanley,cassius-stanley,,pending
cassius-winston,Cassius Winston,Cassius Winston,cassius-winston,,pending
cat-barber,Cat Barber,Cat Barber,cat-barber,,pending
cazzie-russell,Cazzie Russell,Cazzie Russell,cazzie-russell,,pending
cedi-osman,Cedi Osman,Cedi Osman,cedi-osman,,pending
cedric-ball,Cedric Ball,Cedric Ball,cedric-ball,,pending
cedric-bozeman,Cedric Bozeman,Cedric Bozeman,cedric-bozeman,,pending
cedric-ceballos,Cedric Ceballos,Cedric Ceballos,cedric-ceballos,,pending
cedric-coward,Cedric Coward,Cedric Coward,cedric-coward,,pending
cedric-henderson,Cedric Henderson,Cedric Henderson,cedric-henderson,,pending
cedric-hunter,Cedric Hunter,Cedric Hunter,cedric-hunter,,pending
cedric-jackson,Cedric Jackson,Cedric Jackson,cedric-jackson,,pending
cedric-lewis,Cedric Lewis,Cedric Lewis,cedric-lewis,,pending
cedric-maxwell,Cedric Maxwell,Cedric Maxwell,cedric-maxwell,,pending
cedric-simmons,Cedric Simmons,Cedric Simmons,cedric-simmons,,pending
cedrick-hordges,Cedrick Hordges,Cedrick Hordges,cedrick-hordges,,pending
cezary-tryba-ski,Cezary Trybański,Cezary Trybański,cezary-tryba-ski,,pending
chad-gallagher,Chad Gallagher,Chad Gallagher,chad-gallagher,,pending
chad-kinch,Chad Kinch,Chad Kinch,chad-kinch,,pending
chance-comanche,Chance Comanche,Chance Comanche,chance-comanche,,pending
chandler-hutchison,Chandler Hutchison,Chandler Hutchison,chandler-hutchison,,pending
chandler-parsons,Chandler Parsons,Chandler Parsons,chandler-parsons,,pending
chaney-johnson,Chaney Johnson,Chaney Johnson,chaney-johnson,,pending
channing-frye,Channing Frye,Channing Frye,channing-frye,,pending
charles-barkley,Charles Barkley,Charles Barkley,charles-barkley,,pending
charles-barkley,Charles Barkley*,Charles Barkley*,charles-barkley,,pending
charles-bassey,Charles Bassey,Charles Bassey,charles-bassey,,pending
charles-bradley,Charles Bradley,Charles Bradley,charles-bradley,,pending
charles-claxton,Charles Claxton,Charles Claxton,charles-claxton,,pending
charles-cooke,Charles Cooke,Charles Cooke,charles-cooke,,pending
charles-davis,Charles Davis,Charles Davis,charles-davis,,pending
charles-dudley,Charles Dudley,Charles Dudley,charles-dudley,,pending
charles-jenkins,Charles Jenkins,Charles Jenkins,charles-jenkins,,pending
charles-johnson,Charles Johnson,Charles Johnson,charles-johnson,,pending
charles-jones,Charles Jones,Charles Jones,charles-jones,,pending
charles-o-bannon,Charles O'Bannon,Charles O'Bannon,charles-o-bannon,,pending
charles-oakley,Charles Oakley,Charles Oakley,charles-oakley,,pending
charles-pittman,Charles Pittman,Charles Pittman,charles-pittman,,pending
charles-shackleford,Charles Shackleford,Charles Shackleford,charles-shackleford,,pending
charles-smith,Charles Smith,Charles Smith,charles-smith,,pending
charles-thomas,Charles Thomas,Charles Thomas,charles-thomas,,pending
charlie-bell,Charlie Bell,Charlie Bell,charlie-bell,,pending
charlie-black,Charlie Black,Charlie Black,charlie-black,,pending
charlie-brown-jr,Charlie Brown Jr.,Charlie Brown Jr.,charlie-brown-jr,,pending
charlie-criss,Charlie Criss,Charlie Criss,charlie-criss,,pending
charlie-davis,Charlie Davis,Charlie Davis,charlie-davis,,pending
charlie-hardnett,Charlie Hardnett,Charlie Hardnett,charlie-hardnett,,pending
charlie-lowery,Charlie Lowery,Charlie Lowery,charlie-lowery,,pending
charlie-paulk,Charlie Paulk,Charlie Paulk,charlie-paulk,,pending
charlie-scott,Charlie Scott,Charlie Scott,charlie-scott,,pending
charlie-scott,Charlie Scott*,Charlie Scott*,charlie-scott,,pending
charlie-sitton,Charlie Sitton,Charlie Sitton,charlie-sitton,,pending
charlie-tyra,Charlie Tyra,Charlie Tyra,charlie-tyra,,pending
charlie-villanueva,Charlie Villanueva,Charlie Villanueva,charlie-villanueva,,pending
charlie-ward,Charlie Ward,Charlie Ward,charlie-ward,,pending
charlie-yelverton,Charlie Yelverton,Charlie Yelverton,charlie-yelverton,,pending
chase-budinger,Chase Budinger,Chase Budinger,chase-budinger,,pending
chasson-randle,Chasson Randle,Chasson Randle,chasson-randle,,pending
chauncey-billups,Chauncey Billups,Chauncey Billups,chauncey-billups,,pending
chauncey-billups,Chauncey Billups*,Chauncey Billups*,chauncey-billups,,pending
chaundee-brown-jr,Chaundee Brown Jr.,Chaundee Brown Jr.,chaundee-brown-jr,,pending
chaz-lanier,Chaz Lanier,Chaz Lanier,chaz-lanier,,pending
cheese-johnson,Cheese Johnson,Cheese Johnson,cheese-johnson,,pending
cheick-diallo,Cheick Diallo,Cheick Diallo,cheick-diallo,,pending
cheikh-samb,Cheikh Samb,Cheikh Samb,cheikh-samb,,pending
cherokee-parks,Cherokee Parks,Cherokee Parks,cherokee-parks,,pending
chet-holmgren,Chet Holmgren,Chet Holmgren,chet-holmgren,,pending
chet-walker,Chet Walker,Chet Walker,chet-walker,,pending
chet-walker,Chet Walker*,Chet Walker*,chet-walker,,pending
chico-vaughn,Chico Vaughn,Chico Vaughn,chico-vaughn,,pending
chima-moneke,Chima Moneke,Chima Moneke,chima-moneke,,pending
chimezie-metu,Chimezie Metu,Chimezie Metu,chimezie-metu,,pending
chinanu-onuaku,Chinanu Onuaku,Chinanu Onuaku,chinanu-onuaku,,pending
chris-andersen,Chris Andersen,Chris Andersen,chris-andersen,,pending
chris-anstey,Chris Anstey,Chris Anstey,chris-anstey,,pending
chris-babb,Chris Babb,Chris Babb,chris-babb,,pending
chris-bosh,Chris Bosh,Chris Bosh,chris-bosh,,pending
chris-bosh,Chris Bosh*,Chris Bosh*,chris-bosh,,pending
chris-boucher,Chris Boucher,Chris Boucher,chris-boucher,,pending
chris-carr,Chris Carr,Chris Carr,chris-carr,,pending
chris-childs,Chris Childs,Chris Childs,chris-childs,,pending
chris-chiozza,Chris Chiozza,Chris Chiozza,chris-chiozza,,pending
chris-clemons,Chris Clemons,Chris Clemons,chris-clemons,,pending
chris-copeland,Chris Copeland,Chris Copeland,chris-copeland,,pending
chris-corchiani,Chris Corchiani,Chris Corchiani,chris-corchiani,,pending
chris-crawford,Chris Crawford,Chris Crawford,chris-crawford,,pending
chris-douglas-roberts,Chris Douglas-Roberts,Chris Douglas-Roberts,chris-douglas-roberts,,pending
chris-duarte,Chris Duarte,Chris Duarte,chris-duarte,,pending
chris-dudley,Chris Dudley,Chris Dudley,chris-dudley,,pending
chris-duhon,Chris Duhon,Chris Duhon,chris-duhon,,pending
chris-engler,Chris Engler,Chris Engler,chris-engler,,pending
chris-ford,Chris Ford,Chris Ford,chris-ford,,pending
chris-garner,Chris Garner,Chris Garner,chris-garner,,pending
chris-gatling,Chris Gatling,Chris Gatling,chris-gatling,,pending
chris-harris,Chris Harris,Chris Harris,chris-harris,,pending
chris-herren,Chris Herren,Chris Herren,chris-herren,,pending
chris-hunter,Chris Hunter,Chris Hunter,chris-hunter,,pending
chris-jefferies,Chris Jefferies,Chris Jefferies,chris-jefferies,,pending
chris-jent,Chris Jent,Chris Jent,chris-jent,,pending
chris-johnson,Chris Johnson,Chris Johnson,chris-johnson,,pending
chris-kaman,Chris Kaman,Chris Kaman,chris-kaman,,pending
chris-king,Chris King,Chris King,chris-king,,pending
chris-livingston,Chris Livingston,Chris Livingston,chris-livingston,,pending
chris-ma-on,Chris Mañon,Chris Mañon,chris-ma-on,,pending
chris-mccray,Chris McCray,Chris McCray,chris-mccray,,pending
chris-mccullough,Chris McCullough,Chris McCullough,chris-mccullough,,pending
chris-mcnealy,Chris McNealy,Chris McNealy,chris-mcnealy,,pending
chris-mihm,Chris Mihm,Chris Mihm,chris-mihm,,pending
chris-mills,Chris Mills,Chris Mills,chris-mills,,pending
chris-morris,Chris Morris,Chris Morris,chris-morris,,pending
chris-mullin,Chris Mullin,Chris Mullin,chris-mullin,,pending
chris-mullin,Chris Mullin*,Chris Mullin*,chris-mullin,,pending
chris-munk,Chris Munk,Chris Munk,chris-munk,,pending
chris-owens,Chris Owens,Chris Owens,chris-owens,,pending
chris-paul,Chris Paul,Chris Paul,chris-paul,,pending
chris-porter,Chris Porter,Chris Porter,chris-porter,,pending
chris-quinn,Chris Quinn,Chris Quinn,chris-quinn,,pending
chris-richard,Chris Richard,Chris Richard,chris-richard,,pending
chris-robinson,Chris Robinson,Chris Robinson,chris-robinson,,pending
chris-silva,Chris Silva,Chris Silva,chris-silva,,pending
chris-singleton,Chris Singleton,Chris Singleton,chris-singleton,,pending
chris-smith,Chris Smith,Chris Smith,chris-smith,,pending
chris-taft,Chris Taft,Chris Taft,chris-taft,,pending
chris-washburn,Chris Washburn,Chris Washburn,chris-washburn,,pending
chris-webber,Chris Webber,Chris Webber,chris-webber,,pending
chris-webber,Chris Webber*,Chris Webber*,chris-webber,,pending
chris-welp,Chris Welp,Chris Welp,chris-welp,,pending
chris-whitney,Chris Whitney,Chris Whitney,chris-whitney,,pending
chris-wilcox,Chris Wilcox,Chris Wilcox,chris-wilcox,,pending
chris-wright,Chris Wright,Chris Wright,chris-wright,,pending
chris-youngblood,Chris Youngblood,Chris Youngblood,chris-youngblood,,pending
christian-braun,Christian Braun,Christian Braun,christian-braun,,pending
christian-eyenga,Christian Eyenga,Christian Eyenga,christian-eyenga,,pending
christian-koloko,Christian Koloko,Christian Koloko,christian-koloko,,pending
christian-laettner,Christian Laettner,Christian Laettner,christian-laettner,,pending
christian-wood,Christian Wood,Christian Wood,christian-wood,,pending
chubby-cox,Chubby Cox,Chubby Cox,chubby-cox,,pending
chuck-aleksinas,Chuck Aleksinas,Chuck Aleksinas,chuck-aleksinas,,pending
chuck-cooper,Chuck Cooper,Chuck Cooper,chuck-cooper,,pending
chuck-cooper,Chuck Cooper*,Chuck Cooper*,chuck-cooper,,pending
chuck-grigsby,Chuck Grigsby,Chuck Grigsby,chuck-grigsby,,pending
chuck-hayes,Chuck Hayes,Chuck Hayes,chuck-hayes,,pending
chuck-mencel,Chuck Mencel,Chuck Mencel,chuck-mencel,,pending
chuck-nevitt,Chuck Nevitt,Chuck Nevitt,chuck-nevitt,,pending
chuck-noble,Chuck Noble,Chuck Noble,chuck-noble,,pending
chuck-osborne,Chuck Osborne,Chuck Osborne,chuck-osborne,,pending
chuck-person,Chuck Person,Chuck Person,chuck-person,,pending
chuck-share,Chuck Share,Chuck Share,chuck-share,,pending
chuck-terry,Chuck Terry,Chuck Terry,chuck-terry,,pending
chuck-williams,Chuck Williams,Chuck Williams,chuck-williams,,pending
chuckie-williams,Chuckie Williams,Chuckie Williams,chuckie-williams,,pending
chucky-atkins,Chucky Atkins,Chucky Atkins,chucky-atkins,,pending
chucky-brown,Chucky Brown,Chucky Brown,chucky-brown,,pending
chucky-hepburn,Chucky Hepburn,Chucky Hepburn,chucky-hepburn,,pending
chuma-okeke,Chuma Okeke,Chuma Okeke,chuma-okeke,,pending
clarence-glover,Clarence Glover,Clarence Glover,clarence-glover,,pending
clarence-kea,Clarence Kea,Clarence Kea,clarence-kea,,pending
clarence-weatherspoon,Clarence Weatherspoon,Clarence Weatherspoon,clarence-weatherspoon,,pending
clark-kellogg,Clark Kellogg,Clark Kellogg,clark-kellogg,,pending
claude-english,Claude English,Claude English,claude-english,,pending
claude-gregory,Claude Gregory,Claude Gregory,claude-gregory,,pending
claude-overton,Claude Overton,Claude Overton,claude-overton,,pending
claude-terry,Claude Terry,Claude Terry,claude-terry,,pending
clay-johnson,Clay Johnson,Clay Johnson,clay-johnson,,pending
cleanthony-early,Cleanthony Early,Cleanthony Early,cleanthony-early,,pending
clem-haskins,Clem Haskins,Clem Haskins,clem-haskins,,pending
clemon-johnson,Clemon Johnson,Clemon Johnson,clemon-johnson,,pending
cleo-hill,Cleo Hill,Cleo Hill,cleo-hill,,pending
cleveland-buckner,Cleveland Buckner,Cleveland Buckner,cleveland-buckner,,pending
cliff-alexander,Cliff Alexander,Cliff Alexander,cliff-alexander,,pending
cliff-anderson,Cliff Anderson,Cliff Anderson,cliff-anderson,,pending
cliff-barker,Cliff Barker,Cliff Barker,cliff-barker,,pending
cliff-hagan,Cliff Hagan,Cliff Hagan,cliff-hagan,,pending
cliff-hagan,Cliff Hagan*,Cliff Hagan*,cliff-hagan,,pending
cliff-levingston,Cliff Levingston,Cliff Levingston,cliff-levingston,,pending
cliff-meely,Cliff Meely,Cliff Meely,cliff-meely,,pending
cliff-pondexter,Cliff Pondexter,Cliff Pondexter,cliff-pondexter,,pending
cliff-robinson,Cliff Robinson,Cliff Robinson,cliff-robinson,,pending
cliff-williams,Cliff Williams,Cliff Williams,cliff-williams,,pending
clifford-lett,Clifford Lett,Clifford Lett,clifford-lett,,pending
clifford-ray,Clifford Ray,Clifford Ray,clifford-ray,,pending
clifford-robinson,Clifford Robinson,Clifford Robinson,clifford-robinson,,pending
clifford-rozier,Clifford Rozier,Clifford Rozier,clifford-rozier,,pending
clint-capela,Clint Capela,Clint Capela,clint-capela,,pending
clint-mcdaniel,Clint McDaniel,Clint McDaniel,clint-mcdaniel,,pending
clint-richardson,Clint Richardson,Clint Richardson,clint-richardson,,pending
clinton-smith,Clinton Smith,Clinton Smith,clinton-smith,,pending
clinton-wheeler,Clinton Wheeler,Clinton Wheeler,clinton-wheeler,,pending
clyde-drexler,Clyde Drexler,Clyde Drexler,clyde-drexler,,pending
clyde-drexler,Clyde Drexler*,Clyde Drexler*,clyde-drexler,,pending
clyde-lee,Clyde Lee,Clyde Lee,clyde-lee,,pending
clyde-lovellette,Clyde Lovellette,Clyde Lovellette,clyde-lovellette,,pending
clyde-lovellette,Clyde Lovellette*,Clyde Lovellette*,clyde-lovellette,,pending
clyde-mayes,Clyde Mayes,Clyde Mayes,clyde-mayes,,pending
coby-dietrick,Coby Dietrick,Coby Dietrick,coby-dietrick,,pending
coby-karl,Coby Karl,Coby Karl,coby-karl,,pending
coby-white,Coby White,Coby White,coby-white,,pending
cody-martin,Cody Martin,Cody Martin,cody-martin,,pending
cody-williams,Cody Williams,Cody Williams,cody-williams,,pending
cody-zeller,Cody Zeller,Cody Zeller,cody-zeller,,pending
colby-jones,Colby Jones,Colby Jones,colby-jones,,pending
cole-aldrich,Cole Aldrich,Cole Aldrich,cole-aldrich,,pending
cole-anthony,Cole Anthony,Cole Anthony,cole-anthony,,pending
cole-swider,Cole Swider,Cole Swider,cole-swider,,pending
colin-castleton,Colin Castleton,Colin Castleton,colin-castleton,,pending
collin-gillespie,Collin Gillespie,Collin Gillespie,collin-gillespie,,pending
collin-murray-boyles,Collin Murray-Boyles,Collin Murray-Boyles,collin-murray-boyles,,pending
collin-sexton,Collin Sexton,Collin Sexton,collin-sexton,,pending
conner-henry,Conner Henry,Conner Henry,conner-henry,,pending
connie-dierking,Connie Dierking,Connie Dierking,connie-dierking,,pending
connie-hawkins,Connie Hawkins,Connie Hawkins,connie-hawkins,,pending
connie-hawkins,Connie Hawkins*,Connie Hawkins*,connie-hawkins,,pending
connie-norman,Connie Norman,Connie Norman,connie-norman,,pending
connie-rea,Connie Rea,Connie Rea,connie-rea,,pending
connie-simmons,Connie Simmons,Connie Simmons,connie-simmons,,pending
cooper-flagg,Cooper Flagg,Cooper Flagg,cooper-flagg,,pending
corey-beck,Corey Beck,Corey Beck,corey-beck,,pending
corey-benjamin,Corey Benjamin,Corey Benjamin,corey-benjamin,,pending
corey-brewer,Corey Brewer,Corey Brewer,corey-brewer,,pending
corey-crowder,Corey Crowder,Corey Crowder,corey-crowder,,pending
corey-gaines,Corey Gaines,Corey Gaines,corey-gaines,,pending
corey-kispert,Corey Kispert,Corey Kispert,corey-kispert,,pending
corey-maggette,Corey Maggette,Corey Maggette,corey-maggette,,pending
corey-williams,Corey Williams,Corey Williams,corey-williams,,pending
corie-blount,Corie Blount,Corie Blount,corie-blount,,pending
corky-calhoun,Corky Calhoun,Corky Calhoun,corky-calhoun,,pending
corky-devlin,Corky Devlin,Corky Devlin,corky-devlin,,pending
corliss-williamson,Corliss Williamson,Corliss Williamson,corliss-williamson,,pending
cormac-ryan,Cormac Ryan,Cormac Ryan,cormac-ryan,,pending
cornelius-cash,Cornelius Cash,Cornelius Cash,cornelius-cash,,pending
cornell-warner,Cornell Warner,Cornell Warner,cornell-warner,,pending
corny-thompson,Corny Thompson,Corny Thompson,corny-thompson,,pending
corsley-edwards,Corsley Edwards,Corsley Edwards,corsley-edwards,,pending
cory-alexander,Cory Alexander,Cory Alexander,cory-alexander,,pending
cory-blackwell,Cory Blackwell,Cory Blackwell,cory-blackwell,,pending
cory-carr,Cory Carr,Cory Carr,cory-carr,,pending
cory-higgins,Cory Higgins,Cory Higgins,cory-higgins,,pending
cory-jefferson,Cory Jefferson,Cory Jefferson,cory-jefferson,,pending
cory-joseph,Cory Joseph,Cory Joseph,cory-joseph,,pending
cotton-nash,Cotton Nash,Cotton Nash,cotton-nash,,pending
coty-clarke,Coty Clarke,Coty Clarke,coty-clarke,,pending
courtney-alexander,Courtney Alexander,Courtney Alexander,courtney-alexander,,pending
courtney-fortson,Courtney Fortson,Courtney Fortson,courtney-fortson,,pending
courtney-lee,Courtney Lee,Courtney Lee,courtney-lee,,pending
courtney-sims,Courtney Sims,Courtney Sims,courtney-sims,,pending
cozell-mcqueen,Cozell McQueen,Cozell McQueen,cozell-mcqueen,,pending
craig-brackins,Craig Brackins,Craig Brackins,craig-brackins,,pending
craig-dykema,Craig Dykema,Craig Dykema,craig-dykema,,pending
craig-ehlo,Craig Ehlo,Craig Ehlo,craig-ehlo,,pending
craig-hodges,Craig Hodges,Craig Hodges,craig-hodges,,pending
craig-neal,Craig Neal,Craig Neal,craig-neal,,pending
craig-porter-jr,Craig Porter Jr.,Craig Porter Jr.,craig-porter-jr,,pending
craig-raymond,Craig Raymond,Craig Raymond,craig-raymond,,pending
craig-shelton,Craig Shelton,Craig Shelton,craig-shelton,,pending
craig-smith,Craig Smith,Craig Smith,craig-smith,,pending
craig-spitzer,Craig Spitzer,Craig Spitzer,craig-spitzer,,pending
craig-sword,Craig Sword,Craig Sword,craig-sword,,pending
cristiano-fel-cio,Cristiano Felício,Cristiano Felício,cristiano-fel-cio,,pending
cui-yongxi,Cui Yongxi,Cui Yongxi,cui-yongxi,,pending
cuonzo-martin,Cuonzo Martin,Cuonzo Martin,cuonzo-martin,,pending
curtis-borchardt,Curtis Borchardt,Curtis Borchardt,curtis-borchardt,,pending
curtis-jones,Curtis Jones,Curtis Jones,curtis-jones,,pending
curtis-kitchen,Curtis Kitchen,Curtis Kitchen,curtis-kitchen,,pending
curtis-perry,Curtis Perry,Curtis Perry,curtis-perry,,pending
curtis-rowe,Curtis Rowe,Curtis Rowe,curtis-rowe,,pending
cuttino-mobley,Cuttino Mobley,Cuttino Mobley,cuttino-mobley,,pending
d-angelo-russell,D'Angelo Russell,D'Angelo Russell,d-angelo-russell,,pending
d-moi-hodge,D'Moi Hodge,D'Moi Hodge,d-moi-hodge,,pending
d-j-augustin,D.J. Augustin,D.J. Augustin,d-j-augustin,,pending
d-j-carton,D.J. Carton,D.J. Carton,d-j-carton,,pending
d-j-kennedy,D.J. Kennedy,D.J. Kennedy,d-j-kennedy,,pending
d-j-mbenga,D.J. Mbenga,D.J. Mbenga,d-j-mbenga,,pending
d-j-stephens,D.J. Stephens,D.J. Stephens,d-j-stephens,,pending
d-j-strawberry,D.J. Strawberry,D.J. Strawberry,d-j-strawberry,,pending
d-j-white,D.J. White,D.J. White,d-j-white,,pending
d-j-wilson,D.J. Wilson,D.J. Wilson,d-j-wilson,,pending
dajuan-summers,DaJuan Summers,DaJuan Summers,dajuan-summers,,pending
daquan-jeffries,DaQuan Jeffries,DaQuan Jeffries,daquan-jeffries,,pending
daron-holmes,DaRon Holmes,DaRon Holmes,daron-holmes,,pending
daequan-cook,Daequan Cook,Daequan Cook,daequan-cook,,pending
daeqwon-plowden,Daeqwon Plowden,Daeqwon Plowden,daeqwon-plowden,,pending
dahntay-jones,Dahntay Jones,Dahntay Jones,dahntay-jones,,pending
dairis-bert-ns,Dairis Bertāns,Dairis Bertāns,dairis-bert-ns,,pending
daishen-nix,Daishen Nix,Daishen Nix,daishen-nix,,pending
dajuan-wagner,Dajuan Wagner,Dajuan Wagner,dajuan-wagner,,pending
dakari-johnson,Dakari Johnson,Dakari Johnson,dakari-johnson,,pending
dakota-mathias,Dakota Mathias,Dakota Mathias,dakota-mathias,,pending
dalano-banton,Dalano Banton,Dalano Banton,dalano-banton,,pending
dale-davis,Dale Davis,Dale Davis,dale-davis,,pending
dale-ellis,Dale Ellis,Dale Ellis,dale-ellis,,pending
dale-schlueter,Dale Schlueter,Dale Schlueter,dale-schlueter,,pending
dale-wilkinson,Dale Wilkinson,Dale Wilkinson,dale-wilkinson,,pending
dalen-terry,Dalen Terry,Dalen Terry,dalen-terry,,pending
dalibor-bagari,Dalibor Bagarić,Dalibor Bagarić,dalibor-bagari,,pending
dallas-comegys,Dallas Comegys,Dallas Comegys,dallas-comegys,,pending
dalton-knecht,Dalton Knecht,Dalton Knecht,dalton-knecht,,pending
damian-jones,Damian Jones,Damian Jones,damian-jones,,pending
damian-lillard,Damian Lillard,Damian Lillard,damian-lillard,,pending
damien-inglis,Damien Inglis,Damien Inglis,damien-inglis,,pending
damien-wilkins,Damien Wilkins,Damien Wilkins,damien-wilkins,,pending
damion-baugh,Damion Baugh,Damion Baugh,damion-baugh,,pending
damion-james,Damion James,Damion James,damion-james,,pending
damion-lee,Damion Lee,Damion Lee,damion-lee,,pending
damir-markota,Damir Markota,Damir Markota,damir-markota,,pending
damjan-rude,Damjan Rudež,Damjan Rudež,damjan-rude,,pending
damon-jones,Damon Jones,Damon Jones,damon-jones,,pending
damon-stoudamire,Damon Stoudamire,Damon Stoudamire,damon-stoudamire,,pending
damone-brown,Damone Brown,Damone Brown,damone-brown,,pending
damyean-dotson,Damyean Dotson,Damyean Dotson,damyean-dotson,,pending
dan-anderson,Dan Anderson,Dan Anderson,dan-anderson,,pending
dan-dickau,Dan Dickau,Dan Dickau,dan-dickau,,pending
dan-gadzuric,Dan Gadzuric,Dan Gadzuric,dan-gadzuric,,pending
dan-godfread,Dan Godfread,Dan Godfread,dan-godfread,,pending
dan-issel,Dan Issel,Dan Issel,dan-issel,,pending
dan-issel,Dan Issel*,Dan Issel*,dan-issel,,pending
dan-king,Dan King,Dan King,dan-king,,pending
dan-langhi,Dan Langhi,Dan Langhi,dan-langhi,,pending
dan-majerle,Dan Majerle,Dan Majerle,dan-majerle,,pending
dan-mcclintock,Dan McClintock,Dan McClintock,dan-mcclintock,,pending
dan-o-sullivan,Dan O'Sullivan,Dan O'Sullivan,dan-o-sullivan,,pending
dan-roundfield,Dan Roundfield,Dan Roundfield,dan-roundfield,,pending
dan-swartz,Dan Swartz,Dan Swartz,dan-swartz,,pending
dan-tieman,Dan Tieman,Dan Tieman,dan-tieman,,pending
dana-barros,Dana Barros,Dana Barros,dana-barros,,pending
dane-suttle,Dane Suttle,Dane Suttle,dane-suttle,,pending
daniel-ewing,Daniel Ewing,Daniel Ewing,daniel-ewing,,pending
daniel-gafford,Daniel Gafford,Daniel Gafford,daniel-gafford,,pending
daniel-gibson,Daniel Gibson,Daniel Gibson,daniel-gibson,,pending
daniel-hamilton,Daniel Hamilton,Daniel Hamilton,daniel-hamilton,,pending
daniel-ochefu,Daniel Ochefu,Daniel Ochefu,daniel-ochefu,,pending
daniel-orton,Daniel Orton,Daniel Orton,daniel-orton,,pending
daniel-oturu,Daniel Oturu,Daniel Oturu,daniel-oturu,,pending
daniel-santiago,Daniel Santiago,Daniel Santiago,daniel-santiago,,pending
daniel-theis,Daniel Theis,Daniel Theis,daniel-theis,,pending
danilo-gallinari,Danilo Gallinari,Danilo Gallinari,danilo-gallinari,,pending
daniss-jenkins,Daniss Jenkins,Daniss Jenkins,daniss-jenkins,,pending
danny-ainge,Danny Ainge,Danny Ainge,danny-ainge,,pending
danny-doyle,Danny Doyle,Danny Doyle,danny-doyle,,pending
danny-ferry,Danny Ferry,Danny Ferry,danny-ferry,,pending
danny-finn,Danny Finn,Danny Finn,danny-finn,,pending
danny-fortson,Danny Fortson,Danny Fortson,danny-fortson,,pending
danny-granger,Danny Granger,Danny Granger,danny-granger,,pending
danny-green,Danny Green,Danny Green,danny-green,,pending
danny-manning,Danny Manning,Danny Manning,danny-manning,,pending
danny-schayes,Danny Schayes,Danny Schayes,danny-schayes,,pending
danny-vranes,Danny Vranes,Danny Vranes,danny-vranes,,pending
danny-wolf,Danny Wolf,Danny Wolf,danny-wolf,,pending
danny-young,Danny Young,Danny Young,danny-young,,pending
dante-cunningham,Dante Cunningham,Dante Cunningham,dante-cunningham,,pending
dant-exum,Danté Exum,Danté Exum,dant-exum,,pending
danuel-house-jr,Danuel House Jr.,Danuel House Jr.,danuel-house-jr,,pending
darington-hobson,Darington Hobson,Darington Hobson,darington-hobson,,pending
dario-ari,Dario Šarić,Dario Šarić,dario-ari,,pending
dariq-whitehead,Dariq Whitehead,Dariq Whitehead,dariq-whitehead,,pending
darius-bazley,Darius Bazley,Darius Bazley,darius-bazley,,pending
darius-brown-ii,Darius Brown II,Darius Brown II,darius-brown-ii,,pending
darius-days,Darius Days,Darius Days,darius-days,,pending
darius-garland,Darius Garland,Darius Garland,darius-garland,,pending
darius-johnson-odom,Darius Johnson-Odom,Darius Johnson-Odom,darius-johnson-odom,,pending
darius-miles,Darius Miles,Darius Miles,darius-miles,,pending
darius-miller,Darius Miller,Darius Miller,darius-miller,,pending
darius-morris,Darius Morris,Darius Morris,darius-morris,,pending
darius-songaila,Darius Songaila,Darius Songaila,darius-songaila,,pending
darius-washington,Darius Washington,Darius Washington,darius-washington,,pending
darko-mili-i,Darko Miličić,Darko Miličić,darko-mili-i,,pending
darnell-hillman,Darnell Hillman,Darnell Hillman,darnell-hillman,,pending
darnell-jackson,Darnell Jackson,Darnell Jackson,darnell-jackson,,pending
darnell-mee,Darnell Mee,Darnell Mee,darnell-mee,,pending
darnell-valentine,Darnell Valentine,Darnell Valentine,darnell-valentine,,pending
darrall-imhoff,Darrall Imhoff,Darrall Imhoff,darrall-imhoff,,pending
darrell-allums,Darrell Allums,Darrell Allums,darrell-allums,,pending
darrell-armstrong,Darrell Armstrong,Darrell Armstrong,darrell-armstrong,,pending
darrell-arthur,Darrell Arthur,Darrell Arthur,darrell-arthur,,pending
darrell-elston,Darrell Elston,Darrell Elston,darrell-elston,,pending
darrell-griffith,Darrell Griffith,Darrell Griffith,darrell-griffith,,pending
darrell-lockhart,Darrell Lockhart,Darrell Lockhart,darrell-lockhart,,pending
darrell-walker,Darrell Walker,Darrell Walker,darrell-walker,,pending
darren-collison,Darren Collison,Darren Collison,darren-collison,,pending
darren-daye,Darren Daye,Darren Daye,darren-daye,,pending
darren-morningstar,Darren Morningstar,Darren Morningstar,darren-morningstar,,pending
darren-tillis,Darren Tillis,Darren Tillis,darren-tillis,,pending
darrick-martin,Darrick Martin,Darrick Martin,darrick-martin,,pending
darrin-hancock,Darrin Hancock,Darrin Hancock,darrin-hancock,,pending
darrun-hilliard,Darrun Hilliard,Darrun Hilliard,darrun-hilliard,,pending
darryl-dawkins,Darryl Dawkins,Darryl Dawkins,darryl-dawkins,,pending
darryl-johnson,Darryl Johnson,Darryl Johnson,darryl-johnson,,pending
darryl-watkins,Darryl Watkins,Darryl Watkins,darryl-watkins,,pending
darvin-ham,Darvin Ham,Darvin Ham,darvin-ham,,pending
darwin-cook,Darwin Cook,Darwin Cook,darwin-cook,,pending
daryl-macon,Daryl Macon,Daryl Macon,daryl-macon,,pending
dave-batton,Dave Batton,Dave Batton,dave-batton,,pending
dave-bing,Dave Bing,Dave Bing,dave-bing,,pending
dave-bing,Dave Bing*,Dave Bing*,dave-bing,,pending
dave-britton,Dave Britton,Dave Britton,dave-britton,,pending
dave-budd,Dave Budd,Dave Budd,dave-budd,,pending
dave-corzine,Dave Corzine,Dave Corzine,dave-corzine,,pending
dave-cowens,Dave Cowens,Dave Cowens,dave-cowens,,pending
dave-cowens,Dave Cowens*,Dave Cowens*,dave-cowens,,pending
dave-debusschere,Dave DeBusschere,Dave DeBusschere,dave-debusschere,,pending
dave-debusschere,Dave DeBusschere*,Dave DeBusschere*,dave-debusschere,,pending
dave-deutsch,Dave Deutsch,Dave Deutsch,dave-deutsch,,pending
dave-fedor,Dave Fedor,Dave Fedor,dave-fedor,,pending
dave-feitl,Dave Feitl,Dave Feitl,dave-feitl,,pending
dave-gambee,Dave Gambee,Dave Gambee,dave-gambee,,pending
dave-greenwood,Dave Greenwood,Dave Greenwood,dave-greenwood,,pending
dave-gunther,Dave Gunther,Dave Gunther,dave-gunther,,pending
dave-henderson,Dave Henderson,Dave Henderson,dave-henderson,,pending
dave-hoppen,Dave Hoppen,Dave Hoppen,dave-hoppen,,pending
dave-jamerson,Dave Jamerson,Dave Jamerson,dave-jamerson,,pending
dave-johnson,Dave Johnson,Dave Johnson,dave-johnson,,pending
dave-lattin,Dave Lattin,Dave Lattin,dave-lattin,,pending
dave-magley,Dave Magley,Dave Magley,dave-magley,,pending
dave-meyers,Dave Meyers,Dave Meyers,dave-meyers,,pending
dave-minor,Dave Minor,Dave Minor,dave-minor,,pending
dave-newmark,Dave Newmark,Dave Newmark,dave-newmark,,pending
dave-piontek,Dave Piontek,Dave Piontek,dave-piontek,,pending
dave-popson,Dave Popson,Dave Popson,dave-popson,,pending
dave-robisch,Dave Robisch,Dave Robisch,dave-robisch,,pending
dave-schellhase,Dave Schellhase,Dave Schellhase,dave-schellhase,,pending
dave-scholz,Dave Scholz,Dave Scholz,dave-scholz,,pending
dave-sorenson,Dave Sorenson,Dave Sorenson,dave-sorenson,,pending
dave-stallworth,Dave Stallworth,Dave Stallworth,dave-stallworth,,pending
dave-twardzik,Dave Twardzik,Dave Twardzik,dave-twardzik,,pending
dave-wohl,Dave Wohl,Dave Wohl,dave-wohl,,pending
dave-zeller,Dave Zeller,Dave Zeller,dave-zeller,,pending
david-andersen,David Andersen,David Andersen,david-andersen,,pending
david-benoit,David Benoit,David Benoit,david-benoit,,pending
david-burns,David Burns,David Burns,david-burns,,pending
david-cooke,David Cooke,David Cooke,david-cooke,,pending
david-duke-jr,David Duke Jr.,David Duke Jr.,david-duke-jr,,pending
david-harrison,David Harrison,David Harrison,david-harrison,,pending
david-johnson,David Johnson,David Johnson,david-johnson,,pending
david-jones-garc-a,David Jones García,David Jones García,david-jones-garc-a,,pending
david-lee,David Lee,David Lee,david-lee,,pending
david-noel,David Noel,David Noel,david-noel,,pending
david-nwaba,David Nwaba,David Nwaba,david-nwaba,,pending
david-pope,David Pope,David Pope,david-pope,,pending
david-rivers,David Rivers,David Rivers,david-rivers,,pending
david-robinson,David Robinson,David Robinson,david-robinson,,pending
david-robinson,David Robinson*,David Robinson*,david-robinson,,pending
david-roddy,David Roddy,David Roddy,david-roddy,,pending
david-stockton,David Stockton,David Stockton,david-stockton,,pending
david-thirdkill,David Thirdkill,David Thirdkill,david-thirdkill,,pending
david-thompson,David Thompson,David Thompson,david-thompson,,pending
david-thompson,David Thompson*,David Thompson*,david-thompson,,pending
david-vanterpool,David Vanterpool,David Vanterpool,david-vanterpool,,pending
david-vaughn,David Vaughn,David Vaughn,david-vaughn,,pending
david-wear,David Wear,David Wear,david-wear,,pending
david-wesley,David Wesley,David Wesley,david-wesley,,pending
david-west,David West,David West,david-west,,pending
david-wingate,David Wingate,David Wingate,david-wingate,,pending
david-wood,David Wood,David Wood,david-wood,,pending
davion-mitchell,Davion Mitchell,Davion Mitchell,davion-mitchell,,pending
davon-reed,Davon Reed,Davon Reed,davon-reed,,pending
day-ron-sharpe,Day'Ron Sharpe,Day'Ron Sharpe,day-ron-sharpe,,pending
de-aaron-fox,De'Aaron Fox,De'Aaron Fox,de-aaron-fox,,pending
de-andre-hunter,De'Andre Hunter,De'Andre Hunter,de-andre-hunter,,pending
de-anthony-melton,De'Anthony Melton,De'Anthony Melton,de-anthony-melton,,pending
deandre-jordan,DeAndre Jordan,DeAndre Jordan,deandre-jordan,,pending
deandre-liggins,DeAndre Liggins,DeAndre Liggins,deandre-liggins,,pending
deandre-bembry,DeAndre' Bembry,DeAndre' Bembry,deandre-bembry,,pending
dejon-jarreau,DeJon Jarreau,DeJon Jarreau,dejon-jarreau,,pending
dejuan-blair,DeJuan Blair,DeJuan Blair,dejuan-blair,,pending
dejuan-wheat,DeJuan Wheat,DeJuan Wheat,dejuan-wheat,,pending
demar-derozan,DeMar DeRozan,DeMar DeRozan,demar-derozan,,pending
demarco-johnson,DeMarco Johnson,DeMarco Johnson,demarco-johnson,,pending
demarcus-cousins,DeMarcus Cousins,DeMarcus Cousins,demarcus-cousins,,pending
demarcus-nelson,DeMarcus Nelson,DeMarcus Nelson,demarcus-nelson,,pending
demarre-carroll,DeMarre Carroll,DeMarre Carroll,demarre-carroll,,pending
dequan-jones,DeQuan Jones,DeQuan Jones,dequan-jones,,pending
desagana-diop,DeSagana Diop,DeSagana Diop,desagana-diop,,pending
deshawn-stevenson,DeShawn Stevenson,DeShawn Stevenson,deshawn-stevenson,,pending
devaughn-akoon-purcell,DeVaughn Akoon-Purcell,DeVaughn Akoon-Purcell,devaughn-akoon-purcell,,pending
dewayne-scales,DeWayne Scales,DeWayne Scales,dewayne-scales,,pending
dean-garrett,Dean Garrett,Dean Garrett,dean-garrett,,pending
dean-meminger,Dean Meminger,Dean Meminger,dean-meminger,,pending
dean-oliver,Dean Oliver,Dean Oliver,dean-oliver,,pending
dean-tolson,Dean Tolson,Dean Tolson,dean-tolson,,pending
dean-wade,Dean Wade,Dean Wade,dean-wade,,pending
deandre-ayton,Deandre Ayton,Deandre Ayton,deandre-ayton,,pending
dedric-willoughby,Dedric Willoughby,Dedric Willoughby,dedric-willoughby,,pending
dee-brown,Dee Brown,Dee Brown,dee-brown,,pending
deividas-sirvydis,Deividas Sirvydis,Deividas Sirvydis,deividas-sirvydis,,pending
dejounte-murray,Dejounte Murray,Dejounte Murray,dejounte-murray,,pending
del-beshore,Del Beshore,Del Beshore,del-beshore,,pending
delaney-rudd,Delaney Rudd,Delaney Rudd,delaney-rudd,,pending
dell-curry,Dell Curry,Dell Curry,dell-curry,,pending
dell-demps,Dell Demps,Dell Demps,dell-demps,,pending
delon-wright,Delon Wright,Delon Wright,delon-wright,,pending
delonte-west,Delonte West,Delonte West,delonte-west,,pending
demetris-nichols,Demetris Nichols,Demetris Nichols,demetris-nichols,,pending
demetrius-calip,Demetrius Calip,Demetrius Calip,demetrius-calip,,pending
demetrius-jackson,Demetrius Jackson,Demetrius Jackson,demetrius-jackson,,pending
deng-adel,Deng Adel,Deng Adel,deng-adel,,pending
deng-gai,Deng Gai,Deng Gai,deng-gai,,pending
deni-avdija,Deni Avdija,Deni Avdija,deni-avdija,,pending
dennis-awtrey,Dennis Awtrey,Dennis Awtrey,dennis-awtrey,,pending
dennis-bell,Dennis Bell,Dennis Bell,dennis-bell,,pending
dennis-boyd,Dennis Boyd,Dennis Boyd,dennis-boyd,,pending
dennis-duval,Dennis DuVal,Dennis DuVal,dennis-duval,,pending
dennis-hamilton,Dennis Hamilton,Dennis Hamilton,dennis-hamilton,,pending
dennis-hopson,Dennis Hopson,Dennis Hopson,dennis-hopson,,pending
dennis-horner,Dennis Horner,Dennis Horner,dennis-horner,,pending
dennis-johnson,Dennis Johnson,Dennis Johnson,dennis-johnson,,pending
dennis-johnson,Dennis Johnson*,Dennis Johnson*,dennis-johnson,,pending
dennis-nutt,Dennis Nutt,Dennis Nutt,dennis-nutt,,pending
dennis-rodman,Dennis Rodman,Dennis Rodman,dennis-rodman,,pending
dennis-rodman,Dennis Rodman*,Dennis Rodman*,dennis-rodman,,pending
dennis-schr-der,Dennis Schröder,Dennis Schröder,dennis-schr-der,,pending
dennis-scott,Dennis Scott,Dennis Scott,dennis-scott,,pending
dennis-smith-jr,Dennis Smith Jr.,Dennis Smith Jr.,dennis-smith-jr,,pending
dennis-stewart,Dennis Stewart,Dennis Stewart,dennis-stewart,,pending
denzel-valentine,Denzel Valentine,Denzel Valentine,denzel-valentine,,pending
deonte-burton,Deonte Burton,Deonte Burton,deonte-burton,,pending
dermarr-johnson,DerMarr Johnson,DerMarr Johnson,dermarr-johnson,,pending
dereck-lively-ii,Dereck Lively II,Dereck Lively II,dereck-lively-ii,,pending
derek-anderson,Derek Anderson,Derek Anderson,derek-anderson,,pending
derek-fisher,Derek Fisher,Derek Fisher,derek-fisher,,pending
derek-grimm,Derek Grimm,Derek Grimm,derek-grimm,,pending
derek-harper,Derek Harper,Derek Harper,derek-harper,,pending
derek-hood,Derek Hood,Derek Hood,derek-hood,,pending
derek-smith,Derek Smith,Derek Smith,derek-smith,,pending
derek-strong,Derek Strong,Derek Strong,derek-strong,,pending
dereon-seabron,Dereon Seabron,Dereon Seabron,dereon-seabron,,pending
derik-queen,Derik Queen,Derik Queen,derik-queen,,pending
deron-williams,Deron Williams,Deron Williams,deron-williams,,pending
derrek-dickey,Derrek Dickey,Derrek Dickey,derrek-dickey,,pending
derrick-alston,Derrick Alston,Derrick Alston,derrick-alston,,pending
derrick-brown,Derrick Brown,Derrick Brown,derrick-brown,,pending
derrick-byars,Derrick Byars,Derrick Byars,derrick-byars,,pending
derrick-caracter,Derrick Caracter,Derrick Caracter,derrick-caracter,,pending
derrick-chievous,Derrick Chievous,Derrick Chievous,derrick-chievous,,pending
derrick-coleman,Derrick Coleman,Derrick Coleman,derrick-coleman,,pending
derrick-dial,Derrick Dial,Derrick Dial,derrick-dial,,pending
derrick-favors,Derrick Favors,Derrick Favors,derrick-favors,,pending
derrick-gervin,Derrick Gervin,Derrick Gervin,derrick-gervin,,pending
derrick-jones-jr,Derrick Jones Jr.,Derrick Jones Jr.,derrick-jones-jr,,pending
derrick-mckey,Derrick McKey,Derrick McKey,derrick-mckey,,pending
derrick-phelps,Derrick Phelps,Derrick Phelps,derrick-phelps,,pending
derrick-rose,Derrick Rose,Derrick Rose,derrick-rose,,pending
derrick-rowland,Derrick Rowland,Derrick Rowland,derrick-rowland,,pending
derrick-walton,Derrick Walton,Derrick Walton,derrick-walton,,pending
derrick-white,Derrick White,Derrick White,derrick-white,,pending
derrick-williams,Derrick Williams,Derrick Williams,derrick-williams,,pending
derrick-zimmerman,Derrick Zimmerman,Derrick Zimmerman,derrick-zimmerman,,pending
desmon-farmer,Desmon Farmer,Desmon Farmer,desmon-farmer,,pending
desmond-bane,Desmond Bane,Desmond Bane,desmond-bane,,pending
desmond-ferguson,Desmond Ferguson,Desmond Ferguson,desmond-ferguson,,pending
desmond-mason,Desmond Mason,Desmond Mason,desmond-mason,,pending
desmond-penigar,Desmond Penigar,Desmond Penigar,desmond-penigar,,pending
detlef-schrempf,Detlef Schrempf,Detlef Schrempf,detlef-schrempf,,pending
devean-george,Devean George,Devean George,devean-george,,pending
devin-booker,Devin Booker,Devin Booker,devin-booker,,pending
devin-brown,Devin Brown,Devin Brown,devin-brown,,pending
devin-cannady,Devin Cannady,Devin Cannady,devin-cannady,,pending
devin-carter,Devin Carter,Devin Carter,devin-carter,,pending
devin-durrant,Devin Durrant,Devin Durrant,devin-durrant,,pending
devin-ebanks,Devin Ebanks,Devin Ebanks,devin-ebanks,,pending
devin-gray,Devin Gray,Devin Gray,devin-gray,,pending
devin-green,Devin Green,Devin Green,devin-green,,pending
devin-harris,Devin Harris,Devin Harris,devin-harris,,pending
devin-robinson,Devin Robinson,Devin Robinson,devin-robinson,,pending
devin-vassell,Devin Vassell,Devin Vassell,devin-vassell,,pending
devon-dotson,Devon Dotson,Devon Dotson,devon-dotson,,pending
devon-hall,Devon Hall,Devon Hall,devon-hall,,pending
devontae-cacok,Devontae Cacok,Devontae Cacok,devontae-cacok,,pending
devonte-graham,Devonte' Graham,Devonte' Graham,devonte-graham,,pending
devyn-marble,Devyn Marble,Devyn Marble,devyn-marble,,pending
dewan-hernandez,Dewan Hernandez,Dewan Hernandez,dewan-hernandez,,pending
dewayne-dedmon,Dewayne Dedmon,Dewayne Dedmon,dewayne-dedmon,,pending
dexter-boney,Dexter Boney,Dexter Boney,dexter-boney,,pending
dexter-cambridge,Dexter Cambridge,Dexter Cambridge,dexter-cambridge,,pending
dexter-dennis,Dexter Dennis,Dexter Dennis,dexter-dennis,,pending
dexter-pittman,Dexter Pittman,Dexter Pittman,dexter-pittman,,pending
dexter-shouse,Dexter Shouse,Dexter Shouse,dexter-shouse,,pending
deyonta-davis,Deyonta Davis,Deyonta Davis,deyonta-davis,,pending
diamond-stone,Diamond Stone,Diamond Stone,diamond-stone,,pending
diante-garrett,Diante Garrett,Diante Garrett,diante-garrett,,pending
dick-atha,Dick Atha,Dick Atha,dick-atha,,pending
dick-barnett,Dick Barnett,Dick Barnett,dick-barnett,,pending
dick-barnett,Dick Barnett*,Dick Barnett*,dick-barnett,,pending
dick-bunt,Dick Bunt,Dick Bunt,dick-bunt,,pending
dick-cunningham,Dick Cunningham,Dick Cunningham,dick-cunningham,,pending
dick-dickey,Dick Dickey,Dick Dickey,dick-dickey,,pending
dick-duckett,Dick Duckett,Dick Duckett,dick-duckett,,pending
dick-farley,Dick Farley,Dick Farley,dick-farley,,pending
dick-garmaker,Dick Garmaker,Dick Garmaker,dick-garmaker,,pending
dick-garrett,Dick Garrett,Dick Garrett,dick-garrett,,pending
dick-gibbs,Dick Gibbs,Dick Gibbs,dick-gibbs,,pending
dick-groat,Dick Groat,Dick Groat,dick-groat,,pending
dick-hemric,Dick Hemric,Dick Hemric,dick-hemric,,pending
dick-knostman,Dick Knostman,Dick Knostman,dick-knostman,,pending
dick-mcguire,Dick McGuire,Dick McGuire,dick-mcguire,,pending
dick-mcguire,Dick McGuire*,Dick McGuire*,dick-mcguire,,pending
dick-mehen,Dick Mehen,Dick Mehen,dick-mehen,,pending
dick-miller,Dick Miller,Dick Miller,dick-miller,,pending
dick-ricketts,Dick Ricketts,Dick Ricketts,dick-ricketts,,pending
dick-rosenthal,Dick Rosenthal,Dick Rosenthal,dick-rosenthal,,pending
dick-schnittker,Dick Schnittker,Dick Schnittker,dick-schnittker,,pending
dick-snyder,Dick Snyder,Dick Snyder,dick-snyder,,pending
dick-surhoff,Dick Surhoff,Dick Surhoff,dick-surhoff,,pending
dick-van-arsdale,Dick Van Arsdale,Dick Van Arsdale,dick-van-arsdale,,pending
dickey-simpkins,Dickey Simpkins,Dickey Simpkins,dickey-simpkins,,pending
didi-louzada,Didi Louzada,Didi Louzada,didi-louzada,,pending
dijon-thompson,Dijon Thompson,Dijon Thompson,dijon-thompson,,pending
dike-eddleman,Dike Eddleman,Dike Eddleman,dike-eddleman,,pending
dikembe-mutombo,Dikembe Mutombo,Dikembe Mutombo,dikembe-mutombo,,pending
dikembe-mutombo,Dikembe Mutombo*,Dikembe Mutombo*,dikembe-mutombo,,pending
dillard-crocker,Dillard Crocker,Dillard Crocker,dillard-crocker,,pending
dillon-brooks,Dillon Brooks,Dillon Brooks,dillon-brooks,,pending
dillon-jones,Dillon Jones,Dillon Jones,dillon-jones,,pending
dino-radja,Dino Radja,Dino Radja,dino-radja,,pending
dino-radja,Dino Radja*,Dino Radja*,dino-radja,,pending
dion-glover,Dion Glover,Dion Glover,dion-glover,,pending
dion-waiters,Dion Waiters,Dion Waiters,dion-waiters,,pending
dionte-christmas,Dionte Christmas,Dionte Christmas,dionte-christmas,,pending
dirk-minniefield,Dirk Minniefield,Dirk Minniefield,dirk-minniefield,,pending
dirk-nowitzki,Dirk Nowitzki,Dirk Nowitzki,dirk-nowitzki,,pending
dirk-nowitzki,Dirk Nowitzki*,Dirk Nowitzki*,dirk-nowitzki,,pending
dmytro-skapintsev,Dmytro Skapintsev,Dmytro Skapintsev,dmytro-skapintsev,,pending
doc-rivers,Doc Rivers,Doc Rivers,doc-rivers,,pending
dolph-schayes,Dolph Schayes,Dolph Schayes,dolph-schayes,,pending
dolph-schayes,Dolph Schayes*,Dolph Schayes*,dolph-schayes,,pending
domantas-sabonis,Domantas Sabonis,Domantas Sabonis,domantas-sabonis,,pending
dominic-mcguire,Dominic McGuire,Dominic McGuire,dominic-mcguire,,pending
dominic-pressley,Dominic Pressley,Dominic Pressley,dominic-pressley,,pending
dominick-barlow,Dominick Barlow,Dominick Barlow,dominick-barlow,,pending
dominique-jones,Dominique Jones,Dominique Jones,dominique-jones,,pending
dominique-wilkins,Dominique Wilkins,Dominique Wilkins,dominique-wilkins,,pending
dominique-wilkins,Dominique Wilkins*,Dominique Wilkins*,dominique-wilkins,,pending
don-ackerman,Don Ackerman,Don Ackerman,don-ackerman,,pending
don-adams,Don Adams,Don Adams,don-adams,,pending
don-anielak,Don Anielak,Don Anielak,don-anielak,,pending
don-asmonga,Don Asmonga,Don Asmonga,don-asmonga,,pending
don-barksdale,Don Barksdale,Don Barksdale,don-barksdale,,pending
don-barksdale,Don Barksdale*,Don Barksdale*,don-barksdale,,pending
don-bielke,Don Bielke,Don Bielke,don-bielke,,pending
don-boven,Don Boven,Don Boven,don-boven,,pending
don-buse,Don Buse,Don Buse,don-buse,,pending
don-chaney,Don Chaney,Don Chaney,don-chaney,,pending
don-collins,Don Collins,Don Collins,don-collins,,pending
don-ford,Don Ford,Don Ford,don-ford,,pending
don-hanrahan,Don Hanrahan,Don Hanrahan,don-hanrahan,,pending
don-henriksen,Don Henriksen,Don Henriksen,don-henriksen,,pending
don-kojis,Don Kojis,Don Kojis,don-kojis,,pending
don-lofgran,Don Lofgran,Don Lofgran,don-lofgran,,pending
don-maclean,Don MacLean,Don MacLean,don-maclean,,pending
don-may,Don May,Don May,don-may,,pending
don-nelson,Don Nelson,Don Nelson,don-nelson,,pending
don-nelson,Don Nelson*,Don Nelson*,don-nelson,,pending
don-ohl,Don Ohl,Don Ohl,don-ohl,,pending
don-otten,Don Otten,Don Otten,don-otten,,pending
don-rehfeldt,Don Rehfeldt,Don Rehfeldt,don-rehfeldt,,pending
don-reid,Don Reid,Don Reid,don-reid,,pending
don-savage,Don Savage,Don Savage,don-savage,,pending
don-smith,Don Smith,Don Smith,don-smith,,pending
don-sunderlage,Don Sunderlage,Don Sunderlage,don-sunderlage,,pending
donald-hodge,Donald Hodge,Donald Hodge,donald-hodge,,pending
donald-royal,Donald Royal,Donald Royal,donald-royal,,pending
donald-sloan,Donald Sloan,Donald Sloan,donald-sloan,,pending
donald-whiteside,Donald Whiteside,Donald Whiteside,donald-whiteside,,pending
donatas-motiej-nas,Donatas Motiejūnas,Donatas Motiejūnas,donatas-motiej-nas,,pending
donell-taylor,Donell Taylor,Donell Taylor,donell-taylor,,pending
donnell-harvey,Donnell Harvey,Donnell Harvey,donnell-harvey,,pending
donnie-boyce,Donnie Boyce,Donnie Boyce,donnie-boyce,,pending
donnie-butcher,Donnie Butcher,Donnie Butcher,donnie-butcher,,pending
donnie-freeman,Donnie Freeman,Donnie Freeman,donnie-freeman,,pending
donny-marshall,Donny Marshall,Donny Marshall,donny-marshall,,pending
donovan-clingan,Donovan Clingan,Donovan Clingan,donovan-clingan,,pending
donovan-mitchell,Donovan Mitchell,Donovan Mitchell,donovan-mitchell,,pending
donovan-williams,Donovan Williams,Donovan Williams,donovan-williams,,pending
donta-hall,Donta Hall,Donta Hall,donta-hall,,pending
donta-smith,Donta Smith,Donta Smith,donta-smith,,pending
dontae-jones,Dontae' Jones,Dontae' Jones,dontae-jones,,pending
donte-divincenzo,Donte DiVincenzo,Donte DiVincenzo,donte-divincenzo,,pending
donte-grantham,Donte Grantham,Donte Grantham,donte-grantham,,pending
dontell-jefferson,Dontell Jefferson,Dontell Jefferson,dontell-jefferson,,pending
dontonio-wingfield,Dontonio Wingfield,Dontonio Wingfield,dontonio-wingfield,,pending
dont-greene,Donté Greene,Donté Greene,dont-greene,,pending
donyell-marshall,Donyell Marshall,Donyell Marshall,donyell-marshall,,pending
dorell-wright,Dorell Wright,Dorell Wright,dorell-wright,,pending
dorian-finney-smith,Dorian Finney-Smith,Dorian Finney-Smith,dorian-finney-smith,,pending
dorie-murrey,Dorie Murrey,Dorie Murrey,dorie-murrey,,pending
doron-lamb,Doron Lamb,Doron Lamb,doron-lamb,,pending
doug-bolstorff,Doug Bolstorff,Doug Bolstorff,doug-bolstorff,,pending
doug-christie,Doug Christie,Doug Christie,doug-christie,,pending
doug-collins,Doug Collins,Doug Collins,doug-collins,,pending
doug-collins,Doug Collins*,Doug Collins*,doug-collins,,pending
doug-edwards,Doug Edwards,Doug Edwards,doug-edwards,,pending
doug-kistler,Doug Kistler,Doug Kistler,doug-kistler,,pending
doug-lee,Doug Lee,Doug Lee,doug-lee,,pending
doug-mcdermott,Doug McDermott,Doug McDermott,doug-mcdermott,,pending
doug-overton,Doug Overton,Doug Overton,doug-overton,,pending
doug-roth,Doug Roth,Doug Roth,doug-roth,,pending
doug-sims,Doug Sims,Doug Sims,doug-sims,,pending
doug-smith,Doug Smith,Doug Smith,doug-smith,,pending
doug-west,Doug West,Doug West,doug-west,,pending
dragan-bender,Dragan Bender,Dragan Bender,dragan-bender,,pending
dragan-tarla,Dragan Tarlać,Dragan Tarlać,dragan-tarla,,pending
drake-powell,Drake Powell,Drake Powell,drake-powell,,pending
draymond-green,Draymond Green,Draymond Green,draymond-green,,pending
dra-en-petrovi,Dražen Petrović,Dražen Petrović,dra-en-petrovi,,pending
dra-en-petrovi,Dražen Petrović*,Dražen Petrović*,dra-en-petrovi,,pending
drew-barry,Drew Barry,Drew Barry,drew-barry,,pending
drew-eubanks,Drew Eubanks,Drew Eubanks,drew-eubanks,,pending
drew-gooden,Drew Gooden,Drew Gooden,drew-gooden,,pending
drew-gordon,Drew Gordon,Drew Gordon,drew-gordon,,pending
drew-peterson,Drew Peterson,Drew Peterson,drew-peterson,,pending
drew-timme,Drew Timme,Drew Timme,drew-timme,,pending
dru-smith,Dru Smith,Dru Smith,dru-smith,,pending
duane-causwell,Duane Causwell,Duane Causwell,duane-causwell,,pending
duane-cooper,Duane Cooper,Duane Cooper,duane-cooper,,pending
duane-ferrell,Duane Ferrell,Duane Ferrell,duane-ferrell,,pending
duane-washington,Duane Washington,Duane Washington,duane-washington,,pending
duane-washington-jr,Duane Washington Jr.,Duane Washington Jr.,duane-washington-jr,,pending
duck-williams,Duck Williams,Duck Williams,duck-williams,,pending
dudley-bradley,Dudley Bradley,Dudley Bradley,dudley-bradley,,pending
duje-dukan,Duje Dukan,Duje Dukan,duje-dukan,,pending
duncan-robinson,Duncan Robinson,Duncan Robinson,duncan-robinson,,pending
duop-reath,Duop Reath,Duop Reath,duop-reath,,pending
dusty-hannahs,Dusty Hannahs,Dusty Hannahs,dusty-hannahs,,pending
dwayne-bacon,Dwayne Bacon,Dwayne Bacon,dwayne-bacon,,pending
dwayne-jones,Dwayne Jones,Dwayne Jones,dwayne-jones,,pending
dwayne-mcclain,Dwayne McClain,Dwayne McClain,dwayne-mcclain,,pending
dwayne-morton,Dwayne Morton,Dwayne Morton,dwayne-morton,,pending
dwayne-polee,Dwayne Polee,Dwayne Polee,dwayne-polee,,pending
dwayne-schintzius,Dwayne Schintzius,Dwayne Schintzius,dwayne-schintzius,,pending
dwayne-whitfield,Dwayne Whitfield,Dwayne Whitfield,dwayne-whitfield,,pending
dwight-anderson,Dwight Anderson,Dwight Anderson,dwight-anderson,,pending
dwight-buycks,Dwight Buycks,Dwight Buycks,dwight-buycks,,pending
dwight-davis,Dwight Davis,Dwight Davis,dwight-davis,,pending
dwight-howard,Dwight Howard,Dwight Howard,dwight-howard,,pending
dwight-howard,Dwight Howard*,Dwight Howard*,dwight-howard,,pending
dwight-jones,Dwight Jones,Dwight Jones,dwight-jones,,pending
dwight-powell,Dwight Powell,Dwight Powell,dwight-powell,,pending
dwight-waller,Dwight Waller,Dwight Waller,dwight-waller,,pending
dwyane-wade,Dwyane Wade,Dwyane Wade,dwyane-wade,,pending
dwyane-wade,Dwyane Wade*,Dwyane Wade*,dwyane-wade,,pending
dylan-cardwell,Dylan Cardwell,Dylan Cardwell,dylan-cardwell,,pending
dylan-harper,Dylan Harper,Dylan Harper,dylan-harper,,pending
dylan-windler,Dylan Windler,Dylan Windler,dylan-windler,,pending
dyron-nix,Dyron Nix,Dyron Nix,dyron-nix,,pending
dyson-daniels,Dyson Daniels,Dyson Daniels,dyson-daniels,,pending
d-vis-bert-ns,Dāvis Bertāns,Dāvis Bertāns,d-vis-bert-ns,,pending
d-anan-musa,Džanan Musa,Džanan Musa,d-anan-musa,,pending
e-twaun-moore,E'Twaun Moore,E'Twaun Moore,e-twaun-moore,,pending
e-c-coleman,E.C. Coleman,E.C. Coleman,e-c-coleman,,pending
e-j-liddell,E.J. Liddell,E.J. Liddell,e-j-liddell,,pending
earl-barron,Earl Barron,Earl Barron,earl-barron,,pending
earl-boykins,Earl Boykins,Earl Boykins,earl-boykins,,pending
earl-clark,Earl Clark,Earl Clark,earl-clark,,pending
earl-cureton,Earl Cureton,Earl Cureton,earl-cureton,,pending
earl-evans,Earl Evans,Earl Evans,earl-evans,,pending
earl-jones,Earl Jones,Earl Jones,earl-jones,,pending
earl-lloyd,Earl Lloyd,Earl Lloyd,earl-lloyd,,pending
earl-lloyd,Earl Lloyd*,Earl Lloyd*,earl-lloyd,,pending
earl-monroe,Earl Monroe,Earl Monroe,earl-monroe,,pending
earl-monroe,Earl Monroe*,Earl Monroe*,earl-monroe,,pending
earl-tatum,Earl Tatum,Earl Tatum,earl-tatum,,pending
earl-watson,Earl Watson,Earl Watson,earl-watson,,pending
earl-williams,Earl Williams,Earl Williams,earl-williams,,pending
earnie-killum,Earnie Killum,Earnie Killum,earnie-killum,,pending
ed-biedenbach,Ed Biedenbach,Ed Biedenbach,ed-biedenbach,,pending
ed-burton,Ed Burton,Ed Burton,ed-burton,,pending
ed-conlin,Ed Conlin,Ed Conlin,ed-conlin,,pending
ed-dahler,Ed Dahler,Ed Dahler,ed-dahler,,pending
ed-davis,Ed Davis,Ed Davis,ed-davis,,pending
ed-earle,Ed Earle,Ed Earle,ed-earle,,pending
ed-fleming,Ed Fleming,Ed Fleming,ed-fleming,,pending
ed-gray,Ed Gray,Ed Gray,ed-gray,,pending
ed-horton,Ed Horton,Ed Horton,ed-horton,,pending
ed-kalafat,Ed Kalafat,Ed Kalafat,ed-kalafat,,pending
ed-macauley,Ed Macauley,Ed Macauley,ed-macauley,,pending
ed-macauley,Ed Macauley*,Ed Macauley*,ed-macauley,,pending
ed-manning,Ed Manning,Ed Manning,ed-manning,,pending
ed-mikan,Ed Mikan,Ed Mikan,ed-mikan,,pending
ed-nealy,Ed Nealy,Ed Nealy,ed-nealy,,pending
ed-o-bannon,Ed O'Bannon,Ed O'Bannon,ed-o-bannon,,pending
ed-pinckney,Ed Pinckney,Ed Pinckney,ed-pinckney,,pending
ed-rains,Ed Rains,Ed Rains,ed-rains,,pending
ed-ratleff,Ed Ratleff,Ed Ratleff,ed-ratleff,,pending
ed-searcy,Ed Searcy,Ed Searcy,ed-searcy,,pending
ed-sherod,Ed Sherod,Ed Sherod,ed-sherod,,pending
ed-smith,Ed Smith,Ed Smith,ed-smith,,pending
ed-stokes,Ed Stokes,Ed Stokes,ed-stokes,,pending
eddie-basden,Eddie Basden,Eddie Basden,eddie-basden,,pending
eddie-gill,Eddie Gill,Eddie Gill,eddie-gill,,pending
eddie-griffin,Eddie Griffin,Eddie Griffin,eddie-griffin,,pending
eddie-house,Eddie House,Eddie House,eddie-house,,pending
eddie-hughes,Eddie Hughes,Eddie Hughes,eddie-hughes,,pending
eddie-johnson,Eddie Johnson,Eddie Johnson,eddie-johnson,,pending
eddie-jones,Eddie Jones,Eddie Jones,eddie-jones,,pending
eddie-jordan,Eddie Jordan,Eddie Jordan,eddie-jordan,,pending
eddie-lee-wilkins,Eddie Lee Wilkins,Eddie Lee Wilkins,eddie-lee-wilkins,,pending
eddie-mast,Eddie Mast,Eddie Mast,eddie-mast,,pending
eddie-miles,Eddie Miles,Eddie Miles,eddie-miles,,pending
eddie-miller,Eddie Miller,Eddie Miller,eddie-miller,,pending
eddie-owens,Eddie Owens,Eddie Owens,eddie-owens,,pending
eddie-phillips,Eddie Phillips,Eddie Phillips,eddie-phillips,,pending
eddie-robinson,Eddie Robinson,Eddie Robinson,eddie-robinson,,pending
eddy-curry,Eddy Curry,Eddy Curry,eddy-curry,,pending
edgar-jones,Edgar Jones,Edgar Jones,edgar-jones,,pending
edmond-sumner,Edmond Sumner,Edmond Sumner,edmond-sumner,,pending
edmund-lawrence,Edmund Lawrence,Edmund Lawrence,edmund-lawrence,,pending
eduardo-n-jera,Eduardo Nájera,Eduardo Nájera,eduardo-n-jera,,pending
edwin-ubiles,Edwin Ubiles,Edwin Ubiles,edwin-ubiles,,pending
edy-tavares,Edy Tavares,Edy Tavares,edy-tavares,,pending
efthimios-rentzias,Efthimios Rentzias,Efthimios Rentzias,efthimios-rentzias,,pending
egor-d-min,Egor Dёmin,Egor Dёmin,egor-d-min,,pending
ekpe-udoh,Ekpe Udoh,Ekpe Udoh,ekpe-udoh,,pending
elden-campbell,Elden Campbell,Elden Campbell,elden-campbell,,pending
eldridge-recasner,Eldridge Recasner,Eldridge Recasner,eldridge-recasner,,pending
elfrid-payton,Elfrid Payton,Elfrid Payton,elfrid-payton,,pending
elgin-baylor,Elgin Baylor,Elgin Baylor,elgin-baylor,,pending
elgin-baylor,Elgin Baylor*,Elgin Baylor*,elgin-baylor,,pending
elias-harris,Elias Harris,Elias Harris,elias-harris,,pending
elie-okobo,Elie Okobo,Elie Okobo,elie-okobo,,pending
elijah-bryant,Elijah Bryant,Elijah Bryant,elijah-bryant,,pending
elijah-harkless,Elijah Harkless,Elijah Harkless,elijah-harkless,,pending
elijah-hughes,Elijah Hughes,Elijah Hughes,elijah-hughes,,pending
elijah-millsap,Elijah Millsap,Elijah Millsap,elijah-millsap,,pending
elliot-perry,Elliot Perry,Elliot Perry,elliot-perry,,pending
elliot-williams,Elliot Williams,Elliot Williams,elliot-williams,,pending
elmer-behnke,Elmer Behnke,Elmer Behnke,elmer-behnke,,pending
elmer-bennett,Elmer Bennett,Elmer Bennett,elmer-bennett,,pending
elmore-smith,Elmore Smith,Elmore Smith,elmore-smith,,pending
elmore-spencer,Elmore Spencer,Elmore Spencer,elmore-spencer,,pending
elston-turner,Elston Turner,Elston Turner,elston-turner,,pending
elton-brand,Elton Brand,Elton Brand,elton-brand,,pending
elvin-hayes,Elvin Hayes,Elvin Hayes,elvin-hayes,,pending
elvin-hayes,Elvin Hayes*,Elvin Hayes*,elvin-hayes,,pending
em-bryant,Em Bryant,Em Bryant,em-bryant,,pending
emanual-davis,Emanual Davis,Emanual Davis,emanual-davis,,pending
emanuel-miller,Emanuel Miller,Emanuel Miller,emanuel-miller,,pending
emanuel-terry,Emanuel Terry,Emanuel Terry,emanuel-terry,,pending
emeka-okafor,Emeka Okafor,Emeka Okafor,emeka-okafor,,pending
emmanuel-mudiay,Emmanuel Mudiay,Emmanuel Mudiay,emmanuel-mudiay,,pending
emoni-bates,Emoni Bates,Emoni Bates,emoni-bates,,pending
enes-freedom,Enes Freedom,Enes Freedom,enes-freedom,,pending
ennis-whatley,Ennis Whatley,Ennis Whatley,ennis-whatley,,pending
enrique-freeman,Enrique Freeman,Enrique Freeman,enrique-freeman,,pending
eric-anderson,Eric Anderson,Eric Anderson,eric-anderson,,pending
eric-bledsoe,Eric Bledsoe,Eric Bledsoe,eric-bledsoe,,pending
eric-dawson,Eric Dawson,Eric Dawson,eric-dawson,,pending
eric-fernsten,Eric Fernsten,Eric Fernsten,eric-fernsten,,pending
eric-gordon,Eric Gordon,Eric Gordon,eric-gordon,,pending
eric-johnson,Eric Johnson,Eric Johnson,eric-johnson,,pending
eric-leckner,Eric Leckner,Eric Leckner,eric-leckner,,pending
eric-maynor,Eric Maynor,Eric Maynor,eric-maynor,,pending
eric-mcwilliams,Eric McWilliams,Eric McWilliams,eric-mcwilliams,,pending
eric-mika,Eric Mika,Eric Mika,eric-mika,,pending
eric-mobley,Eric Mobley,Eric Mobley,eric-mobley,,pending
eric-money,Eric Money,Eric Money,eric-money,,pending
eric-montross,Eric Montross,Eric Montross,eric-montross,,pending
eric-moreland,Eric Moreland,Eric Moreland,eric-moreland,,pending
eric-murdock,Eric Murdock,Eric Murdock,eric-murdock,,pending
eric-paschall,Eric Paschall,Eric Paschall,eric-paschall,,pending
eric-piatkowski,Eric Piatkowski,Eric Piatkowski,eric-piatkowski,,pending
eric-riley,Eric Riley,Eric Riley,eric-riley,,pending
eric-snow,Eric Snow,Eric Snow,eric-snow,,pending
eric-washington,Eric Washington,Eric Washington,eric-washington,,pending
eric-white,Eric White,Eric White,eric-white,,pending
eric-williams,Eric Williams,Eric Williams,eric-williams,,pending
erick-barkley,Erick Barkley,Erick Barkley,erick-barkley,,pending
erick-dampier,Erick Dampier,Erick Dampier,erick-dampier,,pending
erick-green,Erick Green,Erick Green,erick-green,,pending
erick-strickland,Erick Strickland,Erick Strickland,erick-strickland,,pending
erik-daniels,Erik Daniels,Erik Daniels,erik-daniels,,pending
erik-mccree,Erik McCree,Erik McCree,erik-mccree,,pending
erik-murphy,Erik Murphy,Erik Murphy,erik-murphy,,pending
ernest-brown,Ernest Brown,Ernest Brown,ernest-brown,,pending
ernie-barrett,Ernie Barrett,Ernie Barrett,ernie-barrett,,pending
ernie-beck,Ernie Beck,Ernie Beck,ernie-beck,,pending
ernie-digregorio,Ernie DiGregorio,Ernie DiGregorio,ernie-digregorio,,pending
ernie-grunfeld,Ernie Grunfeld,Ernie Grunfeld,ernie-grunfeld,,pending
ernie-vandeweghe,Ernie Vandeweghe,Ernie Vandeweghe,ernie-vandeweghe,,pending
ersan-i-lyasova,Ersan İlyasova,Ersan İlyasova,ersan-i-lyasova,,pending
ervin-johnson,Ervin Johnson,Ervin Johnson,ervin-johnson,,pending
erwin-mueller,Erwin Mueller,Erwin Mueller,erwin-mueller,,pending
essie-hollis,Essie Hollis,Essie Hollis,essie-hollis,,pending
esteban-batista,Esteban Batista,Esteban Batista,esteban-batista,,pending
etan-thomas,Etan Thomas,Etan Thomas,etan-thomas,,pending
etdrick-bohannon,Etdrick Bohannon,Etdrick Bohannon,etdrick-bohannon,,pending
ethan-thompson,Ethan Thompson,Ethan Thompson,ethan-thompson,,pending
eugene-jeter,Eugene Jeter,Eugene Jeter,eugene-jeter,,pending
eugene-omoruyi,Eugene Omoruyi,Eugene Omoruyi,eugene-omoruyi,,pending
evan-eschmeyer,Evan Eschmeyer,Evan Eschmeyer,evan-eschmeyer,,pending
evan-fournier,Evan Fournier,Evan Fournier,evan-fournier,,pending
evan-mobley,Evan Mobley,Evan Mobley,evan-mobley,,pending
evan-turner,Evan Turner,Evan Turner,evan-turner,,pending
everette-stephens,Everette Stephens,Everette Stephens,everette-stephens,,pending
evers-burns,Evers Burns,Evers Burns,evers-burns,,pending
evric-gray,Evric Gray,Evric Gray,evric-gray,,pending
fab-melo,Fab Melo,Fab Melo,fab-melo,,pending
fabricio-oberto,Fabricio Oberto,Fabricio Oberto,fabricio-oberto,,pending
facundo-campazzo,Facundo Campazzo,Facundo Campazzo,facundo-campazzo,,pending
fat-lever,Fat Lever,Fat Lever,fat-lever,,pending
fatty-taylor,Fatty Taylor,Fatty Taylor,fatty-taylor,,pending
felipe-l-pez,Felipe López,Felipe López,felipe-l-pez,,pending
felton-spencer,Felton Spencer,Felton Spencer,felton-spencer,,pending
fennis-dembo,Fennis Dembo,Fennis Dembo,fennis-dembo,,pending
fernando-mart-n,Fernando Martín,Fernando Martín,fernando-mart-n,,pending
feron-hunt,Feron Hunt,Feron Hunt,feron-hunt,,pending
festus-ezeli,Festus Ezeli,Festus Ezeli,festus-ezeli,,pending
filip-petru-ev,Filip Petrušev,Filip Petrušev,filip-petru-ev,,pending
flynn-robinson,Flynn Robinson,Flynn Robinson,flynn-robinson,,pending
foots-walker,Foots Walker,Foots Walker,foots-walker,,pending
forest-able,Forest Able,Forest Able,forest-able,,pending
forrest-mckenzie,Forrest McKenzie,Forrest McKenzie,forrest-mckenzie,,pending
francisco-elson,Francisco Elson,Francisco Elson,francisco-elson,,pending
francisco-garc-a,Francisco García,Francisco García,francisco-garc-a,,pending
frank-brickowski,Frank Brickowski,Frank Brickowski,frank-brickowski,,pending
frank-jackson,Frank Jackson,Frank Jackson,frank-jackson,,pending
frank-johnson,Frank Johnson,Frank Johnson,frank-johnson,,pending
frank-kaminsky,Frank Kaminsky,Frank Kaminsky,frank-kaminsky,,pending
frank-kendrick,Frank Kendrick,Frank Kendrick,frank-kendrick,,pending
frank-kornet,Frank Kornet,Frank Kornet,frank-kornet,,pending
frank-kudelka,Frank Kudelka,Frank Kudelka,frank-kudelka,,pending
frank-mason-iii,Frank Mason III,Frank Mason III,frank-mason-iii,,pending
frank-ntilikina,Frank Ntilikina,Frank Ntilikina,frank-ntilikina,,pending
frank-oleynick,Frank Oleynick,Frank Oleynick,frank-oleynick,,pending
frank-radovich,Frank Radovich,Frank Radovich,frank-radovich,,pending
frank-ramsey,Frank Ramsey,Frank Ramsey,frank-ramsey,,pending
frank-ramsey,Frank Ramsey*,Frank Ramsey*,frank-ramsey,,pending
frank-reddout,Frank Reddout,Frank Reddout,frank-reddout,,pending
frank-russell,Frank Russell,Frank Russell,frank-russell,,pending
frank-schade,Frank Schade,Frank Schade,frank-schade,,pending
frank-selvy,Frank Selvy,Frank Selvy,frank-selvy,,pending
frank-williams,Frank Williams,Frank Williams,frank-williams,,pending
frankie-brian,Frankie Brian,Frankie Brian,frankie-brian,,pending
frankie-king,Frankie King,Frankie King,frankie-king,,pending
frankie-sanders,Frankie Sanders,Frankie Sanders,frankie-sanders,,pending
franklin-edwards,Franklin Edwards,Franklin Edwards,franklin-edwards,,pending
franz-wagner,Franz Wagner,Franz Wagner,franz-wagner,,pending
fred-brown,Fred Brown,Fred Brown,fred-brown,,pending
fred-carter,Fred Carter,Fred Carter,fred-carter,,pending
fred-christ,Fred Christ,Fred Christ,fred-christ,,pending
fred-cofield,Fred Cofield,Fred Cofield,fred-cofield,,pending
fred-diute,Fred Diute,Fred Diute,fred-diute,,pending
fred-foster,Fred Foster,Fred Foster,fred-foster,,pending
fred-hetzel,Fred Hetzel,Fred Hetzel,fred-hetzel,,pending
fred-hilton,Fred Hilton,Fred Hilton,fred-hilton,,pending
fred-hoiberg,Fred Hoiberg,Fred Hoiberg,fred-hoiberg,,pending
fred-jones,Fred Jones,Fred Jones,fred-jones,,pending
fred-lacour,Fred LaCour,Fred LaCour,fred-lacour,,pending
fred-roberts,Fred Roberts,Fred Roberts,fred-roberts,,pending
fred-saunders,Fred Saunders,Fred Saunders,fred-saunders,,pending
fred-schaus,Fred Schaus,Fred Schaus,fred-schaus,,pending
fred-scolari,Fred Scolari,Fred Scolari,fred-scolari,,pending
fred-taylor,Fred Taylor,Fred Taylor,fred-taylor,,pending
fred-vanvleet,Fred VanVleet,Fred VanVleet,fred-vanvleet,,pending
fred-vinson,Fred Vinson,Fred Vinson,fred-vinson,,pending
freddie-boyd,Freddie Boyd,Freddie Boyd,freddie-boyd,,pending
freddie-crawford,Freddie Crawford,Freddie Crawford,freddie-crawford,,pending
freddie-gillespie,Freddie Gillespie,Freddie Gillespie,freddie-gillespie,,pending
freddie-lewis,Freddie Lewis,Freddie Lewis,freddie-lewis,,pending
freeman-williams,Freeman Williams,Freeman Williams,freeman-williams,,pending
furkan-aldemir,Furkan Aldemir,Furkan Aldemir,furkan-aldemir,,pending
furkan-korkmaz,Furkan Korkmaz,Furkan Korkmaz,furkan-korkmaz,,pending
gg-jackson-ii,GG Jackson II,GG Jackson II,gg-jackson-ii,,pending
gabe-pruitt,Gabe Pruitt,Gabe Pruitt,gabe-pruitt,,pending
gabe-vincent,Gabe Vincent,Gabe Vincent,gabe-vincent,,pending
gabe-york,Gabe York,Gabe York,gabe-york,,pending
gabriel-deck,Gabriel Deck,Gabriel Deck,gabriel-deck,,pending
gabriel-lundberg,Gabriel Lundberg,Gabriel Lundberg,gabriel-lundberg,,pending
gail-goodrich,Gail Goodrich,Gail Goodrich,gail-goodrich,,pending
gail-goodrich,Gail Goodrich*,Gail Goodrich*,gail-goodrich,,pending
gal-mekel,Gal Mekel,Gal Mekel,gal-mekel,,pending
gani-lawal,Gani Lawal,Gani Lawal,gani-lawal,,pending
gar-heard,Gar Heard,Gar Heard,gar-heard,,pending
garfield-smith,Garfield Smith,Garfield Smith,garfield-smith,,pending
garret-siler,Garret Siler,Garret Siler,garret-siler,,pending
garrett-temple,Garrett Temple,Garrett Temple,garrett-temple,,pending
garrison-mathews,Garrison Mathews,Garrison Mathews,garrison-mathews,,pending
garry-witts,Garry Witts,Garry Witts,garry-witts,,pending
garth-joseph,Garth Joseph,Garth Joseph,garth-joseph,,pending
gary-alcorn,Gary Alcorn,Gary Alcorn,gary-alcorn,,pending
gary-alexander,Gary Alexander,Gary Alexander,gary-alexander,,pending
gary-bergen,Gary Bergen,Gary Bergen,gary-bergen,,pending
gary-bradds,Gary Bradds,Gary Bradds,gary-bradds,,pending
gary-brokaw,Gary Brokaw,Gary Brokaw,gary-brokaw,,pending
gary-clark,Gary Clark,Gary Clark,gary-clark,,pending
gary-forbes,Gary Forbes,Gary Forbes,gary-forbes,,pending
gary-freeman,Gary Freeman,Gary Freeman,gary-freeman,,pending
gary-garland,Gary Garland,Gary Garland,gary-garland,,pending
gary-grant,Gary Grant,Gary Grant,gary-grant,,pending
gary-gray,Gary Gray,Gary Gray,gary-gray,,pending
gary-gregor,Gary Gregor,Gary Gregor,gary-gregor,,pending
gary-harris,Gary Harris,Gary Harris,gary-harris,,pending
gary-hill,Gary Hill,Gary Hill,gary-hill,,pending
gary-leonard,Gary Leonard,Gary Leonard,gary-leonard,,pending
gary-melchionni,Gary Melchionni,Gary Melchionni,gary-melchionni,,pending
gary-neal,Gary Neal,Gary Neal,gary-neal,,pending
gary-payton,Gary Payton,Gary Payton,gary-payton,,pending
gary-payton-ii,Gary Payton II,Gary Payton II,gary-payton-ii,,pending
gary-payton,Gary Payton*,Gary Payton*,gary-payton,,pending
gary-phillips,Gary Phillips,Gary Phillips,gary-phillips,,pending
gary-plummer,Gary Plummer,Gary Plummer,gary-plummer,,pending
gary-suiter,Gary Suiter,Gary Suiter,gary-suiter,,pending
gary-trent,Gary Trent,Gary Trent,gary-trent,,pending
gary-trent-jr,Gary Trent Jr.,Gary Trent Jr.,gary-trent-jr,,pending
gary-voce,Gary Voce,Gary Voce,gary-voce,,pending
gary-zeller,Gary Zeller,Gary Zeller,gary-zeller,,pending
gaylon-nickerson,Gaylon Nickerson,Gaylon Nickerson,gaylon-nickerson,,pending
geert-hammink,Geert Hammink,Geert Hammink,geert-hammink,,pending
gene-banks,Gene Banks,Gene Banks,gene-banks,,pending
gene-conley,Gene Conley,Gene Conley,gene-conley,,pending
gene-dyker,Gene Dyker,Gene Dyker,gene-dyker,,pending
gene-guarilia,Gene Guarilia,Gene Guarilia,gene-guarilia,,pending
gene-rhodes,Gene Rhodes,Gene Rhodes,gene-rhodes,,pending
gene-short,Gene Short,Gene Short,gene-short,,pending
gene-shue,Gene Shue,Gene Shue,gene-shue,,pending
gene-tormohlen,Gene Tormohlen,Gene Tormohlen,gene-tormohlen,,pending
gene-vance,Gene Vance,Gene Vance,gene-vance,,pending
gene-wiley,Gene Wiley,Gene Wiley,gene-wiley,,pending
geno-carlisle,Geno Carlisle,Geno Carlisle,geno-carlisle,,pending
geoff-crompton,Geoff Crompton,Geoff Crompton,geoff-crompton,,pending
geoff-huston,Geoff Huston,Geoff Huston,geoff-huston,,pending
geoff-petrie,Geoff Petrie,Geoff Petrie,geoff-petrie,,pending
george-blaney,George Blaney,George Blaney,george-blaney,,pending
george-bon-salle,George Bon Salle,George Bon Salle,george-bon-salle,,pending
george-brown,George Brown,George Brown,george-brown,,pending
george-carter,George Carter,George Carter,george-carter,,pending
george-dempsey,George Dempsey,George Dempsey,george-dempsey,,pending
george-feigenbaum,George Feigenbaum,George Feigenbaum,george-feigenbaum,,pending
george-gervin,George Gervin,George Gervin,george-gervin,,pending
george-gervin,George Gervin*,George Gervin*,george-gervin,,pending
george-hill,George Hill,George Hill,george-hill,,pending
george-johnson,George Johnson,George Johnson,george-johnson,,pending
george-kaftan,George Kaftan,George Kaftan,george-kaftan,,pending
george-karl,George Karl,George Karl,george-karl,,pending
george-karl,George Karl*,George Karl*,george-karl,,pending
george-king,George King,George King,george-king,,pending
george-lee,George Lee,George Lee,george-lee,,pending
george-lehmann,George Lehmann,George Lehmann,george-lehmann,,pending
george-lynch,George Lynch,George Lynch,george-lynch,,pending
george-mccloud,George McCloud,George McCloud,george-mccloud,,pending
george-mcginnis,George McGinnis,George McGinnis,george-mcginnis,,pending
george-mcginnis,George McGinnis*,George McGinnis*,george-mcginnis,,pending
george-mcleod,George McLeod,George McLeod,george-mcleod,,pending
george-mikan,George Mikan,George Mikan,george-mikan,,pending
george-mikan,George Mikan*,George Mikan*,george-mikan,,pending
george-patterson,George Patterson,George Patterson,george-patterson,,pending
george-ratkovicz,George Ratkovicz,George Ratkovicz,george-ratkovicz,,pending
george-reynolds,George Reynolds,George Reynolds,george-reynolds,,pending
george-senesky,George Senesky,George Senesky,george-senesky,,pending
george-thompson,George Thompson,George Thompson,george-thompson,,pending
george-trapp,George Trapp,George Trapp,george-trapp,,pending
george-wilson,George Wilson,George Wilson,george-wilson,,pending
george-yardley,George Yardley,George Yardley,george-yardley,,pending
george-yardley,George Yardley*,George Yardley*,george-yardley,,pending
george-z-dek,George Zídek,George Zídek,george-z-dek,,pending
georges-niang,Georges Niang,Georges Niang,georges-niang,,pending
georgi-glouchkov,Georgi Glouchkov,Georgi Glouchkov,georgi-glouchkov,,pending
georgios-kalaitzakis,Georgios Kalaitzakis,Georgios Kalaitzakis,georgios-kalaitzakis,,pending
georgios-papagiannis,Georgios Papagiannis,Georgios Papagiannis,georgios-papagiannis,,pending
gerald-brown,Gerald Brown,Gerald Brown,gerald-brown,,pending
gerald-fitch,Gerald Fitch,Gerald Fitch,gerald-fitch,,pending
gerald-glass,Gerald Glass,Gerald Glass,gerald-glass,,pending
gerald-green,Gerald Green,Gerald Green,gerald-green,,pending
gerald-henderson,Gerald Henderson,Gerald Henderson,gerald-henderson,,pending
gerald-madkins,Gerald Madkins,Gerald Madkins,gerald-madkins,,pending
gerald-paddio,Gerald Paddio,Gerald Paddio,gerald-paddio,,pending
gerald-wallace,Gerald Wallace,Gerald Wallace,gerald-wallace,,pending
gerald-wilkins,Gerald Wilkins,Gerald Wilkins,gerald-wilkins,,pending
gerard-king,Gerard King,Gerard King,gerard-king,,pending
gerry-calabrese,Gerry Calabrese,Gerry Calabrese,gerry-calabrese,,pending
gerry-ward,Gerry Ward,Gerry Ward,gerry-ward,,pending
gheorghe-mure-an,Gheorghe Mureșan,Gheorghe Mureșan,gheorghe-mure-an,,pending
gian-clavell,Gian Clavell,Gian Clavell,gian-clavell,,pending
giannis-antetokounmpo,Giannis Antetokounmpo,Giannis Antetokounmpo,giannis-antetokounmpo,,pending
gigi-datome,Gigi Datome,Gigi Datome,gigi-datome,,pending
gil-mcgregor,Gil McGregor,Gil McGregor,gil-mcgregor,,pending
gilbert-arenas,Gilbert Arenas,Gilbert Arenas,gilbert-arenas,,pending
glen-davis,Glen Davis,Glen Davis,glen-davis,,pending
glen-gondrezick,Glen Gondrezick,Glen Gondrezick,glen-gondrezick,,pending
glen-rice,Glen Rice,Glen Rice,glen-rice,,pending
glen-rice-jr,Glen Rice Jr.,Glen Rice Jr.,glen-rice-jr,,pending
glenn-hagan,Glenn Hagan,Glenn Hagan,glenn-hagan,,pending
glenn-hansen,Glenn Hansen,Glenn Hansen,glenn-hansen,,pending
glenn-mcdonald,Glenn McDonald,Glenn McDonald,glenn-mcdonald,,pending
glenn-mosley,Glenn Mosley,Glenn Mosley,glenn-mosley,,pending
glenn-robinson,Glenn Robinson,Glenn Robinson,glenn-robinson,,pending
glenn-robinson-iii,Glenn Robinson III,Glenn Robinson III,glenn-robinson-iii,,pending
god-shammgod,God Shammgod,God Shammgod,god-shammgod,,pending
goga-bitadze,Goga Bitadze,Goga Bitadze,goga-bitadze,,pending
goo-kennedy,Goo Kennedy,Goo Kennedy,goo-kennedy,,pending
goran-dragi,Goran Dragić,Goran Dragić,goran-dragi,,pending
gordan-giri-ek,Gordan Giriček,Gordan Giriček,gordan-giri-ek,,pending
gordon-hayward,Gordon Hayward,Gordon Hayward,gordon-hayward,,pending
gorgui-dieng,Gorgui Dieng,Gorgui Dieng,gorgui-dieng,,pending
gradey-dick,Gradey Dick,Gradey Dick,gradey-dick,,pending
grady-o-malley,Grady O'Malley,Grady O'Malley,grady-o-malley,,pending
grant-gondrezick,Grant Gondrezick,Grant Gondrezick,grant-gondrezick,,pending
grant-hill,Grant Hill,Grant Hill,grant-hill,,pending
grant-hill,Grant Hill*,Grant Hill*,grant-hill,,pending
grant-jerrett,Grant Jerrett,Grant Jerrett,grant-jerrett,,pending
grant-long,Grant Long,Grant Long,grant-long,,pending
grant-nelson,Grant Nelson,Grant Nelson,grant-nelson,,pending
grant-riller,Grant Riller,Grant Riller,grant-riller,,pending
grant-williams,Grant Williams,Grant Williams,grant-williams,,pending
granville-waiters,Granville Waiters,Granville Waiters,granville-waiters,,pending
grayson-allen,Grayson Allen,Grayson Allen,grayson-allen,,pending
greg-anderson,Greg Anderson,Greg Anderson,greg-anderson,,pending
greg-anthony,Greg Anthony,Greg Anthony,greg-anthony,,pending
greg-ballard,Greg Ballard,Greg Ballard,greg-ballard,,pending
greg-brown-iii,Greg Brown III,Greg Brown III,greg-brown-iii,,pending
greg-buckner,Greg Buckner,Greg Buckner,greg-buckner,,pending
greg-bunch,Greg Bunch,Greg Bunch,greg-bunch,,pending
greg-butler,Greg Butler,Greg Butler,greg-butler,,pending
greg-deane,Greg Deane,Greg Deane,greg-deane,,pending
greg-dreiling,Greg Dreiling,Greg Dreiling,greg-dreiling,,pending
greg-fillmore,Greg Fillmore,Greg Fillmore,greg-fillmore,,pending
greg-foster,Greg Foster,Greg Foster,greg-foster,,pending
greg-graham,Greg Graham,Greg Graham,greg-graham,,pending
greg-grant,Greg Grant,Greg Grant,greg-grant,,pending
greg-griffin,Greg Griffin,Greg Griffin,greg-griffin,,pending
greg-howard,Greg Howard,Greg Howard,greg-howard,,pending
greg-hyder,Greg Hyder,Greg Hyder,greg-hyder,,pending
greg-jackson,Greg Jackson,Greg Jackson,greg-jackson,,pending
greg-kelser,Greg Kelser,Greg Kelser,greg-kelser,,pending
greg-kite,Greg Kite,Greg Kite,greg-kite,,pending
greg-lee,Greg Lee,Greg Lee,greg-lee,,pending
greg-minor,Greg Minor,Greg Minor,greg-minor,,pending
greg-monroe,Greg Monroe,Greg Monroe,greg-monroe,,pending
greg-oden,Greg Oden,Greg Oden,greg-oden,,pending
greg-ostertag,Greg Ostertag,Greg Ostertag,greg-ostertag,,pending
greg-smith,Greg Smith,Greg Smith,greg-smith,,pending
greg-stiemsma,Greg Stiemsma,Greg Stiemsma,greg-stiemsma,,pending
greg-stokes,Greg Stokes,Greg Stokes,greg-stokes,,pending
greg-sutton,Greg Sutton,Greg Sutton,greg-sutton,,pending
greg-whittington,Greg Whittington,Greg Whittington,greg-whittington,,pending
greivis-v-squez,Greivis Vásquez,Greivis Vásquez,greivis-v-squez,,pending
guerschon-yabusele,Guerschon Yabusele,Guerschon Yabusele,guerschon-yabusele,,pending
gui-santos,Gui Santos,Gui Santos,gui-santos,,pending
guillermo-d-az,Guillermo Díaz,Guillermo Díaz,guillermo-d-az,,pending
gundars-v-tra,Gundars Vētra,Gundars Vētra,gundars-v-tra,,pending
gus-bailey,Gus Bailey,Gus Bailey,gus-bailey,,pending
gus-gerard,Gus Gerard,Gus Gerard,gus-gerard,,pending
gus-johnson,Gus Johnson,Gus Johnson,gus-johnson,,pending
gus-johnson,Gus Johnson*,Gus Johnson*,gus-johnson,,pending
gus-williams,Gus Williams,Gus Williams,gus-williams,,pending
gustavo-ay-n,Gustavo Ayón,Gustavo Ayón,gustavo-ay-n,,pending
guy-morgan,Guy Morgan,Guy Morgan,guy-morgan,,pending
guy-rodgers,Guy Rodgers,Guy Rodgers,guy-rodgers,,pending
guy-rodgers,Guy Rodgers*,Guy Rodgers*,guy-rodgers,,pending
guy-rucker,Guy Rucker,Guy Rucker,guy-rucker,,pending
guy-sparrow,Guy Sparrow,Guy Sparrow,guy-sparrow,,pending
guy-williams,Guy Williams,Guy Williams,guy-williams,,pending
ha-seung-jin,Ha Seung-Jin,Ha Seung-Jin,ha-seung-jin,,pending
hakeem-olajuwon,Hakeem Olajuwon,Hakeem Olajuwon,hakeem-olajuwon,,pending
hakeem-olajuwon,Hakeem Olajuwon*,Hakeem Olajuwon*,hakeem-olajuwon,,pending
hakim-warrick,Hakim Warrick,Hakim Warrick,hakim-warrick,,pending
hal-greer,Hal Greer,Hal Greer,hal-greer,,pending
hal-greer,Hal Greer*,Hal Greer*,hal-greer,,pending
hal-lear,Hal Lear,Hal Lear,hal-lear,,pending
hal-uplinger,Hal Uplinger,Hal Uplinger,hal-uplinger,,pending
hamady-n-diaye,Hamady N'Diaye,Hamady N'Diaye,hamady-n-diaye,,pending
hamed-haddadi,Hamed Haddadi,Hamed Haddadi,hamed-haddadi,,pending
hamidou-diallo,Hamidou Diallo,Hamidou Diallo,hamidou-diallo,,pending
hank-finkel,Hank Finkel,Hank Finkel,hank-finkel,,pending
hank-mcdowell,Hank McDowell,Hank McDowell,hank-mcdowell,,pending
hanno-m-tt-l,Hanno Möttölä,Hanno Möttölä,hanno-m-tt-l,,pending
happy-hairston,Happy Hairston,Happy Hairston,happy-hairston,,pending
harold-ellis,Harold Ellis,Harold Ellis,harold-ellis,,pending
harold-fox,Harold Fox,Harold Fox,harold-fox,,pending
harold-jamison,Harold Jamison,Harold Jamison,harold-jamison,,pending
harold-keeling,Harold Keeling,Harold Keeling,harold-keeling,,pending
harold-miner,Harold Miner,Harold Miner,harold-miner,,pending
harold-pressley,Harold Pressley,Harold Pressley,harold-pressley,,pending
harrison-barnes,Harrison Barnes,Harrison Barnes,harrison-barnes,,pending
harrison-ingram,Harrison Ingram,Harrison Ingram,harrison-ingram,,pending
harry-barnes,Harry Barnes,Harry Barnes,harry-barnes,,pending
harry-davis,Harry Davis,Harry Davis,harry-davis,,pending
harry-gallatin,Harry Gallatin,Harry Gallatin,harry-gallatin,,pending
harry-gallatin,Harry Gallatin*,Harry Gallatin*,harry-gallatin,,pending
harry-giles,Harry Giles,Harry Giles,harry-giles,,pending
harthorne-wingo,Harthorne Wingo,Harthorne Wingo,harthorne-wingo,,pending
harvey-catchings,Harvey Catchings,Harvey Catchings,harvey-catchings,,pending
harvey-grant,Harvey Grant,Harvey Grant,harvey-grant,,pending
harvey-marlatt,Harvey Marlatt,Harvey Marlatt,harvey-marlatt,,pending
hasheem-thabeet,Hasheem Thabeet,Hasheem Thabeet,hasheem-thabeet,,pending
hassan-adams,Hassan Adams,Hassan Adams,hassan-adams,,pending
hassan-whiteside,Hassan Whiteside,Hassan Whiteside,hassan-whiteside,,pending
hassani-gravett,Hassani Gravett,Hassani Gravett,hassani-gravett,,pending
hawkeye-whitney,Hawkeye Whitney,Hawkeye Whitney,hawkeye-whitney,,pending
hayden-gray,Hayden Gray,Hayden Gray,hayden-gray,,pending
haywood-highsmith,Haywood Highsmith,Haywood Highsmith,haywood-highsmith,,pending
haywoode-workman,Haywoode Workman,Haywoode Workman,haywoode-workman,,pending
hedo-t-rko-lu,Hedo Türkoğlu,Hedo Türkoğlu,hedo-t-rko-lu,,pending
henri-drell,Henri Drell,Henri Drell,henri-drell,,pending
henry-akin,Henry Akin,Henry Akin,henry-akin,,pending
henry-bibby,Henry Bibby,Henry Bibby,henry-bibby,,pending
henry-dickerson,Henry Dickerson,Henry Dickerson,henry-dickerson,,pending
henry-ellenson,Henry Ellenson,Henry Ellenson,henry-ellenson,,pending
henry-james,Henry James,Henry James,henry-james,,pending
henry-sims,Henry Sims,Henry Sims,henry-sims,,pending
henry-turner,Henry Turner,Henry Turner,henry-turner,,pending
henry-walker,Henry Walker,Henry Walker,henry-walker,,pending
henry-ward,Henry Ward,Henry Ward,henry-ward,,pending
herb-scherer,Herb Scherer,Herb Scherer,herb-scherer,,pending
herb-white,Herb White,Herb White,herb-white,,pending
herb-williams,Herb Williams,Herb Williams,herb-williams,,pending
herbert-jones,Herbert Jones,Herbert Jones,herbert-jones,,pending
herm-gilliam,Herm Gilliam,Herm Gilliam,herm-gilliam,,pending
herm-hedderick,Herm Hedderick,Herm Hedderick,herm-hedderick,,pending
hersey-hawkins,Hersey Hawkins,Hersey Hawkins,hersey-hawkins,,pending
hilton-armstrong,Hilton Armstrong,Hilton Armstrong,hilton-armstrong,,pending
hiram-fuller,Hiram Fuller,Hiram Fuller,hiram-fuller,,pending
hollis-copeland,Hollis Copeland,Hollis Copeland,hollis-copeland,,pending
hollis-thompson,Hollis Thompson,Hollis Thompson,hollis-thompson,,pending
horace-grant,Horace Grant,Horace Grant,horace-grant,,pending
horace-jenkins,Horace Jenkins,Horace Jenkins,horace-jenkins,,pending
horace-walker,Horace Walker,Horace Walker,horace-walker,,pending
horacio-llamas,Horacio Llamas,Horacio Llamas,horacio-llamas,,pending
hot-rod-hundley,Hot Rod Hundley,Hot Rod Hundley,hot-rod-hundley,,pending
hot-rod-williams,Hot Rod Williams,Hot Rod Williams,hot-rod-williams,,pending
howard-carter,Howard Carter,Howard Carter,howard-carter,,pending
howard-eisley,Howard Eisley,Howard Eisley,howard-eisley,,pending
howard-komives,Howard Komives,Howard Komives,howard-komives,,pending
howard-nathan,Howard Nathan,Howard Nathan,howard-nathan,,pending
howard-porter,Howard Porter,Howard Porter,howard-porter,,pending
howard-wood,Howard Wood,Howard Wood,howard-wood,,pending
howard-wright,Howard Wright,Howard Wright,howard-wright,,pending
howie-carl,Howie Carl,Howie Carl,howie-carl,,pending
howie-jolliff,Howie Jolliff,Howie Jolliff,howie-jolliff,,pending
howie-montgomery,Howie Montgomery,Howie Montgomery,howie-montgomery,,pending
howie-schultz,Howie Schultz,Howie Schultz,howie-schultz,,pending
hub-reed,Hub Reed,Hub Reed,hub-reed,,pending
hubert-davis,Hubert Davis,Hubert Davis,hubert-davis,,pending
hubie-white,Hubie White,Hubie White,hubie-white,,pending
hugo-gonz-lez,Hugo González,Hugo González,hugo-gonz-lez,,pending
hunter-dickinson,Hunter Dickinson,Hunter Dickinson,hunter-dickinson,,pending
hunter-sallis,Hunter Sallis,Hunter Sallis,hunter-sallis,,pending
hunter-tyson,Hunter Tyson,Hunter Tyson,hunter-tyson,,pending
hutch-jones,Hutch Jones,Hutch Jones,hutch-jones,,pending
ian-clark,Ian Clark,Ian Clark,ian-clark,,pending
ian-lockhart,Ian Lockhart,Ian Lockhart,ian-lockhart,,pending
ian-mahinmi,Ian Mahinmi,Ian Mahinmi,ian-mahinmi,,pending
ibo-kutluay,Ibo Kutluay,Ibo Kutluay,ibo-kutluay,,pending
ibou-badji,Ibou Badji,Ibou Badji,ibou-badji,,pending
ignas-brazdeikis,Ignas Brazdeikis,Ignas Brazdeikis,ignas-brazdeikis,,pending
igor-rako-evi,Igor Rakočević,Igor Rakočević,igor-rako-evi,,pending
ike-anigbogu,Ike Anigbogu,Ike Anigbogu,ike-anigbogu,,pending
ike-diogu,Ike Diogu,Ike Diogu,ike-diogu,,pending
iman-shumpert,Iman Shumpert,Iman Shumpert,iman-shumpert,,pending
ime-udoka,Ime Udoka,Ime Udoka,ime-udoka,,pending
immanuel-quickley,Immanuel Quickley,Immanuel Quickley,immanuel-quickley,,pending
ira-bowman,Ira Bowman,Ira Bowman,ira-bowman,,pending
ira-newble,Ira Newble,Ira Newble,ira-newble,,pending
ira-terrell,Ira Terrell,Ira Terrell,ira-terrell,,pending
irv-bemoras,Irv Bemoras,Irv Bemoras,irv-bemoras,,pending
irv-kiffin,Irv Kiffin,Irv Kiffin,irv-kiffin,,pending
irving-thomas,Irving Thomas,Irving Thomas,irving-thomas,,pending
isaac-austin,Isaac Austin,Isaac Austin,isaac-austin,,pending
isaac-bonga,Isaac Bonga,Isaac Bonga,isaac-bonga,,pending
isaac-fontaine,Isaac Fontaine,Isaac Fontaine,isaac-fontaine,,pending
isaac-humphries,Isaac Humphries,Isaac Humphries,isaac-humphries,,pending
isaac-jones,Isaac Jones,Isaac Jones,isaac-jones,,pending
isaac-okoro,Isaac Okoro,Isaac Okoro,isaac-okoro,,pending
isaac-walthour,Isaac Walthour,Isaac Walthour,isaac-walthour,,pending
isaiah-briscoe,Isaiah Briscoe,Isaiah Briscoe,isaiah-briscoe,,pending
isaiah-canaan,Isaiah Canaan,Isaiah Canaan,isaiah-canaan,,pending
isaiah-collier,Isaiah Collier,Isaiah Collier,isaiah-collier,,pending
isaiah-crawford,Isaiah Crawford,Isaiah Crawford,isaiah-crawford,,pending
isaiah-hartenstein,Isaiah Hartenstein,Isaiah Hartenstein,isaiah-hartenstein,,pending
isaiah-hicks,Isaiah Hicks,Isaiah Hicks,isaiah-hicks,,pending
isaiah-jackson,Isaiah Jackson,Isaiah Jackson,isaiah-jackson,,pending
isaiah-joe,Isaiah Joe,Isaiah Joe,isaiah-joe,,pending
isaiah-livers,Isaiah Livers,Isaiah Livers,isaiah-livers,,pending
isaiah-mobley,Isaiah Mobley,Isaiah Mobley,isaiah-mobley,,pending
isaiah-morris,Isaiah Morris,Isaiah Morris,isaiah-morris,,pending
isaiah-rider,Isaiah Rider,Isaiah Rider,isaiah-rider,,pending
isaiah-roby,Isaiah Roby,Isaiah Roby,isaiah-roby,,pending
isaiah-stevens,Isaiah Stevens,Isaiah Stevens,isaiah-stevens,,pending
isaiah-stewart,Isaiah Stewart,Isaiah Stewart,isaiah-stewart,,pending
isaiah-taylor,Isaiah Taylor,Isaiah Taylor,isaiah-taylor,,pending
isaiah-thomas,Isaiah Thomas,Isaiah Thomas,isaiah-thomas,,pending
isaiah-todd,Isaiah Todd,Isaiah Todd,isaiah-todd,,pending
isaiah-whitehead,Isaiah Whitehead,Isaiah Whitehead,isaiah-whitehead,,pending
isaiah-wilson,Isaiah Wilson,Isaiah Wilson,isaiah-wilson,,pending
isaiah-wong,Isaiah Wong,Isaiah Wong,isaiah-wong,,pending
ish-smith,Ish Smith,Ish Smith,ish-smith,,pending
ish-wainright,Ish Wainright,Ish Wainright,ish-wainright,,pending
isiah-thomas,Isiah Thomas,Isiah Thomas,isiah-thomas,,pending
isiah-thomas,Isiah Thomas*,Isiah Thomas*,isiah-thomas,,pending
ivan-johnson,Ivan Johnson,Ivan Johnson,ivan-johnson,,pending
ivan-mcfarlin,Ivan McFarlin,Ivan McFarlin,ivan-mcfarlin,,pending
ivan-rabb,Ivan Rabb,Ivan Rabb,ivan-rabb,,pending
ivano-newbill,Ivano Newbill,Ivano Newbill,ivano-newbill,,pending
ivica-zubac,Ivica Zubac,Ivica Zubac,ivica-zubac,,pending
izaiah-brockington,Izaiah Brockington,Izaiah Brockington,izaiah-brockington,,pending
j-j-anderson,J.J. Anderson,J.J. Anderson,j-j-anderson,,pending
j-j-barea,J.J. Barea,J.J. Barea,j-j-barea,,pending
j-j-hickson,J.J. Hickson,J.J. Hickson,j-j-hickson,,pending
j-j-o-brien,J.J. O'Brien,J.J. O'Brien,j-j-o-brien,,pending
j-p-macura,J.P. Macura,J.P. Macura,j-p-macura,,pending
j-r-bremer,J.R. Bremer,J.R. Bremer,j-r-bremer,,pending
j-r-giddens,J.R. Giddens,J.R. Giddens,j-r-giddens,,pending
j-r-henderson,J.R. Henderson,J.R. Henderson,j-r-henderson,,pending
j-r-reid,J.R. Reid,J.R. Reid,j-r-reid,,pending
j-r-smith,J.R. Smith,J.R. Smith,j-r-smith,,pending
jd-davison,JD Davison,JD Davison,jd-davison,,pending
jj-redick,JJ Redick,JJ Redick,jj-redick,,pending
jt-thor,JT Thor,JT Thor,jt-thor,,pending
ja-morant,Ja Morant,Ja Morant,ja-morant,,pending
ja-kobe-walter,Ja'Kobe Walter,Ja'Kobe Walter,ja-kobe-walter,,pending
jajuan-johnson,JaJuan Johnson,JaJuan Johnson,jajuan-johnson,,pending
jakarr-sampson,JaKarr Sampson,JaKarr Sampson,jakarr-sampson,,pending
jamychal-green,JaMychal Green,JaMychal Green,jamychal-green,,pending
jaquori-mclaughlin,JaQuori McLaughlin,JaQuori McLaughlin,jaquori-mclaughlin,,pending
javale-mcgee,JaVale McGee,JaVale McGee,javale-mcgee,,pending
jabari-bird,Jabari Bird,Jabari Bird,jabari-bird,,pending
jabari-brown,Jabari Brown,Jabari Brown,jabari-brown,,pending
jabari-parker,Jabari Parker,Jabari Parker,jabari-parker,,pending
jabari-smith,Jabari Smith,Jabari Smith,jabari-smith,,pending
jabari-smith-jr,Jabari Smith Jr.,Jabari Smith Jr.,jabari-smith-jr,,pending
jabari-walker,Jabari Walker,Jabari Walker,jabari-walker,,pending
jack-coleman,Jack Coleman,Jack Coleman,jack-coleman,,pending
jack-cooley,Jack Cooley,Jack Cooley,jack-cooley,,pending
jack-foley,Jack Foley,Jack Foley,jack-foley,,pending
jack-george,Jack George,Jack George,jack-george,,pending
jack-givens,Jack Givens,Jack Givens,jack-givens,,pending
jack-haley,Jack Haley,Jack Haley,jack-haley,,pending
jack-kerris,Jack Kerris,Jack Kerris,jack-kerris,,pending
jack-kiley,Jack Kiley,Jack Kiley,jack-kiley,,pending
jack-marin,Jack Marin,Jack Marin,jack-marin,,pending
jack-mccloskey,Jack McCloskey,Jack McCloskey,jack-mccloskey,,pending
jack-mcmahon,Jack McMahon,Jack McMahon,jack-mcmahon,,pending
jack-mcveigh,Jack McVeigh,Jack McVeigh,jack-mcveigh,,pending
jack-molinas,Jack Molinas,Jack Molinas,jack-molinas,,pending
jack-nichols,Jack Nichols,Jack Nichols,jack-nichols,,pending
jack-parr,Jack Parr,Jack Parr,jack-parr,,pending
jack-sikma,Jack Sikma,Jack Sikma,jack-sikma,,pending
jack-sikma,Jack Sikma*,Jack Sikma*,jack-sikma,,pending
jack-stephens,Jack Stephens,Jack Stephens,jack-stephens,,pending
jack-turner,Jack Turner,Jack Turner,jack-turner,,pending
jack-twyman,Jack Twyman,Jack Twyman,jack-twyman,,pending
jack-twyman,Jack Twyman*,Jack Twyman*,jack-twyman,,pending
jack-white,Jack White,Jack White,jack-white,,pending
jackie-butler,Jackie Butler,Jackie Butler,jackie-butler,,pending
jackie-dinkins,Jackie Dinkins,Jackie Dinkins,jackie-dinkins,,pending
jackie-moore,Jackie Moore,Jackie Moore,jackie-moore,,pending
jackie-moreland,Jackie Moreland,Jackie Moreland,jackie-moreland,,pending
jackie-ridgle,Jackie Ridgle,Jackie Ridgle,jackie-ridgle,,pending
jackie-robinson,Jackie Robinson,Jackie Robinson,jackie-robinson,,pending
jackson-rowe,Jackson Rowe,Jackson Rowe,jackson-rowe,,pending
jackson-vroman,Jackson Vroman,Jackson Vroman,jackson-vroman,,pending
jacky-dorsey,Jacky Dorsey,Jacky Dorsey,jacky-dorsey,,pending
jacob-evans,Jacob Evans,Jacob Evans,jacob-evans,,pending
jacob-gilyard,Jacob Gilyard,Jacob Gilyard,jacob-gilyard,,pending
jacob-pullen,Jacob Pullen,Jacob Pullen,jacob-pullen,,pending
jacob-toppin,Jacob Toppin,Jacob Toppin,jacob-toppin,,pending
jacob-wiley,Jacob Wiley,Jacob Wiley,jacob-wiley,,pending
jacque-vaughn,Jacque Vaughn,Jacque Vaughn,jacque-vaughn,,pending
jaden-hardy,Jaden Hardy,Jaden Hardy,jaden-hardy,,pending
jaden-ivey,Jaden Ivey,Jaden Ivey,jaden-ivey,,pending
jaden-mcdaniels,Jaden McDaniels,Jaden McDaniels,jaden-mcdaniels,,pending
jaden-springer,Jaden Springer,Jaden Springer,jaden-springer,,pending
jae-crowder,Jae Crowder,Jae Crowder,jae-crowder,,pending
jae-sean-tate,Jae'Sean Tate,Jae'Sean Tate,jae-sean-tate,,pending
jahidi-white,Jahidi White,Jahidi White,jahidi-white,,pending
jahlil-okafor,Jahlil Okafor,Jahlil Okafor,jahlil-okafor,,pending
jahmai-mashack,Jahmai Mashack,Jahmai Mashack,jahmai-mashack,,pending
jahmi-us-ramsey,Jahmi'us Ramsey,Jahmi'us Ramsey,jahmi-us-ramsey,,pending
jahmir-young,Jahmir Young,Jahmir Young,jahmir-young,,pending
jahmyl-telfort,Jahmyl Telfort,Jahmyl Telfort,jahmyl-telfort,,pending
jaime-echenique,Jaime Echenique,Jaime Echenique,jaime-echenique,,pending
jaime-jaquez-jr,Jaime Jaquez Jr.,Jaime Jaquez Jr.,jaime-jaquez-jr,,pending
jake-fendley,Jake Fendley,Jake Fendley,jake-fendley,,pending
jake-ford,Jake Ford,Jake Ford,jake-ford,,pending
jake-jones,Jake Jones,Jake Jones,jake-jones,,pending
jake-laravia,Jake LaRavia,Jake LaRavia,jake-laravia,,pending
jake-layman,Jake Layman,Jake Layman,jake-layman,,pending
jake-tsakalidis,Jake Tsakalidis,Jake Tsakalidis,jake-tsakalidis,,pending
jake-voskuhl,Jake Voskuhl,Jake Voskuhl,jake-voskuhl,,pending
jakob-poeltl,Jakob Poeltl,Jakob Poeltl,jakob-poeltl,,pending
jalen-bridges,Jalen Bridges,Jalen Bridges,jalen-bridges,,pending
jalen-brunson,Jalen Brunson,Jalen Brunson,jalen-brunson,,pending
jalen-crutcher,Jalen Crutcher,Jalen Crutcher,jalen-crutcher,,pending
jalen-duren,Jalen Duren,Jalen Duren,jalen-duren,,pending
jalen-green,Jalen Green,Jalen Green,jalen-green,,pending
jalen-harris,Jalen Harris,Jalen Harris,jalen-harris,,pending
jalen-hood-schifino,Jalen Hood-Schifino,Jalen Hood-Schifino,jalen-hood-schifino,,pending
jalen-johnson,Jalen Johnson,Jalen Johnson,jalen-johnson,,pending
jalen-jones,Jalen Jones,Jalen Jones,jalen-jones,,pending
jalen-lecque,Jalen Lecque,Jalen Lecque,jalen-lecque,,pending
jalen-mcdaniels,Jalen McDaniels,Jalen McDaniels,jalen-mcdaniels,,pending
jalen-pickett,Jalen Pickett,Jalen Pickett,jalen-pickett,,pending
jalen-rose,Jalen Rose,Jalen Rose,jalen-rose,,pending
jalen-slawson,Jalen Slawson,Jalen Slawson,jalen-slawson,,pending
jalen-smith,Jalen Smith,Jalen Smith,jalen-smith,,pending
jalen-suggs,Jalen Suggs,Jalen Suggs,jalen-suggs,,pending
jalen-williams,Jalen Williams,Jalen Williams,jalen-williams,,pending
jalen-wilson,Jalen Wilson,Jalen Wilson,jalen-wilson,,pending
jamaal-franklin,Jamaal Franklin,Jamaal Franklin,jamaal-franklin,,pending
jamaal-magloire,Jamaal Magloire,Jamaal Magloire,jamaal-magloire,,pending
jamaal-tinsley,Jamaal Tinsley,Jamaal Tinsley,jamaal-tinsley,,pending
jamaal-wilkes,Jamaal Wilkes,Jamaal Wilkes,jamaal-wilkes,,pending
jamaal-wilkes,Jamaal Wilkes*,Jamaal Wilkes*,jamaal-wilkes,,pending
jamal-cain,Jamal Cain,Jamal Cain,jamal-cain,,pending
jamal-crawford,Jamal Crawford,Jamal Crawford,jamal-crawford,,pending
jamal-mashburn,Jamal Mashburn,Jamal Mashburn,jamal-mashburn,,pending
jamal-murray,Jamal Murray,Jamal Murray,jamal-murray,,pending
jamal-robinson,Jamal Robinson,Jamal Robinson,jamal-robinson,,pending
jamal-sampson,Jamal Sampson,Jamal Sampson,jamal-sampson,,pending
jamal-shead,Jamal Shead,Jamal Shead,jamal-shead,,pending
jamaree-bouyea,Jamaree Bouyea,Jamaree Bouyea,jamaree-bouyea,,pending
jamario-moon,Jamario Moon,Jamario Moon,jamario-moon,,pending
jameel-warney,Jameel Warney,Jameel Warney,jameel-warney,,pending
jameer-nelson,Jameer Nelson,Jameer Nelson,jameer-nelson,,pending
jamel-artis,Jamel Artis,Jamel Artis,jamel-artis,,pending
jamel-thomas,Jamel Thomas,Jamel Thomas,jamel-thomas,,pending
james-anderson,James Anderson,James Anderson,james-anderson,,pending
james-augustine,James Augustine,James Augustine,james-augustine,,pending
james-bailey,James Bailey,James Bailey,james-bailey,,pending
james-blackwell,James Blackwell,James Blackwell,james-blackwell,,pending
james-bouknight,James Bouknight,James Bouknight,james-bouknight,,pending
james-collins,James Collins,James Collins,james-collins,,pending
james-cotton,James Cotton,James Cotton,james-cotton,,pending
james-donaldson,James Donaldson,James Donaldson,james-donaldson,,pending
james-edwards,James Edwards,James Edwards,james-edwards,,pending
james-ennis-iii,James Ennis III,James Ennis III,james-ennis-iii,,pending
james-harden,James Harden,James Harden,james-harden,,pending
james-hardy,James Hardy,James Hardy,james-hardy,,pending
james-johnson,James Johnson,James Johnson,james-johnson,,pending
james-jones,James Jones,James Jones,james-jones,,pending
james-lang,James Lang,James Lang,james-lang,,pending
james-michael-mcadoo,James Michael McAdoo,James Michael McAdoo,james-michael-mcadoo,,pending
james-nunnally,James Nunnally,James Nunnally,james-nunnally,,pending
james-posey,James Posey,James Posey,james-posey,,pending
james-ray,James Ray,James Ray,james-ray,,pending
james-robinson,James Robinson,James Robinson,james-robinson,,pending
james-scott,James Scott,James Scott,james-scott,,pending
james-silas,James Silas,James Silas,james-silas,,pending
james-singleton,James Singleton,James Singleton,james-singleton,,pending
james-southerland,James Southerland,James Southerland,james-southerland,,pending
james-thomas,James Thomas,James Thomas,james-thomas,,pending
james-webb-iii,James Webb III,James Webb III,james-webb-iii,,pending
james-white,James White,James White,james-white,,pending
james-wilkes,James Wilkes,James Wilkes,james-wilkes,,pending
james-wiseman,James Wiseman,James Wiseman,james-wiseman,,pending
james-worthy,James Worthy,James Worthy,james-worthy,,pending
james-worthy,James Worthy*,James Worthy*,james-worthy,,pending
james-young,James Young,James Young,james-young,,pending
jameson-curry,JamesOn Curry,JamesOn Curry,jameson-curry,,pending
jamie-feick,Jamie Feick,Jamie Feick,jamie-feick,,pending
jamie-waller,Jamie Waller,Jamie Waller,jamie-waller,,pending
jamie-watson,Jamie Watson,Jamie Watson,jamie-watson,,pending
jamil-wilson,Jamil Wilson,Jamil Wilson,jamil-wilson,,pending
jamir-watkins,Jamir Watkins,Jamir Watkins,jamir-watkins,,pending
jamison-battle,Jamison Battle,Jamison Battle,jamison-battle,,pending
jamison-brewer,Jamison Brewer,Jamison Brewer,jamison-brewer,,pending
jamorko-pickett,Jamorko Pickett,Jamorko Pickett,jamorko-pickett,,pending
jan-vesel,Jan Veselý,Jan Veselý,jan-vesel,,pending
jan-van-breda-kolff,Jan van Breda Kolff,Jan van Breda Kolff,jan-van-breda-kolff,,pending
jannero-pargo,Jannero Pargo,Jannero Pargo,jannero-pargo,,pending
jarace-walker,Jarace Walker,Jarace Walker,jarace-walker,,pending
jared-butler,Jared Butler,Jared Butler,jared-butler,,pending
jared-cunningham,Jared Cunningham,Jared Cunningham,jared-cunningham,,pending
jared-dudley,Jared Dudley,Jared Dudley,jared-dudley,,pending
jared-harper,Jared Harper,Jared Harper,jared-harper,,pending
jared-jeffries,Jared Jeffries,Jared Jeffries,jared-jeffries,,pending
jared-mccain,Jared McCain,Jared McCain,jared-mccain,,pending
jared-reiner,Jared Reiner,Jared Reiner,jared-reiner,,pending
jared-rhoden,Jared Rhoden,Jared Rhoden,jared-rhoden,,pending
jared-sullinger,Jared Sullinger,Jared Sullinger,jared-sullinger,,pending
jared-terrell,Jared Terrell,Jared Terrell,jared-terrell,,pending
jarell-eddie,Jarell Eddie,Jarell Eddie,jarell-eddie,,pending
jarell-martin,Jarell Martin,Jarell Martin,jarell-martin,,pending
jaren-jackson,Jaren Jackson,Jaren Jackson,jaren-jackson,,pending
jaren-jackson-jr,Jaren Jackson Jr.,Jaren Jackson Jr.,jaren-jackson-jr,,pending
jarnell-stokes,Jarnell Stokes,Jarnell Stokes,jarnell-stokes,,pending
jaron-blossomgame,Jaron Blossomgame,Jaron Blossomgame,jaron-blossomgame,,pending
jarred-vanderbilt,Jarred Vanderbilt,Jarred Vanderbilt,jarred-vanderbilt,,pending
jarrell-brantley,Jarrell Brantley,Jarrell Brantley,jarrell-brantley,,pending
jarrett-allen,Jarrett Allen,Jarrett Allen,jarrett-allen,,pending
jarrett-culver,Jarrett Culver,Jarrett Culver,jarrett-culver,,pending
jarrett-jack,Jarrett Jack,Jarrett Jack,jarrett-jack,,pending
jarrod-uthoff,Jarrod Uthoff,Jarrod Uthoff,jarrod-uthoff,,pending
jarron-collins,Jarron Collins,Jarron Collins,jarron-collins,,pending
jarron-cumberland,Jarron Cumberland,Jarron Cumberland,jarron-cumberland,,pending
jarvis-hayes,Jarvis Hayes,Jarvis Hayes,jarvis-hayes,,pending
jarvis-varnado,Jarvis Varnado,Jarvis Varnado,jarvis-varnado,,pending
jase-richardson,Jase Richardson,Jase Richardson,jase-richardson,,pending
jason-caffey,Jason Caffey,Jason Caffey,jason-caffey,,pending
jason-collier,Jason Collier,Jason Collier,jason-collier,,pending
jason-collins,Jason Collins,Jason Collins,jason-collins,,pending
jason-hart,Jason Hart,Jason Hart,jason-hart,,pending
jason-kapono,Jason Kapono,Jason Kapono,jason-kapono,,pending
jason-kidd,Jason Kidd,Jason Kidd,jason-kidd,,pending
jason-kidd,Jason Kidd*,Jason Kidd*,jason-kidd,,pending
jason-lawson,Jason Lawson,Jason Lawson,jason-lawson,,pending
jason-maxiell,Jason Maxiell,Jason Maxiell,jason-maxiell,,pending
jason-miskiri,Jason Miskiri,Jason Miskiri,jason-miskiri,,pending
jason-preston,Jason Preston,Jason Preston,jason-preston,,pending
jason-richardson,Jason Richardson,Jason Richardson,jason-richardson,,pending
jason-sasser,Jason Sasser,Jason Sasser,jason-sasser,,pending
jason-smith,Jason Smith,Jason Smith,jason-smith,,pending
jason-terry,Jason Terry,Jason Terry,jason-terry,,pending
jason-thompson,Jason Thompson,Jason Thompson,jason-thompson,,pending
jason-williams,Jason Williams,Jason Williams,jason-williams,,pending
javaris-crittenton,Javaris Crittenton,Javaris Crittenton,javaris-crittenton,,pending
javin-delaurier,Javin DeLaurier,Javin DeLaurier,javin-delaurier,,pending
javon-freeman-liberty,Javon Freeman-Liberty,Javon Freeman-Liberty,javon-freeman-liberty,,pending
javon-small,Javon Small,Javon Small,javon-small,,pending
javonte-cooke,Javonte Cooke,Javonte Cooke,javonte-cooke,,pending
javonte-green,Javonte Green,Javonte Green,javonte-green,,pending
javonte-smart,Javonte Smart,Javonte Smart,javonte-smart,,pending
jawad-williams,Jawad Williams,Jawad Williams,jawad-williams,,pending
jawann-oldham,Jawann Oldham,Jawann Oldham,jawann-oldham,,pending
jawun-evans,Jawun Evans,Jawun Evans,jawun-evans,,pending
jaxson-hayes,Jaxson Hayes,Jaxson Hayes,jaxson-hayes,,pending
jay-arnette,Jay Arnette,Jay Arnette,jay-arnette,,pending
jay-carty,Jay Carty,Jay Carty,jay-carty,,pending
jay-edwards,Jay Edwards,Jay Edwards,jay-edwards,,pending
jay-guidinger,Jay Guidinger,Jay Guidinger,jay-guidinger,,pending
jay-huff,Jay Huff,Jay Huff,jay-huff,,pending
jay-humphries,Jay Humphries,Jay Humphries,jay-humphries,,pending
jay-miller,Jay Miller,Jay Miller,jay-miller,,pending
jay-murphy,Jay Murphy,Jay Murphy,jay-murphy,,pending
jay-scrubb,Jay Scrubb,Jay Scrubb,jay-scrubb,,pending
jay-taylor,Jay Taylor,Jay Taylor,jay-taylor,,pending
jay-vincent,Jay Vincent,Jay Vincent,jay-vincent,,pending
jay-williams,Jay Williams,Jay Williams,jay-williams,,pending
jaylen-adams,Jaylen Adams,Jaylen Adams,jaylen-adams,,pending
jaylen-brown,Jaylen Brown,Jaylen Brown,jaylen-brown,,pending
jaylen-clark,Jaylen Clark,Jaylen Clark,jaylen-clark,,pending
jaylen-hoard,Jaylen Hoard,Jaylen Hoard,jaylen-hoard,,pending
jaylen-martin,Jaylen Martin,Jaylen Martin,jaylen-martin,,pending
jaylen-morris,Jaylen Morris,Jaylen Morris,jaylen-morris,,pending
jaylen-nowell,Jaylen Nowell,Jaylen Nowell,jaylen-nowell,,pending
jaylen-sims,Jaylen Sims,Jaylen Sims,jaylen-sims,,pending
jaylen-wells,Jaylen Wells,Jaylen Wells,jaylen-wells,,pending
jaylin-williams,Jaylin Williams,Jaylin Williams,jaylin-williams,,pending
jaylon-tyson,Jaylon Tyson,Jaylon Tyson,jaylon-tyson,,pending
jaysean-paige,Jaysean Paige,Jaysean Paige,jaysean-paige,,pending
jayson-kent,Jayson Kent,Jayson Kent,jayson-kent,,pending
jayson-tatum,Jayson Tatum,Jayson Tatum,jayson-tatum,,pending
jayson-williams,Jayson Williams,Jayson Williams,jayson-williams,,pending
jazian-gortman,Jazian Gortman,Jazian Gortman,jazian-gortman,,pending
jeff-adrien,Jeff Adrien,Jeff Adrien,jeff-adrien,,pending
jeff-ayres,Jeff Ayres,Jeff Ayres,jeff-ayres,,pending
jeff-cook,Jeff Cook,Jeff Cook,jeff-cook,,pending
jeff-cross,Jeff Cross,Jeff Cross,jeff-cross,,pending
jeff-dowtin-jr,Jeff Dowtin Jr.,Jeff Dowtin Jr.,jeff-dowtin-jr,,pending
jeff-foote,Jeff Foote,Jeff Foote,jeff-foote,,pending
jeff-foster,Jeff Foster,Jeff Foster,jeff-foster,,pending
jeff-grayer,Jeff Grayer,Jeff Grayer,jeff-grayer,,pending
jeff-green,Jeff Green,Jeff Green,jeff-green,,pending
jeff-halliburton,Jeff Halliburton,Jeff Halliburton,jeff-halliburton,,pending
jeff-hornacek,Jeff Hornacek,Jeff Hornacek,jeff-hornacek,,pending
jeff-judkins,Jeff Judkins,Jeff Judkins,jeff-judkins,,pending
jeff-lamp,Jeff Lamp,Jeff Lamp,jeff-lamp,,pending
jeff-lebo,Jeff Lebo,Jeff Lebo,jeff-lebo,,pending
jeff-malone,Jeff Malone,Jeff Malone,jeff-malone,,pending
jeff-martin,Jeff Martin,Jeff Martin,jeff-martin,,pending
jeff-mcinnis,Jeff McInnis,Jeff McInnis,jeff-mcinnis,,pending
jeff-mullins,Jeff Mullins,Jeff Mullins,jeff-mullins,,pending
jeff-nordgaard,Jeff Nordgaard,Jeff Nordgaard,jeff-nordgaard,,pending
jeff-ruland,Jeff Ruland,Jeff Ruland,jeff-ruland,,pending
jeff-sanders,Jeff Sanders,Jeff Sanders,jeff-sanders,,pending
jeff-sheppard,Jeff Sheppard,Jeff Sheppard,jeff-sheppard,,pending
jeff-slade,Jeff Slade,Jeff Slade,jeff-slade,,pending
jeff-taylor,Jeff Taylor,Jeff Taylor,jeff-taylor,,pending
jeff-teague,Jeff Teague,Jeff Teague,jeff-teague,,pending
jeff-trepagnier,Jeff Trepagnier,Jeff Trepagnier,jeff-trepagnier,,pending
jeff-turner,Jeff Turner,Jeff Turner,jeff-turner,,pending
jeff-webb,Jeff Webb,Jeff Webb,jeff-webb,,pending
jeff-webster,Jeff Webster,Jeff Webster,jeff-webster,,pending
jeff-wilkins,Jeff Wilkins,Jeff Wilkins,jeff-wilkins,,pending
jeff-withey,Jeff Withey,Jeff Withey,jeff-withey,,pending
jelani-mccoy,Jelani McCoy,Jelani McCoy,jelani-mccoy,,pending
jemerrio-jones,Jemerrio Jones,Jemerrio Jones,jemerrio-jones,,pending
jerald-honeycutt,Jerald Honeycutt,Jerald Honeycutt,jerald-honeycutt,,pending
jerami-grant,Jerami Grant,Jerami Grant,jerami-grant,,pending
jerel-mcneal,Jerel McNeal,Jerel McNeal,jerel-mcneal,,pending
jeremiah-fears,Jeremiah Fears,Jeremiah Fears,jeremiah-fears,,pending
jeremiah-martin,Jeremiah Martin,Jeremiah Martin,jeremiah-martin,,pending
jeremiah-robinson-earl,Jeremiah Robinson-Earl,Jeremiah Robinson-Earl,jeremiah-robinson-earl,,pending
jeremy-evans,Jeremy Evans,Jeremy Evans,jeremy-evans,,pending
jeremy-lamb,Jeremy Lamb,Jeremy Lamb,jeremy-lamb,,pending
jeremy-lin,Jeremy Lin,Jeremy Lin,jeremy-lin,,pending
jeremy-pargo,Jeremy Pargo,Jeremy Pargo,jeremy-pargo,,pending
jeremy-richardson,Jeremy Richardson,Jeremy Richardson,jeremy-richardson,,pending
jeremy-sochan,Jeremy Sochan,Jeremy Sochan,jeremy-sochan,,pending
jeremy-tyler,Jeremy Tyler,Jeremy Tyler,jeremy-tyler,,pending
jerian-grant,Jerian Grant,Jerian Grant,jerian-grant,,pending
jericho-sims,Jericho Sims,Jericho Sims,jericho-sims,,pending
jermaine-jackson,Jermaine Jackson,Jermaine Jackson,jermaine-jackson,,pending
jermaine-o-neal,Jermaine O'Neal,Jermaine O'Neal,jermaine-o-neal,,pending
jermaine-samuels,Jermaine Samuels,Jermaine Samuels,jermaine-samuels,,pending
jermaine-taylor,Jermaine Taylor,Jermaine Taylor,jermaine-taylor,,pending
jermareo-davidson,Jermareo Davidson,Jermareo Davidson,jermareo-davidson,,pending
jerome-allen,Jerome Allen,Jerome Allen,jerome-allen,,pending
jerome-anderson,Jerome Anderson,Jerome Anderson,jerome-anderson,,pending
jerome-beasley,Jerome Beasley,Jerome Beasley,jerome-beasley,,pending
jerome-dyson,Jerome Dyson,Jerome Dyson,jerome-dyson,,pending
jerome-harmon,Jerome Harmon,Jerome Harmon,jerome-harmon,,pending
jerome-henderson,Jerome Henderson,Jerome Henderson,jerome-henderson,,pending
jerome-james,Jerome James,Jerome James,jerome-james,,pending
jerome-jordan,Jerome Jordan,Jerome Jordan,jerome-jordan,,pending
jerome-kersey,Jerome Kersey,Jerome Kersey,jerome-kersey,,pending
jerome-lane,Jerome Lane,Jerome Lane,jerome-lane,,pending
jerome-robinson,Jerome Robinson,Jerome Robinson,jerome-robinson,,pending
jerome-whitehead,Jerome Whitehead,Jerome Whitehead,jerome-whitehead,,pending
jerome-williams,Jerome Williams,Jerome Williams,jerome-williams,,pending
jerrelle-benimon,Jerrelle Benimon,Jerrelle Benimon,jerrelle-benimon,,pending
jerrod-mustaf,Jerrod Mustaf,Jerrod Mustaf,jerrod-mustaf,,pending
jerry-baskerville,Jerry Baskerville,Jerry Baskerville,jerry-baskerville,,pending
jerry-bird,Jerry Bird,Jerry Bird,jerry-bird,,pending
jerry-chambers,Jerry Chambers,Jerry Chambers,jerry-chambers,,pending
jerry-eaves,Jerry Eaves,Jerry Eaves,jerry-eaves,,pending
jerry-fleishman,Jerry Fleishman,Jerry Fleishman,jerry-fleishman,,pending
jerry-fowler,Jerry Fowler,Jerry Fowler,jerry-fowler,,pending
jerry-greenspan,Jerry Greenspan,Jerry Greenspan,jerry-greenspan,,pending
jerry-grote,Jerry Grote,Jerry Grote,jerry-grote,,pending
jerry-harkness,Jerry Harkness,Jerry Harkness,jerry-harkness,,pending
jerry-lucas,Jerry Lucas,Jerry Lucas,jerry-lucas,,pending
jerry-lucas,Jerry Lucas*,Jerry Lucas*,jerry-lucas,,pending
jerry-paulson,Jerry Paulson,Jerry Paulson,jerry-paulson,,pending
jerry-reynolds,Jerry Reynolds,Jerry Reynolds,jerry-reynolds,,pending
jerry-sichting,Jerry Sichting,Jerry Sichting,jerry-sichting,,pending
jerry-sloan,Jerry Sloan,Jerry Sloan,jerry-sloan,,pending
jerry-sloan,Jerry Sloan*,Jerry Sloan*,jerry-sloan,,pending
jerry-smith,Jerry Smith,Jerry Smith,jerry-smith,,pending
jerry-stackhouse,Jerry Stackhouse,Jerry Stackhouse,jerry-stackhouse,,pending
jerry-west,Jerry West,Jerry West,jerry-west,,pending
jerry-west,Jerry West*,Jerry West*,jerry-west,,pending
jerryd-bayless,Jerryd Bayless,Jerryd Bayless,jerryd-bayless,,pending
jeryl-sasser,Jeryl Sasser,Jeryl Sasser,jeryl-sasser,,pending
jesse-arnelle,Jesse Arnelle,Jesse Arnelle,jesse-arnelle,,pending
jesse-branson,Jesse Branson,Jesse Branson,jesse-branson,,pending
jesse-dark,Jesse Dark,Jesse Dark,jesse-dark,,pending
jesse-edwards,Jesse Edwards,Jesse Edwards,jesse-edwards,,pending
jett-howard,Jett Howard,Jett Howard,jett-howard,,pending
jevon-carter,Jevon Carter,Jevon Carter,jevon-carter,,pending
jim-ard,Jim Ard,Jim Ard,jim-ard,,pending
jim-baechtold,Jim Baechtold,Jim Baechtold,jim-baechtold,,pending
jim-barnes,Jim Barnes,Jim Barnes,jim-barnes,,pending
jim-barnett,Jim Barnett,Jim Barnett,jim-barnett,,pending
jim-bostic,Jim Bostic,Jim Bostic,jim-bostic,,pending
jim-brasco,Jim Brasco,Jim Brasco,jim-brasco,,pending
jim-brewer,Jim Brewer,Jim Brewer,jim-brewer,,pending
jim-brogan,Jim Brogan,Jim Brogan,jim-brogan,,pending
jim-burns,Jim Burns,Jim Burns,jim-burns,,pending
jim-caldwell,Jim Caldwell,Jim Caldwell,jim-caldwell,,pending
jim-chones,Jim Chones,Jim Chones,jim-chones,,pending
jim-cleamons,Jim Cleamons,Jim Cleamons,jim-cleamons,,pending
jim-creighton,Jim Creighton,Jim Creighton,jim-creighton,,pending
jim-davis,Jim Davis,Jim Davis,jim-davis,,pending
jim-eakins,Jim Eakins,Jim Eakins,jim-eakins,,pending
jim-farmer,Jim Farmer,Jim Farmer,jim-farmer,,pending
jim-fox,Jim Fox,Jim Fox,jim-fox,,pending
jim-fritsche,Jim Fritsche,Jim Fritsche,jim-fritsche,,pending
jim-garvin,Jim Garvin,Jim Garvin,jim-garvin,,pending
jim-grandholm,Jim Grandholm,Jim Grandholm,jim-grandholm,,pending
jim-holstein,Jim Holstein,Jim Holstein,jim-holstein,,pending
jim-jackson,Jim Jackson,Jim Jackson,jim-jackson,,pending
jim-johnstone,Jim Johnstone,Jim Johnstone,jim-johnstone,,pending
jim-king,Jim King,Jim King,jim-king,,pending
jim-krebs,Jim Krebs,Jim Krebs,jim-krebs,,pending
jim-lampley,Jim Lampley,Jim Lampley,jim-lampley,,pending
jim-les,Jim Les,Jim Les,jim-les,,pending
jim-loscutoff,Jim Loscutoff,Jim Loscutoff,jim-loscutoff,,pending
jim-luisi,Jim Luisi,Jim Luisi,jim-luisi,,pending
jim-marsh,Jim Marsh,Jim Marsh,jim-marsh,,pending
jim-mcdaniels,Jim McDaniels,Jim McDaniels,jim-mcdaniels,,pending
jim-mcelroy,Jim McElroy,Jim McElroy,jim-mcelroy,,pending
jim-mcilvaine,Jim McIlvaine,Jim McIlvaine,jim-mcilvaine,,pending
jim-mcmillian,Jim McMillian,Jim McMillian,jim-mcmillian,,pending
jim-mooney,Jim Mooney,Jim Mooney,jim-mooney,,pending
jim-neal,Jim Neal,Jim Neal,jim-neal,,pending
jim-owens,Jim Owens,Jim Owens,jim-owens,,pending
jim-palmer,Jim Palmer,Jim Palmer,jim-palmer,,pending
jim-paxson,Jim Paxson,Jim Paxson,jim-paxson,,pending
jim-petersen,Jim Petersen,Jim Petersen,jim-petersen,,pending
jim-phelan,Jim Phelan,Jim Phelan,jim-phelan,,pending
jim-pollard,Jim Pollard,Jim Pollard,jim-pollard,,pending
jim-pollard,Jim Pollard*,Jim Pollard*,jim-pollard,,pending
jim-price,Jim Price,Jim Price,jim-price,,pending
jim-ray,Jim Ray,Jim Ray,jim-ray,,pending
jim-reid,Jim Reid,Jim Reid,jim-reid,,pending
jim-rowinski,Jim Rowinski,Jim Rowinski,jim-rowinski,,pending
jim-slaughter,Jim Slaughter,Jim Slaughter,jim-slaughter,,pending
jim-smith,Jim Smith,Jim Smith,jim-smith,,pending
jim-spanarkel,Jim Spanarkel,Jim Spanarkel,jim-spanarkel,,pending
jim-thomas,Jim Thomas,Jim Thomas,jim-thomas,,pending
jim-tucker,Jim Tucker,Jim Tucker,jim-tucker,,pending
jim-walsh,Jim Walsh,Jim Walsh,jim-walsh,,pending
jim-ware,Jim Ware,Jim Ware,jim-ware,,pending
jim-washington,Jim Washington,Jim Washington,jim-washington,,pending
jim-zoet,Jim Zoet,Jim Zoet,jim-zoet,,pending
jimmer-fredette,Jimmer Fredette,Jimmer Fredette,jimmer-fredette,,pending
jimmy-butler,Jimmy Butler,Jimmy Butler,jimmy-butler,,pending
jimmy-carruth,Jimmy Carruth,Jimmy Carruth,jimmy-carruth,,pending
jimmy-collins,Jimmy Collins,Jimmy Collins,jimmy-collins,,pending
jimmy-darrow,Jimmy Darrow,Jimmy Darrow,jimmy-darrow,,pending
jimmy-jones,Jimmy Jones,Jimmy Jones,jimmy-jones,,pending
jimmy-king,Jimmy King,Jimmy King,jimmy-king,,pending
jimmy-oliver,Jimmy Oliver,Jimmy Oliver,jimmy-oliver,,pending
jimmy-walker,Jimmy Walker,Jimmy Walker,jimmy-walker,,pending
ji-welsch,Jiří Welsch,Jiří Welsch,ji-welsch,,pending
jo-jo-english,Jo Jo English,Jo Jo English,jo-jo-english,,pending
jo-jo-white,Jo Jo White,Jo Jo White,jo-jo-white,,pending
jo-jo-white,Jo Jo White*,Jo Jo White*,jo-jo-white,,pending
joakim-noah,Joakim Noah,Joakim Noah,joakim-noah,,pending
joan-beringer,Joan Beringer,Joan Beringer,joan-beringer,,pending
joby-wright,Joby Wright,Joby Wright,joby-wright,,pending
jock-landale,Jock Landale,Jock Landale,jock-landale,,pending
jodie-meeks,Jodie Meeks,Jodie Meeks,jodie-meeks,,pending
joe-alexander,Joe Alexander,Joe Alexander,joe-alexander,,pending
joe-arlauckas,Joe Arlauckas,Joe Arlauckas,joe-arlauckas,,pending
joe-barry-carroll,Joe Barry Carroll,Joe Barry Carroll,joe-barry-carroll,,pending
joe-binion,Joe Binion,Joe Binion,joe-binion,,pending
joe-bryant,Joe Bryant,Joe Bryant,joe-bryant,,pending
joe-buckhalter,Joe Buckhalter,Joe Buckhalter,joe-buckhalter,,pending
joe-caldwell,Joe Caldwell,Joe Caldwell,joe-caldwell,,pending
joe-chealey,Joe Chealey,Joe Chealey,joe-chealey,,pending
joe-cooke,Joe Cooke,Joe Cooke,joe-cooke,,pending
joe-cooper,Joe Cooper,Joe Cooper,joe-cooper,,pending
joe-courtney,Joe Courtney,Joe Courtney,joe-courtney,,pending
joe-crawford,Joe Crawford,Joe Crawford,joe-crawford,,pending
joe-crispin,Joe Crispin,Joe Crispin,joe-crispin,,pending
joe-dumars,Joe Dumars,Joe Dumars,joe-dumars,,pending
joe-dumars,Joe Dumars*,Joe Dumars*,joe-dumars,,pending
joe-ellis,Joe Ellis,Joe Ellis,joe-ellis,,pending
joe-fulks,Joe Fulks,Joe Fulks,joe-fulks,,pending
joe-fulks,Joe Fulks*,Joe Fulks*,joe-fulks,,pending
joe-graboski,Joe Graboski,Joe Graboski,joe-graboski,,pending
joe-harris,Joe Harris,Joe Harris,joe-harris,,pending
joe-hassett,Joe Hassett,Joe Hassett,joe-hassett,,pending
joe-holland,Joe Holland,Joe Holland,joe-holland,,pending
joe-holup,Joe Holup,Joe Holup,joe-holup,,pending
joe-hutton,Joe Hutton,Joe Hutton,joe-hutton,,pending
joe-ingles,Joe Ingles,Joe Ingles,joe-ingles,,pending
joe-johnson,Joe Johnson,Joe Johnson,joe-johnson,,pending
joe-kennedy,Joe Kennedy,Joe Kennedy,joe-kennedy,,pending
joe-kleine,Joe Kleine,Joe Kleine,joe-kleine,,pending
joe-kopicki,Joe Kopicki,Joe Kopicki,joe-kopicki,,pending
joe-mcnamee,Joe McNamee,Joe McNamee,joe-mcnamee,,pending
joe-meriweather,Joe Meriweather,Joe Meriweather,joe-meriweather,,pending
joe-pace,Joe Pace,Joe Pace,joe-pace,,pending
joe-reaves,Joe Reaves,Joe Reaves,joe-reaves,,pending
joe-roberts,Joe Roberts,Joe Roberts,joe-roberts,,pending
joe-ruklick,Joe Ruklick,Joe Ruklick,joe-ruklick,,pending
joe-smith,Joe Smith,Joe Smith,joe-smith,,pending
joe-smyth,Joe Smyth,Joe Smyth,joe-smyth,,pending
joe-stephens,Joe Stephens,Joe Stephens,joe-stephens,,pending
joe-strawder,Joe Strawder,Joe Strawder,joe-strawder,,pending
joe-thomas,Joe Thomas,Joe Thomas,joe-thomas,,pending
joe-wieskamp,Joe Wieskamp,Joe Wieskamp,joe-wieskamp,,pending
joe-wolf,Joe Wolf,Joe Wolf,joe-wolf,,pending
joe-young,Joe Young,Joe Young,joe-young,,pending
joel-anthony,Joel Anthony,Joel Anthony,joel-anthony,,pending
joel-ayayi,Joel Ayayi,Joel Ayayi,joel-ayayi,,pending
joel-bolomboy,Joel Bolomboy,Joel Bolomboy,joel-bolomboy,,pending
joel-embiid,Joel Embiid,Joel Embiid,joel-embiid,,pending
joel-freeland,Joel Freeland,Joel Freeland,joel-freeland,,pending
joel-kramer,Joel Kramer,Joel Kramer,joel-kramer,,pending
joel-przybilla,Joel Przybilla,Joel Przybilla,joel-przybilla,,pending
joey-dorsey,Joey Dorsey,Joey Dorsey,joey-dorsey,,pending
joey-graham,Joey Graham,Joey Graham,joey-graham,,pending
joffrey-lauvergne,Joffrey Lauvergne,Joffrey Lauvergne,joffrey-lauvergne,,pending
johan-petro,Johan Petro,Johan Petro,johan-petro,,pending
john-amaechi,John Amaechi,John Amaechi,john-amaechi,,pending
john-arthurs,John Arthurs,John Arthurs,john-arthurs,,pending
john-bagley,John Bagley,John Bagley,john-bagley,,pending
john-barber,John Barber,John Barber,john-barber,,pending
john-barnhill,John Barnhill,John Barnhill,john-barnhill,,pending
john-battle,John Battle,John Battle,john-battle,,pending
john-block,John Block,John Block,john-block,,pending
john-brisker,John Brisker,John Brisker,john-brisker,,pending
john-brown,John Brown,John Brown,john-brown,,pending
john-butler,John Butler,John Butler,john-butler,,pending
john-celestand,John Celestand,John Celestand,john-celestand,,pending
john-coker,John Coker,John Coker,john-coker,,pending
john-collins,John Collins,John Collins,john-collins,,pending
john-coughran,John Coughran,John Coughran,john-coughran,,pending
john-crotty,John Crotty,John Crotty,john-crotty,,pending
john-douglas,John Douglas,John Douglas,john-douglas,,pending
john-drew,John Drew,John Drew,john-drew,,pending
john-duren,John Duren,John Duren,john-duren,,pending
john-edwards,John Edwards,John Edwards,john-edwards,,pending
john-fairchild,John Fairchild,John Fairchild,john-fairchild,,pending
john-garris,John Garris,John Garris,john-garris,,pending
john-gianelli,John Gianelli,John Gianelli,john-gianelli,,pending
john-greig,John Greig,John Greig,john-greig,,pending
john-havlicek,John Havlicek,John Havlicek,john-havlicek,,pending
john-havlicek,John Havlicek*,John Havlicek*,john-havlicek,,pending
john-henson,John Henson,John Henson,john-henson,,pending
john-holland,John Holland,John Holland,john-holland,,pending
john-hummer,John Hummer,John Hummer,john-hummer,,pending
john-jenkins,John Jenkins,John Jenkins,john-jenkins,,pending
john-johnson,John Johnson,John Johnson,john-johnson,,pending
john-konchar,John Konchar,John Konchar,john-konchar,,pending
john-kuester,John Kuester,John Kuester,john-kuester,,pending
john-lambert,John Lambert,John Lambert,john-lambert,,pending
john-laskowski,John Laskowski,John Laskowski,john-laskowski,,pending
john-long,John Long,John Long,john-long,,pending
john-lucas,John Lucas,John Lucas,john-lucas,,pending
john-lucas-iii,John Lucas III,John Lucas III,john-lucas-iii,,pending
john-mahnken,John Mahnken,John Mahnken,john-mahnken,,pending
john-mcconathy,John McConathy,John McConathy,john-mcconathy,,pending
john-mccullough,John McCullough,John McCullough,john-mccullough,,pending
john-mengelt,John Mengelt,John Mengelt,john-mengelt,,pending
john-morton,John Morton,John Morton,john-morton,,pending
john-o-boyle,John O'Boyle,John O'Boyle,john-o-boyle,,pending
john-olive,John Olive,John Olive,john-olive,,pending
john-paxson,John Paxson,John Paxson,john-paxson,,pending
john-pilch,John Pilch,John Pilch,john-pilch,,pending
john-pinone,John Pinone,John Pinone,john-pinone,,pending
john-poulakidas,John Poulakidas,John Poulakidas,john-poulakidas,,pending
john-rennicke,John Rennicke,John Rennicke,john-rennicke,,pending
john-richter,John Richter,John Richter,john-richter,,pending
john-roche,John Roche,John Roche,john-roche,,pending
john-rudd,John Rudd,John Rudd,john-rudd,,pending
john-rudometkin,John Rudometkin,John Rudometkin,john-rudometkin,,pending
john-salley,John Salley,John Salley,john-salley,,pending
john-salmons,John Salmons,John Salmons,john-salmons,,pending
john-schweitz,John Schweitz,John Schweitz,john-schweitz,,pending
john-shasky,John Shasky,John Shasky,john-shasky,,pending
john-shumate,John Shumate,John Shumate,john-shumate,,pending
john-starks,John Starks,John Starks,john-starks,,pending
john-stockton,John Stockton,John Stockton,john-stockton,,pending
john-stockton,John Stockton*,John Stockton*,john-stockton,,pending
john-stroeder,John Stroeder,John Stroeder,john-stroeder,,pending
john-stroud,John Stroud,John Stroud,john-stroud,,pending
john-thomas,John Thomas,John Thomas,john-thomas,,pending
john-thompson,John Thompson,John Thompson,john-thompson,,pending
john-thompson,John Thompson*,John Thompson*,john-thompson,,pending
john-tonje,John Tonje,John Tonje,john-tonje,,pending
john-trapp,John Trapp,John Trapp,john-trapp,,pending
john-tresvant,John Tresvant,John Tresvant,john-tresvant,,pending
john-tschogl,John Tschogl,John Tschogl,john-tschogl,,pending
john-turner,John Turner,John Turner,john-turner,,pending
john-vallely,John Vallely,John Vallely,john-vallely,,pending
john-wall,John Wall,John Wall,john-wall,,pending
john-wallace,John Wallace,John Wallace,john-wallace,,pending
john-warren,John Warren,John Warren,john-warren,,pending
john-wetzel,John Wetzel,John Wetzel,john-wetzel,,pending
john-williams,John Williams,John Williams,john-williams,,pending
john-williamson,John Williamson,John Williamson,john-williamson,,pending
john-windsor,John Windsor,John Windsor,john-windsor,,pending
johnathan-motley,Johnathan Motley,Johnathan Motley,johnathan-motley,,pending
johnathan-williams,Johnathan Williams,Johnathan Williams,johnathan-williams,,pending
johni-broome,Johni Broome,Johni Broome,johni-broome,,pending
johnny-austin,Johnny Austin,Johnny Austin,johnny-austin,,pending
johnny-baum,Johnny Baum,Johnny Baum,johnny-baum,,pending
johnny-cox,Johnny Cox,Johnny Cox,johnny-cox,,pending
johnny-davis,Johnny Davis,Johnny Davis,johnny-davis,,pending
johnny-dawkins,Johnny Dawkins,Johnny Dawkins,johnny-dawkins,,pending
johnny-egan,Johnny Egan,Johnny Egan,johnny-egan,,pending
johnny-furphy,Johnny Furphy,Johnny Furphy,johnny-furphy,,pending
johnny-green,Johnny Green,Johnny Green,johnny-green,,pending
johnny-high,Johnny High,Johnny High,johnny-high,,pending
johnny-horan,Johnny Horan,Johnny Horan,johnny-horan,,pending
johnny-jones,Johnny Jones,Johnny Jones,johnny-jones,,pending
johnny-juzang,Johnny Juzang,Johnny Juzang,johnny-juzang,,pending
johnny-mccarthy,Johnny McCarthy,Johnny McCarthy,johnny-mccarthy,,pending
johnny-moore,Johnny Moore,Johnny Moore,johnny-moore,,pending
johnny-neumann,Johnny Neumann,Johnny Neumann,johnny-neumann,,pending
johnny-newman,Johnny Newman,Johnny Newman,johnny-newman,,pending
johnny-o-bryant,Johnny O'Bryant,Johnny O'Bryant,johnny-o-bryant,,pending
johnny-payak,Johnny Payak,Johnny Payak,johnny-payak,,pending
johnny-rogers,Johnny Rogers,Johnny Rogers,johnny-rogers,,pending
johnny-taylor,Johnny Taylor,Johnny Taylor,johnny-taylor,,pending
jon-barry,Jon Barry,Jon Barry,jon-barry,,pending
jon-brockman,Jon Brockman,Jon Brockman,jon-brockman,,pending
jon-koncak,Jon Koncak,Jon Koncak,jon-koncak,,pending
jon-leuer,Jon Leuer,Jon Leuer,jon-leuer,,pending
jon-mcglocklin,Jon McGlocklin,Jon McGlocklin,jon-mcglocklin,,pending
jon-sundvold,Jon Sundvold,Jon Sundvold,jon-sundvold,,pending
jon-teske,Jon Teske,Jon Teske,jon-teske,,pending
jonah-bolden,Jonah Bolden,Jonah Bolden,jonah-bolden,,pending
jonas-jerebko,Jonas Jerebko,Jonas Jerebko,jonas-jerebko,,pending
jonas-valan-i-nas,Jonas Valančiūnas,Jonas Valančiūnas,jonas-valan-i-nas,,pending
jonathan-bender,Jonathan Bender,Jonathan Bender,jonathan-bender,,pending
jonathan-gibson,Jonathan Gibson,Jonathan Gibson,jonathan-gibson,,pending
jonathan-isaac,Jonathan Isaac,Jonathan Isaac,jonathan-isaac,,pending
jonathan-kerner,Jonathan Kerner,Jonathan Kerner,jonathan-kerner,,pending
jonathan-kuminga,Jonathan Kuminga,Jonathan Kuminga,jonathan-kuminga,,pending
jonathan-mogbo,Jonathan Mogbo,Jonathan Mogbo,jonathan-mogbo,,pending
jonathon-simmons,Jonathon Simmons,Jonathon Simmons,jonathon-simmons,,pending
jonny-flynn,Jonny Flynn,Jonny Flynn,jonny-flynn,,pending
jontay-porter,Jontay Porter,Jontay Porter,jontay-porter,,pending
jordan-adams,Jordan Adams,Jordan Adams,jordan-adams,,pending
jordan-bell,Jordan Bell,Jordan Bell,jordan-bell,,pending
jordan-bone,Jordan Bone,Jordan Bone,jordan-bone,,pending
jordan-clarkson,Jordan Clarkson,Jordan Clarkson,jordan-clarkson,,pending
jordan-crawford,Jordan Crawford,Jordan Crawford,jordan-crawford,,pending
jordan-farmar,Jordan Farmar,Jordan Farmar,jordan-farmar,,pending
jordan-ford,Jordan Ford,Jordan Ford,jordan-ford,,pending
jordan-goodwin,Jordan Goodwin,Jordan Goodwin,jordan-goodwin,,pending
jordan-hall,Jordan Hall,Jordan Hall,jordan-hall,,pending
jordan-hamilton,Jordan Hamilton,Jordan Hamilton,jordan-hamilton,,pending
jordan-hawkins,Jordan Hawkins,Jordan Hawkins,jordan-hawkins,,pending
jordan-hill,Jordan Hill,Jordan Hill,jordan-hill,,pending
jordan-loyd,Jordan Loyd,Jordan Loyd,jordan-loyd,,pending
jordan-mclaughlin,Jordan McLaughlin,Jordan McLaughlin,jordan-mclaughlin,,pending
jordan-mcrae,Jordan McRae,Jordan McRae,jordan-mcrae,,pending
jordan-mickey,Jordan Mickey,Jordan Mickey,jordan-mickey,,pending
jordan-miller,Jordan Miller,Jordan Miller,jordan-miller,,pending
jordan-nwora,Jordan Nwora,Jordan Nwora,jordan-nwora,,pending
jordan-poole,Jordan Poole,Jordan Poole,jordan-poole,,pending
jordan-schakel,Jordan Schakel,Jordan Schakel,jordan-schakel,,pending
jordan-sibert,Jordan Sibert,Jordan Sibert,jordan-sibert,,pending
jordan-walsh,Jordan Walsh,Jordan Walsh,jordan-walsh,,pending
jordan-williams,Jordan Williams,Jordan Williams,jordan-williams,,pending
jorge-garbajosa,Jorge Garbajosa,Jorge Garbajosa,jorge-garbajosa,,pending
jorge-guti-rrez,Jorge Gutiérrez,Jorge Gutiérrez,jorge-guti-rrez,,pending
jose-alvarado,Jose Alvarado,Jose Alvarado,jose-alvarado,,pending
jose-slaughter,Jose Slaughter,Jose Slaughter,jose-slaughter,,pending
joseph-forte,Joseph Forte,Joseph Forte,joseph-forte,,pending
josh-akognon,Josh Akognon,Josh Akognon,josh-akognon,,pending
josh-boone,Josh Boone,Josh Boone,josh-boone,,pending
josh-childress,Josh Childress,Josh Childress,josh-childress,,pending
josh-christopher,Josh Christopher,Josh Christopher,josh-christopher,,pending
josh-davis,Josh Davis,Josh Davis,josh-davis,,pending
josh-giddey,Josh Giddey,Josh Giddey,josh-giddey,,pending
josh-grant,Josh Grant,Josh Grant,josh-grant,,pending
josh-gray,Josh Gray,Josh Gray,josh-gray,,pending
josh-green,Josh Green,Josh Green,josh-green,,pending
josh-hall,Josh Hall,Josh Hall,josh-hall,,pending
josh-harrellson,Josh Harrellson,Josh Harrellson,josh-harrellson,,pending
josh-hart,Josh Hart,Josh Hart,josh-hart,,pending
josh-howard,Josh Howard,Josh Howard,josh-howard,,pending
josh-huestis,Josh Huestis,Josh Huestis,josh-huestis,,pending
josh-jackson,Josh Jackson,Josh Jackson,josh-jackson,,pending
josh-magette,Josh Magette,Josh Magette,josh-magette,,pending
josh-mcroberts,Josh McRoberts,Josh McRoberts,josh-mcroberts,,pending
josh-minott,Josh Minott,Josh Minott,josh-minott,,pending
josh-oduro,Josh Oduro,Josh Oduro,josh-oduro,,pending
josh-okogie,Josh Okogie,Josh Okogie,josh-okogie,,pending
josh-powell,Josh Powell,Josh Powell,josh-powell,,pending
josh-reaves,Josh Reaves,Josh Reaves,josh-reaves,,pending
josh-richardson,Josh Richardson,Josh Richardson,josh-richardson,,pending
josh-selby,Josh Selby,Josh Selby,josh-selby,,pending
josh-smith,Josh Smith,Josh Smith,josh-smith,,pending
joshua-primo,Joshua Primo,Joshua Primo,joshua-primo,,pending
jos-calder-n,José Calderón,José Calderón,jos-calder-n,,pending
jos-ortiz,José Ortiz,José Ortiz,jos-ortiz,,pending
jo-o-vianna,João Vianna,João Vianna,jo-o-vianna,,pending
jrue-holiday,Jrue Holiday,Jrue Holiday,jrue-holiday,,pending
juan-carlos-navarro,Juan Carlos Navarro,Juan Carlos Navarro,juan-carlos-navarro,,pending
juan-dixon,Juan Dixon,Juan Dixon,juan-dixon,,pending
juan-toscano-anderson,Juan Toscano-Anderson,Juan Toscano-Anderson,juan-toscano-anderson,,pending
juancho-hernang-mez,Juancho Hernangómez,Juancho Hernangómez,juancho-hernang-mez,,pending
juaquin-hawkins,Juaquin Hawkins,Juaquin Hawkins,juaquin-hawkins,,pending
jud-buechler,Jud Buechler,Jud Buechler,jud-buechler,,pending
jules-bernard,Jules Bernard,Jules Bernard,jules-bernard,,pending
julian-champagnie,Julian Champagnie,Julian Champagnie,julian-champagnie,,pending
julian-phillips,Julian Phillips,Julian Phillips,julian-phillips,,pending
julian-reese,Julian Reese,Julian Reese,julian-reese,,pending
julian-strawther,Julian Strawther,Julian Strawther,julian-strawther,,pending
julian-washburn,Julian Washburn,Julian Washburn,julian-washburn,,pending
julian-wright,Julian Wright,Julian Wright,julian-wright,,pending
julius-erving,Julius Erving,Julius Erving,julius-erving,,pending
julius-erving,Julius Erving*,Julius Erving*,julius-erving,,pending
julius-hodge,Julius Hodge,Julius Hodge,julius-hodge,,pending
julius-nwosu,Julius Nwosu,Julius Nwosu,julius-nwosu,,pending
julius-randle,Julius Randle,Julius Randle,julius-randle,,pending
julyan-stone,Julyan Stone,Julyan Stone,julyan-stone,,pending
jumaine-jones,Jumaine Jones,Jumaine Jones,jumaine-jones,,pending
junior-bridgeman,Junior Bridgeman,Junior Bridgeman,junior-bridgeman,,pending
junior-burrough,Junior Burrough,Junior Burrough,junior-burrough,,pending
junior-harrington,Junior Harrington,Junior Harrington,junior-harrington,,pending
justin-anderson,Justin Anderson,Justin Anderson,justin-anderson,,pending
justin-champagnie,Justin Champagnie,Justin Champagnie,justin-champagnie,,pending
justin-dentmon,Justin Dentmon,Justin Dentmon,justin-dentmon,,pending
justin-edwards,Justin Edwards,Justin Edwards,justin-edwards,,pending
justin-hamilton,Justin Hamilton,Justin Hamilton,justin-hamilton,,pending
justin-harper,Justin Harper,Justin Harper,justin-harper,,pending
justin-holiday,Justin Holiday,Justin Holiday,justin-holiday,,pending
justin-jackson,Justin Jackson,Justin Jackson,justin-jackson,,pending
justin-james,Justin James,Justin James,justin-james,,pending
justin-minaya,Justin Minaya,Justin Minaya,justin-minaya,,pending
justin-patton,Justin Patton,Justin Patton,justin-patton,,pending
justin-reed,Justin Reed,Justin Reed,justin-reed,,pending
justin-robinson,Justin Robinson,Justin Robinson,justin-robinson,,pending
justin-williams,Justin Williams,Justin Williams,justin-williams,,pending
justin-wright-foreman,Justin Wright-Foreman,Justin Wright-Foreman,justin-wright-foreman,,pending
justise-winslow,Justise Winslow,Justise Winslow,justise-winslow,,pending
justus-thigpen,Justus Thigpen,Justus Thigpen,justus-thigpen,,pending
jusuf-nurki,Jusuf Nurkić,Jusuf Nurkić,jusuf-nurki,,pending
juwan-howard,Juwan Howard,Juwan Howard,juwan-howard,,pending
juwan-morgan,Juwan Morgan,Juwan Morgan,juwan-morgan,,pending
j-r-me-mo-so,Jérôme Moïso,Jérôme Moïso,j-r-me-mo-so,,pending
k-c-jones,K.C. Jones,K.C. Jones,k-c-jones,,pending
k-c-jones,K.C. Jones*,K.C. Jones*,k-c-jones,,pending
k-j-mcdaniels,K.J. McDaniels,K.J. McDaniels,k-j-mcdaniels,,pending
kj-martin,KJ Martin,KJ Martin,kj-martin,,pending
kj-simpson,KJ Simpson,KJ Simpson,kj-simpson,,pending
kz-okpala,KZ Okpala,KZ Okpala,kz-okpala,,pending
kadary-richmond,Kadary Richmond,Kadary Richmond,kadary-richmond,,pending
kadeem-allen,Kadeem Allen,Kadeem Allen,kadeem-allen,,pending
kai-jones,Kai Jones,Kai Jones,kai-jones,,pending
kaiser-gates,Kaiser Gates,Kaiser Gates,kaiser-gates,,pending
kalin-lucas,Kalin Lucas,Kalin Lucas,kalin-lucas,,pending
kam-jones,Kam Jones,Kam Jones,kam-jones,,pending
kaniel-dickens,Kaniel Dickens,Kaniel Dickens,kaniel-dickens,,pending
kannard-johnson,Kannard Johnson,Kannard Johnson,kannard-johnson,,pending
kareem-abdul-jabbar,Kareem Abdul-Jabbar,Kareem Abdul-Jabbar,kareem-abdul-jabbar,,pending
kareem-abdul-jabbar,Kareem Abdul-Jabbar*,Kareem Abdul-Jabbar*,kareem-abdul-jabbar,,pending
kareem-rush,Kareem Rush,Kareem Rush,kareem-rush,,pending
karim-man,Karim Mané,Karim Mané,karim-man,,pending
karl-malone,Karl Malone,Karl Malone,karl-malone,,pending
karl-malone,Karl Malone*,Karl Malone*,karl-malone,,pending
karl-anthony-towns,Karl-Anthony Towns,Karl-Anthony Towns,karl-anthony-towns,,pending
karlo-matkovi,Karlo Matković,Karlo Matković,karlo-matkovi,,pending
kasib-powell,Kasib Powell,Kasib Powell,kasib-powell,,pending
kasparas-jaku-ionis,Kasparas Jakučionis,Kasparas Jakučionis,kasparas-jaku-ionis,,pending
kawhi-leonard,Kawhi Leonard,Kawhi Leonard,kawhi-leonard,,pending
kay-felder,Kay Felder,Kay Felder,kay-felder,,pending
keaton-wallace,Keaton Wallace,Keaton Wallace,keaton-wallace,,pending
kebu-stewart,Kebu Stewart,Kebu Stewart,kebu-stewart,,pending
kedrick-brown,Kedrick Brown,Kedrick Brown,kedrick-brown,,pending
keegan-murray,Keegan Murray,Keegan Murray,keegan-murray,,pending
keifer-sykes,Keifer Sykes,Keifer Sykes,keifer-sykes,,pending
keion-brooks-jr,Keion Brooks Jr.,Keion Brooks Jr.,keion-brooks-jr,,pending
keita-bates-diop,Keita Bates-Diop,Keita Bates-Diop,keita-bates-diop,,pending
keith-appling,Keith Appling,Keith Appling,keith-appling,,pending
keith-askins,Keith Askins,Keith Askins,keith-askins,,pending
keith-benson,Keith Benson,Keith Benson,keith-benson,,pending
keith-bogans,Keith Bogans,Keith Bogans,keith-bogans,,pending
keith-booth,Keith Booth,Keith Booth,keith-booth,,pending
keith-closs,Keith Closs,Keith Closs,keith-closs,,pending
keith-edmonson,Keith Edmonson,Keith Edmonson,keith-edmonson,,pending
keith-erickson,Keith Erickson,Keith Erickson,keith-erickson,,pending
keith-herron,Keith Herron,Keith Herron,keith-herron,,pending
keith-jennings,Keith Jennings,Keith Jennings,keith-jennings,,pending
keith-langford,Keith Langford,Keith Langford,keith-langford,,pending
keith-lee,Keith Lee,Keith Lee,keith-lee,,pending
keith-mccord,Keith McCord,Keith McCord,keith-mccord,,pending
keith-mcleod,Keith McLeod,Keith McLeod,keith-mcleod,,pending
keith-owens,Keith Owens,Keith Owens,keith-owens,,pending
keith-smart,Keith Smart,Keith Smart,keith-smart,,pending
keith-smith,Keith Smith,Keith Smith,keith-smith,,pending
keith-starr,Keith Starr,Keith Starr,keith-starr,,pending
keith-tower,Keith Tower,Keith Tower,keith-tower,,pending
keith-van-horn,Keith Van Horn,Keith Van Horn,keith-van-horn,,pending
kel-el-ware,Kel'el Ware,Kel'el Ware,kel-el-ware,,pending
kelan-martin,Kelan Martin,Kelan Martin,kelan-martin,,pending
keldon-johnson,Keldon Johnson,Keldon Johnson,keldon-johnson,,pending
kelenna-azubuike,Kelenna Azubuike,Kelenna Azubuike,kelenna-azubuike,,pending
keljin-blevins,Keljin Blevins,Keljin Blevins,keljin-blevins,,pending
kelly-mccarty,Kelly McCarty,Kelly McCarty,kelly-mccarty,,pending
kelly-olynyk,Kelly Olynyk,Kelly Olynyk,kelly-olynyk,,pending
kelly-oubre-jr,Kelly Oubre Jr.,Kelly Oubre Jr.,kelly-oubre-jr,,pending
kelly-tripucka,Kelly Tripucka,Kelly Tripucka,kelly-tripucka,,pending
kelvin-cato,Kelvin Cato,Kelvin Cato,kelvin-cato,,pending
kelvin-ransey,Kelvin Ransey,Kelvin Ransey,kelvin-ransey,,pending
kelvin-upshaw,Kelvin Upshaw,Kelvin Upshaw,kelvin-upshaw,,pending
kemba-walker,Kemba Walker,Kemba Walker,kemba-walker,,pending
ken-austin,Ken Austin,Ken Austin,ken-austin,,pending
ken-bannister,Ken Bannister,Ken Bannister,ken-bannister,,pending
ken-boyd,Ken Boyd,Ken Boyd,ken-boyd,,pending
ken-charles,Ken Charles,Ken Charles,ken-charles,,pending
ken-durrett,Ken Durrett,Ken Durrett,ken-durrett,,pending
ken-green,Ken Green,Ken Green,ken-green,,pending
ken-johnson,Ken Johnson,Ken Johnson,ken-johnson,,pending
ken-mayfield,Ken Mayfield,Ken Mayfield,ken-mayfield,,pending
ken-mcbride,Ken McBride,Ken McBride,ken-mcbride,,pending
ken-murray,Ken Murray,Ken Murray,ken-murray,,pending
ken-norman,Ken Norman,Ken Norman,ken-norman,,pending
ken-rohloff,Ken Rohloff,Ken Rohloff,ken-rohloff,,pending
ken-wilburn,Ken Wilburn,Ken Wilburn,ken-wilburn,,pending
kendall-brown,Kendall Brown,Kendall Brown,kendall-brown,,pending
kendall-gill,Kendall Gill,Kendall Gill,kendall-gill,,pending
kendall-marshall,Kendall Marshall,Kendall Marshall,kendall-marshall,,pending
kendrick-nunn,Kendrick Nunn,Kendrick Nunn,kendrick-nunn,,pending
kendrick-perkins,Kendrick Perkins,Kendrick Perkins,kendrick-perkins,,pending
kennard-winchester,Kennard Winchester,Kennard Winchester,kennard-winchester,,pending
kennedy-chandler,Kennedy Chandler,Kennedy Chandler,kennedy-chandler,,pending
kenneth-faried,Kenneth Faried,Kenneth Faried,kenneth-faried,,pending
kenneth-lofton-jr,Kenneth Lofton Jr.,Kenneth Lofton Jr.,kenneth-lofton-jr,,pending
kenny-anderson,Kenny Anderson,Kenny Anderson,kenny-anderson,,pending
kenny-battle,Kenny Battle,Kenny Battle,kenny-battle,,pending
kenny-carr,Kenny Carr,Kenny Carr,kenny-carr,,pending
kenny-dennard,Kenny Dennard,Kenny Dennard,kenny-dennard,,pending
kenny-fields,Kenny Fields,Kenny Fields,kenny-fields,,pending
kenny-gattison,Kenny Gattison,Kenny Gattison,kenny-gattison,,pending
kenny-green,Kenny Green,Kenny Green,kenny-green,,pending
kenny-higgs,Kenny Higgs,Kenny Higgs,kenny-higgs,,pending
kenny-mcintosh,Kenny McIntosh,Kenny McIntosh,kenny-mcintosh,,pending
kenny-natt,Kenny Natt,Kenny Natt,kenny-natt,,pending
kenny-payne,Kenny Payne,Kenny Payne,kenny-payne,,pending
kenny-rollins,Kenny Rollins,Kenny Rollins,kenny-rollins,,pending
kenny-satterfield,Kenny Satterfield,Kenny Satterfield,kenny-satterfield,,pending
kenny-sears,Kenny Sears,Kenny Sears,kenny-sears,,pending
kenny-smith,Kenny Smith,Kenny Smith,kenny-smith,,pending
kenny-thomas,Kenny Thomas,Kenny Thomas,kenny-thomas,,pending
kenny-walker,Kenny Walker,Kenny Walker,kenny-walker,,pending
kenny-williams,Kenny Williams,Kenny Williams,kenny-williams,,pending
kenrich-williams,Kenrich Williams,Kenrich Williams,kenrich-williams,,pending
kent-bazemore,Kent Bazemore,Kent Bazemore,kent-bazemore,,pending
kent-benson,Kent Benson,Kent Benson,kent-benson,,pending
kentavious-caldwell-pope,Kentavious Caldwell-Pope,Kentavious Caldwell-Pope,kentavious-caldwell-pope,,pending
kenton-edelin,Kenton Edelin,Kenton Edelin,kenton-edelin,,pending
kenyon-martin,Kenyon Martin,Kenyon Martin,kenyon-martin,,pending
keon-clark,Keon Clark,Keon Clark,keon-clark,,pending
keon-ellis,Keon Ellis,Keon Ellis,keon-ellis,,pending
keon-johnson,Keon Johnson,Keon Johnson,keon-johnson,,pending
kermit-washington,Kermit Washington,Kermit Washington,kermit-washington,,pending
kerry-kittles,Kerry Kittles,Kerry Kittles,kerry-kittles,,pending
keshad-johnson,Keshad Johnson,Keshad Johnson,keshad-johnson,,pending
keshon-gilbert,Keshon Gilbert,Keshon Gilbert,keshon-gilbert,,pending
kessler-edwards,Kessler Edwards,Kessler Edwards,kessler-edwards,,pending
kevin-brooks,Kevin Brooks,Kevin Brooks,kevin-brooks,,pending
kevin-burleson,Kevin Burleson,Kevin Burleson,kevin-burleson,,pending
kevin-duckworth,Kevin Duckworth,Kevin Duckworth,kevin-duckworth,,pending
kevin-durant,Kevin Durant,Kevin Durant,kevin-durant,,pending
kevin-edwards,Kevin Edwards,Kevin Edwards,kevin-edwards,,pending
kevin-gamble,Kevin Gamble,Kevin Gamble,kevin-gamble,,pending
kevin-garnett,Kevin Garnett,Kevin Garnett,kevin-garnett,,pending
kevin-garnett,Kevin Garnett*,Kevin Garnett*,kevin-garnett,,pending
kevin-grevey,Kevin Grevey,Kevin Grevey,kevin-grevey,,pending
kevin-henderson,Kevin Henderson,Kevin Henderson,kevin-henderson,,pending
kevin-hervey,Kevin Hervey,Kevin Hervey,kevin-hervey,,pending
kevin-huerter,Kevin Huerter,Kevin Huerter,kevin-huerter,,pending
kevin-johnson,Kevin Johnson,Kevin Johnson,kevin-johnson,,pending
kevin-jones,Kevin Jones,Kevin Jones,kevin-jones,,pending
kevin-knox,Kevin Knox,Kevin Knox,kevin-knox,,pending
kevin-kunnert,Kevin Kunnert,Kevin Kunnert,kevin-kunnert,,pending
kevin-loder,Kevin Loder,Kevin Loder,kevin-loder,,pending
kevin-loughery,Kevin Loughery,Kevin Loughery,kevin-loughery,,pending
kevin-love,Kevin Love,Kevin Love,kevin-love,,pending
kevin-lynch,Kevin Lynch,Kevin Lynch,kevin-lynch,,pending
kevin-martin,Kevin Martin,Kevin Martin,kevin-martin,,pending
kevin-mccullar-jr,Kevin McCullar Jr.,Kevin McCullar Jr.,kevin-mccullar-jr,,pending
kevin-mchale,Kevin McHale,Kevin McHale,kevin-mchale,,pending
kevin-mchale,Kevin McHale*,Kevin McHale*,kevin-mchale,,pending
kevin-mckenna,Kevin McKenna,Kevin McKenna,kevin-mckenna,,pending
kevin-murphy,Kevin Murphy,Kevin Murphy,kevin-murphy,,pending
kevin-o-shea,Kevin O'Shea,Kevin O'Shea,kevin-o-shea,,pending
kevin-ollie,Kevin Ollie,Kevin Ollie,kevin-ollie,,pending
kevin-pangos,Kevin Pangos,Kevin Pangos,kevin-pangos,,pending
kevin-porter,Kevin Porter,Kevin Porter,kevin-porter,,pending
kevin-porter-jr,Kevin Porter Jr.,Kevin Porter Jr.,kevin-porter-jr,,pending
kevin-pritchard,Kevin Pritchard,Kevin Pritchard,kevin-pritchard,,pending
kevin-restani,Kevin Restani,Kevin Restani,kevin-restani,,pending
kevin-salvadori,Kevin Salvadori,Kevin Salvadori,kevin-salvadori,,pending
kevin-stacom,Kevin Stacom,Kevin Stacom,kevin-stacom,,pending
kevin-s-raphin,Kevin Séraphin,Kevin Séraphin,kevin-s-raphin,,pending
kevin-thompson,Kevin Thompson,Kevin Thompson,kevin-thompson,,pending
kevin-williams,Kevin Williams,Kevin Williams,kevin-williams,,pending
kevin-willis,Kevin Willis,Kevin Willis,kevin-willis,,pending
kevinn-pinkney,Kevinn Pinkney,Kevinn Pinkney,kevinn-pinkney,,pending
kevon-harris,Kevon Harris,Kevon Harris,kevon-harris,,pending
kevon-looney,Kevon Looney,Kevon Looney,kevon-looney,,pending
keyon-dooling,Keyon Dooling,Keyon Dooling,keyon-dooling,,pending
keyontae-johnson,Keyontae Johnson,Keyontae Johnson,keyontae-johnson,,pending
keyonte-george,Keyonte George,Keyonte George,keyonte-george,,pending
khalid-el-amin,Khalid El-Amin,Khalid El-Amin,khalid-el-amin,,pending
khalid-reeves,Khalid Reeves,Khalid Reeves,khalid-reeves,,pending
khaman-maluach,Khaman Maluach,Khaman Maluach,khaman-maluach,,pending
khem-birch,Khem Birch,Khem Birch,khem-birch,,pending
khris-middleton,Khris Middleton,Khris Middleton,khris-middleton,,pending
khyri-thomas,Khyri Thomas,Khyri Thomas,khyri-thomas,,pending
kiki-vandeweghe,Kiki Vandeweghe,Kiki Vandeweghe,kiki-vandeweghe,,pending
killian-hayes,Killian Hayes,Killian Hayes,killian-hayes,,pending
killian-tillie,Killian Tillie,Killian Tillie,killian-tillie,,pending
kim-anderson,Kim Anderson,Kim Anderson,kim-anderson,,pending
kim-english,Kim English,Kim English,kim-english,,pending
kim-hughes,Kim Hughes,Kim Hughes,kim-hughes,,pending
kira-lewis-jr,Kira Lewis Jr.,Kira Lewis Jr.,kira-lewis-jr,,pending
kirk-haston,Kirk Haston,Kirk Haston,kirk-haston,,pending
kirk-hinrich,Kirk Hinrich,Kirk Hinrich,kirk-hinrich,,pending
kirk-penney,Kirk Penney,Kirk Penney,kirk-penney,,pending
kirk-snyder,Kirk Snyder,Kirk Snyder,kirk-snyder,,pending
kiwane-lemorris-garris,Kiwane Lemorris Garris,Kiwane Lemorris Garris,kiwane-lemorris-garris,,pending
klay-thompson,Klay Thompson,Klay Thompson,klay-thompson,,pending
kleggie-hermsen,Kleggie Hermsen,Kleggie Hermsen,kleggie-hermsen,,pending
kobe-brown,Kobe Brown,Kobe Brown,kobe-brown,,pending
kobe-bryant,Kobe Bryant,Kobe Bryant,kobe-bryant,,pending
kobe-bryant,Kobe Bryant*,Kobe Bryant*,kobe-bryant,,pending
kobe-bufkin,Kobe Bufkin,Kobe Bufkin,kobe-bufkin,,pending
kobe-sanders,Kobe Sanders,Kobe Sanders,kobe-sanders,,pending
kobi-simmons,Kobi Simmons,Kobi Simmons,kobi-simmons,,pending
koby-brea,Koby Brea,Koby Brea,koby-brea,,pending
kon-knueppel,Kon Knueppel,Kon Knueppel,kon-knueppel,,pending
korleone-young,Korleone Young,Korleone Young,korleone-young,,pending
korn-l-d-vid,Kornél Dávid,Kornél Dávid,korn-l-d-vid,,pending
kosta-koufos,Kosta Koufos,Kosta Koufos,kosta-koufos,,pending
kosta-perovi,Kosta Perović,Kosta Perović,kosta-perovi,,pending
kostas-antetokounmpo,Kostas Antetokounmpo,Kostas Antetokounmpo,kostas-antetokounmpo,,pending
kostas-papanikolaou,Kostas Papanikolaou,Kostas Papanikolaou,kostas-papanikolaou,,pending
kris-dunn,Kris Dunn,Kris Dunn,kris-dunn,,pending
kris-humphries,Kris Humphries,Kris Humphries,kris-humphries,,pending
kris-joseph,Kris Joseph,Kris Joseph,kris-joseph,,pending
kris-murray,Kris Murray,Kris Murray,kris-murray,,pending
kristaps-porzi-is,Kristaps Porziņģis,Kristaps Porziņģis,kristaps-porzi-is,,pending
kurk-lee,Kurk Lee,Kurk Lee,kurk-lee,,pending
kurt-nimphius,Kurt Nimphius,Kurt Nimphius,kurt-nimphius,,pending
kurt-rambis,Kurt Rambis,Kurt Rambis,kurt-rambis,,pending
kurt-thomas,Kurt Thomas,Kurt Thomas,kurt-thomas,,pending
kwame-brown,Kwame Brown,Kwame Brown,kwame-brown,,pending
ky-bowman,Ky Bowman,Ky Bowman,ky-bowman,,pending
kyle-alexander,Kyle Alexander,Kyle Alexander,kyle-alexander,,pending
kyle-anderson,Kyle Anderson,Kyle Anderson,kyle-anderson,,pending
kyle-collinsworth,Kyle Collinsworth,Kyle Collinsworth,kyle-collinsworth,,pending
kyle-filipowski,Kyle Filipowski,Kyle Filipowski,kyle-filipowski,,pending
kyle-guy,Kyle Guy,Kyle Guy,kyle-guy,,pending
kyle-korver,Kyle Korver,Kyle Korver,kyle-korver,,pending
kyle-kuzma,Kyle Kuzma,Kyle Kuzma,kyle-kuzma,,pending
kyle-lowry,Kyle Lowry,Kyle Lowry,kyle-lowry,,pending
kyle-macy,Kyle Macy,Kyle Macy,kyle-macy,,pending
kyle-o-quinn,Kyle O'Quinn,Kyle O'Quinn,kyle-o-quinn,,pending
kyle-singler,Kyle Singler,Kyle Singler,kyle-singler,,pending
kyle-weaver,Kyle Weaver,Kyle Weaver,kyle-weaver,,pending
kyle-wiltjer,Kyle Wiltjer,Kyle Wiltjer,kyle-wiltjer,,pending
kylor-kelley,Kylor Kelley,Kylor Kelley,kylor-kelley,,pending
kyrie-irving,Kyrie Irving,Kyrie Irving,kyrie-irving,,pending
kyrylo-fesenko,Kyrylo Fesenko,Kyrylo Fesenko,kyrylo-fesenko,,pending
kyshawn-george,Kyshawn George,Kyshawn George,kyshawn-george,,pending
lj-cryer,LJ Cryer,LJ Cryer,lj-cryer,,pending
labradford-smith,LaBradford Smith,LaBradford Smith,labradford-smith,,pending
lamarcus-aldridge,LaMarcus Aldridge,LaMarcus Aldridge,lamarcus-aldridge,,pending
lamelo-ball,LaMelo Ball,LaMelo Ball,lamelo-ball,,pending
laphonso-ellis,LaPhonso Ellis,LaPhonso Ellis,laphonso-ellis,,pending
larue-martin,LaRue Martin,LaRue Martin,larue-martin,,pending
lasalle-thompson,LaSalle Thompson,LaSalle Thompson,lasalle-thompson,,pending
lachlan-olbrich,Lachlan Olbrich,Lachlan Olbrich,lachlan-olbrich,,pending
lamar-green,Lamar Green,Lamar Green,lamar-green,,pending
lamar-odom,Lamar Odom,Lamar Odom,lamar-odom,,pending
lamar-patterson,Lamar Patterson,Lamar Patterson,lamar-patterson,,pending
lamar-stevens,Lamar Stevens,Lamar Stevens,lamar-stevens,,pending
lamond-murray,Lamond Murray,Lamond Murray,lamond-murray,,pending
lamont-strothers,Lamont Strothers,Lamont Strothers,lamont-strothers,,pending
lanard-copeland,Lanard Copeland,Lanard Copeland,lanard-copeland,,pending
lancaster-gordon,Lancaster Gordon,Lancaster Gordon,lancaster-gordon,,pending
lance-allred,Lance Allred,Lance Allred,lance-allred,,pending
lance-blanks,Lance Blanks,Lance Blanks,lance-blanks,,pending
lance-stephenson,Lance Stephenson,Lance Stephenson,lance-stephenson,,pending
lance-thomas,Lance Thomas,Lance Thomas,lance-thomas,,pending
landry-fields,Landry Fields,Landry Fields,landry-fields,,pending
landry-shamet,Landry Shamet,Landry Shamet,landry-shamet,,pending
langston-galloway,Langston Galloway,Langston Galloway,langston-galloway,,pending
lari-ketner,Lari Ketner,Lari Ketner,lari-ketner,,pending
laron-profit,Laron Profit,Laron Profit,laron-profit,,pending
larry-bird,Larry Bird,Larry Bird,larry-bird,,pending
larry-bird,Larry Bird*,Larry Bird*,larry-bird,,pending
larry-cannon,Larry Cannon,Larry Cannon,larry-cannon,,pending
larry-comley,Larry Comley,Larry Comley,larry-comley,,pending
larry-costello,Larry Costello,Larry Costello,larry-costello,,pending
larry-costello,Larry Costello*,Larry Costello*,larry-costello,,pending
larry-demic,Larry Demic,Larry Demic,larry-demic,,pending
larry-drew,Larry Drew,Larry Drew,larry-drew,,pending
larry-drew-ii,Larry Drew II,Larry Drew II,larry-drew-ii,,pending
larry-fogle,Larry Fogle,Larry Fogle,larry-fogle,,pending
larry-foust,Larry Foust,Larry Foust,larry-foust,,pending
larry-friend,Larry Friend,Larry Friend,larry-friend,,pending
larry-hennessy,Larry Hennessy,Larry Hennessy,larry-hennessy,,pending
larry-hughes,Larry Hughes,Larry Hughes,larry-hughes,,pending
larry-johnson,Larry Johnson,Larry Johnson,larry-johnson,,pending
larry-jones,Larry Jones,Larry Jones,larry-jones,,pending
larry-kenon,Larry Kenon,Larry Kenon,larry-kenon,,pending
larry-krystkowiak,Larry Krystkowiak,Larry Krystkowiak,larry-krystkowiak,,pending
larry-mcneill,Larry McNeill,Larry McNeill,larry-mcneill,,pending
larry-micheaux,Larry Micheaux,Larry Micheaux,larry-micheaux,,pending
larry-mikan,Larry Mikan,Larry Mikan,larry-mikan,,pending
larry-moffett,Larry Moffett,Larry Moffett,larry-moffett,,pending
larry-nance,Larry Nance,Larry Nance,larry-nance,,pending
larry-nance-jr,Larry Nance Jr.,Larry Nance Jr.,larry-nance-jr,,pending
larry-owens,Larry Owens,Larry Owens,larry-owens,,pending
larry-robinson,Larry Robinson,Larry Robinson,larry-robinson,,pending
larry-sanders,Larry Sanders,Larry Sanders,larry-sanders,,pending
larry-siegfried,Larry Siegfried,Larry Siegfried,larry-siegfried,,pending
larry-smith,Larry Smith,Larry Smith,larry-smith,,pending
larry-spriggs,Larry Spriggs,Larry Spriggs,larry-spriggs,,pending
larry-staverman,Larry Staverman,Larry Staverman,larry-staverman,,pending
larry-steele,Larry Steele,Larry Steele,larry-steele,,pending
larry-stewart,Larry Stewart,Larry Stewart,larry-stewart,,pending
larry-sykes,Larry Sykes,Larry Sykes,larry-sykes,,pending
larry-wright,Larry Wright,Larry Wright,larry-wright,,pending
lars-hansen,Lars Hansen,Lars Hansen,lars-hansen,,pending
latrell-sprewell,Latrell Sprewell,Latrell Sprewell,latrell-sprewell,,pending
lauri-markkanen,Lauri Markkanen,Lauri Markkanen,lauri-markkanen,,pending
lavor-postell,Lavor Postell,Lavor Postell,lavor-postell,,pending
lavoy-allen,Lavoy Allen,Lavoy Allen,lavoy-allen,,pending
lawrence-boston,Lawrence Boston,Lawrence Boston,lawrence-boston,,pending
lawrence-funderburke,Lawrence Funderburke,Lawrence Funderburke,lawrence-funderburke,,pending
lawrence-moten,Lawrence Moten,Lawrence Moten,lawrence-moten,,pending
lawrence-roberts,Lawrence Roberts,Lawrence Roberts,lawrence-roberts,,pending
lawson-lovering,Lawson Lovering,Lawson Lovering,lawson-lovering,,pending
lazar-hayward,Lazar Hayward,Lazar Hayward,lazar-hayward,,pending
lazaro-borrell,Lazaro Borrell,Lazaro Borrell,lazaro-borrell,,pending
lebron-james,LeBron James,LeBron James,lebron-james,,pending
leron-ellis,LeRon Ellis,LeRon Ellis,leron-ellis,,pending
leaky-black,Leaky Black,Leaky Black,leaky-black,,pending
leandro-barbosa,Leandro Barbosa,Leandro Barbosa,leandro-barbosa,,pending
leandro-bolmaro,Leandro Bolmaro,Leandro Bolmaro,leandro-bolmaro,,pending
ledell-eackles,Ledell Eackles,Ledell Eackles,ledell-eackles,,pending
lee-johnson,Lee Johnson,Lee Johnson,lee-johnson,,pending
lee-mayberry,Lee Mayberry,Lee Mayberry,lee-mayberry,,pending
lee-nailon,Lee Nailon,Lee Nailon,lee-nailon,,pending
lee-shaffer,Lee Shaffer,Lee Shaffer,lee-shaffer,,pending
lee-winfield,Lee Winfield,Lee Winfield,lee-winfield,,pending
len-chappell,Len Chappell,Len Chappell,len-chappell,,pending
len-elmore,Len Elmore,Len Elmore,len-elmore,,pending
len-kosmalski,Len Kosmalski,Len Kosmalski,len-kosmalski,,pending
lennie-rosenbluth,Lennie Rosenbluth,Lennie Rosenbluth,lennie-rosenbluth,,pending
lenny-wilkens,Lenny Wilkens,Lenny Wilkens,lenny-wilkens,,pending
lenny-wilkens,Lenny Wilkens*,Lenny Wilkens*,lenny-wilkens,,pending
leo-barnhorst,Leo Barnhorst,Leo Barnhorst,leo-barnhorst,,pending
leo-rautins,Leo Rautins,Leo Rautins,leo-rautins,,pending
leon-benbow,Leon Benbow,Leon Benbow,leon-benbow,,pending
leon-douglas,Leon Douglas,Leon Douglas,leon-douglas,,pending
leon-powe,Leon Powe,Leon Powe,leon-powe,,pending
leon-smith,Leon Smith,Leon Smith,leon-smith,,pending
leon-wood,Leon Wood,Leon Wood,leon-wood,,pending
leonard-gray,Leonard Gray,Leonard Gray,leonard-gray,,pending
leonard-miller,Leonard Miller,Leonard Miller,leonard-miller,,pending
leonard-taylor,Leonard Taylor,Leonard Taylor,leonard-taylor,,pending
leroy-combs,Leroy Combs,Leroy Combs,leroy-combs,,pending
leroy-ellis,Leroy Ellis,Leroy Ellis,leroy-ellis,,pending
les-hunter,Les Hunter,Les Hunter,les-hunter,,pending
les-jepsen,Les Jepsen,Les Jepsen,les-jepsen,,pending
lester-conner,Lester Conner,Lester Conner,lester-conner,,pending
lester-hudson,Lester Hudson,Lester Hudson,lester-hudson,,pending
lester-qui-ones,Lester Quiñones,Lester Quiñones,lester-qui-ones,,pending
levi-fontaine,Levi Fontaine,Levi Fontaine,levi-fontaine,,pending
lew-hitch,Lew Hitch,Lew Hitch,lew-hitch,,pending
lewis-brown,Lewis Brown,Lewis Brown,lewis-brown,,pending
lewis-lloyd,Lewis Lloyd,Lewis Lloyd,lewis-lloyd,,pending
liam-mcneeley,Liam McNeeley,Liam McNeeley,liam-mcneeley,,pending
liam-robbins,Liam Robbins,Liam Robbins,liam-robbins,,pending
linas-kleiza,Linas Kleiza,Linas Kleiza,linas-kleiza,,pending
lindell-wigginton,Lindell Wigginton,Lindell Wigginton,lindell-wigginton,,pending
lindsay-hairston,Lindsay Hairston,Lindsay Hairston,lindsay-hairston,,pending
lindsey-hunter,Lindsey Hunter,Lindsey Hunter,lindsey-hunter,,pending
lindy-waters-iii,Lindy Waters III,Lindy Waters III,lindy-waters-iii,,pending
linton-johnson,Linton Johnson,Linton Johnson,linton-johnson,,pending
linton-townes,Linton Townes,Linton Townes,linton-townes,,pending
lionel-chalmers,Lionel Chalmers,Lionel Chalmers,lionel-chalmers,,pending
lionel-hollins,Lionel Hollins,Lionel Hollins,lionel-hollins,,pending
lionel-simmons,Lionel Simmons,Lionel Simmons,lionel-simmons,,pending
litterial-green,Litterial Green,Litterial Green,litterial-green,,pending
lloyd-daniels,Lloyd Daniels,Lloyd Daniels,lloyd-daniels,,pending
lloyd-neal,Lloyd Neal,Lloyd Neal,lloyd-neal,,pending
lloyd-walton,Lloyd Walton,Lloyd Walton,lloyd-walton,,pending
logan-vander-velden,Logan Vander Velden,Logan Vander Velden,logan-vander-velden,,pending
london-perrantes,London Perrantes,London Perrantes,london-perrantes,,pending
lonnie-shelton,Lonnie Shelton,Lonnie Shelton,lonnie-shelton,,pending
lonnie-walker-iv,Lonnie Walker IV,Lonnie Walker IV,lonnie-walker-iv,,pending
lonny-baxter,Lonny Baxter,Lonny Baxter,lonny-baxter,,pending
lonzo-ball,Lonzo Ball,Lonzo Ball,lonzo-ball,,pending
loren-meyer,Loren Meyer,Loren Meyer,loren-meyer,,pending
loren-woods,Loren Woods,Loren Woods,loren-woods,,pending
lorenzen-wright,Lorenzen Wright,Lorenzen Wright,lorenzen-wright,,pending
lorenzo-brown,Lorenzo Brown,Lorenzo Brown,lorenzo-brown,,pending
lorenzo-charles,Lorenzo Charles,Lorenzo Charles,lorenzo-charles,,pending
lorenzo-romar,Lorenzo Romar,Lorenzo Romar,lorenzo-romar,,pending
lorenzo-williams,Lorenzo Williams,Lorenzo Williams,lorenzo-williams,,pending
lou-amundson,Lou Amundson,Lou Amundson,lou-amundson,,pending
lou-hudson,Lou Hudson,Lou Hudson,lou-hudson,,pending
lou-hudson,Lou Hudson*,Lou Hudson*,lou-hudson,,pending
lou-roe,Lou Roe,Lou Roe,lou-roe,,pending
lou-tsioropoulos,Lou Tsioropoulos,Lou Tsioropoulos,lou-tsioropoulos,,pending
lou-williams,Lou Williams,Lou Williams,lou-williams,,pending
louie-dampier,Louie Dampier,Louie Dampier,louie-dampier,,pending
louie-dampier,Louie Dampier*,Louie Dampier*,louie-dampier,,pending
louie-nelson,Louie Nelson,Louie Nelson,louie-nelson,,pending
louis-king,Louis King,Louis King,louis-king,,pending
louis-orr,Louis Orr,Louis Orr,louis-orr,,pending
lowes-moore,Lowes Moore,Lowes Moore,lowes-moore,,pending
loy-petersen,Loy Petersen,Loy Petersen,loy-petersen,,pending
loy-vaught,Loy Vaught,Loy Vaught,loy-vaught,,pending
luc-longley,Luc Longley,Luc Longley,luc-longley,,pending
luc-mbah-a-moute,Luc Mbah a Moute,Luc Mbah a Moute,luc-mbah-a-moute,,pending
luca-vildoza,Luca Vildoza,Luca Vildoza,luca-vildoza,,pending
lucas-nogueira,Lucas Nogueira,Lucas Nogueira,lucas-nogueira,,pending
lucas-williamson,Lucas Williamson,Lucas Williamson,lucas-williamson,,pending
lucious-harris,Lucious Harris,Lucious Harris,lucious-harris,,pending
lucius-allen,Lucius Allen,Lucius Allen,lucius-allen,,pending
luguentz-dort,Luguentz Dort,Luguentz Dort,luguentz-dort,,pending
luis-flores,Luis Flores,Luis Flores,luis-flores,,pending
luis-montero,Luis Montero,Luis Montero,luis-montero,,pending
luis-scola,Luis Scola,Luis Scola,luis-scola,,pending
luka-don-i,Luka Dončić,Luka Dončić,luka-don-i,,pending
luka-garza,Luka Garza,Luka Garza,luka-garza,,pending
luka-amani,Luka Šamanić,Luka Šamanić,luka-amani,,pending
luke-babbitt,Luke Babbitt,Luke Babbitt,luke-babbitt,,pending
luke-harangody,Luke Harangody,Luke Harangody,luke-harangody,,pending
luke-jackson,Luke Jackson,Luke Jackson,luke-jackson,,pending
luke-kennard,Luke Kennard,Luke Kennard,luke-kennard,,pending
luke-kornet,Luke Kornet,Luke Kornet,luke-kornet,,pending
luke-ridnour,Luke Ridnour,Luke Ridnour,luke-ridnour,,pending
luke-schenscher,Luke Schenscher,Luke Schenscher,luke-schenscher,,pending
luke-travers,Luke Travers,Luke Travers,luke-travers,,pending
luke-walton,Luke Walton,Luke Walton,luke-walton,,pending
luke-witte,Luke Witte,Luke Witte,luke-witte,,pending
luke-zeller,Luke Zeller,Luke Zeller,luke-zeller,,pending
luol-deng,Luol Deng,Luol Deng,luol-deng,,pending
luther-green,Luther Green,Luther Green,luther-green,,pending
luther-head,Luther Head,Luther Head,luther-head,,pending
luther-rackley,Luther Rackley,Luther Rackley,luther-rackley,,pending
luther-wright,Luther Wright,Luther Wright,luther-wright,,pending
lynn-greer,Lynn Greer,Lynn Greer,lynn-greer,,pending
m-j-walker,M.J. Walker,M.J. Walker,m-j-walker,,pending
m-l-carr,M.L. Carr,M.L. Carr,m-l-carr,,pending
maalik-wayns,Maalik Wayns,Maalik Wayns,maalik-wayns,,pending
mac-mcclung,Mac McClung,Mac McClung,mac-mcclung,,pending
maceo-baston,Maceo Baston,Maceo Baston,maceo-baston,,pending
maciej-lampe,Maciej Lampe,Maciej Lampe,maciej-lampe,,pending
mack-calvin,Mack Calvin,Mack Calvin,mack-calvin,,pending
magic-johnson,Magic Johnson,Magic Johnson,magic-johnson,,pending
magic-johnson,Magic Johnson*,Magic Johnson*,magic-johnson,,pending
mahmoud-abdul-rauf,Mahmoud Abdul-Rauf,Mahmoud Abdul-Rauf,mahmoud-abdul-rauf,,pending
major-jones,Major Jones,Major Jones,major-jones,,pending
makhtar-n-diaye,Makhtar N'Diaye,Makhtar N'Diaye,makhtar-n-diaye,,pending
mal-graham,Mal Graham,Mal Graham,mal-graham,,pending
malachi-flynn,Malachi Flynn,Malachi Flynn,malachi-flynn,,pending
malachi-richardson,Malachi Richardson,Malachi Richardson,malachi-richardson,,pending
malachi-smith,Malachi Smith,Malachi Smith,malachi-smith,,pending
malaki-branham,Malaki Branham,Malaki Branham,malaki-branham,,pending
malcolm-brogdon,Malcolm Brogdon,Malcolm Brogdon,malcolm-brogdon,,pending
malcolm-cazalon,Malcolm Cazalon,Malcolm Cazalon,malcolm-cazalon,,pending
malcolm-delaney,Malcolm Delaney,Malcolm Delaney,malcolm-delaney,,pending
malcolm-hill,Malcolm Hill,Malcolm Hill,malcolm-hill,,pending
malcolm-lee,Malcolm Lee,Malcolm Lee,malcolm-lee,,pending
malcolm-mackey,Malcolm Mackey,Malcolm Mackey,malcolm-mackey,,pending
malcolm-miller,Malcolm Miller,Malcolm Miller,malcolm-miller,,pending
malcolm-thomas,Malcolm Thomas,Malcolm Thomas,malcolm-thomas,,pending
malevy-leons,Malevy Leons,Malevy Leons,malevy-leons,,pending
malik-allen,Malik Allen,Malik Allen,malik-allen,,pending
malik-beasley,Malik Beasley,Malik Beasley,malik-beasley,,pending
malik-fitts,Malik Fitts,Malik Fitts,malik-fitts,,pending
malik-hairston,Malik Hairston,Malik Hairston,malik-hairston,,pending
malik-monk,Malik Monk,Malik Monk,malik-monk,,pending
malik-newman,Malik Newman,Malik Newman,malik-newman,,pending
malik-rose,Malik Rose,Malik Rose,malik-rose,,pending
malik-sealy,Malik Sealy,Malik Sealy,malik-sealy,,pending
malik-williams,Malik Williams,Malik Williams,malik-williams,,pending
mamadi-diakite,Mamadi Diakite,Mamadi Diakite,mamadi-diakite,,pending
mamadou-n-diaye,Mamadou N'Diaye,Mamadou N'Diaye,mamadou-n-diaye,,pending
mangok-mathiang,Mangok Mathiang,Mangok Mathiang,mangok-mathiang,,pending
manny-harris,Manny Harris,Manny Harris,manny-harris,,pending
manny-leaks,Manny Leaks,Manny Leaks,manny-leaks,,pending
manu-gin-bili,Manu Ginóbili,Manu Ginóbili,manu-gin-bili,,pending
manu-gin-bili,Manu Ginóbili*,Manu Ginóbili*,manu-gin-bili,,pending
manute-bol,Manute Bol,Manute Bol,manute-bol,,pending
marjon-beauchamp,MarJon Beauchamp,MarJon Beauchamp,marjon-beauchamp,,pending
marshon-brooks,MarShon Brooks,MarShon Brooks,marshon-brooks,,pending
marc-gasol,Marc Gasol,Marc Gasol,marc-gasol,,pending
marc-iavaroni,Marc Iavaroni,Marc Iavaroni,marc-iavaroni,,pending
marc-jackson,Marc Jackson,Marc Jackson,marc-jackson,,pending
marcelo-huertas,Marcelo Huertas,Marcelo Huertas,marcelo-huertas,,pending
marcin-gortat,Marcin Gortat,Marcin Gortat,marcin-gortat,,pending
marco-belinelli,Marco Belinelli,Marco Belinelli,marco-belinelli,,pending
marcus-bagley,Marcus Bagley,Marcus Bagley,marcus-bagley,,pending
marcus-banks,Marcus Banks,Marcus Banks,marcus-banks,,pending
marcus-brown,Marcus Brown,Marcus Brown,marcus-brown,,pending
marcus-camby,Marcus Camby,Marcus Camby,marcus-camby,,pending
marcus-cousin,Marcus Cousin,Marcus Cousin,marcus-cousin,,pending
marcus-derrickson,Marcus Derrickson,Marcus Derrickson,marcus-derrickson,,pending
marcus-fizer,Marcus Fizer,Marcus Fizer,marcus-fizer,,pending
marcus-garrett,Marcus Garrett,Marcus Garrett,marcus-garrett,,pending
marcus-georges-hunt,Marcus Georges-Hunt,Marcus Georges-Hunt,marcus-georges-hunt,,pending
marcus-haislip,Marcus Haislip,Marcus Haislip,marcus-haislip,,pending
marcus-landry,Marcus Landry,Marcus Landry,marcus-landry,,pending
marcus-liberty,Marcus Liberty,Marcus Liberty,marcus-liberty,,pending
marcus-morris,Marcus Morris,Marcus Morris,marcus-morris,,pending
marcus-paige,Marcus Paige,Marcus Paige,marcus-paige,,pending
marcus-sasser,Marcus Sasser,Marcus Sasser,marcus-sasser,,pending
marcus-smart,Marcus Smart,Marcus Smart,marcus-smart,,pending
marcus-thornton,Marcus Thornton,Marcus Thornton,marcus-thornton,,pending
marcus-vinicius,Marcus Vinicius,Marcus Vinicius,marcus-vinicius,,pending
marcus-webb,Marcus Webb,Marcus Webb,marcus-webb,,pending
marcus-williams,Marcus Williams,Marcus Williams,marcus-williams,,pending
mardy-collins,Mardy Collins,Mardy Collins,mardy-collins,,pending
marial-shayok,Marial Shayok,Marial Shayok,marial-shayok,,pending
mario-bennett,Mario Bennett,Mario Bennett,mario-bennett,,pending
mario-chalmers,Mario Chalmers,Mario Chalmers,mario-chalmers,,pending
mario-elie,Mario Elie,Mario Elie,mario-elie,,pending
mario-hezonja,Mario Hezonja,Mario Hezonja,mario-hezonja,,pending
mario-kasun,Mario Kasun,Mario Kasun,mario-kasun,,pending
mario-west,Mario West,Mario West,mario-west,,pending
mark-acres,Mark Acres,Mark Acres,mark-acres,,pending
mark-aguirre,Mark Aguirre,Mark Aguirre,mark-aguirre,,pending
mark-alarie,Mark Alarie,Mark Alarie,mark-alarie,,pending
mark-baker,Mark Baker,Mark Baker,mark-baker,,pending
mark-blount,Mark Blount,Mark Blount,mark-blount,,pending
mark-bradtke,Mark Bradtke,Mark Bradtke,mark-bradtke,,pending
mark-bryant,Mark Bryant,Mark Bryant,mark-bryant,,pending
mark-crow,Mark Crow,Mark Crow,mark-crow,,pending
mark-davis,Mark Davis,Mark Davis,mark-davis,,pending
mark-eaton,Mark Eaton,Mark Eaton,mark-eaton,,pending
mark-hendrickson,Mark Hendrickson,Mark Hendrickson,mark-hendrickson,,pending
mark-jackson,Mark Jackson,Mark Jackson,mark-jackson,,pending
mark-jones,Mark Jones,Mark Jones,mark-jones,,pending
mark-landsberger,Mark Landsberger,Mark Landsberger,mark-landsberger,,pending
mark-macon,Mark Macon,Mark Macon,mark-macon,,pending
mark-madsen,Mark Madsen,Mark Madsen,mark-madsen,,pending
mark-mcnamara,Mark McNamara,Mark McNamara,mark-mcnamara,,pending
mark-minor,Mark Minor,Mark Minor,mark-minor,,pending
mark-olberding,Mark Olberding,Mark Olberding,mark-olberding,,pending
mark-pope,Mark Pope,Mark Pope,mark-pope,,pending
mark-price,Mark Price,Mark Price,mark-price,,pending
mark-radford,Mark Radford,Mark Radford,mark-radford,,pending
mark-randall,Mark Randall,Mark Randall,mark-randall,,pending
mark-sears,Mark Sears,Mark Sears,mark-sears,,pending
mark-sibley,Mark Sibley,Mark Sibley,mark-sibley,,pending
mark-strickland,Mark Strickland,Mark Strickland,mark-strickland,,pending
mark-wade,Mark Wade,Mark Wade,mark-wade,,pending
mark-west,Mark West,Mark West,mark-west,,pending
mark-williams,Mark Williams,Mark Williams,mark-williams,,pending
mark-workman,Mark Workman,Mark Workman,mark-workman,,pending
markel-brown,Markel Brown,Markel Brown,markel-brown,,pending
markelle-fultz,Markelle Fultz,Markelle Fultz,markelle-fultz,,pending
markieff-morris,Markieff Morris,Markieff Morris,markieff-morris,,pending
marko-guduri,Marko Gudurić,Marko Gudurić,marko-guduri,,pending
marko-jari,Marko Jarić,Marko Jarić,marko-jari,,pending
marko-mili,Marko Milič,Marko Milič,marko-mili,,pending
marko-simonovic,Marko Simonovic,Marko Simonovic,marko-simonovic,,pending
markquis-nowell,Markquis Nowell,Markquis Nowell,markquis-nowell,,pending
markus-howard,Markus Howard,Markus Howard,markus-howard,,pending
marlon-garnett,Marlon Garnett,Marlon Garnett,marlon-garnett,,pending
marlon-maxey,Marlon Maxey,Marlon Maxey,marlon-maxey,,pending
marlon-redmond,Marlon Redmond,Marlon Redmond,marlon-redmond,,pending
marques-bolden,Marques Bolden,Marques Bolden,marques-bolden,,pending
marques-bragg,Marques Bragg,Marques Bragg,marques-bragg,,pending
marques-johnson,Marques Johnson,Marques Johnson,marques-johnson,,pending
marquese-chriss,Marquese Chriss,Marquese Chriss,marquese-chriss,,pending
marquis-daniels,Marquis Daniels,Marquis Daniels,marquis-daniels,,pending
marquis-teague,Marquis Teague,Marquis Teague,marquis-teague,,pending
marreese-speights,Marreese Speights,Marreese Speights,marreese-speights,,pending
marshall-plumlee,Marshall Plumlee,Marshall Plumlee,marshall-plumlee,,pending
marshall-rogers,Marshall Rogers,Marshall Rogers,marshall-rogers,,pending
martell-webster,Martell Webster,Martell Webster,martell-webster,,pending
martin-lewis,Martin Lewis,Martin Lewis,martin-lewis,,pending
martin-m-rsepp,Martin Müürsepp,Martin Müürsepp,martin-m-rsepp,,pending
martin-nessley,Martin Nessley,Martin Nessley,martin-nessley,,pending
marty-byrnes,Marty Byrnes,Marty Byrnes,marty-byrnes,,pending
marty-conlon,Marty Conlon,Marty Conlon,marty-conlon,,pending
martynas-andriu-kevi-ius,Martynas Andriuškevičius,Martynas Andriuškevičius,martynas-andriu-kevi-ius,,pending
marv-roberts,Marv Roberts,Marv Roberts,marv-roberts,,pending
marv-winkler,Marv Winkler,Marv Winkler,marv-winkler,,pending
marvin-bagley-iii,Marvin Bagley III,Marvin Bagley III,marvin-bagley-iii,,pending
marvin-barnes,Marvin Barnes,Marvin Barnes,marvin-barnes,,pending
marvin-webster,Marvin Webster,Marvin Webster,marvin-webster,,pending
marvin-williams,Marvin Williams,Marvin Williams,marvin-williams,,pending
mason-jones,Mason Jones,Mason Jones,mason-jones,,pending
mason-plumlee,Mason Plumlee,Mason Plumlee,mason-plumlee,,pending
matas-buzelis,Matas Buzelis,Matas Buzelis,matas-buzelis,,pending
mateen-cleaves,Mateen Cleaves,Mateen Cleaves,mateen-cleaves,,pending
matisse-thybulle,Matisse Thybulle,Matisse Thybulle,matisse-thybulle,,pending
matt-barnes,Matt Barnes,Matt Barnes,matt-barnes,,pending
matt-bonner,Matt Bonner,Matt Bonner,matt-bonner,,pending
matt-bullard,Matt Bullard,Matt Bullard,matt-bullard,,pending
matt-carroll,Matt Carroll,Matt Carroll,matt-carroll,,pending
matt-costello,Matt Costello,Matt Costello,matt-costello,,pending
matt-fish,Matt Fish,Matt Fish,matt-fish,,pending
matt-freije,Matt Freije,Matt Freije,matt-freije,,pending
matt-geiger,Matt Geiger,Matt Geiger,matt-geiger,,pending
matt-guokas,Matt Guokas,Matt Guokas,matt-guokas,,pending
matt-harpring,Matt Harpring,Matt Harpring,matt-harpring,,pending
matt-maloney,Matt Maloney,Matt Maloney,matt-maloney,,pending
matt-mooney,Matt Mooney,Matt Mooney,matt-mooney,,pending
matt-othick,Matt Othick,Matt Othick,matt-othick,,pending
matt-ryan,Matt Ryan,Matt Ryan,matt-ryan,,pending
matt-steigenga,Matt Steigenga,Matt Steigenga,matt-steigenga,,pending
matt-thomas,Matt Thomas,Matt Thomas,matt-thomas,,pending
matt-walsh,Matt Walsh,Matt Walsh,matt-walsh,,pending
matt-wenstrom,Matt Wenstrom,Matt Wenstrom,matt-wenstrom,,pending
matt-williams,Matt Williams,Matt Williams,matt-williams,,pending
matthew-dellavedova,Matthew Dellavedova,Matthew Dellavedova,matthew-dellavedova,,pending
matthew-hurt,Matthew Hurt,Matthew Hurt,matthew-hurt,,pending
maurice-ager,Maurice Ager,Maurice Ager,maurice-ager,,pending
maurice-baker,Maurice Baker,Maurice Baker,maurice-baker,,pending
maurice-carter,Maurice Carter,Maurice Carter,maurice-carter,,pending
maurice-cheeks,Maurice Cheeks,Maurice Cheeks,maurice-cheeks,,pending
maurice-cheeks,Maurice Cheeks*,Maurice Cheeks*,maurice-cheeks,,pending
maurice-evans,Maurice Evans,Maurice Evans,maurice-evans,,pending
maurice-harkless,Maurice Harkless,Maurice Harkless,maurice-harkless,,pending
maurice-king,Maurice King,Maurice King,maurice-king,,pending
maurice-lucas,Maurice Lucas,Maurice Lucas,maurice-lucas,,pending
maurice-martin,Maurice Martin,Maurice Martin,maurice-martin,,pending
maurice-ndour,Maurice Ndour,Maurice Ndour,maurice-ndour,,pending
maurice-stokes,Maurice Stokes,Maurice Stokes,maurice-stokes,,pending
maurice-stokes,Maurice Stokes*,Maurice Stokes*,maurice-stokes,,pending
maurice-taylor,Maurice Taylor,Maurice Taylor,maurice-taylor,,pending
max-christie,Max Christie,Max Christie,max-christie,,pending
max-shulga,Max Shulga,Max Shulga,max-shulga,,pending
max-strus,Max Strus,Max Strus,max-strus,,pending
max-zaslofsky,Max Zaslofsky,Max Zaslofsky,max-zaslofsky,,pending
maxi-kleber,Maxi Kleber,Maxi Kleber,maxi-kleber,,pending
maxime-raynaud,Maxime Raynaud,Maxime Raynaud,maxime-raynaud,,pending
maxwell-lewis,Maxwell Lewis,Maxwell Lewis,maxwell-lewis,,pending
mccoy-ingram,McCoy Ingram,McCoy Ingram,mccoy-ingram,,pending
mccoy-mclemore,McCoy McLemore,McCoy McLemore,mccoy-mclemore,,pending
mckinley-singleton,McKinley Singleton,McKinley Singleton,mckinley-singleton,,pending
mckinley-wright-iv,McKinley Wright IV,McKinley Wright IV,mckinley-wright-iv,,pending
med-park,Med Park,Med Park,med-park,,pending
mehmet-okur,Mehmet Okur,Mehmet Okur,mehmet-okur,,pending
mel-bennett,Mel Bennett,Mel Bennett,mel-bennett,,pending
mel-counts,Mel Counts,Mel Counts,mel-counts,,pending
mel-daniels,Mel Daniels,Mel Daniels,mel-daniels,,pending
mel-davis,Mel Davis,Mel Davis,mel-davis,,pending
mel-gibson,Mel Gibson,Mel Gibson,mel-gibson,,pending
mel-hutchins,Mel Hutchins,Mel Hutchins,mel-hutchins,,pending
mel-mccants,Mel McCants,Mel McCants,mel-mccants,,pending
mel-nowell,Mel Nowell,Mel Nowell,mel-nowell,,pending
mel-payton,Mel Payton,Mel Payton,mel-payton,,pending
mel-peterson,Mel Peterson,Mel Peterson,mel-peterson,,pending
melvin-booker,Melvin Booker,Melvin Booker,melvin-booker,,pending
melvin-ely,Melvin Ely,Melvin Ely,melvin-ely,,pending
melvin-frazier,Melvin Frazier,Melvin Frazier,melvin-frazier,,pending
melvin-newbern,Melvin Newbern,Melvin Newbern,melvin-newbern,,pending
melvin-sanders,Melvin Sanders,Melvin Sanders,melvin-sanders,,pending
melvin-turpin,Melvin Turpin,Melvin Turpin,melvin-turpin,,pending
mengke-bateer,Mengke Bateer,Mengke Bateer,mengke-bateer,,pending
metta-world-peace,Metta World Peace,Metta World Peace,metta-world-peace,,pending
meyers-leonard,Meyers Leonard,Meyers Leonard,meyers-leonard,,pending
mfiondu-kabengele,Mfiondu Kabengele,Mfiondu Kabengele,mfiondu-kabengele,,pending
micah-peavy,Micah Peavy,Micah Peavy,micah-peavy,,pending
micah-potter,Micah Potter,Micah Potter,micah-potter,,pending
michael-adams,Michael Adams,Michael Adams,michael-adams,,pending
michael-anderson,Michael Anderson,Michael Anderson,michael-anderson,,pending
michael-ansley,Michael Ansley,Michael Ansley,michael-ansley,,pending
michael-beasley,Michael Beasley,Michael Beasley,michael-beasley,,pending
michael-bradley,Michael Bradley,Michael Bradley,michael-bradley,,pending
michael-brooks,Michael Brooks,Michael Brooks,michael-brooks,,pending
michael-cage,Michael Cage,Michael Cage,michael-cage,,pending
michael-carter-williams,Michael Carter-Williams,Michael Carter-Williams,michael-carter-williams,,pending
michael-cooper,Michael Cooper,Michael Cooper,michael-cooper,,pending
michael-cooper,Michael Cooper*,Michael Cooper*,michael-cooper,,pending
michael-curry,Michael Curry,Michael Curry,michael-curry,,pending
michael-dickerson,Michael Dickerson,Michael Dickerson,michael-dickerson,,pending
michael-doleac,Michael Doleac,Michael Doleac,michael-doleac,,pending
michael-finley,Michael Finley,Michael Finley,michael-finley,,pending
michael-foster-jr,Michael Foster Jr.,Michael Foster Jr.,michael-foster-jr,,pending
michael-frazier,Michael Frazier,Michael Frazier,michael-frazier,,pending
michael-gbinije,Michael Gbinije,Michael Gbinije,michael-gbinije,,pending
michael-hawkins,Michael Hawkins,Michael Hawkins,michael-hawkins,,pending
michael-holton,Michael Holton,Michael Holton,michael-holton,,pending
michael-jackson,Michael Jackson,Michael Jackson,michael-jackson,,pending
michael-jordan,Michael Jordan,Michael Jordan,michael-jordan,,pending
michael-jordan,Michael Jordan*,Michael Jordan*,michael-jordan,,pending
michael-kidd-gilchrist,Michael Kidd-Gilchrist,Michael Kidd-Gilchrist,michael-kidd-gilchrist,,pending
michael-mcdonald,Michael McDonald,Michael McDonald,michael-mcdonald,,pending
michael-olowokandi,Michael Olowokandi,Michael Olowokandi,michael-olowokandi,,pending
michael-phelps,Michael Phelps,Michael Phelps,michael-phelps,,pending
michael-porter-jr,Michael Porter Jr.,Michael Porter Jr.,michael-porter-jr,,pending
michael-ray-richardson,Michael Ray Richardson,Michael Ray Richardson,michael-ray-richardson,,pending
michael-redd,Michael Redd,Michael Redd,michael-redd,,pending
michael-ruffin,Michael Ruffin,Michael Ruffin,michael-ruffin,,pending
michael-smith,Michael Smith,Michael Smith,michael-smith,,pending
michael-stewart,Michael Stewart,Michael Stewart,michael-stewart,,pending
michael-wiley,Michael Wiley,Michael Wiley,michael-wiley,,pending
michael-wilson,Michael Wilson,Michael Wilson,michael-wilson,,pending
michael-young,Michael Young,Michael Young,michael-young,,pending
micheal-williams,Micheal Williams,Micheal Williams,micheal-williams,,pending
micka-l-gelabale,Mickaël Gelabale,Mickaël Gelabale,micka-l-gelabale,,pending
micka-l-pi-trus,Mickaël Piétrus,Mickaël Piétrus,micka-l-pi-trus,,pending
mickell-gladness,Mickell Gladness,Mickell Gladness,mickell-gladness,,pending
mickey-davis,Mickey Davis,Mickey Davis,mickey-davis,,pending
mickey-dillard,Mickey Dillard,Mickey Dillard,mickey-dillard,,pending
mickey-johnson,Mickey Johnson,Mickey Johnson,mickey-johnson,,pending
mikal-bridges,Mikal Bridges,Mikal Bridges,mikal-bridges,,pending
mike-bantom,Mike Bantom,Mike Bantom,mike-bantom,,pending
mike-barr,Mike Barr,Mike Barr,mike-barr,,pending
mike-batiste,Mike Batiste,Mike Batiste,mike-batiste,,pending
mike-bibby,Mike Bibby,Mike Bibby,mike-bibby,,pending
mike-bratz,Mike Bratz,Mike Bratz,mike-bratz,,pending
mike-brittain,Mike Brittain,Mike Brittain,mike-brittain,,pending
mike-brown,Mike Brown,Mike Brown,mike-brown,,pending
mike-champion,Mike Champion,Mike Champion,mike-champion,,pending
mike-conley,Mike Conley,Mike Conley,mike-conley,,pending
mike-d-antoni,Mike D'Antoni,Mike D'Antoni,mike-d-antoni,,pending
mike-davis,Mike Davis,Mike Davis,mike-davis,,pending
mike-dunleavy,Mike Dunleavy,Mike Dunleavy,mike-dunleavy,,pending
mike-evans,Mike Evans,Mike Evans,mike-evans,,pending
mike-farmer,Mike Farmer,Mike Farmer,mike-farmer,,pending
mike-flynn,Mike Flynn,Mike Flynn,mike-flynn,,pending
mike-gale,Mike Gale,Mike Gale,mike-gale,,pending
mike-gibson,Mike Gibson,Mike Gibson,mike-gibson,,pending
mike-glenn,Mike Glenn,Mike Glenn,mike-glenn,,pending
mike-gminski,Mike Gminski,Mike Gminski,mike-gminski,,pending
mike-green,Mike Green,Mike Green,mike-green,,pending
mike-hall,Mike Hall,Mike Hall,mike-hall,,pending
mike-harper,Mike Harper,Mike Harper,mike-harper,,pending
mike-harris,Mike Harris,Mike Harris,mike-harris,,pending
mike-higgins,Mike Higgins,Mike Higgins,mike-higgins,,pending
mike-iuzzolino,Mike Iuzzolino,Mike Iuzzolino,mike-iuzzolino,,pending
mike-james,Mike James,Mike James,mike-james,,pending
mike-kearns,Mike Kearns,Mike Kearns,mike-kearns,,pending
mike-lynn,Mike Lynn,Mike Lynn,mike-lynn,,pending
mike-macaluso,Mike Macaluso,Mike Macaluso,mike-macaluso,,pending
mike-mcgee,Mike McGee,Mike McGee,mike-mcgee,,pending
mike-miller,Mike Miller,Mike Miller,mike-miller,,pending
mike-mitchell,Mike Mitchell,Mike Mitchell,mike-mitchell,,pending
mike-morrison,Mike Morrison,Mike Morrison,mike-morrison,,pending
mike-muscala,Mike Muscala,Mike Muscala,mike-muscala,,pending
mike-newlin,Mike Newlin,Mike Newlin,mike-newlin,,pending
mike-niles,Mike Niles,Mike Niles,mike-niles,,pending
mike-novak,Mike Novak,Mike Novak,mike-novak,,pending
mike-o-koren,Mike O'Koren,Mike O'Koren,mike-o-koren,,pending
mike-o-neill,Mike O'Neill,Mike O'Neill,mike-o-neill,,pending
mike-penberthy,Mike Penberthy,Mike Penberthy,mike-penberthy,,pending
mike-peplowski,Mike Peplowski,Mike Peplowski,mike-peplowski,,pending
mike-price,Mike Price,Mike Price,mike-price,,pending
mike-ratliff,Mike Ratliff,Mike Ratliff,mike-ratliff,,pending
mike-riordan,Mike Riordan,Mike Riordan,mike-riordan,,pending
mike-sanders,Mike Sanders,Mike Sanders,mike-sanders,,pending
mike-scott,Mike Scott,Mike Scott,mike-scott,,pending
mike-silliman,Mike Silliman,Mike Silliman,mike-silliman,,pending
mike-smith,Mike Smith,Mike Smith,mike-smith,,pending
mike-smrek,Mike Smrek,Mike Smrek,mike-smrek,,pending
mike-sojourner,Mike Sojourner,Mike Sojourner,mike-sojourner,,pending
mike-sweetney,Mike Sweetney,Mike Sweetney,mike-sweetney,,pending
mike-taylor,Mike Taylor,Mike Taylor,mike-taylor,,pending
mike-tobey,Mike Tobey,Mike Tobey,mike-tobey,,pending
mike-wilks,Mike Wilks,Mike Wilks,mike-wilks,,pending
mike-williams,Mike Williams,Mike Williams,mike-williams,,pending
mike-woodson,Mike Woodson,Mike Woodson,mike-woodson,,pending
mikki-moore,Mikki Moore,Mikki Moore,mikki-moore,,pending
mile-ili,Mile Ilić,Mile Ilić,mile-ili,,pending
miles-bridges,Miles Bridges,Miles Bridges,miles-bridges,,pending
miles-kelly,Miles Kelly,Miles Kelly,miles-kelly,,pending
miles-mcbride,Miles McBride,Miles McBride,miles-mcbride,,pending
miles-norris,Miles Norris,Miles Norris,miles-norris,,pending
miles-plumlee,Miles Plumlee,Miles Plumlee,miles-plumlee,,pending
miles-simon,Miles Simon,Miles Simon,miles-simon,,pending
milo-babi,Miloš Babić,Miloš Babić,milo-babi,,pending
milo-teodosi,Miloš Teodosić,Miloš Teodosić,milo-teodosi,,pending
milt-palacio,Milt Palacio,Milt Palacio,milt-palacio,,pending
milt-wagner,Milt Wagner,Milt Wagner,milt-wagner,,pending
milt-williams,Milt Williams,Milt Williams,milt-williams,,pending
milton-doyle,Milton Doyle,Milton Doyle,milton-doyle,,pending
mindaugas-kuzminskas,Mindaugas Kuzminskas,Mindaugas Kuzminskas,mindaugas-kuzminskas,,pending
miroslav-raduljica,Miroslav Raduljica,Miroslav Raduljica,miroslav-raduljica,,pending
mirsad-t-rkcan,Mirsad Türkcan,Mirsad Türkcan,mirsad-t-rkcan,,pending
mirza-teletovi,Mirza Teletović,Mirza Teletović,mirza-teletovi,,pending
mitch-creek,Mitch Creek,Mitch Creek,mitch-creek,,pending
mitch-kupchak,Mitch Kupchak,Mitch Kupchak,mitch-kupchak,,pending
mitch-mcgary,Mitch McGary,Mitch McGary,mitch-mcgary,,pending
mitch-richmond,Mitch Richmond,Mitch Richmond,mitch-richmond,,pending
mitch-richmond,Mitch Richmond*,Mitch Richmond*,mitch-richmond,,pending
mitchell-butler,Mitchell Butler,Mitchell Butler,mitchell-butler,,pending
mitchell-robinson,Mitchell Robinson,Mitchell Robinson,mitchell-robinson,,pending
mitchell-wiggins,Mitchell Wiggins,Mitchell Wiggins,mitchell-wiggins,,pending
miye-oni,Miye Oni,Miye Oni,miye-oni,,pending
mo-bamba,Mo Bamba,Mo Bamba,mo-bamba,,pending
mo-howard,Mo Howard,Mo Howard,mo-howard,,pending
mo-layton,Mo Layton,Mo Layton,mo-layton,,pending
mo-mahoney,Mo Mahoney,Mo Mahoney,mo-mahoney,,pending
mo-williams,Mo Williams,Mo Williams,mo-williams,,pending
moe-barr,Moe Barr,Moe Barr,moe-barr,,pending
moe-radovich,Moe Radovich,Moe Radovich,moe-radovich,,pending
mohamed-diawara,Mohamed Diawara,Mohamed Diawara,mohamed-diawara,,pending
monk-meineke,Monk Meineke,Monk Meineke,monk-meineke,,pending
monta-ellis,Monta Ellis,Monta Ellis,monta-ellis,,pending
monte-morris,Monte Morris,Monte Morris,monte-morris,,pending
monte-towe,Monte Towe,Monte Towe,monte-towe,,pending
monti-davis,Monti Davis,Monti Davis,monti-davis,,pending
montrezl-harrell,Montrezl Harrell,Montrezl Harrell,montrezl-harrell,,pending
monty-williams,Monty Williams,Monty Williams,monty-williams,,pending
moochie-norris,Moochie Norris,Moochie Norris,moochie-norris,,pending
mookie-blaylock,Mookie Blaylock,Mookie Blaylock,mookie-blaylock,,pending
moritz-wagner,Moritz Wagner,Moritz Wagner,moritz-wagner,,pending
morlon-wiley,Morlon Wiley,Morlon Wiley,morlon-wiley,,pending
morris-almond,Morris Almond,Morris Almond,morris-almond,,pending
morris-peterson,Morris Peterson,Morris Peterson,morris-peterson,,pending
moses-brown,Moses Brown,Moses Brown,moses-brown,,pending
moses-malone,Moses Malone,Moses Malone,moses-malone,,pending
moses-malone,Moses Malone*,Moses Malone*,moses-malone,,pending
moses-moody,Moses Moody,Moses Moody,moses-moody,,pending
moses-wright,Moses Wright,Moses Wright,moses-wright,,pending
mouhamadou-gueye,Mouhamadou Gueye,Mouhamadou Gueye,mouhamadou-gueye,,pending
mouhamed-gueye,Mouhamed Gueye,Mouhamed Gueye,mouhamed-gueye,,pending
mouhamed-sene,Mouhamed Sene,Mouhamed Sene,mouhamed-sene,,pending
moussa-cisse,Moussa Cisse,Moussa Cisse,moussa-cisse,,pending
moussa-diabat,Moussa Diabaté,Moussa Diabaté,moussa-diabat,,pending
muggsy-bogues,Muggsy Bogues,Muggsy Bogues,muggsy-bogues,,pending
mustafa-shakur,Mustafa Shakur,Mustafa Shakur,mustafa-shakur,,pending
mychal-mulder,Mychal Mulder,Mychal Mulder,mychal-mulder,,pending
mychal-thompson,Mychal Thompson,Mychal Thompson,mychal-thompson,,pending
mychel-thompson,Mychel Thompson,Mychel Thompson,mychel-thompson,,pending
myke-henry,Myke Henry,Myke Henry,myke-henry,,pending
myles-patrick,Myles Patrick,Myles Patrick,myles-patrick,,pending
myles-powell,Myles Powell,Myles Powell,myles-powell,,pending
myles-turner,Myles Turner,Myles Turner,myles-turner,,pending
myron-brown,Myron Brown,Myron Brown,myron-brown,,pending
myron-gardner,Myron Gardner,Myron Gardner,myron-gardner,,pending
myron-jackson,Myron Jackson,Myron Jackson,myron-jackson,,pending
m-ozinha-pereira,Mãozinha Pereira,Mãozinha Pereira,m-ozinha-pereira,,pending
n-faly-dante,N'Faly Dante,N'Faly Dante,n-faly-dante,,pending
nae-qwan-tomlin,Nae'Qwan Tomlin,Nae'Qwan Tomlin,nae-qwan-tomlin,,pending
naji-marshall,Naji Marshall,Naji Marshall,naji-marshall,,pending
nando-de-colo,Nando De Colo,Nando De Colo,nando-de-colo,,pending
nassir-little,Nassir Little,Nassir Little,nassir-little,,pending
nat-clifton,Nat Clifton,Nat Clifton,nat-clifton,,pending
nat-clifton,Nat Clifton*,Nat Clifton*,nat-clifton,,pending
nate-blackwell,Nate Blackwell,Nate Blackwell,nate-blackwell,,pending
nate-bowman,Nate Bowman,Nate Bowman,nate-bowman,,pending
nate-darling,Nate Darling,Nate Darling,nate-darling,,pending
nate-delong,Nate DeLong,Nate DeLong,nate-delong,,pending
nate-driggers,Nate Driggers,Nate Driggers,nate-driggers,,pending
nate-hawthorne,Nate Hawthorne,Nate Hawthorne,nate-hawthorne,,pending
nate-hinton,Nate Hinton,Nate Hinton,nate-hinton,,pending
nate-huffman,Nate Huffman,Nate Huffman,nate-huffman,,pending
nate-johnston,Nate Johnston,Nate Johnston,nate-johnston,,pending
nate-mcmillan,Nate McMillan,Nate McMillan,nate-mcmillan,,pending
nate-robinson,Nate Robinson,Nate Robinson,nate-robinson,,pending
nate-thurmond,Nate Thurmond,Nate Thurmond,nate-thurmond,,pending
nate-thurmond,Nate Thurmond*,Nate Thurmond*,nate-thurmond,,pending
nate-williams,Nate Williams,Nate Williams,nate-williams,,pending
nate-wolters,Nate Wolters,Nate Wolters,nate-wolters,,pending
nathan-jawai,Nathan Jawai,Nathan Jawai,nathan-jawai,,pending
nathan-knight,Nathan Knight,Nathan Knight,nathan-knight,,pending
nathan-mensah,Nathan Mensah,Nathan Mensah,nathan-mensah,,pending
naz-mitrou-long,Naz Mitrou-Long,Naz Mitrou-Long,naz-mitrou-long,,pending
naz-reid,Naz Reid,Naz Reid,naz-reid,,pending
nazr-mohammed,Nazr Mohammed,Nazr Mohammed,nazr-mohammed,,pending
ndudi-ebi,Ndudi Ebi,Ndudi Ebi,ndudi-ebi,,pending
neal-walk,Neal Walk,Neal Walk,neal-walk,,pending
neemias-queta,Neemias Queta,Neemias Queta,neemias-queta,,pending
negele-knight,Negele Knight,Negele Knight,negele-knight,,pending
neil-johnson,Neil Johnson,Neil Johnson,neil-johnson,,pending
neil-johnston,Neil Johnston,Neil Johnston,neil-johnston,,pending
neil-johnston,Neil Johnston*,Neil Johnston*,neil-johnston,,pending
nelson-bobb,Nelson Bobb,Nelson Bobb,nelson-bobb,,pending
nemanja-bjelica,Nemanja Bjelica,Nemanja Bjelica,nemanja-bjelica,,pending
nemanja-nedovi,Nemanja Nedović,Nemanja Nedović,nemanja-nedovi,,pending
nenad-krsti,Nenad Krstić,Nenad Krstić,nenad-krsti,,pending
nen,Nenê,Nenê,nen,,pending
nerlens-noel,Nerlens Noel,Nerlens Noel,nerlens-noel,,pending
nic-claxton,Nic Claxton,Nic Claxton,nic-claxton,,pending
nick-anderson,Nick Anderson,Nick Anderson,nick-anderson,,pending
nick-calathes,Nick Calathes,Nick Calathes,nick-calathes,,pending
nick-collison,Nick Collison,Nick Collison,nick-collison,,pending
nick-fazekas,Nick Fazekas,Nick Fazekas,nick-fazekas,,pending
nick-johnson,Nick Johnson,Nick Johnson,nick-johnson,,pending
nick-jones,Nick Jones,Nick Jones,nick-jones,,pending
nick-mantis,Nick Mantis,Nick Mantis,nick-mantis,,pending
nick-richards,Nick Richards,Nick Richards,nick-richards,,pending
nick-smith-jr,Nick Smith Jr.,Nick Smith Jr.,nick-smith-jr,,pending
nick-van-exel,Nick Van Exel,Nick Van Exel,nick-van-exel,,pending
nick-vanos,Nick Vanos,Nick Vanos,nick-vanos,,pending
nick-weatherspoon,Nick Weatherspoon,Nick Weatherspoon,nick-weatherspoon,,pending
nick-young,Nick Young,Nick Young,nick-young,,pending
nickeil-alexander-walker,Nickeil Alexander-Walker,Nickeil Alexander-Walker,nickeil-alexander-walker,,pending
nico-mannion,Nico Mannion,Nico Mannion,nico-mannion,,pending
nicolas-batum,Nicolas Batum,Nicolas Batum,nicolas-batum,,pending
nicol-s-brussino,Nicolás Brussino,Nicolás Brussino,nicol-s-brussino,,pending
nicol-s-laprov-ttola,Nicolás Laprovíttola,Nicolás Laprovíttola,nicol-s-laprov-ttola,,pending
nicol-melli,Nicolò Melli,Nicolò Melli,nicol-melli,,pending
nigel-hayes-davis,Nigel Hayes-Davis,Nigel Hayes-Davis,nigel-hayes-davis,,pending
nigel-williams-goss,Nigel Williams-Goss,Nigel Williams-Goss,nigel-williams-goss,,pending
nik-stauskas,Nik Stauskas,Nik Stauskas,nik-stauskas,,pending
nikita-wilson,Nikita Wilson,Nikita Wilson,nikita-wilson,,pending
nikola-joki,Nikola Jokić,Nikola Jokić,nikola-joki,,pending
nikola-jovi,Nikola Jović,Nikola Jović,nikola-jovi,,pending
nikola-miroti,Nikola Mirotić,Nikola Mirotić,nikola-miroti,,pending
nikola-pekovi,Nikola Peković,Nikola Peković,nikola-pekovi,,pending
nikola-topi,Nikola Topić,Nikola Topić,nikola-topi,,pending
nikola-vu-evi,Nikola Vučević,Nikola Vučević,nikola-vu-evi,,pending
nikoloz-tskitishvili,Nikoloz Tskitishvili,Nikoloz Tskitishvili,nikoloz-tskitishvili,,pending
nique-clifford,Nique Clifford,Nique Clifford,nique-clifford,,pending
noa-essengue,Noa Essengue,Noa Essengue,noa-essengue,,pending
noah-clowney,Noah Clowney,Noah Clowney,noah-clowney,,pending
noah-penda,Noah Penda,Noah Penda,noah-penda,,pending
noah-vonleh,Noah Vonleh,Noah Vonleh,noah-vonleh,,pending
noble-jorgensen,Noble Jorgensen,Noble Jorgensen,noble-jorgensen,,pending
noel-felix,Noel Felix,Noel Felix,noel-felix,,pending
nolan-smith,Nolan Smith,Nolan Smith,nolan-smith,,pending
nolan-traor,Nolan Traoré,Nolan Traoré,nolan-traor,,pending
norchad-omier,Norchad Omier,Norchad Omier,norchad-omier,,pending
norm-cook,Norm Cook,Norm Cook,norm-cook,,pending
norm-grekin,Norm Grekin,Norm Grekin,norm-grekin,,pending
norm-nixon,Norm Nixon,Norm Nixon,norm-nixon,,pending
norm-richardson,Norm Richardson,Norm Richardson,norm-richardson,,pending
norm-stewart,Norm Stewart,Norm Stewart,norm-stewart,,pending
norm-swanson,Norm Swanson,Norm Swanson,norm-swanson,,pending
norm-van-lier,Norm Van Lier,Norm Van Lier,norm-van-lier,,pending
norman-black,Norman Black,Norman Black,norman-black,,pending
norman-powell,Norman Powell,Norman Powell,norman-powell,,pending
norris-cole,Norris Cole,Norris Cole,norris-cole,,pending
norris-coleman,Norris Coleman,Norris Coleman,norris-coleman,,pending
norton-barnhill,Norton Barnhill,Norton Barnhill,norton-barnhill,,pending
norvel-pelle,Norvel Pelle,Norvel Pelle,norvel-pelle,,pending
o-j-mayo,O.J. Mayo,O.J. Mayo,o-j-mayo,,pending
og-anunoby,OG Anunoby,OG Anunoby,og-anunoby,,pending
obi-toppin,Obi Toppin,Obi Toppin,obi-toppin,,pending
obinna-ekezie,Obinna Ekezie,Obinna Ekezie,obinna-ekezie,,pending
ochai-agbaji,Ochai Agbaji,Ochai Agbaji,ochai-agbaji,,pending
odie-spears,Odie Spears,Odie Spears,odie-spears,,pending
odis-allison,Odis Allison,Odis Allison,odis-allison,,pending
ognjen-kuzmi,Ognjen Kuzmić,Ognjen Kuzmić,ognjen-kuzmi,,pending
okaro-white,Okaro White,Okaro White,okaro-white,,pending
olden-polynice,Olden Polynice,Olden Polynice,olden-polynice,,pending
oleksiy-pecherov,Oleksiy Pecherov,Oleksiy Pecherov,oleksiy-pecherov,,pending
oliver-lafayette,Oliver Lafayette,Oliver Lafayette,oliver-lafayette,,pending
oliver-miller,Oliver Miller,Oliver Miller,oliver-miller,,pending
oliver-robinson,Oliver Robinson,Oliver Robinson,oliver-robinson,,pending
olivier-sarr,Olivier Sarr,Olivier Sarr,olivier-sarr,,pending
olivier-maxence-prosper,Olivier-Maxence Prosper,Olivier-Maxence Prosper,olivier-maxence-prosper,,pending
ollie-johnson,Ollie Johnson,Ollie Johnson,ollie-johnson,,pending
ollie-mack,Ollie Mack,Ollie Mack,ollie-mack,,pending
olumide-oyedeji,Olumide Oyedeji,Olumide Oyedeji,olumide-oyedeji,,pending
omar-cook,Omar Cook,Omar Cook,omar-cook,,pending
omari-johnson,Omari Johnson,Omari Johnson,omari-johnson,,pending
omari-spellman,Omari Spellman,Omari Spellman,omari-spellman,,pending
omer-yurtseven,Omer Yurtseven,Omer Yurtseven,omer-yurtseven,,pending
omri-casspi,Omri Casspi,Omri Casspi,omri-casspi,,pending
onuralp-bitim,Onuralp Bitim,Onuralp Bitim,onuralp-bitim,,pending
onyeka-okongwu,Onyeka Okongwu,Onyeka Okongwu,onyeka-okongwu,,pending
orien-greene,Orien Greene,Orien Greene,orien-greene,,pending
orlando-graham,Orlando Graham,Orlando Graham,orlando-graham,,pending
orlando-johnson,Orlando Johnson,Orlando Johnson,orlando-johnson,,pending
orlando-robinson,Orlando Robinson,Orlando Robinson,orlando-robinson,,pending
orlando-woolridge,Orlando Woolridge,Orlando Woolridge,orlando-woolridge,,pending
oscar-robertson,Oscar Robertson,Oscar Robertson,oscar-robertson,,pending
oscar-robertson,Oscar Robertson*,Oscar Robertson*,oscar-robertson,,pending
oscar-tshiebwe,Oscar Tshiebwe,Oscar Tshiebwe,oscar-tshiebwe,,pending
oshae-brissett,Oshae Brissett,Oshae Brissett,oshae-brissett,,pending
oso-ighodaro,Oso Ighodaro,Oso Ighodaro,oso-ighodaro,,pending
othell-wilson,Othell Wilson,Othell Wilson,othell-wilson,,pending
othella-harrington,Othella Harrington,Othella Harrington,othella-harrington,,pending
othello-hunter,Othello Hunter,Othello Hunter,othello-hunter,,pending
othyus-jeffers,Othyus Jeffers,Othyus Jeffers,othyus-jeffers,,pending
otis-birdsong,Otis Birdsong,Otis Birdsong,otis-birdsong,,pending
otis-howard,Otis Howard,Otis Howard,otis-howard,,pending
otis-smith,Otis Smith,Otis Smith,otis-smith,,pending
otis-thorpe,Otis Thorpe,Otis Thorpe,otis-thorpe,,pending
otto-moore,Otto Moore,Otto Moore,otto-moore,,pending
otto-porter-jr,Otto Porter Jr.,Otto Porter Jr.,otto-porter-jr,,pending
ousmane-dieng,Ousmane Dieng,Ousmane Dieng,ousmane-dieng,,pending
owen-wells,Owen Wells,Owen Wells,owen-wells,,pending
ozell-jones,Ozell Jones,Ozell Jones,ozell-jones,,pending
p-j-brown,P.J. Brown,P.J. Brown,p-j-brown,,pending
p-j-hairston,P.J. Hairston,P.J. Hairston,p-j-hairston,,pending
p-j-tucker,P.J. Tucker,P.J. Tucker,p-j-tucker,,pending
p-j-washington,P.J. Washington,P.J. Washington,p-j-washington,,pending
pj-dozier,PJ Dozier,PJ Dozier,pj-dozier,,pending
pj-hall,PJ Hall,PJ Hall,pj-hall,,pending
pablo-prigioni,Pablo Prigioni,Pablo Prigioni,pablo-prigioni,,pending
pace-mannion,Pace Mannion,Pace Mannion,pace-mannion,,pending
pac-me-dadiet,Pacôme Dadiet,Pacôme Dadiet,pac-me-dadiet,,pending
paolo-banchero,Paolo Banchero,Paolo Banchero,paolo-banchero,,pending
pape-sow,Pape Sow,Pape Sow,pape-sow,,pending
pape-sy,Pape Sy,Pape Sy,pape-sy,,pending
paris-bass,Paris Bass,Paris Bass,paris-bass,,pending
pascal-siakam,Pascal Siakam,Pascal Siakam,pascal-siakam,,pending
pat-burke,Pat Burke,Pat Burke,pat-burke,,pending
pat-connaughton,Pat Connaughton,Pat Connaughton,pat-connaughton,,pending
pat-cummings,Pat Cummings,Pat Cummings,pat-cummings,,pending
pat-dunn,Pat Dunn,Pat Dunn,pat-dunn,,pending
pat-durham,Pat Durham,Pat Durham,pat-durham,,pending
pat-frink,Pat Frink,Pat Frink,pat-frink,,pending
pat-garrity,Pat Garrity,Pat Garrity,pat-garrity,,pending
pat-riley,Pat Riley,Pat Riley,pat-riley,,pending
pat-riley,Pat Riley*,Pat Riley*,pat-riley,,pending
pat-spencer,Pat Spencer,Pat Spencer,pat-spencer,,pending
patricio-garino,Patricio Garino,Patricio Garino,patricio-garino,,pending
patrick-baldwin-jr,Patrick Baldwin Jr.,Patrick Baldwin Jr.,patrick-baldwin-jr,,pending
patrick-beverley,Patrick Beverley,Patrick Beverley,patrick-beverley,,pending
patrick-christopher,Patrick Christopher,Patrick Christopher,patrick-christopher,,pending
patrick-eddie,Patrick Eddie,Patrick Eddie,patrick-eddie,,pending
patrick-ewing,Patrick Ewing,Patrick Ewing,patrick-ewing,,pending
patrick-ewing,Patrick Ewing*,Patrick Ewing*,patrick-ewing,,pending
patrick-mccaw,Patrick McCaw,Patrick McCaw,patrick-mccaw,,pending
patrick-o-bryant,Patrick O'Bryant,Patrick O'Bryant,patrick-o-bryant,,pending
patrick-patterson,Patrick Patterson,Patrick Patterson,patrick-patterson,,pending
patrick-williams,Patrick Williams,Patrick Williams,patrick-williams,,pending
patty-mills,Patty Mills,Patty Mills,patty-mills,,pending
pau-gasol,Pau Gasol,Pau Gasol,pau-gasol,,pending
pau-gasol,Pau Gasol*,Pau Gasol*,pau-gasol,,pending
paul-arizin,Paul Arizin,Paul Arizin,paul-arizin,,pending
paul-arizin,Paul Arizin*,Paul Arizin*,paul-arizin,,pending
paul-davis,Paul Davis,Paul Davis,paul-davis,,pending
paul-dawkins,Paul Dawkins,Paul Dawkins,paul-dawkins,,pending
paul-george,Paul George,Paul George,paul-george,,pending
paul-graham,Paul Graham,Paul Graham,paul-graham,,pending
paul-grant,Paul Grant,Paul Grant,paul-grant,,pending
paul-griffin,Paul Griffin,Paul Griffin,paul-griffin,,pending
paul-hoffman,Paul Hoffman,Paul Hoffman,paul-hoffman,,pending
paul-hogue,Paul Hogue,Paul Hogue,paul-hogue,,pending
paul-long,Paul Long,Paul Long,paul-long,,pending
paul-mccracken,Paul McCracken,Paul McCracken,paul-mccracken,,pending
paul-mcpherson,Paul McPherson,Paul McPherson,paul-mcpherson,,pending
paul-millsap,Paul Millsap,Paul Millsap,paul-millsap,,pending
paul-mokeski,Paul Mokeski,Paul Mokeski,paul-mokeski,,pending
paul-neumann,Paul Neumann,Paul Neumann,paul-neumann,,pending
paul-noel,Paul Noel,Paul Noel,paul-noel,,pending
paul-nolen,Paul Nolen,Paul Nolen,paul-nolen,,pending
paul-pierce,Paul Pierce,Paul Pierce,paul-pierce,,pending
paul-pierce,Paul Pierce*,Paul Pierce*,paul-pierce,,pending
paul-pressey,Paul Pressey,Paul Pressey,paul-pressey,,pending
paul-reed,Paul Reed,Paul Reed,paul-reed,,pending
paul-ruffner,Paul Ruffner,Paul Ruffner,paul-ruffner,,pending
paul-seymour,Paul Seymour,Paul Seymour,paul-seymour,,pending
paul-shirley,Paul Shirley,Paul Shirley,paul-shirley,,pending
paul-silas,Paul Silas,Paul Silas,paul-silas,,pending
paul-stovall,Paul Stovall,Paul Stovall,paul-stovall,,pending
paul-thompson,Paul Thompson,Paul Thompson,paul-thompson,,pending
paul-walther,Paul Walther,Paul Walther,paul-walther,,pending
paul-watson,Paul Watson,Paul Watson,paul-watson,,pending
paul-westphal,Paul Westphal,Paul Westphal,paul-westphal,,pending
paul-westphal,Paul Westphal*,Paul Westphal*,paul-westphal,,pending
paul-zipser,Paul Zipser,Paul Zipser,paul-zipser,,pending
pavel-podkolzin,Pavel Podkolzin,Pavel Podkolzin,pavel-podkolzin,,pending
payton-pritchard,Payton Pritchard,Payton Pritchard,payton-pritchard,,pending
payton-sandfort,Payton Sandfort,Payton Sandfort,payton-sandfort,,pending
pearl-washington,Pearl Washington,Pearl Washington,pearl-washington,,pending
peja-stojakovi,Peja Stojaković,Peja Stojaković,peja-stojakovi,,pending
pelle-larsson,Pelle Larsson,Pelle Larsson,pelle-larsson,,pending
pep-saul,Pep Saul,Pep Saul,pep-saul,,pending
pepe-s-nchez,Pepe Sánchez,Pepe Sánchez,pepe-s-nchez,,pending
pero-anti,Pero Antić,Pero Antić,pero-anti,,pending
perry-jones,Perry Jones,Perry Jones,perry-jones,,pending
perry-moss,Perry Moss,Perry Moss,perry-moss,,pending
perry-warbington,Perry Warbington,Perry Warbington,perry-warbington,,pending
perry-young,Perry Young,Perry Young,perry-young,,pending
pervis-ellison,Pervis Ellison,Pervis Ellison,pervis-ellison,,pending
pete-brennan,Pete Brennan,Pete Brennan,pete-brennan,,pending
pete-chilcutt,Pete Chilcutt,Pete Chilcutt,pete-chilcutt,,pending
pete-cross,Pete Cross,Pete Cross,pete-cross,,pending
pete-darcey,Pete Darcey,Pete Darcey,pete-darcey,,pending
pete-maravich,Pete Maravich,Pete Maravich,pete-maravich,,pending
pete-maravich,Pete Maravich*,Pete Maravich*,pete-maravich,,pending
pete-myers,Pete Myers,Pete Myers,pete-myers,,pending
pete-nance,Pete Nance,Pete Nance,pete-nance,,pending
pete-verhoeven,Pete Verhoeven,Pete Verhoeven,pete-verhoeven,,pending
pete-williams,Pete Williams,Pete Williams,pete-williams,,pending
peter-aluma,Peter Aluma,Peter Aluma,peter-aluma,,pending
peter-john-ramos,Peter John Ramos,Peter John Ramos,peter-john-ramos,,pending
peter-thibeaux,Peter Thibeaux,Peter Thibeaux,peter-thibeaux,,pending
petr-cornelie,Petr Cornelie,Petr Cornelie,petr-cornelie,,pending
peyton-siva,Peyton Siva,Peyton Siva,peyton-siva,,pending
peyton-watson,Peyton Watson,Peyton Watson,peyton-watson,,pending
phil-bond,Phil Bond,Phil Bond,phil-bond,,pending
phil-chenier,Phil Chenier,Phil Chenier,phil-chenier,,pending
phil-ford,Phil Ford,Phil Ford,phil-ford,,pending
phil-hankinson,Phil Hankinson,Phil Hankinson,phil-hankinson,,pending
phil-hicks,Phil Hicks,Phil Hicks,phil-hicks,,pending
phil-hubbard,Phil Hubbard,Phil Hubbard,phil-hubbard,,pending
phil-jackson,Phil Jackson,Phil Jackson,phil-jackson,,pending
phil-jackson,Phil Jackson*,Phil Jackson*,phil-jackson,,pending
phil-jordon,Phil Jordon,Phil Jordon,phil-jordon,,pending
phil-lumpkin,Phil Lumpkin,Phil Lumpkin,phil-lumpkin,,pending
phil-martin,Phil Martin,Phil Martin,phil-martin,,pending
phil-pressey,Phil Pressey,Phil Pressey,phil-pressey,,pending
phil-rollins,Phil Rollins,Phil Rollins,phil-rollins,,pending
phil-sellers,Phil Sellers,Phil Sellers,phil-sellers,,pending
phil-smith,Phil Smith,Phil Smith,phil-smith,,pending
phil-walker,Phil Walker,Phil Walker,phil-walker,,pending
phil-zevenbergen,Phil Zevenbergen,Phil Zevenbergen,phil-zevenbergen,,pending
phillip-wheeler,Phillip Wheeler,Phillip Wheeler,phillip-wheeler,,pending
pickles-kennedy,Pickles Kennedy,Pickles Kennedy,pickles-kennedy,,pending
pierre-jackson,Pierre Jackson,Pierre Jackson,pierre-jackson,,pending
plummer-lott,Plummer Lott,Plummer Lott,plummer-lott,,pending
pooh-richardson,Pooh Richardson,Pooh Richardson,pooh-richardson,,pending
popeye-jones,Popeye Jones,Popeye Jones,popeye-jones,,pending
pops-mensah-bonsu,Pops Mensah-Bonsu,Pops Mensah-Bonsu,pops-mensah-bonsu,,pending
porter-meriwether,Porter Meriwether,Porter Meriwether,porter-meriwether,,pending
precious-achiuwa,Precious Achiuwa,Precious Achiuwa,precious-achiuwa,,pending
predrag-drobnjak,Predrag Drobnjak,Predrag Drobnjak,predrag-drobnjak,,pending
predrag-savovi,Predrag Savović,Predrag Savović,predrag-savovi,,pending
priest-lauderdale,Priest Lauderdale,Priest Lauderdale,priest-lauderdale,,pending
primo-brezec,Primož Brezec,Primož Brezec,primo-brezec,,pending
purvis-short,Purvis Short,Purvis Short,purvis-short,,pending
p-tur-gu-mundsson,Pétur Guðmundsson,Pétur Guðmundsson,p-tur-gu-mundsson,,pending
quentin-grimes,Quentin Grimes,Quentin Grimes,quentin-grimes,,pending
quentin-richardson,Quentin Richardson,Quentin Richardson,quentin-richardson,,pending
quenton-jackson,Quenton Jackson,Quenton Jackson,quenton-jackson,,pending
quincy-acy,Quincy Acy,Quincy Acy,quincy-acy,,pending
quincy-douby,Quincy Douby,Quincy Douby,quincy-douby,,pending
quincy-lewis,Quincy Lewis,Quincy Lewis,quincy-lewis,,pending
quincy-miller,Quincy Miller,Quincy Miller,quincy-miller,,pending
quincy-olivari,Quincy Olivari,Quincy Olivari,quincy-olivari,,pending
quincy-pondexter,Quincy Pondexter,Quincy Pondexter,quincy-pondexter,,pending
quinn-buckner,Quinn Buckner,Quinn Buckner,quinn-buckner,,pending
quinn-cook,Quinn Cook,Quinn Cook,quinn-cook,,pending
quinndary-weatherspoon,Quinndary Weatherspoon,Quinndary Weatherspoon,quinndary-weatherspoon,,pending
quinten-post,Quinten Post,Quinten Post,quinten-post,,pending
quintin-dailey,Quintin Dailey,Quintin Dailey,quintin-dailey,,pending
quinton-ross,Quinton Ross,Quinton Ross,quinton-ross,,pending
qyntel-woods,Qyntel Woods,Qyntel Woods,qyntel-woods,,pending
r-j-hampton,R.J. Hampton,R.J. Hampton,r-j-hampton,,pending
r-j-hunter,R.J. Hunter,R.J. Hunter,r-j-hunter,,pending
rj-barrett,RJ Barrett,RJ Barrett,rj-barrett,,pending
rj-nembhard-jr,RJ Nembhard Jr.,RJ Nembhard Jr.,rj-nembhard-jr,,pending
radisav-ur-i,Radisav Ćurčić,Radisav Ćurčić,radisav-ur-i,,pending
raef-lafrentz,Raef LaFrentz,Raef LaFrentz,raef-lafrentz,,pending
rafael-addison,Rafael Addison,Rafael Addison,rafael-addison,,pending
rafael-ara-jo,Rafael Araújo,Rafael Araújo,rafael-ara-jo,,pending
rafer-alston,Rafer Alston,Rafer Alston,rafer-alston,,pending
raiquan-gray,RaiQuan Gray,RaiQuan Gray,raiquan-gray,,pending
raja-bell,Raja Bell,Raja Bell,raja-bell,,pending
rajon-rondo,Rajon Rondo,Rajon Rondo,rajon-rondo,,pending
rakeem-christmas,Rakeem Christmas,Rakeem Christmas,rakeem-christmas,,pending
ralph-davis,Ralph Davis,Ralph Davis,ralph-davis,,pending
ralph-drollinger,Ralph Drollinger,Ralph Drollinger,ralph-drollinger,,pending
ralph-jackson,Ralph Jackson,Ralph Jackson,ralph-jackson,,pending
ralph-johnson,Ralph Johnson,Ralph Johnson,ralph-johnson,,pending
ralph-lewis,Ralph Lewis,Ralph Lewis,ralph-lewis,,pending
ralph-o-brien,Ralph O'Brien,Ralph O'Brien,ralph-o-brien,,pending
ralph-ogden,Ralph Ogden,Ralph Ogden,ralph-ogden,,pending
ralph-polson,Ralph Polson,Ralph Polson,ralph-polson,,pending
ralph-sampson,Ralph Sampson,Ralph Sampson,ralph-sampson,,pending
ralph-sampson,Ralph Sampson*,Ralph Sampson*,ralph-sampson,,pending
ralph-simpson,Ralph Simpson,Ralph Simpson,ralph-simpson,,pending
ralph-wells,Ralph Wells,Ralph Wells,ralph-wells,,pending
ramon-sessions,Ramon Sessions,Ramon Sessions,ramon-sessions,,pending
ram-n-rivas,Ramón Rivas,Ramón Rivas,ram-n-rivas,,pending
randell-jackson,Randell Jackson,Randell Jackson,randell-jackson,,pending
randolph-childress,Randolph Childress,Randolph Childress,randolph-childress,,pending
randolph-keys,Randolph Keys,Randolph Keys,randolph-keys,,pending
randolph-morris,Randolph Morris,Randolph Morris,randolph-morris,,pending
randy-allen,Randy Allen,Randy Allen,randy-allen,,pending
randy-breuer,Randy Breuer,Randy Breuer,randy-breuer,,pending
randy-brown,Randy Brown,Randy Brown,randy-brown,,pending
randy-denton,Randy Denton,Randy Denton,randy-denton,,pending
randy-foye,Randy Foye,Randy Foye,randy-foye,,pending
randy-holcomb,Randy Holcomb,Randy Holcomb,randy-holcomb,,pending
randy-livingston,Randy Livingston,Randy Livingston,randy-livingston,,pending
randy-smith,Randy Smith,Randy Smith,randy-smith,,pending
randy-white,Randy White,Randy White,randy-white,,pending
randy-wittman,Randy Wittman,Randy Wittman,randy-wittman,,pending
randy-woods,Randy Woods,Randy Woods,randy-woods,,pending
rashad-mccants,Rashad McCants,Rashad McCants,rashad-mccants,,pending
rashad-vaughn,Rashad Vaughn,Rashad Vaughn,rashad-vaughn,,pending
rashard-lewis,Rashard Lewis,Rashard Lewis,rashard-lewis,,pending
rasheed-wallace,Rasheed Wallace,Rasheed Wallace,rasheed-wallace,,pending
rasheer-fleming,Rasheer Fleming,Rasheer Fleming,rasheer-fleming,,pending
rasho-nesterovi,Rasho Nesterović,Rasho Nesterović,rasho-nesterovi,,pending
rastko-cvetkovi,Rastko Cvetković,Rastko Cvetković,rastko-cvetkovi,,pending
rasual-butler,Rasual Butler,Rasual Butler,rasual-butler,,pending
ratko-varda,Ratko Varda,Ratko Varda,ratko-varda,,pending
raul-neto,Raul Neto,Raul Neto,raul-neto,,pending
rawle-alkins,Rawle Alkins,Rawle Alkins,rawle-alkins,,pending
rawle-marshall,Rawle Marshall,Rawle Marshall,rawle-marshall,,pending
ray-allen,Ray Allen,Ray Allen,ray-allen,,pending
ray-allen,Ray Allen*,Ray Allen*,ray-allen,,pending
ray-blume,Ray Blume,Ray Blume,ray-blume,,pending
ray-corley,Ray Corley,Ray Corley,ray-corley,,pending
ray-epps,Ray Epps,Ray Epps,ray-epps,,pending
ray-felix,Ray Felix,Ray Felix,ray-felix,,pending
ray-lumpp,Ray Lumpp,Ray Lumpp,ray-lumpp,,pending
ray-mccallum,Ray McCallum,Ray McCallum,ray-mccallum,,pending
ray-owes,Ray Owes,Ray Owes,ray-owes,,pending
ray-radziszewski,Ray Radziszewski,Ray Radziszewski,ray-radziszewski,,pending
ray-ragelis,Ray Ragelis,Ray Ragelis,ray-ragelis,,pending
ray-scott,Ray Scott,Ray Scott,ray-scott,,pending
ray-spalding,Ray Spalding,Ray Spalding,ray-spalding,,pending
ray-tolbert,Ray Tolbert,Ray Tolbert,ray-tolbert,,pending
ray-williams,Ray Williams,Ray Williams,ray-williams,,pending
rayj-dennis,RayJ Dennis,RayJ Dennis,rayj-dennis,,pending
rayan-rupert,Rayan Rupert,Rayan Rupert,rayan-rupert,,pending
rayjon-tucker,Rayjon Tucker,Rayjon Tucker,rayjon-tucker,,pending
raymond-brown,Raymond Brown,Raymond Brown,raymond-brown,,pending
raymond-felton,Raymond Felton,Raymond Felton,raymond-felton,,pending
raymond-townsend,Raymond Townsend,Raymond Townsend,raymond-townsend,,pending
ra-l-l-pez,Raül López,Raül López,ra-l-l-pez,,pending
red-davis,Red Davis,Red Davis,red-davis,,pending
red-holzman,Red Holzman,Red Holzman,red-holzman,,pending
red-holzman,Red Holzman*,Red Holzman*,red-holzman,,pending
red-kerr,Red Kerr,Red Kerr,red-kerr,,pending
red-morrison,Red Morrison,Red Morrison,red-morrison,,pending
red-owens,Red Owens,Red Owens,red-owens,,pending
red-rocha,Red Rocha,Red Rocha,red-rocha,,pending
reece-beekman,Reece Beekman,Reece Beekman,reece-beekman,,pending
reece-gaines,Reece Gaines,Reece Gaines,reece-gaines,,pending
reed-sheppard,Reed Sheppard,Reed Sheppard,reed-sheppard,,pending
reggie-bullock,Reggie Bullock,Reggie Bullock,reggie-bullock,,pending
reggie-carter,Reggie Carter,Reggie Carter,reggie-carter,,pending
reggie-evans,Reggie Evans,Reggie Evans,reggie-evans,,pending
reggie-geary,Reggie Geary,Reggie Geary,reggie-geary,,pending
reggie-hanson,Reggie Hanson,Reggie Hanson,reggie-hanson,,pending
reggie-harding,Reggie Harding,Reggie Harding,reggie-harding,,pending
reggie-hearn,Reggie Hearn,Reggie Hearn,reggie-hearn,,pending
reggie-jackson,Reggie Jackson,Reggie Jackson,reggie-jackson,,pending
reggie-johnson,Reggie Johnson,Reggie Johnson,reggie-johnson,,pending
reggie-jordan,Reggie Jordan,Reggie Jordan,reggie-jordan,,pending
reggie-king,Reggie King,Reggie King,reggie-king,,pending
reggie-lewis,Reggie Lewis,Reggie Lewis,reggie-lewis,,pending
reggie-miller,Reggie Miller,Reggie Miller,reggie-miller,,pending
reggie-miller,Reggie Miller*,Reggie Miller*,reggie-miller,,pending
reggie-perry,Reggie Perry,Reggie Perry,reggie-perry,,pending
reggie-slater,Reggie Slater,Reggie Slater,reggie-slater,,pending
reggie-smith,Reggie Smith,Reggie Smith,reggie-smith,,pending
reggie-theus,Reggie Theus,Reggie Theus,reggie-theus,,pending
reggie-williams,Reggie Williams,Reggie Williams,reggie-williams,,pending
renaldo-balkman,Renaldo Balkman,Renaldo Balkman,renaldo-balkman,,pending
renaldo-major,Renaldo Major,Renaldo Major,renaldo-major,,pending
rex-chapman,Rex Chapman,Rex Chapman,rex-chapman,,pending
rex-morgan,Rex Morgan,Rex Morgan,rex-morgan,,pending
rex-walters,Rex Walters,Rex Walters,rex-walters,,pending
rich-eichhorst,Rich Eichhorst,Rich Eichhorst,rich-eichhorst,,pending
rich-johnson,Rich Johnson,Rich Johnson,rich-johnson,,pending
rich-jones,Rich Jones,Rich Jones,rich-jones,,pending
rich-kelley,Rich Kelley,Rich Kelley,rich-kelley,,pending
rich-king,Rich King,Rich King,rich-king,,pending
rich-laurel,Rich Laurel,Rich Laurel,rich-laurel,,pending
rich-manning,Rich Manning,Rich Manning,rich-manning,,pending
rich-niemann,Rich Niemann,Rich Niemann,rich-niemann,,pending
rich-rinaldi,Rich Rinaldi,Rich Rinaldi,rich-rinaldi,,pending
rich-yonakor,Rich Yonakor,Rich Yonakor,rich-yonakor,,pending
richard-anderson,Richard Anderson,Richard Anderson,richard-anderson,,pending
richard-coffey,Richard Coffey,Richard Coffey,richard-coffey,,pending
richard-dumas,Richard Dumas,Richard Dumas,richard-dumas,,pending
richard-hamilton,Richard Hamilton,Richard Hamilton,richard-hamilton,,pending
richard-jefferson,Richard Jefferson,Richard Jefferson,richard-jefferson,,pending
richard-morton,Richard Morton,Richard Morton,richard-morton,,pending
richard-petru-ka,Richard Petruška,Richard Petruška,richard-petru-ka,,pending
richard-rellford,Richard Rellford,Richard Rellford,richard-rellford,,pending
richard-washington,Richard Washington,Richard Washington,richard-washington,,pending
richaun-holmes,Richaun Holmes,Richaun Holmes,richaun-holmes,,pending
richie-frahm,Richie Frahm,Richie Frahm,richie-frahm,,pending
richie-guerin,Richie Guerin,Richie Guerin,richie-guerin,,pending
richie-guerin,Richie Guerin*,Richie Guerin*,richie-guerin,,pending
richie-regan,Richie Regan,Richie Regan,richie-regan,,pending
rick-adelman,Rick Adelman,Rick Adelman,rick-adelman,,pending
rick-adelman,Rick Adelman*,Rick Adelman*,rick-adelman,,pending
rick-barry,Rick Barry,Rick Barry,rick-barry,,pending
rick-barry,Rick Barry*,Rick Barry*,rick-barry,,pending
rick-brunson,Rick Brunson,Rick Brunson,rick-brunson,,pending
rick-calloway,Rick Calloway,Rick Calloway,rick-calloway,,pending
rick-carlisle,Rick Carlisle,Rick Carlisle,rick-carlisle,,pending
rick-fox,Rick Fox,Rick Fox,rick-fox,,pending
rick-hughes,Rick Hughes,Rick Hughes,rick-hughes,,pending
rick-mahorn,Rick Mahorn,Rick Mahorn,rick-mahorn,,pending
rick-roberson,Rick Roberson,Rick Roberson,rick-roberson,,pending
rick-robey,Rick Robey,Rick Robey,rick-robey,,pending
rick-weitzman,Rick Weitzman,Rick Weitzman,rick-weitzman,,pending
rick-wilson,Rick Wilson,Rick Wilson,rick-wilson,,pending
rickey-brown,Rickey Brown,Rickey Brown,rickey-brown,,pending
rickey-green,Rickey Green,Rickey Green,rickey-green,,pending
rickey-williams,Rickey Williams,Rickey Williams,rickey-williams,,pending
rickie-winslow,Rickie Winslow,Rickie Winslow,rickie-winslow,,pending
ricky-berry,Ricky Berry,Ricky Berry,ricky-berry,,pending
ricky-blanton,Ricky Blanton,Ricky Blanton,ricky-blanton,,pending
ricky-council-iv,Ricky Council IV,Ricky Council IV,ricky-council-iv,,pending
ricky-davis,Ricky Davis,Ricky Davis,ricky-davis,,pending
ricky-grace,Ricky Grace,Ricky Grace,ricky-grace,,pending
ricky-ledo,Ricky Ledo,Ricky Ledo,ricky-ledo,,pending
ricky-marsh,Ricky Marsh,Ricky Marsh,ricky-marsh,,pending
ricky-pierce,Ricky Pierce,Ricky Pierce,ricky-pierce,,pending
ricky-rubio,Ricky Rubio,Ricky Rubio,ricky-rubio,,pending
ricky-sobers,Ricky Sobers,Ricky Sobers,ricky-sobers,,pending
ricky-wilson,Ricky Wilson,Ricky Wilson,ricky-wilson,,pending
rik-smits,Rik Smits,Rik Smits,rik-smits,,pending
riley-minix,Riley Minix,Riley Minix,riley-minix,,pending
rob-dillingham,Rob Dillingham,Rob Dillingham,rob-dillingham,,pending
rob-edwards,Rob Edwards,Rob Edwards,rob-edwards,,pending
rob-kurz,Rob Kurz,Rob Kurz,rob-kurz,,pending
rob-lock,Rob Lock,Rob Lock,rob-lock,,pending
rob-rose,Rob Rose,Rob Rose,rob-rose,,pending
rob-williams,Rob Williams,Rob Williams,rob-williams,,pending
robbie-hummel,Robbie Hummel,Robbie Hummel,robbie-hummel,,pending
robert-archibald,Robert Archibald,Robert Archibald,robert-archibald,,pending
robert-churchwell,Robert Churchwell,Robert Churchwell,robert-churchwell,,pending
robert-covington,Robert Covington,Robert Covington,robert-covington,,pending
robert-franks,Robert Franks,Robert Franks,robert-franks,,pending
robert-hite,Robert Hite,Robert Hite,robert-hite,,pending
robert-horry,Robert Horry,Robert Horry,robert-horry,,pending
robert-pack,Robert Pack,Robert Pack,robert-pack,,pending
robert-parish,Robert Parish,Robert Parish,robert-parish,,pending
robert-parish,Robert Parish*,Robert Parish*,robert-parish,,pending
robert-reid,Robert Reid,Robert Reid,robert-reid,,pending
robert-sacre,Robert Sacre,Robert Sacre,robert-sacre,,pending
robert-smith,Robert Smith,Robert Smith,robert-smith,,pending
robert-swift,Robert Swift,Robert Swift,robert-swift,,pending
robert-traylor,Robert Traylor,Robert Traylor,robert-traylor,,pending
robert-werdann,Robert Werdann,Robert Werdann,robert-werdann,,pending
robert-whaley,Robert Whaley,Robert Whaley,robert-whaley,,pending
robert-williams,Robert Williams,Robert Williams,robert-williams,,pending
robert-woodard-ii,Robert Woodard II,Robert Woodard II,robert-woodard-ii,,pending
robin-jones,Robin Jones,Robin Jones,robin-jones,,pending
robin-lopez,Robin Lopez,Robin Lopez,robin-lopez,,pending
rocco-zikarsky,Rocco Zikarsky,Rocco Zikarsky,rocco-zikarsky,,pending
rock-lee,Rock Lee,Rock Lee,rock-lee,,pending
rod-derline,Rod Derline,Rod Derline,rod-derline,,pending
rod-foster,Rod Foster,Rod Foster,rod-foster,,pending
rod-freeman,Rod Freeman,Rod Freeman,rod-freeman,,pending
rod-higgins,Rod Higgins,Rod Higgins,rod-higgins,,pending
rod-knowles,Rod Knowles,Rod Knowles,rod-knowles,,pending
rod-strickland,Rod Strickland,Rod Strickland,rod-strickland,,pending
rod-thorn,Rod Thorn,Rod Thorn,rod-thorn,,pending
rod-thorn,Rod Thorn*,Rod Thorn*,rod-thorn,,pending
rodions-kurucs,Rodions Kurucs,Rodions Kurucs,rodions-kurucs,,pending
rodney-buford,Rodney Buford,Rodney Buford,rodney-buford,,pending
rodney-carney,Rodney Carney,Rodney Carney,rodney-carney,,pending
rodney-hood,Rodney Hood,Rodney Hood,rodney-hood,,pending
rodney-mccray,Rodney McCray,Rodney McCray,rodney-mccray,,pending
rodney-mcgruder,Rodney McGruder,Rodney McGruder,rodney-mcgruder,,pending
rodney-monroe,Rodney Monroe,Rodney Monroe,rodney-monroe,,pending
rodney-purvis,Rodney Purvis,Rodney Purvis,rodney-purvis,,pending
rodney-rogers,Rodney Rogers,Rodney Rogers,rodney-rogers,,pending
rodney-stuckey,Rodney Stuckey,Rodney Stuckey,rodney-stuckey,,pending
rodney-white,Rodney White,Rodney White,rodney-white,,pending
rodrick-rhodes,Rodrick Rhodes,Rodrick Rhodes,rodrick-rhodes,,pending
rodrigue-beaubois,Rodrigue Beaubois,Rodrigue Beaubois,rodrigue-beaubois,,pending
roger-brown,Roger Brown,Roger Brown,roger-brown,,pending
roger-burkman,Roger Burkman,Roger Burkman,roger-burkman,,pending
roger-mason,Roger Mason,Roger Mason,roger-mason,,pending
roger-phegley,Roger Phegley,Roger Phegley,roger-phegley,,pending
roger-powell,Roger Powell,Roger Powell,roger-powell,,pending
roger-strickland,Roger Strickland,Roger Strickland,roger-strickland,,pending
roko-uki,Roko Ukić,Roko Ukić,roko-uki,,pending
roland-west,Roland West,Roland West,roland-west,,pending
rolando-blackman,Rolando Blackman,Rolando Blackman,rolando-blackman,,pending
rolando-ferreira,Rolando Ferreira,Rolando Ferreira,rolando-ferreira,,pending
rollen-hans,Rollen Hans,Rollen Hans,rollen-hans,,pending
romeo-langford,Romeo Langford,Romeo Langford,romeo-langford,,pending
ron-anderson,Ron Anderson,Ron Anderson,ron-anderson,,pending
ron-baker,Ron Baker,Ron Baker,ron-baker,,pending
ron-behagen,Ron Behagen,Ron Behagen,ron-behagen,,pending
ron-bonham,Ron Bonham,Ron Bonham,ron-bonham,,pending
ron-boone,Ron Boone,Ron Boone,ron-boone,,pending
ron-brewer,Ron Brewer,Ron Brewer,ron-brewer,,pending
ron-carter,Ron Carter,Ron Carter,ron-carter,,pending
ron-cavenall,Ron Cavenall,Ron Cavenall,ron-cavenall,,pending
ron-crevier,Ron Crevier,Ron Crevier,ron-crevier,,pending
ron-davis,Ron Davis,Ron Davis,ron-davis,,pending
ron-feiereisel,Ron Feiereisel,Ron Feiereisel,ron-feiereisel,,pending
ron-filipek,Ron Filipek,Ron Filipek,ron-filipek,,pending
ron-grandison,Ron Grandison,Ron Grandison,ron-grandison,,pending
ron-harper,Ron Harper,Ron Harper,ron-harper,,pending
ron-harper-jr,Ron Harper Jr.,Ron Harper Jr.,ron-harper-jr,,pending
ron-holland,Ron Holland,Ron Holland,ron-holland,,pending
ron-horn,Ron Horn,Ron Horn,ron-horn,,pending
ron-johnson,Ron Johnson,Ron Johnson,ron-johnson,,pending
ron-knight,Ron Knight,Ron Knight,ron-knight,,pending
ron-lee,Ron Lee,Ron Lee,ron-lee,,pending
ron-mercer,Ron Mercer,Ron Mercer,ron-mercer,,pending
ron-moore,Ron Moore,Ron Moore,ron-moore,,pending
ron-reed,Ron Reed,Ron Reed,ron-reed,,pending
ron-riley,Ron Riley,Ron Riley,ron-riley,,pending
ron-rowan,Ron Rowan,Ron Rowan,ron-rowan,,pending
ron-shavlik,Ron Shavlik,Ron Shavlik,ron-shavlik,,pending
ron-sobie,Ron Sobie,Ron Sobie,ron-sobie,,pending
ron-watts,Ron Watts,Ron Watts,ron-watts,,pending
ron-williams,Ron Williams,Ron Williams,ron-williams,,pending
ronald-dupree,Ronald Dupree,Ronald Dupree,ronald-dupree,,pending
ronald-murray,Ronald Murray,Ronald Murray,ronald-murray,,pending
rondae-hollis-jefferson,Rondae Hollis-Jefferson,Rondae Hollis-Jefferson,rondae-hollis-jefferson,,pending
ronnie-brewer,Ronnie Brewer,Ronnie Brewer,ronnie-brewer,,pending
ronnie-lester,Ronnie Lester,Ronnie Lester,ronnie-lester,,pending
ronnie-macgilvray,Ronnie MacGilvray,Ronnie MacGilvray,ronnie-macgilvray,,pending
ronnie-murphy,Ronnie Murphy,Ronnie Murphy,ronnie-murphy,,pending
ronnie-price,Ronnie Price,Ronnie Price,ronnie-price,,pending
ronnie-valentine,Ronnie Valentine,Ronnie Valentine,ronnie-valentine,,pending
ronny-turiaf,Ronny Turiaf,Ronny Turiaf,ronny-turiaf,,pending
rony-seikaly,Rony Seikaly,Rony Seikaly,rony-seikaly,,pending
rory-sparrow,Rory Sparrow,Rory Sparrow,rory-sparrow,,pending
rory-white,Rory White,Rory White,rory-white,,pending
roshown-mcleod,Roshown McLeod,Roshown McLeod,roshown-mcleod,,pending
rowland-garrett,Rowland Garrett,Rowland Garrett,rowland-garrett,,pending
roy-hamilton,Roy Hamilton,Roy Hamilton,roy-hamilton,,pending
roy-hibbert,Roy Hibbert,Roy Hibbert,roy-hibbert,,pending
roy-hinson,Roy Hinson,Roy Hinson,roy-hinson,,pending
roy-marble,Roy Marble,Roy Marble,roy-marble,,pending
roy-rogers,Roy Rogers,Roy Rogers,roy-rogers,,pending
roy-tarpley,Roy Tarpley,Roy Tarpley,roy-tarpley,,pending
royal-ivey,Royal Ivey,Royal Ivey,royal-ivey,,pending
royce-o-neale,Royce O'Neale,Royce O'Neale,royce-o-neale,,pending
royce-white,Royce White,Royce White,royce-white,,pending
ruben-boumtje-boumtje,Ruben Boumtje-Boumtje,Ruben Boumtje-Boumtje,ruben-boumtje-boumtje,,pending
ruben-nembhard,Ruben Nembhard,Ruben Nembhard,ruben-nembhard,,pending
ruben-patterson,Ruben Patterson,Ruben Patterson,ruben-patterson,,pending
rub-n-garc-s,Rubén Garcés,Rubén Garcés,rub-n-garc-s,,pending
rub-n-wolkowyski,Rubén Wolkowyski,Rubén Wolkowyski,rub-n-wolkowyski,,pending
rudy-fern-ndez,Rudy Fernández,Rudy Fernández,rudy-fern-ndez,,pending
rudy-gay,Rudy Gay,Rudy Gay,rudy-gay,,pending
rudy-gobert,Rudy Gobert,Rudy Gobert,rudy-gobert,,pending
rudy-hackett,Rudy Hackett,Rudy Hackett,rudy-hackett,,pending
rudy-larusso,Rudy LaRusso,Rudy LaRusso,rudy-larusso,,pending
rudy-macklin,Rudy Macklin,Rudy Macklin,rudy-macklin,,pending
rudy-tomjanovich,Rudy Tomjanovich,Rudy Tomjanovich,rudy-tomjanovich,,pending
rudy-tomjanovich,Rudy Tomjanovich*,Rudy Tomjanovich*,rudy-tomjanovich,,pending
rudy-white,Rudy White,Rudy White,rudy-white,,pending
rui-hachimura,Rui Hachimura,Rui Hachimura,rui-hachimura,,pending
rumeal-robinson,Rumeal Robinson,Rumeal Robinson,rumeal-robinson,,pending
russ-lee,Russ Lee,Russ Lee,russ-lee,,pending
russ-schoene,Russ Schoene,Russ Schoene,russ-schoene,,pending
russ-smith,Russ Smith,Russ Smith,russ-smith,,pending
russell-cross,Russell Cross,Russell Cross,russell-cross,,pending
russell-westbrook,Russell Westbrook,Russell Westbrook,russell-westbrook,,pending
rusty-larue,Rusty LaRue,Rusty LaRue,rusty-larue,,pending
ryan-anderson,Ryan Anderson,Ryan Anderson,ryan-anderson,,pending
ryan-arcidiacono,Ryan Arcidiacono,Ryan Arcidiacono,ryan-arcidiacono,,pending
ryan-bowen,Ryan Bowen,Ryan Bowen,ryan-bowen,,pending
ryan-broekhoff,Ryan Broekhoff,Ryan Broekhoff,ryan-broekhoff,,pending
ryan-dunn,Ryan Dunn,Ryan Dunn,ryan-dunn,,pending
ryan-gomes,Ryan Gomes,Ryan Gomes,ryan-gomes,,pending
ryan-hollins,Ryan Hollins,Ryan Hollins,ryan-hollins,,pending
ryan-humphrey,Ryan Humphrey,Ryan Humphrey,ryan-humphrey,,pending
ryan-kalkbrenner,Ryan Kalkbrenner,Ryan Kalkbrenner,ryan-kalkbrenner,,pending
ryan-kelly,Ryan Kelly,Ryan Kelly,ryan-kelly,,pending
ryan-lorthridge,Ryan Lorthridge,Ryan Lorthridge,ryan-lorthridge,,pending
ryan-nembhard,Ryan Nembhard,Ryan Nembhard,ryan-nembhard,,pending
ryan-reid,Ryan Reid,Ryan Reid,ryan-reid,,pending
ryan-robertson,Ryan Robertson,Ryan Robertson,ryan-robertson,,pending
ryan-rollins,Ryan Rollins,Ryan Rollins,ryan-rollins,,pending
ryan-stack,Ryan Stack,Ryan Stack,ryan-stack,,pending
saben-lee,Saben Lee,Saben Lee,saben-lee,,pending
saddiq-bey,Saddiq Bey,Saddiq Bey,saddiq-bey,,pending
salah-mejri,Salah Mejri,Salah Mejri,salah-mejri,,pending
salim-stoudamire,Salim Stoudamire,Salim Stoudamire,salim-stoudamire,,pending
sam-bowie,Sam Bowie,Sam Bowie,sam-bowie,,pending
sam-cassell,Sam Cassell,Sam Cassell,sam-cassell,,pending
sam-dekker,Sam Dekker,Sam Dekker,sam-dekker,,pending
sam-hauser,Sam Hauser,Sam Hauser,sam-hauser,,pending
sam-jacobson,Sam Jacobson,Sam Jacobson,sam-jacobson,,pending
sam-jones,Sam Jones,Sam Jones,sam-jones,,pending
sam-jones,Sam Jones*,Sam Jones*,sam-jones,,pending
sam-lacey,Sam Lacey,Sam Lacey,sam-lacey,,pending
sam-mack,Sam Mack,Sam Mack,sam-mack,,pending
sam-merrill,Sam Merrill,Sam Merrill,sam-merrill,,pending
sam-mitchell,Sam Mitchell,Sam Mitchell,sam-mitchell,,pending
sam-pellom,Sam Pellom,Sam Pellom,sam-pellom,,pending
sam-perkins,Sam Perkins,Sam Perkins,sam-perkins,,pending
sam-ranzino,Sam Ranzino,Sam Ranzino,sam-ranzino,,pending
sam-sibert,Sam Sibert,Sam Sibert,sam-sibert,,pending
sam-smith,Sam Smith,Sam Smith,sam-smith,,pending
sam-stith,Sam Stith,Sam Stith,sam-stith,,pending
sam-vincent,Sam Vincent,Sam Vincent,sam-vincent,,pending
sam-williams,Sam Williams,Sam Williams,sam-williams,,pending
sam-worthen,Sam Worthen,Sam Worthen,sam-worthen,,pending
sam-young,Sam Young,Sam Young,sam-young,,pending
samaki-walker,Samaki Walker,Samaki Walker,samaki-walker,,pending
samardo-samuels,Samardo Samuels,Samardo Samuels,samardo-samuels,,pending
samuel-dalembert,Samuel Dalembert,Samuel Dalembert,samuel-dalembert,,pending
sandro-mamukelashvili,Sandro Mamukelashvili,Sandro Mamukelashvili,sandro-mamukelashvili,,pending
santi-aldama,Santi Aldama,Santi Aldama,santi-aldama,,pending
sasha-danilovi,Sasha Danilović,Sasha Danilović,sasha-danilovi,,pending
sasha-kaun,Sasha Kaun,Sasha Kaun,sasha-kaun,,pending
sasha-pavlovi,Sasha Pavlović,Sasha Pavlović,sasha-pavlovi,,pending
sasha-vezenkov,Sasha Vezenkov,Sasha Vezenkov,sasha-vezenkov,,pending
sasha-vuja-i,Sasha Vujačić,Sasha Vujačić,sasha-vuja-i,,pending
scoot-henderson,Scoot Henderson,Scoot Henderson,scoot-henderson,,pending
scooter-mccray,Scooter McCray,Scooter McCray,scooter-mccray,,pending
scot-pollard,Scot Pollard,Scot Pollard,scot-pollard,,pending
scott-brooks,Scott Brooks,Scott Brooks,scott-brooks,,pending
scott-burrell,Scott Burrell,Scott Burrell,scott-burrell,,pending
scott-english,Scott English,Scott English,scott-english,,pending
scott-haffner,Scott Haffner,Scott Haffner,scott-haffner,,pending
scott-haskin,Scott Haskin,Scott Haskin,scott-haskin,,pending
scott-hastings,Scott Hastings,Scott Hastings,scott-hastings,,pending
scott-lloyd,Scott Lloyd,Scott Lloyd,scott-lloyd,,pending
scott-machado,Scott Machado,Scott Machado,scott-machado,,pending
scott-may,Scott May,Scott May,scott-may,,pending
scott-meents,Scott Meents,Scott Meents,scott-meents,,pending
scott-padgett,Scott Padgett,Scott Padgett,scott-padgett,,pending
scott-roth,Scott Roth,Scott Roth,scott-roth,,pending
scott-sims,Scott Sims,Scott Sims,scott-sims,,pending
scott-skiles,Scott Skiles,Scott Skiles,scott-skiles,,pending
scott-wedman,Scott Wedman,Scott Wedman,scott-wedman,,pending
scott-williams,Scott Williams,Scott Williams,scott-williams,,pending
scottie-barnes,Scottie Barnes,Scottie Barnes,scottie-barnes,,pending
scottie-lewis,Scottie Lewis,Scottie Lewis,scottie-lewis,,pending
scottie-pippen,Scottie Pippen,Scottie Pippen,scottie-pippen,,pending
scottie-pippen,Scottie Pippen*,Scottie Pippen*,scottie-pippen,,pending
scotty-hopson,Scotty Hopson,Scotty Hopson,scotty-hopson,,pending
scotty-pippen-jr,Scotty Pippen Jr.,Scotty Pippen Jr.,scotty-pippen-jr,,pending
sean-colson,Sean Colson,Sean Colson,sean-colson,,pending
sean-elliott,Sean Elliott,Sean Elliott,sean-elliott,,pending
sean-green,Sean Green,Sean Green,sean-green,,pending
sean-higgins,Sean Higgins,Sean Higgins,sean-higgins,,pending
sean-kilpatrick,Sean Kilpatrick,Sean Kilpatrick,sean-kilpatrick,,pending
sean-lampley,Sean Lampley,Sean Lampley,sean-lampley,,pending
sean-marks,Sean Marks,Sean Marks,sean-marks,,pending
sean-may,Sean May,Sean May,sean-may,,pending
sean-mcdermott,Sean McDermott,Sean McDermott,sean-mcdermott,,pending
sean-pedulla,Sean Pedulla,Sean Pedulla,sean-pedulla,,pending
sean-rooks,Sean Rooks,Sean Rooks,sean-rooks,,pending
sean-singletary,Sean Singletary,Sean Singletary,sean-singletary,,pending
sean-williams,Sean Williams,Sean Williams,sean-williams,,pending
sebastian-telfair,Sebastian Telfair,Sebastian Telfair,sebastian-telfair,,pending
sedale-threatt,Sedale Threatt,Sedale Threatt,sedale-threatt,,pending
sedric-toney,Sedric Toney,Sedric Toney,sedric-toney,,pending
sekou-doumbouya,Sekou Doumbouya,Sekou Doumbouya,sekou-doumbouya,,pending
semaj-christon,Semaj Christon,Semaj Christon,semaj-christon,,pending
semi-ojeleye,Semi Ojeleye,Semi Ojeleye,semi-ojeleye,,pending
semih-erden,Semih Erden,Semih Erden,semih-erden,,pending
serge-ibaka,Serge Ibaka,Serge Ibaka,serge-ibaka,,pending
sergei-bazarevich,Sergei Bazarevich,Sergei Bazarevich,sergei-bazarevich,,pending
sergei-monia,Sergei Monia,Sergei Monia,sergei-monia,,pending
sergey-karasev,Sergey Karasev,Sergey Karasev,sergey-karasev,,pending
sergio-rodr-guez,Sergio Rodríguez,Sergio Rodríguez,sergio-rodr-guez,,pending
seth-curry,Seth Curry,Seth Curry,seth-curry,,pending
seth-lundy,Seth Lundy,Seth Lundy,seth-lundy,,pending
shabazz-muhammad,Shabazz Muhammad,Shabazz Muhammad,shabazz-muhammad,,pending
shabazz-napier,Shabazz Napier,Shabazz Napier,shabazz-napier,,pending
shaedon-sharpe,Shaedon Sharpe,Shaedon Sharpe,shaedon-sharpe,,pending
shai-gilgeous-alexander,Shai Gilgeous-Alexander,Shai Gilgeous-Alexander,shai-gilgeous-alexander,,pending
shake-milton,Shake Milton,Shake Milton,shake-milton,,pending
shaler-halimon,Shaler Halimon,Shaler Halimon,shaler-halimon,,pending
shammond-williams,Shammond Williams,Shammond Williams,shammond-williams,,pending
shamorie-ponds,Shamorie Ponds,Shamorie Ponds,shamorie-ponds,,pending
shandon-anderson,Shandon Anderson,Shandon Anderson,shandon-anderson,,pending
shane-battier,Shane Battier,Shane Battier,shane-battier,,pending
shane-edwards,Shane Edwards,Shane Edwards,shane-edwards,,pending
shane-heal,Shane Heal,Shane Heal,shane-heal,,pending
shane-larkin,Shane Larkin,Shane Larkin,shane-larkin,,pending
shannon-brown,Shannon Brown,Shannon Brown,shannon-brown,,pending
shaq-buchanan,Shaq Buchanan,Shaq Buchanan,shaq-buchanan,,pending
shaquille-harrison,Shaquille Harrison,Shaquille Harrison,shaquille-harrison,,pending
shaquille-o-neal,Shaquille O'Neal,Shaquille O'Neal,shaquille-o-neal,,pending
shaquille-o-neal,Shaquille O'Neal*,Shaquille O'Neal*,shaquille-o-neal,,pending
shareef-abdur-rahim,Shareef Abdur-Rahim,Shareef Abdur-Rahim,shareef-abdur-rahim,,pending
sharife-cooper,Sharife Cooper,Sharife Cooper,sharife-cooper,,pending
sharone-wright,Sharone Wright,Sharone Wright,sharone-wright,,pending
sharrod-ford,Sharrod Ford,Sharrod Ford,sharrod-ford,,pending
shaun-livingston,Shaun Livingston,Shaun Livingston,shaun-livingston,,pending
shavlik-randolph,Shavlik Randolph,Shavlik Randolph,shavlik-randolph,,pending
shawn-bradley,Shawn Bradley,Shawn Bradley,shawn-bradley,,pending
shawn-kemp,Shawn Kemp,Shawn Kemp,shawn-kemp,,pending
shawn-long,Shawn Long,Shawn Long,shawn-long,,pending
shawn-marion,Shawn Marion,Shawn Marion,shawn-marion,,pending
shawn-respert,Shawn Respert,Shawn Respert,shawn-respert,,pending
shawne-williams,Shawne Williams,Shawne Williams,shawne-williams,,pending
shawnelle-scott,Shawnelle Scott,Shawnelle Scott,shawnelle-scott,,pending
shayne-whittington,Shayne Whittington,Shayne Whittington,shayne-whittington,,pending
shea-seals,Shea Seals,Shea Seals,shea-seals,,pending
shelden-williams,Shelden Williams,Shelden Williams,shelden-williams,,pending
sheldon-mac,Sheldon Mac,Sheldon Mac,sheldon-mac,,pending
shellie-mcmillon,Shellie McMillon,Shellie McMillon,shellie-mcmillon,,pending
shelton-jones,Shelton Jones,Shelton Jones,shelton-jones,,pending
shelvin-mack,Shelvin Mack,Shelvin Mack,shelvin-mack,,pending
sherell-ford,Sherell Ford,Sherell Ford,sherell-ford,,pending
sherman-douglas,Sherman Douglas,Sherman Douglas,sherman-douglas,,pending
sherron-collins,Sherron Collins,Sherron Collins,sherron-collins,,pending
sherwin-raiken,Sherwin Raiken,Sherwin Raiken,sherwin-raiken,,pending
si-green,Si Green,Si Green,si-green,,pending
sid-catlett,Sid Catlett,Sid Catlett,sid-catlett,,pending
sidney-green,Sidney Green,Sidney Green,sidney-green,,pending
sidney-lowe,Sidney Lowe,Sidney Lowe,sidney-lowe,,pending
sidney-moncrief,Sidney Moncrief,Sidney Moncrief,sidney-moncrief,,pending
sidney-moncrief,Sidney Moncrief*,Sidney Moncrief*,sidney-moncrief,,pending
sidney-wicks,Sidney Wicks,Sidney Wicks,sidney-wicks,,pending
sidy-cissoko,Sidy Cissoko,Sidy Cissoko,sidy-cissoko,,pending
sim-bhullar,Sim Bhullar,Sim Bhullar,sim-bhullar,,pending
simone-fontecchio,Simone Fontecchio,Simone Fontecchio,simone-fontecchio,,pending
sindarius-thornwell,Sindarius Thornwell,Sindarius Thornwell,sindarius-thornwell,,pending
sion-james,Sion James,Sion James,sion-james,,pending
skal-labissi-re,Skal Labissière,Skal Labissière,skal-labissi-re,,pending
skeeter-henry,Skeeter Henry,Skeeter Henry,skeeter-henry,,pending
skip-harlicka,Skip Harlicka,Skip Harlicka,skip-harlicka,,pending
skippy-whitaker,Skippy Whitaker,Skippy Whitaker,skippy-whitaker,,pending
skylar-mays,Skylar Mays,Skylar Mays,skylar-mays,,pending
slater-martin,Slater Martin,Slater Martin,slater-martin,,pending
slater-martin,Slater Martin*,Slater Martin*,slater-martin,,pending
slavko-vrane,Slavko Vraneš,Slavko Vraneš,slavko-vrane,,pending
sleepy-floyd,Sleepy Floyd,Sleepy Floyd,sleepy-floyd,,pending
slick-leonard,Slick Leonard,Slick Leonard,slick-leonard,,pending
slick-leonard,Slick Leonard*,Slick Leonard*,slick-leonard,,pending
slick-watts,Slick Watts,Slick Watts,slick-watts,,pending
sly-williams,Sly Williams,Sly Williams,sly-williams,,pending
smush-parker,Smush Parker,Smush Parker,smush-parker,,pending
solomon-alabi,Solomon Alabi,Solomon Alabi,solomon-alabi,,pending
solomon-hill,Solomon Hill,Solomon Hill,solomon-hill,,pending
solomon-jones,Solomon Jones,Solomon Jones,solomon-jones,,pending
sonny-dove,Sonny Dove,Sonny Dove,sonny-dove,,pending
sonny-parker,Sonny Parker,Sonny Parker,sonny-parker,,pending
sonny-weems,Sonny Weems,Sonny Weems,sonny-weems,,pending
soumaila-samake,Soumaila Samake,Soumaila Samake,soumaila-samake,,pending
speedy-claxton,Speedy Claxton,Speedy Claxton,speedy-claxton,,pending
spencer-dinwiddie,Spencer Dinwiddie,Spencer Dinwiddie,spencer-dinwiddie,,pending
spencer-hawes,Spencer Hawes,Spencer Hawes,spencer-hawes,,pending
spencer-haywood,Spencer Haywood,Spencer Haywood,spencer-haywood,,pending
spencer-haywood,Spencer Haywood*,Spencer Haywood*,spencer-haywood,,pending
spencer-jones,Spencer Jones,Spencer Jones,spencer-jones,,pending
spud-webb,Spud Webb,Spud Webb,spud-webb,,pending
stacey-arceneaux,Stacey Arceneaux,Stacey Arceneaux,stacey-arceneaux,,pending
stacey-augmon,Stacey Augmon,Stacey Augmon,stacey-augmon,,pending
stacey-king,Stacey King,Stacey King,stacey-king,,pending
stan-brown,Stan Brown,Stan Brown,stan-brown,,pending
stan-kimbrough,Stan Kimbrough,Stan Kimbrough,stan-kimbrough,,pending
stan-love,Stan Love,Stan Love,stan-love,,pending
stan-mckenzie,Stan McKenzie,Stan McKenzie,stan-mckenzie,,pending
stan-miasek,Stan Miasek,Stan Miasek,stan-miasek,,pending
stan-pietkiewicz,Stan Pietkiewicz,Stan Pietkiewicz,stan-pietkiewicz,,pending
stan-washington,Stan Washington,Stan Washington,stan-washington,,pending
stanislav-medvedenko,Stanislav Medvedenko,Stanislav Medvedenko,stanislav-medvedenko,,pending
stanley-brundy,Stanley Brundy,Stanley Brundy,stanley-brundy,,pending
stanley-jackson,Stanley Jackson,Stanley Jackson,stanley-jackson,,pending
stanley-johnson,Stanley Johnson,Stanley Johnson,stanley-johnson,,pending
stanley-roberts,Stanley Roberts,Stanley Roberts,stanley-roberts,,pending
stanley-umude,Stanley Umude,Stanley Umude,stanley-umude,,pending
stanton-kidd,Stanton Kidd,Stanton Kidd,stanton-kidd,,pending
stefano-rusconi,Stefano Rusconi,Stefano Rusconi,stefano-rusconi,,pending
steffond-johnson,Steffond Johnson,Steffond Johnson,steffond-johnson,,pending
stephen-curry,Stephen Curry,Stephen Curry,stephen-curry,,pending
stephen-graham,Stephen Graham,Stephen Graham,stephen-graham,,pending
stephen-howard,Stephen Howard,Stephen Howard,stephen-howard,,pending
stephen-jackson,Stephen Jackson,Stephen Jackson,stephen-jackson,,pending
stephen-thompson,Stephen Thompson,Stephen Thompson,stephen-thompson,,pending
stephen-zimmerman,Stephen Zimmerman,Stephen Zimmerman,stephen-zimmerman,,pending
stephon-castle,Stephon Castle,Stephon Castle,stephon-castle,,pending
stephon-marbury,Stephon Marbury,Stephon Marbury,stephon-marbury,,pending
sterling-brown,Sterling Brown,Sterling Brown,sterling-brown,,pending
steve-alford,Steve Alford,Steve Alford,steve-alford,,pending
steve-bardo,Steve Bardo,Steve Bardo,steve-bardo,,pending
steve-blake,Steve Blake,Steve Blake,steve-blake,,pending
steve-bracey,Steve Bracey,Steve Bracey,steve-bracey,,pending
steve-bucknall,Steve Bucknall,Steve Bucknall,steve-bucknall,,pending
steve-burtt,Steve Burtt,Steve Burtt,steve-burtt,,pending
steve-colter,Steve Colter,Steve Colter,steve-colter,,pending
steve-courtin,Steve Courtin,Steve Courtin,steve-courtin,,pending
steve-downing,Steve Downing,Steve Downing,steve-downing,,pending
steve-francis,Steve Francis,Steve Francis,steve-francis,,pending
steve-goodrich,Steve Goodrich,Steve Goodrich,steve-goodrich,,pending
steve-green,Steve Green,Steve Green,steve-green,,pending
steve-hamer,Steve Hamer,Steve Hamer,steve-hamer,,pending
steve-hamilton,Steve Hamilton,Steve Hamilton,steve-hamilton,,pending
steve-harris,Steve Harris,Steve Harris,steve-harris,,pending
steve-hawes,Steve Hawes,Steve Hawes,steve-hawes,,pending
steve-hayes,Steve Hayes,Steve Hayes,steve-hayes,,pending
steve-henson,Steve Henson,Steve Henson,steve-henson,,pending
steve-johnson,Steve Johnson,Steve Johnson,steve-johnson,,pending
steve-jones,Steve Jones,Steve Jones,steve-jones,,pending
steve-kerr,Steve Kerr,Steve Kerr,steve-kerr,,pending
steve-kuberski,Steve Kuberski,Steve Kuberski,steve-kuberski,,pending
steve-lingenfelter,Steve Lingenfelter,Steve Lingenfelter,steve-lingenfelter,,pending
steve-malovic,Steve Malovic,Steve Malovic,steve-malovic,,pending
steve-mix,Steve Mix,Steve Mix,steve-mix,,pending
steve-nash,Steve Nash,Steve Nash,steve-nash,,pending
steve-nash,Steve Nash*,Steve Nash*,steve-nash,,pending
steve-novak,Steve Novak,Steve Novak,steve-novak,,pending
steve-patterson,Steve Patterson,Steve Patterson,steve-patterson,,pending
steve-scheffler,Steve Scheffler,Steve Scheffler,steve-scheffler,,pending
steve-sheppard,Steve Sheppard,Steve Sheppard,steve-sheppard,,pending
steve-smith,Steve Smith,Steve Smith,steve-smith,,pending
steve-stipanovich,Steve Stipanovich,Steve Stipanovich,steve-stipanovich,,pending
steven-adams,Steven Adams,Steven Adams,steven-adams,,pending
steven-hill,Steven Hill,Steven Hill,steven-hill,,pending
steven-hunter,Steven Hunter,Steven Hunter,steven-hunter,,pending
steven-smith,Steven Smith,Steven Smith,steven-smith,,pending
stevin-smith,Stevin Smith,Stevin Smith,stevin-smith,,pending
stewart-granger,Stewart Granger,Stewart Granger,stewart-granger,,pending
stojko-vrankovi,Stojko Vranković,Stojko Vranković,stojko-vrankovi,,pending
stromile-swift,Stromile Swift,Stromile Swift,stromile-swift,,pending
stu-lantz,Stu Lantz,Stu Lantz,stu-lantz,,pending
stuart-gray,Stuart Gray,Stuart Gray,stuart-gray,,pending
st-phane-lasme,Stéphane Lasme,Stéphane Lasme,st-phane-lasme,,pending
sun-yue,Sun Yue,Sun Yue,sun-yue,,pending
sundiata-gaines,Sundiata Gaines,Sundiata Gaines,sundiata-gaines,,pending
svi-mykhailiuk,Svi Mykhailiuk,Svi Mykhailiuk,svi-mykhailiuk,,pending
swede-halbrook,Swede Halbrook,Swede Halbrook,swede-halbrook,,pending
swen-nater,Swen Nater,Swen Nater,swen-nater,,pending
sylvester-gray,Sylvester Gray,Sylvester Gray,sylvester-gray,,pending
sylvester-norris,Sylvester Norris,Sylvester Norris,sylvester-norris,,pending
t-j-ford,T.J. Ford,T.J. Ford,t-j-ford,,pending
t-j-leaf,T.J. Leaf,T.J. Leaf,t-j-leaf,,pending
t-j-mcconnell,T.J. McConnell,T.J. McConnell,t-j-mcconnell,,pending
t-j-warren,T.J. Warren,T.J. Warren,t-j-warren,,pending
t-r-dunn,T.R. Dunn,T.R. Dunn,t-r-dunn,,pending
tacko-fall,Tacko Fall,Tacko Fall,tacko-fall,,pending
taelon-peter,Taelon Peter,Taelon Peter,taelon-peter,,pending
tahjere-mccall,Tahjere McCall,Tahjere McCall,tahjere-mccall,,pending
taj-gibson,Taj Gibson,Taj Gibson,taj-gibson,,pending
tal-skinner,Tal Skinner,Tal Skinner,tal-skinner,,pending
talen-horton-tucker,Talen Horton-Tucker,Talen Horton-Tucker,talen-horton-tucker,,pending
tamar-slay,Tamar Slay,Tamar Slay,tamar-slay,,pending
tang-hamilton,Tang Hamilton,Tang Hamilton,tang-hamilton,,pending
tarence-kinsey,Tarence Kinsey,Tarence Kinsey,tarence-kinsey,,pending
tari-eason,Tari Eason,Tari Eason,tari-eason,,pending
tarik-black,Tarik Black,Tarik Black,tarik-black,,pending
tariq-abdul-wahad,Tariq Abdul-Wahad,Tariq Abdul-Wahad,tariq-abdul-wahad,,pending
tariq-owens,Tariq Owens,Tariq Owens,tariq-owens,,pending
tate-armstrong,Tate Armstrong,Tate Armstrong,tate-armstrong,,pending
tate-george,Tate George,Tate George,tate-george,,pending
taurean-green,Taurean Green,Taurean Green,taurean-green,,pending
taurean-prince,Taurean Prince,Taurean Prince,taurean-prince,,pending
taylor-griffin,Taylor Griffin,Taylor Griffin,taylor-griffin,,pending
taylor-hendricks,Taylor Hendricks,Taylor Hendricks,taylor-hendricks,,pending
tayshaun-prince,Tayshaun Prince,Tayshaun Prince,tayshaun-prince,,pending
taze-moore,Taze Moore,Taze Moore,taze-moore,,pending
ted-luckenbill,Ted Luckenbill,Ted Luckenbill,ted-luckenbill,,pending
ted-manakas,Ted Manakas,Ted Manakas,ted-manakas,,pending
ted-mcclain,Ted McClain,Ted McClain,ted-mcclain,,pending
tellis-frank,Tellis Frank,Tellis Frank,tellis-frank,,pending
terance-mann,Terance Mann,Terance Mann,terance-mann,,pending
terence-davis,Terence Davis,Terence Davis,terence-davis,,pending
terence-morris,Terence Morris,Terence Morris,terence-morris,,pending
terence-stansbury,Terence Stansbury,Terence Stansbury,terence-stansbury,,pending
terquavion-smith,Terquavion Smith,Terquavion Smith,terquavion-smith,,pending
terrance-ferguson,Terrance Ferguson,Terrance Ferguson,terrance-ferguson,,pending
terrance-roberson,Terrance Roberson,Terrance Roberson,terrance-roberson,,pending
terrel-harris,Terrel Harris,Terrel Harris,terrel-harris,,pending
terrell-brandon,Terrell Brandon,Terrell Brandon,terrell-brandon,,pending
terrence-jones,Terrence Jones,Terrence Jones,terrence-jones,,pending
terrence-rencher,Terrence Rencher,Terrence Rencher,terrence-rencher,,pending
terrence-ross,Terrence Ross,Terrence Ross,terrence-ross,,pending
terrence-shannon-jr,Terrence Shannon Jr.,Terrence Shannon Jr.,terrence-shannon-jr,,pending
terrence-williams,Terrence Williams,Terrence Williams,terrence-williams,,pending
terry-catledge,Terry Catledge,Terry Catledge,terry-catledge,,pending
terry-crosby,Terry Crosby,Terry Crosby,terry-crosby,,pending
terry-cummings,Terry Cummings,Terry Cummings,terry-cummings,,pending
terry-davis,Terry Davis,Terry Davis,terry-davis,,pending
terry-dehere,Terry Dehere,Terry Dehere,terry-dehere,,pending
terry-dischinger,Terry Dischinger,Terry Dischinger,terry-dischinger,,pending
terry-dozier,Terry Dozier,Terry Dozier,terry-dozier,,pending
terry-driscoll,Terry Driscoll,Terry Driscoll,terry-driscoll,,pending
terry-duerod,Terry Duerod,Terry Duerod,terry-duerod,,pending
terry-furlow,Terry Furlow,Terry Furlow,terry-furlow,,pending
terry-mills,Terry Mills,Terry Mills,terry-mills,,pending
terry-porter,Terry Porter,Terry Porter,terry-porter,,pending
terry-rozier,Terry Rozier,Terry Rozier,terry-rozier,,pending
terry-taylor,Terry Taylor,Terry Taylor,terry-taylor,,pending
terry-teagle,Terry Teagle,Terry Teagle,terry-teagle,,pending
terry-thomas,Terry Thomas,Terry Thomas,terry-thomas,,pending
terry-tyler,Terry Tyler,Terry Tyler,terry-tyler,,pending
thabo-sefolosha,Thabo Sefolosha,Thabo Sefolosha,thabo-sefolosha,,pending
thaddeus-young,Thaddeus Young,Thaddeus Young,thaddeus-young,,pending
thales-mcreynolds,Thales McReynolds,Thales McReynolds,thales-mcreynolds,,pending
thanasis-antetokounmpo,Thanasis Antetokounmpo,Thanasis Antetokounmpo,thanasis-antetokounmpo,,pending
tharon-mayes,Tharon Mayes,Tharon Mayes,tharon-mayes,,pending
theo-pinson,Theo Pinson,Theo Pinson,theo-pinson,,pending
theo-ratliff,Theo Ratliff,Theo Ratliff,theo-ratliff,,pending
theron-smith,Theron Smith,Theron Smith,theron-smith,,pending
thomas-bryant,Thomas Bryant,Thomas Bryant,thomas-bryant,,pending
thomas-gardner,Thomas Gardner,Thomas Gardner,thomas-gardner,,pending
thomas-hamilton,Thomas Hamilton,Thomas Hamilton,thomas-hamilton,,pending
thomas-jordan,Thomas Jordan,Thomas Jordan,thomas-jordan,,pending
thomas-robinson,Thomas Robinson,Thomas Robinson,thomas-robinson,,pending
thomas-welsh,Thomas Welsh,Thomas Welsh,thomas-welsh,,pending
thon-maker,Thon Maker,Thon Maker,thon-maker,,pending
thurl-bailey,Thurl Bailey,Thurl Bailey,thurl-bailey,,pending
th-o-maledon,Théo Maledon,Théo Maledon,th-o-maledon,,pending
tiago-splitter,Tiago Splitter,Tiago Splitter,tiago-splitter,,pending
tibor-pleiss,Tibor Pleiß,Tibor Pleiß,tibor-plei,,pending
ticky-burden,Ticky Burden,Ticky Burden,ticky-burden,,pending
tidjane-sala-n,Tidjane Salaün,Tidjane Salaün,tidjane-sala-n,,pending
tierre-brown,Tierre Brown,Tierre Brown,tierre-brown,,pending
tim-bassett,Tim Bassett,Tim Bassett,tim-bassett,,pending
tim-breaux,Tim Breaux,Tim Breaux,tim-breaux,,pending
tim-duncan,Tim Duncan,Tim Duncan,tim-duncan,,pending
tim-duncan,Tim Duncan*,Tim Duncan*,tim-duncan,,pending
tim-frazier,Tim Frazier,Tim Frazier,tim-frazier,,pending
tim-hardaway,Tim Hardaway,Tim Hardaway,tim-hardaway,,pending
tim-hardaway-jr,Tim Hardaway Jr.,Tim Hardaway Jr.,tim-hardaway-jr,,pending
tim-hardaway,Tim Hardaway*,Tim Hardaway*,tim-hardaway,,pending
tim-james,Tim James,Tim James,tim-james,,pending
tim-kempton,Tim Kempton,Tim Kempton,tim-kempton,,pending
tim-legler,Tim Legler,Tim Legler,tim-legler,,pending
tim-mccormick,Tim McCormick,Tim McCormick,tim-mccormick,,pending
tim-ohlbrecht,Tim Ohlbrecht,Tim Ohlbrecht,tim-ohlbrecht,,pending
tim-perry,Tim Perry,Tim Perry,tim-perry,,pending
tim-quarterman,Tim Quarterman,Tim Quarterman,tim-quarterman,,pending
tim-thomas,Tim Thomas,Tim Thomas,tim-thomas,,pending
tim-young,Tim Young,Tim Young,tim-young,,pending
timmy-allen,Timmy Allen,Timmy Allen,timmy-allen,,pending
timofey-mozgov,Timofey Mozgov,Timofey Mozgov,timofey-mozgov,,pending
timoth-luwawu-cabarrot,Timothé Luwawu-Cabarrot,Timothé Luwawu-Cabarrot,timoth-luwawu-cabarrot,,pending
tiny-archibald,Tiny Archibald,Tiny Archibald,tiny-archibald,,pending
tiny-archibald,Tiny Archibald*,Tiny Archibald*,tiny-archibald,,pending
tito-horford,Tito Horford,Tito Horford,tito-horford,,pending
tito-maddox,Tito Maddox,Tito Maddox,tito-maddox,,pending
tobias-harris,Tobias Harris,Tobias Harris,tobias-harris,,pending
toby-bailey,Toby Bailey,Toby Bailey,toby-bailey,,pending
toby-kimball,Toby Kimball,Toby Kimball,toby-kimball,,pending
toby-knight,Toby Knight,Toby Knight,toby-knight,,pending
toby-okani,Toby Okani,Toby Okani,toby-okani,,pending
tod-murphy,Tod Murphy,Tod Murphy,tod-murphy,,pending
todd-day,Todd Day,Todd Day,todd-day,,pending
todd-fuller,Todd Fuller,Todd Fuller,todd-fuller,,pending
todd-lichti,Todd Lichti,Todd Lichti,todd-lichti,,pending
todd-macculloch,Todd MacCulloch,Todd MacCulloch,todd-macculloch,,pending
todd-mitchell,Todd Mitchell,Todd Mitchell,todd-mitchell,,pending
todd-mundt,Todd Mundt,Todd Mundt,todd-mundt,,pending
togo-palazzi,Togo Palazzi,Togo Palazzi,togo-palazzi,,pending
tolu-smith,Tolu Smith,Tolu Smith,tolu-smith,,pending
tom-abernethy,Tom Abernethy,Tom Abernethy,tom-abernethy,,pending
tom-barker,Tom Barker,Tom Barker,tom-barker,,pending
tom-black,Tom Black,Tom Black,tom-black,,pending
tom-boerwinkle,Tom Boerwinkle,Tom Boerwinkle,tom-boerwinkle,,pending
tom-boswell,Tom Boswell,Tom Boswell,tom-boswell,,pending
tom-brennan,Tom Brennan,Tom Brennan,tom-brennan,,pending
tom-burleson,Tom Burleson,Tom Burleson,tom-burleson,,pending
tom-chambers,Tom Chambers,Tom Chambers,tom-chambers,,pending
tom-copa,Tom Copa,Tom Copa,tom-copa,,pending
tom-garrick,Tom Garrick,Tom Garrick,tom-garrick,,pending
tom-gola,Tom Gola,Tom Gola,tom-gola,,pending
tom-gola,Tom Gola*,Tom Gola*,tom-gola,,pending
tom-gugliotta,Tom Gugliotta,Tom Gugliotta,tom-gugliotta,,pending
tom-hammonds,Tom Hammonds,Tom Hammonds,tom-hammonds,,pending
tom-hawkins,Tom Hawkins,Tom Hawkins,tom-hawkins,,pending
tom-heinsohn,Tom Heinsohn,Tom Heinsohn,tom-heinsohn,,pending
tom-heinsohn,Tom Heinsohn*,Tom Heinsohn*,tom-heinsohn,,pending
tom-henderson,Tom Henderson,Tom Henderson,tom-henderson,,pending
tom-hoover,Tom Hoover,Tom Hoover,tom-hoover,,pending
tom-hovasse,Tom Hovasse,Tom Hovasse,tom-hovasse,,pending
tom-ingelsby,Tom Ingelsby,Tom Ingelsby,tom-ingelsby,,pending
tom-kozelko,Tom Kozelko,Tom Kozelko,tom-kozelko,,pending
tom-kropp,Tom Kropp,Tom Kropp,tom-kropp,,pending
tom-lagarde,Tom LaGarde,Tom LaGarde,tom-lagarde,,pending
tom-marshall,Tom Marshall,Tom Marshall,tom-marshall,,pending
tom-mcmillen,Tom McMillen,Tom McMillen,tom-mcmillen,,pending
tom-meschery,Tom Meschery,Tom Meschery,tom-meschery,,pending
tom-owens,Tom Owens,Tom Owens,tom-owens,,pending
tom-patterson,Tom Patterson,Tom Patterson,tom-patterson,,pending
tom-payne,Tom Payne,Tom Payne,tom-payne,,pending
tom-piotrowski,Tom Piotrowski,Tom Piotrowski,tom-piotrowski,,pending
tom-riker,Tom Riker,Tom Riker,tom-riker,,pending
tom-sanders,Tom Sanders,Tom Sanders,tom-sanders,,pending
tom-sanders,Tom Sanders*,Tom Sanders*,tom-sanders,,pending
tom-scheffler,Tom Scheffler,Tom Scheffler,tom-scheffler,,pending
tom-sewell,Tom Sewell,Tom Sewell,tom-sewell,,pending
tom-sluby,Tom Sluby,Tom Sluby,tom-sluby,,pending
tom-stith,Tom Stith,Tom Stith,tom-stith,,pending
tom-thacker,Tom Thacker,Tom Thacker,tom-thacker,,pending
tom-tolbert,Tom Tolbert,Tom Tolbert,tom-tolbert,,pending
tom-van-arsdale,Tom Van Arsdale,Tom Van Arsdale,tom-van-arsdale,,pending
tom-workman,Tom Workman,Tom Workman,tom-workman,,pending
tommie-green,Tommie Green,Tommie Green,tommie-green,,pending
tommy-kearns,Tommy Kearns,Tommy Kearns,tommy-kearns,,pending
tommy-kron,Tommy Kron,Tommy Kron,tommy-kron,,pending
tom-satoransk,Tomáš Satoranský,Tomáš Satoranský,tom-satoransk,,pending
toney-douglas,Toney Douglas,Toney Douglas,toney-douglas,,pending
toni-kuko,Toni Kukoč,Toni Kukoč,toni-kuko,,pending
toni-kuko,Toni Kukoč*,Toni Kukoč*,toni-kuko,,pending
tony-allen,Tony Allen,Tony Allen,tony-allen,,pending
tony-battie,Tony Battie,Tony Battie,tony-battie,,pending
tony-bennett,Tony Bennett,Tony Bennett,tony-bennett,,pending
tony-bobbitt,Tony Bobbitt,Tony Bobbitt,tony-bobbitt,,pending
tony-bradley,Tony Bradley,Tony Bradley,tony-bradley,,pending
tony-brown,Tony Brown,Tony Brown,tony-brown,,pending
tony-campbell,Tony Campbell,Tony Campbell,tony-campbell,,pending
tony-dawson,Tony Dawson,Tony Dawson,tony-dawson,,pending
tony-delk,Tony Delk,Tony Delk,tony-delk,,pending
tony-dumas,Tony Dumas,Tony Dumas,tony-dumas,,pending
tony-farmer,Tony Farmer,Tony Farmer,tony-farmer,,pending
tony-fuller,Tony Fuller,Tony Fuller,tony-fuller,,pending
tony-harris,Tony Harris,Tony Harris,tony-harris,,pending
tony-jackson,Tony Jackson,Tony Jackson,tony-jackson,,pending
tony-massenburg,Tony Massenburg,Tony Massenburg,tony-massenburg,,pending
tony-mitchell,Tony Mitchell,Tony Mitchell,tony-mitchell,,pending
tony-parker,Tony Parker,Tony Parker,tony-parker,,pending
tony-parker,Tony Parker*,Tony Parker*,tony-parker,,pending
tony-price,Tony Price,Tony Price,tony-price,,pending
tony-robertson,Tony Robertson,Tony Robertson,tony-robertson,,pending
tony-smith,Tony Smith,Tony Smith,tony-smith,,pending
tony-snell,Tony Snell,Tony Snell,tony-snell,,pending
tony-white,Tony White,Tony White,tony-white,,pending
tony-windis,Tony Windis,Tony Windis,tony-windis,,pending
tony-wroten,Tony Wroten,Tony Wroten,tony-wroten,,pending
tony-zeno,Tony Zeno,Tony Zeno,tony-zeno,,pending
torgeir-bryn,Torgeir Bryn,Torgeir Bryn,torgeir-bryn,,pending
tornike-shengelia,Tornike Shengelia,Tornike Shengelia,tornike-shengelia,,pending
torraye-braggs,Torraye Braggs,Torraye Braggs,torraye-braggs,,pending
torrey-craig,Torrey Craig,Torrey Craig,torrey-craig,,pending
tosan-evbuomwan,Tosan Evbuomwan,Tosan Evbuomwan,tosan-evbuomwan,,pending
toumani-camara,Toumani Camara,Toumani Camara,toumani-camara,,pending
toure-murry,Toure' Murry,Toure' Murry,toure-murry,,pending
tracy-jackson,Tracy Jackson,Tracy Jackson,tracy-jackson,,pending
tracy-mcgrady,Tracy McGrady,Tracy McGrady,tracy-mcgrady,,pending
tracy-mcgrady,Tracy McGrady*,Tracy McGrady*,tracy-mcgrady,,pending
tracy-moore,Tracy Moore,Tracy Moore,tracy-moore,,pending
tracy-murray,Tracy Murray,Tracy Murray,tracy-murray,,pending
trae-young,Trae Young,Trae Young,trae-young,,pending
trajan-langdon,Trajan Langdon,Trajan Langdon,trajan-langdon,,pending
travis-best,Travis Best,Travis Best,travis-best,,pending
travis-diener,Travis Diener,Travis Diener,travis-diener,,pending
travis-grant,Travis Grant,Travis Grant,travis-grant,,pending
travis-hansen,Travis Hansen,Travis Hansen,travis-hansen,,pending
travis-knight,Travis Knight,Travis Knight,travis-knight,,pending
travis-leslie,Travis Leslie,Travis Leslie,travis-leslie,,pending
travis-mays,Travis Mays,Travis Mays,travis-mays,,pending
travis-outlaw,Travis Outlaw,Travis Outlaw,travis-outlaw,,pending
travis-wear,Travis Wear,Travis Wear,travis-wear,,pending
travis-williams,Travis Williams,Travis Williams,travis-williams,,pending
trayce-jackson-davis,Trayce Jackson-Davis,Trayce Jackson-Davis,trayce-jackson-davis,,pending
trayvon-palmer,Trayvon Palmer,Trayvon Palmer,trayvon-palmer,,pending
tre-johnson,Tre Johnson,Tre Johnson,tre-johnson,,pending
tre-jones,Tre Jones,Tre Jones,tre-jones,,pending
tre-mann,Tre Mann,Tre Mann,tre-mann,,pending
tre-scott,Tre Scott,Tre Scott,tre-scott,,pending
tree-rollins,Tree Rollins,Tree Rollins,tree-rollins,,pending
tremaine-fowlkes,Tremaine Fowlkes,Tremaine Fowlkes,tremaine-fowlkes,,pending
tremont-waters,Tremont Waters,Tremont Waters,tremont-waters,,pending
trendon-watford,Trendon Watford,Trendon Watford,trendon-watford,,pending
trent-forrest,Trent Forrest,Trent Forrest,trent-forrest,,pending
trent-tucker,Trent Tucker,Trent Tucker,trent-tucker,,pending
trenton-hassell,Trenton Hassell,Trenton Hassell,trenton-hassell,,pending
trentyn-flowers,Trentyn Flowers,Trentyn Flowers,trentyn-flowers,,pending
trevelin-queen,Trevelin Queen,Trevelin Queen,trevelin-queen,,pending
treveon-graham,Treveon Graham,Treveon Graham,treveon-graham,,pending
trevon-duval,Trevon Duval,Trevon Duval,trevon-duval,,pending
trevor-ariza,Trevor Ariza,Trevor Ariza,trevor-ariza,,pending
trevor-booker,Trevor Booker,Trevor Booker,trevor-booker,,pending
trevor-hudgins,Trevor Hudgins,Trevor Hudgins,trevor-hudgins,,pending
trevor-keels,Trevor Keels,Trevor Keels,trevor-keels,,pending
trevor-ruffin,Trevor Ruffin,Trevor Ruffin,trevor-ruffin,,pending
trevor-wilson,Trevor Wilson,Trevor Wilson,trevor-wilson,,pending
trevor-winter,Trevor Winter,Trevor Winter,trevor-winter,,pending
trey-alexander,Trey Alexander,Trey Alexander,trey-alexander,,pending
trey-burke,Trey Burke,Trey Burke,trey-burke,,pending
trey-gilder,Trey Gilder,Trey Gilder,trey-gilder,,pending
trey-jemison,Trey Jemison,Trey Jemison,trey-jemison,,pending
trey-johnson,Trey Johnson,Trey Johnson,trey-johnson,,pending
trey-lyles,Trey Lyles,Trey Lyles,trey-lyles,,pending
trey-mckinney-jones,Trey McKinney-Jones,Trey McKinney-Jones,trey-mckinney-jones,,pending
trey-murphy-iii,Trey Murphy III,Trey Murphy III,trey-murphy-iii,,pending
trey-thompkins,Trey Thompkins,Trey Thompkins,trey-thompkins,,pending
tristan-da-silva,Tristan Da Silva,Tristan Da Silva,tristan-da-silva,,pending
tristan-enaruna,Tristan Enaruna,Tristan Enaruna,tristan-enaruna,,pending
tristan-thompson,Tristan Thompson,Tristan Thompson,tristan-thompson,,pending
tristan-vukcevic,Tristan Vukcevic,Tristan Vukcevic,tristan-vukcevic,,pending
tristen-newton,Tristen Newton,Tristen Newton,tristen-newton,,pending
troy-bell,Troy Bell,Troy Bell,troy-bell,,pending
troy-brown-jr,Troy Brown Jr.,Troy Brown Jr.,troy-brown-jr,,pending
troy-caupain,Troy Caupain,Troy Caupain,troy-caupain,,pending
troy-daniels,Troy Daniels,Troy Daniels,troy-daniels,,pending
troy-hudson,Troy Hudson,Troy Hudson,troy-hudson,,pending
troy-murphy,Troy Murphy,Troy Murphy,troy-murphy,,pending
troy-williams,Troy Williams,Troy Williams,troy-williams,,pending
truck-robinson,Truck Robinson,Truck Robinson,truck-robinson,,pending
ty-jerome,Ty Jerome,Ty Jerome,ty-jerome,,pending
ty-lawson,Ty Lawson,Ty Lawson,ty-lawson,,pending
ty-shon-alexander,Ty-Shon Alexander,Ty-Shon Alexander,ty-shon-alexander,,pending
tyty-washington-jr,TyTy Washington Jr.,TyTy Washington Jr.,tyty-washington-jr,,pending
tyler-bey,Tyler Bey,Tyler Bey,tyler-bey,,pending
tyler-burton,Tyler Burton,Tyler Burton,tyler-burton,,pending
tyler-cavanaugh,Tyler Cavanaugh,Tyler Cavanaugh,tyler-cavanaugh,,pending
tyler-cook,Tyler Cook,Tyler Cook,tyler-cook,,pending
tyler-davis,Tyler Davis,Tyler Davis,tyler-davis,,pending
tyler-dorsey,Tyler Dorsey,Tyler Dorsey,tyler-dorsey,,pending
tyler-ennis,Tyler Ennis,Tyler Ennis,tyler-ennis,,pending
tyler-hall,Tyler Hall,Tyler Hall,tyler-hall,,pending
tyler-hansbrough,Tyler Hansbrough,Tyler Hansbrough,tyler-hansbrough,,pending
tyler-herro,Tyler Herro,Tyler Herro,tyler-herro,,pending
tyler-honeycutt,Tyler Honeycutt,Tyler Honeycutt,tyler-honeycutt,,pending
tyler-johnson,Tyler Johnson,Tyler Johnson,tyler-johnson,,pending
tyler-kolek,Tyler Kolek,Tyler Kolek,tyler-kolek,,pending
tyler-lydon,Tyler Lydon,Tyler Lydon,tyler-lydon,,pending
tyler-smith,Tyler Smith,Tyler Smith,tyler-smith,,pending
tyler-ulis,Tyler Ulis,Tyler Ulis,tyler-ulis,,pending
tyler-zeller,Tyler Zeller,Tyler Zeller,tyler-zeller,,pending
tyreke-evans,Tyreke Evans,Tyreke Evans,tyreke-evans,,pending
tyrell-terry,Tyrell Terry,Tyrell Terry,tyrell-terry,,pending
tyrese-haliburton,Tyrese Haliburton,Tyrese Haliburton,tyrese-haliburton,,pending
tyrese-martin,Tyrese Martin,Tyrese Martin,tyrese-martin,,pending
tyrese-maxey,Tyrese Maxey,Tyrese Maxey,tyrese-maxey,,pending
tyrese-proctor,Tyrese Proctor,Tyrese Proctor,tyrese-proctor,,pending
tyrone-britt,Tyrone Britt,Tyrone Britt,tyrone-britt,,pending
tyrone-corbin,Tyrone Corbin,Tyrone Corbin,tyrone-corbin,,pending
tyrone-hill,Tyrone Hill,Tyrone Hill,tyrone-hill,,pending
tyrone-nesby,Tyrone Nesby,Tyrone Nesby,tyrone-nesby,,pending
tyrone-wallace,Tyrone Wallace,Tyrone Wallace,tyrone-wallace,,pending
tyronn-lue,Tyronn Lue,Tyronn Lue,tyronn-lue,,pending
tyrus-thomas,Tyrus Thomas,Tyrus Thomas,tyrus-thomas,,pending
tyshawn-taylor,Tyshawn Taylor,Tyshawn Taylor,tyshawn-taylor,,pending
tyson-chandler,Tyson Chandler,Tyson Chandler,tyson-chandler,,pending
tyson-etienne,Tyson Etienne,Tyson Etienne,tyson-etienne,,pending
tyson-wheeler,Tyson Wheeler,Tyson Wheeler,tyson-wheeler,,pending
tyus-edney,Tyus Edney,Tyus Edney,tyus-edney,,pending
tyus-jones,Tyus Jones,Tyus Jones,tyus-jones,,pending
udoka-azubuike,Udoka Azubuike,Udoka Azubuike,udoka-azubuike,,pending
udonis-haslem,Udonis Haslem,Udonis Haslem,udonis-haslem,,pending
ulrich-chomche,Ulrich Chomche,Ulrich Chomche,ulrich-chomche,,pending
uro-slokar,Uroš Slokar,Uroš Slokar,uro-slokar,,pending
usman-garuba,Usman Garuba,Usman Garuba,usman-garuba,,pending
uwe-blab,Uwe Blab,Uwe Blab,uwe-blab,,pending
vj-edgecombe,VJ Edgecombe,VJ Edgecombe,vj-edgecombe,,pending
vander-blue,Vander Blue,Vander Blue,vander-blue,,pending
vasilije-mici,Vasilije Micić,Vasilije Micić,vasilije-mici,,pending
vassilis-spanoulis,Vassilis Spanoulis,Vassilis Spanoulis,vassilis-spanoulis,,pending
vern-fleming,Vern Fleming,Vern Fleming,vern-fleming,,pending
vern-gardner,Vern Gardner,Vern Gardner,vern-gardner,,pending
vern-hatton,Vern Hatton,Vern Hatton,vern-hatton,,pending
vern-mikkelsen,Vern Mikkelsen,Vern Mikkelsen,vern-mikkelsen,,pending
vern-mikkelsen,Vern Mikkelsen*,Vern Mikkelsen*,vern-mikkelsen,,pending
vernon-carey-jr,Vernon Carey Jr.,Vernon Carey Jr.,vernon-carey-jr,,pending
vernon-macklin,Vernon Macklin,Vernon Macklin,vernon-macklin,,pending
vernon-maxwell,Vernon Maxwell,Vernon Maxwell,vernon-maxwell,,pending
vester-marshall,Vester Marshall,Vester Marshall,vester-marshall,,pending
viacheslav-kravtsov,Viacheslav Kravtsov,Viacheslav Kravtsov,viacheslav-kravtsov,,pending
vic-bartolome,Vic Bartolome,Vic Bartolome,vic-bartolome,,pending
vic-law,Vic Law,Vic Law,vic-law,,pending
victor-alexander,Victor Alexander,Victor Alexander,victor-alexander,,pending
victor-claver,Victor Claver,Victor Claver,victor-claver,,pending
victor-oladipo,Victor Oladipo,Victor Oladipo,victor-oladipo,,pending
victor-wembanyama,Victor Wembanyama,Victor Wembanyama,victor-wembanyama,,pending
viktor-khryapa,Viktor Khryapa,Viktor Khryapa,viktor-khryapa,,pending
vin-baker,Vin Baker,Vin Baker,vin-baker,,pending
vince-boryla,Vince Boryla,Vince Boryla,vince-boryla,,pending
vince-carter,Vince Carter,Vince Carter,vince-carter,,pending
vince-carter,Vince Carter*,Vince Carter*,vince-carter,,pending
vince-edwards,Vince Edwards,Vince Edwards,vince-edwards,,pending
vince-hunter,Vince Hunter,Vince Hunter,vince-hunter,,pending
vince-taylor,Vince Taylor,Vince Taylor,vince-taylor,,pending
vince-williams-jr,Vince Williams Jr.,Vince Williams Jr.,vince-williams-jr,,pending
vincent-askew,Vincent Askew,Vincent Askew,vincent-askew,,pending
vincent-poirier,Vincent Poirier,Vincent Poirier,vincent-poirier,,pending
vincent-yarbrough,Vincent Yarbrough,Vincent Yarbrough,vincent-yarbrough,,pending
vincenzo-esposito,Vincenzo Esposito,Vincenzo Esposito,vincenzo-esposito,,pending
vinnie-johnson,Vinnie Johnson,Vinnie Johnson,vinnie-johnson,,pending
vinny-del-negro,Vinny Del Negro,Vinny Del Negro,vinny-del-negro,,pending
vitaly-potapenko,Vitaly Potapenko,Vitaly Potapenko,vitaly-potapenko,,pending
vlade-divac,Vlade Divac,Vlade Divac,vlade-divac,,pending
vlade-divac,Vlade Divac*,Vlade Divac*,vlade-divac,,pending
vladimir-radmanovi,Vladimir Radmanović,Vladimir Radmanović,vladimir-radmanovi,,pending
vladimir-stepania,Vladimir Stepania,Vladimir Stepania,vladimir-stepania,,pending
vladislav-goldin,Vladislav Goldin,Vladislav Goldin,vladislav-goldin,,pending
vlatko-an-ar,Vlatko Čančar,Vlatko Čančar,vlatko-an-ar,,pending
voise-winters,Voise Winters,Voise Winters,voise-winters,,pending
von-wafer,Von Wafer,Von Wafer,von-wafer,,pending
vonteego-cummings,Vonteego Cummings,Vonteego Cummings,vonteego-cummings,,pending
voshon-lenard,Voshon Lenard,Voshon Lenard,voshon-lenard,,pending
v-t-krej,Vít Krejčí,Vít Krejčí,v-t-krej,,pending
v-tor-luiz-faverani,Vítor Luiz Faverani,Vítor Luiz Faverani,v-tor-luiz-faverani,,pending
wade-baldwin,Wade Baldwin,Wade Baldwin,wade-baldwin,,pending
wah-wah-jones,Wah Wah Jones,Wah Wah Jones,wah-wah-jones,,pending
wali-jones,Wali Jones,Wali Jones,wali-jones,,pending
walker-kessler,Walker Kessler,Walker Kessler,walker-kessler,,pending
walker-russell,Walker Russell,Walker Russell,walker-russell,,pending
wallace-bryant,Wallace Bryant,Wallace Bryant,wallace-bryant,,pending
wally-anderzunas,Wally Anderzunas,Wally Anderzunas,wally-anderzunas,,pending
wally-osterkorn,Wally Osterkorn,Wally Osterkorn,wally-osterkorn,,pending
wally-rank,Wally Rank,Wally Rank,wally-rank,,pending
wally-szczerbiak,Wally Szczerbiak,Wally Szczerbiak,wally-szczerbiak,,pending
wally-walker,Wally Walker,Wally Walker,wally-walker,,pending
walt-bellamy,Walt Bellamy,Walt Bellamy,walt-bellamy,,pending
walt-bellamy,Walt Bellamy*,Walt Bellamy*,walt-bellamy,,pending
walt-budko,Walt Budko,Walt Budko,walt-budko,,pending
walt-davis,Walt Davis,Walt Davis,walt-davis,,pending
walt-frazier,Walt Frazier,Walt Frazier,walt-frazier,,pending
walt-frazier,Walt Frazier*,Walt Frazier*,walt-frazier,,pending
walt-gilmore,Walt Gilmore,Walt Gilmore,walt-gilmore,,pending
walt-hazzard,Walt Hazzard,Walt Hazzard,walt-hazzard,,pending
walt-kirk,Walt Kirk,Walt Kirk,walt-kirk,,pending
walt-lemon-jr,Walt Lemon Jr.,Walt Lemon Jr.,walt-lemon-jr,,pending
walt-wesley,Walt Wesley,Walt Wesley,walt-wesley,,pending
walt-williams,Walt Williams,Walt Williams,walt-williams,,pending
walter-berry,Walter Berry,Walter Berry,walter-berry,,pending
walter-bond,Walter Bond,Walter Bond,walter-bond,,pending
walter-clayton,Walter Clayton,Walter Clayton,walter-clayton,,pending
walter-davis,Walter Davis,Walter Davis,walter-davis,,pending
walter-davis,Walter Davis*,Walter Davis*,walter-davis,,pending
walter-dukes,Walter Dukes,Walter Dukes,walter-dukes,,pending
walter-herrmann,Walter Herrmann,Walter Herrmann,walter-herrmann,,pending
walter-jordan,Walter Jordan,Walter Jordan,walter-jordan,,pending
walter-mccarty,Walter McCarty,Walter McCarty,walter-mccarty,,pending
walter-palmer,Walter Palmer,Walter Palmer,walter-palmer,,pending
walter-sharpe,Walter Sharpe,Walter Sharpe,walter-sharpe,,pending
wang-zhizhi,Wang Zhizhi,Wang Zhizhi,wang-zhizhi,,pending
wardell-jackson,Wardell Jackson,Wardell Jackson,wardell-jackson,,pending
warren-kidd,Warren Kidd,Warren Kidd,warren-kidd,,pending
wayman-britt,Wayman Britt,Wayman Britt,wayman-britt,,pending
wayman-tisdale,Wayman Tisdale,Wayman Tisdale,wayman-tisdale,,pending
wayne-cooper,Wayne Cooper,Wayne Cooper,wayne-cooper,,pending
wayne-ellington,Wayne Ellington,Wayne Ellington,wayne-ellington,,pending
wayne-embry,Wayne Embry,Wayne Embry,wayne-embry,,pending
wayne-embry,Wayne Embry*,Wayne Embry*,wayne-embry,,pending
wayne-engelstad,Wayne Engelstad,Wayne Engelstad,wayne-engelstad,,pending
wayne-hightower,Wayne Hightower,Wayne Hightower,wayne-hightower,,pending
wayne-kreklow,Wayne Kreklow,Wayne Kreklow,wayne-kreklow,,pending
wayne-molis,Wayne Molis,Wayne Molis,wayne-molis,,pending
wayne-radford,Wayne Radford,Wayne Radford,wayne-radford,,pending
wayne-robinson,Wayne Robinson,Wayne Robinson,wayne-robinson,,pending
wayne-sappleton,Wayne Sappleton,Wayne Sappleton,wayne-sappleton,,pending
wayne-selden,Wayne Selden,Wayne Selden,wayne-selden,,pending
wayne-simien,Wayne Simien,Wayne Simien,wayne-simien,,pending
wayne-stevens,Wayne Stevens,Wayne Stevens,wayne-stevens,,pending
wayne-turner,Wayne Turner,Wayne Turner,wayne-turner,,pending
wayne-yates,Wayne Yates,Wayne Yates,wayne-yates,,pending
wendell-carter-jr,Wendell Carter Jr.,Wendell Carter Jr.,wendell-carter-jr,,pending
wendell-moore-jr,Wendell Moore Jr.,Wendell Moore Jr.,wendell-moore-jr,,pending
wenyen-gabriel,Wenyen Gabriel,Wenyen Gabriel,wenyen-gabriel,,pending
wes-iwundu,Wes Iwundu,Wes Iwundu,wes-iwundu,,pending
wes-matthews,Wes Matthews,Wes Matthews,wes-matthews,,pending
wes-unseld,Wes Unseld,Wes Unseld,wes-unseld,,pending
wes-unseld,Wes Unseld*,Wes Unseld*,wes-unseld,,pending
wesley-cox,Wesley Cox,Wesley Cox,wesley-cox,,pending
wesley-johnson,Wesley Johnson,Wesley Johnson,wesley-johnson,,pending
wesley-matthews,Wesley Matthews,Wesley Matthews,wesley-matthews,,pending
wesley-person,Wesley Person,Wesley Person,wesley-person,,pending
whitey-bell,Whitey Bell,Whitey Bell,whitey-bell,,pending
whitey-martin,Whitey Martin,Whitey Martin,whitey-martin,,pending
whitey-skoog,Whitey Skoog,Whitey Skoog,whitey-skoog,,pending
wil-jones,Wil Jones,Wil Jones,wil-jones,,pending
wilbur-holland,Wilbur Holland,Wilbur Holland,wilbur-holland,,pending
wiley-peck,Wiley Peck,Wiley Peck,wiley-peck,,pending
will-barton,Will Barton,Will Barton,will-barton,,pending
will-blalock,Will Blalock,Will Blalock,will-blalock,,pending
will-bynum,Will Bynum,Will Bynum,will-bynum,,pending
will-cherry,Will Cherry,Will Cherry,will-cherry,,pending
will-conroy,Will Conroy,Will Conroy,will-conroy,,pending
will-frazier,Will Frazier,Will Frazier,will-frazier,,pending
will-magnay,Will Magnay,Will Magnay,will-magnay,,pending
will-perdue,Will Perdue,Will Perdue,will-perdue,,pending
will-richard,Will Richard,Will Richard,will-richard,,pending
will-riley,Will Riley,Will Riley,will-riley,,pending
will-solomon,Will Solomon,Will Solomon,will-solomon,,pending
william-avery,William Avery,William Avery,william-avery,,pending
william-bedford,William Bedford,William Bedford,william-bedford,,pending
william-cunningham,William Cunningham,William Cunningham,william-cunningham,,pending
william-howard,William Howard,William Howard,william-howard,,pending
willie-anderson,Willie Anderson,Willie Anderson,willie-anderson,,pending
willie-burton,Willie Burton,Willie Burton,willie-burton,,pending
willie-cauley-stein,Willie Cauley-Stein,Willie Cauley-Stein,willie-cauley-stein,,pending
willie-green,Willie Green,Willie Green,willie-green,,pending
willie-jones,Willie Jones,Willie Jones,willie-jones,,pending
willie-mccarter,Willie McCarter,Willie McCarter,willie-mccarter,,pending
willie-naulls,Willie Naulls,Willie Naulls,willie-naulls,,pending
willie-norwood,Willie Norwood,Willie Norwood,willie-norwood,,pending
willie-reed,Willie Reed,Willie Reed,willie-reed,,pending
willie-smith,Willie Smith,Willie Smith,willie-smith,,pending
willie-somerset,Willie Somerset,Willie Somerset,willie-somerset,,pending
willie-warren,Willie Warren,Willie Warren,willie-warren,,pending
willie-white,Willie White,Willie White,willie-white,,pending
willie-williams,Willie Williams,Willie Williams,willie-williams,,pending
willie-wise,Willie Wise,Willie Wise,willie-wise,,pending
willis-reed,Willis Reed,Willis Reed,willis-reed,,pending
willis-reed,Willis Reed*,Willis Reed*,willis-reed,,pending
willy-hernang-mez,Willy Hernangómez,Willy Hernangómez,willy-hernang-mez,,pending
wilson-chandler,Wilson Chandler,Wilson Chandler,wilson-chandler,,pending
wilson-washington,Wilson Washington,Wilson Washington,wilson-washington,,pending
wilt-chamberlain,Wilt Chamberlain,Wilt Chamberlain,wilt-chamberlain,,pending
wilt-chamberlain,Wilt Chamberlain*,Wilt Chamberlain*,wilt-chamberlain,,pending
win-wilfong,Win Wilfong,Win Wilfong,win-wilfong,,pending
winford-boynes,Winford Boynes,Winford Boynes,winford-boynes,,pending
winston-bennett,Winston Bennett,Winston Bennett,winston-bennett,,pending
winston-crite,Winston Crite,Winston Crite,winston-crite,,pending
winston-garland,Winston Garland,Winston Garland,winston-garland,,pending
woody-sauldsberry,Woody Sauldsberry,Woody Sauldsberry,woody-sauldsberry,,pending
world-b-free,World B. Free,World B. Free,world-b-free,,pending
worthy-patterson,Worthy Patterson,Worthy Patterson,worthy-patterson,,pending
xavier-cooks,Xavier Cooks,Xavier Cooks,xavier-cooks,,pending
xavier-henry,Xavier Henry,Xavier Henry,xavier-henry,,pending
xavier-mcdaniel,Xavier McDaniel,Xavier McDaniel,xavier-mcdaniel,,pending
xavier-moon,Xavier Moon,Xavier Moon,xavier-moon,,pending
xavier-munford,Xavier Munford,Xavier Munford,xavier-munford,,pending
xavier-rathan-mayes,Xavier Rathan-Mayes,Xavier Rathan-Mayes,xavier-rathan-mayes,,pending
xavier-silas,Xavier Silas,Xavier Silas,xavier-silas,,pending
xavier-sneed,Xavier Sneed,Xavier Sneed,xavier-sneed,,pending
xavier-tillman-sr,Xavier Tillman Sr.,Xavier Tillman Sr.,xavier-tillman-sr,,pending
yakhouba-diawara,Yakhouba Diawara,Yakhouba Diawara,yakhouba-diawara,,pending
yang-hansen,Yang Hansen,Yang Hansen,yang-hansen,,pending
yanic-konan-niederh-user,Yanic Konan Niederhäuser,Yanic Konan Niederhäuser,yanic-konan-niederh-user,,pending
yante-maten,Yante Maten,Yante Maten,yante-maten,,pending
yao-ming,Yao Ming,Yao Ming,yao-ming,,pending
yao-ming,Yao Ming*,Yao Ming*,yao-ming,,pending
yaroslav-korolev,Yaroslav Korolev,Yaroslav Korolev,yaroslav-korolev,,pending
yi-jianlian,Yi Jianlian,Yi Jianlian,yi-jianlian,,pending
yinka-dare,Yinka Dare,Yinka Dare,yinka-dare,,pending
yogi-ferrell,Yogi Ferrell,Yogi Ferrell,yogi-ferrell,,pending
york-larese,York Larese,York Larese,york-larese,,pending
yuki-kawamura,Yuki Kawamura,Yuki Kawamura,yuki-kawamura,,pending
yuri-collins,Yuri Collins,Yuri Collins,yuri-collins,,pending
yuta-tabuse,Yuta Tabuse,Yuta Tabuse,yuta-tabuse,,pending
yuta-watanabe,Yuta Watanabe,Yuta Watanabe,yuta-watanabe,,pending
yves-missi,Yves Missi,Yves Missi,yves-missi,,pending
yves-pons,Yves Pons,Yves Pons,yves-pons,,pending
yvon-joseph,Yvon Joseph,Yvon Joseph,yvon-joseph,,pending
zabian-dowdell,Zabian Dowdell,Zabian Dowdell,zabian-dowdell,,pending
zaccharie-risacher,Zaccharie Risacher,Zaccharie Risacher,zaccharie-risacher,,pending
zach-collins,Zach Collins,Zach Collins,zach-collins,,pending
zach-edey,Zach Edey,Zach Edey,zach-edey,,pending
zach-lavine,Zach LaVine,Zach LaVine,zach-lavine,,pending
zach-lofton,Zach Lofton,Zach Lofton,zach-lofton,,pending
zach-norvell,Zach Norvell,Zach Norvell,zach-norvell,,pending
zach-randolph,Zach Randolph,Zach Randolph,zach-randolph,,pending
zaid-abdul-aziz,Zaid Abdul-Aziz,Zaid Abdul-Aziz,zaid-abdul-aziz,,pending
zavier-simpson,Zavier Simpson,Zavier Simpson,zavier-simpson,,pending
zaza-pachulia,Zaza Pachulia,Zaza Pachulia,zaza-pachulia,,pending
zeke-nnaji,Zeke Nnaji,Zeke Nnaji,zeke-nnaji,,pending
zeke-sinicola,Zeke Sinicola,Zeke Sinicola,zeke-sinicola,,pending
zeke-zawoluk,Zeke Zawoluk,Zeke Zawoluk,zeke-zawoluk,,pending
zelmo-beaty,Zelmo Beaty,Zelmo Beaty,zelmo-beaty,,pending
zelmo-beaty,Zelmo Beaty*,Zelmo Beaty*,zelmo-beaty,,pending
zendon-hamilton,Zendon Hamilton,Zendon Hamilton,zendon-hamilton,,pending
zhaire-smith,Zhaire Smith,Zhaire Smith,zhaire-smith,,pending
zhou-qi,Zhou Qi,Zhou Qi,zhou-qi,,pending
ziaire-williams,Ziaire Williams,Ziaire Williams,ziaire-williams,,pending
zion-williamson,Zion Williamson,Zion Williamson,zion-williamson,,pending
zoran-dragi,Zoran Dragić,Zoran Dragić,zoran-dragi,,pending
zoran-planini,Zoran Planinić,Zoran Planinić,zoran-planini,,pending
zydrunas-ilgauskas,Zydrunas Ilgauskas,Zydrunas Ilgauskas,zydrunas-ilgauskas,,pending
zylan-cheatham,Zylan Cheatham,Zylan Cheatham,zylan-cheatham,,pending
zyon-pullin,Zyon Pullin,Zyon Pullin,zyon-pullin,,pending
lex-abrines,Álex Abrines,Álex Abrines,lex-abrines,,pending
ngel-delgado,Ángel Delgado,Ángel Delgado,ngel-delgado,,pending
scar-torres,Óscar Torres,Óscar Torres,scar-torres,,pending
mer-a-k,Ömer Aşık,Ömer Aşık,mer-a-k,,pending
ar-nas-jasikevi-ius,Šarūnas Jasikevičius,Šarūnas Jasikevičius,ar-nas-jasikevi-ius,,pending
ar-nas-mar-iulionis,Šarūnas Marčiulionis,Šarūnas Marčiulionis,ar-nas-mar-iulionis,,pending
ar-nas-mar-iulionis,Šarūnas Marčiulionis*,Šarūnas Marčiulionis*,ar-nas-mar-iulionis,,pending
an-tabak,Žan Tabak,Žan Tabak,an-tabak,,pending
arko-paspalj,Žarko Paspalj,Žarko Paspalj,arko-paspalj,,pending
arko-abarkapa,Žarko Čabarkapa,Žarko Čabarkapa,arko-abarkapa,,pending
eljko-rebra-a,Željko Rebrača,Željko Rebrača,eljko-rebra-a,,pending
