SeasonEndYear,Season,Season_Type,Rk,Team,Age,W,L,PW,PL,MOV,SOS,SRS,ORtg,DRtg,NRtg,Pace,FTr,3PAr,TS%,Unnamed: 17_level_1,eFG%,TOV%,ORB%,FT/FGA,Unnamed: 22_level_1,DRB%,Unnamed: 27_level_1,Arena,Attend.,Attend./G,G,Estimated_Team_Possessions,League_ORtg,League_DRtg,Relative_ORtg,Relative_DRtg,Relative_NRtg,W/L%,Unnamed: 15_level_1,Unnamed: 20_level_1,Opponent_TOV%,Opponent_eFG%
1952,1951-52,Regular Season,1.0,Minneapolis Lakers*,25.9,40.0,26.0,49.0,17.0,6.03,-0.75,5.28,85.3,79.3,6.0,97.2,0.335,,0.429,,,,,,,,,Minneapolis Auditorium,,401.0,66.0,6415.2,86.92079478553408,86.9467094196804,-1.6207947855340876,-7.646709419680405,6.025914634146318,,,,,
1952,1951-52,Regular Season,2.0,Syracuse Nationals*,25.8,40.0,26.0,45.0,21.0,4.45,-0.52,3.94,89.2,84.6,4.6,96.1,0.497,,0.451,,,,,,,,,Onondaga War Memorial,,1016.0,66.0,6342.599999999999,86.92079478553408,86.9467094196804,2.279205214465918,-2.3467094196804084,4.625914634146326,,,,,
1952,1951-52,Regular Season,3.0,Boston Celtics*,24.9,39.0,27.0,43.0,23.0,4.08,-0.47,3.6,90.4,86.4,4.0,100.0,0.437,,0.459,,,,,,,,,Boston Garden,160167.0,5528.0,66.0,6600.0,86.92079478553408,86.9467094196804,3.479205214465921,-0.546709419680397,4.025914634146318,,,,,
1952,1951-52,Regular Season,4.0,Rochester Royals*,28.9,41.0,25.0,42.0,24.0,3.35,-0.43,2.92,91.6,88.1,3.5,92.7,0.416,,0.465,,,,,,,,,Edgerton Park Arena,,325.0,66.0,6118.2,86.92079478553408,86.9467094196804,4.6792052144659095,1.1532905803195916,3.525914634146318,,,,,
1952,1951-52,Regular Season,5.0,New York Knicks*,25.5,37.0,29.0,35.0,31.0,0.74,-0.07,0.67,88.7,87.9,0.8,94.9,0.414,,0.449,,,,,,,,,Madison Square Garden (III),,1489.0,66.0,6263.400000000001,86.92079478553408,86.9467094196804,1.779205214465918,0.953290580319603,0.825914634146315,,,,,
1952,1951-52,Regular Season,6.0,Indianapolis Olympians*,24.5,34.0,32.0,33.0,33.0,0.12,-0.04,0.08,85.2,85.1,0.1,96.7,0.356,,0.429,,,,,,,,,Hinkle Fieldhouse,,135.0,66.0,6382.2,86.92079478553408,86.9467094196804,-1.720794785534082,-1.8467094196804084,0.1259146341463264,,,,,
1952,1951-52,Regular Season,7.0,Philadelphia Warriors*,26.6,33.0,33.0,30.0,36.0,-1.26,0.17,-1.08,89.5,90.8,-1.3,95.5,0.399,,0.453,,,,,,,,,Philadelphia Arena,,668.0,66.0,6303.0,86.92079478553408,86.9467094196804,2.579205214465915,3.8532905803195945,-1.2740853658536793,,,,,
1952,1951-52,Regular Season,8.0,Fort Wayne Pistons*,26.5,29.0,37.0,27.0,39.0,-2.05,0.22,-1.83,85.6,87.9,-2.3,90.1,0.438,,0.431,,,,,,,,,North Side High School Gym,,91.0,66.0,5946.599999999999,86.92079478553408,86.9467094196804,-1.3207947855340905,0.953290580319603,-2.274085365853693,,,,,
1952,1951-52,Regular Season,9.0,Baltimore Bullets,27.3,20.0,46.0,15.0,51.0,-7.5,0.92,-6.6,83.0,90.6,-7.6,97.3,0.402,,0.416,,,,,,,,,Baltimore Coliseum,,324.0,66.0,6421.8,86.92079478553408,86.9467094196804,-3.920794785534085,3.653290580319592,-7.574085365853676,,,,,
1952,1951-52,Regular Season,10.0,Milwaukee Hawks,26.6,17.0,49.0,13.0,53.0,-7.94,0.93,-7.04,80.4,89.1,-8.7,90.7,0.431,,0.402,,,,,,,,,Milwaukee Arena,,136.0,66.0,5986.2,86.92079478553408,86.9467094196804,-6.520794785534079,2.153290580319592,-8.67408536585367,,,,,
1952,1951-52,Playoffs,1.0,Minneapolis Lakers,25.9,9.0,4.0,8.0,5.0,,,,93.1,89.2,3.9,86.4,0.443,,0.474,,,,,,,,,,,,13.0,1123.2,93.79241891711526,93.8660008008186,-0.6924189171152619,-4.666000800818594,3.973581883703332,0.692,,,,
1952,1951-52,Playoffs,2.0,Rochester Royals,29.0,3.0,3.0,4.0,2.0,,,,93.1,90.1,3.0,88.0,0.536,,0.474,,,,,,,,,,,,6.0,528.0,93.79241891711526,93.8660008008186,-0.6924189171152619,-3.7660008008186026,3.0735818837033406,0.5,,,,
1952,1951-52,Playoffs,3.0,Syracuse Nationals,25.4,3.0,4.0,4.0,3.0,,,,94.8,92.5,2.3,97.9,0.655,,0.484,,,,,,,,,,,,7.0,685.3000000000001,93.79241891711526,93.8660008008186,1.007581082884741,-1.3660008008185969,2.373581883703338,0.429,,,,
1952,1951-52,Playoffs,4.0,Boston Celtics,24.7,1.0,2.0,2.0,1.0,,,,99.8,97.7,2.1,90.2,0.551,,0.512,,,,,,,,,,,,3.0,270.6,93.79241891711526,93.8660008008186,6.007581082884741,3.833999199181406,2.173581883703335,0.333,,,,
1952,1951-52,Playoffs,5.0,New York Knicks,25.5,8.0,6.0,6.0,8.0,,,,94.9,96.6,-1.7,89.0,0.58,,0.484,,,,,,,,,,,,14.0,1246.0,93.79241891711526,93.8660008008186,1.1075810828847494,2.733999199181397,-1.626418116296648,0.571,,,,
1952,1951-52,Playoffs,6.0,Indianapolis Olympians,24.3,0.0,2.0,0.0,2.0,,,,84.6,92.7,-8.1,92.8,0.35,,0.425,,,,,,,,,,,,2.0,185.6,93.79241891711526,93.8660008008186,-9.192418917115262,-1.166000800818594,-8.026418116296668,0.0,,,,
1952,1951-52,Playoffs,7.0,Philadelphia Warriors,26.7,1.0,2.0,1.0,2.0,,,,96.6,106.1,-9.5,88.3,0.563,,0.493,,,,,,,,,,,,3.0,264.9,93.79241891711526,93.8660008008186,2.807581082884738,12.233999199181396,-9.42641811629666,0.333,,,,
1952,1951-52,Playoffs,8.0,Fort Wayne Pistons,26.8,0.0,2.0,0.0,2.0,,,,85.5,97.5,-12.0,95.9,0.345,,0.431,,,,,,,,,,,,2.0,191.8,93.79241891711526,93.8660008008186,-8.292418917115256,3.633999199181403,-11.92641811629666,0.0,,,,
1953,1952-53,Regular Season,1.0,Minneapolis Lakers*,26.5,48.0,22.0,52.0,18.0,6.13,-0.59,5.54,90.1,83.6,6.5,93.7,0.4,,0.457,,,,,,,,,Minneapolis Auditorium,,442.0,70.0,6559.0,88.05005711988996,88.0197373567172,2.049942880110038,-4.419737356717207,6.469680236827244,,,,,
1953,1952-53,Regular Season,2.0,New York Knicks*,26.0,47.0,23.0,50.0,20.0,5.23,-0.84,4.39,90.5,85.0,5.5,93.1,0.497,,0.46,,,,,,,,,Madison Square Garden (III),,2090.0,70.0,6517.0,88.05005711988996,88.0197373567172,2.449942880110044,-3.019737356717201,5.469680236827244,,,,,
1953,1952-53,Regular Season,3.0,Syracuse Nationals*,25.8,47.0,24.0,48.0,23.0,4.31,-0.69,3.62,90.6,86.0,4.6,92.8,0.554,,0.459,,,,,,,,,Onondaga War Memorial,,453.0,71.0,6588.8,88.05005711988996,88.0197373567172,2.549942880110038,-2.019737356717201,4.569680236827239,,,,,
1953,1952-53,Regular Season,4.0,Rochester Royals*,29.2,44.0,26.0,43.0,27.0,2.8,-0.18,2.62,89.8,86.9,2.9,94.1,0.506,,0.455,,,,,,,,,Edgerton Park Arena,,296.0,70.0,6587.0,88.05005711988996,88.0197373567172,1.7499428801100407,-1.119737356717195,2.869680236827236,,,,,
1953,1952-53,Regular Season,5.0,Boston Celtics*,25.4,46.0,25.0,42.0,29.0,2.37,-0.43,1.94,91.7,89.3,2.4,94.7,0.471,,0.467,,,,,,,,,Boston Garden,161808.0,6994.0,71.0,6723.7,88.05005711988996,88.0197373567172,3.6499428801100464,1.2802626432827964,2.36968023682725,,,,,
1953,1952-53,Regular Season,6.0,Fort Wayne Pistons*,26.5,36.0,33.0,34.0,35.0,-0.12,0.29,0.17,87.6,87.7,-0.1,91.1,0.476,,0.442,,,,,,,,,War Memorial Coliseum,,227.0,69.0,6285.9,88.05005711988996,88.0197373567172,-0.4500571198899621,-0.3197373567171979,-0.1303197631727641,,,,,
1953,1952-53,Regular Season,7.0,Indianapolis Olympians*,25.5,28.0,43.0,27.0,44.0,-2.79,0.49,-2.3,84.9,88.0,-3.1,86.3,0.438,,0.427,,,,,,,,,Hinkle Fieldhouse,,506.0,71.0,6127.3,88.05005711988996,88.0197373567172,-3.1500571198899507,-0.0197373567172007,-3.13031976317275,,,,,
1953,1952-53,Regular Season,8.0,Milwaukee Hawks,26.3,27.0,44.0,27.0,45.0,-2.88,0.51,-2.49,84.0,87.2,-3.2,87.2,0.451,,0.423,,,,,,,,,Milwaukee Arena,,145.0,71.0,6191.2,88.05005711988996,88.0197373567172,-4.050057119889956,-0.8197373567171979,-3.2303197631727585,,,,,
1953,1952-53,Regular Season,9.0,Baltimore Bullets*,26.3,16.0,54.0,18.0,52.0,-6.41,0.62,-5.8,86.8,93.4,-6.6,95.2,0.453,,0.439,,,,,,,,,Baltimore Coliseum,,170.0,70.0,6664.0,88.05005711988996,88.0197373567172,-1.2500571198899593,5.380262643282805,-6.630319763172764,,,,,
1953,1952-53,Regular Season,10.0,Philadelphia Warriors,26.0,12.0,57.0,13.0,57.0,-8.61,0.91,-7.75,83.9,93.0,-9.1,93.4,0.414,,0.422,,,,,,,,,Convention Hall,,,69.0,6444.6,88.05005711988996,88.0197373567172,-4.150057119889951,4.980262643282799,-9.13031976317275,,,,,
1953,1952-53,Playoffs,1.0,Minneapolis Lakers,26.5,9.0,3.0,9.0,3.0,,,,89.6,83.9,5.7,92.6,0.474,,0.454,,,,,,,,,,,,12.0,1111.1999999999998,90.05158012992722,89.98151223562742,-0.4515801299272226,-6.081512235627415,5.629932105700192,0.75,,,,
1953,1952-53,Playoffs,2.0,New York Knicks,26.2,6.0,5.0,6.0,5.0,,,,91.3,89.0,2.3,90.9,0.517,,0.464,,,,,,,,,,,,11.0,999.9,90.05158012992722,89.98151223562742,1.2484198700727802,-0.9815122356274202,2.2299321057002004,0.545,,,,
1953,1952-53,Playoffs,3.0,Rochester Royals,29.3,1.0,2.0,2.0,1.0,,,,86.3,85.2,1.1,86.9,0.688,,0.434,,,,,,,,,,,,3.0,260.70000000000005,90.05158012992722,89.98151223562742,-3.75158012992722,-4.781512235627417,1.0299321057001976,0.333,,,,
1953,1952-53,Playoffs,4.0,Boston Celtics,25.4,3.0,3.0,3.0,3.0,,,,94.8,95.2,-0.4,87.4,0.613,,0.483,,,,,,,,,,,,6.0,524.4000000000001,90.05158012992722,89.98151223562742,4.74841987007278,5.218487764372583,-0.4700678942998024,0.5,,,,
1953,1952-53,Playoffs,5.0,Fort Wayne Pistons,26.9,4.0,4.0,3.0,5.0,,,,91.0,95.4,-4.4,84.0,0.727,,0.461,,,,,,,,,,,,8.0,672.0,90.05158012992722,89.98151223562742,0.9484198700727832,5.4184877643725855,-4.470067894299802,0.5,,,,
1953,1952-53,Playoffs,6.0,Syracuse Nationals,26.2,0.0,2.0,1.0,1.0,,,,96.5,102.7,-6.2,79.8,0.773,,0.492,,,,,,,,,,,,2.0,159.6,90.05158012992722,89.98151223562742,6.448419870072783,12.718487764372584,-6.2700678942998,0.0,,,,
1953,1952-53,Playoffs,7.0,Indianapolis Olympians,25.5,0.0,2.0,0.0,2.0,,,,79.4,89.0,-9.6,93.2,0.394,,0.394,,,,,,,,,,,,2.0,186.4,90.05158012992722,89.98151223562742,-10.651580129927211,-0.9815122356274202,-9.670067894299793,0.0,,,,
1953,1952-53,Playoffs,8.0,Baltimore Bullets,24.9,0.0,2.0,0.0,2.0,,,,79.3,94.2,-14.9,90.2,0.414,,0.398,,,,,,,,,,,,2.0,180.4,90.05158012992722,89.98151223562742,-10.75158012992722,4.218487764372583,-14.970067894299802,0.0,,,,
1954,1953-54,Regular Season,1.0,Syracuse Nationals*,25.5,42.0,30.0,50.0,22.0,4.9,-0.64,4.27,88.2,83.0,5.2,93.5,0.475,,0.446,,,,,,,,,Onondaga War Memorial,,489.0,72.0,6732.0,87.50250586347363,87.50303666214049,0.6974941365263732,-4.503036662140488,5.200530798666861,,,,,
1954,1953-54,Regular Season,2.0,Minneapolis Lakers*,27.3,46.0,26.0,45.0,27.0,3.06,-0.35,2.71,86.8,83.5,3.3,93.5,0.356,,0.438,,,,,,,,,Minneapolis Auditorium,,562.0,72.0,6732.0,87.50250586347363,87.50303666214049,-0.7025058634736325,-4.003036662140488,3.3005307986668555,,,,,
1954,1953-54,Regular Season,3.0,Rochester Royals*,29.2,44.0,28.0,44.0,28.0,2.43,-0.2,2.24,86.6,84.0,2.6,90.9,0.462,,0.438,,,,,,,,,Edgerton Park Arena,,267.0,72.0,6544.8,87.50250586347363,87.50303666214049,-0.9025058634736354,-3.503036662140488,2.6005307986668527,,,,,
1954,1953-54,Regular Season,4.0,Boston Celtics*,26.4,42.0,30.0,43.0,29.0,2.33,-0.32,1.97,92.5,90.0,2.5,93.0,0.457,,0.471,,,,,,,,,Boston Garden,156912.0,7130.0,72.0,6696.0,87.50250586347363,87.50303666214049,4.99749413652637,2.496963337859512,2.5005307986668583,,,,,
1954,1953-54,Regular Season,5.0,Fort Wayne Pistons*,26.8,40.0,32.0,41.0,31.0,1.63,-0.18,1.45,89.0,87.2,1.8,86.9,0.446,,0.451,,,,,,,,,War Memorial Coliseum,,203.0,72.0,6256.8,87.50250586347363,87.50303666214049,1.4974941365263703,-0.3030366621404852,1.8005307986668555,,,,,
1954,1953-54,Regular Season,6.0,New York Knicks*,27.1,44.0,28.0,36.0,36.0,-0.13,-0.02,-0.16,89.3,89.4,-0.1,87.4,0.488,,0.452,,,,,,,,,Madison Square Garden (III),,2269.0,72.0,6292.8,87.50250586347363,87.50303666214049,1.7974941365263677,1.8969633378595177,-0.0994692013331501,,,,,
1954,1953-54,Regular Season,7.0,Philadelphia Warriors,24.8,29.0,43.0,29.0,43.0,-2.14,0.22,-1.89,86.7,89.0,-2.3,89.4,0.418,,0.438,,,,,,,,,Convention Hall,,,72.0,6436.8,87.50250586347363,87.50303666214049,-0.8025058634736268,1.496963337859512,-2.299469201333139,,,,,
1954,1953-54,Regular Season,8.0,Milwaukee Hawks,26.1,21.0,51.0,19.0,53.0,-5.29,0.75,-4.55,82.9,89.2,-6.3,84.2,0.433,,0.416,,,,,,,,,Milwaukee Arena,,689.0,72.0,6062.400000000001,87.50250586347363,87.50303666214049,-4.602505863473624,1.6969633378595148,-6.299469201333139,,,,,
1954,1953-54,Regular Season,9.0,Baltimore Bullets,24.1,16.0,56.0,17.0,55.0,-6.76,0.79,-5.98,85.2,92.6,-7.4,91.3,0.417,,0.43,,,,,,,,,Baltimore Coliseum,,,72.0,6573.599999999999,87.50250586347363,87.50303666214049,-2.302505863473627,5.096963337859506,-7.399469201333133,,,,,
1954,1953-54,Playoffs,1.0,Minneapolis Lakers,27.4,9.0,4.0,10.0,3.0,,,,92.2,85.1,7.1,87.1,0.451,,0.47,,,,,,,,,,,,13.0,1132.3,92.5908144412264,92.61659842205133,-0.3908144412263823,-7.516598422051331,7.125783980824949,0.692,,,,
1954,1953-54,Playoffs,2.0,Syracuse Nationals,25.5,9.0,4.0,7.0,6.0,,,,94.3,92.7,1.6,85.7,0.668,,0.483,,,,,,,,,,,,13.0,1114.1,92.5908144412264,92.61659842205133,1.709185558773612,0.0834015779486776,1.6257839808249344,0.692,,,,
1954,1953-54,Playoffs,3.0,Boston Celtics,26.5,2.0,4.0,2.0,4.0,,,,92.9,95.2,-2.3,92.0,0.574,,0.473,,,,,,,,,,,,6.0,552.0,92.5908144412264,92.61659842205133,0.3091855587736205,2.5834015779486776,-2.274216019175057,0.333,,,,
1954,1953-54,Playoffs,4.0,Rochester Royals,29.3,3.0,3.0,2.0,4.0,,,,93.6,97.1,-3.5,85.6,0.532,,0.478,,,,,,,,,,,,6.0,513.5999999999999,92.5908144412264,92.61659842205133,1.0091855587736092,4.483401577948669,-3.47421601917506,0.5,,,,
1954,1953-54,Playoffs,5.0,Fort Wayne Pistons,27.2,0.0,4.0,1.0,3.0,,,,84.9,94.6,-9.7,89.6,0.376,,0.426,,,,,,,,,,,,4.0,358.4,92.5908144412264,92.61659842205133,-7.6908144412263795,1.983401577948669,-9.674216019175049,0.0,,,,
1954,1953-54,Playoffs,6.0,New York Knicks,27.1,0.0,4.0,1.0,3.0,,,,94.4,104.5,-10.1,83.7,0.716,,0.481,,,,,,,,,,,,4.0,334.8,92.5908144412264,92.61659842205133,1.8091855587736203,11.883401577948677,-10.074216019175054,0.0,,,,
1955,1954-55,Regular Season,1.0,Fort Wayne Pistons*,27.1,43.0,29.0,43.0,29.0,2.39,-0.38,2.01,91.2,88.9,2.3,100.7,0.453,,0.464,,,,,,,,,War Memorial Coliseum,,,72.0,7250.400000000001,89.69546226644019,89.6820917253094,1.504537733559815,-0.7820917253093995,2.286629458869214,,,,,
1955,1954-55,Regular Season,2.0,Syracuse Nationals*,26.2,43.0,29.0,40.0,32.0,1.39,-0.16,1.23,87.5,86.2,1.3,103.6,0.386,,0.442,,,,,,,,,Onondaga War Memorial,,,72.0,7459.2,89.69546226644019,89.6820917253094,-2.195462266440188,-3.4820917253094024,1.2866294588692142,,,,,
1955,1954-55,Regular Season,3.0,Minneapolis Lakers*,26.8,40.0,32.0,39.0,33.0,1.17,-0.21,0.96,89.7,88.6,1.1,105.5,0.389,,0.455,,,,,,,,,Minneapolis Auditorium,,,72.0,7596.0,89.69546226644019,89.6820917253094,0.0045377335598146,-1.082091725309411,1.0866294588692256,,,,,
1955,1954-55,Regular Season,4.0,New York Knicks*,27.1,38.0,34.0,36.0,36.0,0.08,0.03,0.11,90.2,90.1,0.1,101.8,0.422,,0.458,,,,,,,,,Madison Square Garden (III),,,72.0,7329.599999999999,89.69546226644019,89.6820917253094,0.5045377335598147,0.4179082746905891,0.0866294588692255,,,,,
1955,1954-55,Regular Season,5.0,Boston Celtics*,26.7,36.0,36.0,36.0,36.0,-0.06,0.05,-0.03,93.0,93.0,0.0,108.6,0.414,,0.473,,,,,,,,,Boston Garden,175675.0,,72.0,7819.2,89.69546226644019,89.6820917253094,3.304537733559812,3.317908274690595,-0.0133705411307829,,,,,
1955,1954-55,Regular Season,6.0,Philadelphia Warriors,25.2,33.0,39.0,35.0,37.0,-0.26,0.08,-0.19,88.7,88.9,-0.2,104.0,0.415,,0.449,,,,,,,,,Convention Hall,,,72.0,7488.0,89.69546226644019,89.6820917253094,-0.9954622664401852,-0.7820917253093995,-0.2133705411307858,,,,,
1955,1954-55,Regular Season,7.0,Rochester Royals*,29.0,29.0,43.0,32.0,40.0,-1.63,0.19,-1.43,90.7,92.3,-1.6,99.5,0.402,,0.461,,,,,,,,,Edgerton Park Arena,,,72.0,7164.0,89.69546226644019,89.6820917253094,1.004537733559815,2.617908274690592,-1.6133705411307773,,,,,
1955,1954-55,Regular Season,8.0,Milwaukee Hawks,25.9,26.0,46.0,28.0,44.0,-3.04,0.4,-2.66,86.4,89.4,-3.0,100.5,0.442,,0.436,,,,,,,,,Milwaukee Arena,,,72.0,7236.0,89.69546226644019,89.6820917253094,-3.2954622664401825,-0.2820917253093995,-3.013370541130783,,,,,
1955,1954-55,Regular Season,9.0,Baltimore Bullets,24.9,,,,,,,,,,,,,,,,,,,,,,,,,,,,89.69546226644019,89.6820917253094,,,,,,,,
1955,1954-55,Playoffs,1.0,Syracuse Nationals,25.9,7.0,4.0,6.0,5.0,,,,88.7,86.6,2.1,108.6,0.491,,0.448,,,,,,,,,,,,11.0,1194.6,91.00998444158832,91.00541162145709,-2.3099844415883126,-4.405411621457091,2.0954271798687785,0.636,,,,
1955,1954-55,Playoffs,2.0,Fort Wayne Pistons,27.2,6.0,5.0,6.0,5.0,,,,92.7,90.7,2.0,99.1,0.47,,0.472,,,,,,,,,,,,11.0,1090.1,91.00998444158832,91.00541162145709,1.6900155584116874,-0.3054116214570825,1.99542717986877,0.545,,,,
1955,1954-55,Playoffs,3.0,Boston Celtics,26.9,3.0,4.0,3.0,4.0,,,,98.3,99.3,-1.0,105.6,0.384,,0.504,,,,,,,,,,,,7.0,739.1999999999999,91.00998444158832,91.00541162145709,7.290015558411682,8.294588378542912,-1.00457282013123,0.429,,,,
1955,1954-55,Playoffs,4.0,Minneapolis Lakers,27.1,3.0,4.0,3.0,4.0,,,,86.7,87.7,-1.0,106.3,0.467,,0.436,,,,,,,,,,,,7.0,744.1,91.00998444158832,91.00541162145709,-4.309984441588313,-3.3054116214570826,-1.00457282013123,0.429,,,,
1955,1954-55,Playoffs,5.0,Rochester Royals,29.0,1.0,2.0,1.0,2.0,,,,83.4,86.6,-3.2,112.8,0.431,,0.419,,,,,,,,,,,,3.0,338.4,91.00998444158832,91.00541162145709,-7.60998444158831,-4.405411621457091,-3.2045728201312187,0.333,,,,
1955,1954-55,Playoffs,6.0,New York Knicks,26.9,1.0,2.0,1.0,2.0,,,,95.0,101.4,-6.4,109.5,0.523,,0.484,,,,,,,,,,,,3.0,328.5,91.00998444158832,91.00541162145709,3.990015558411685,10.39458837854292,-6.404572820131236,0.333,,,,
1956,1955-56,Regular Season,1.0,Philadelphia Warriors*,25.6,45.0,27.0,46.0,26.0,4.26,-0.45,3.82,94.6,90.7,3.9,108.5,0.439,,0.483,,,,,,,,,Convention Hall,,1500.0,72.0,7812.0,90.2715040790532,90.29425485464782,4.328495920946793,0.405745145352185,3.922750775594608,,,,,
1956,1955-56,Regular Season,2.0,Fort Wayne Pistons*,27.2,37.0,35.0,38.0,34.0,0.71,-0.26,0.45,90.7,90.0,0.7,103.2,0.442,,0.461,,,,,,,,,War Memorial Coliseum,,376.0,72.0,7430.400000000001,90.2715040790532,90.29425485464782,0.4284959209468013,-0.2942548546478178,0.7227507755946192,,,,,
1956,1955-56,Regular Season,3.0,Boston Celtics*,26.9,39.0,33.0,38.0,34.0,0.65,0.07,0.72,92.2,91.7,0.5,114.5,0.403,,0.469,,,,,,,,,Boston Garden,209645.0,8222.0,72.0,8244.0,90.2715040790532,90.29425485464782,1.9284959209468011,1.405745145352185,0.5227507755946164,,,,,
1956,1955-56,Regular Season,4.0,Syracuse Nationals*,26.1,35.0,37.0,36.0,36.0,0.01,0.16,0.17,88.0,88.0,0.0,108.5,0.406,,0.444,,,,,,,,,Onondaga War Memorial,,607.0,72.0,7812.0,90.2715040790532,90.29425485464782,-2.271504079053201,-2.294254854647818,0.0227507755946163,,,,,
1956,1955-56,Regular Season,5.0,New York Knicks*,26.8,35.0,37.0,35.0,37.0,-0.42,0.22,-0.2,92.4,92.8,-0.4,106.5,0.456,,0.47,,,,,,,,,Madison Square Garden (III),,2445.0,72.0,7668.0,90.2715040790532,90.29425485464782,2.128495920946804,2.5057451453521797,-0.3772492244053751,,,,,
1956,1955-56,Regular Season,6.0,Minneapolis Lakers*,26.8,33.0,39.0,34.0,38.0,-0.89,-0.03,-0.92,91.5,92.4,-0.9,108.0,0.401,,0.464,,,,,,,,,Minneapolis Auditorium,,399.0,72.0,7776.0,90.2715040790532,90.29425485464782,1.2284959209467985,2.105745145352188,-0.8772492244053893,,,,,
1956,1955-56,Regular Season,7.0,St. Louis Hawks*,25.7,33.0,39.0,32.0,40.0,-1.47,0.05,-1.42,87.6,88.9,-1.3,109.4,0.417,,0.443,,,,,,,,,Kiel Auditorium,,923.0,72.0,7876.8,90.2715040790532,90.29425485464782,-2.671504079053207,-1.3942548546478122,-1.277249224405395,,,,,
1956,1955-56,Regular Season,8.0,Rochester Royals,25.2,31.0,41.0,29.0,43.0,-2.86,0.25,-2.61,85.3,87.9,-2.6,111.7,0.373,,0.43,,,,,,,,,Rochester Community War Memorial,,717.0,72.0,8042.400000000001,90.2715040790532,90.29425485464782,-4.971504079053204,-2.394254854647812,-2.577249224405392,,,,,
1956,1955-56,Playoffs,1.0,Minneapolis Lakers,27.0,1.0,2.0,3.0,0.0,,,,103.4,87.5,15.9,117.0,0.658,,0.535,,0.363,,,0.473,,,,,,,3.0,351.0,90.21591324348142,90.21432256400334,13.184086756518582,-2.7143225640033397,15.89840932052192,0.333,,,,
1956,1955-56,Playoffs,2.0,Philadelphia Warriors,25.6,7.0,3.0,7.0,3.0,,,,92.6,87.1,5.5,113.0,0.439,,0.471,,,,,,,,,,,,10.0,1130.0,90.21591324348142,90.21432256400334,2.3840867565185704,-3.114322564003345,5.498409320521915,0.7,,,,
1956,1955-56,Playoffs,3.0,Boston Celtics,27.2,1.0,2.0,2.0,1.0,,,,89.1,86.5,2.6,114.1,0.391,,0.45,,,,,,,,,,,,3.0,342.29999999999995,90.21591324348142,90.21432256400334,-1.1159132434814296,-3.7143225640033393,2.5984093205219096,0.333,,,,
1956,1955-56,Playoffs,4.0,Fort Wayne Pistons,27.1,4.0,6.0,5.0,5.0,,,,87.5,87.0,0.5,106.0,0.439,,0.442,,,,,,,,,,,,10.0,1060.0,90.21591324348142,90.21432256400334,-2.715913243481424,-3.2143225640033397,0.4984093205219153,0.4,,,,
1956,1955-56,Playoffs,5.0,Syracuse Nationals,26.0,4.0,4.0,2.0,6.0,,,,88.4,93.9,-5.5,115.0,0.422,,0.447,,,,,,,,,,,,8.0,920.0,90.21591324348142,90.21432256400334,-1.8159132434814185,3.6856774359966655,-5.501590679478085,0.5,,,,
1956,1955-56,Playoffs,6.0,St. Louis Hawks,26.5,4.0,4.0,1.0,7.0,,,,87.4,97.0,-9.6,106.1,0.514,,0.442,,,,,,,,,,,,8.0,848.8,90.21591324348142,90.21432256400334,-2.8159132434814182,6.785677435996661,-9.60159067947808,0.5,,,,
1957,1956-57,Regular Season,1.0,Boston Celtics*,27.0,44.0,28.0,49.0,23.0,5.36,-0.58,4.78,88.5,84.0,4.5,118.0,0.361,,0.448,,,,,,,,,Boston Garden,262918.0,10452.0,72.0,8496.0,88.86379077615297,88.8634983127109,-0.3637907761529675,-4.863498312710902,4.499707536557935,,,,,
1957,1956-57,Regular Season,2.0,Philadelphia Warriors*,26.7,37.0,35.0,40.0,32.0,1.58,-0.04,1.54,92.4,90.9,1.5,108.0,0.407,,0.469,,,,,,,,,Convention Hall,,1615.0,72.0,7776.0,88.86379077615297,88.8634983127109,3.536209223847038,2.0365016872891037,1.4997075365579349,,,,,
1957,1956-57,Regular Season,3.0,New York Knicks,27.0,36.0,36.0,36.0,36.0,-0.14,0.21,0.07,90.6,90.7,-0.1,110.5,0.428,,0.459,,,,,,,,,Madison Square Garden (III),,2650.0,72.0,7956.0,88.86379077615297,88.8634983127109,1.7362092238470268,1.8365016872891005,-0.1002924634420736,,,,,
1957,1956-57,Regular Season,4.0,St. Louis Hawks*,27.7,34.0,38.0,36.0,36.0,-0.08,-0.19,-0.27,89.0,89.1,-0.1,108.3,0.406,,0.451,,,,,,,,,Kiel Auditorium,,881.0,72.0,7797.599999999999,88.86379077615297,88.8634983127109,0.1362092238470325,0.2365016872890919,-0.1002924634420594,,,,,
1957,1956-57,Regular Season,5.0,Minneapolis Lakers*,25.5,34.0,38.0,34.0,38.0,-0.81,-0.08,-0.89,88.5,89.2,-0.7,114.8,0.416,,0.447,,,,,,,,,Minneapolis Auditorium,,458.0,72.0,8265.6,88.86379077615297,88.8634983127109,-0.3637907761529675,0.3365016872891004,-0.700292463442068,,,,,
1957,1956-57,Regular Season,6.0,Syracuse Nationals*,25.7,38.0,34.0,32.0,40.0,-1.42,0.39,-1.03,88.3,89.5,-1.2,112.3,0.378,,0.445,,,,,,,,,Onondaga War Memorial,,527.0,72.0,8085.599999999999,88.86379077615297,88.8634983127109,-0.5637907761529704,0.6365016872890976,-1.200292463442068,,,,,
1957,1956-57,Regular Season,7.0,Rochester Royals,23.4,31.0,41.0,30.0,42.0,-2.19,0.12,-2.08,84.9,86.9,-2.0,109.4,0.353,,0.428,,,,,,,,,Rochester Community War Memorial,,509.0,72.0,7876.8,88.86379077615297,88.8634983127109,-3.963790776152962,-1.9634983127108967,-2.000292463442065,,,,,
1957,1956-57,Regular Season,8.0,Fort Wayne Pistons*,26.7,34.0,38.0,30.0,42.0,-2.31,0.13,-2.18,88.8,91.0,-2.2,107.7,0.38,,0.45,,,,,,,,,War Memorial Coliseum,,645.0,72.0,7754.400000000001,88.86379077615297,88.8634983127109,-0.0637907761529703,2.1365016872890976,-2.200292463442068,,,,,
1957,1956-57,Playoffs,1.0,Boston Celtics,26.6,7.0,3.0,7.0,3.0,,,,85.8,80.3,5.5,125.0,0.381,,0.433,,,,,,,,,,,,10.0,1250.0,87.64357577386333,87.70923749725146,-1.843575773863336,-7.409237497251468,5.565661723388132,0.7,,,,
1957,1956-57,Playoffs,2.0,St. Louis Hawks,27.7,6.0,4.0,4.0,6.0,,,,90.2,91.6,-1.4,118.6,0.477,,0.458,,,,,,,,,,,,10.0,1186.0,87.64357577386333,87.70923749725146,2.55642422613667,3.8907625027485295,-1.3343382766118594,0.6,,,,
1957,1956-57,Playoffs,3.0,Minneapolis Lakers,25.4,2.0,3.0,2.0,3.0,,,,90.4,92.4,-2.0,125.1,0.395,,0.459,,0.417,,,0.292,,,,,,,5.0,625.5,87.64357577386333,87.70923749725146,2.756424226136673,4.690762502748541,-1.934338276611868,0.4,,,,
1957,1956-57,Playoffs,4.0,Fort Wayne Pistons,26.4,0.0,2.0,1.0,1.0,,,,95.2,97.7,-2.5,123.4,0.344,,0.488,,,,,,,,,,,,2.0,246.8,87.64357577386333,87.70923749725146,7.55642422613667,9.990762502748538,-2.434338276611868,0.0,,,,
1957,1956-57,Playoffs,5.0,Syracuse Nationals,25.6,2.0,3.0,2.0,3.0,,,,83.1,86.3,-3.2,112.8,0.383,,0.415,,,,,,,,,,,,5.0,564.0,87.64357577386333,87.70923749725146,-4.543575773863338,-1.4092374972514676,-3.134338276611871,0.4,,,,
1957,1956-57,Playoffs,6.0,Philadelphia Warriors,26.7,0.0,2.0,0.0,2.0,,,,79.7,87.9,-8.2,110.4,0.274,,0.399,,,,,,,,,,,,2.0,220.8,87.64357577386333,87.70923749725146,-7.94357577386333,0.1907625027485409,-8.13433827661187,0.0,,,,
1958,1957-58,Regular Season,1.0,Boston Celtics*,27.6,49.0,23.0,48.0,24.0,5.5,-0.47,5.02,88.0,83.6,4.4,124.8,0.333,,0.445,,,,,,,,,Boston Garden,240943.0,8308.0,72.0,8985.6,88.79588554720132,88.78739557226399,-0.7958855472013227,-5.187395572263995,4.391510025062672,,,,,
1958,1957-58,Regular Season,2.0,Syracuse Nationals*,26.6,41.0,31.0,41.0,31.0,2.18,0.0,2.18,89.9,88.1,1.8,119.1,0.357,,0.455,,,,,,,,,Onondaga War Memorial,,752.0,72.0,8575.199999999999,88.79588554720132,88.78739557226399,1.104114452798683,-0.6873955722639948,1.791510025062678,,,,,
1958,1957-58,Regular Season,3.0,St. Louis Hawks*,28.0,41.0,31.0,39.0,33.0,1.32,-0.5,0.82,89.7,88.6,1.1,119.5,0.425,,0.455,,,,,,,,,Kiel Auditorium,,1320.0,72.0,8604.0,88.79588554720132,88.78739557226399,0.9041144527986802,-0.1873955722639948,1.091510025062675,,,,,
1958,1957-58,Regular Season,4.0,New York Knicks,25.1,35.0,37.0,39.0,33.0,1.21,0.14,1.35,91.7,90.8,0.9,121.5,0.418,,0.466,,,,,,,,,Madison Square Garden (III),,3378.0,72.0,8748.0,88.79588554720132,88.78739557226399,2.90411445279868,2.012604427736008,0.8915100250626722,,,,,
1958,1957-58,Regular Season,5.0,Philadelphia Warriors*,26.8,37.0,35.0,36.0,36.0,-0.13,0.33,0.21,88.3,88.4,-0.1,117.8,0.357,,0.446,,,,,,,,,Convention Hall,,1324.0,72.0,8481.6,88.79588554720132,88.78739557226399,-0.4958855472013255,-0.3873955722639834,-0.108489974937342,,,,,
1958,1957-58,Regular Season,6.0,Cincinnati Royals*,25.7,33.0,39.0,33.0,39.0,-1.36,-0.12,-1.47,86.5,87.6,-1.1,117.3,0.323,,0.437,,,,,,,,,Cincinnati Gardens,,622.0,72.0,8445.6,88.79588554720132,88.78739557226399,-2.2958855472013227,-1.1873955722639948,-1.1084899749373278,,,,,
1958,1957-58,Regular Season,7.0,Detroit Pistons*,28.4,33.0,39.0,30.0,42.0,-2.35,0.02,-2.32,88.2,90.1,-1.9,118.8,0.38,,0.445,,,,,,,,,Detroit Olympia,,1070.0,72.0,8553.6,88.79588554720132,88.78739557226399,-0.5958855472013198,1.3126044277360052,-1.908489974937325,,,,,
1958,1957-58,Regular Season,8.0,Minneapolis Lakers,25.9,19.0,53.0,22.0,50.0,-6.38,0.6,-5.78,88.0,93.3,-5.3,118.8,0.418,,0.444,,,,,,,,,Minneapolis Auditorium,,500.0,72.0,8553.6,88.79588554720132,88.78739557226399,-0.7958855472013227,4.512604427736008,-5.308489974937331,,,,,
1958,1957-58,Playoffs,1.0,Boston Celtics,27.6,6.0,5.0,7.0,4.0,,,,86.5,82.0,4.5,123.5,0.365,,0.435,,,,,,,,,,,,11.0,1358.5,86.87154933536804,86.8603831171439,-0.3715493353680443,-4.860383117143897,4.488833781775853,0.545,,,,
1958,1957-58,Playoffs,2.0,St. Louis Hawks,28.2,8.0,3.0,6.0,5.0,,,,92.5,90.4,2.1,118.4,0.475,,0.472,,,,,,,,,,,,11.0,1302.4,86.87154933536804,86.8603831171439,5.628450664631956,3.5396168828561088,2.088833781775847,0.727,,,,
1958,1957-58,Playoffs,3.0,Detroit Pistons,28.0,3.0,4.0,3.0,4.0,,,,89.6,91.6,-2.0,117.6,0.435,,0.453,,,,,,,,,,,,7.0,823.1999999999999,86.87154933536804,86.8603831171439,2.72845066463195,4.739616882856097,-2.0111662182241474,0.429,,,,
1958,1957-58,Playoffs,4.0,Philadelphia Warriors,26.9,3.0,5.0,3.0,5.0,,,,82.4,85.0,-2.6,114.5,0.301,,0.413,,,,,,,,,,,,8.0,916.0,86.87154933536804,86.8603831171439,-4.471549335368039,-1.860383117143897,-2.6111662182241417,0.375,,,,
1958,1957-58,Playoffs,5.0,Syracuse Nationals,26.5,1.0,2.0,1.0,2.0,,,,79.6,82.8,-3.2,111.9,0.345,,0.396,,,,,,,,,,,,3.0,335.70000000000005,86.87154933536804,86.8603831171439,-7.27154933536805,-4.0603831171439,-3.2111662182241503,0.333,,,,
1958,1957-58,Playoffs,6.0,Cincinnati Royals,26.1,0.0,2.0,0.0,2.0,,,,76.5,91.6,-15.1,122.2,0.33,,0.38,,,,,,,,,,,,2.0,244.4,86.87154933536804,86.8603831171439,-10.371549335368044,4.739616882856097,-15.111166218224142,0.0,,,,
1959,1958-59,Regular Season,1.0,Boston Celtics*,27.1,52.0,20.0,50.0,22.0,6.49,-0.65,5.84,89.5,84.5,5.0,128.7,0.316,,0.453,,,,,,,,,Boston Garden,244642.0,7924.0,72.0,9266.4,90.3296510405718,90.18225772545723,-0.8296510405717896,-5.682257725457234,4.852606684885444,,,,,
1959,1958-59,Regular Season,2.0,Syracuse Nationals*,26.2,35.0,37.0,45.0,27.0,4.04,-0.3,3.74,92.5,89.2,3.3,121.0,0.353,,0.471,,,,,,,,,Onondaga War Memorial,,559.0,72.0,8712.0,90.3296510405718,90.18225772545723,2.1703489594282104,-0.9822577254572308,3.1526066848854413,,,,,
1959,1958-59,Regular Season,3.0,St. Louis Hawks*,28.1,49.0,23.0,45.0,27.0,3.69,-0.81,2.89,93.3,90.1,3.2,115.6,0.393,,0.476,,,,,,,,,Kiel Auditorium,,1323.0,72.0,8323.199999999999,90.3296510405718,90.18225772545723,2.9703489594282075,-0.0822577254572394,3.052606684885447,,,,,
1959,1958-59,Regular Season,4.0,New York Knicks*,25.7,40.0,32.0,37.0,35.0,0.25,0.24,0.49,93.0,92.7,0.3,118.0,0.391,,0.473,,,,,,,,,Madison Square Garden (III),,2764.0,72.0,8496.0,90.3296510405718,90.18225772545723,2.6703489594282104,2.517742274542769,0.1526066848854412,,,,,
1959,1958-59,Regular Season,5.0,Detroit Pistons*,27.5,28.0,44.0,36.0,36.0,-0.01,-0.1,-1.36,89.4,89.4,0.0,117.8,0.36,,0.452,,,,,,,,,Detroit Olympia,,466.0,72.0,8481.6,90.3296510405718,90.18225772545723,-0.929651040571784,-0.782257725457228,-0.1473933151145559,,,,,
1959,1958-59,Regular Season,6.0,Minneapolis Lakers*,25.7,33.0,39.0,33.0,39.0,-1.33,-0.09,-1.42,90.8,91.9,-1.1,115.5,0.384,,0.461,,,,,,,,,Minneapolis Auditorium,,429.0,72.0,8316.0,90.3296510405718,90.18225772545723,0.4703489594282075,1.717742274542772,-1.2473933151145644,,,,,
1959,1958-59,Regular Season,7.0,Philadelphia Warriors,26.9,32.0,40.0,29.0,43.0,-3.0,0.71,-2.29,86.7,89.3,-2.6,118.4,0.327,,0.438,,,,,,,,,Convention Hall,,1324.0,72.0,8524.800000000001,90.3296510405718,90.18225772545723,-3.629651040571787,-0.8822577254572366,-2.74739331511455,,,,,
1959,1958-59,Regular Season,8.0,Cincinnati Royals,23.7,19.0,53.0,17.0,55.0,-8.88,0.99,-7.89,87.5,95.0,-7.5,116.4,0.324,,0.443,,,,,,,,,Cincinnati Gardens,,346.0,72.0,8380.800000000001,90.3296510405718,90.18225772545723,-2.8296510405717896,4.817742274542766,-7.647393315114556,,,,,
1959,1958-59,Playoffs,1.0,St. Louis Hawks,27.3,2.0,4.0,4.0,2.0,,,,96.7,90.2,6.5,109.8,0.441,,0.496,,,,,,,,,,,,6.0,658.8,91.81684460479327,91.81304715973936,4.883155395206714,-1.6130471597393523,6.496202554946066,0.333,,,,
1959,1958-59,Playoffs,2.0,Boston Celtics,27.1,8.0,3.0,8.0,3.0,,,,89.7,84.1,5.6,137.4,0.337,,0.455,,,,,,,,,,,,11.0,1511.4,91.81684460479327,91.81304715973936,-2.116844604793286,-7.713047159739361,5.596202554946075,0.727,,,,
1959,1958-59,Playoffs,3.0,Syracuse Nationals,26.7,5.0,4.0,4.0,5.0,,,,95.5,97.5,-2.0,126.2,0.408,,0.486,,,,,,,,,,,,9.0,1135.8,91.81684460479327,91.81304715973936,3.683155395206711,5.686952840260645,-2.0037974450539338,0.556,,,,
1959,1958-59,Playoffs,4.0,Minneapolis Lakers,25.9,6.0,7.0,4.0,9.0,,,,90.1,94.5,-4.4,116.5,0.337,,0.456,,,,,,,,,,,,13.0,1514.5,91.81684460479327,91.81304715973936,-1.7168446047932946,2.686952840260645,-4.403797445053939,0.462,,,,
1959,1958-59,Playoffs,5.0,Detroit Pistons,27.5,1.0,2.0,1.0,2.0,,,,93.4,98.3,-4.9,109.9,0.386,,0.475,,,,,,,,,,,,3.0,329.70000000000005,91.81684460479327,91.81304715973936,1.5831553952067168,6.486952840260642,-4.903797445053925,0.333,,,,
1959,1958-59,Playoffs,6.0,New York Knicks,26.0,0.0,2.0,0.0,2.0,,,,84.3,92.0,-7.7,141.2,0.306,,0.423,,,,,,,,,,,,2.0,282.4,91.81684460479327,91.81304715973936,-7.516844604793292,0.1869528402606448,-7.703797445053937,0.0,,,,
1960,1959-60,Regular Season,1.0,Boston Celtics*,27.5,59.0,16.0,54.0,21.0,8.32,-0.7,7.62,91.0,84.9,6.1,136.3,0.281,,0.463,,,,,,,,,Boston Garden,209374.0,7964.0,75.0,10222.5,91.06060876462423,91.08498909379338,-0.0606087646242343,-6.1849890937933765,6.124380329169142,,,,,
1960,1959-60,Regular Season,2.0,St. Louis Hawks*,27.6,46.0,29.0,44.0,31.0,2.71,-0.93,1.77,94.0,91.8,2.2,120.0,0.381,,0.481,,,,,,,,,Kiel Auditorium,,1172.0,75.0,9000.0,91.06060876462423,91.08498909379338,2.9393912353757656,0.715010906206615,2.22438032916915,,,,,
1960,1959-60,Regular Season,3.0,Syracuse Nationals*,27.0,45.0,30.0,43.0,32.0,2.63,0.15,2.77,93.1,91.0,2.1,127.2,0.323,,0.474,,,,,,,,,Onondaga War Memorial,,744.0,75.0,9540.0,91.06060876462423,91.08498909379338,2.03939123537576,-0.0849890937933821,2.124380329169142,,,,,
1960,1959-60,Regular Season,4.0,Philadelphia Warriors*,26.2,49.0,26.0,43.0,32.0,2.63,0.15,2.77,88.7,86.8,1.9,133.3,0.31,,0.451,,,,,,,,,Convention Hall,,2667.0,75.0,9997.5,91.06060876462423,91.08498909379338,-2.3606087646242315,-4.284989093793385,1.9243803291691532,,,,,
1960,1959-60,Regular Season,5.0,New York Knicks,26.4,27.0,48.0,32.0,43.0,-2.31,0.87,-1.43,93.0,94.9,-1.9,125.9,0.311,,0.475,,,,,,,,,Madison Square Garden (III),,2489.0,75.0,9442.5,91.06060876462423,91.08498909379338,1.9393912353757656,3.815010906206624,-1.875619670830858,,,,,
1960,1959-60,Regular Season,6.0,Detroit Pistons*,27.1,30.0,45.0,30.0,45.0,-3.43,-0.03,-3.45,89.8,92.6,-2.8,123.1,0.359,,0.456,,,,,,,,,Detroit Olympia,,788.0,75.0,9232.5,91.06060876462423,91.08498909379338,-1.2606087646242372,1.5150109062066122,-2.7756196708308494,,,,,
1960,1959-60,Regular Season,7.0,Minneapolis Lakers*,25.5,25.0,50.0,28.0,47.0,-4.23,0.09,-4.14,87.7,91.2,-3.5,121.2,0.341,,0.444,,,,,,,,,Minneapolis Armory,,,75.0,9090.0,91.06060876462423,91.08498909379338,-3.3606087646242315,0.1150109062066206,-3.475619670830852,,,,,
1960,1959-60,Regular Season,8.0,Cincinnati Royals,25.0,19.0,56.0,24.0,51.0,-6.32,0.4,-5.92,91.3,96.5,-5.2,121.6,0.343,,0.465,,,,,,,,,Cincinnati Gardens,,316.0,75.0,9120.0,91.06060876462423,91.08498909379338,0.2393912353757628,5.415010906206618,-5.175619670830855,,,,,
1960,1959-60,Playoffs,1.0,Boston Celtics,27.7,8.0,5.0,9.0,4.0,,,,87.7,83.2,4.5,129.1,0.275,,0.443,,,,,,,,,,,,13.0,1678.3,89.69284051702792,89.64269112039224,-1.9928405170279149,-6.44269112039224,4.449850603364325,0.615,,,,
1960,1959-60,Playoffs,2.0,Philadelphia Warriors,26.3,4.0,5.0,5.0,4.0,,,,87.8,86.3,1.5,129.7,0.335,,0.447,,,,,,,,,,,,9.0,1167.3,89.69284051702792,89.64269112039224,-1.8928405170279208,-3.342691120392246,1.4498506033643253,0.444,,,,
1960,1959-60,Playoffs,3.0,St. Louis Hawks,27.2,7.0,7.0,6.0,8.0,,,,93.4,94.7,-1.3,112.4,0.372,,0.477,,,,,,,,,,,,14.0,1573.6,89.69284051702792,89.64269112039224,3.707159482972088,5.05730887960776,-1.350149396635672,0.5,,,,
1960,1959-60,Playoffs,4.0,Minneapolis Lakers,25.5,5.0,4.0,4.0,5.0,,,,91.3,92.9,-1.6,112.8,0.355,,0.464,,,,,,,,,,,,9.0,1015.2,89.69284051702792,89.64269112039224,1.6071594829720794,3.2573088796077627,-1.6501493966356833,0.556,,,,
1960,1959-60,Playoffs,5.0,Detroit Pistons,27.5,0.0,2.0,1.0,1.0,,,,85.3,91.8,-6.5,123.7,0.33,,0.428,,,,,,,,,,,,2.0,247.4,89.69284051702792,89.64269112039224,-4.3928405170279206,2.157308879607754,-6.550149396635675,0.0,,,,
1960,1959-60,Playoffs,6.0,Syracuse Nationals,27.0,1.0,2.0,1.0,2.0,,,,87.5,97.4,-9.9,125.3,0.266,,0.441,,,,,,,,,,,,3.0,375.9,89.69284051702792,89.64269112039224,-2.1928405170279177,7.757308879607763,-9.95014939663568,0.333,,,,
1961,1960-61,Regular Season,1.0,Boston Celtics*,28.3,57.0,22.0,52.0,27.0,5.66,-0.72,4.94,88.6,84.4,4.2,134.5,0.303,,0.449,,,,,,,,,Boston Garden,201569.0,6754.0,79.0,10625.5,92.04722004698512,92.0456832419734,-3.4472200469851373,-7.645683241973387,4.19846319498825,,,,,
1961,1960-61,Regular Season,2.0,St. Louis Hawks*,27.4,51.0,28.0,48.0,31.0,3.56,-0.57,2.99,91.4,88.7,2.7,129.1,0.332,,0.465,,,,,,,,,Kiel Auditorium,,1428.0,79.0,10198.9,92.04722004698512,92.0456832419734,-0.6472200469851259,-3.34568324197339,2.698463194988264,,,,,
1961,1960-61,Regular Season,3.0,Syracuse Nationals*,26.7,38.0,41.0,44.0,35.0,2.15,-0.22,1.93,93.6,91.9,1.7,129.1,0.337,,0.477,,,,,,,,,Onondaga War Memorial,,743.0,79.0,10198.9,92.04722004698512,92.0456832419734,1.5527799530148627,-0.1456832419733871,1.6984631949882498,,,,,
1961,1960-61,Regular Season,4.0,Philadelphia Warriors*,27.0,46.0,33.0,42.0,37.0,0.94,-0.05,0.89,91.2,90.5,0.7,132.0,0.35,,0.466,,,,,,,,,Convention Hall,,2187.0,79.0,10428.0,92.04722004698512,92.0456832419734,-0.8472200469851288,-1.5456832419733928,0.698463194988264,,,,,
1961,1960-61,Regular Season,5.0,Los Angeles Lakers*,25.2,36.0,43.0,39.0,40.0,-0.05,-0.06,-0.11,90.8,90.9,-0.1,124.9,0.356,,0.462,,,,,,,,,Los Angeles Memorial Sports Arena,151344.0,1451.0,79.0,9867.1,92.04722004698512,92.0456832419734,-1.2472200469851344,-1.1456832419733871,-0.1015368050117473,,,,,
1961,1960-61,Regular Season,6.0,Detroit Pistons*,25.8,34.0,45.0,34.0,45.0,-2.38,0.27,-2.11,93.8,95.6,-1.8,126.0,0.388,,0.479,,,,,,,,,Detroit Olympia,,895.0,79.0,9954.0,92.04722004698512,92.0456832419734,1.7527799530148656,3.554316758026601,-1.801536805011736,,,,,
1961,1960-61,Regular Season,7.0,Cincinnati Royals,24.4,33.0,46.0,32.0,47.0,-3.46,0.42,-3.04,95.6,98.4,-2.8,122.8,0.333,,0.49,,,,,,,,,Cincinnati Gardens,,1068.0,79.0,9701.2,92.04722004698512,92.0456832419734,3.5527799530148627,6.354316758026613,-2.80153680501175,,,,,
1961,1960-61,Regular Season,8.0,New York Knicks,26.2,21.0,58.0,25.0,54.0,-6.42,0.99,-5.43,91.7,96.9,-5.2,123.2,0.346,,0.467,,,,,,,,,Madison Square Garden (III),,1929.0,79.0,9732.8,92.04722004698512,92.0456832419734,-0.3472200469851287,4.854316758026613,-5.201536805011742,,,,,
1961,1960-61,Playoffs,1.0,Boston Celtics,28.2,8.0,2.0,8.0,2.0,,,,92.6,83.7,8.9,130.4,0.386,,0.472,,,,,,,,,,,,10.0,1304.0,91.29130995604814,91.30296515701636,1.3086900439518558,-7.602965157016357,8.911655200968212,0.8,,,,
1961,1960-61,Playoffs,2.0,Los Angeles Lakers,25.4,6.0,6.0,7.0,5.0,,,,95.6,94.0,1.6,122.0,0.391,,0.49,,,,,,,,,,,,12.0,1464.0,91.29130995604814,91.30296515701636,4.308690043951856,2.6970348429836406,1.6116552009682152,0.5,,,,
1961,1960-61,Playoffs,3.0,Philadelphia Warriors,26.7,0.0,3.0,1.0,2.0,,,,84.3,87.4,-3.1,128.1,0.436,,0.426,,,,,,,,,,,,3.0,384.3,91.29130995604814,91.30296515701636,-6.991309956048141,-3.9029651570163537,-3.088344799031788,0.0,,,,
1961,1960-61,Playoffs,4.0,Detroit Pistons,25.8,2.0,3.0,2.0,3.0,,,,92.2,96.0,-3.8,127.3,0.377,,0.47,,,,,,,,,,,,5.0,636.5,91.29130995604814,91.30296515701636,0.9086900439518644,4.697034842983641,-3.788344799031776,0.4,,,,
1961,1960-61,Playoffs,5.0,St. Louis Hawks,27.0,5.0,7.0,4.0,8.0,,,,89.0,93.1,-4.1,124.7,0.328,,0.451,,,,,,,,,,,,12.0,1496.4,91.29130995604814,91.30296515701636,-2.2913099560481385,1.797034842983635,-4.088344799031773,0.417,,,,
1961,1960-61,Playoffs,6.0,Syracuse Nationals,27.0,4.0,4.0,3.0,5.0,,,,88.8,93.1,-4.3,124.3,0.366,,0.448,,,,,,,,,,,,8.0,994.4,91.29130995604814,91.30296515701636,-2.4913099560481413,1.797034842983635,-4.288344799031776,0.5,,,,
1962,1961-62,Regular Season,1.0,Boston Celtics*,27.9,60.0,20.0,60.0,20.0,9.24,-0.98,8.25,92.1,85.1,7.0,130.8,0.298,,0.47,,,,,,,,,Boston Garden,191855.0,6832.0,80.0,10464.0,93.61045682598362,93.62433764633396,-1.5104568259836242,-8.524337646333962,7.013880820350337,,,,,
1962,1961-62,Regular Season,2.0,Philadelphia Warriors*,26.5,49.0,31.0,46.0,34.0,2.78,-0.14,2.63,94.5,92.4,2.1,131.1,0.359,,0.485,,,,,,,,,Convention Hall,,1802.0,80.0,10488.0,93.61045682598362,93.62433764633396,0.8895431740163815,-1.22433764633395,2.113880820350332,,,,,
1962,1961-62,Regular Season,3.0,Syracuse Nationals*,26.9,41.0,39.0,45.0,35.0,2.31,-0.07,2.24,93.4,91.6,1.8,128.8,0.325,,0.476,,,,,,,,,Onondaga War Memorial,,829.0,80.0,10304.0,93.61045682598362,93.62433764633396,-0.2104568259836128,-2.024337646333961,1.8138808203503487,,,,,
1962,1961-62,Regular Season,4.0,Los Angeles Lakers*,25.9,54.0,26.0,45.0,35.0,2.2,-0.4,1.8,95.0,93.3,1.7,123.3,0.39,,0.487,,,,,,,,,Los Angeles Memorial Sports Arena,190321.0,1368.0,80.0,9864.0,93.61045682598362,93.62433764633396,1.3895431740163815,-0.3243376463339587,1.7138808203503402,,,,,
1962,1961-62,Regular Season,5.0,Cincinnati Royals*,25.0,43.0,37.0,44.0,36.0,1.76,-0.48,1.28,98.3,96.9,1.4,124.9,0.353,,0.506,,,,,,,,,Cincinnati Gardens,,821.0,80.0,9992.0,93.61045682598362,93.62433764633396,4.689543174016379,3.27566235366605,1.4138808203503288,,,,,
1962,1961-62,Regular Season,6.0,Detroit Pistons*,26.0,37.0,43.0,36.0,44.0,-1.69,-0.03,-1.72,92.8,94.2,-1.4,124.1,0.376,,0.474,,,,,,,,,Cobo Arena,,802.0,80.0,9928.0,93.61045682598362,93.62433764633396,-0.8104568259836213,0.575662353666047,-1.3861191796496684,,,,,
1962,1961-62,Regular Season,7.0,St. Louis Hawks,27.4,29.0,51.0,32.0,48.0,-3.28,0.31,-2.96,95.2,97.8,-2.6,124.6,0.347,,0.487,,,,,,,,,Kiel Auditorium,,687.0,80.0,9968.0,93.61045682598362,93.62433764633396,1.5895431740163843,4.175662353666041,-2.586119179649657,,,,,
1962,1961-62,Regular Season,8.0,New York Knicks,26.0,29.0,51.0,29.0,51.0,-4.84,0.86,-3.98,91.2,95.0,-3.8,125.6,0.31,,0.465,,,,,,,,,Madison Square Garden (III),,1449.0,80.0,10048.0,93.61045682598362,93.62433764633396,-2.410456825983616,1.3756623536660442,-3.78611917964966,,,,,
1962,1961-62,Regular Season,9.0,Chicago Packers,25.8,18.0,62.0,21.0,59.0,-8.49,0.94,-7.54,90.0,96.9,-6.9,122.9,0.345,,0.458,,,,,,,,,International Amphitheatre,,570.0,80.0,9832.0,93.61045682598362,93.62433764633396,-3.6104568259836185,3.27566235366605,-6.886119179649668,,,,,
1962,1961-62,Playoffs,1.0,Boston Celtics,28.1,8.0,6.0,9.0,5.0,,,,90.4,86.6,3.8,126.2,0.318,,0.459,,,,,,,,,,,,14.0,1766.8,92.36806701213884,92.378885497267,-1.968067012138846,-5.778885497266998,3.810818485128152,0.571,,,,
1962,1961-62,Playoffs,2.0,Cincinnati Royals,25.0,1.0,3.0,2.0,2.0,,,,101.4,99.4,2.0,115.7,0.316,,0.524,,,,,,,,,,,,4.0,462.8,92.36806701213884,92.378885497267,9.031932987861154,7.021114502733013,2.0108184851281408,0.25,,,,
1962,1961-62,Playoffs,3.0,Los Angeles Lakers,26.1,7.0,6.0,7.0,6.0,,,,96.5,95.6,0.9,121.0,0.43,,0.494,,,,,,,,,,,,13.0,1573.0,92.36806701213884,92.378885497267,4.131932987861148,3.221114502733002,0.9108184851281464,0.538,,,,
1962,1961-62,Playoffs,4.0,Philadelphia Warriors,26.5,6.0,6.0,6.0,6.0,,,,88.6,89.2,-0.6,119.7,0.391,,0.449,,,,,,,,,,,,12.0,1436.4,92.36806701213884,92.378885497267,-3.768067012138857,-3.178885497266989,-0.5891815148718678,0.5,,,,
1962,1961-62,Playoffs,5.0,Detroit Pistons,26.1,5.0,5.0,4.0,6.0,,,,93.8,98.0,-4.2,122.9,0.344,,0.48,,,,,,,,,,,,10.0,1229.0,92.36806701213884,92.378885497267,1.4319329878611455,5.621114502733008,-4.189181514871862,0.5,,,,
1962,1961-62,Playoffs,6.0,Syracuse Nationals,27.0,2.0,3.0,1.0,4.0,,,,86.2,91.6,-5.4,115.1,0.298,,0.433,,,,,,,,,,,,5.0,575.5,92.36806701213884,92.378885497267,-6.168067012138849,-0.7788854972669981,-5.389181514871851,0.4,,,,
1963,1962-63,Regular Season,1.0,Boston Celtics*,28.3,58.0,22.0,56.0,24.0,7.18,-0.8,6.38,93.0,87.4,5.6,127.3,0.316,,0.475,,,,,,,,,Boston Garden,262581.0,8751.0,80.0,10184.0,95.9110481323174,95.89711020256458,-2.911048132317404,-8.49711020256457,5.586062070247166,,,,,
1963,1962-63,Regular Season,2.0,Syracuse Nationals*,26.7,48.0,32.0,49.0,31.0,3.79,-0.39,3.4,98.4,95.3,3.1,123.3,0.362,,0.506,,,,,,,,,Onondaga War Memorial,,1208.0,80.0,9864.0,95.9110481323174,95.89711020256458,2.488951867682601,-0.5971102025645791,3.0860620702471806,,,,,
1963,1962-63,Regular Season,3.0,Los Angeles Lakers*,26.2,53.0,27.0,48.0,32.0,3.13,-0.46,2.67,97.4,94.7,2.7,117.8,0.369,,0.5,,,,,,,,,Los Angeles Memorial Sports Arena,285462.0,1602.0,80.0,9424.0,95.9110481323174,95.89711020256458,1.4889518676826017,-1.1971102025645737,2.686062070247175,,,,,
1963,1962-63,Regular Season,4.0,St. Louis Hawks*,26.1,48.0,32.0,45.0,35.0,1.78,-0.39,1.38,94.8,93.3,1.5,115.6,0.362,,0.486,,,,,,,,,Kiel Auditorium,,1108.0,80.0,9248.0,95.9110481323174,95.89711020256458,-1.111048132317407,-2.597110202564579,1.486062070247172,,,,,
1963,1962-63,Regular Season,5.0,Cincinnati Royals*,26.0,42.0,38.0,43.0,37.0,1.26,-0.03,1.24,99.4,98.3,1.1,119.0,0.365,,0.513,,,,,,,,,Cincinnati Gardens,,1047.0,80.0,9520.0,95.9110481323174,95.89711020256458,3.488951867682601,2.402889797435421,1.0860620702471806,,,,,
1963,1962-63,Regular Season,6.0,San Francisco Warriors,25.7,31.0,49.0,35.0,45.0,-2.09,0.22,-1.86,95.2,96.8,-1.6,123.2,0.331,,0.49,,,,,,,,,Cow Palace,,1453.0,80.0,9856.0,95.9110481323174,95.89711020256458,-0.7110481323174014,0.9028897974354207,-1.6139379297528222,,,,,
1963,1962-63,Regular Season,7.0,Detroit Pistons*,24.9,34.0,46.0,31.0,49.0,-3.7,0.32,-3.38,94.2,97.3,-3.1,120.3,0.348,,0.482,,,,,,,,,Cobo Arena,,694.0,80.0,9624.0,95.9110481323174,95.89711020256458,-1.7110481323174014,1.4028897974354209,-3.1139379297528222,,,,,
1963,1962-63,Regular Season,8.0,Chicago Zephyrs,25.3,25.0,55.0,30.0,50.0,-4.09,0.45,-3.63,97.5,101.1,-3.6,112.2,0.395,,0.503,,,,,,,,,Chicago Coliseum,,642.0,80.0,8976.0,95.9110481323174,95.89711020256458,1.5889518676825958,5.202889797435418,-3.6139379297528222,,,,,
1963,1962-63,Regular Season,9.0,New York Knicks,27.7,21.0,59.0,23.0,57.0,-7.25,1.06,-6.2,93.5,99.7,-6.2,117.5,0.347,,0.479,,,,,,,,,Madison Square Garden (III),,2051.0,80.0,9400.0,95.9110481323174,95.89711020256458,-2.411048132317404,3.8028897974354265,-6.213937929752831,,,,,
1963,1962-63,Playoffs,1.0,Los Angeles Lakers,25.8,6.0,7.0,7.0,6.0,,,,100.4,98.2,2.2,112.6,0.434,,0.518,,,,,,,,,,,,13.0,1463.8,96.7764220090277,96.76095879475751,3.623577990972308,1.439041205242475,2.184536785729833,0.462,,,,
1963,1962-63,Playoffs,2.0,Boston Celtics,28.5,8.0,5.0,7.0,6.0,,,,93.4,91.7,1.7,126.4,0.344,,0.477,,,,,,,,,,,,13.0,1643.2,96.7764220090277,96.76095879475751,-3.376422009027692,-5.060958794757525,1.6845367857298328,0.615,,,,
1963,1962-63,Playoffs,3.0,St. Louis Hawks,25.8,6.0,5.0,6.0,5.0,,,,95.1,94.1,1.0,116.3,0.352,,0.487,,,,,,,,,,,,11.0,1279.3,96.7764220090277,96.76095879475751,-1.6764220090277036,-2.660958794757533,0.98453678572983,0.545,,,,
1963,1962-63,Playoffs,4.0,Cincinnati Royals,26.1,6.0,6.0,6.0,6.0,,,,100.1,101.3,-1.2,120.0,0.441,,0.516,,,,,,,,,,,,12.0,1440.0,96.7764220090277,96.76095879475751,3.3235779909722964,4.539041205242469,-1.215463214270173,0.5,,,,
1963,1962-63,Playoffs,5.0,Syracuse Nationals,27.0,2.0,3.0,2.0,3.0,,,,98.9,102.5,-3.6,119.6,0.377,,0.509,,,,,,,,,,,,5.0,598.0,96.7764220090277,96.76095879475751,2.123577990972308,5.739041205242472,-3.615463214270165,0.4,,,,
1963,1962-63,Playoffs,6.0,Detroit Pistons,24.6,1.0,3.0,1.0,3.0,,,,88.9,96.0,-7.1,116.4,0.388,,0.451,,,,,,,,,,,,4.0,465.6,96.7764220090277,96.76095879475751,-7.876422009027692,-0.7609587947575278,-7.115463214270164,0.25,,,,
1964,1963-64,Regular Season,1.0,Boston Celtics*,28.4,59.0,21.0,59.0,21.0,7.9,-0.97,6.93,90.1,83.8,6.3,125.0,0.284,,0.458,,,,,,,,,Boston Garden,223347.0,7448.0,80.0,10000.0,94.61259033853176,94.62050209205022,-4.512590338531766,-10.82050209205022,6.307911753518454,,,,,
1964,1963-64,Regular Season,2.0,Cincinnati Royals*,26.0,55.0,25.0,52.0,28.0,5.08,-0.65,4.43,98.9,94.5,4.4,115.9,0.364,,0.51,,,,,,,,,Cincinnati Gardens,,1857.0,80.0,9272.0,94.61259033853176,94.62050209205022,4.287409661468246,-0.1205020920502164,4.407911753518462,,,,,
1964,1963-64,Regular Season,3.0,San Francisco Warriors*,25.5,48.0,32.0,53.0,27.0,5.11,-0.73,4.41,93.0,88.6,4.4,115.1,0.363,,0.477,,,,,,,,,Cow Palace,,1473.0,80.0,9208.0,94.61259033853176,94.62050209205022,-1.61259033853176,-6.020502092050222,4.407911753518462,,,,,
1964,1963-64,Regular Season,4.0,St. Louis Hawks*,27.5,46.0,34.0,44.0,36.0,1.6,-0.21,1.39,95.4,94.0,1.4,114.6,0.359,,0.488,,,,,,,,,Kiel Auditorium,,993.0,80.0,9168.0,94.61259033853176,94.62050209205022,0.7874096614682458,-0.6205020920502164,1.4079117535184622,,,,,
1964,1963-64,Regular Season,5.0,Los Angeles Lakers*,26.3,42.0,38.0,43.0,37.0,1.03,-0.14,0.87,97.9,97.0,0.9,111.6,0.391,,0.503,,,,,,,,,Los Angeles Memorial Sports Arena,322331.0,1503.0,80.0,8928.0,94.61259033853176,94.62050209205022,3.2874096614682458,2.379497907949784,0.9079117535184622,,,,,
1964,1963-64,Regular Season,6.0,Baltimore Bullets,25.0,31.0,49.0,36.0,44.0,-1.79,0.2,-1.59,95.0,96.6,-1.6,117.0,0.376,,0.488,,,,,,,,,Baltimore Civic Center,,840.0,80.0,9360.0,94.61259033853176,94.62050209205022,0.3874096614682401,1.9794979079497776,-1.5920882464815378,,,,,
1964,1963-64,Regular Season,7.0,Philadelphia 76ers*,27.4,34.0,46.0,30.0,50.0,-4.39,0.64,-3.75,93.8,97.5,-3.7,119.4,0.351,,0.479,,,,,,,,,Convention Hall,,726.0,80.0,9552.0,94.61259033853176,94.62050209205022,-0.8125903385317628,2.879497907949784,-3.6920882464815454,,,,,
1964,1963-64,Regular Season,8.0,New York Knicks,25.7,22.0,58.0,24.0,56.0,-6.81,0.9,-5.91,95.4,101.2,-5.8,117.1,0.362,,0.491,,,,,,,,,Madison Square Garden (III),,1467.0,80.0,9368.0,94.61259033853176,94.62050209205022,0.7874096614682458,6.579497907949786,-5.792088246481541,,,,,
1964,1963-64,Regular Season,9.0,Detroit Pistons,25.5,23.0,57.0,22.0,58.0,-7.73,0.95,-6.77,92.5,99.1,-6.6,115.9,0.338,,0.472,,,,,,,,,Cobo Arena,,484.0,80.0,9272.0,94.61259033853176,94.62050209205022,-2.11259033853176,4.479497907949778,-6.592088246481538,,,,,
1964,1963-64,Playoffs,1.0,Boston Celtics,28.4,8.0,2.0,7.0,3.0,,,,87.6,82.4,5.2,118.0,0.328,,0.444,,,,,,,,,,,,10.0,1180.0,93.0633465227232,93.04622799732957,-5.463346522723214,-10.64622799732956,5.182881474606347,0.8,,,,
1964,1963-64,Playoffs,2.0,San Francisco Warriors,25.5,5.0,7.0,6.0,6.0,,,,90.5,89.5,1.0,117.7,0.386,,0.463,,,,,,,,,,,,12.0,1412.4,93.0633465227232,93.04622799732957,-2.563346522723208,-3.5462279973295665,0.9828814746063586,0.417,,,,
1964,1963-64,Playoffs,3.0,St. Louis Hawks,27.7,6.0,6.0,6.0,6.0,,,,96.7,97.0,-0.3,109.7,0.382,,0.496,,,,,,,,,,,,12.0,1316.4,93.0633465227232,93.04622799732957,3.636653477276795,3.9537720026704335,-0.3171185253936386,0.5,,,,
1964,1963-64,Playoffs,4.0,Cincinnati Royals,26.4,4.0,6.0,4.0,6.0,,,,94.0,95.4,-1.4,112.6,0.354,,0.48,,,,,,,,,,,,10.0,1126.0,93.0633465227232,93.04622799732957,0.936653477276792,2.353772002670439,-1.4171185253936471,0.4,,,,
1964,1963-64,Playoffs,5.0,Philadelphia 76ers,27.0,2.0,3.0,2.0,3.0,,,,94.9,99.2,-4.3,119.3,0.41,,0.484,,,,,,,,,,,,5.0,596.5,93.0633465227232,93.04622799732957,1.8366534772767975,6.153772002670436,-4.317118525393639,0.4,,,,
1964,1963-64,Playoffs,6.0,Los Angeles Lakers,26.2,2.0,3.0,2.0,3.0,,,,99.2,104.9,-5.7,102.0,0.432,,0.51,,,,,,,,,,,,5.0,510.0,93.0633465227232,93.04622799732957,6.136653477276795,11.85377200267044,-5.717118525393644,0.4,,,,
1965,1964-65,Regular Season,1.0,Boston Celtics*,28.3,62.0,18.0,60.0,20.0,8.39,-0.93,7.46,90.9,84.2,6.7,123.6,0.3,,0.463,,,,,,,,,Boston Garden,246529.0,8278.0,80.0,9888.0,93.62125745668024,93.60931729949814,-2.7212574566802346,-9.409317299498142,6.688059842817907,,,,,
1965,1964-65,Regular Season,2.0,St. Louis Hawks*,27.1,45.0,35.0,48.0,32.0,3.03,-0.34,2.68,94.5,91.8,2.7,115.1,0.382,,0.483,,,,,,,,,Kiel Auditorium,,723.0,80.0,9208.0,93.62125745668024,93.60931729949814,0.8787425433197598,-1.8093172994981472,2.688059842817907,,,,,
1965,1964-65,Regular Season,3.0,Cincinnati Royals*,26.5,48.0,32.0,46.0,34.0,2.29,-0.26,2.04,98.0,96.0,2.0,115.8,0.368,,0.504,,,,,,,,,Cincinnati Gardens,,1163.0,80.0,9264.0,93.62125745668024,93.60931729949814,4.37874254331976,2.390682700501856,1.988059842817904,,,,,
1965,1964-65,Regular Season,4.0,Los Angeles Lakers*,26.4,49.0,31.0,45.0,35.0,1.91,-0.21,1.7,97.4,95.8,1.6,113.9,0.391,,0.5,,,,,,,,,Los Angeles Memorial Sports Arena,392004.0,1878.0,80.0,9112.0,93.62125745668024,93.60931729949814,3.778742543319765,2.1906827005018528,1.588059842817913,,,,,
1965,1964-65,Regular Season,5.0,Philadelphia 76ers*,27.6,40.0,40.0,40.0,40.0,-0.15,0.02,-0.13,94.1,94.2,-0.1,119.1,0.375,,0.481,,,,,,,,,Convention Hall,,1368.0,80.0,9528.0,93.62125745668024,93.60931729949814,0.4787425433197541,0.5906827005018584,-0.1119401571821043,,,,,
1965,1964-65,Regular Season,6.0,Baltimore Bullets*,26.1,37.0,43.0,35.0,45.0,-2.21,0.25,-1.97,96.8,98.7,-1.9,116.2,0.407,,0.498,,,,,,,,,Baltimore Civic Center,,806.0,80.0,9296.0,93.62125745668024,93.60931729949814,3.178742543319757,5.090682700501858,-1.9119401571821013,,,,,
1965,1964-65,Regular Season,7.0,Detroit Pistons,24.4,31.0,49.0,31.0,49.0,-3.41,0.38,-3.03,90.5,93.3,-2.8,119.2,0.306,,0.461,,,,,,,,,Cobo Arena,,756.0,80.0,9536.0,93.62125745668024,93.60931729949814,-3.12125745668024,-0.3093172994981472,-2.811940157182093,,,,,
1965,1964-65,Regular Season,8.0,New York Knicks,25.5,31.0,49.0,31.0,49.0,-3.66,0.41,-3.26,93.2,96.4,-3.2,113.5,0.343,,0.477,,,,,,,,,Madison Square Garden (III),,1654.0,80.0,9080.0,93.62125745668024,93.60931729949814,-0.4212574566802374,2.7906827005018613,-3.2119401571820987,,,,,
1965,1964-65,Regular Season,9.0,San Francisco Warriors,25.6,17.0,63.0,25.0,55.0,-6.18,0.69,-5.49,87.7,92.8,-5.1,119.7,0.345,,0.446,,,,,,,,,San Francisco Civic Auditorium,,849.0,80.0,9576.0,93.62125745668024,93.60931729949814,-5.921257456680237,-0.8093172994981472,-5.11194015718209,,,,,
1965,1964-65,Playoffs,1.0,Boston Celtics,28.7,8.0,4.0,8.0,4.0,,,,91.1,85.7,5.4,127.1,0.292,,0.464,,,,,,,,,,,,12.0,1525.1999999999998,95.15907896870438,95.13579536241284,-4.059078968704384,-9.435795362412849,5.376716393708463,0.667,,,,
1965,1964-65,Playoffs,2.0,Baltimore Bullets,26.0,5.0,5.0,5.0,5.0,,,,97.0,96.4,0.6,118.1,0.396,,0.499,,,,,,,,,,,,10.0,1181.0,95.15907896870438,95.13579536241284,1.840921031295622,1.2642046375871558,0.5767163937084661,0.5,,,,
1965,1964-65,Playoffs,3.0,Philadelphia 76ers,27.7,6.0,5.0,6.0,5.0,,,,96.0,95.8,0.2,114.3,0.41,,0.493,,,,,,,,,,,,11.0,1257.3,95.15907896870438,95.13579536241284,0.8409210312956219,0.6642046375871473,0.1767163937084745,0.545,,,,
1965,1964-65,Playoffs,4.0,St. Louis Hawks,27.7,1.0,3.0,1.0,3.0,,,,89.5,93.0,-3.5,121.8,0.34,,0.454,,,,,,,,,,,,4.0,487.2,95.15907896870438,95.13579536241284,-5.659078968704378,-2.13579536241285,-3.5232836062915283,0.25,,,,
1965,1964-65,Playoffs,5.0,Los Angeles Lakers,25.7,5.0,6.0,4.0,7.0,,,,98.8,102.9,-4.1,115.7,0.406,,0.508,,,,,,,,,,,,11.0,1272.7,95.15907896870438,95.13579536241284,3.640921031295619,7.764204637587156,-4.123283606291537,0.455,,,,
1965,1964-65,Playoffs,6.0,Cincinnati Royals,26.3,1.0,3.0,1.0,3.0,,,,97.6,102.4,-4.8,110.9,0.312,,0.499,,,,,,,,,,,,4.0,443.6,95.15907896870438,95.13579536241284,2.440921031295616,7.264204637587156,-4.82328360629154,0.25,,,,
1966,1965-66,Regular Season,1.0,Boston Celtics*,28.8,54.0,26.0,52.0,28.0,4.89,-0.54,4.34,92.3,88.3,4.0,122.0,0.33,,0.47,,,,,,,,,Boston Garden,246189.0,8784.0,80.0,9760.0,94.92651418115278,94.92079597438244,-2.626514181152785,-6.620795974382446,3.9942817932296606,,,,,
1966,1965-66,Regular Season,2.0,Philadelphia 76ers*,26.5,55.0,25.0,51.0,29.0,4.68,-0.52,4.16,95.3,91.5,3.8,122.8,0.384,,0.49,,,,,,,,,Convention Hall,,1368.0,80.0,9824.0,94.92651418115278,94.92079597438244,0.3734858188472145,-3.420795974382443,3.7942817932296578,,,,,
1966,1965-66,Regular Season,3.0,Los Angeles Lakers*,26.5,45.0,35.0,47.0,33.0,3.1,-0.34,2.76,98.3,95.7,2.6,121.2,0.377,,0.505,,,,,,,,,Los Angeles Memorial Sports Arena,426467.0,1720.0,80.0,9696.0,94.92651418115278,94.92079597438244,3.3734858188472145,0.7792040256175596,2.594281793229655,,,,,
1966,1965-66,Regular Season,4.0,Cincinnati Royals*,26.8,45.0,35.0,43.0,37.0,1.16,-0.13,1.03,97.5,96.5,1.0,120.4,0.358,,0.501,,,,,,,,,Cincinnati Gardens,,1263.0,80.0,9632.0,94.92651418115278,94.92079597438244,2.5734858188472174,1.5792040256175568,0.9942817932296606,,,,,
1966,1965-66,Regular Season,5.0,St. Louis Hawks*,27.4,36.0,44.0,39.0,41.0,-0.56,0.06,-0.5,95.6,96.1,-0.5,116.6,0.366,,0.49,,,,,,,,,Kiel Auditorium,,732.0,80.0,9328.0,94.92651418115278,94.92079597438244,0.6734858188472117,1.179204025617551,-0.5057182067703394,,,,,
1966,1965-66,Regular Season,6.0,Baltimore Bullets*,27.8,38.0,42.0,37.0,43.0,-1.19,0.13,-1.06,95.8,96.8,-1.0,123.1,0.388,,0.492,,,,,,,,,Baltimore Civic Center,,884.0,80.0,9848.0,94.92651418115278,94.92079597438244,0.8734858188472145,1.879204025617554,-1.0057182067703394,,,,,
1966,1965-66,Regular Season,7.0,New York Knicks,25.4,30.0,50.0,34.0,46.0,-2.6,0.29,-2.31,97.8,99.9,-2.1,118.9,0.389,,0.504,,,,,,,,,Madison Square Garden (III),,2005.0,80.0,9512.0,94.92651418115278,94.92079597438244,2.8734858188472145,4.9792040256175625,-2.105718206770348,,,,,
1966,1965-66,Regular Season,8.0,San Francisco Warriors,25.6,35.0,45.0,34.0,46.0,-2.65,0.29,-2.36,92.6,94.8,-2.2,124.6,0.338,,0.473,,,,,,,,,San Francisco Civic Auditorium,,1297.0,80.0,9968.0,94.92651418115278,94.92079597438244,-2.3265141811527883,-0.120795974382446,-2.2057182067703422,,,,,
1966,1965-66,Regular Season,9.0,Detroit Pistons,25.0,22.0,58.0,24.0,56.0,-6.83,0.76,-6.07,89.4,94.9,-5.5,123.4,0.322,,0.455,,,,,,,,,Cobo Arena,,565.0,80.0,9872.0,94.92651418115278,94.92079597438244,-5.526514181152777,-0.0207959743824375,-5.505718206770339,,,,,
1966,1965-66,Playoffs,1.0,Boston Celtics,28.7,11.0,6.0,11.0,6.0,,,,97.0,92.3,4.7,117.9,0.385,,0.498,,,,,,,,,,,,17.0,2004.3,96.9626077122788,96.97588997021488,0.0373922877212038,-4.675889970214868,4.713282257936072,0.647,,,,
1966,1965-66,Playoffs,2.0,Los Angeles Lakers,26.5,7.0,7.0,7.0,7.0,,,,99.9,99.6,0.3,115.9,0.346,,0.516,,,,,,,,,,,,14.0,1622.6,96.9626077122788,96.97588997021488,2.937392287721209,2.624110029785129,0.3132822579360805,0.5,,,,
1966,1965-66,Playoffs,3.0,St. Louis Hawks,27.7,6.0,4.0,5.0,5.0,,,,98.0,99.2,-1.2,116.3,0.384,,0.505,,,,,,,,,,,,10.0,1163.0,96.9626077122788,96.97588997021488,1.0373922877212038,2.224110029785137,-1.1867177420639337,0.6,,,,
1966,1965-66,Playoffs,4.0,Cincinnati Royals,26.5,2.0,3.0,2.0,3.0,,,,97.8,101.9,-4.1,112.6,0.431,,0.501,,,,,,,,,,,,5.0,563.0,96.9626077122788,96.97588997021488,0.837392287721201,4.92411002978514,-4.086717742063939,0.4,,,,
1966,1965-66,Playoffs,5.0,Baltimore Bullets,28.1,0.0,3.0,1.0,2.0,,,,95.5,100.2,-4.7,112.8,0.313,,0.493,,,,,,,,,,,,3.0,338.4,96.9626077122788,96.97588997021488,-1.4626077122787962,3.224110029785137,-4.686717742063934,0.0,,,,
1966,1965-66,Playoffs,6.0,Philadelphia 76ers,26.5,1.0,4.0,1.0,4.0,,,,86.7,94.7,-8.0,117.4,0.404,,0.44,,,,,,,,,,,,5.0,587.0,96.9626077122788,96.97588997021488,-10.262607712278792,-2.2758899702148625,-7.986717742063931,0.2,,,,
1967,1966-67,Regular Season,1.0,Philadelphia 76ers*,27.0,68.0,13.0,61.0,20.0,9.44,-0.94,8.5,101.5,93.9,7.6,122.9,0.421,,0.528,,,,,,,,,Convention Hall,,1532.0,81.0,9954.9,96.05817434210526,96.06720394736844,5.441825657894739,-2.167203947368421,7.60902960526316,,,,,
1967,1966-67,Regular Season,2.0,Boston Celtics*,29.6,60.0,21.0,59.0,22.0,8.05,-0.81,7.24,97.5,91.0,6.5,121.2,0.356,,0.502,,,,,,,,,Boston Garden,322690.0,10416.0,81.0,9817.2,96.05817434210526,96.06720394736844,1.4418256578947393,-5.0672039473684265,6.509029605263166,,,,,
1967,1966-67,Regular Season,3.0,San Francisco Warriors*,25.3,44.0,37.0,47.0,34.0,2.86,-0.29,2.58,95.3,93.1,2.2,127.4,0.343,,0.488,,,,,,,,,San Francisco Civic Auditorium,,857.0,81.0,10319.4,96.05817434210526,96.06720394736844,-0.7581743421052636,-2.967203947368432,2.2090296052631686,,,,,
1967,1966-67,Regular Season,4.0,Los Angeles Lakers*,27.1,36.0,45.0,41.0,40.0,0.35,-0.04,0.31,97.4,97.1,0.3,123.0,0.345,,0.501,,,,,,,,,Los Angeles Memorial Sports Arena,435008.0,1603.0,81.0,9963.0,96.05817434210526,96.06720394736844,1.341825657894745,1.0327960526315678,0.3090296052631771,,,,,
1967,1966-67,Regular Season,5.0,Cincinnati Royals*,26.4,39.0,42.0,40.0,41.0,-0.26,0.03,-0.23,98.4,98.6,-0.2,118.6,0.345,,0.506,,,,,,,,,Cincinnati Gardens,,620.0,81.0,9606.6,96.05817434210526,96.06720394736844,2.341825657894745,2.532796052631568,-0.1909703947368228,,,,,
1967,1966-67,Regular Season,6.0,St. Louis Hawks*,26.7,39.0,42.0,37.0,44.0,-1.6,0.16,-1.44,96.1,97.4,-1.3,117.7,0.372,,0.494,,,,,,,,,Kiel Auditorium,,1101.0,81.0,9533.7,96.05817434210526,96.06720394736844,0.0418256578947335,1.3327960526315792,-1.2909703947368456,,,,,
1967,1966-67,Regular Season,7.0,New York Knicks*,25.2,36.0,45.0,33.0,48.0,-3.05,0.31,-2.74,97.9,100.5,-2.6,118.5,0.371,,0.505,,,,,,,,,Madison Square Garden (III),,2213.0,81.0,9598.5,96.05817434210526,96.06720394736844,1.841825657894745,4.4327960526315735,-2.590970394736829,,,,,
1967,1966-67,Regular Season,8.0,Chicago Bulls*,25.6,33.0,48.0,31.0,50.0,-3.74,0.37,-3.37,92.3,95.4,-3.1,122.2,0.327,,0.471,,,,,,,,,International Amphitheatre,,737.0,81.0,9898.2,96.05817434210526,96.06720394736844,-3.758174342105264,-0.6672039473684208,-3.0909703947368428,,,,,
1967,1966-67,Regular Season,9.0,Detroit Pistons,25.2,30.0,51.0,27.0,54.0,-5.53,0.55,-4.98,90.9,95.4,-4.5,121.5,0.319,,0.463,,,,,,,,,Cobo Arena,,750.0,81.0,9841.5,96.05817434210526,96.06720394736844,-5.158174342105255,-0.6672039473684208,-4.490970394736834,,,,,
1967,1966-67,Regular Season,10.0,Baltimore Bullets,27.5,20.0,61.0,26.0,55.0,-6.52,0.65,-5.87,93.4,98.6,-5.2,123.0,0.323,,0.477,,,,,,,,,Baltimore Civic Center,,577.0,81.0,9963.0,96.05817434210526,96.06720394736844,-2.658174342105255,2.532796052631568,-5.190970394736823,,,,,
1967,1966-67,Playoffs,1.0,Philadelphia 76ers,26.7,11.0,4.0,11.0,4.0,,,,96.3,88.9,7.4,125.5,0.401,,0.496,,,,,,,,,,,,15.0,1882.5,93.09649631807656,93.11918633394914,3.2035036819234506,-4.219186333949139,7.42269001587259,0.733,,,,
1967,1966-67,Playoffs,2.0,San Francisco Warriors,25.1,9.0,6.0,8.0,7.0,,,,91.3,90.4,0.9,128.7,0.306,,0.465,,,,,,,,,,,,15.0,1930.5,93.09649631807656,93.11918633394914,-1.7964963180765494,-2.719186333949139,0.9226900158725896,0.6,,,,
1967,1966-67,Playoffs,3.0,St. Louis Hawks,26.8,5.0,4.0,5.0,4.0,,,,94.9,94.1,0.8,120.5,0.464,,0.485,,,,,,,,,,,,9.0,1084.5,93.09649631807656,93.11918633394914,1.8035036819234591,0.9808136660508496,0.8226900158726096,0.556,,,,
1967,1966-67,Playoffs,4.0,Boston Celtics,29.8,4.0,5.0,4.0,5.0,,,,91.5,92.8,-1.3,126.4,0.307,,0.466,,,,,,,,,,,,9.0,1137.6,93.09649631807656,93.11918633394914,-1.5964963180765466,-0.3191863339491476,-1.277309984127399,0.444,,,,
1967,1966-67,Playoffs,5.0,New York Knicks,24.6,1.0,3.0,1.0,3.0,,,,88.8,95.7,-6.9,126.7,0.306,,0.45,,,,,,,,,,,,4.0,506.8,93.09649631807656,93.11918633394914,-4.296496318076549,2.580813666050858,-6.877309984127408,0.25,,,,
1967,1966-67,Playoffs,6.0,Los Angeles Lakers,26.7,0.0,3.0,1.0,2.0,,,,91.0,100.5,-9.5,119.1,0.303,,0.462,,,,,,,,,,,,3.0,357.29999999999995,93.09649631807656,93.11918633394914,-2.0964963180765466,7.380813666050855,-9.477309984127402,0.0,,,,
1967,1966-67,Playoffs,7.0,Chicago Bulls,25.8,0.0,3.0,1.0,2.0,,,,92.3,102.1,-9.8,113.0,0.304,,0.471,,,,,,,,,,,,3.0,339.0,93.09649631807656,93.11918633394914,-0.7964963180765494,8.98081366605085,-9.7773099841274,0.0,,,,
1967,1966-67,Playoffs,8.0,Cincinnati Royals,27.0,1.0,3.0,1.0,3.0,,,,94.2,105.4,-11.2,112.0,0.199,,0.483,,,,,,,,,,,,4.0,448.0,93.09649631807656,93.11918633394914,1.1035036819234565,12.28081366605086,-11.177309984127405,0.25,,,,
1968,1967-68,Regular Season,1.0,Philadelphia 76ers*,27.6,62.0,20.0,60.0,22.0,8.6,-0.64,7.96,98.1,91.2,6.9,124.3,0.397,,0.509,,,,,,,,,The Spectrum,,1582.0,82.0,10192.6,96.74432387312186,96.75559961046189,1.3556761268781372,-5.555599610461869,6.911275737340006,,,,,
1968,1967-68,Regular Season,2.0,Los Angeles Lakers*,27.8,52.0,30.0,54.0,28.0,5.61,-0.62,4.99,101.7,97.0,4.7,118.1,0.391,,0.528,,,,,,,,,The Forum,421326.0,1213.0,82.0,9684.2,96.74432387312186,96.75559961046189,4.955676126878146,0.2444003895381286,4.711275737340017,,,,,
1968,1967-68,Regular Season,3.0,Boston Celtics*,29.5,54.0,28.0,51.0,31.0,4.11,-0.24,3.87,95.7,92.4,3.3,121.1,0.356,,0.492,,,,,,,,,Boston Garden,320788.0,9002.0,82.0,9930.2,96.74432387312186,96.75559961046189,-1.0443238731218545,-4.355599610461866,3.3112757373400115,,,,,
1968,1967-68,Regular Season,4.0,St. Louis Hawks*,26.9,56.0,26.0,48.0,34.0,2.73,-0.36,2.37,98.4,96.0,2.4,113.7,0.401,,0.507,,,,,,,,,Kiel Auditorium,,796.0,82.0,9323.4,96.74432387312186,96.75559961046189,1.6556761268781486,-0.7555996104618714,2.41127573734002,,,,,
1968,1967-68,Regular Season,5.0,New York Knicks*,25.6,43.0,39.0,46.0,36.0,1.82,-0.04,1.78,98.1,96.5,1.6,117.2,0.377,,0.506,,,,,,,,,Madison Square Garden (III),,1783.0,82.0,9610.4,96.74432387312186,96.75559961046189,1.3556761268781372,-0.2555996104618714,1.6112757373400086,,,,,
1968,1967-68,Regular Season,6.0,Baltimore Bullets,26.7,36.0,46.0,40.0,42.0,-0.39,0.16,-0.23,96.2,96.6,-0.4,121.5,0.355,,0.494,,,,,,,,,Baltimore Civic Center,,854.0,82.0,9963.0,96.74432387312186,96.75559961046189,-0.5443238731218543,-0.1555996104618771,-0.3887242626599771,,,,,
1968,1967-68,Regular Season,7.0,San Francisco Warriors*,26.2,43.0,39.0,40.0,42.0,-0.6,-0.07,-0.66,94.1,94.6,-0.5,123.6,0.367,,0.481,,,,,,,,,Cow Palace,,865.0,82.0,10135.2,96.74432387312186,96.75559961046189,-2.644323873121863,-2.155599610461877,-0.4887242626599857,,,,,
1968,1967-68,Regular Season,8.0,Cincinnati Royals,28.0,39.0,43.0,39.0,43.0,-0.84,0.2,-0.64,101.1,101.8,-0.7,114.6,0.368,,0.523,,,,,,,,,Cincinnati Gardens,,633.0,82.0,9397.2,96.74432387312186,96.75559961046189,4.355676126878137,5.044400389538126,-0.6887242626599885,,,,,
1968,1967-68,Regular Season,9.0,Detroit Pistons*,26.0,40.0,42.0,36.0,46.0,-2.0,0.3,-1.7,96.7,98.4,-1.7,122.0,0.373,,0.498,,,,,,,,,Cobo Arena,,687.0,82.0,10004.0,96.74432387312186,96.75559961046189,-0.0443238731218542,1.6444003895381345,-1.6887242626599883,,,,,
1968,1967-68,Regular Season,10.0,Chicago Bulls*,25.3,29.0,53.0,31.0,51.0,-4.0,0.24,-3.76,94.1,97.5,-3.4,115.7,0.334,,0.481,,,,,,,,,Chicago Stadium,,581.0,82.0,9487.4,96.74432387312186,96.75559961046189,-2.644323873121863,0.7444003895381286,-3.3887242626599914,,,,,
1968,1967-68,Regular Season,11.0,Seattle SuperSonics,25.1,23.0,59.0,26.0,56.0,-6.45,0.46,-6.0,95.4,100.6,-5.2,123.9,0.354,,0.49,,,,,,,,,Seattle Center Coliseum,,518.0,82.0,10159.8,96.74432387312186,96.75559961046189,-1.3443238731218514,3.844400389538123,-5.188724262659974,,,,,
1968,1967-68,Regular Season,12.0,San Diego Rockets,26.4,15.0,67.0,22.0,60.0,-8.59,0.65,-7.94,91.8,98.8,-7.0,121.9,0.343,,0.468,,,,,,,,,San Diego Sports Arena,,475.0,82.0,9995.8,96.74432387312186,96.75559961046189,-4.94432387312186,2.0444003895381258,-6.988724262659986,,,,,
1968,1967-68,Playoffs,1.0,Los Angeles Lakers,28.5,10.0,5.0,10.0,5.0,,,,99.9,95.9,4.0,112.8,0.383,,0.518,,,,,,,,,,,,15.0,1692.0,96.30520553582258,96.29155765398944,3.5947944641774257,-0.3915576539894232,3.986352118166849,0.667,,,,
1968,1967-68,Playoffs,2.0,Boston Celtics,30.0,12.0,7.0,11.0,8.0,,,,98.0,95.3,2.7,116.3,0.373,,0.505,,,,,,,,,,,,19.0,2209.7,96.30520553582258,96.29155765398944,1.69479446417742,-0.9915576539894316,2.686352118166852,0.632,,,,
1968,1967-68,Playoffs,3.0,St. Louis Hawks,27.1,2.0,4.0,3.0,3.0,,,,99.2,98.0,1.2,112.2,0.463,,0.512,,,,,,,,,,,,6.0,673.2,96.30520553582258,96.29155765398944,2.894794464177423,1.708442346010571,1.1863521181668517,0.333,,,,
1968,1967-68,Playoffs,4.0,Philadelphia 76ers,28.0,7.0,6.0,7.0,6.0,,,,93.9,93.2,0.7,119.2,0.44,,0.483,,,,,,,,,,,,13.0,1549.6,96.30520553582258,96.29155765398944,-2.4052055358225743,-3.091557653989426,0.6863521181668517,0.538,,,,
1968,1967-68,Playoffs,5.0,New York Knicks,25.9,2.0,4.0,2.0,4.0,,,,96.6,100.5,-3.9,113.3,0.302,,0.497,,,,,,,,,,,,6.0,679.8,96.30520553582258,96.29155765398944,0.2947944641774143,4.208442346010571,-3.913647881833157,0.333,,,,
1968,1967-68,Playoffs,6.0,San Francisco Warriors,26.1,4.0,6.0,4.0,6.0,,,,96.0,100.3,-4.3,114.7,0.342,,0.493,,,,,,,,,,,,10.0,1147.0,96.30520553582258,96.29155765398944,-0.30520553582258,4.008442346010568,-4.313647881833148,0.4,,,,
1968,1967-68,Playoffs,7.0,Detroit Pistons,25.7,2.0,4.0,2.0,4.0,,,,89.3,93.8,-4.5,123.1,0.322,,0.454,,,,,,,,,,,,6.0,738.5999999999999,96.30520553582258,96.29155765398944,-7.005205535822583,-2.491557653989432,-4.513647881833151,0.333,,,,
1968,1967-68,Playoffs,8.0,Chicago Bulls,25.4,1.0,4.0,1.0,4.0,,,,91.3,97.9,-6.6,108.9,0.32,,0.464,,,,,,,,,,,,5.0,544.5,96.30520553582258,96.29155765398944,-5.005205535822583,1.6084423460105768,-6.61364788183316,0.2,,,,
1969,1968-69,Regular Season,1.0,New York Knicks*,26.2,54.0,28.0,56.0,26.0,5.74,-0.26,5.48,98.4,93.3,5.1,112.4,0.332,,0.507,,,,,,,,,Madison Square Garden (IV),,1554.0,82.0,9216.8,95.5537150189417,95.54191005743614,2.846284981058304,-2.241910057436144,5.088195038494447,,,,,
1969,1968-69,Regular Season,2.0,Boston Celtics*,30.5,48.0,34.0,55.0,27.0,5.57,-0.23,5.35,93.8,89.1,4.7,117.5,0.32,,0.48,,,,,,,,,Boston Garden,322130.0,8920.0,82.0,9635.0,95.5537150189417,95.54191005743614,-1.7537150189417048,-6.4419100574361465,4.688195038494442,,,,,
1969,1968-69,Regular Season,3.0,Philadelphia 76ers*,27.9,55.0,27.0,53.0,29.0,5.05,-0.26,4.79,98.1,93.9,4.2,120.4,0.373,,0.506,,,,,,,,,The Spectrum,,1421.0,82.0,9872.8,95.5537150189417,95.54191005743614,2.5462849810582924,-1.6419100574361352,4.188195038494428,,,,,
1969,1968-69,Regular Season,4.0,Los Angeles Lakers*,29.5,55.0,27.0,52.0,30.0,4.15,-0.3,3.84,98.5,94.9,3.6,112.6,0.415,,0.511,,,,,,,,,The Forum,483262.0,1214.0,82.0,9233.2,95.5537150189417,95.54191005743614,2.946284981058298,-0.6419100574361352,3.588195038494433,,,,,
1969,1968-69,Regular Season,5.0,Baltimore Bullets*,25.9,57.0,25.0,51.0,31.0,4.26,-0.21,4.05,95.2,91.7,3.5,121.8,0.319,,0.488,,,,,,,,,Baltimore Civic Center,,1107.0,82.0,9987.6,95.5537150189417,95.54191005743614,-0.3537150189416991,-3.841910057436138,3.488195038494439,,,,,
1969,1968-69,Regular Season,6.0,Atlanta Hawks*,27.4,48.0,34.0,47.0,35.0,2.21,-0.15,2.06,97.4,95.5,1.9,113.9,0.355,,0.503,,,,,,,,,Alexander Memorial Coliseum,,455.0,82.0,9339.8,95.5537150189417,95.54191005743614,1.846284981058304,-0.0419100574361408,1.8881950384944448,,,,,
1969,1968-69,Regular Season,7.0,San Diego Rockets*,25.1,37.0,45.0,41.0,41.0,-0.2,-0.11,-0.3,92.7,92.8,-0.1,123.8,0.352,,0.474,,,,,,,,,San Diego Sports Arena,,662.0,82.0,10151.6,95.5537150189417,95.54191005743614,-2.853715018941699,-2.741910057436144,-0.1118049615055554,,,,,
1969,1968-69,Regular Season,8.0,Cincinnati Royals,27.9,41.0,41.0,38.0,44.0,-1.02,0.2,-0.83,100.2,101.1,-0.9,113.6,0.389,,0.518,,,,,,,,,Cincinnati Gardens,,354.0,82.0,9315.2,95.5537150189417,95.54191005743614,4.646284981058301,5.5580899425638535,-0.9118049615055526,,,,,
1969,1968-69,Regular Season,9.0,San Francisco Warriors*,26.4,41.0,41.0,37.0,45.0,-1.63,0.1,-1.53,92.2,93.5,-1.3,117.1,0.359,,0.47,,,,,,,,,Oakland-Alameda County Coliseum Arena,,648.0,82.0,9602.2,95.5537150189417,95.54191005743614,-3.353715018941699,-2.041910057436141,-1.3118049615055585,,,,,
1969,1968-69,Regular Season,10.0,Chicago Bulls,25.7,33.0,49.0,35.0,47.0,-2.26,0.15,-2.11,92.0,94.0,-2.0,113.4,0.321,,0.469,,,,,,,,,Chicago Stadium,,414.0,82.0,9298.8,95.5537150189417,95.54191005743614,-3.553715018941702,-1.5419100574361408,-2.011804961505561,,,,,
1969,1968-69,Regular Season,11.0,Detroit Pistons,26.2,32.0,50.0,33.0,49.0,-3.16,0.37,-2.79,97.3,100.0,-2.7,116.8,0.378,,0.502,,,,,,,,,Cobo Arena,,419.0,82.0,9577.6,95.5537150189417,95.54191005743614,1.7462849810582952,4.458089942563859,-2.711804961505564,,,,,
1969,1968-69,Regular Season,12.0,Seattle SuperSonics,25.9,30.0,52.0,29.0,53.0,-4.85,0.17,-4.68,94.7,98.8,-4.1,117.4,0.366,,0.486,,,,,,,,,Seattle Center Coliseum,,622.0,82.0,9626.8,95.5537150189417,95.54191005743614,-0.8537150189416991,3.2580899425638563,-4.111804961505555,,,,,
1969,1968-69,Regular Season,13.0,Milwaukee Bucks,26.7,27.0,55.0,28.0,54.0,-5.12,0.06,-5.07,93.9,98.2,-4.3,117.5,0.319,,0.48,,,,,,,,,Milwaukee Arena,,593.0,82.0,9635.0,95.5537150189417,95.54191005743614,-1.6537150189416965,2.658089942563862,-4.311804961505558,,,,,
1969,1968-69,Regular Season,14.0,Phoenix Suns,24.8,16.0,66.0,21.0,61.0,-8.73,0.47,-8.26,93.8,101.1,-7.3,118.4,0.358,,0.48,,,,,,,,,Arizona Veterans Memorial Coliseum,,599.0,82.0,9708.8,95.5537150189417,95.54191005743614,-1.7537150189417048,5.5580899425638535,-7.311804961505558,,,,,
1969,1968-69,Playoffs,1.0,Los Angeles Lakers,29.5,11.0,7.0,12.0,6.0,,,,93.8,89.6,4.2,110.6,0.414,,0.481,,,,,,,,,,,,18.0,1990.8,93.63838954536584,93.60988619790773,0.1616104546341716,-4.009886197907719,4.17149665254189,0.611,,,,
1969,1968-69,Playoffs,2.0,Boston Celtics,30.9,12.0,6.0,11.0,7.0,,,,96.7,93.9,2.8,111.6,0.335,,0.496,,,,,,,,,,,,18.0,2008.8,93.63838954536584,93.60988619790773,3.0616104546341774,0.2901138020922928,2.7714966525418845,0.667,,,,
1969,1968-69,Playoffs,3.0,New York Knicks,26.3,6.0,4.0,6.0,4.0,,,,94.8,92.0,2.8,112.4,0.312,,0.486,,,,,,,,,,,,10.0,1124.0,93.63838954536584,93.60988619790773,1.1616104546341717,-1.6098861979077128,2.7714966525418845,0.6,,,,
1969,1968-69,Playoffs,4.0,Atlanta Hawks,27.4,5.0,6.0,6.0,5.0,,,,91.8,91.7,0.1,111.7,0.349,,0.47,,,,,,,,,,,,11.0,1228.7,93.63838954536584,93.60988619790773,-1.8383895453658283,-1.90988619790771,0.0714966525418816,0.455,,,,
1969,1968-69,Playoffs,5.0,San Diego Rockets,24.8,2.0,4.0,3.0,3.0,,,,98.6,100.9,-2.3,107.6,0.399,,0.51,,,,,,,,,,,,6.0,645.5999999999999,93.63838954536584,93.60988619790773,4.961610454634169,7.290113802092293,-2.328503347458124,0.333,,,,
1969,1968-69,Playoffs,6.0,Baltimore Bullets,25.6,0.0,4.0,1.0,3.0,,,,92.2,100.6,-8.4,112.8,0.282,,0.471,,,,,,,,,,,,4.0,451.2,93.63838954536584,93.60988619790773,-1.4383895453658226,6.9901138020922815,-8.428503347458104,0.0,,,,
1969,1968-69,Playoffs,7.0,Philadelphia 76ers,28.0,1.0,4.0,1.0,4.0,,,,93.2,102.3,-9.1,113.8,0.356,,0.476,,,,,,,,,,,,5.0,569.0,93.63838954536584,93.60988619790773,-0.4383895453658226,8.690113802092284,-9.128503347458109,0.2,,,,
1969,1968-69,Playoffs,8.0,San Francisco Warriors,26.7,2.0,4.0,1.0,5.0,,,,82.3,91.8,-9.5,115.0,0.326,,0.413,,,,,,,,,,,,6.0,690.0,93.63838954536584,93.60988619790773,-11.338389545365828,-1.809886197907716,-9.528503347458113,0.333,,,,
1970,1969-70,Regular Season,1.0,New York Knicks*,27.0,60.0,22.0,62.0,20.0,9.09,-0.66,8.42,100.3,92.4,7.9,114.3,0.311,,0.52,,,,,,,,,Madison Square Garden (IV),,1902.0,82.0,9372.6,99.02369882238088,99.01255720300205,1.276301177619132,-6.6125572030020265,7.8888583806211585,,,,,
1970,1969-70,Regular Season,2.0,Milwaukee Bucks*,24.9,56.0,26.0,52.0,30.0,4.61,-0.36,4.25,102.1,98.1,4.0,115.8,0.322,,0.531,,,,,,,,,Milwaukee Arena,,1028.0,82.0,9495.6,99.02369882238088,99.01255720300205,3.076301177619129,-0.912557203002038,3.988858380621167,,,,,
1970,1969-70,Regular Season,3.0,Philadelphia 76ers*,28.1,42.0,40.0,49.0,33.0,3.41,-0.1,3.32,100.5,97.7,2.8,120.9,0.346,,0.52,,,,,,,,,The Spectrum,,560.0,82.0,9913.8,99.02369882238088,99.01255720300205,1.4763011776191348,-1.3125572030020294,2.788858380621164,,,,,
1970,1969-70,Regular Season,4.0,Baltimore Bullets*,26.4,50.0,32.0,46.0,36.0,2.12,-0.19,1.94,98.7,96.9,1.8,121.0,0.31,,0.509,,,,,,,,,Baltimore Civic Center,,591.0,82.0,9922.0,99.02369882238088,99.01255720300205,-0.3236988223808623,-2.1125572030020265,1.7888583806211642,,,,,
1970,1969-70,Regular Season,5.0,Los Angeles Lakers*,27.7,46.0,36.0,46.0,36.0,1.99,-0.23,1.76,99.1,97.4,1.7,113.9,0.332,,0.512,,,,,,,,,The Forum,536513.0,1336.0,82.0,9339.8,99.02369882238088,99.01255720300205,0.0763011776191291,-1.6125572030020263,1.6888583806211557,,,,,
1970,1969-70,Regular Season,6.0,Atlanta Hawks*,27.3,48.0,34.0,42.0,40.0,0.41,-0.1,0.31,102.3,101.9,0.4,114.4,0.338,,0.531,,,,,,,,,Alexander Memorial Coliseum,,448.0,82.0,9380.8,99.02369882238088,99.01255720300205,3.276301177619132,2.887442796997973,0.3888583806211585,,,,,
1970,1969-70,Regular Season,7.0,Chicago Bulls*,26.3,39.0,43.0,37.0,45.0,-1.76,0.04,-1.71,97.6,99.1,-1.5,116.5,0.352,,0.502,,,,,,,,,Chicago Stadium,,1013.0,82.0,9553.0,99.02369882238088,99.01255720300205,-1.4236988223808709,0.087442796997962,-1.511141619378833,,,,,
1970,1969-70,Regular Season,8.0,Phoenix Suns*,25.4,39.0,43.0,37.0,45.0,-1.72,0.06,-1.66,101.6,103.1,-1.5,116.7,0.416,,0.526,,,,,,,,,Arizona Veterans Memorial Coliseum,,717.0,82.0,9569.4,99.02369882238088,99.01255720300205,2.576301177619129,4.087442796997962,-1.511141619378833,,,,,
1970,1969-70,Regular Season,9.0,Boston Celtics,28.4,34.0,48.0,36.0,46.0,-1.85,0.26,-1.6,97.3,98.9,-1.6,117.5,0.329,,0.5,,,,,,,,,Boston Garden,277632.0,7493.0,82.0,9635.0,99.02369882238088,99.01255720300205,-1.723698822380868,-0.1125572030020265,-1.6111416193788417,,,,,
1970,1969-70,Regular Season,10.0,Seattle SuperSonics,27.6,36.0,46.0,35.0,47.0,-2.52,0.09,-2.43,100.0,102.1,-2.1,116.4,0.355,,0.516,,,,,,,,,Seattle Center Coliseum,,678.0,82.0,9544.8,99.02369882238088,99.01255720300205,0.9763011776191348,3.087442796997962,-2.1111416193788277,,,,,
1970,1969-70,Regular Season,11.0,Cincinnati Royals,27.6,36.0,46.0,34.0,48.0,-2.95,0.41,-2.55,98.0,100.4,-2.4,118.5,0.343,,0.505,,,,,,,,,Cincinnati Gardens,,358.0,82.0,9717.0,99.02369882238088,99.01255720300205,-1.0236988223808652,1.3874427969979737,-2.411141619378838,,,,,
1970,1969-70,Regular Season,12.0,San Diego Rockets,25.3,27.0,55.0,34.0,48.0,-3.1,0.15,-2.95,94.4,96.8,-2.4,125.1,0.308,,0.483,,,,,,,,,San Diego Sports Arena,,499.0,82.0,10258.2,99.02369882238088,99.01255720300205,-4.62369882238086,-2.212557203002035,-2.4111416193788244,,,,,
1970,1969-70,Regular Season,13.0,Detroit Pistons,26.2,31.0,51.0,33.0,49.0,-3.32,0.37,-2.94,100.1,103.1,-3.0,111.6,0.376,,0.518,,,,,,,,,Cobo Arena,,290.0,82.0,9151.2,99.02369882238088,99.01255720300205,1.0763011776191291,4.087442796997962,-3.011141619378833,,,,,
1970,1969-70,Regular Season,14.0,San Francisco Warriors,26.7,30.0,52.0,30.0,52.0,-4.41,0.26,-4.15,94.8,98.6,-3.8,116.3,0.322,,0.485,,,,,,,,,Oakland-Alameda County Coliseum Arena,,,82.0,9536.6,99.02369882238088,99.01255720300205,-4.223698822380868,-0.4125572030020379,-3.81114161937883,,,,,
1970,1969-70,Playoffs,1.0,Los Angeles Lakers,29.5,11.0,7.0,11.0,7.0,,,,100.7,97.2,3.5,111.2,0.392,,0.524,,,,,,,,,,,,18.0,2001.6,96.75662871509977,96.78689627913614,3.943371284900252,0.4131037208638588,3.530267564036393,0.611,,,,
1970,1969-70,Playoffs,2.0,New York Knicks,27.2,12.0,7.0,12.0,7.0,,,,96.3,93.2,3.1,112.2,0.237,,0.495,,,,,,,,,,,,19.0,2131.8,96.75662871509977,96.78689627913614,-0.4566287150997539,-3.586896279136141,3.1302675640363877,0.632,,,,
1970,1969-70,Playoffs,3.0,Atlanta Hawks,27.7,4.0,5.0,5.0,4.0,,,,95.4,95.1,0.3,118.5,0.296,,0.49,,,,,,,,,,,,9.0,1066.5,96.75662871509977,96.78689627913614,-1.3566287150997454,-1.6868962791361497,0.3302675640364043,0.444,,,,
1970,1969-70,Playoffs,4.0,Milwaukee Bucks,24.8,5.0,5.0,5.0,5.0,,,,100.7,100.7,0.0,112.6,0.318,,0.521,,,,,,,,,,,,10.0,1126.0,96.75662871509977,96.78689627913614,3.943371284900252,3.913103720863859,0.0302675640363929,0.5,,,,
1970,1969-70,Playoffs,5.0,Baltimore Bullets,26.4,3.0,4.0,3.0,4.0,,,,92.7,94.0,-1.3,110.1,0.309,,0.472,,,,,,,,,,,,7.0,770.6999999999999,96.75662871509977,96.78689627913614,-4.056628715099748,-2.786896279136144,-1.2697324359636042,0.429,,,,
1970,1969-70,Playoffs,6.0,Phoenix Suns,25.6,3.0,4.0,2.0,5.0,,,,90.6,95.6,-5.0,119.5,0.299,,0.46,,,,,,,,,,,,7.0,836.5,96.75662871509977,96.78689627913614,-6.156628715099757,-1.1868962791361497,-4.969732435963607,0.429,,,,
1970,1969-70,Playoffs,7.0,Chicago Bulls,26.3,1.0,4.0,1.0,4.0,,,,92.9,99.3,-6.4,119.2,0.277,,0.475,,,,,,,,,,,,5.0,596.0,96.75662871509977,96.78689627913614,-3.856628715099746,2.513103720863853,-6.369732435963599,0.2,,,,
1970,1969-70,Playoffs,8.0,Philadelphia 76ers,28.1,1.0,4.0,1.0,4.0,,,,97.9,106.9,-9.0,115.8,0.267,,0.506,,,,,,,,,,,,5.0,579.0,96.75662871509977,96.78689627913614,1.1433712849002546,10.113103720863862,-8.969732435963607,0.2,,,,
1971,1970-71,Regular Season,1.0,Milwaukee Bucks*,26.1,66.0,16.0,67.0,15.0,12.26,-0.34,11.92,103.9,93.1,10.8,113.4,0.305,,0.549,,0.424,14.5,,0.21,,,,Milwaukee Arena,,597.0,82.0,9298.8,97.19943800132836,97.20001021815769,6.70056199867166,-4.100010218157678,10.800572216829336,,,,,
1971,1970-71,Regular Season,2.0,Chicago Bulls*,27.4,51.0,31.0,54.0,28.0,5.24,0.23,5.47,100.5,95.7,4.8,109.7,0.355,,0.512,,0.453,13.4,,0.215,,,,Chicago Stadium,,704.0,82.0,8995.4,97.19943800132836,97.20001021815769,3.300561998671654,-1.500010218157669,4.800572216829323,,,,,
1971,1970-71,Regular Season,3.0,New York Knicks*,28.0,52.0,30.0,54.0,28.0,5.02,0.03,5.05,97.8,93.3,4.5,112.2,0.294,,0.495,,0.431,15.3,,0.249,,,,Madison Square Garden (IV),,1400.0,82.0,9200.4,97.19943800132836,97.20001021815769,0.600561998671651,-3.900010218157675,4.500572216829326,,,,,
1971,1970-71,Regular Season,4.0,Los Angeles Lakers*,28.2,48.0,34.0,49.0,33.0,3.07,0.19,3.27,98.8,96.1,2.7,115.7,0.346,,0.52,,0.446,13.8,,0.184,,,,The Forum,566108.0,736.0,82.0,9487.4,97.19943800132836,97.20001021815769,1.600561998671651,-1.100010218157678,2.700572216829329,,,,,
1971,1970-71,Regular Season,5.0,Boston Celtics,26.2,44.0,38.0,46.0,36.0,2.07,0.23,2.3,97.0,95.3,1.7,120.2,0.307,,0.491,,0.44,14.7,,0.27,,,,Boston Garden,313768.0,8045.0,82.0,9856.4,97.19943800132836,97.20001021815769,-0.1994380013283461,-1.900010218157675,1.700572216829329,,,,,
1971,1970-71,Regular Season,6.0,Phoenix Suns,26.0,48.0,34.0,46.0,36.0,1.9,0.43,2.33,98.2,96.6,1.6,115.3,0.384,,0.498,,0.448,15.4,,0.277,,,,Arizona Veterans Memorial Coliseum,,483.0,82.0,9454.6,97.19943800132836,97.20001021815769,1.0005619986716567,-0.6000102181576779,1.6005722168293346,,,,,
1971,1970-71,Regular Season,7.0,Philadelphia 76ers*,29.0,47.0,35.0,45.0,37.0,1.55,0.26,1.81,98.8,97.5,1.3,115.7,0.37,,0.504,,0.45,16.2,,0.29,,,,The Spectrum,,666.0,82.0,9487.4,97.19943800132836,97.20001021815769,1.600561998671651,0.2999897818423278,1.3005722168293232,,,,,
1971,1970-71,Regular Season,8.0,Baltimore Bullets*,27.5,42.0,40.0,42.0,40.0,0.59,0.33,0.91,96.2,95.7,0.5,116.5,0.3,,0.491,,0.446,15.2,,0.236,,,,Baltimore Civic Center,,760.0,82.0,9553.0,97.19943800132836,97.20001021815769,-0.9994380013283432,-1.500010218157669,0.5005722168293261,,,,,
1971,1970-71,Regular Season,9.0,San Diego Rockets,25.0,40.0,42.0,40.0,42.0,-0.24,0.45,0.21,95.2,95.5,-0.3,118.5,0.347,,0.478,,0.449,15.0,,0.25,,,,San Diego Sports Arena,,577.0,82.0,9717.0,97.19943800132836,97.20001021815769,-1.9994380013283437,-1.7000102181576722,-0.2994277831706711,,,,,
1971,1970-71,Regular Season,10.0,Detroit Pistons,25.8,45.0,37.0,39.0,43.0,-0.74,0.41,-0.33,98.1,98.7,-0.6,111.3,0.363,,0.504,,0.457,17.1,,0.264,,,,Cobo Arena,,721.0,82.0,9126.6,97.19943800132836,97.20001021815769,0.9005619986716482,1.499989781842331,-0.5994277831706825,,,,,
1971,1970-71,Regular Season,11.0,San Francisco Warriors*,27.4,41.0,41.0,37.0,45.0,-1.44,0.61,-0.83,94.2,95.5,-1.3,113.5,0.32,,0.499,,0.428,11.8,,0.207,,,,Oakland-Alameda County Coliseum Arena,,491.0,82.0,9307.0,97.19943800132836,97.20001021815769,-2.9994380013283437,-1.7000102181576722,-1.299427783170671,,,,,
1971,1970-71,Regular Season,12.0,Atlanta Hawks*,27.6,36.0,46.0,37.0,45.0,-1.79,0.49,-1.3,96.9,98.4,-1.5,117.2,0.382,,0.514,,0.446,12.3,,0.222,,,,Alexander Memorial Coliseum,,395.0,82.0,9610.4,97.19943800132836,97.20001021815769,-0.2994380013283404,1.1999897818423335,-1.499427783170674,,,,,
1971,1970-71,Regular Season,13.0,Seattle SuperSonics,27.1,38.0,44.0,36.0,46.0,-1.98,0.45,-1.53,98.4,100.1,-1.7,116.5,0.347,,0.509,,0.469,14.6,,0.245,,,,Seattle Center Coliseum,,641.0,82.0,9553.0,97.19943800132836,97.20001021815769,1.2005619986716596,2.899989781842322,-1.6994277831706626,,,,,
1971,1970-71,Regular Season,14.0,Cincinnati Royals,25.7,33.0,49.0,33.0,49.0,-3.21,0.25,-2.96,97.1,99.8,-2.7,118.5,0.313,,0.499,,0.467,15.2,,0.269,,,,Cincinnati Gardens,,182.0,82.0,9717.0,97.19943800132836,97.20001021815769,-0.0994380013283517,2.599989781842325,-2.6994277831706768,,,,,
1971,1970-71,Regular Season,15.0,Portland Trail Blazers,25.4,29.0,53.0,30.0,52.0,-4.51,-1.69,-6.2,95.4,99.1,-3.7,120.6,0.312,,0.486,,0.468,15.8,,0.244,,,,Memorial Coliseum,,367.0,82.0,9889.2,97.19943800132836,97.20001021815769,-1.7994380013283404,1.899989781842322,-3.699427783170663,,,,,
1971,1970-71,Regular Season,16.0,Buffalo Braves,24.9,22.0,60.0,25.0,57.0,-6.62,-1.39,-8.02,93.7,99.6,-5.9,111.9,0.319,,0.483,,0.455,16.1,,0.29,,,,Buffalo Memorial Auditorium,,156.0,82.0,9175.8,97.19943800132836,97.20001021815769,-3.4994380013283437,2.399989781842322,-5.899427783170665,,,,,
1971,1970-71,Regular Season,17.0,Cleveland Cavaliers,24.3,15.0,67.0,16.0,66.0,-11.17,-0.87,-12.04,92.3,102.4,-10.1,110.6,0.306,,0.474,,0.465,14.9,,0.312,,,,Cleveland Arena,,160.0,82.0,9069.2,97.19943800132836,97.20001021815769,-4.899438001328349,5.1999897818423335,-10.099427783170682,,,,,
1971,1970-71,Playoffs,1.0,Milwaukee Bucks,26.0,12.0,2.0,12.0,2.0,,,,100.7,87.3,13.4,108.4,0.295,,0.534,,0.395,,,0.177,,,,,,,14.0,1517.6,95.42116388098556,95.40709455957057,5.278836119014443,-8.107094559570555,13.385930678584998,0.857,,,,
1971,1970-71,Playoffs,2.0,Baltimore Bullets,27.0,8.0,10.0,10.0,8.0,,,,95.3,94.4,0.9,108.9,0.349,,0.477,,0.452,,,0.225,,,,,,,18.0,1960.2,95.42116388098556,95.40709455957057,-0.1211638809855628,-1.0070945595705467,0.8859306785849839,0.444,,,,
1971,1970-71,Playoffs,3.0,New York Knicks,28.3,7.0,5.0,6.0,6.0,,,,93.2,94.3,-1.1,108.5,0.266,,0.472,,0.439,,,0.246,,,,,,,12.0,1302.0,95.42116388098556,95.40709455957057,-2.221163880985557,-1.1070945595705552,-1.114069321415002,0.583,,,,
1971,1970-71,Playoffs,4.0,Chicago Bulls,27.8,3.0,4.0,3.0,4.0,,,,98.1,100.3,-2.2,103.7,0.244,,0.493,,0.482,,,0.263,,,,,,,7.0,725.9,95.42116388098556,95.40709455957057,2.6788361190144343,4.892905440429445,-2.2140693214150104,0.429,,,,
1971,1970-71,Playoffs,5.0,Philadelphia 76ers,28.7,3.0,4.0,3.0,4.0,,,,95.8,98.8,-3.0,113.8,0.378,,0.503,,0.432,,,0.329,,,,,,,7.0,796.6,95.42116388098556,95.40709455957057,0.3788361190144371,3.3929054404294448,-3.014069321415008,0.429,,,,
1971,1970-71,Playoffs,6.0,Los Angeles Lakers,27.0,5.0,7.0,4.0,8.0,,,,94.9,99.1,-4.2,105.0,0.323,,0.49,,0.477,,,0.175,,,,,,,12.0,1260.0,95.42116388098556,95.40709455957057,-0.5211638809855543,3.692905440429442,-4.214069321414996,0.417,,,,
1971,1970-71,Playoffs,7.0,Atlanta Hawks,28.0,1.0,4.0,2.0,3.0,,,,92.1,96.9,-4.8,113.6,0.328,,0.478,,0.442,,,0.216,,,,,,,5.0,568.0,95.42116388098556,95.40709455957057,-3.3211638809855657,1.4929054404294533,-4.814069321415019,0.2,,,,
1971,1970-71,Playoffs,8.0,San Francisco Warriors,27.3,1.0,4.0,0.0,5.0,,,,87.1,102.6,-15.5,110.2,0.292,,0.45,,0.476,,,0.243,,,,,,,5.0,551.0,95.42116388098556,95.40709455957057,-8.321163880985566,7.192905440429442,-15.514069321415008,0.2,,,,
1972,1971-72,Regular Season,1.0,Los Angeles Lakers*,29.5,69.0,13.0,67.0,15.0,12.28,-0.63,11.65,103.1,92.6,10.5,116.9,0.354,,0.537,,0.432,13.9,,0.177,,,,The Forum,668340.0,1281.0,82.0,9585.8,97.9209810409117,97.92555538049471,5.179018959088296,-5.325555380494734,10.50457433958303,,,,,
1972,1971-72,Regular Season,2.0,Milwaukee Bucks*,26.3,63.0,19.0,66.0,16.0,11.16,-0.46,10.7,102.6,92.6,10.0,111.2,0.313,,0.54,,0.42,14.6,,0.217,,,,Milwaukee Arena,,597.0,82.0,9118.4,97.9209810409117,97.92555538049471,4.679018959088296,-5.325555380494734,10.00457433958303,,,,,
1972,1971-72,Regular Season,3.0,Chicago Bulls*,27.5,57.0,25.0,61.0,21.0,8.26,-0.35,7.91,101.9,94.3,7.6,108.6,0.344,,0.504,,0.454,16.7,,0.266,,,,Chicago Stadium,,536.0,82.0,8905.199999999999,97.9209810409117,97.92555538049471,3.9790189590883074,-3.625555380494731,7.6045743395830385,,,,,
1972,1971-72,Regular Season,4.0,Phoenix Suns,26.6,49.0,33.0,54.0,28.0,5.5,0.07,5.57,101.3,96.5,4.8,113.7,0.381,,0.518,,0.452,14.2,,0.247,,,,Arizona Veterans Memorial Coliseum,,720.0,82.0,9323.4,97.9209810409117,97.92555538049471,3.379018959088299,-1.4255553804947283,4.804574339583027,,,,,
1972,1971-72,Regular Season,5.0,Boston Celtics*,27.6,56.0,26.0,53.0,29.0,4.78,-0.4,4.38,99.3,95.2,4.1,116.1,0.281,,0.5,,0.444,16.4,,0.265,,,,Boston Garden,346701.0,8456.0,82.0,9520.2,97.9209810409117,97.92555538049471,1.3790189590882989,-2.725555380494725,4.104574339583024,,,,,
1972,1971-72,Regular Season,6.0,New York Knicks*,28.8,48.0,34.0,48.0,34.0,2.45,-0.17,2.28,98.5,96.3,2.2,108.0,0.3,,0.506,,0.443,15.4,,0.256,,,,Madison Square Garden (IV),,1367.0,82.0,8856.0,97.9209810409117,97.92555538049471,0.5790189590883017,-1.6255553804947311,2.204574339583033,,,,,
1972,1971-72,Regular Season,7.0,Golden State Warriors*,27.7,51.0,31.0,43.0,39.0,0.77,0.15,0.92,95.6,94.9,0.7,113.0,0.316,,0.492,,0.44,13.5,,0.209,,,,Oakland-Alameda County Coliseum Arena,,606.0,82.0,9266.0,97.9209810409117,97.92555538049471,-2.320981040911704,-3.0255553804947226,0.7045743395830186,,,,,
1972,1971-72,Regular Season,8.0,Seattle SuperSonics,26.7,47.0,35.0,42.0,40.0,0.46,0.4,0.86,98.5,98.1,0.4,110.5,0.357,,0.519,,0.451,15.2,,0.209,,,,Seattle Center Coliseum,,899.0,82.0,9061.0,97.9209810409117,97.92555538049471,0.5790189590883017,0.174444619505266,0.4045743395830357,,,,,
1972,1971-72,Regular Season,9.0,Baltimore Bullets*,26.7,38.0,44.0,38.0,44.0,-1.17,-0.09,-1.26,96.5,97.6,-1.1,110.5,0.307,,0.499,,0.452,15.0,,0.228,,,,Baltimore Civic Center,,164.0,82.0,9061.0,97.9209810409117,97.92555538049471,-1.4209810409116983,-0.325555380494734,-1.0954256604169643,,,,,
1972,1971-72,Regular Season,10.0,Houston Rockets,24.6,34.0,48.0,37.0,45.0,-1.56,0.35,-1.22,95.4,96.8,-1.4,114.7,0.293,,0.481,,0.453,14.3,,0.261,,,,Hofheinz Pavilion,,247.0,82.0,9405.4,97.9209810409117,97.92555538049471,-2.5209810409116926,-1.1255553804947311,-1.3954256604169617,,,,,
1972,1971-72,Regular Season,11.0,Atlanta Hawks*,26.8,36.0,46.0,36.0,46.0,-1.77,-0.17,-1.94,98.7,100.3,-1.6,110.7,0.36,,0.512,,0.465,15.9,,0.249,,,,Alexander Memorial Coliseum,,266.0,82.0,9077.4,97.9209810409117,97.92555538049471,0.7790189590883045,2.374444619505269,-1.5954256604169643,,,,,
1972,1971-72,Regular Season,12.0,Philadelphia 76ers,28.3,30.0,52.0,32.0,50.0,-3.67,0.23,-3.44,96.4,99.5,-3.1,115.8,0.351,,0.495,,0.459,15.9,,0.289,,,,The Spectrum,,588.0,82.0,9495.6,97.9209810409117,97.92555538049471,-1.5209810409116926,1.5744446195052717,-3.0954256604169643,,,,,
1972,1971-72,Regular Season,13.0,Cincinnati Royals,25.7,30.0,52.0,31.0,51.0,-4.04,-0.1,-4.13,98.0,101.6,-3.6,109.5,0.344,,0.512,,0.466,15.5,,0.276,,,,Cincinnati Gardens,,137.0,82.0,8979.0,97.9209810409117,97.92555538049471,0.0790189590883017,3.674444619505266,-3.5954256604169643,,,,,
1972,1971-72,Regular Season,14.0,Detroit Pistons,26.2,26.0,56.0,25.0,57.0,-6.84,0.73,-6.11,96.1,102.2,-6.1,112.8,0.346,,0.506,,0.472,15.2,,0.23,,,,Cobo Arena,,433.0,82.0,9249.6,97.9209810409117,97.92555538049471,-1.820981040911704,4.2744446195052745,-6.0954256604169785,,,,,
1972,1971-72,Regular Season,15.0,Cleveland Cavaliers,24.2,23.0,59.0,22.0,60.0,-7.63,-0.26,-7.9,94.5,101.4,-6.9,111.5,0.296,,0.475,,0.485,15.4,,0.265,,,,Cleveland Arena,,283.0,82.0,9143.0,97.9209810409117,97.92555538049471,-3.4209810409116983,3.4744446195052774,-6.895425660416976,,,,,
1972,1971-72,Regular Season,16.0,Buffalo Braves,25.0,22.0,60.0,19.0,63.0,-9.24,-0.2,-9.44,93.6,102.1,-8.5,108.3,0.294,,0.49,,0.46,15.3,,0.287,,,,Buffalo Memorial Auditorium,,744.0,82.0,8880.6,97.9209810409117,97.92555538049471,-4.320981040911704,4.174444619505266,-8.49542566041697,,,,,
1972,1971-72,Regular Season,17.0,Portland Trail Blazers,24.5,18.0,64.0,19.0,63.0,-9.73,0.9,-8.84,94.5,103.1,-8.6,112.3,0.318,,0.49,,0.486,16.0,,0.237,,,,Memorial Coliseum,,328.0,82.0,9208.6,97.9209810409117,97.92555538049471,-3.4209810409116983,5.174444619505266,-8.595425660416964,,,,,
1972,1971-72,Playoffs,1.0,Milwaukee Bucks,25.9,6.0,5.0,8.0,3.0,,,,95.6,89.9,5.7,113.8,0.241,,0.489,,0.405,,,0.242,,,,,,,11.0,1251.8,96.8861565183114,96.904531960236,-1.286156518311401,-7.004531960236008,5.718375441924607,0.545,,,,
1972,1971-72,Playoffs,2.0,New York Knicks,28.2,9.0,7.0,10.0,6.0,,,,100.0,95.6,4.4,105.3,0.338,,0.519,,0.425,,,0.28,,,,,,,16.0,1684.8,96.8861565183114,96.904531960236,3.1138434816886047,-1.3045319602360197,4.418375441924624,0.563,,,,
1972,1971-72,Playoffs,3.0,Los Angeles Lakers,29.4,12.0,3.0,9.0,6.0,,,,95.9,93.1,2.8,110.3,0.361,,0.487,,0.444,,,0.168,,,,,,,15.0,1654.5,96.8861565183114,96.904531960236,-0.9861565183113896,-3.80453196023602,2.81837544192463,0.8,,,,
1972,1971-72,Playoffs,4.0,Boston Celtics,27.6,5.0,6.0,6.0,5.0,,,,100.8,100.3,0.5,112.1,0.337,,0.522,,0.456,,,0.305,,,,,,,11.0,1233.1,96.8861565183114,96.904531960236,3.913843481688602,3.395468039763984,0.5183754419246185,0.455,,,,
1972,1971-72,Playoffs,5.0,Atlanta Hawks,26.6,2.0,4.0,2.0,4.0,,,,97.7,104.8,-7.1,115.6,0.362,,0.492,,0.51,,,0.246,,,,,,,6.0,693.5999999999999,96.8861565183114,96.904531960236,0.8138434816886075,7.895468039763983,-7.081624558075376,0.333,,,,
1972,1971-72,Playoffs,6.0,Baltimore Bullets,27.5,2.0,4.0,1.0,5.0,,,,93.9,102.6,-8.7,101.4,0.371,,0.501,,0.46,,,0.235,,,,,,,6.0,608.4000000000001,96.8861565183114,96.904531960236,-2.9861565183113896,5.6954680397639805,-8.68162455807537,0.333,,,,
1972,1971-72,Playoffs,7.0,Chicago Bulls,27.3,0.0,4.0,1.0,3.0,,,,93.7,103.0,-9.3,107.3,0.214,,0.467,,0.483,,,0.305,,,,,,,4.0,429.2,96.8861565183114,96.904531960236,-3.1861565183113925,6.095468039763986,-9.28162455807538,0.0,,,,
1972,1971-72,Playoffs,8.0,Golden State Warriors,27.9,1.0,4.0,1.0,4.0,,,,89.4,99.6,-10.2,112.5,0.29,,0.459,,0.461,,,0.215,,,,,,,5.0,562.5,96.8861565183114,96.904531960236,-7.48615651831139,2.6954680397639805,-10.18162455807537,0.2,,,,
1973,1972-73,Regular Season,1.0,Los Angeles Lakers*,30.3,60.0,22.0,62.0,20.0,8.54,-0.35,8.16,99.4,91.8,7.6,112.0,0.29,,0.52,,0.434,15.1,,0.139,,,,The Forum,664872.0,854.0,82.0,9184.0,96.81631503427752,96.82470106818305,2.583684965722483,-5.024701068183035,7.608386033905518,,,,,
1973,1972-73,Regular Season,2.0,Milwaukee Bucks*,26.4,60.0,22.0,62.0,20.0,8.22,-0.38,7.84,98.6,91.1,7.5,108.3,0.216,,0.514,,0.422,14.9,,0.168,,,,Milwaukee Arena,,561.0,82.0,8880.6,96.81631503427752,96.82470106818305,1.7836849657224718,-5.7247010681830375,7.508386033905509,,,,,
1973,1972-73,Regular Season,3.0,Boston Celtics*,28.0,68.0,14.0,61.0,21.0,8.2,-0.85,7.35,98.1,91.0,7.1,114.5,0.244,,0.49,,0.434,15.7,,0.19,,,,Boston Garden,423234.0,10853.0,82.0,9389.0,96.81631503427752,96.82470106818305,1.2836849657224718,-5.824701068183032,7.108386033905504,,,,,
1973,1972-73,Regular Season,4.0,New York Knicks*,28.7,57.0,25.0,59.0,23.0,6.79,-0.72,6.07,98.9,92.5,6.4,105.9,0.224,,0.505,,0.435,16.0,,0.195,,,,Madison Square Garden (IV),,1921.0,82.0,8683.800000000001,96.81631503427752,96.82470106818305,2.083684965722483,-4.324701068183032,6.408386033905515,,,,,
1973,1972-73,Regular Season,5.0,Chicago Bulls*,27.7,51.0,31.0,51.0,31.0,3.49,-0.06,3.43,98.9,95.6,3.3,104.5,0.265,,0.488,,0.471,17.3,,0.22,,,,Chicago Stadium,,566.0,82.0,8569.0,96.81631503427752,96.82470106818305,2.083684965722483,-1.2247010681830377,3.3083860339055207,,,,,
1973,1972-73,Regular Season,6.0,Baltimore Bullets*,26.3,52.0,30.0,50.0,32.0,3.35,-0.5,2.85,96.3,93.3,3.0,108.7,0.221,,0.497,,0.441,15.0,,0.158,,,,Baltimore Civic Center,,529.0,82.0,8913.4,96.81631503427752,96.82470106818305,-0.5163150342775253,-3.524701068183034,3.0083860339055093,,,,,
1973,1972-73,Regular Season,7.0,Golden State Warriors*,28.6,47.0,35.0,49.0,33.0,3.1,0.03,3.12,96.8,94.0,2.8,112.2,0.229,,0.496,,0.441,14.7,,0.179,,,,Oakland-Alameda County Coliseum Arena,,538.0,82.0,9200.4,96.81631503427752,96.82470106818305,-0.0163150342775253,-2.824701068183032,2.8083860339055065,,,,,
1973,1972-73,Regular Season,8.0,Detroit Pistons,25.4,40.0,42.0,42.0,40.0,0.22,0.32,0.54,98.4,98.2,0.2,111.5,0.29,,0.507,,0.472,16.1,,0.176,,,,Cobo Arena,,383.0,82.0,9143.0,96.81631503427752,96.82470106818305,1.5836849657224832,1.375298931816971,0.2083860339055121,,,,,
1973,1972-73,Regular Season,9.0,Atlanta Hawks*,27.1,46.0,36.0,41.0,41.0,0.09,-0.24,-0.15,98.0,98.0,0.0,113.8,0.309,,0.505,,0.461,16.0,,0.208,,,,Omni Coliseum,,567.0,82.0,9331.6,96.81631503427752,96.82470106818305,1.1836849657224775,1.1752989318169682,0.0083860339055092,,,,,
1973,1972-73,Regular Season,10.0,Phoenix Suns,26.2,38.0,44.0,38.0,44.0,-1.28,0.32,-0.96,98.4,99.5,-1.1,113.0,0.307,,0.508,,0.469,15.4,,0.218,,,,Arizona Veterans Memorial Coliseum,,455.0,82.0,9266.0,96.81631503427752,96.82470106818305,1.5836849657224832,2.675298931816968,-1.091613966094485,,,,,
1973,1972-73,Regular Season,11.0,Houston Rockets,25.7,33.0,49.0,37.0,45.0,-1.73,-0.08,-1.81,97.9,99.4,-1.5,115.2,0.261,,0.503,,0.471,15.3,,0.215,,,,Hofheinz Pavilion,,531.0,82.0,9446.4,96.81631503427752,96.82470106818305,1.0836849657224832,2.575298931816974,-1.4916139660944907,,,,,
1973,1972-73,Regular Season,12.0,Cleveland Cavaliers,26.2,32.0,50.0,34.0,48.0,-2.67,0.03,-2.64,94.0,96.5,-2.5,108.3,0.264,,0.478,,0.452,17.1,,0.222,,,,Cleveland Arena,,466.0,82.0,8880.6,96.81631503427752,96.82470106818305,-2.8163150342775225,-0.3247010681830318,-2.4916139660944907,,,,,
1973,1972-73,Regular Season,13.0,Kansas City-Omaha Kings,26.3,36.0,46.0,33.0,49.0,-2.91,0.53,-2.36,99.7,102.4,-2.7,107.3,0.269,,0.52,,0.484,17.5,,0.218,,,,Municipal Auditorium,,371.0,82.0,8798.6,96.81631503427752,96.82470106818305,2.8836849657224803,5.575298931816974,-2.691613966094493,,,,,
1973,1972-73,Regular Season,14.0,Seattle SuperSonics,25.1,26.0,56.0,26.0,56.0,-5.9,0.58,-5.33,93.8,99.1,-5.3,110.0,0.271,,0.494,,0.454,13.7,,0.201,,,,Seattle Center Coliseum,,574.0,82.0,9020.0,96.81631503427752,96.82470106818305,-3.0163150342775253,2.2752989318169625,-5.291613966094488,,,,,
1973,1972-73,Regular Season,15.0,Portland Trail Blazers,24.0,21.0,61.0,25.0,57.0,-6.23,0.56,-5.67,95.9,101.5,-5.6,110.4,0.271,,0.496,,0.477,15.7,,0.231,,,,Memorial Coliseum,,500.0,82.0,9052.8,96.81631503427752,96.82470106818305,-0.9163150342775168,4.675298931816968,-5.591613966094485,,,,,
1973,1972-73,Regular Season,16.0,Buffalo Braves,24.7,21.0,61.0,19.0,63.0,-9.17,0.32,-8.85,92.9,101.2,-8.3,110.9,0.25,,0.484,,0.471,16.7,,0.218,,,,Buffalo Memorial Auditorium,,841.0,82.0,9093.8,96.81631503427752,96.82470106818305,-3.916315034277517,4.375298931816971,-8.291613966094488,,,,,
1973,1972-73,Regular Season,17.0,Philadelphia 76ers,27.6,9.0,73.0,15.0,67.0,-12.09,0.58,-11.5,90.2,100.6,-10.4,115.2,0.258,,0.464,,0.473,15.5,,0.215,,,,The Spectrum,,556.0,82.0,9446.4,96.81631503427752,96.82470106818305,-6.61631503427752,3.7752989318169625,-10.391613966094482,,,,,
1973,1972-73,Playoffs,1.0,New York Knicks,28.7,12.0,5.0,11.0,6.0,,,,100.2,95.3,4.9,102.4,0.237,,0.518,,0.449,,,0.211,,,,,,,17.0,1740.8000000000002,95.4914373368744,95.50532075644487,4.708562663125591,-0.2053207564448911,4.913883419570482,0.706,,,,
1973,1972-73,Playoffs,2.0,Los Angeles Lakers,30.9,9.0,8.0,11.0,6.0,,,,95.4,91.5,3.9,107.8,0.325,,0.498,,0.419,,,0.165,,,,,,,17.0,1832.6,95.4914373368744,95.50532075644487,-0.0914373368744065,-4.005320756444888,3.9138834195704817,0.529,,,,
1973,1972-73,Playoffs,3.0,Milwaukee Bucks,26.7,2.0,4.0,4.0,2.0,,,,96.2,93.8,2.4,103.1,0.257,,0.49,,0.44,,,0.188,,,,,,,6.0,618.5999999999999,95.4914373368744,95.50532075644487,0.7085626631255906,-1.7053207564448911,2.4138834195704817,0.333,,,,
1973,1972-73,Playoffs,4.0,Boston Celtics,27.9,7.0,6.0,7.0,6.0,,,,97.3,95.8,1.5,109.3,0.253,,0.501,,0.459,,,0.172,,,,,,,13.0,1420.9,95.4914373368744,95.50532075644487,1.808562663125585,0.2946792435551089,1.513883419570476,0.538,,,,
1973,1972-73,Playoffs,5.0,Chicago Bulls,28.1,3.0,4.0,3.0,4.0,,,,91.3,94.0,-2.7,105.8,0.236,,0.453,,0.453,,,0.212,,,,,,,7.0,740.6,95.4914373368744,95.50532075644487,-4.191437336874415,-1.5053207564448885,-2.686116580429527,0.429,,,,
1973,1972-73,Playoffs,6.0,Atlanta Hawks,27.4,2.0,4.0,2.0,4.0,,,,91.5,98.2,-6.7,116.7,0.216,,0.461,,0.477,,,0.178,,,,,,,6.0,700.2,95.4914373368744,95.50532075644487,-3.991437336874412,2.6946792435551146,-6.686116580429527,0.333,,,,
1973,1972-73,Playoffs,7.0,Golden State Warriors,28.8,5.0,6.0,3.0,8.0,,,,90.7,98.0,-7.3,107.9,0.217,,0.46,,0.463,,,0.212,,,,,,,11.0,1186.9,95.4914373368744,95.50532075644487,-4.791437336874409,2.494679243555112,-7.286116580429521,0.455,,,,
1973,1972-73,Playoffs,8.0,Baltimore Bullets,26.8,1.0,4.0,1.0,4.0,,,,96.6,104.8,-8.2,99.0,0.239,,0.508,,0.509,,,0.167,,,,,,,5.0,495.0,95.4914373368744,95.50532075644487,1.108562663125582,9.294679243555109,-8.186116580429527,0.2,,,,
1974,1973-74,Regular Season,1.0,Milwaukee Bucks*,27.3,59.0,23.0,61.0,21.0,8.04,-0.42,7.61,101.2,93.6,7.6,105.4,0.23,,0.527,,0.425,15.2,31.3,0.192,,69.4,,Milwaukee Arena,,576.0,82.0,8642.800000000001,97.69992360580598,97.69986903852453,3.500076394194025,-4.099869038524517,7.599945432718542,,,,,
1974,1973-74,Regular Season,2.0,Detroit Pistons*,26.2,52.0,30.0,52.0,30.0,4.06,-0.04,4.02,97.6,93.8,3.8,106.5,0.288,,0.505,,0.45,17.9,31.3,0.197,,69.6,,Cobo Arena,,696.0,82.0,8733.0,97.69992360580598,97.69986903852453,-0.0999236058059835,-3.899869038524514,3.7999454327185305,,,,,
1974,1973-74,Regular Season,3.0,Boston Celtics*,28.5,56.0,26.0,51.0,31.0,3.91,-0.49,3.42,98.6,95.1,3.5,110.0,0.263,,0.503,,0.443,15.2,34.6,0.186,,73.1,,Boston Garden,355261.0,11102.0,82.0,9020.0,97.69992360580598,97.69986903852453,0.9000763941940164,-2.599869038524517,3.4999454327185333,,,,,
1974,1973-74,Regular Season,4.0,Chicago Bulls*,28.7,54.0,28.0,50.0,32.0,3.3,-0.1,3.2,96.7,93.6,3.1,105.0,0.314,,0.498,,0.46,18.9,29.5,0.197,,69.7,,Chicago Stadium,,541.0,82.0,8610.0,97.69992360580598,97.69986903852453,-0.9999236058059752,-4.099869038524517,3.099945432718542,,,,,
1974,1973-74,Regular Season,5.0,New York Knicks*,28.5,49.0,33.0,49.0,33.0,2.76,-0.34,2.42,97.4,94.7,2.7,103.5,0.232,,0.504,,0.446,15.9,25.6,0.203,,72.3,,Madison Square Garden (IV),,1441.0,82.0,8487.0,97.69992360580598,97.69986903852453,-0.2999236058059722,-2.9998690385245084,2.699945432718536,,,,,
1974,1973-74,Regular Season,6.0,Golden State Warriors,28.4,44.0,38.0,48.0,34.0,2.56,-0.15,2.42,100.8,98.4,2.4,108.9,0.252,,0.506,,0.453,14.2,33.8,0.195,,71.2,,Oakland-Alameda County Coliseum Arena,,676.0,82.0,8929.800000000001,97.69992360580598,97.69986903852453,3.1000763941940197,0.7001309614754945,2.399945432718525,,,,,
1974,1973-74,Regular Season,7.0,Capital Bullets*,26.4,47.0,35.0,45.0,37.0,1.49,-0.3,1.19,95.6,94.2,1.4,106.3,0.237,,0.48,,0.451,16.3,30.6,0.16,,70.5,,Capital Centre,,905.0,82.0,8716.6,97.69992360580598,97.69986903852453,-2.099923605805984,-3.4998690385245084,1.3999454327185248,,,,,
1974,1973-74,Regular Season,8.0,Los Angeles Lakers*,28.7,47.0,35.0,43.0,39.0,0.87,-0.02,0.85,97.4,96.6,0.8,111.7,0.313,,0.504,,0.438,15.7,32.9,0.185,,66.1,,The Forum,603145.0,812.0,82.0,9159.4,97.69992360580598,97.69986903852453,-0.2999236058059722,-1.099869038524517,0.7999454327185447,,,,,
1974,1973-74,Regular Season,9.0,Buffalo Braves*,24.4,42.0,40.0,41.0,41.0,-0.11,-0.08,-0.19,99.3,99.4,-0.1,111.6,0.286,,0.524,,0.467,16.4,29.6,0.196,,69.0,,Buffalo Memorial Auditorium,,1502.0,82.0,9151.2,97.69992360580598,97.69986903852453,1.6000763941940193,1.7001309614754945,-0.1000545672814752,,,,,
1974,1973-74,Regular Season,10.0,Houston Rockets,25.4,32.0,50.0,41.0,41.0,-0.13,-0.2,-0.34,100.3,100.5,-0.2,106.1,0.279,,0.528,,0.478,17.0,28.9,0.231,,69.0,,Hofheinz Pavilion,,405.0,82.0,8700.199999999999,97.69992360580598,97.69986903852453,2.6000763941940197,2.800130961475489,-0.2000545672814695,,,,,
1974,1973-74,Regular Season,11.0,Atlanta Hawks,27.1,35.0,47.0,37.0,45.0,-1.43,-0.04,-1.47,97.7,99.0,-1.3,110.8,0.292,,0.51,,0.468,17.5,31.0,0.246,,70.4,,Omni Coliseum,,500.0,82.0,9085.6,97.69992360580598,97.69986903852453,7.639419402494241e-05,1.3001309614754888,-1.3000545672814638,,,,,
1974,1973-74,Regular Season,12.0,Seattle SuperSonics,26.0,36.0,46.0,34.0,48.0,-2.55,0.26,-2.29,96.8,99.1,-2.3,110.2,0.26,,0.489,,0.463,17.0,31.1,0.244,,69.8,,Seattle Center Coliseum,,634.0,82.0,9036.4,97.69992360580598,97.69986903852453,-0.8999236058059807,1.400130961475483,-2.300054567281464,,,,,
1974,1973-74,Regular Season,13.0,Phoenix Suns,26.2,30.0,52.0,32.0,50.0,-3.56,0.36,-3.2,98.1,101.3,-3.2,109.6,0.289,,0.508,,0.467,15.6,28.2,0.236,,69.1,,Arizona Veterans Memorial Coliseum,,332.0,82.0,8987.199999999999,97.69992360580598,97.69986903852453,0.4000763941940164,3.600130961475486,-3.200054567281469,,,,,
1974,1973-74,Regular Season,14.0,Kansas City-Omaha Kings,26.7,33.0,49.0,31.0,51.0,-3.73,0.49,-3.24,96.0,99.5,-3.5,106.1,0.287,,0.506,,0.476,17.4,29.6,0.201,,67.9,,Municipal Auditorium,,511.0,82.0,8700.199999999999,97.69992360580598,97.69986903852453,-1.699923605805978,1.8001309614754888,-3.5000545672814667,,,,,
1974,1973-74,Regular Season,15.0,Cleveland Cavaliers,26.5,29.0,53.0,29.0,53.0,-4.33,0.17,-4.16,96.0,100.1,-4.1,104.1,0.23,,0.48,,0.469,16.6,31.3,0.231,,68.7,,Cleveland Arena,,367.0,82.0,8536.199999999999,97.69992360580598,97.69986903852453,-1.699923605805978,2.400130961475483,-4.100054567281461,,,,,
1974,1973-74,Regular Season,16.0,Portland Trail Blazers,24.7,27.0,55.0,29.0,53.0,-4.78,0.48,-4.3,98.2,102.6,-4.4,108.5,0.275,,0.509,,0.484,16.6,31.9,0.241,,68.5,,Memorial Coliseum,,447.0,82.0,8897.0,97.69992360580598,97.69986903852453,0.5000763941940249,4.900130961475483,-4.400054567281458,,,,,
1974,1973-74,Regular Season,17.0,Philadelphia 76ers,28.4,25.0,57.0,24.0,58.0,-6.37,0.42,-5.94,93.1,99.0,-5.9,108.3,0.275,,0.48,,0.468,17.6,27.6,0.21,,66.7,,The Spectrum,,469.0,82.0,8880.6,97.69992360580598,97.69986903852453,-4.599923605805984,1.3001309614754888,-5.900054567281472,,,,,
1974,1973-74,Playoffs,1.0,Milwaukee Bucks,27.8,11.0,5.0,11.0,5.0,,,,100.3,94.8,5.5,98.8,0.204,,0.528,,0.415,13.9,31.3,0.206,,70.6,,,,,16.0,1580.8,97.1130531243143,97.15243069946608,3.186946875685692,-2.3524306994660837,5.539377575151775,0.688,,,,
1974,1973-74,Playoffs,2.0,Boston Celtics,28.7,12.0,6.0,12.0,6.0,,,,98.2,92.8,5.4,102.6,0.234,,0.492,,0.447,15.8,29.9,0.178,,74.8,,,,,18.0,1846.8,97.1130531243143,97.15243069946608,1.0869468756856977,-4.352430699466083,5.439377575151781,0.667,,,,
1974,1973-74,Playoffs,3.0,Detroit Pistons,26.5,3.0,4.0,4.0,3.0,,,,99.7,97.3,2.4,95.3,0.263,,0.513,,0.426,12.6,30.0,0.187,,69.1,,,,,7.0,667.1,97.1130531243143,97.15243069946608,2.586946875685697,0.1475693005339167,2.4393775751517808,0.429,,,,
1974,1973-74,Playoffs,4.0,Capital Bullets,26.3,3.0,4.0,4.0,3.0,,,,98.1,97.0,1.1,95.5,0.25,,0.493,,0.441,13.3,30.0,0.162,,70.8,,,,,7.0,668.5,97.1130531243143,97.15243069946608,0.986946875685689,-0.1524306994660804,1.1393775751517694,0.429,,,,
1974,1973-74,Playoffs,5.0,Buffalo Braves,24.7,2.0,4.0,2.0,4.0,,,,93.8,96.2,-2.4,110.9,0.225,,0.481,,0.451,14.9,26.2,0.14,,70.9,,,,,6.0,665.4000000000001,97.1130531243143,97.15243069946608,-3.313053124314308,-0.9524306994660776,-2.3606224248482306,0.333,,,,
1974,1973-74,Playoffs,6.0,New York Knicks,28.5,5.0,7.0,4.0,8.0,,,,94.5,99.5,-5.0,99.1,0.221,,0.477,,0.461,15.8,25.0,0.219,,68.9,,,,,12.0,1189.1999999999998,97.1130531243143,97.15243069946608,-2.6130531243143054,2.3475693005339195,-4.960622424848225,0.417,,,,
1974,1973-74,Playoffs,7.0,Chicago Bulls,28.7,4.0,7.0,3.0,8.0,,,,96.8,103.6,-6.8,97.1,0.27,,0.472,,0.505,16.0,28.5,0.175,,70.8,,,,,11.0,1068.1,97.1130531243143,97.15243069946608,-0.3130531243143082,6.447569300533914,-6.760622424848222,0.364,,,,
1974,1973-74,Playoffs,8.0,Los Angeles Lakers,28.8,1.0,4.0,1.0,4.0,,,,89.8,102.4,-12.6,103.5,0.271,,0.439,,0.491,16.8,33.8,0.155,,63.6,,,,,5.0,517.5,97.1130531243143,97.15243069946608,-7.313053124314308,5.247569300533925,-12.560622424848232,0.2,,,,
1975,1974-75,Regular Season,1.0,Washington Bullets*,26.6,60.0,22.0,60.0,22.0,7.17,-0.64,6.53,98.0,91.3,6.7,106.1,0.255,,0.501,,0.438,18.2,28.7,0.202,,70.0,,Capital Centre,,859.0,82.0,8700.199999999999,97.64391683505266,97.6514463469106,0.3560831649473357,-6.351446346910592,6.707529511857928,,,,,
1975,1974-75,Regular Season,2.0,Boston Celtics*,29.1,60.0,22.0,56.0,26.0,5.72,-0.32,5.4,100.0,94.7,5.3,106.1,0.252,,0.502,,0.444,14.7,33.4,0.181,,73.6,,Boston Garden,486270.0,13307.0,82.0,8700.199999999999,97.64391683505266,97.6514463469106,2.356083164947336,-2.9514463469105863,5.307529511857922,,,,,
1975,1974-75,Regular Season,3.0,Golden State Warriors*,25.8,48.0,34.0,50.0,32.0,3.29,-0.43,2.86,100.4,97.3,3.1,107.6,0.24,,0.504,,0.456,16.0,34.8,0.218,,70.7,,Oakland-Alameda County Coliseum Arena,,628.0,82.0,8823.199999999999,97.64391683505266,97.6514463469106,2.7560831649473414,-0.3514463469105919,3.1075295118579334,,,,,
1975,1974-75,Regular Season,4.0,Chicago Bulls*,30.2,47.0,35.0,50.0,32.0,3.1,-0.22,2.88,97.4,94.4,3.0,99.7,0.311,,0.499,,0.448,16.7,29.5,0.206,,73.4,,Chicago Stadium,,736.0,82.0,8175.400000000001,97.64391683505266,97.6514463469106,-0.2439168350526586,-3.2514463469105834,3.007529511857925,,,,,
1975,1974-75,Regular Season,5.0,Buffalo Braves*,26.4,49.0,33.0,47.0,35.0,2.15,0.02,2.16,99.8,97.8,2.0,107.7,0.298,,0.523,,0.45,16.0,29.7,0.19,,67.9,,Buffalo Memorial Auditorium,,1395.0,82.0,8831.4,97.64391683505266,97.6514463469106,2.156083164947333,0.148553653089408,2.007529511857925,,,,,
1975,1974-75,Regular Season,6.0,Houston Rockets*,25.2,41.0,41.0,44.0,38.0,1.06,-0.23,0.84,100.4,99.4,1.0,102.9,0.281,,0.524,,0.481,17.3,33.1,0.221,,70.7,,Hofheinz Pavilion,,240.0,82.0,8437.800000000001,97.64391683505266,97.6514463469106,2.7560831649473414,1.7485536530894166,1.0075295118579248,,,,,
1975,1974-75,Regular Season,7.0,Portland Trail Blazers,26.0,38.0,44.0,42.0,40.0,0.44,-0.17,0.27,98.1,97.7,0.4,104.7,0.318,,0.525,,0.45,16.0,29.0,0.228,,69.6,,Memorial Coliseum,,551.0,82.0,8585.4,97.64391683505266,97.6514463469106,0.45608316494733,0.0485536530894137,0.4075295118579163,,,,,
1975,1974-75,Regular Season,8.0,Milwaukee Bucks,26.2,38.0,44.0,42.0,40.0,0.21,0.04,0.25,98.0,97.8,0.2,102.1,0.237,,0.507,,0.444,14.0,27.9,0.197,,70.6,,MECCA Arena,,535.0,82.0,8372.199999999999,97.64391683505266,97.6514463469106,0.3560831649473357,0.148553653089408,0.2075295118579276,,,,,
1975,1974-75,Regular Season,9.0,Kansas City-Omaha Kings*,25.5,44.0,38.0,40.0,42.0,-0.29,0.14,-0.16,96.8,97.1,-0.3,104.4,0.302,,0.505,,0.461,16.3,26.1,0.205,,72.1,,Kemper Arena,,271.0,82.0,8560.800000000001,97.64391683505266,97.6514463469106,-0.8439168350526671,-0.5514463469105948,-0.2924704881420723,,,,,
1975,1974-75,Regular Season,10.0,Cleveland Cavaliers,25.9,40.0,42.0,40.0,42.0,-0.37,0.05,-0.31,97.6,98.0,-0.4,100.4,0.238,,0.498,,0.451,16.5,28.2,0.224,,67.0,,Coliseum at Richfield,,783.0,82.0,8232.800000000001,97.64391683505266,97.6514463469106,-0.0439168350526699,0.3485536530894109,-0.3924704881420808,,,,,
1975,1974-75,Regular Season,11.0,Seattle SuperSonics*,25.6,43.0,39.0,38.0,44.0,-1.09,-0.11,-1.19,96.7,97.7,-1.0,105.5,0.257,,0.496,,0.459,17.1,29.3,0.205,,66.7,,Seattle Center Coliseum,,694.0,82.0,8651.0,97.64391683505266,97.6514463469106,-0.9439168350526614,0.0485536530894137,-0.9924704881420752,,,,,
1975,1974-75,Regular Season,12.0,New York Knicks*,27.7,40.0,42.0,38.0,44.0,-1.23,0.32,-0.92,97.1,98.3,-1.2,103.1,0.264,,0.494,,0.457,15.3,25.6,0.22,,71.3,,Madison Square Garden (IV),,2789.0,82.0,8454.199999999999,97.64391683505266,97.6514463469106,-0.54391683505267,0.648553653089408,-1.192470488142078,,,,,
1975,1974-75,Regular Season,13.0,Atlanta Hawks,25.1,31.0,51.0,37.0,45.0,-1.37,0.04,-1.32,98.3,99.5,-1.2,106.3,0.311,,0.485,,0.475,17.0,33.6,0.214,,69.4,,Omni Coliseum,,345.0,82.0,8716.6,97.64391683505266,97.6514463469106,0.6560831649473329,1.8485536530894109,-1.192470488142078,,,,,
1975,1974-75,Regular Season,14.0,Detroit Pistons*,26.6,40.0,42.0,37.0,45.0,-1.43,0.24,-1.19,98.3,99.7,-1.4,100.5,0.28,,0.512,,0.47,15.9,28.2,0.194,,69.5,,Cobo Arena,,496.0,82.0,8241.0,97.64391683505266,97.6514463469106,0.6560831649473329,2.0485536530894137,-1.3924704881420809,,,,,
1975,1974-75,Regular Season,15.0,Phoenix Suns,25.9,32.0,50.0,34.0,48.0,-2.38,0.02,-2.36,96.4,98.6,-2.2,104.3,0.275,,0.489,,0.458,16.0,34.5,0.243,,70.7,,Arizona Veterans Memorial Coliseum,,430.0,82.0,8552.6,97.64391683505266,97.6514463469106,-1.2439168350526586,0.9485536530894052,-2.192470488142064,,,,,
1975,1974-75,Regular Season,16.0,Philadelphia 76ers,27.7,34.0,48.0,32.0,50.0,-3.06,0.46,-2.6,95.8,98.8,-3.0,103.4,0.273,,0.488,,0.461,15.9,30.4,0.206,,69.9,,The Spectrum,,865.0,82.0,8478.800000000001,97.64391683505266,97.6514463469106,-1.8439168350526671,1.148553653089408,-2.992470488142075,,,,,
1975,1974-75,Regular Season,17.0,Los Angeles Lakers,28.2,30.0,52.0,30.0,52.0,-4.07,0.13,-3.94,96.1,99.9,-3.8,106.4,0.288,,0.495,,0.454,15.4,31.9,0.203,,66.0,,The Forum,474287.0,748.0,82.0,8724.800000000001,97.64391683505266,97.6514463469106,-1.54391683505267,2.248553653089417,-3.792470488142087,,,,,
1975,1974-75,Regular Season,18.0,New Orleans Jazz,26.0,23.0,59.0,21.0,61.0,-7.85,0.56,-7.3,92.5,99.7,-7.2,109.4,0.299,,0.489,,0.478,18.4,28.1,0.25,,68.7,,Municipal Auditorium,,282.0,82.0,8970.800000000001,97.64391683505266,97.6514463469106,-5.143916835052664,2.0485536530894137,-7.192470488142078,,,,,
1975,1974-75,Playoffs,1.0,Golden State Warriors,26.4,12.0,5.0,12.0,5.0,,,,97.4,92.2,5.2,102.9,0.285,,0.491,,0.437,17.5,32.2,0.266,,73.5,,,,,17.0,1749.3000000000002,97.87692307692308,97.8538938999201,-0.4769230769230859,-5.653893899920092,5.176970822997006,0.706,,,,
1975,1974-75,Playoffs,2.0,Washington Bullets,26.5,8.0,9.0,10.0,7.0,,,,98.0,95.4,2.6,105.0,0.32,,0.518,,0.433,15.1,27.1,0.188,,68.0,,,,,17.0,1785.0,97.87692307692308,97.8538938999201,0.1230769230769084,-2.453893899920089,2.576970822996998,0.471,,,,
1975,1974-75,Playoffs,3.0,Chicago Bulls,30.3,7.0,6.0,7.0,6.0,,,,95.5,94.4,1.1,97.6,0.33,,0.486,,0.444,14.9,29.4,0.201,,75.8,,,,,13.0,1268.8,97.87692307692308,97.8538938999201,-2.376923076923092,-3.453893899920089,1.076970822996998,0.538,,,,
1975,1974-75,Playoffs,4.0,Houston Rockets,24.9,3.0,5.0,4.0,4.0,,,,105.8,105.2,0.6,102.6,0.308,,0.535,,0.485,15.4,30.7,0.24,,67.2,,,,,8.0,820.8,97.87692307692308,97.8538938999201,7.923076923076906,7.346106100079908,0.5769708229969979,0.375,,,,
1975,1974-75,Playoffs,5.0,Boston Celtics,29.4,6.0,5.0,6.0,6.0,,,,102.3,102.3,0.0,104.7,0.237,,0.493,,0.489,15.9,34.5,0.258,,74.9,,,,,11.0,1151.7,97.87692307692308,97.8538938999201,4.423076923076906,4.446106100079902,-0.0230291770029964,0.545,,,,
1975,1974-75,Playoffs,6.0,Detroit Pistons,26.8,1.0,2.0,1.0,2.0,,,,98.5,99.9,-1.4,98.8,0.294,,0.528,,0.453,12.0,28.0,0.133,,69.7,,,,,3.0,296.4,97.87692307692308,97.8538938999201,0.6230769230769084,2.0461061000799106,-1.423029177003002,0.333,,,,
1975,1974-75,Playoffs,7.0,Buffalo Braves,25.9,3.0,4.0,3.0,4.0,,,,96.9,100.8,-3.9,105.3,0.277,,0.497,,0.479,16.3,27.4,0.217,,69.2,,,,,7.0,737.1,97.87692307692308,97.8538938999201,-0.976923076923086,2.946106100079902,-3.923029177002988,0.429,,,,
1975,1974-75,Playoffs,8.0,Seattle SuperSonics,24.8,4.0,5.0,3.0,6.0,,,,94.9,99.9,-5.0,104.8,0.285,,0.5,,0.468,16.2,27.1,0.224,,67.9,,,,,9.0,943.2,97.87692307692308,97.8538938999201,-2.976923076923086,2.0461061000799106,-5.0230291770029964,0.444,,,,
1975,1974-75,Playoffs,9.0,Kansas City-Omaha Kings,25.6,2.0,4.0,2.0,4.0,,,,92.5,98.8,-6.3,97.5,0.308,,0.489,,0.446,14.8,20.1,0.215,,68.6,,,,,6.0,585.0,97.87692307692308,97.8538938999201,-5.376923076923092,0.946106100079902,-6.323029177002994,0.333,,,,
1975,1974-75,Playoffs,10.0,New York Knicks,27.9,1.0,2.0,0.0,3.0,,,,92.9,105.4,-12.5,99.0,0.322,,0.499,,0.472,15.2,27.0,0.21,,64.5,,,,,3.0,297.0,97.87692307692308,97.8538938999201,-4.976923076923086,7.546106100079911,-12.523029177002996,0.333,,,,
1976,1975-76,Regular Season,1.0,Golden State Warriors*,25.5,59.0,23.0,58.0,24.0,6.65,-0.41,6.23,100.6,94.5,6.1,108.3,0.27,,0.504,,0.444,16.9,33.1,0.204,,69.3,,Oakland-Alameda County Coliseum Arena,,746.0,82.0,8880.6,98.28611052631578,98.28116315789474,2.3138894736842133,-3.7811631578947376,6.095052631578952,,,,,
1976,1975-76,Regular Season,2.0,Cleveland Cavaliers*,26.8,49.0,33.0,48.0,34.0,2.51,-0.17,2.34,99.5,97.0,2.5,101.6,0.237,,0.49,,0.454,16.3,29.9,0.224,,69.5,,Coliseum at Richfield,,1055.0,82.0,8331.199999999999,98.28611052631578,98.28116315789474,1.213889473684219,-1.2811631578947384,2.4950526315789574,,,,,
1976,1975-76,Regular Season,3.0,Boston Celtics*,29.0,54.0,28.0,47.0,35.0,2.34,-0.1,2.25,98.9,96.7,2.2,106.9,0.268,,0.493,,0.449,14.1,34.0,0.198,,74.1,,Boston Garden,539589.0,13446.0,82.0,8765.800000000001,98.28611052631578,98.28116315789474,0.6138894736842246,-1.5811631578947356,2.19505263157896,,,,,
1976,1975-76,Regular Season,4.0,Washington Bullets*,28.2,48.0,34.0,48.0,34.0,2.33,-0.13,2.2,97.5,95.3,2.2,104.3,0.306,,0.513,,0.442,15.1,27.5,0.194,,71.1,,Capital Centre,,716.0,82.0,8552.6,98.28611052631578,98.28116315789474,-0.786110526315781,-2.9811631578947413,2.19505263157896,,,,,
1976,1975-76,Regular Season,5.0,Buffalo Braves*,26.2,46.0,36.0,43.0,39.0,0.83,0.02,0.85,99.0,98.2,0.8,108.2,0.324,,0.527,,0.461,16.1,27.5,0.209,,69.7,,Buffalo Memorial Auditorium,,1354.0,82.0,8872.4,98.28611052631578,98.28116315789474,0.713889473684219,-0.0811631578947356,0.7950526315789546,,,,,
1976,1975-76,Regular Season,6.0,Phoenix Suns*,26.2,42.0,40.0,43.0,39.0,0.61,-0.02,0.59,98.5,97.9,0.6,105.6,0.322,,0.521,,0.468,17.3,30.6,0.229,,69.1,,Arizona Veterans Memorial Coliseum,,487.0,82.0,8659.199999999999,98.28611052631578,98.28116315789474,0.2138894736842189,-0.3811631578947327,0.5950526315789517,,,,,
1976,1975-76,Regular Season,7.0,Philadelphia 76ers*,26.3,46.0,36.0,42.0,40.0,0.26,0.07,0.33,98.2,98.0,0.2,107.5,0.318,,0.494,,0.448,17.0,33.8,0.23,,65.2,,The Spectrum,,1542.0,82.0,8815.0,98.28611052631578,98.28116315789474,-0.0861105263157782,-0.2811631578947384,0.1950526315789602,,,,,
1976,1975-76,Regular Season,8.0,Los Angeles Lakers,28.1,40.0,42.0,41.0,41.0,0.09,0.09,0.18,98.9,98.8,0.1,108.0,0.284,,0.511,,0.45,14.9,28.5,0.197,,67.5,,The Forum,524976.0,786.0,82.0,8856.0,98.28611052631578,98.28116315789474,0.6138894736842246,0.5188368421052587,0.0950526315789659,,,,,
1976,1975-76,Regular Season,9.0,Seattle SuperSonics*,24.5,43.0,39.0,40.0,42.0,-0.28,0.14,-0.15,98.3,98.6,-0.3,107.7,0.299,,0.499,,0.467,17.9,31.0,0.238,,66.8,,Seattle Center Coliseum,,688.0,82.0,8831.4,98.28611052631578,98.28116315789474,0.0138894736842161,0.3188368421052558,-0.3049473684210397,,,,,
1976,1975-76,Regular Season,10.0,Houston Rockets,25.7,40.0,42.0,39.0,43.0,-0.8,0.09,-0.71,101.1,101.8,-0.7,104.7,0.28,,0.531,,0.477,15.2,30.0,0.208,,70.3,,The Summit,,452.0,82.0,8585.4,98.28611052631578,98.28116315789474,2.8138894736842133,3.5188368421052587,-0.7049473684210454,,,,,
1976,1975-76,Regular Season,11.0,New Orleans Jazz,25.5,38.0,44.0,39.0,43.0,-0.89,0.15,-0.74,96.6,97.4,-0.8,106.7,0.322,,0.499,,0.458,17.1,29.5,0.245,,70.2,,Louisiana Superdome,,2148.0,82.0,8749.4,98.28611052631578,98.28116315789474,-1.6861105263157867,-0.8811631578947328,-0.804947368421054,,,,,
1976,1975-76,Regular Season,12.0,Detroit Pistons*,25.8,36.0,46.0,38.0,44.0,-1.05,-0.13,-1.18,99.2,100.2,-1.0,105.2,0.27,,0.506,,0.467,16.5,30.9,0.228,,67.6,,Cobo Arena,,384.0,82.0,8626.4,98.28611052631578,98.28116315789474,0.9138894736842218,1.9188368421052644,-1.0049473684210426,,,,,
1976,1975-76,Regular Season,13.0,New York Knicks,28.7,38.0,44.0,38.0,44.0,-1.23,0.19,-1.05,98.0,99.2,-1.2,104.1,0.263,,0.499,,0.459,14.7,26.1,0.23,,71.8,,Madison Square Garden (IV),,1441.0,82.0,8536.199999999999,98.28611052631578,98.28116315789474,-0.286110526315781,0.9188368421052644,-1.2049473684210454,,,,,
1976,1975-76,Regular Season,14.0,Portland Trail Blazers,25.4,37.0,45.0,38.0,44.0,-1.24,0.13,-1.11,96.4,97.6,-1.2,107.7,0.322,,0.512,,0.452,15.9,29.6,0.242,,71.7,,Memorial Coliseum,,579.0,82.0,8831.4,98.28611052631578,98.28116315789474,-1.8861105263157756,-0.6811631578947441,-1.2049473684210312,,,,,
1976,1975-76,Regular Season,15.0,Milwaukee Bucks*,24.9,38.0,44.0,37.0,45.0,-1.45,-0.1,-1.55,97.3,98.7,-1.4,103.9,0.263,,0.503,,0.446,14.9,29.6,0.218,,68.6,,MECCA Arena,,522.0,82.0,8519.800000000001,98.28611052631578,98.28116315789474,-0.986110526315784,0.4188368421052644,-1.4049473684210485,,,,,
1976,1975-76,Regular Season,16.0,Kansas City Kings,26.2,31.0,51.0,33.0,49.0,-2.84,0.01,-2.83,97.4,100.1,-2.7,105.7,0.316,,0.504,,0.466,16.2,29.0,0.235,,69.8,,Kemper Arena,,422.0,82.0,8667.4,98.28611052631578,98.28116315789474,-0.8861105263157754,1.818836842105256,-2.7049473684210312,,,,,
1976,1975-76,Regular Season,17.0,Chicago Bulls,27.4,24.0,58.0,33.0,49.0,-2.9,0.01,-2.89,95.2,98.0,-2.8,100.3,0.293,,0.464,,0.467,15.8,32.9,0.232,,74.6,,Chicago Stadium,,633.0,82.0,8224.6,98.28611052631578,98.28116315789474,-3.086110526315778,-0.2811631578947384,-2.80494736842104,,,,,
1976,1975-76,Regular Season,18.0,Atlanta Hawks,25.9,29.0,53.0,33.0,49.0,-2.91,0.26,-2.66,98.4,101.2,-2.8,103.6,0.336,,0.499,,0.48,16.7,31.0,0.216,,68.2,,Omni Coliseum,,515.0,82.0,8495.199999999999,98.28611052631578,98.28116315789474,0.1138894736842246,2.9188368421052644,-2.80494736842104,,,,,
1976,1975-76,Playoffs,1.0,Philadelphia 76ers,26.1,1.0,2.0,2.0,1.0,,,,108.7,103.0,5.7,101.6,0.355,,0.517,,0.473,14.3,36.6,0.314,,74.2,,,,,3.0,304.79999999999995,99.58511378744038,99.5902117384844,9.114886212559624,3.409788261515587,5.705097951044039,0.333,,,,
1976,1975-76,Playoffs,2.0,Golden State Warriors,25.6,7.0,6.0,9.0,4.0,,,,104.9,99.5,5.4,104.4,0.286,,0.515,,0.472,17.7,34.6,0.236,,67.3,,,,,13.0,1357.2,99.58511378744038,99.5902117384844,5.314886212559628,-0.0902117384844132,5.405097951044041,0.538,,,,
1976,1975-76,Playoffs,3.0,Boston Celtics,29.5,12.0,6.0,11.0,7.0,,,,97.5,94.6,2.9,101.5,0.305,,0.492,,0.461,16.2,33.1,0.199,,76.0,,,,,18.0,1827.0,99.58511378744038,99.5902117384844,-2.0851137874403776,-4.990211738484419,2.9050979510440413,0.667,,,,
1976,1975-76,Playoffs,4.0,Washington Bullets,28.2,3.0,4.0,4.0,3.0,,,,93.7,93.1,0.6,96.4,0.366,,0.494,,0.402,12.4,25.7,0.194,,68.6,,,,,7.0,674.8000000000001,99.58511378744038,99.5902117384844,-5.885113787440375,-6.490211738484419,0.6050979510440442,0.429,,,,
1976,1975-76,Playoffs,5.0,Cleveland Cavaliers,27.3,6.0,7.0,6.0,7.0,,,,95.0,95.7,-0.7,96.1,0.259,,0.469,,0.435,16.1,29.7,0.253,,70.6,,,,,13.0,1249.3,99.58511378744038,99.5902117384844,-4.585113787440378,-3.8902117384844095,-0.6949020489559672,0.462,,,,
1976,1975-76,Playoffs,6.0,Milwaukee Bucks,24.6,1.0,2.0,1.0,2.0,,,,106.6,107.5,-0.9,105.4,0.451,,0.604,,0.48,13.7,20.6,0.173,,63.0,,,,,3.0,316.20000000000005,99.58511378744038,99.5902117384844,7.014886212559617,7.909788261515587,-0.89490204895597,0.333,,,,
1976,1975-76,Playoffs,7.0,Phoenix Suns,26.2,10.0,9.0,9.0,10.0,,,,98.4,99.4,-1.0,104.4,0.332,,0.514,,0.461,17.3,28.7,0.267,,67.1,,,,,19.0,1983.6,99.58511378744038,99.5902117384844,-1.185113787440372,-0.1902117384844075,-0.9949020489559643,0.526,,,,
1976,1975-76,Playoffs,8.0,Buffalo Braves,25.5,4.0,5.0,3.0,6.0,,,,98.0,102.2,-4.2,104.1,0.317,,0.525,,0.455,14.1,23.1,0.215,,67.1,,,,,9.0,936.9,99.58511378744038,99.5902117384844,-1.5851137874403776,2.6097882615155896,-4.194902048955967,0.444,,,,
1976,1975-76,Playoffs,9.0,Detroit Pistons,26.1,4.0,5.0,3.0,6.0,,,,103.8,108.3,-4.5,105.0,0.269,,0.532,,0.49,15.7,35.3,0.258,,64.2,,,,,9.0,945.0,99.58511378744038,99.5902117384844,4.21488621255962,8.709788261515584,-4.494902048955964,0.444,,,,
1976,1975-76,Playoffs,10.0,Seattle SuperSonics,25.1,2.0,4.0,2.0,4.0,,,,101.4,106.9,-5.5,105.8,0.414,,0.529,,0.506,16.7,36.1,0.294,,67.8,,,,,6.0,634.8,99.58511378744038,99.5902117384844,1.814886212559628,7.309788261515592,-5.494902048955964,0.333,,,,
1977,1976-77,Regular Season,1.0,Portland Trail Blazers*,24.5,49.0,33.0,55.0,27.0,5.59,-0.2,5.39,103.2,98.0,5.2,108.0,0.334,,0.53,,0.46,17.2,33.4,0.255,,69.3,,Memorial Coliseum,,617.0,82.0,8856.0,99.54000170728584,99.5648597891502,3.659998292714164,-1.5648597891501907,5.224858081864355,,,,,
1977,1976-77,Regular Season,2.0,Denver Nuggets*,27.3,50.0,32.0,54.0,28.0,5.22,-0.27,4.95,100.7,96.1,4.6,111.2,0.373,,0.531,,0.463,18.2,34.2,0.211,,68.0,,McNichols Sports Arena,,872.0,82.0,9118.4,99.54000170728584,99.5648597891502,1.159998292714164,-3.4648597891501964,4.62485808186436,,,,,
1977,1976-77,Regular Season,3.0,Philadelphia 76ers*,25.6,50.0,32.0,51.0,31.0,3.94,-0.16,3.78,101.2,97.6,3.6,108.3,0.373,,0.53,,0.451,16.7,34.6,0.197,,66.0,,The Spectrum,,888.0,82.0,8880.6,99.54000170728584,99.5648597891502,1.659998292714164,-1.9648597891501964,3.62485808186436,,,,,
1977,1976-77,Regular Season,4.0,Golden State Warriors*,25.8,46.0,36.0,49.0,33.0,3.22,-0.12,3.1,102.4,99.5,2.9,107.8,0.277,,0.518,,0.47,17.2,33.0,0.224,,67.8,,Oakland-Alameda County Coliseum Arena,,630.0,82.0,8839.6,99.54000170728584,99.5648597891502,2.8599982927141667,-0.0648597891501907,2.924858081864357,,,,,
1977,1976-77,Regular Season,5.0,Los Angeles Lakers*,27.2,53.0,29.0,48.0,34.0,2.72,-0.08,2.64,101.4,98.9,2.5,104.7,0.253,,0.515,,0.452,15.6,31.0,0.194,,66.1,,The Forum,501434.0,387.0,82.0,8585.4,99.54000170728584,99.5648597891502,1.8599982927141667,-0.6648597891501851,2.524858081864352,,,,,
1977,1976-77,Regular Season,6.0,Houston Rockets*,25.8,49.0,33.0,45.0,37.0,1.61,-0.17,1.44,104.5,102.9,1.6,101.3,0.287,,0.529,,0.465,14.3,36.0,0.237,,70.1,,The Summit,,476.0,82.0,8306.6,99.54000170728584,99.5648597891502,4.959998292714161,3.335140210849815,1.624858081864346,,,,,
1977,1976-77,Regular Season,7.0,Cleveland Cavaliers*,27.4,43.0,39.0,44.0,38.0,1.12,-0.04,1.08,100.0,98.9,1.1,101.5,0.259,,0.489,,0.449,15.7,32.6,0.241,,68.1,,Coliseum at Richfield,,858.0,82.0,8323.0,99.54000170728584,99.5648597891502,0.459998292714161,-0.6648597891501851,1.124858081864346,,,,,
1977,1976-77,Regular Season,8.0,Washington Bullets*,27.4,48.0,34.0,44.0,38.0,1.02,-0.12,0.9,99.3,98.4,0.9,105.9,0.303,,0.51,,0.458,14.9,31.6,0.189,,70.3,,Capital Centre,,733.0,82.0,8683.800000000001,99.54000170728584,99.5648597891502,-0.2400017072858418,-1.164859789150185,0.9248580818643432,,,,,
1977,1976-77,Regular Season,9.0,Kansas City Kings,25.9,40.0,42.0,43.0,39.0,0.88,0.05,0.93,100.5,99.6,0.9,106.4,0.277,,0.509,,0.472,17.4,30.9,0.264,,70.3,,Kemper Arena,,418.0,82.0,8724.800000000001,99.54000170728584,99.5648597891502,0.959998292714161,0.0351402108498035,0.9248580818643576,,,,,
1977,1976-77,Regular Season,10.0,Chicago Bulls*,26.1,44.0,38.0,44.0,38.0,0.9,0.02,0.92,98.3,97.4,0.9,100.0,0.3,,0.498,,0.466,16.8,33.5,0.201,,71.9,,Chicago Stadium,,713.0,82.0,8200.0,99.54000170728584,99.5648597891502,-1.2400017072858418,-2.164859789150185,0.9248580818643432,,,,,
1977,1976-77,Regular Season,11.0,Phoenix Suns,26.6,34.0,48.0,43.0,39.0,0.73,-0.09,0.64,98.1,97.5,0.6,106.6,0.323,,0.519,,0.462,18.1,29.0,0.265,,67.9,,Arizona Veterans Memorial Coliseum,,625.0,82.0,8741.199999999999,99.54000170728584,99.5648597891502,-1.4400017072858446,-2.0648597891501907,0.6248580818643461,,,,,
1977,1976-77,Regular Season,12.0,San Antonio Spurs*,25.8,44.0,38.0,43.0,39.0,0.61,-0.08,0.53,102.5,102.0,0.5,111.8,0.329,,0.538,,0.487,16.9,29.2,0.187,,65.7,,HemisFair Arena,,581.0,82.0,9167.6,99.54000170728584,99.5648597891502,2.959998292714161,2.4351402108498093,0.5248580818643518,,,,,
1977,1976-77,Regular Season,13.0,New York Knicks,27.8,40.0,42.0,41.0,41.0,-0.01,0.03,0.01,100.1,100.1,0.0,108.1,0.276,,0.527,,0.47,15.7,26.4,0.23,,69.7,,Madison Square Garden (IV),,929.0,82.0,8864.199999999999,99.54000170728584,99.5648597891502,0.5599982927141554,0.5351402108498036,0.0248580818643517,,,,,
1977,1976-77,Regular Season,14.0,Detroit Pistons*,25.8,44.0,38.0,38.0,44.0,-1.04,0.04,-1.0,100.3,101.3,-1.0,108.8,0.252,,0.518,,0.472,17.4,30.7,0.256,,65.5,,Cobo Arena,,429.0,82.0,8921.6,99.54000170728584,99.5648597891502,0.7599982927141582,1.7351402108498064,-0.9751419181356482,,,,,
1977,1976-77,Regular Season,15.0,Seattle SuperSonics,25.0,40.0,42.0,37.0,45.0,-1.55,0.12,-1.43,96.7,98.2,-1.5,106.8,0.312,,0.491,,0.462,18.4,33.8,0.254,,65.9,,Seattle Center Coliseum,,588.0,82.0,8757.6,99.54000170728584,99.5648597891502,-2.840001707285836,-1.364859789150188,-1.4751419181356482,,,,,
1977,1976-77,Regular Season,16.0,Indiana Pacers,25.6,36.0,46.0,36.0,46.0,-1.77,0.09,-1.68,99.3,101.0,-1.7,107.1,0.293,,0.495,,0.472,17.2,33.7,0.223,,65.2,,Market Square Arena,,672.0,82.0,8782.199999999999,99.54000170728584,99.5648597891502,-0.2400017072858418,1.4351402108498093,-1.675141918135651,,,,,
1977,1976-77,Regular Season,17.0,Boston Celtics*,28.7,44.0,38.0,36.0,46.0,-1.98,0.08,-1.9,96.5,98.3,-1.8,107.5,0.281,,0.491,,0.45,13.4,31.1,0.204,,72.8,,Boston Garden,517391.0,12961.0,82.0,8815.0,99.54000170728584,99.5648597891502,-3.040001707285839,-1.2648597891501936,-1.7751419181356454,,,,,
1977,1976-77,Regular Season,18.0,New Orleans Jazz,26.1,35.0,47.0,33.0,49.0,-2.82,0.13,-2.68,97.0,99.7,-2.7,107.2,0.287,,0.501,,0.452,15.5,31.0,0.238,,68.2,,Louisiana Superdome,,963.0,82.0,8790.4,99.54000170728584,99.5648597891502,-2.540001707285839,0.1351402108498121,-2.675141918135651,,,,,
1977,1976-77,Regular Season,19.0,Milwaukee Bucks,25.0,30.0,52.0,33.0,49.0,-3.12,0.13,-2.99,100.0,102.9,-2.9,108.3,0.264,,0.508,,0.479,15.8,31.8,0.222,,66.6,,MECCA Arena,,472.0,82.0,8880.6,99.54000170728584,99.5648597891502,0.459998292714161,3.335140210849815,-2.875141918135654,,,,,
1977,1976-77,Regular Season,20.0,Atlanta Hawks,24.5,31.0,51.0,30.0,52.0,-4.06,0.19,-3.87,97.8,101.6,-3.8,104.6,0.342,,0.508,,0.478,17.0,32.9,0.267,,69.1,,Omni Coliseum,,356.0,82.0,8577.199999999999,99.54000170728584,99.5648597891502,-1.7400017072858418,2.035140210849804,-3.775141918135645,,,,,
1977,1976-77,Regular Season,21.0,Buffalo Braves,25.8,30.0,52.0,29.0,53.0,-4.44,0.16,-4.28,97.6,101.8,-4.2,107.3,0.333,,0.502,,0.478,15.5,30.8,0.177,,67.4,,Buffalo Memorial Auditorium,,626.0,82.0,8798.6,99.54000170728584,99.5648597891502,-1.9400017072858449,2.2351402108498064,-4.175141918135651,,,,,
1977,1976-77,Regular Season,22.0,New York Nets,25.8,22.0,60.0,23.0,59.0,-6.78,0.24,-6.54,92.2,98.7,-6.5,103.7,0.315,,0.478,,0.464,17.5,28.3,0.263,,68.9,,Nassau Veterans Memorial Coliseum,,339.0,82.0,8503.4,99.54000170728584,99.5648597891502,-7.340001707285836,-0.8648597891501879,-6.475141918135648,,,,,
1977,1976-77,Playoffs,1.0,Portland Trail Blazers,24.2,14.0,5.0,12.0,7.0,,,,99.5,95.2,4.3,107.3,0.295,,0.531,,0.453,17.9,27.7,0.28,,70.7,,,,,19.0,2038.7,99.97559691705143,99.99373439212376,-0.4755969170514476,-4.793734392123753,4.318137475072305,0.737,,,,
1977,1976-77,Playoffs,2.0,Golden State Warriors,25.8,5.0,5.0,6.0,4.0,,,,102.8,101.0,1.8,102.7,0.242,,0.496,,0.465,16.0,37.1,0.243,,66.5,,,,,10.0,1027.0,99.97559691705143,99.99373439212376,2.8244030829485496,1.0062656078762444,1.8181374750723047,0.5,,,,
1977,1976-77,Playoffs,3.0,Philadelphia 76ers,25.5,10.0,9.0,10.0,9.0,,,,100.3,100.1,0.2,107.3,0.367,,0.519,,0.462,16.6,28.6,0.231,,66.0,,,,,19.0,2038.7,99.97559691705143,99.99373439212376,0.3244030829485496,0.1062656078762387,0.2181374750723108,0.526,,,,
1977,1976-77,Playoffs,4.0,Houston Rockets,25.4,6.0,6.0,6.0,6.0,,,,106.1,106.0,0.1,101.7,0.255,,0.529,,0.494,14.5,37.5,0.215,,68.9,,,,,12.0,1220.4,99.97559691705143,99.99373439212376,6.124403082948547,6.006265607876244,0.1181374750723023,0.5,,,,
1977,1976-77,Playoffs,5.0,Washington Bullets,26.8,4.0,5.0,4.0,5.0,,,,100.8,101.1,-0.3,102.4,0.338,,0.51,,0.463,13.5,28.1,0.148,,66.0,,,,,9.0,921.6,99.97559691705143,99.99373439212376,0.8244030829485496,1.1062656078762387,-0.2818625249276891,0.444,,,,
1977,1976-77,Playoffs,6.0,Los Angeles Lakers,27.2,4.0,7.0,5.0,6.0,,,,99.8,100.6,-0.8,103.6,0.333,,0.517,,0.469,15.4,31.5,0.194,,68.9,,,,,11.0,1139.6,99.97559691705143,99.99373439212376,-0.1755969170514504,0.6062656078762387,-0.7818625249276892,0.364,,,,
1977,1976-77,Playoffs,7.0,Denver Nuggets,27.2,2.0,4.0,3.0,3.0,,,,97.5,99.1,-1.6,105.7,0.408,,0.501,,0.486,18.7,32.5,0.227,,71.5,,,,,6.0,634.2,99.97559691705143,99.99373439212376,-2.475596917051448,-0.8937343921237613,-1.5818625249276863,0.333,,,,
1977,1976-77,Playoffs,8.0,Boston Celtics,29.2,5.0,4.0,4.0,5.0,,,,97.1,99.1,-2.0,107.2,0.289,,0.487,,0.46,14.6,31.6,0.25,,71.3,,,,,9.0,964.8,99.97559691705143,99.99373439212376,-2.8755969170514533,-0.8937343921237613,-1.981862524927692,0.556,,,,
1977,1976-77,Playoffs,9.0,Cleveland Cavaliers,26.6,1.0,2.0,1.0,2.0,,,,91.8,94.0,-2.2,105.0,0.206,,0.433,,0.431,16.7,33.1,0.331,,77.6,,,,,3.0,315.0,99.97559691705143,99.99373439212376,-8.17559691705145,-5.993734392123756,-2.181862524927695,0.333,,,,
1977,1976-77,Playoffs,10.0,Chicago Bulls,26.3,1.0,2.0,1.0,2.0,,,,93.6,99.5,-5.9,102.6,0.378,,0.519,,0.536,18.9,37.5,0.152,,80.9,,,,,3.0,307.79999999999995,99.97559691705143,99.99373439212376,-6.375596917051453,-0.4937343921237556,-5.881862524927698,0.333,,,,
1977,1976-77,Playoffs,11.0,San Antonio Spurs,26.2,0.0,2.0,1.0,1.0,,,,93.2,99.6,-6.4,108.9,0.337,,0.48,,0.478,18.6,22.5,0.223,,65.4,,,,,2.0,217.8,99.97559691705143,99.99373439212376,-6.775596917051445,-0.3937343921237612,-6.381862524927684,0.0,,,,
1977,1976-77,Playoffs,12.0,Detroit Pistons,25.7,1.0,2.0,1.0,2.0,,,,99.1,109.9,-10.8,102.2,0.296,,0.498,,0.456,12.0,32.6,0.186,,56.9,,,,,3.0,306.6,99.97559691705143,99.99373439212376,-0.8755969170514533,9.90626560787625,-10.781862524927703,0.333,,,,
1978,1977-78,Regular Season,1.0,Portland Trail Blazers*,25.3,58.0,24.0,57.0,25.0,6.15,-0.23,5.92,103.1,97.2,5.9,104.2,0.307,,0.528,,0.449,16.3,32.0,0.239,,69.4,,Memorial Coliseum,,618.0,82.0,8544.4,100.88375638841568,100.87790459965927,2.216243611584318,-3.6779045996592856,5.894148211243603,,,,,
1978,1977-78,Regular Season,2.0,Philadelphia 76ers*,26.2,55.0,27.0,54.0,28.0,5.15,-0.27,4.87,105.0,100.3,4.7,108.4,0.383,,0.539,,0.461,16.2,34.4,0.232,,66.4,,The Spectrum,,892.0,82.0,8888.800000000001,100.88375638841568,100.87790459965927,4.116243611584324,-0.5779045996592913,4.694148211243615,,,,,
1978,1977-78,Regular Season,3.0,Phoenix Suns*,25.5,49.0,33.0,51.0,31.0,3.73,-0.24,3.5,100.3,97.0,3.3,111.4,0.297,,0.52,,0.469,18.6,29.8,0.229,,68.2,,Arizona Veterans Memorial Coliseum,,618.0,82.0,9134.8,100.88375638841568,100.87790459965927,-0.5837563884156793,-3.877904599659289,3.294148211243609,,,,,
1978,1977-78,Regular Season,4.0,San Antonio Spurs*,26.9,52.0,30.0,49.0,33.0,3.35,-0.15,3.2,104.5,101.4,3.1,109.0,0.294,,0.547,,0.472,15.7,28.6,0.185,,65.9,,HemisFair Arena,,508.0,82.0,8938.0,100.88375638841568,100.87790459965927,3.616243611584324,0.5220954003407172,3.0941482112436063,,,,,
1978,1977-78,Regular Season,5.0,Los Angeles Lakers*,25.8,45.0,37.0,48.0,34.0,2.67,-0.08,2.59,103.3,100.8,2.5,106.1,0.273,,0.526,,0.463,15.2,30.4,0.194,,66.0,,The Forum,534017.0,698.0,82.0,8700.199999999999,100.88375638841568,100.87790459965927,2.4162436115843207,-0.0779045996592913,2.494148211243612,,,,,
1978,1977-78,Regular Season,6.0,Seattle SuperSonics*,26.0,47.0,35.0,45.0,37.0,1.55,-0.06,1.48,99.2,97.7,1.5,104.8,0.305,,0.489,,0.459,16.5,35.9,0.226,,69.9,,Seattle Center Coliseum,,636.0,82.0,8593.6,100.88375638841568,100.87790459965927,-1.6837563884156737,-3.1779045996592856,1.494148211243612,,,,,
1978,1977-78,Regular Season,7.0,Washington Bullets*,27.4,44.0,38.0,43.0,39.0,0.93,-0.1,0.82,101.3,100.5,0.8,108.1,0.342,,0.506,,0.467,13.9,33.5,0.178,,70.7,,Capital Centre,,870.0,82.0,8864.199999999999,100.88375638841568,100.87790459965927,0.4162436115843206,-0.3779045996592884,0.7941482112436091,,,,,
1978,1977-78,Regular Season,8.0,Denver Nuggets*,25.2,48.0,34.0,43.0,39.0,0.83,-0.03,0.8,102.3,101.5,0.8,108.5,0.364,,0.531,,0.472,15.5,31.6,0.223,,68.3,,McNichols Sports Arena,,854.0,82.0,8897.0,100.88375638841568,100.87790459965927,1.4162436115843209,0.6220954003407115,0.7941482112436091,,,,,
1978,1977-78,Regular Season,9.0,Cleveland Cavaliers*,27.8,43.0,39.0,42.0,40.0,0.48,-0.04,0.44,99.9,99.4,0.5,103.5,0.275,,0.496,,0.456,14.7,29.9,0.207,,68.8,,Coliseum at Richfield,,1202.0,82.0,8487.0,100.88375638841568,100.87790459965927,-0.9837563884156708,-1.4779045996592828,0.4941482112436119,,,,,
1978,1977-78,Regular Season,10.0,Golden State Warriors,26.6,43.0,39.0,42.0,40.0,0.34,0.07,0.41,99.6,99.3,0.3,106.0,0.272,,0.507,,0.465,17.1,29.7,0.247,,68.9,,Oakland-Alameda County Coliseum Arena,,646.0,82.0,8692.0,100.88375638841568,100.87790459965927,-1.2837563884156822,-1.5779045996592913,0.2941482112436091,,,,,
1978,1977-78,Regular Season,11.0,Atlanta Hawks*,25.0,41.0,41.0,41.0,41.0,-0.13,0.01,-0.13,99.7,99.8,-0.1,103.3,0.319,,0.514,,0.474,19.9,30.8,0.329,,67.0,,Omni Coliseum,,415.0,82.0,8470.6,100.88375638841568,100.87790459965927,-1.1837563884156737,-1.0779045996592913,-0.1058517887563823,,,,,
1978,1977-78,Regular Season,12.0,New York Knicks*,27.0,43.0,39.0,40.0,42.0,-0.55,0.02,-0.53,101.7,102.2,-0.5,109.7,0.284,,0.528,,0.472,15.8,31.0,0.262,,68.2,,Madison Square Garden (IV),,884.0,82.0,8995.4,100.88375638841568,100.87790459965927,0.8162436115843263,1.3220954003407144,-0.505851788756388,,,,,
1978,1977-78,Regular Season,13.0,Milwaukee Bucks*,23.8,44.0,38.0,40.0,42.0,-0.59,-0.01,-0.59,101.8,102.4,-0.6,108.7,0.282,,0.52,,0.481,16.9,32.1,0.237,,66.8,,MECCA Arena,,534.0,82.0,8913.4,100.88375638841568,100.87790459965927,0.9162436115843208,1.5220954003407172,-0.6058517887563966,,,,,
1978,1977-78,Regular Season,14.0,Chicago Bulls,26.5,40.0,42.0,39.0,43.0,-0.89,0.1,-0.79,102.0,102.9,-0.9,101.5,0.351,,0.524,,0.49,15.4,34.5,0.202,,70.8,,Chicago Stadium,,728.0,82.0,8323.0,100.88375638841568,100.87790459965927,1.1162436115843235,2.022095400340717,-0.9058517887563936,,,,,
1978,1977-78,Regular Season,15.0,Detroit Pistons,25.9,38.0,44.0,38.0,44.0,-1.24,0.03,-1.22,100.3,101.5,-1.2,107.7,0.335,,0.524,,0.479,16.6,33.0,0.216,,67.6,,Cobo Arena,,290.0,82.0,8831.4,100.88375638841568,100.87790459965927,-0.5837563884156793,0.6220954003407115,-1.2058517887563909,,,,,
1978,1977-78,Regular Season,16.0,Kansas City Kings,26.1,31.0,51.0,36.0,46.0,-1.89,0.13,-1.76,100.5,102.2,-1.7,108.2,0.293,,0.514,,0.474,16.3,31.0,0.266,,68.1,,Kemper Arena,,300.0,82.0,8872.4,100.88375638841568,100.87790459965927,-0.3837563884156765,1.3220954003407144,-1.7058517887563909,,,,,
1978,1977-78,Regular Season,17.0,New Orleans Jazz,26.7,39.0,43.0,36.0,46.0,-1.87,0.06,-1.8,98.9,100.6,-1.7,108.3,0.302,,0.505,,0.461,14.5,32.3,0.209,,69.5,,Louisiana Superdome,,773.0,82.0,8880.6,100.88375638841568,100.87790459965927,-1.9837563884156708,-0.2779045996592941,-1.7058517887563769,,,,,
1978,1977-78,Regular Season,18.0,Boston Celtics,29.7,32.0,50.0,36.0,46.0,-1.95,0.09,-1.86,99.1,100.9,-1.8,105.9,0.283,,0.505,,0.456,13.9,32.4,0.226,,71.4,,Boston Garden,437937.0,12116.0,82.0,8683.800000000001,100.88375638841568,100.87790459965927,-1.7837563884156822,0.0220954003407172,-1.8058517887563996,,,,,
1978,1977-78,Regular Season,19.0,Indiana Pacers,24.7,31.0,51.0,35.0,47.0,-2.5,0.13,-2.37,99.6,101.9,-2.3,108.2,0.329,,0.5,,0.474,16.8,33.2,0.24,,66.0,,Market Square Arena,,332.0,82.0,8872.4,100.88375638841568,100.87790459965927,-1.2837563884156822,1.0220954003407172,-2.3058517887563994,,,,,
1978,1977-78,Regular Season,20.0,Buffalo Braves,27.1,27.0,55.0,31.0,51.0,-3.74,0.19,-3.55,100.3,103.8,-3.5,104.3,0.316,,0.518,,0.476,14.7,29.5,0.223,,68.3,,Buffalo Memorial Auditorium,,504.0,82.0,8552.6,100.88375638841568,100.87790459965927,-0.5837563884156793,2.9220954003407087,-3.505851788756388,,,,,
1978,1977-78,Regular Season,21.0,Houston Rockets,25.4,28.0,54.0,30.0,52.0,-4.0,0.17,-3.83,102.2,106.1,-3.9,101.3,0.247,,0.499,,0.482,14.4,34.0,0.229,,67.0,,The Summit,,616.0,82.0,8306.6,100.88375638841568,100.87790459965927,1.3162436115843263,5.222095400340706,-3.90585178875638,,,,,
1978,1977-78,Regular Season,22.0,New Jersey Nets,25.5,24.0,58.0,26.0,56.0,-5.82,0.21,-5.61,95.0,100.2,-5.2,110.9,0.288,,0.485,,0.465,17.4,30.4,0.28,,66.4,,Rutgers Athletic Center,,470.0,82.0,9093.8,100.88375638841568,100.87790459965927,-5.8837563884156765,-0.6779045996592856,-5.205851788756391,,,,,
1978,1977-78,Playoffs,1.0,Philadelphia 76ers,26.3,6.0,4.0,7.0,3.0,,,,103.9,98.8,5.1,109.0,0.367,,0.528,,0.44,14.1,32.2,0.203,,66.5,,,,,10.0,1090.0,102.97142260645111,102.98935915807056,0.9285773935488776,-4.189359158070559,5.117936551619437,0.6,,,,
1978,1977-78,Playoffs,2.0,Washington Bullets,27.5,14.0,7.0,13.0,8.0,,,,103.3,99.8,3.5,102.6,0.311,,0.495,,0.451,14.4,34.8,0.223,,68.0,,,,,21.0,2154.6,102.97142260645111,102.98935915807056,0.3285773935488691,-3.189359158070559,3.517936551619428,0.667,,,,
1978,1977-78,Playoffs,3.0,Milwaukee Bucks,23.9,5.0,4.0,5.0,4.0,,,,104.8,102.3,2.5,107.3,0.304,,0.54,,0.459,15.4,29.8,0.236,,65.9,,,,,9.0,965.7,102.97142260645111,102.98935915807056,1.8285773935488687,-0.6893591580705589,2.517936551619428,0.556,,,,
1978,1977-78,Playoffs,4.0,Seattle SuperSonics,26.0,13.0,9.0,11.0,11.0,,,,102.7,102.4,0.3,99.7,0.361,,0.498,,0.449,13.5,35.7,0.206,,65.6,,,,,22.0,2193.4,102.97142260645111,102.98935915807056,-0.2714226064511251,-0.5893591580705504,0.3179365516194252,0.591,,,,
1978,1977-78,Playoffs,5.0,San Antonio Spurs,26.6,2.0,4.0,3.0,3.0,,,,104.3,104.4,-0.1,103.4,0.24,,0.521,,0.479,12.2,30.0,0.171,,68.1,,,,,6.0,620.4000000000001,102.97142260645111,102.98935915807056,1.3285773935488692,1.4106408419294496,-0.0820634483805804,0.333,,,,
1978,1977-78,Playoffs,6.0,Portland Trail Blazers,25.7,2.0,4.0,3.0,3.0,,,,99.8,101.5,-1.7,96.9,0.281,,0.507,,0.453,15.0,25.6,0.271,,64.3,,,,,6.0,581.4000000000001,102.97142260645111,102.98935915807056,-3.171422606451131,-1.489359158070556,-1.6820634483805748,0.333,,,,
1978,1977-78,Playoffs,7.0,Denver Nuggets,25.2,6.0,7.0,5.0,8.0,,,,104.5,107.3,-2.8,105.9,0.304,,0.509,,0.476,12.7,36.9,0.258,,67.4,,,,,13.0,1376.7,102.97142260645111,102.98935915807056,1.528577393548872,4.310640841929441,-2.782063448380569,0.462,,,,
1978,1977-78,Playoffs,8.0,Los Angeles Lakers,26.7,1.0,2.0,1.0,2.0,,,,100.1,105.1,-5.0,98.9,0.224,,0.481,,0.478,14.6,42.1,0.2,,65.4,,,,,3.0,296.70000000000005,102.97142260645111,102.98935915807056,-2.8714226064511337,2.1106408419294382,-4.982063448380572,0.333,,,,
1978,1977-78,Playoffs,9.0,Phoenix Suns,25.4,0.0,2.0,1.0,1.0,,,,95.6,101.6,-6.0,100.9,0.201,,0.469,,0.535,19.0,26.0,0.236,,72.9,,,,,2.0,201.8,102.97142260645111,102.98935915807056,-7.371422606451134,-1.3893591580705618,-5.982063448380572,0.0,,,,
1978,1977-78,Playoffs,10.0,Atlanta Hawks,24.7,0.0,2.0,1.0,1.0,,,,97.1,103.5,-6.4,96.5,0.282,,0.495,,0.494,18.9,26.6,0.309,,63.5,,,,,2.0,193.0,102.97142260645111,102.98935915807056,-5.871422606451134,0.5106408419294439,-6.382063448380578,0.0,,,,
1978,1977-78,Playoffs,11.0,New York Knicks,27.0,2.0,4.0,1.0,5.0,,,,101.0,109.4,-8.4,109.5,0.24,,0.508,,0.488,15.6,31.4,0.309,,64.5,,,,,6.0,657.0,102.97142260645111,102.98935915807056,-1.971422606451128,6.41064084192945,-8.382063448380578,0.333,,,,
1978,1977-78,Playoffs,12.0,Cleveland Cavaliers,27.1,0.0,2.0,0.0,2.0,,,,106.8,116.5,-9.7,103.5,0.353,,0.511,,0.555,14.3,34.8,0.214,,63.6,,,,,2.0,207.0,102.97142260645111,102.98935915807056,3.828577393548869,13.510640841929444,-9.682063448380577,0.0,,,,
1979,1978-79,Regular Season,1.0,Washington Bullets*,28.2,54.0,28.0,53.0,29.0,4.99,-0.24,4.75,107.4,102.7,4.7,106.5,0.308,,0.527,,0.475,13.1,34.0,0.176,,70.1,,Capital Centre,,620.0,82.0,8733.0,103.84071591250914,103.85432942288686,3.559284087490866,-1.1543294228868604,4.713613510377726,,,,,
1979,1978-79,Regular Season,2.0,San Antonio Spurs*,27.3,48.0,34.0,53.0,29.0,5.18,-0.21,4.97,107.1,102.4,4.7,110.6,0.312,,0.554,,0.477,15.9,30.2,0.221,,66.9,,HemisFair Arena,,565.0,82.0,9069.2,103.84071591250914,103.85432942288686,3.259284087490854,-1.4543294228868575,4.713613510377712,,,,,
1979,1978-79,Regular Season,3.0,Phoenix Suns*,25.5,50.0,32.0,50.0,32.0,3.7,-0.15,3.55,105.7,102.4,3.3,108.5,0.306,,0.555,,0.495,17.7,30.9,0.211,,65.8,,Arizona Veterans Memorial Coliseum,,591.0,82.0,8897.0,103.84071591250914,103.85432942288686,1.8592840874908632,-1.4543294228868575,3.3136135103777207,,,,,
1979,1978-79,Regular Season,4.0,Los Angeles Lakers*,27.2,47.0,35.0,49.0,33.0,3.06,-0.12,2.95,106.1,103.2,2.9,105.9,0.282,,0.557,,0.484,15.1,27.6,0.18,,66.5,,The Forum,482611.0,663.0,82.0,8683.800000000001,103.84071591250914,103.85432942288686,2.259284087490854,-0.6543294228868604,2.913613510377715,,,,,
1979,1978-79,Regular Season,5.0,Seattle SuperSonics*,26.8,52.0,30.0,48.0,34.0,2.72,-0.03,2.69,102.7,100.1,2.6,103.4,0.307,,0.514,,0.463,15.0,34.8,0.209,,69.1,,,,,82.0,8478.800000000001,103.84071591250914,103.85432942288686,-1.1407159125091368,-3.754329422886869,2.613613510377732,,,,,
1979,1978-79,Regular Season,6.0,Kansas City Kings*,25.7,48.0,34.0,48.0,34.0,2.88,-0.15,2.73,104.5,101.9,2.6,107.3,0.313,,0.533,,0.486,18.4,31.9,0.307,,67.5,,Kemper Arena,,694.0,82.0,8798.6,103.84071591250914,103.85432942288686,0.6592840874908603,-1.9543294228868573,2.613613510377718,,,,,
1979,1978-79,Regular Season,7.0,Milwaukee Bucks,24.8,38.0,44.0,47.0,35.0,2.22,-0.1,2.12,106.0,104.0,2.0,106.5,0.26,,0.54,,0.49,16.9,32.2,0.242,,65.9,,MECCA Arena,,532.0,82.0,8733.0,103.84071591250914,103.85432942288686,2.1592840874908603,0.1456705771131368,2.0136135103777235,,,,,
1979,1978-79,Regular Season,8.0,Atlanta Hawks*,24.6,46.0,36.0,47.0,35.0,2.09,-0.16,1.92,105.6,103.6,2.0,102.5,0.342,,0.525,,0.489,18.2,36.1,0.297,,66.6,,Omni Coliseum,,261.0,82.0,8405.0,103.84071591250914,103.85432942288686,1.7592840874908546,-0.2543294228868689,2.0136135103777235,,,,,
1979,1978-79,Regular Season,9.0,Philadelphia 76ers*,26.4,47.0,35.0,46.0,36.0,1.85,-0.11,1.74,102.0,100.3,1.7,106.7,0.329,,0.535,,0.464,15.8,31.4,0.229,,68.4,,The Spectrum,,524.0,82.0,8749.4,103.84071591250914,103.85432942288686,-1.84071591250914,-3.554329422886866,1.7136135103777264,,,,,
1979,1978-79,Regular Season,10.0,Denver Nuggets*,26.2,47.0,35.0,44.0,38.0,1.28,-0.04,1.24,104.4,103.2,1.2,105.9,0.389,,0.53,,0.477,15.1,35.0,0.225,,68.1,,McNichols Sports Arena,,732.0,82.0,8683.800000000001,103.84071591250914,103.85432942288686,0.559284087490866,-0.6543294228868604,1.2136135103777264,,,,,
1979,1978-79,Regular Season,11.0,Portland Trail Blazers*,25.6,45.0,37.0,44.0,38.0,1.26,-0.14,1.12,104.3,103.1,1.2,103.4,0.322,,0.53,,0.488,16.8,34.8,0.268,,69.3,,Memorial Coliseum,,927.0,82.0,8478.800000000001,103.84071591250914,103.85432942288686,0.4592840874908575,-0.7543294228868689,1.2136135103777264,,,,,
1979,1978-79,Regular Season,12.0,Houston Rockets*,27.6,47.0,35.0,43.0,39.0,0.98,-0.06,0.92,108.7,107.7,1.0,103.8,0.311,,0.545,,0.498,14.0,35.2,0.213,,67.9,,The Summit,,503.0,82.0,8511.6,103.84071591250914,103.85432942288686,4.859284087490863,3.84567057711314,1.0136135103777235,,,,,
1979,1978-79,Regular Season,13.0,Golden State Warriors,25.2,38.0,44.0,42.0,40.0,0.38,0.08,0.46,102.4,102.0,0.4,102.2,0.251,,0.521,,0.481,16.2,31.6,0.221,,68.7,,Oakland-Alameda County Coliseum Arena,,544.0,82.0,8380.4,103.84071591250914,103.85432942288686,-1.440715912509134,-1.8543294228868632,0.4136135103777292,,,,,
1979,1978-79,Regular Season,14.0,Indiana Pacers,25.0,38.0,44.0,37.0,45.0,-1.6,0.19,-1.41,103.0,104.5,-1.5,105.3,0.308,,0.521,,0.478,15.9,32.0,0.249,,66.1,,Market Square Arena,,422.0,82.0,8634.6,103.84071591250914,103.85432942288686,-0.8407159125091397,0.6456705771131368,-1.4863864896222765,,,,,
1979,1978-79,Regular Season,15.0,San Diego Clippers,27.3,43.0,39.0,37.0,45.0,-1.78,0.02,-1.76,106.2,107.9,-1.7,106.3,0.321,,0.528,,0.491,14.7,37.5,0.226,,65.1,,San Diego Sports Arena,,443.0,82.0,8716.6,103.84071591250914,103.85432942288686,2.359284087490863,4.045670577113143,-1.686386489622279,,,,,
1979,1978-79,Regular Season,16.0,Detroit Pistons,25.4,30.0,52.0,34.0,48.0,-2.67,0.07,-2.6,102.1,104.6,-2.5,107.2,0.287,,0.513,,0.493,16.8,33.1,0.227,,64.7,,Pontiac Silverdome,,474.0,82.0,8790.4,103.84071591250914,103.85432942288686,-1.7407159125091454,0.7456705771131311,-2.4863864896222765,,,,,
1979,1978-79,Regular Season,17.0,New York Knicks,25.7,31.0,51.0,32.0,50.0,-3.38,0.09,-3.29,102.2,105.4,-3.2,104.9,0.279,,0.52,,0.483,15.4,32.5,0.256,,66.5,,Madison Square Garden (IV),,837.0,82.0,8601.800000000001,103.84071591250914,103.85432942288686,-1.6407159125091368,1.5456705771131425,-3.1863864896222798,,,,,
1979,1978-79,Regular Season,18.0,Cleveland Cavaliers,27.3,30.0,52.0,31.0,51.0,-3.72,0.15,-3.57,103.7,107.3,-3.6,102.7,0.277,,0.512,,0.503,15.9,32.2,0.257,,66.8,,Coliseum at Richfield,,560.0,82.0,8421.4,103.84071591250914,103.85432942288686,-0.1407159125091368,3.445670577113134,-3.586386489622271,,,,,
1979,1978-79,Regular Season,19.0,New Jersey Nets*,25.7,37.0,45.0,30.0,52.0,-4.17,0.17,-4.0,98.0,101.8,-3.8,109.5,0.347,,0.509,,0.48,18.3,31.8,0.296,,65.8,,Rutgers Athletic Center,,231.0,82.0,8979.0,103.84071591250914,103.85432942288686,-5.84071591250914,-2.054329422886866,-3.7863864896222736,,,,,
1979,1978-79,Regular Season,20.0,Chicago Bulls,26.2,31.0,51.0,31.0,51.0,-3.96,0.18,-3.78,101.3,105.1,-3.8,102.9,0.307,,0.532,,0.497,15.0,34.0,0.209,,69.9,,Chicago Stadium,,155.0,82.0,8437.800000000001,103.84071591250914,103.85432942288686,-2.5407159125091425,1.2456705771131311,-3.7863864896222736,,,,,
1979,1978-79,Regular Season,21.0,Boston Celtics,27.5,29.0,53.0,28.0,54.0,-5.05,0.27,-4.78,101.6,106.4,-4.8,106.5,0.316,,0.53,,0.508,15.9,31.3,0.208,,68.1,,Boston Garden,417926.0,10194.0,82.0,8733.0,103.84071591250914,103.85432942288686,-2.2407159125091454,2.5456705771131425,-4.786386489622288,,,,,
1979,1978-79,Regular Season,22.0,New Orleans Jazz,26.7,26.0,56.0,26.0,56.0,-6.24,0.28,-5.97,99.6,105.4,-5.8,108.6,0.321,,0.518,,0.481,15.1,31.7,0.207,,64.3,,Louisiana Superdome,,265.0,82.0,8905.199999999999,103.84071591250914,103.85432942288686,-4.240715912509145,1.5456705771131425,-5.786386489622288,,,,,
1979,1978-79,Playoffs,1.0,Philadelphia 76ers,26.2,5.0,4.0,5.0,4.0,,,,106.6,103.3,3.3,105.7,0.361,,0.542,,0.464,14.7,36.1,0.229,,65.4,,,,,9.0,951.3,102.50378422649516,102.50821249744058,4.096215773504824,0.7917875025594157,3.304428270945408,0.556,,,,
1979,1978-79,Playoffs,2.0,Phoenix Suns,26.0,9.0,6.0,9.0,6.0,,,,100.2,97.5,2.7,102.8,0.362,,0.517,,0.437,16.5,30.1,0.236,,62.6,,,,,15.0,1542.0,102.50378422649516,102.50821249744058,-2.303784226495168,-5.0082124974405815,2.7044282709454137,0.6,,,,
1979,1978-79,Playoffs,3.0,Seattle SuperSonics,26.8,12.0,5.0,10.0,7.0,,,,103.1,100.6,2.5,99.6,0.306,,0.503,,0.455,13.8,38.3,0.224,,70.6,,,,,17.0,1693.1999999999998,102.50378422649516,102.50821249744058,0.5962157735048237,-1.9082124974405872,2.504428270945411,0.706,,,,
1979,1978-79,Playoffs,4.0,Atlanta Hawks,24.9,5.0,4.0,5.0,4.0,,,,105.7,104.8,0.9,94.0,0.262,,0.499,,0.418,13.0,37.7,0.251,,59.8,,,,,9.0,846.0,102.50378422649516,102.50821249744058,3.196215773504832,2.291787502559416,0.9044282709454166,0.556,,,,
1979,1978-79,Playoffs,5.0,San Antonio Spurs,27.1,7.0,7.0,7.0,7.0,,,,103.7,104.2,-0.5,104.9,0.29,,0.504,,0.469,14.4,32.6,0.218,,63.9,,,,,14.0,1468.6,102.50378422649516,102.50821249744058,1.1962157735048322,1.6917875025594211,-0.4955717290545891,0.5,,,,
1979,1978-79,Playoffs,6.0,Los Angeles Lakers,27.0,3.0,5.0,4.0,4.0,,,,105.5,106.8,-1.3,101.0,0.298,,0.554,,0.479,13.7,21.4,0.22,,62.9,,,,,8.0,808.0,102.50378422649516,102.50821249744058,2.9962157735048294,4.291787502559416,-1.2955717290545865,0.375,,,,
1979,1978-79,Playoffs,7.0,Washington Bullets,28.8,9.0,10.0,9.0,10.0,,,,101.8,103.1,-1.3,98.8,0.286,,0.473,,0.452,12.0,37.5,0.201,,67.1,,,,,19.0,1877.2,102.50378422649516,102.50821249744058,-0.7037842264951735,0.5917875025594128,-1.2955717290545865,0.474,,,,
1979,1978-79,Playoffs,8.0,Denver Nuggets,25.9,1.0,2.0,1.0,2.0,,,,105.8,108.4,-2.6,104.0,0.326,,0.529,,0.517,13.0,33.1,0.232,,77.3,,,,,3.0,312.0,102.50378422649516,102.50821249744058,3.2962157735048265,5.891787502559424,-2.5955717290545977,0.333,,,,
1979,1978-79,Playoffs,9.0,Portland Trail Blazers,25.5,1.0,2.0,1.0,2.0,,,,96.2,99.5,-3.3,100.5,0.297,,0.495,,0.49,17.4,30.2,0.266,,75.8,,,,,3.0,301.5,102.50378422649516,102.50821249744058,-6.303784226495168,-3.008212497440581,-3.2955717290545863,0.333,,,,
1979,1978-79,Playoffs,10.0,Houston Rockets,28.1,0.0,2.0,1.0,1.0,,,,101.6,107.8,-6.2,96.9,0.353,,0.456,,0.456,13.3,43.2,0.236,,55.6,,,,,2.0,193.8,102.50378422649516,102.50821249744058,-0.9037842264951764,5.291787502559416,-6.195571729054592,0.0,,,,
1979,1978-79,Playoffs,11.0,Kansas City Kings,26.0,1.0,4.0,1.0,4.0,,,,92.9,99.1,-6.2,106.8,0.343,,0.464,,0.481,20.7,34.9,0.304,,68.6,,,,,5.0,534.0,102.50378422649516,102.50821249744058,-9.603784226495163,-3.408212497440587,-6.195571729054578,0.2,,,,
1979,1978-79,Playoffs,12.0,New Jersey Nets,26.4,0.0,2.0,0.0,2.0,,,,99.1,107.4,-8.3,108.5,0.322,,0.466,,0.484,17.4,37.5,0.258,,53.8,,,,,2.0,217.0,102.50378422649516,102.50821249744058,-3.4037842264951763,4.891787502559424,-8.2955717290546,0.0,,,,
1980,1979-80,Regular Season,1.0,Boston Celtics*,27.3,61.0,21.0,60.0,22.0,7.79,-0.42,7.37,109.4,101.9,7.5,102.6,0.332,0.057,0.55,,0.475,16.5,34.8,0.234,,67.8,,Boston Garden,596349.0,14490.0,82.0,8413.199999999999,105.26355177279945,105.27514993826072,4.136448227200575,-3.3751499382607197,7.511598165461294,,,,,
1980,1979-80,Regular Season,2.0,Los Angeles Lakers*,26.2,60.0,22.0,55.0,27.0,5.9,-0.51,5.4,109.5,103.9,5.6,104.1,0.284,0.014,0.569,,0.475,14.0,32.6,0.181,,66.9,,The Forum,582882.0,427.0,82.0,8536.199999999999,105.26355177279945,105.27514993826072,4.236448227200569,-1.3751499382607193,5.611598165461288,,,,,
1980,1979-80,Regular Season,3.0,Seattle SuperSonics*,27.0,56.0,26.0,53.0,29.0,4.66,-0.42,4.24,105.8,101.2,4.6,101.8,0.298,0.025,0.52,,0.463,15.4,36.4,0.221,,67.9,,,,,82.0,8347.6,105.26355177279945,105.27514993826072,0.536448227200566,-4.075149938260722,4.611598165461288,,,,,
1980,1979-80,Regular Season,4.0,Philadelphia 76ers*,27.0,59.0,23.0,52.0,30.0,4.22,-0.18,4.04,105.0,101.0,4.0,103.0,0.34,0.017,0.544,,0.46,15.5,33.5,0.217,,66.7,,The Spectrum,,1331.0,82.0,8446.0,105.26355177279945,105.27514993826072,-0.2635517727994312,-4.275149938260725,4.011598165461294,,,,,
1980,1979-80,Regular Season,5.0,Milwaukee Bucks*,25.3,49.0,33.0,51.0,31.0,3.94,-0.37,3.57,106.8,102.9,3.9,102.4,0.278,0.021,0.532,,0.467,16.2,35.2,0.229,,63.8,,MECCA Arena,,820.0,82.0,8396.800000000001,105.26355177279945,105.27514993826072,1.536448227200566,-2.3751499382607197,3.911598165461285,,,,,
1980,1979-80,Regular Season,6.0,Phoenix Suns*,26.5,55.0,27.0,50.0,32.0,3.6,-0.35,3.25,105.6,102.2,3.4,104.8,0.341,0.039,0.548,,0.483,16.5,30.4,0.213,,66.9,,Arizona Veterans Memorial Coliseum,,1674.0,82.0,8593.6,105.26355177279945,105.27514993826072,0.3364482272005631,-3.075149938260722,3.411598165461285,,,,,
1980,1979-80,Regular Season,7.0,Kansas City Kings*,25.5,47.0,35.0,49.0,33.0,3.13,-0.32,2.82,104.0,101.0,3.0,103.2,0.3,0.015,0.522,,0.479,17.9,31.0,0.273,,68.1,,Kemper Arena,,,82.0,8462.4,105.26355177279945,105.27514993826072,-1.2635517727994312,-4.275149938260725,3.0115981654612938,,,,,
1980,1979-80,Regular Season,8.0,Atlanta Hawks*,26.1,50.0,32.0,49.0,33.0,2.91,-0.09,2.83,105.2,102.3,2.9,98.9,0.376,0.011,0.523,,0.461,17.1,36.9,0.291,,65.6,,Omni Coliseum,,1182.0,82.0,8109.8,105.26355177279945,105.27514993826072,-0.0635517727994283,-2.975149938260728,2.9115981654612995,,,,,
1980,1979-80,Regular Season,9.0,Cleveland Cavaliers,27.4,37.0,45.0,42.0,40.0,0.34,0.09,0.43,106.7,106.4,0.3,105.6,0.274,0.023,0.519,,0.505,16.3,33.1,0.216,,65.9,,Coliseum at Richfield,,1189.0,82.0,8659.199999999999,105.26355177279945,105.27514993826072,1.4364482272005716,1.1248500617392807,0.3115981654612909,,,,,
1980,1979-80,Regular Season,10.0,Houston Rockets*,27.3,41.0,41.0,41.0,41.0,0.17,0.1,0.27,108.1,108.0,0.1,101.2,0.31,0.051,0.533,,0.499,16.1,37.6,0.23,,63.2,,The Summit,,955.0,82.0,8298.4,105.26355177279945,105.27514993826072,2.836448227200563,2.724850061739275,0.111598165461288,,,,,
1980,1979-80,Regular Season,11.0,San Antonio Spurs*,26.9,41.0,41.0,40.0,42.0,-0.38,0.13,-0.24,108.6,109.0,-0.4,109.5,0.327,0.027,0.553,,0.506,14.4,31.8,0.216,,66.8,,HemisFair Arena,,998.0,82.0,8979.0,105.26355177279945,105.27514993826072,3.336448227200563,3.724850061739275,-0.3884018345387119,,,,,
1980,1979-80,Regular Season,12.0,Indiana Pacers,25.3,37.0,45.0,39.0,43.0,-0.7,0.16,-0.54,105.5,106.2,-0.7,104.4,0.303,0.041,0.523,,0.493,17.0,35.4,0.23,,62.5,,Market Square Arena,,1237.0,82.0,8560.800000000001,105.26355177279945,105.27514993826072,0.2364482272005688,0.924850061739278,-0.6884018345387091,,,,,
1980,1979-80,Regular Season,13.0,Portland Trail Blazers*,26.3,38.0,44.0,39.0,43.0,-0.82,-0.05,-0.87,103.4,104.3,-0.9,98.6,0.293,0.018,0.519,,0.482,15.3,35.5,0.245,,67.9,,Memorial Coliseum,,309.0,82.0,8085.2,105.26355177279945,105.27514993826072,-1.8635517727994253,-0.9751499382607278,-0.8884018345386977,,,,,
1980,1979-80,Regular Season,14.0,New Jersey Nets,26.1,34.0,48.0,38.0,44.0,-1.17,0.19,-0.98,101.5,102.5,-1.0,106.1,0.321,0.04,0.518,,0.472,16.5,32.1,0.263,,66.4,,Rutgers Athletic Center,,572.0,82.0,8700.199999999999,105.26355177279945,105.27514993826072,-3.763551772799431,-2.775149938260725,-0.9884018345387062,,,,,
1980,1979-80,Regular Season,15.0,New York Knicks,24.1,39.0,43.0,38.0,44.0,-1.15,0.19,-0.96,106.5,107.5,-1.0,106.5,0.296,0.025,0.539,,0.498,16.4,33.7,0.263,,64.0,,Madison Square Garden (IV),,1432.0,82.0,8733.0,105.26355177279945,105.27514993826072,1.2364482272005688,2.224850061739275,-0.9884018345387062,,,,,
1980,1979-80,Regular Season,16.0,Washington Bullets*,29.0,39.0,43.0,34.0,48.0,-2.55,0.28,-2.27,103.2,105.7,-2.5,102.6,0.263,0.031,0.504,,0.469,12.3,33.3,0.218,,69.5,,Capital Centre,,1359.0,82.0,8413.199999999999,105.26355177279945,105.27514993826072,-2.0635517727994284,0.4248500617392778,-2.4884018345387062,,,,,
1980,1979-80,Regular Season,17.0,Chicago Bulls,25.9,30.0,52.0,34.0,48.0,-2.71,0.08,-2.63,104.3,107.0,-2.7,101.8,0.373,0.04,0.545,,0.5,15.7,32.2,0.251,,68.0,,Chicago Stadium,,451.0,82.0,8347.6,105.26355177279945,105.27514993826072,-0.963551772799434,1.724850061739275,-2.688401834538709,,,,,
1980,1979-80,Regular Season,18.0,San Diego Clippers,27.6,35.0,47.0,30.0,52.0,-4.15,0.18,-3.97,105.7,109.8,-4.1,101.4,0.289,0.072,0.522,,0.503,14.2,34.2,0.215,,65.4,,San Diego Sports Arena,,824.0,82.0,8314.800000000001,105.26355177279945,105.27514993826072,0.4364482272005716,4.524850061739272,-4.0884018345387005,,,,,
1980,1979-80,Regular Season,19.0,Denver Nuggets,27.1,30.0,52.0,30.0,52.0,-4.41,0.2,-4.22,103.4,107.6,-4.2,103.9,0.34,0.034,0.517,,0.497,14.4,33.6,0.224,,67.8,,McNichols Sports Arena,,422.0,82.0,8519.800000000001,105.26355177279945,105.27514993826072,-1.8635517727994253,2.3248500617392693,-4.188401834538695,,,,,
1980,1979-80,Regular Season,20.0,Golden State Warriors,26.3,24.0,58.0,29.0,53.0,-4.39,0.2,-4.2,102.0,106.3,-4.3,100.5,0.262,0.017,0.52,,0.498,15.5,31.1,0.273,,69.8,,Oakland-Alameda County Coliseum Arena,,477.0,82.0,8241.0,105.26355177279945,105.27514993826072,-3.263551772799431,1.0248500617392722,-4.288401834538703,,,,,
1980,1979-80,Regular Season,21.0,Utah Jazz,26.1,24.0,58.0,25.0,57.0,-6.01,0.31,-5.71,104.2,110.4,-6.2,97.6,0.285,0.027,0.547,,0.5,13.5,29.7,0.237,,67.1,,Salt Palace,,489.0,82.0,8003.2,105.26355177279945,105.27514993826072,-1.0635517727994284,5.124850061739281,-6.188401834538709,,,,,
1980,1979-80,Regular Season,22.0,Detroit Pistons,24.7,16.0,66.0,22.0,60.0,-8.24,0.67,-7.57,101.2,108.8,-7.6,107.1,0.283,0.029,0.523,,0.499,15.2,32.3,0.239,,64.7,,Pontiac Silverdome,,817.0,82.0,8782.199999999999,105.26355177279945,105.27514993826072,-4.063551772799428,3.524850061739272,-7.5884018345387005,,,,,
1980,1979-80,Playoffs,1.0,Boston Celtics,27.6,5.0,4.0,6.0,3.0,,,,105.1,99.2,5.9,97.4,0.281,0.063,0.529,,0.462,16.1,31.3,0.231,,70.7,,,,,9.0,876.6,104.75792622239162,104.74022827859308,0.3420737776083768,-5.540228278593062,5.882302056201439,0.556,,,,
1980,1979-80,Playoffs,2.0,Los Angeles Lakers,25.7,12.0,4.0,10.0,6.0,,,,107.6,103.4,4.2,102.2,0.286,0.012,0.534,,0.482,14.2,38.2,0.201,,72.1,,,,,16.0,1635.2,104.75792622239162,104.74022827859308,2.842073777608377,-1.3402282785930597,4.182302056201436,0.75,,,,
1980,1979-80,Playoffs,3.0,Philadelphia 76ers,26.9,12.0,6.0,10.0,8.0,,,,103.8,101.5,2.3,99.1,0.352,0.031,0.53,,0.466,15.8,28.6,0.226,,66.8,,,,,18.0,1783.8,104.75792622239162,104.74022827859308,-0.9579262223916204,-3.240228278593065,2.282302056201445,0.667,,,,
1980,1979-80,Playoffs,4.0,Milwaukee Bucks,25.7,3.0,4.0,4.0,3.0,,,,102.6,101.7,0.9,96.8,0.31,0.047,0.506,,0.452,15.7,32.1,0.234,,62.6,,,,,7.0,677.6,104.75792622239162,104.74022827859308,-2.157926222391623,-3.0402282785930623,0.8823020562014392,0.429,,,,
1980,1979-80,Playoffs,5.0,Phoenix Suns,26.4,3.0,5.0,4.0,4.0,,,,107.8,108.5,-0.7,100.4,0.263,0.077,0.538,,0.487,14.9,29.5,0.241,,61.8,,,,,8.0,803.2,104.75792622239162,104.74022827859308,3.04207377760838,3.759771721406935,-0.7176979437985551,0.375,,,,
1980,1979-80,Playoffs,6.0,Seattle SuperSonics,26.9,7.0,8.0,7.0,8.0,,,,102.8,103.6,-0.8,97.4,0.281,0.043,0.506,,0.471,14.4,36.6,0.2,,66.1,,,,,15.0,1461.0,104.75792622239162,104.74022827859308,-1.9579262223916205,-1.1402282785930709,-0.8176979437985494,0.467,,,,
1980,1979-80,Playoffs,7.0,Kansas City Kings,25.6,1.0,2.0,1.0,2.0,,,,104.0,106.8,-2.8,95.5,0.25,0.044,0.494,,0.514,12.6,35.0,0.163,,70.4,,,,,3.0,286.5,104.75792622239162,104.74022827859308,-0.7579262223916174,2.059771721406932,-2.817697943798549,0.333,,,,
1980,1979-80,Playoffs,8.0,Atlanta Hawks,26.4,1.0,4.0,2.0,3.0,,,,101.9,107.6,-5.7,95.0,0.394,0.017,0.508,,0.474,17.3,32.8,0.376,,65.0,,,,,5.0,475.0,104.75792622239162,104.74022827859308,-2.857926222391612,2.859771721406929,-5.717697943798541,0.2,,,,
1980,1979-80,Playoffs,9.0,Portland Trail Blazers,25.5,1.0,2.0,1.0,2.0,,,,103.3,109.2,-5.9,93.9,0.247,0.049,0.508,,0.474,15.0,34.1,0.248,,59.1,,,,,3.0,281.70000000000005,104.75792622239162,104.74022827859308,-1.4579262223916205,4.459771721406938,-5.917697943798558,0.333,,,,
1980,1979-80,Playoffs,10.0,Houston Rockets,27.4,2.0,5.0,2.0,5.0,,,,106.0,113.1,-7.1,96.3,0.27,0.054,0.526,,0.504,12.2,34.9,0.237,,67.7,,,,,7.0,674.1,104.75792622239162,104.74022827859308,1.2420737776083826,8.35977172140693,-7.117697943798547,0.286,,,,
1980,1979-80,Playoffs,11.0,San Antonio Spurs,26.9,1.0,2.0,1.0,2.0,,,,106.8,115.7,-8.9,97.1,0.324,0.042,0.519,,0.509,11.7,29.7,0.207,,60.6,,,,,3.0,291.29999999999995,104.75792622239162,104.74022827859308,2.04207377760838,10.959771721406938,-8.917697943798558,0.333,,,,
1980,1979-80,Playoffs,12.0,Washington Bullets,29.2,0.0,2.0,0.0,2.0,,,,100.7,112.3,-11.6,99.3,0.233,0.106,0.504,,0.458,11.4,29.3,0.345,,63.2,,,,,2.0,198.6,104.75792622239162,104.74022827859308,-4.057926222391615,7.559771721406932,-11.617697943798548,0.0,,,,
1981,1980-81,Regular Season,1.0,Philadelphia 76ers*,27.2,62.0,20.0,60.0,22.0,7.85,-0.09,7.76,107.0,99.5,7.5,103.4,0.343,0.012,0.562,,0.454,16.3,32.3,0.252,,67.1,,The Spectrum,469355.0,11448.0,82.0,8478.800000000001,105.5192314261315,105.52151152860804,1.4807685738685024,-6.021511528608031,7.502280102476533,,,,,
1981,1980-81,Regular Season,2.0,Milwaukee Bucks*,26.6,60.0,22.0,59.0,23.0,7.27,-0.13,7.14,108.7,101.8,6.9,103.6,0.313,0.018,0.546,,0.461,16.6,36.3,0.28,,65.6,,MECCA Arena,448366.0,10936.0,82.0,8495.199999999999,105.5192314261315,105.52151152860804,3.180768573868505,-3.721511528608034,6.902280102476539,,,,,
1981,1980-81,Regular Season,3.0,Boston Celtics*,27.0,62.0,20.0,56.0,26.0,5.88,0.17,6.05,108.4,102.6,5.8,100.8,0.334,0.034,0.553,,0.464,15.1,34.7,0.24,,67.0,,Boston Garden,595454.0,14914.0,82.0,8265.6,105.5192314261315,105.52151152860804,2.880768573868508,-2.921511528608036,5.802280102476544,,,,,
1981,1980-81,Regular Season,4.0,Phoenix Suns*,25.7,57.0,25.0,55.0,27.0,5.51,-0.68,4.83,104.6,99.4,5.2,104.7,0.332,0.022,0.537,,0.471,17.5,35.1,0.244,,68.2,,Arizona Veterans Memorial Coliseum,482693.0,11773.0,82.0,8585.4,105.5192314261315,105.52151152860804,-0.9192314261315032,-6.121511528608025,5.2022801024765215,,,,,
1981,1980-81,Regular Season,5.0,Los Angeles Lakers*,27.0,54.0,28.0,51.0,31.0,3.84,-0.57,3.27,107.6,103.9,3.7,102.7,0.286,0.013,0.548,,0.468,14.6,33.9,0.208,,64.4,,The Forum,538865.0,13143.0,82.0,8421.4,105.5192314261315,105.52151152860804,2.0807685738684967,-1.6215115286080248,3.7022801024765215,,,,,
1981,1980-81,Regular Season,6.0,San Antonio Spurs*,26.7,52.0,30.0,48.0,34.0,2.88,-0.7,2.18,108.5,105.7,2.8,102.9,0.367,0.012,0.545,,0.475,14.1,37.5,0.233,,68.0,,HemisFair Arena,440553.0,10757.0,82.0,8437.800000000001,105.5192314261315,105.52151152860804,2.9807685738685024,0.1784884713919723,2.80228010247653,,,,,
1981,1980-81,Regular Season,7.0,Chicago Bulls*,26.5,45.0,37.0,46.0,36.0,1.98,0.37,2.34,107.8,105.8,2.0,100.6,0.371,0.026,0.556,,0.493,15.5,36.9,0.232,,68.4,,Chicago Stadium,391118.0,9539.0,82.0,8249.199999999999,105.5192314261315,105.52151152860804,2.2807685738684995,0.2784884713919666,2.002280102476533,,,,,
1981,1980-81,Regular Season,8.0,New York Knicks*,25.1,50.0,32.0,45.0,37.0,1.62,0.38,2.0,106.0,104.4,1.6,101.0,0.329,0.033,0.533,,0.504,17.2,31.6,0.22,,65.8,,Madison Square Garden (IV),544641.0,13284.0,82.0,8282.0,105.5192314261315,105.52151152860804,0.4807685738685023,-1.1215115286080248,1.6022801024765272,,,,,
1981,1980-81,Regular Season,9.0,Indiana Pacers*,26.0,44.0,38.0,45.0,37.0,1.4,0.32,1.72,106.4,105.0,1.4,100.9,0.351,0.023,0.528,,0.492,17.0,35.5,0.248,,64.5,,Market Square Arena,415339.0,10130.0,82.0,8273.800000000001,105.5192314261315,105.52151152860804,0.880768573868508,-0.5215115286080305,1.4022801024765386,,,,,
1981,1980-81,Regular Season,10.0,Portland Trail Blazers*,25.7,45.0,37.0,43.0,39.0,0.89,-0.37,0.52,106.5,105.7,0.8,103.0,0.291,0.02,0.534,,0.49,15.8,33.9,0.246,,65.7,,Memorial Coliseum,519306.0,12666.0,82.0,8446.0,105.5192314261315,105.52151152860804,0.9807685738685024,0.1784884713919723,0.80228010247653,,,,,
1981,1980-81,Regular Season,11.0,Houston Rockets*,26.8,40.0,42.0,42.0,40.0,0.33,-0.53,-0.2,107.0,106.7,0.3,100.5,0.303,0.016,0.534,,0.496,14.7,33.9,0.214,,66.6,,The Summit,385354.0,9399.0,82.0,8241.0,105.5192314261315,105.52151152860804,1.4807685738685024,1.1784884713919723,0.30228010247653,,,,,
1981,1980-81,Regular Season,12.0,Washington Bullets,28.6,39.0,43.0,41.0,41.0,0.01,0.41,0.42,102.7,102.7,0.0,102.4,0.276,0.032,0.514,,0.472,14.3,30.5,0.212,,67.8,,Capital Centre,377238.0,9201.0,82.0,8396.800000000001,105.5192314261315,105.52151152860804,-2.819231426131495,-2.821511528608028,0.0022801024765328,,,,,
1981,1980-81,Regular Season,13.0,Kansas City Kings*,26.2,40.0,42.0,41.0,41.0,0.01,-0.51,-0.49,104.7,104.7,0.0,101.3,0.308,0.023,0.54,,0.483,15.6,29.2,0.265,,68.3,,Kemper Arena,336385.0,8205.0,82.0,8306.6,105.5192314261315,105.52151152860804,-0.8192314261314948,-0.8215115286080277,0.0022801024765328,,,,,
1981,1980-81,Regular Season,14.0,Denver Nuggets,26.8,37.0,45.0,40.0,42.0,-0.48,-0.47,-0.95,109.4,109.8,-0.4,109.8,0.383,0.018,0.537,,0.509,14.6,33.1,0.232,,65.4,,McNichols Sports Arena,423287.0,10324.0,82.0,9003.6,105.5192314261315,105.52151152860804,3.880768573868508,4.278488471391967,-0.3977198975234586,,,,,
1981,1980-81,Regular Season,15.0,Golden State Warriors,24.4,39.0,43.0,38.0,44.0,-1.18,-0.23,-1.41,108.5,109.7,-1.2,101.0,0.345,0.029,0.537,,0.507,14.4,38.8,0.25,,67.5,,Oakland-Alameda County Coliseum Arena,412969.0,10072.0,82.0,8282.0,105.5192314261315,105.52151152860804,2.9807685738685024,4.178488471391972,-1.19771989752347,,,,,
1981,1980-81,Regular Season,16.0,San Diego Clippers,27.6,36.0,46.0,37.0,45.0,-1.59,-0.2,-1.78,106.0,107.6,-1.6,100.2,0.308,0.056,0.528,,0.507,16.2,33.0,0.262,,66.3,,San Diego Sports Arena,257597.0,6283.0,82.0,8216.4,105.5192314261315,105.52151152860804,0.4807685738685023,2.078488471391964,-1.5977198975234614,,,,,
1981,1980-81,Regular Season,17.0,Seattle SuperSonics,26.8,34.0,48.0,37.0,45.0,-1.65,-0.2,-1.84,103.2,104.8,-1.6,100.3,0.333,0.016,0.521,,0.468,13.8,33.1,0.232,,66.1,,,675097.0,,82.0,8224.6,105.5192314261315,105.52151152860804,-2.319231426131495,-0.7215115286080334,-1.5977198975234614,,,,,
1981,1980-81,Regular Season,18.0,Atlanta Hawks,26.8,31.0,51.0,33.0,49.0,-3.1,0.73,-2.37,104.3,107.3,-3.0,99.4,0.377,0.012,0.537,,0.498,17.3,34.1,0.295,,64.8,,Omni Coliseum,362699.0,8846.0,82.0,8150.8,105.5192314261315,105.52151152860804,-1.2192314261315005,1.7784884713919666,-2.997719897523467,,,,,
1981,1980-81,Regular Season,19.0,Cleveland Cavaliers,25.7,28.0,54.0,29.0,53.0,-4.85,0.7,-4.15,104.3,109.1,-4.8,100.8,0.251,0.033,0.513,,0.507,15.2,33.5,0.251,,66.0,,Coliseum at Richfield,224499.0,5476.0,82.0,8265.6,105.5192314261315,105.52151152860804,-1.2192314261315005,3.578488471391964,-4.797719897523464,,,,,
1981,1980-81,Regular Season,20.0,New Jersey Nets,25.2,24.0,58.0,26.0,56.0,-6.02,0.87,-5.15,101.0,106.7,-5.7,105.2,0.324,0.019,0.525,,0.506,16.4,30.4,0.281,,69.2,,Rutgers Athletic Center,301900.0,7367.0,82.0,8626.4,105.5192314261315,105.52151152860804,-4.519231426131498,1.1784884713919723,-5.69771989752347,,,,,
1981,1980-81,Regular Season,21.0,Utah Jazz,25.3,28.0,54.0,26.0,56.0,-5.89,-0.1,-5.99,103.4,109.4,-6.0,97.7,0.305,0.024,0.536,,0.492,13.8,28.3,0.268,,66.8,,Salt Palace,307835.0,7508.0,82.0,8011.400000000001,105.5192314261315,105.52151152860804,-2.119231426131492,3.878488471391975,-5.997719897523467,,,,,
1981,1980-81,Regular Season,22.0,Detroit Pistons,24.3,21.0,61.0,24.0,58.0,-6.32,0.74,-5.58,98.1,104.3,-6.2,101.2,0.334,0.012,0.51,,0.512,18.6,33.4,0.242,,65.9,,Pontiac Silverdome,228348.0,5569.0,82.0,8298.4,105.5192314261315,105.52151152860804,-7.419231426131503,-1.2215115286080334,-6.19771989752347,,,,,
1981,1980-81,Regular Season,23.0,Dallas Mavericks,24.8,15.0,67.0,20.0,62.0,-8.4,0.07,-8.33,102.4,110.8,-8.4,98.6,0.359,0.024,0.519,,0.516,15.1,30.7,0.245,,65.0,,Reunion Arena,319347.0,7789.0,82.0,8085.2,105.5192314261315,105.52151152860804,-3.119231426131492,5.278488471391967,-8.397719897523459,,,,,
1981,1980-81,Playoffs,1.0,Boston Celtics,27.2,12.0,5.0,12.0,5.0,,,,107.9,101.6,6.3,95.8,0.316,0.031,0.529,,0.441,13.5,35.0,0.243,,66.1,,,,,17.0,1628.6,104.8005500713606,104.789296899778,3.099449928639416,-3.189296899778,6.288746828417416,0.706,,,,
1981,1980-81,Playoffs,2.0,Phoenix Suns,25.7,3.0,4.0,4.0,3.0,,,,99.9,96.9,3.0,91.8,0.342,0.029,0.497,,0.431,14.8,34.0,0.264,,69.6,,,,,7.0,642.6,104.8005500713606,104.789296899778,-4.900550071360584,-7.889296899777989,2.988746828417405,0.429,,,,
1981,1980-81,Playoffs,3.0,Milwaukee Bucks,26.7,3.0,4.0,4.0,3.0,,,,110.9,108.2,2.7,96.5,0.347,0.018,0.532,,0.482,16.6,42.3,0.332,,64.2,,,,,7.0,675.5,104.8005500713606,104.789296899778,6.099449928639416,3.4107031002220083,2.688746828417408,0.429,,,,
1981,1980-81,Playoffs,4.0,Philadelphia 76ers,27.2,9.0,7.0,8.0,8.0,,,,106.0,106.2,-0.2,98.4,0.39,0.012,0.544,,0.459,13.9,31.8,0.264,,62.9,,,,,16.0,1574.4,104.8005500713606,104.789296899778,1.1994499286394102,1.4107031002220085,-0.211253171582598,0.563,,,,
1981,1980-81,Playoffs,5.0,Houston Rockets,27.1,12.0,9.0,10.0,11.0,,,,105.0,105.5,-0.5,93.4,0.306,0.018,0.505,,0.482,14.7,33.4,0.223,,65.1,,,,,21.0,1961.4,104.8005500713606,104.789296899778,0.1994499286394102,0.7107031002220054,-0.5112531715825952,0.571,,,,
1981,1980-81,Playoffs,6.0,Los Angeles Lakers,26.6,1.0,2.0,1.0,2.0,,,,103.9,104.6,-0.7,97.5,0.388,0.016,0.509,,0.43,10.1,31.6,0.214,,66.7,,,,,3.0,292.5,104.8005500713606,104.789296899778,-0.9005500713605841,-0.1892968997780002,-0.7112531715825838,0.333,,,,
1981,1980-81,Playoffs,7.0,Portland Trail Blazers,25.8,1.0,2.0,1.0,2.0,,,,102.7,104.3,-1.6,95.9,0.254,0.014,0.515,,0.53,14.9,30.2,0.138,,74.4,,,,,3.0,287.70000000000005,104.8005500713606,104.789296899778,-2.100550071360587,-0.4892968997779974,-1.6112531715825895,0.333,,,,
1981,1980-81,Playoffs,8.0,San Antonio Spurs,26.3,3.0,4.0,3.0,4.0,,,,111.1,113.1,-2.0,97.0,0.344,0.02,0.539,,0.515,12.6,36.9,0.282,,71.3,,,,,7.0,679.0,104.8005500713606,104.789296899778,6.299449928639405,8.310703100222,-2.011253171582595,0.429,,,,
1981,1980-81,Playoffs,9.0,Kansas City Kings,26.5,7.0,8.0,6.0,9.0,,,,98.8,102.2,-3.4,91.5,0.297,0.04,0.511,,0.476,15.2,28.2,0.208,,67.0,,,,,15.0,1372.5,104.8005500713606,104.789296899778,-6.000550071360593,-2.589296899777992,-3.411253171582601,0.467,,,,
1981,1980-81,Playoffs,10.0,Chicago Bulls,26.8,2.0,4.0,2.0,4.0,,,,105.4,109.1,-3.7,96.5,0.302,0.043,0.518,,0.521,16.4,36.5,0.254,,69.7,,,,,6.0,579.0,104.8005500713606,104.789296899778,0.5994499286394159,4.310703100222,-3.711253171582584,0.333,,,,
1981,1980-81,Playoffs,11.0,New York Knicks,25.6,0.0,2.0,1.0,1.0,,,,97.2,102.8,-5.6,94.8,0.368,0.058,0.488,,0.476,17.3,32.0,0.283,,62.7,,,,,2.0,189.6,104.8005500713606,104.789296899778,-7.600550071360587,-1.9892968997779972,-5.6112531715825895,0.0,,,,
1981,1980-81,Playoffs,12.0,Indiana Pacers,26.0,0.0,2.0,0.0,2.0,,,,93.3,106.4,-13.1,103.4,0.313,0.033,0.466,,0.532,16.8,34.9,0.208,,70.0,,,,,2.0,206.8,104.8005500713606,104.789296899778,-11.500550071360593,1.6107031002220111,-13.111253171582604,0.0,,,,
1982,1981-82,Regular Season,1.0,Boston Celtics*,27.3,63.0,19.0,57.0,25.0,6.38,-0.03,6.35,109.8,103.5,6.3,101.5,0.335,0.025,0.545,,0.472,14.6,35.8,0.22,,67.6,,Boston Garden,612711.0,15057.0,82.0,8323.0,106.9227748803931,106.91648635834665,2.8772251196068908,-3.4164863583466456,6.293711477953536,,,,,
1982,1981-82,Regular Season,2.0,Philadelphia 76ers*,28.1,58.0,24.0,56.0,26.0,5.73,0.0,5.74,109.6,103.9,5.7,100.6,0.354,0.02,0.566,,0.48,16.5,30.5,0.261,,65.0,,The Spectrum,498901.0,12168.0,82.0,8249.199999999999,106.9227748803931,106.91648635834665,2.677225119606888,-3.01648635834664,5.693711477953528,,,,,
1982,1981-82,Regular Season,3.0,Milwaukee Bucks*,27.3,55.0,27.0,55.0,27.0,5.48,-0.1,5.38,107.7,102.3,5.4,100.0,0.332,0.023,0.553,,0.471,15.9,35.1,0.253,,67.3,,MECCA Arena,443288.0,10812.0,82.0,8200.0,106.9227748803931,106.91648635834665,0.7772251196068964,-4.616486358346648,5.393711477953545,,,,,
1982,1981-82,Regular Season,4.0,Los Angeles Lakers*,26.8,57.0,25.0,53.0,29.0,4.87,-0.5,4.37,110.2,105.5,4.7,103.1,0.285,0.012,0.551,,0.493,14.8,35.8,0.187,,66.3,,The Forum,605236.0,14762.0,82.0,8454.199999999999,106.9227748803931,106.91648635834665,3.2772251196068964,-1.4164863583466456,4.693711477953542,,,,,
1982,1981-82,Regular Season,5.0,Seattle SuperSonics*,26.4,52.0,30.0,52.0,30.0,4.13,-0.45,3.69,106.4,102.3,4.1,100.0,0.329,0.021,0.535,,0.464,14.4,31.3,0.214,,67.2,,,721049.0,,82.0,8200.0,106.9227748803931,106.91648635834665,-0.5227748803931007,-4.616486358346648,4.093711477953548,,,,,
1982,1981-82,Regular Season,6.0,Phoenix Suns*,26.4,46.0,36.0,50.0,32.0,3.45,-0.4,3.05,105.8,102.4,3.4,99.5,0.302,0.024,0.538,,0.47,14.6,32.2,0.233,,68.5,,Arizona Veterans Memorial Coliseum,486855.0,11871.0,82.0,8159.0,106.9227748803931,106.91648635834665,-1.1227748803931092,-4.51648635834664,3.3937114779535307,,,,,
1982,1981-82,Regular Season,7.0,San Antonio Spurs*,26.1,48.0,34.0,47.0,35.0,2.3,-0.52,1.79,109.9,107.6,2.3,102.5,0.307,0.033,0.537,,0.487,13.7,34.0,0.256,,68.8,,HemisFair Arena,434278.0,10592.0,82.0,8405.0,106.9227748803931,106.91648635834665,2.9772251196068997,0.6835136416533487,2.2937114779535506,,,,,
1982,1981-82,Regular Season,8.0,Golden State Warriors,25.1,45.0,37.0,44.0,38.0,1.04,-0.24,0.8,108.8,107.7,1.1,101.4,0.324,0.044,0.541,,0.493,14.1,34.8,0.256,,68.8,,Oakland-Alameda County Coliseum Arena,391726.0,9554.0,82.0,8314.800000000001,106.9227748803931,106.91648635834665,1.8772251196068908,0.7835136416533572,1.0937114779535335,,,,,
1982,1981-82,Regular Season,9.0,Washington Bullets*,26.0,43.0,39.0,43.0,39.0,0.88,0.19,1.06,103.3,102.5,0.8,99.4,0.294,0.033,0.524,,0.468,13.9,29.4,0.228,,69.9,,Capital Centre,379891.0,9266.0,82.0,8150.8,106.9227748803931,106.91648635834665,-3.622774880393109,-4.416486358346646,0.7937114779535364,,,,,
1982,1981-82,Regular Season,10.0,New Jersey Nets*,25.1,44.0,38.0,43.0,39.0,0.68,0.18,0.87,103.0,102.3,0.7,103.1,0.326,0.02,0.529,,0.486,18.3,33.7,0.281,,67.0,,Brendan Byrne Arena,560734.0,13676.0,82.0,8454.199999999999,106.9227748803931,106.91648635834665,-3.9227748803931055,-4.616486358346648,0.693711477953542,,,,,
1982,1981-82,Regular Season,11.0,Portland Trail Blazers,24.7,42.0,40.0,43.0,39.0,0.6,-0.21,0.39,108.8,108.2,0.6,100.5,0.332,0.019,0.547,,0.502,15.0,32.5,0.223,,65.9,,Memorial Coliseum,519306.0,12666.0,82.0,8241.0,106.9227748803931,106.91648635834665,1.8772251196068908,1.2835136416533572,0.5937114779535335,,,,,
1982,1981-82,Regular Season,12.0,Atlanta Hawks*,26.5,42.0,40.0,43.0,39.0,0.54,0.27,0.81,105.1,104.6,0.5,95.1,0.352,0.019,0.529,,0.473,15.6,32.2,0.282,,67.6,,Omni Coliseum,314593.0,7673.0,82.0,7798.2,106.9227748803931,106.91648635834665,-1.822774880393112,-2.3164863583466517,0.4937114779535392,,,,,
1982,1981-82,Regular Season,13.0,Denver Nuggets*,27.0,46.0,36.0,42.0,40.0,0.52,-0.4,0.13,114.3,113.9,0.4,109.8,0.389,0.019,0.578,,0.528,13.9,31.8,0.213,,64.3,,McNichols Sports Arena,456857.0,11143.0,82.0,9003.6,106.9227748803931,106.91648635834665,7.377225119606891,6.98351364165336,0.3937114779535307,,,,,
1982,1981-82,Regular Season,14.0,Houston Rockets*,28.3,46.0,36.0,41.0,41.0,-0.04,-0.36,-0.39,108.3,108.3,0.0,97.2,0.302,0.024,0.52,,0.5,14.3,37.8,0.209,,66.1,,The Summit,480190.0,11713.0,82.0,7970.400000000001,106.9227748803931,106.91648635834665,1.3772251196068908,1.3835136416533516,-0.0062885220464607,,,,,
1982,1981-82,Regular Season,15.0,Detroit Pistons,24.4,39.0,43.0,39.0,43.0,-0.91,0.28,-0.63,105.8,106.6,-0.8,104.3,0.349,0.029,0.534,,0.512,16.4,34.8,0.224,,66.9,,Pontiac Silverdome,391205.0,9908.0,82.0,8552.6,106.9227748803931,106.91648635834665,-1.1227748803931092,-0.3164863583466513,-0.806288522046458,,,,,
1982,1981-82,Regular Season,16.0,Indiana Pacers,27.0,35.0,47.0,36.0,46.0,-1.87,0.38,-1.49,102.7,104.6,-1.9,98.7,0.304,0.044,0.516,,0.494,15.9,30.5,0.221,,66.3,,Market Square Arena,309633.0,7552.0,82.0,8093.400000000001,106.9227748803931,106.91648635834665,-4.222774880393104,-2.3164863583466517,-1.9062885220464525,,,,,
1982,1981-82,Regular Season,17.0,Chicago Bulls,26.5,34.0,48.0,36.0,46.0,-2.02,0.45,-1.57,106.6,108.6,-2.0,99.0,0.378,0.032,0.557,,0.499,13.2,33.6,0.207,,69.0,,Chicago Stadium,372613.0,9088.0,82.0,8118.0,106.9227748803931,106.91648635834665,-0.3227748803931121,1.6835136416533487,-2.006288522046461,,,,,
1982,1981-82,Regular Season,18.0,New York Knicks,28.0,33.0,49.0,34.0,48.0,-2.67,0.52,-2.15,106.0,108.6,-2.6,99.5,0.302,0.03,0.535,,0.508,15.4,33.1,0.255,,66.9,,Madison Square Garden (IV),451140.0,11003.0,82.0,8159.0,106.9227748803931,106.91648635834665,-0.9227748803931064,1.6835136416533487,-2.606288522046455,,,,,
1982,1981-82,Regular Season,19.0,Kansas City Kings,24.0,30.0,52.0,33.0,49.0,-3.1,-0.15,-3.25,104.2,107.2,-3.0,101.8,0.296,0.018,0.533,,0.504,16.5,29.9,0.287,,66.0,,Kemper Arena,305665.0,7455.0,82.0,8347.6,106.9227748803931,106.91648635834665,-2.722774880393104,0.2835136416533572,-3.006288522046461,,,,,
1982,1981-82,Regular Season,20.0,Dallas Mavericks,24.4,28.0,54.0,29.0,53.0,-4.43,-0.06,-4.48,105.9,110.4,-4.5,98.5,0.328,0.026,0.519,,0.51,14.5,33.9,0.266,,66.8,,Reunion Arena,380484.0,9280.0,82.0,8077.0,106.9227748803931,106.91648635834665,-1.0227748803931007,3.48351364165336,-4.506288522046461,,,,,
1982,1981-82,Regular Season,21.0,Utah Jazz,24.9,25.0,57.0,27.0,55.0,-5.66,0.03,-5.63,106.2,111.7,-5.5,103.9,0.306,0.013,0.538,,0.513,14.1,30.6,0.244,,65.3,,Salt Palace,311779.0,7353.0,82.0,8519.800000000001,106.9227748803931,106.91648635834665,-0.7227748803931036,4.783513641653357,-5.506288522046461,,,,,
1982,1981-82,Regular Season,22.0,San Diego Clippers,25.4,17.0,65.0,23.0,59.0,-7.39,0.34,-7.05,106.6,113.8,-7.2,101.4,0.33,0.048,0.547,,0.529,13.9,33.2,0.28,,68.0,,San Diego Sports Arena,225036.0,5489.0,82.0,8314.800000000001,106.9227748803931,106.91648635834665,-0.3227748803931121,6.883513641653352,-7.206288522046464,,,,,
1982,1981-82,Regular Season,23.0,Cleveland Cavaliers,26.1,15.0,67.0,20.0,62.0,-8.51,0.74,-7.77,103.3,111.8,-8.5,99.3,0.297,0.019,0.51,,0.515,14.7,32.0,0.271,,65.9,,Coliseum at Richfield,232421.0,5742.0,82.0,8142.599999999999,106.9227748803931,106.91648635834665,-3.622774880393109,4.883513641653352,-8.50628852204646,,,,,
1982,1981-82,Playoffs,1.0,Los Angeles Lakers,27.0,12.0,2.0,10.0,4.0,,,,111.9,106.0,5.9,103.1,0.316,0.009,0.555,,0.477,13.1,38.5,0.193,,66.0,,,,,14.0,1443.4,106.34538486486488,106.3314908108108,5.554615135135137,-0.3314908108108056,5.886105945945943,0.857,,,,
1982,1981-82,Playoffs,2.0,Boston Celtics,27.2,7.0,5.0,8.0,4.0,,,,105.4,99.8,5.6,97.9,0.345,0.025,0.513,,0.435,14.7,39.3,0.252,,67.6,,,,,12.0,1174.8000000000002,106.34538486486488,106.3314908108108,-0.9453848648648632,-6.5314908108108085,5.5861059459459455,0.583,,,,
1982,1981-82,Playoffs,3.0,Seattle SuperSonics,27.3,3.0,5.0,5.0,3.0,,,,105.1,102.7,2.4,94.7,0.339,0.019,0.502,,0.438,12.6,34.1,0.218,,64.9,,,,,8.0,757.6,106.34538486486488,106.3314908108108,-1.2453848648648744,-3.631490810810803,2.3861059459459284,0.375,,,,
1982,1981-82,Playoffs,4.0,Philadelphia 76ers,27.7,12.0,9.0,11.0,10.0,,,,107.3,106.0,1.3,98.0,0.339,0.019,0.539,,0.473,15.7,33.4,0.255,,60.1,,,,,21.0,2058.0,106.34538486486488,106.3314908108108,0.9546151351351284,-0.3314908108108056,1.286105945945934,0.571,,,,
1982,1981-82,Playoffs,5.0,Denver Nuggets,27.0,1.0,2.0,1.0,2.0,,,,112.6,114.2,-1.6,106.0,0.285,0.027,0.547,,0.538,14.4,31.1,0.192,,61.9,,,,,3.0,318.0,106.34538486486488,106.3314908108108,6.254615135135126,7.868509189189197,-1.6138940540540716,0.333,,,,
1982,1981-82,Playoffs,6.0,Washington Bullets,25.6,3.0,4.0,3.0,4.0,,,,100.2,101.8,-1.6,95.6,0.31,0.04,0.493,,0.462,14.0,32.1,0.238,,66.8,,,,,7.0,669.1999999999999,106.34538486486488,106.3314908108108,-6.145384864864866,-4.5314908108108085,-1.6138940540540574,0.429,,,,
1982,1981-82,Playoffs,7.0,Milwaukee Bucks,27.3,2.0,4.0,2.0,4.0,,,,109.3,113.0,-3.7,93.8,0.405,0.049,0.531,,0.531,15.3,38.3,0.281,,66.0,,,,,6.0,562.8,106.34538486486488,106.3314908108108,2.9546151351351284,6.668509189189194,-3.713894054054066,0.333,,,,
1982,1981-82,Playoffs,8.0,San Antonio Spurs,26.1,4.0,5.0,3.0,6.0,,,,105.4,109.5,-4.1,101.9,0.302,0.033,0.507,,0.489,13.0,35.1,0.275,,69.5,,,,,9.0,917.1,106.34538486486488,106.3314908108108,-0.9453848648648632,3.1685091891891943,-4.113894054054057,0.444,,,,
1982,1981-82,Playoffs,9.0,Houston Rockets,28.7,1.0,2.0,1.0,2.0,,,,101.2,107.0,-5.8,86.0,0.225,0.033,0.438,,0.432,9.8,36.8,0.186,,59.6,,,,,3.0,258.0,106.34538486486488,106.3314908108108,-5.145384864864866,0.6685091891891943,-5.81389405405406,0.333,,,,
1982,1981-82,Playoffs,10.0,Phoenix Suns,26.5,2.0,5.0,2.0,5.0,,,,106.7,113.0,-6.3,103.1,0.236,0.032,0.524,,0.521,14.7,34.1,0.225,,62.5,,,,,7.0,721.6999999999999,106.34538486486488,106.3314908108108,0.3546151351351341,6.668509189189194,-6.31389405405406,0.286,,,,
1982,1981-82,Playoffs,11.0,New Jersey Nets,24.4,0.0,2.0,0.0,2.0,,,,90.9,103.3,-12.4,96.3,0.236,0.052,0.456,,0.488,18.6,31.0,0.269,,69.2,,,,,2.0,192.6,106.34538486486488,106.3314908108108,-15.445384864864865,-3.0314908108108085,-12.413894054054056,0.0,,,,
1982,1981-82,Playoffs,12.0,Atlanta Hawks,26.1,0.0,2.0,0.0,2.0,,,,91.9,112.3,-20.4,88.4,0.4,0.02,0.485,,0.541,16.2,30.6,0.248,,65.2,,,,,2.0,176.8,106.34538486486488,106.3314908108108,-14.445384864864865,5.968509189189192,-20.41389405405405,0.0,,,,
1983,1982-83,Regular Season,1.0,Philadelphia 76ers*,26.7,65.0,17.0,60.0,22.0,7.67,-0.14,7.53,108.3,100.9,7.4,102.7,0.367,0.015,0.549,,0.464,15.8,37.1,0.217,,66.2,,The Spectrum,612203.0,15351.0,82.0,8421.4,104.7331012951947,104.73891490528624,3.566898704805297,-3.838914905286245,7.405813610091542,,,,,
1983,1982-83,Regular Season,2.0,Los Angeles Lakers*,26.9,58.0,24.0,55.0,27.0,5.55,-0.49,5.06,110.5,105.2,5.3,103.8,0.27,0.013,0.561,,0.494,15.5,36.3,0.191,,65.3,,The Forum,598739.0,14603.0,82.0,8511.6,104.7331012951947,104.73891490528624,5.7668987048053,0.4610850947137521,5.305813610091548,,,,,
1983,1982-83,Regular Season,3.0,Boston Celtics*,27.3,56.0,26.0,55.0,27.0,5.35,-0.01,5.34,106.9,101.8,5.1,104.0,0.311,0.025,0.536,,0.473,16.0,34.7,0.236,,68.1,,Boston Garden,621829.0,15320.0,82.0,8528.0,104.7331012951947,104.73891490528624,2.166898704805305,-2.938914905286253,5.105813610091559,,,,,
1983,1982-83,Regular Season,4.0,Phoenix Suns*,26.6,53.0,29.0,54.0,28.0,5.06,-0.45,4.61,105.1,100.1,5.0,101.6,0.306,0.022,0.54,,0.458,15.9,32.0,0.235,,67.5,,Arizona Veterans Memorial Coliseum,465603.0,11356.0,82.0,8331.199999999999,104.7331012951947,104.73891490528624,0.3668987048052941,-4.638914905286256,5.005813610091551,,,,,
1983,1982-83,Regular Season,5.0,Milwaukee Bucks*,28.1,51.0,31.0,53.0,29.0,4.4,-0.08,4.32,105.8,101.4,4.4,100.0,0.322,0.024,0.537,,0.459,15.5,31.8,0.228,,65.5,,MECCA Arena,425572.0,10380.0,82.0,8200.0,104.7331012951947,104.73891490528624,1.066898704805297,-3.338914905286245,4.405813610091542,,,,,
1983,1982-83,Regular Season,6.0,San Antonio Spurs*,27.2,53.0,29.0,50.0,32.0,3.66,-0.56,3.1,110.1,106.6,3.5,103.3,0.336,0.042,0.556,,0.489,14.4,35.3,0.228,,69.1,,HemisFair Arena,379876.0,9265.0,82.0,8470.6,104.7331012951947,104.73891490528624,5.366898704805294,1.861085094713744,3.5058136100915505,,,,,
1983,1982-83,Regular Season,7.0,Seattle SuperSonics*,27.4,48.0,34.0,49.0,33.0,3.21,-0.33,2.88,105.9,102.8,3.1,103.2,0.338,0.019,0.539,,0.464,14.3,32.5,0.21,,66.2,,,539622.0,,82.0,8462.4,104.7331012951947,104.73891490528624,1.1668987048053054,-1.938914905286253,3.105813610091559,,,,,
1983,1982-83,Regular Season,8.0,New Jersey Nets*,25.2,49.0,33.0,49.0,33.0,2.77,0.01,2.77,101.6,98.9,2.7,104.0,0.322,0.021,0.532,,0.481,18.9,36.8,0.251,,68.8,,Brendan Byrne Arena,530801.0,12946.0,82.0,8528.0,104.7331012951947,104.73891490528624,-3.133101295194706,-5.838914905286245,2.705813610091539,,,,,
1983,1982-83,Regular Season,9.0,New York Knicks*,26.5,44.0,38.0,48.0,34.0,2.45,0.13,2.58,102.4,99.9,2.5,97.0,0.336,0.019,0.526,,0.478,18.1,31.6,0.257,,67.8,,Madison Square Garden (IV),438823.0,10703.0,82.0,7954.0,104.7331012951947,104.73891490528624,-2.3331012951946946,-4.838914905286245,2.5058136100915505,,,,,
1983,1982-83,Regular Season,10.0,Portland Trail Blazers*,25.5,46.0,36.0,47.0,35.0,2.13,-0.25,1.88,106.0,103.9,2.1,101.0,0.353,0.021,0.535,,0.49,16.0,33.3,0.218,,67.9,,Memorial Coliseum,483974.0,11786.0,82.0,8282.0,104.7331012951947,104.73891490528624,1.2668987048052998,-0.838914905286245,2.1058136100915448,,,,,
1983,1982-83,Regular Season,11.0,Kansas City Kings,24.5,45.0,37.0,45.0,37.0,1.45,-0.41,1.04,106.2,104.9,1.3,106.6,0.338,0.029,0.542,,0.49,16.8,34.3,0.291,,65.8,,Kemper Arena,309597.0,7772.0,82.0,8741.199999999999,104.7331012951947,104.73891490528624,1.4668987048053026,0.1610850947137549,1.3058136100915476,,,,,
1983,1982-83,Regular Season,12.0,Denver Nuggets*,27.2,45.0,37.0,42.0,40.0,0.62,-0.36,0.27,109.7,109.1,0.6,112.1,0.337,0.016,0.55,,0.509,15.1,31.0,0.22,,64.8,,McNichols Sports Arena,491253.0,11982.0,82.0,9192.2,104.7331012951947,104.73891490528624,4.966898704805303,4.361085094713744,0.605813610091559,,,,,
1983,1982-83,Regular Season,13.0,Washington Bullets,25.8,42.0,40.0,41.0,41.0,-0.13,0.33,0.2,99.1,99.3,-0.2,99.4,0.292,0.034,0.511,,0.471,16.2,30.4,0.214,,68.6,,Capital Centre,368281.0,8983.0,82.0,8150.8,104.7331012951947,104.73891490528624,-5.633101295194706,-5.4389149052862535,-0.1941863899084523,,,,,
1983,1982-83,Regular Season,14.0,Detroit Pistons,24.6,37.0,45.0,40.0,42.0,-0.4,0.24,-0.17,105.4,105.8,-0.4,105.8,0.34,0.036,0.529,,0.496,15.4,33.6,0.214,,66.2,,Pontiac Silverdome,482571.0,11770.0,82.0,8675.6,104.7331012951947,104.73891490528624,0.6668987048053054,1.0610850947137465,-0.394186389908441,,,,,
1983,1982-83,Regular Season,15.0,Dallas Mavericks,24.2,38.0,44.0,40.0,42.0,-0.41,-0.29,-0.7,109.4,109.8,-0.4,102.8,0.326,0.025,0.535,,0.506,14.0,34.8,0.228,,66.2,,Reunion Arena,487155.0,11882.0,82.0,8429.6,104.7331012951947,104.73891490528624,4.666898704805305,5.0610850947137465,-0.394186389908441,,,,,
1983,1982-83,Regular Season,16.0,Atlanta Hawks*,26.6,43.0,39.0,38.0,44.0,-0.95,0.23,-0.72,102.2,103.2,-1.0,98.9,0.295,0.026,0.516,,0.473,15.2,30.7,0.223,,65.1,,Omni Coliseum,292126.0,7125.0,82.0,8109.8,104.7331012951947,104.73891490528624,-2.5331012951946974,-1.538914905286248,-0.9941863899084497,,,,,
1983,1982-83,Regular Season,17.0,Golden State Warriors,24.7,30.0,52.0,32.0,50.0,-3.62,0.14,-3.48,103.9,107.4,-3.5,104.0,0.293,0.02,0.526,,0.513,16.9,33.9,0.241,,64.6,,Oakland-Alameda County Coliseum Arena,341365.0,8326.0,82.0,8528.0,104.7331012951947,104.73891490528624,-0.8331012951946946,2.661085094713755,-3.494186389908449,,,,,
1983,1982-83,Regular Season,18.0,Utah Jazz,25.8,30.0,52.0,30.0,52.0,-4.2,-0.03,-4.22,101.2,105.1,-3.9,107.3,0.332,0.025,0.531,,0.481,15.2,29.0,0.208,,63.9,,Salt Palace,355219.0,8664.0,82.0,8798.6,104.7331012951947,104.73891490528624,-3.5331012951946974,0.3610850947137436,-3.894186389908441,,,,,
1983,1982-83,Regular Season,19.0,Chicago Bulls,24.5,28.0,54.0,29.0,53.0,-4.89,0.48,-4.41,103.4,108.0,-4.6,106.1,0.365,0.028,0.532,,0.498,14.3,34.0,0.237,,67.9,,Chicago Stadium,296411.0,7230.0,82.0,8700.199999999999,104.7331012951947,104.73891490528624,-1.3331012951946946,3.2610850947137493,-4.594186389908444,,,,,
1983,1982-83,Regular Season,20.0,San Diego Clippers,24.8,25.0,57.0,29.0,53.0,-4.83,0.22,-4.61,104.7,109.3,-4.6,103.0,0.288,0.034,0.518,,0.531,17.6,37.1,0.284,,65.8,,San Diego Sports Arena,195883.0,4778.0,82.0,8446.0,104.7331012951947,104.73891490528624,-0.0331012951946974,4.5610850947137465,-4.594186389908444,,,,,
1983,1982-83,Regular Season,21.0,Indiana Pacers,24.9,20.0,62.0,27.0,55.0,-5.85,0.49,-5.36,103.8,109.4,-5.6,103.9,0.247,0.031,0.52,,0.52,16.4,33.6,0.249,,65.5,,Market Square Arena,188642.0,4601.0,82.0,8519.800000000001,104.7331012951947,104.73891490528624,-0.9331012951947032,4.661085094713755,-5.594186389908458,,,,,
1983,1982-83,Regular Season,22.0,Cleveland Cavaliers,26.4,23.0,59.0,22.0,60.0,-7.44,0.66,-6.78,99.2,106.8,-7.6,97.6,0.283,0.017,0.506,,0.492,13.8,33.0,0.258,,71.3,,Coliseum at Richfield,160537.0,3916.0,82.0,8003.2,104.7331012951947,104.73891490528624,-5.533101295194697,2.0610850947137465,-7.594186389908444,,,,,
1983,1982-83,Regular Season,23.0,Houston Rockets,29.0,14.0,68.0,14.0,68.0,-11.6,0.48,-11.12,97.0,108.3,-11.3,102.2,0.26,0.036,0.491,,0.505,15.4,30.8,0.246,,65.4,,The Summit,291315.0,7105.0,82.0,8380.4,104.7331012951947,104.73891490528624,-7.7331012951947,3.5610850947137465,-11.294186389908448,,,,,
1983,1982-83,Playoffs,1.0,Philadelphia 76ers,27.4,12.0,1.0,9.0,4.0,,,,108.0,101.4,6.6,97.2,0.363,0.009,0.539,,0.459,15.4,36.8,0.224,,66.0,,,,,13.0,1263.6,106.1006055965474,106.08857255557102,1.899394403452604,-4.688572555571014,6.587966959023618,0.923,,,,
1983,1982-83,Playoffs,2.0,San Antonio Spurs,27.6,6.0,5.0,7.0,4.0,,,,110.8,106.9,3.9,108.1,0.251,0.054,0.55,,0.492,13.5,33.7,0.227,,71.0,,,,,11.0,1189.1,106.1006055965474,106.08857255557102,4.699394403452601,0.8114274444289862,3.887966959023615,0.545,,,,
1983,1982-83,Playoffs,3.0,Milwaukee Bucks,28.0,5.0,4.0,5.0,4.0,,,,105.7,102.8,2.9,94.9,0.302,0.027,0.511,,0.471,14.8,37.6,0.223,,68.0,,,,,9.0,854.1,106.1006055965474,106.08857255557102,-0.4006055965473933,-3.2885725555710223,2.887966959023629,0.556,,,,
1983,1982-83,Playoffs,4.0,Los Angeles Lakers,27.7,8.0,7.0,8.0,7.0,,,,108.1,107.5,0.6,100.8,0.287,0.027,0.542,,0.497,15.0,33.3,0.209,,63.9,,,,,15.0,1512.0,106.1006055965474,106.08857255557102,1.999394403452598,1.4114274444289805,0.5879669590236176,0.533,,,,
1983,1982-83,Playoffs,5.0,New York Knicks,27.0,2.0,4.0,3.0,3.0,,,,107.0,107.8,-0.8,97.1,0.371,0.039,0.543,,0.494,15.2,30.9,0.248,,63.3,,,,,6.0,582.5999999999999,106.1006055965474,106.08857255557102,0.8993944034526038,1.7114274444289777,-0.8120330409763739,0.333,,,,
1983,1982-83,Playoffs,6.0,Portland Trail Blazers,25.5,3.0,4.0,3.0,4.0,,,,106.8,108.0,-1.2,97.6,0.325,0.018,0.531,,0.494,12.9,30.1,0.207,,65.3,,,,,7.0,683.1999999999999,106.1006055965474,106.08857255557102,0.699394403452601,1.9114274444289805,-1.2120330409763795,0.429,,,,
1983,1982-83,Playoffs,7.0,Phoenix Suns,26.6,1.0,2.0,1.0,2.0,,,,105.2,107.1,-1.9,101.7,0.245,0.026,0.49,,0.502,12.7,32.2,0.204,,74.5,,,,,3.0,305.1,106.1006055965474,106.08857255557102,-0.9006055965473934,1.0114274444289748,-1.912033040976368,0.333,,,,
1983,1982-83,Playoffs,8.0,Boston Celtics,27.4,2.0,5.0,3.0,4.0,,,,99.7,103.0,-3.3,96.3,0.261,0.04,0.486,,0.466,13.9,31.7,0.229,,68.3,,,,,7.0,674.1,106.1006055965474,106.08857255557102,-6.400605596547393,-3.0885725555710195,-3.312033040976374,0.286,,,,
1983,1982-83,Playoffs,9.0,Denver Nuggets,26.7,3.0,5.0,2.0,6.0,,,,103.9,110.7,-6.8,109.7,0.282,0.028,0.529,,0.497,11.5,25.3,0.196,,69.0,,,,,8.0,877.6,106.1006055965474,106.08857255557102,-2.2006055965473905,4.611427444428983,-6.812033040976374,0.375,,,,
1983,1982-83,Playoffs,10.0,Atlanta Hawks,26.5,1.0,2.0,1.0,2.0,,,,92.8,101.4,-8.6,96.6,0.287,0.016,0.483,,0.436,14.3,24.3,0.201,,63.6,,,,,3.0,289.79999999999995,106.1006055965474,106.08857255557102,-13.3006055965474,-4.688572555571014,-8.612033040976385,0.333,,,,
1983,1982-83,Playoffs,11.0,New Jersey Nets,24.9,0.0,2.0,0.0,2.0,,,,105.6,114.3,-8.7,97.6,0.278,0.044,0.51,,0.534,15.8,39.1,0.309,,65.8,,,,,2.0,195.2,106.1006055965474,106.08857255557102,-0.5006055965474019,8.211427444428978,-8.71203304097638,0.0,,,,
1983,1982-83,Playoffs,12.0,Seattle SuperSonics,27.8,0.0,2.0,0.0,2.0,,,,99.9,110.3,-10.4,96.6,0.256,0.031,0.445,,0.481,11.0,36.3,0.352,,75.3,,,,,2.0,193.2,106.1006055965474,106.08857255557102,-6.200605596547391,4.211427444428978,-10.412033040976368,0.0,,,,
1984,1983-84,Regular Season,1.0,Boston Celtics*,28.0,62.0,20.0,57.0,25.0,6.56,-0.14,6.42,110.9,104.4,6.5,99.7,0.333,0.032,0.554,,0.475,13.8,34.2,0.225,,69.7,,Boston Garden,606857.0,14890.0,82.0,8175.400000000001,107.64789951989026,107.65979938271605,3.252100480109746,-3.2597993827160394,6.511899862825786,,,,,
1984,1983-84,Regular Season,2.0,Milwaukee Bucks*,28.4,50.0,32.0,52.0,30.0,4.16,-0.12,4.04,107.8,103.6,4.2,96.9,0.338,0.033,0.541,,0.459,14.7,33.7,0.266,,65.6,,MECCA Arena,393301.0,9593.0,82.0,7945.8,107.64789951989026,107.65979938271605,0.1521004801097376,-4.059799382716051,4.211899862825788,,,,,
1984,1983-84,Regular Season,3.0,New York Knicks*,27.2,47.0,35.0,51.0,31.0,3.84,-0.05,3.79,107.0,103.1,3.9,99.0,0.367,0.024,0.552,,0.491,17.8,33.4,0.281,,68.1,,Madison Square Garden (IV),487649.0,12100.0,82.0,8118.0,107.64789951989026,107.65979938271605,-0.6478995198902595,-4.559799382716051,3.9118998628257913,,,,,
1984,1983-84,Regular Season,4.0,Los Angeles Lakers*,27.5,54.0,28.0,50.0,32.0,3.76,-0.44,3.32,110.9,107.3,3.6,103.7,0.313,0.031,0.574,,0.487,14.3,33.7,0.232,,66.6,,The Forum,622401.0,15181.0,82.0,8503.4,107.64789951989026,107.65979938271605,3.252100480109746,-0.3597993827160479,3.611899862825794,,,,,
1984,1983-84,Regular Season,5.0,Portland Trail Blazers*,25.8,48.0,34.0,50.0,32.0,3.55,-0.42,3.13,111.2,107.7,3.5,101.1,0.367,0.018,0.556,,0.518,17.0,36.4,0.259,,67.4,,Memorial Coliseum,518306.0,12642.0,82.0,8290.199999999999,107.64789951989026,107.65979938271605,3.5521004801097438,0.0402006172839577,3.5118998628257856,,,,,
1984,1983-84,Regular Season,6.0,Detroit Pistons*,25.4,49.0,33.0,50.0,32.0,3.59,-0.06,3.52,111.5,108.1,3.4,103.8,0.322,0.018,0.532,,0.5,14.8,36.7,0.263,,67.7,,Pontiac Silverdome,652865.0,15924.0,82.0,8511.6,107.64789951989026,107.65979938271605,3.852100480109741,0.4402006172839492,3.4118998628257917,,,,,
1984,1983-84,Regular Season,7.0,Philadelphia 76ers*,27.7,52.0,30.0,47.0,35.0,2.2,0.2,2.39,106.8,104.6,2.2,99.6,0.396,0.016,0.551,,0.484,16.0,34.6,0.246,,65.9,,The Spectrum,588139.0,14345.0,82.0,8167.2,107.64789951989026,107.65979938271605,-0.8478995198902624,-3.059799382716051,2.2118998628257884,,,,,
1984,1983-84,Regular Season,8.0,New Jersey Nets*,25.5,45.0,37.0,44.0,38.0,1.1,0.17,1.27,106.1,105.0,1.1,103.0,0.343,0.032,0.54,,0.494,17.0,34.6,0.292,,67.8,,Brendan Byrne Arena,499496.0,12182.0,82.0,8446.0,107.64789951989026,107.65979938271605,-1.5478995198902652,-2.659799382716045,1.11189986282578,,,,,
1984,1983-84,Regular Season,9.0,Utah Jazz*,26.9,45.0,37.0,44.0,38.0,1.13,-0.32,0.81,109.0,108.0,1.0,104.9,0.374,0.044,0.559,,0.479,13.9,30.8,0.229,,63.4,,Salt Palace,400065.0,10347.0,82.0,8601.800000000001,107.64789951989026,107.65979938271605,1.3521004801097405,0.3402006172839549,1.0118998628257856,,,,,
1984,1983-84,Regular Season,10.0,Phoenix Suns*,27.2,41.0,41.0,43.0,39.0,0.89,-0.24,0.65,108.9,108.0,0.9,101.4,0.305,0.04,0.556,,0.501,15.3,31.4,0.277,,68.3,,Arizona Veterans Memorial Coliseum,445788.0,10873.0,82.0,8314.800000000001,107.64789951989026,107.65979938271605,1.2521004801097462,0.3402006172839549,0.9118998628257912,,,,,
1984,1983-84,Regular Season,11.0,Dallas Mavericks*,24.7,43.0,39.0,42.0,40.0,0.43,-0.27,0.15,110.0,109.6,0.4,99.0,0.325,0.025,0.547,,0.503,14.4,31.7,0.232,,65.7,,Reunion Arena,538162.0,13126.0,82.0,8118.0,107.64789951989026,107.65979938271605,2.3521004801097405,1.9402006172839488,0.4118998628257913,,,,,
1984,1983-84,Regular Season,12.0,Seattle SuperSonics*,27.1,42.0,40.0,41.0,41.0,-0.17,-0.17,-0.34,107.9,108.1,-0.2,99.7,0.347,0.02,0.543,,0.492,13.8,30.7,0.226,,66.6,,,425307.0,,82.0,8175.400000000001,107.64789951989026,107.65979938271605,0.2521004801097462,0.4402006172839492,-0.188100137174203,,,,,
1984,1983-84,Regular Season,13.0,San Antonio Spurs,27.4,37.0,45.0,40.0,42.0,-0.27,-0.23,-0.5,111.2,111.4,-0.2,106.5,0.337,0.034,0.556,,0.508,13.7,33.4,0.233,,66.2,,HemisFair Arena,375900.0,9168.0,82.0,8733.0,107.64789951989026,107.65979938271605,3.5521004801097438,3.7402006172839606,-0.1881001371742172,,,,,
1984,1983-84,Regular Season,14.0,Denver Nuggets*,27.0,38.0,44.0,38.0,44.0,-1.1,-0.17,-1.27,111.3,112.3,-1.0,110.5,0.337,0.032,0.553,,0.522,14.6,29.3,0.277,,66.6,,McNichols Sports Arena,462407.0,11278.0,82.0,9061.0,107.64789951989026,107.65979938271605,3.6521004801097376,4.640200617283952,-0.9881001371742144,,,,,
1984,1983-84,Regular Season,15.0,Atlanta Hawks*,26.6,40.0,42.0,37.0,45.0,-1.29,0.22,-1.08,105.5,106.9,-1.4,95.3,0.355,0.016,0.529,,0.482,15.1,31.6,0.268,,65.2,,Omni Coliseum,286049.0,6977.0,82.0,7814.599999999999,107.64789951989026,107.65979938271605,-2.1478995198902595,-0.7597993827160394,-1.38810013717422,,,,,
1984,1983-84,Regular Season,16.0,Kansas City Kings*,26.2,38.0,44.0,37.0,45.0,-1.48,-0.15,-1.62,106.5,108.0,-1.5,102.9,0.345,0.026,0.542,,0.505,16.1,32.4,0.266,,66.9,,Kemper Arena,370270.0,9031.0,82.0,8437.800000000001,107.64789951989026,107.65979938271605,-1.1478995198902595,0.3402006172839549,-1.4881001371742144,,,,,
1984,1983-84,Regular Season,17.0,Houston Rockets,26.8,29.0,53.0,33.0,49.0,-3.09,-0.04,-3.12,105.3,108.2,-2.9,104.7,0.284,0.02,0.535,,0.486,14.1,32.8,0.285,,67.5,,The Summit,425755.0,10384.0,82.0,8585.4,107.64789951989026,107.65979938271605,-2.3478995198902624,0.5402006172839577,-2.88810013717422,,,,,
1984,1983-84,Regular Season,18.0,Washington Bullets*,26.2,35.0,47.0,33.0,49.0,-2.89,0.53,-2.36,104.2,107.2,-3.0,97.4,0.319,0.041,0.535,,0.492,13.7,30.1,0.239,,69.7,,Capital Centre,317447.0,7743.0,82.0,7986.8,107.64789951989026,107.65979938271605,-3.4478995198902567,-0.4597993827160422,-2.9881001371742144,,,,,
1984,1983-84,Regular Season,19.0,San Diego Clippers,25.5,30.0,52.0,33.0,49.0,-3.26,0.04,-3.21,109.2,112.4,-3.2,101.1,0.331,0.017,0.541,,0.513,12.9,37.7,0.236,,68.2,,San Diego Sports Arena,218534.0,5330.0,82.0,8290.199999999999,107.64789951989026,107.65979938271605,1.552100480109743,4.740200617283961,-3.1881001371742173,,,,,
1984,1983-84,Regular Season,20.0,Golden State Warriors,25.6,37.0,45.0,32.0,50.0,-3.4,0.05,-3.35,105.5,108.8,-3.3,103.3,0.342,0.03,0.52,,0.519,17.0,35.6,0.25,,64.2,,Oakland-Alameda County Coliseum Arena,316844.0,7728.0,82.0,8470.6,107.64789951989026,107.65979938271605,-2.1478995198902595,1.140200617283952,-3.288100137174212,,,,,
1984,1983-84,Regular Season,21.0,Cleveland Cavaliers,25.4,28.0,54.0,30.0,52.0,-4.26,0.55,-3.71,104.1,108.5,-4.4,97.4,0.301,0.023,0.512,,0.49,13.2,33.5,0.28,,70.8,,Coliseum at Richfield,208094.0,5075.0,82.0,7986.8,107.64789951989026,107.65979938271605,-3.547899519890265,0.8402006172839549,-4.38810013717422,,,,,
1984,1983-84,Regular Season,22.0,Indiana Pacers,24.4,26.0,56.0,28.0,54.0,-4.82,0.57,-4.25,101.8,106.5,-4.7,102.1,0.297,0.029,0.531,,0.497,16.2,28.1,0.255,,66.8,,Market Square Arena,410626.0,10015.0,82.0,8372.199999999999,107.64789951989026,107.65979938271605,-5.847899519890262,-1.159799382716045,-4.688100137174217,,,,,
1984,1983-84,Regular Season,23.0,Chicago Bulls,24.4,27.0,55.0,28.0,54.0,-5.18,0.5,-4.69,102.4,107.5,-5.1,99.8,0.36,0.017,0.526,,0.497,15.6,32.3,0.266,,67.2,,Chicago Stadium,256430.0,6254.0,82.0,8183.599999999999,107.64789951989026,107.65979938271605,-5.247899519890254,-0.1597993827160451,-5.088100137174209,,,,,
1984,1983-84,Playoffs,1.0,Los Angeles Lakers,27.1,14.0,7.0,15.0,6.0,,,,114.7,108.0,6.7,100.1,0.32,0.039,0.574,,0.467,13.3,32.4,0.264,,64.2,,,,,21.0,2102.1,108.7245995593376,108.73802877874482,5.975400440662412,-0.7380287787448196,6.713429219407232,0.667,,,,
1984,1983-84,Playoffs,2.0,Boston Celtics,28.0,15.0,8.0,15.0,8.0,,,,111.6,107.4,4.2,98.0,0.399,0.031,0.54,,0.494,14.5,35.7,0.267,,68.2,,,,,23.0,2254.0,108.7245995593376,108.73802877874482,2.8754004406624034,-1.338028778744814,4.213429219407217,0.652,,,,
1984,1983-84,Playoffs,3.0,Milwaukee Bucks,28.0,8.0,8.0,8.0,8.0,,,,105.9,105.1,0.8,96.7,0.432,0.06,0.549,,0.441,13.9,31.8,0.344,,66.4,,,,,16.0,1547.2,108.7245995593376,108.73802877874482,-2.824599559337585,-3.638028778744825,0.8134292194072401,0.5,,,,
1984,1983-84,Playoffs,4.0,Detroit Pistons,25.4,2.0,3.0,3.0,2.0,,,,109.2,108.6,0.6,100.6,0.403,0.02,0.531,,0.497,14.8,35.3,0.264,,65.9,,,,,5.0,503.0,108.7245995593376,108.73802877874482,0.4754004406624119,-0.1380287787448253,0.6134292194072373,0.4,,,,
1984,1983-84,Playoffs,5.0,New Jersey Nets,25.7,5.0,6.0,6.0,5.0,,,,102.7,102.2,0.5,98.6,0.433,0.046,0.503,,0.478,18.9,36.3,0.341,,68.8,,,,,11.0,1084.6,108.7245995593376,108.73802877874482,-6.024599559337588,-6.538028778744817,0.5134292194072287,0.455,,,,
1984,1983-84,Playoffs,6.0,Phoenix Suns,27.5,9.0,8.0,8.0,9.0,,,,110.1,110.3,-0.2,97.8,0.317,0.034,0.548,,0.499,13.9,33.2,0.28,,67.7,,,,,17.0,1662.6,108.7245995593376,108.73802877874482,1.3754004406624034,1.5619712212551775,-0.1865707805927741,0.529,,,,
1984,1983-84,Playoffs,7.0,Seattle SuperSonics,27.4,2.0,3.0,2.0,3.0,,,,105.0,105.2,-0.2,90.5,0.2,0.045,0.506,,0.432,10.8,28.1,0.253,,68.1,,,,,5.0,452.5,108.7245995593376,108.73802877874482,-3.724599559337591,-3.538028778744817,-0.1865707805927741,0.4,,,,
1984,1983-84,Playoffs,8.0,Denver Nuggets,27.2,2.0,3.0,2.0,3.0,,,,114.8,115.4,-0.6,106.1,0.291,0.078,0.569,,0.522,13.3,30.4,0.321,,70.6,,,,,5.0,530.5,108.7245995593376,108.73802877874482,6.075400440662406,6.661971221255186,-0.5865707805927798,0.4,,,,
1984,1983-84,Playoffs,9.0,Utah Jazz,26.8,5.0,6.0,5.0,6.0,,,,109.4,110.6,-1.2,100.3,0.397,0.062,0.553,,0.488,12.7,31.1,0.24,,67.5,,,,,11.0,1103.3,108.7245995593376,108.73802877874482,0.6754004406624148,1.861971221255175,-1.18657078059276,0.455,,,,
1984,1983-84,Playoffs,10.0,Portland Trail Blazers,25.8,2.0,3.0,2.0,3.0,,,,112.7,115.3,-2.6,97.5,0.444,0.029,0.545,,0.539,13.2,34.6,0.263,,69.5,,,,,5.0,487.5,108.7245995593376,108.73802877874482,3.975400440662412,6.5619712212551775,-2.5865707805927656,0.4,,,,
1984,1983-84,Playoffs,11.0,Philadelphia 76ers,28.3,2.0,3.0,2.0,3.0,,,,102.5,105.6,-3.1,101.3,0.35,0.037,0.554,,0.505,17.7,29.6,0.246,,62.4,,,,,5.0,506.5,108.7245995593376,108.73802877874482,-6.224599559337591,-3.1380287787448253,-3.0865707805927656,0.4,,,,
1984,1983-84,Playoffs,12.0,Washington Bullets,26.6,1.0,3.0,2.0,2.0,,,,103.9,107.0,-3.1,87.9,0.226,0.053,0.535,,0.467,10.8,27.2,0.26,,72.1,,,,,4.0,351.6,108.7245995593376,108.73802877874482,-4.824599559337585,-1.7380287787448196,-3.0865707805927656,0.25,,,,
1984,1983-84,Playoffs,13.0,New York Knicks,27.0,6.0,6.0,4.0,8.0,,,,106.8,111.7,-4.9,99.0,0.376,0.024,0.541,,0.485,14.0,34.6,0.298,,62.8,,,,,12.0,1188.0,108.7245995593376,108.73802877874482,-1.9245995593375935,2.961971221255183,-4.886570780592777,0.5,,,,
1984,1983-84,Playoffs,14.0,Dallas Mavericks,24.6,4.0,6.0,3.0,7.0,,,,106.3,113.7,-7.4,93.8,0.29,0.033,0.501,,0.525,11.9,33.5,0.172,,67.4,,,,,10.0,938.0,108.7245995593376,108.73802877874482,-2.4245995593375937,4.961971221255183,-7.386570780592777,0.4,,,,
1984,1983-84,Playoffs,15.0,Kansas City Kings,26.0,0.0,3.0,1.0,2.0,,,,103.4,111.5,-8.1,99.6,0.292,0.053,0.487,,0.53,14.7,33.1,0.257,,69.4,,,,,3.0,298.79999999999995,108.7245995593376,108.73802877874482,-5.324599559337585,2.7619712212551804,-8.086570780592766,0.0,,,,
1984,1983-84,Playoffs,16.0,Atlanta Hawks,26.4,2.0,3.0,1.0,4.0,,,,100.4,110.4,-10.0,93.3,0.394,0.027,0.494,,0.539,16.8,31.6,0.296,,67.8,,,,,5.0,466.5,108.7245995593376,108.73802877874482,-8.324599559337585,1.661971221255186,-9.986570780592771,0.4,,,,
1985,1984-85,Regular Season,1.0,Los Angeles Lakers*,27.4,62.0,20.0,58.0,24.0,7.35,-0.87,6.48,114.1,107.0,7.1,103.2,0.308,0.041,0.589,,0.485,13.7,33.8,0.22,,67.1,,The Forum,610361.0,14887.0,82.0,8462.4,107.87532567049809,107.87623669646656,6.224674329501909,-0.8762366964665489,7.100911025968458,,,,,
1985,1984-85,Regular Season,2.0,Milwaukee Bucks*,25.7,59.0,23.0,58.0,24.0,6.85,-0.16,6.69,110.5,103.6,6.9,99.7,0.341,0.041,0.545,,0.467,16.1,35.4,0.29,,65.6,,MECCA Arena,422924.0,10315.0,82.0,8175.400000000001,107.87532567049809,107.87623669646656,2.6246743295019144,-4.276236696466555,6.900911025968469,,,,,
1985,1984-85,Regular Season,3.0,Boston Celtics*,28.5,63.0,19.0,57.0,25.0,6.65,-0.18,6.47,112.8,106.3,6.5,101.6,0.315,0.042,0.564,,0.481,12.6,32.8,0.198,,70.4,,Boston Garden,610547.0,14890.0,82.0,8331.199999999999,107.87532567049809,107.87623669646656,4.924674329501912,-1.5762366964665515,6.500911025968463,,,,,
1985,1984-85,Regular Season,4.0,Philadelphia 76ers*,27.9,58.0,24.0,51.0,31.0,4.1,0.07,4.17,111.3,107.3,4.0,100.8,0.412,0.032,0.561,,0.494,15.7,37.4,0.259,,66.6,,The Spectrum,575415.0,14035.0,82.0,8265.6,107.87532567049809,107.87623669646656,3.4246743295019115,-0.5762366964665517,4.000911025968463,,,,,
1985,1984-85,Regular Season,5.0,Portland Trail Blazers*,25.2,42.0,40.0,49.0,33.0,3.4,-0.6,2.8,110.4,107.1,3.3,103.6,0.362,0.027,0.554,,0.497,15.9,33.9,0.232,,64.5,,Memorial Coliseum,519306.0,12666.0,82.0,8495.199999999999,107.87532567049809,107.87623669646656,2.52467432950192,-0.7762366964665546,3.300911025968474,,,,,
1985,1984-85,Regular Season,6.0,Detroit Pistons*,26.9,46.0,36.0,47.0,35.0,2.49,0.24,2.73,109.6,107.2,2.4,105.0,0.283,0.025,0.529,,0.501,14.9,35.4,0.245,,69.6,,Pontiac Silverdome,691550.0,17130.0,82.0,8610.0,107.87532567049809,107.87623669646656,1.724674329501909,-0.676236696466546,2.4009110259684547,,,,,
1985,1984-85,Regular Season,7.0,Denver Nuggets*,28.3,52.0,30.0,47.0,35.0,2.44,-0.39,2.05,110.7,108.4,2.3,107.6,0.322,0.029,0.54,,0.516,17.0,33.6,0.275,,66.1,,McNichols Sports Arena,448546.0,10940.0,82.0,8823.199999999999,107.87532567049809,107.87623669646656,2.824674329501917,0.5237633035334568,2.3009110259684604,,,,,
1985,1984-85,Regular Season,8.0,Dallas Mavericks*,25.0,44.0,38.0,47.0,35.0,2.17,-0.37,1.8,111.5,109.3,2.2,98.8,0.319,0.061,0.549,,0.51,14.2,30.7,0.221,,68.8,,Reunion Arena,683916.0,16681.0,82.0,8101.599999999999,107.87532567049809,107.87623669646656,3.6246743295019135,1.4237633035334485,2.200911025968466,,,,,
1985,1984-85,Regular Season,9.0,Houston Rockets*,25.3,48.0,34.0,45.0,37.0,1.72,-0.34,1.38,107.9,106.3,1.6,102.2,0.304,0.025,0.54,,0.487,15.2,37.4,0.259,,67.4,,The Summit,553014.0,13488.0,82.0,8380.4,107.87532567049809,107.87623669646656,0.02467432950192,-1.5762366964665515,1.6009110259684718,,,,,
1985,1984-85,Regular Season,10.0,San Antonio Spurs*,28.1,41.0,41.0,43.0,39.0,0.91,-0.29,0.63,109.9,109.0,0.9,103.9,0.357,0.028,0.565,,0.501,15.0,33.2,0.269,,68.5,,HemisFair Arena,351950.0,8584.0,82.0,8519.800000000001,107.87532567049809,107.87623669646656,2.02467432950192,1.123763303533451,0.900911025968469,,,,,
1985,1984-85,Regular Season,11.0,New Jersey Nets*,26.5,42.0,40.0,42.0,40.0,0.23,0.41,0.64,107.9,107.7,0.2,101.1,0.3,0.03,0.532,,0.505,15.6,33.9,0.263,,68.2,,Brendan Byrne Arena,502177.0,12243.0,82.0,8290.199999999999,107.87532567049809,107.87623669646656,0.02467432950192,-0.176236696466546,0.2009110259684661,,,,,
1985,1984-85,Regular Season,12.0,Utah Jazz*,27.0,41.0,41.0,41.0,41.0,-0.11,-0.22,-0.33,103.3,103.4,-0.1,105.1,0.333,0.042,0.534,,0.469,15.7,29.0,0.238,,65.3,,Salt Palace,371829.0,9175.0,82.0,8618.199999999999,107.87532567049809,107.87623669646656,-4.5753256704980885,-4.476236696466543,-0.0990889740315452,,,,,
1985,1984-85,Regular Season,13.0,Washington Bullets*,27.1,40.0,42.0,40.0,42.0,-0.27,0.42,0.15,104.3,104.6,-0.3,100.3,0.269,0.054,0.524,,0.491,15.3,27.5,0.226,,68.2,,Capital Centre,383098.0,9344.0,82.0,8224.6,107.87532567049809,107.87623669646656,-3.5753256704980885,-3.2762366964665546,-0.2990889740315339,,,,,
1985,1984-85,Regular Season,14.0,Chicago Bulls*,25.2,38.0,44.0,39.0,43.0,-0.84,0.34,-0.5,108.7,109.6,-0.9,99.4,0.366,0.023,0.556,,0.495,13.8,32.2,0.257,,67.5,,Chicago Stadium,487297.0,11885.0,82.0,8150.8,107.87532567049809,107.87623669646656,0.8246743295019172,1.7237633035334454,-0.8990889740315282,,,,,
1985,1984-85,Regular Season,15.0,Atlanta Hawks,25.5,34.0,48.0,37.0,45.0,-1.45,0.31,-1.14,105.9,107.3,-1.4,99.8,0.333,0.033,0.536,,0.485,15.2,32.5,0.249,,63.8,,Omni Coliseum,290746.0,8479.0,82.0,8183.599999999999,107.87532567049809,107.87623669646656,-1.97532567049808,-0.5762366964665517,-1.3990889740315282,,,,,
1985,1984-85,Regular Season,16.0,Phoenix Suns*,26.4,36.0,46.0,35.0,47.0,-2.11,-0.23,-2.34,104.7,106.8,-2.1,102.5,0.319,0.043,0.544,,0.498,15.0,29.8,0.24,,68.3,,Arizona Veterans Memorial Coliseum,478788.0,11678.0,82.0,8405.0,107.87532567049809,107.87623669646656,-3.175325670498083,-1.0762366964665515,-2.099088974031531,,,,,
1985,1984-85,Regular Season,17.0,Kansas City Kings,26.1,31.0,51.0,34.0,48.0,-2.67,-0.04,-2.71,109.5,112.1,-2.6,104.4,0.357,0.033,0.559,,0.514,14.2,34.0,0.262,,66.6,,Kemper Arena,262813.0,6410.0,82.0,8560.800000000001,107.87532567049809,107.87623669646656,1.6246743295019144,4.223763303533445,-2.599088974031531,,,,,
1985,1984-85,Regular Season,18.0,Cleveland Cavaliers*,26.6,36.0,46.0,34.0,48.0,-2.76,0.48,-2.27,106.0,108.7,-2.7,101.9,0.338,0.045,0.526,,0.483,13.7,32.9,0.265,,66.9,,Coliseum at Richfield,324004.0,7903.0,82.0,8355.800000000001,107.87532567049809,107.87623669646656,-1.8753256704980856,0.823763303533454,-2.69908897403154,,,,,
1985,1984-85,Regular Season,19.0,Los Angeles Clippers,27.3,31.0,51.0,30.0,52.0,-4.49,-0.07,-4.55,105.8,110.2,-4.4,101.0,0.31,0.026,0.543,,0.495,12.7,33.7,0.21,,66.1,,Los Angeles Memorial Sports Arena,384519.0,9379.0,82.0,8282.0,107.87532567049809,107.87623669646656,-2.0753256704980885,2.323763303533454,-4.399088974031542,,,,,
1985,1984-85,Regular Season,20.0,New York Knicks,25.8,24.0,58.0,29.0,53.0,-4.63,0.54,-4.09,104.9,109.6,-4.7,99.5,0.331,0.028,0.53,,0.499,16.5,31.7,0.339,,63.3,,Madison Square Garden (IV),457137.0,11150.0,82.0,8159.0,107.87532567049809,107.87623669646656,-2.97532567049808,1.7237633035334454,-4.699088974031525,,,,,
1985,1984-85,Regular Season,21.0,Seattle SuperSonics,26.4,31.0,51.0,27.0,55.0,-5.44,0.0,-5.44,102.8,108.2,-5.4,99.3,0.334,0.027,0.529,,0.498,14.6,30.0,0.238,,67.3,,,303344.0,,82.0,8142.599999999999,107.87532567049809,107.87623669646656,-5.0753256704980885,0.3237633035334539,-5.399088974031542,,,,,
1985,1984-85,Regular Season,22.0,Indiana Pacers,24.1,22.0,60.0,26.0,56.0,-6.21,0.75,-5.46,102.5,108.4,-5.9,105.1,0.344,0.021,0.527,,0.499,14.3,31.7,0.282,,70.5,,Market Square Arena,438377.0,10662.0,82.0,8618.199999999999,107.87532567049809,107.87623669646656,-5.375325670498086,0.5237633035334568,-5.899088974031542,,,,,
1985,1984-85,Regular Season,23.0,Golden State Warriors,26.1,22.0,60.0,24.0,58.0,-7.34,0.13,-7.21,106.0,113.0,-7.0,103.2,0.335,0.053,0.522,,0.54,16.1,34.5,0.268,,66.0,,Oakland-Alameda County Coliseum Arena,300586.0,7331.0,82.0,8462.4,107.87532567049809,107.87623669646656,-1.8753256704980856,5.123763303533451,-6.999088974031537,,,,,
1985,1984-85,Playoffs,1.0,Los Angeles Lakers,27.4,15.0,4.0,15.0,4.0,,,,117.0,107.6,9.4,108.0,0.349,0.044,0.592,,0.478,13.1,33.0,0.256,,68.8,,,,,19.0,2052.0,110.14386100770128,110.127976072068,6.856138992298725,-2.527976072068,9.384115064366725,0.789,,,,
1985,1984-85,Playoffs,2.0,Boston Celtics,28.7,13.0,8.0,12.0,9.0,,,,111.3,108.7,2.6,101.6,0.345,0.05,0.549,,0.492,12.7,32.3,0.231,,68.8,,,,,21.0,2133.6,110.14386100770128,110.127976072068,1.1561389922987215,-1.4279760720679917,2.584115064366713,0.619,,,,
1985,1984-85,Playoffs,3.0,Philadelphia 76ers,28.3,8.0,5.0,8.0,5.0,,,,107.8,105.4,2.4,99.3,0.365,0.027,0.545,,0.484,15.8,35.9,0.251,,67.1,,,,,13.0,1290.9,110.14386100770128,110.127976072068,-2.3438610077012783,-4.727976072067989,2.3841150643667106,0.615,,,,
1985,1984-85,Playoffs,4.0,Denver Nuggets,28.2,8.0,7.0,8.0,7.0,,,,111.6,109.9,1.7,108.6,0.337,0.042,0.543,,0.533,16.3,33.1,0.288,,70.1,,,,,15.0,1629.0,110.14386100770128,110.127976072068,1.456138992298719,-0.2279760720679888,1.6841150643667078,0.533,,,,
1985,1984-85,Playoffs,5.0,Cleveland Cavaliers,26.9,1.0,3.0,2.0,2.0,,,,110.5,110.5,0.0,101.6,0.306,0.028,0.55,,0.477,14.6,30.8,0.332,,65.6,,,,,4.0,406.4,110.14386100770128,110.127976072068,0.3561389922987246,0.3720239279320054,-0.0158849356332808,0.25,,,,
1985,1984-85,Playoffs,6.0,Houston Rockets,25.5,2.0,3.0,2.0,3.0,,,,100.2,100.3,-0.1,103.8,0.317,0.044,0.461,,0.44,16.1,39.4,0.366,,72.5,,,,,5.0,519.0,110.14386100770128,110.127976072068,-9.943861007701273,-9.827976072067996,-0.1158849356332751,0.4,,,,
1985,1984-85,Playoffs,7.0,Detroit Pistons,26.9,5.0,4.0,4.0,5.0,,,,111.7,113.4,-1.7,103.2,0.315,0.033,0.531,,0.512,13.6,34.1,0.275,,67.1,,,,,9.0,928.8,110.14386100770128,110.127976072068,1.5561389922987274,3.272023927932011,-1.7158849356332837,0.556,,,,
1985,1984-85,Playoffs,8.0,Milwaukee Bucks,25.4,3.0,5.0,3.0,5.0,,,,109.5,111.8,-2.3,99.5,0.402,0.066,0.566,,0.497,14.5,34.8,0.29,,63.7,,,,,8.0,796.0,110.14386100770128,110.127976072068,-0.6438610077012754,1.6720239279320026,-2.315884935633278,0.375,,,,
1985,1984-85,Playoffs,9.0,Dallas Mavericks,24.8,1.0,3.0,2.0,2.0,,,,115.5,117.9,-2.4,96.8,0.433,0.066,0.558,,0.529,12.3,32.3,0.19,,60.5,,,,,4.0,387.2,110.14386100770128,110.127976072068,5.356138992298725,7.772023927932011,-2.4158849356332865,0.25,,,,
1985,1984-85,Playoffs,10.0,Utah Jazz,27.0,4.0,6.0,4.0,6.0,,,,103.6,106.8,-3.2,106.1,0.431,0.055,0.534,,0.47,13.1,27.2,0.215,,62.1,,,,,10.0,1061.0,110.14386100770128,110.127976072068,-6.543861007701281,-3.3279760720679974,-3.215884935633284,0.4,,,,
1985,1984-85,Playoffs,11.0,Washington Bullets,26.5,1.0,3.0,1.0,3.0,,,,105.0,109.2,-4.2,96.9,0.331,0.086,0.525,,0.5,17.5,33.5,0.286,,57.5,,,,,4.0,387.6,110.14386100770128,110.127976072068,-5.143861007701275,-0.9279760720679916,-4.215884935633284,0.25,,,,
1985,1984-85,Playoffs,12.0,Portland Trail Blazers,25.3,4.0,5.0,3.0,6.0,,,,111.8,116.5,-4.7,103.0,0.307,0.041,0.535,,0.509,13.9,36.7,0.35,,64.1,,,,,9.0,927.0,110.14386100770128,110.127976072068,1.6561389922987215,6.372023927932005,-4.715884935633284,0.444,,,,
1985,1984-85,Playoffs,13.0,Chicago Bulls,25.0,1.0,3.0,1.0,3.0,,,,108.2,113.9,-5.7,97.3,0.367,0.056,0.532,,0.514,16.5,36.7,0.391,,65.7,,,,,4.0,389.2,110.14386100770128,110.127976072068,-1.9438610077012728,3.772023927932011,-5.715884935633284,0.25,,,,
1985,1984-85,Playoffs,14.0,New Jersey Nets,26.4,0.0,3.0,1.0,2.0,,,,104.6,114.4,-9.8,105.4,0.301,0.015,0.537,,0.483,12.0,25.0,0.369,,69.1,,,,,3.0,316.20000000000005,110.14386100770128,110.127976072068,-5.543861007701281,4.272023927932011,-9.815884935633292,0.0,,,,
1985,1984-85,Playoffs,15.0,San Antonio Spurs,29.0,2.0,3.0,1.0,4.0,,,,105.3,115.4,-10.1,104.7,0.487,0.064,0.582,,0.504,12.0,28.6,0.304,,68.2,,,,,5.0,523.5,110.14386100770128,110.127976072068,-4.843861007701278,5.272023927932011,-10.11588493563329,0.4,,,,
1985,1984-85,Playoffs,16.0,Phoenix Suns,26.2,0.0,3.0,0.0,3.0,,,,105.8,124.4,-18.6,109.4,0.343,0.048,0.556,,0.609,14.2,30.4,0.265,,66.4,,,,,3.0,328.20000000000005,110.14386100770128,110.127976072068,-4.343861007701278,14.272023927932011,-18.61588493563329,0.0,,,,
1986,1985-86,Regular Season,1.0,Boston Celtics*,29.3,67.0,15.0,63.0,19.0,9.41,-0.36,9.06,111.8,102.6,9.2,101.2,0.307,0.054,0.564,,0.466,13.0,31.3,0.216,,71.7,,Boston Garden,610571.0,14890.0,82.0,8298.4,107.2140527884206,107.22824180502342,4.585947211579409,-4.628241805023421,9.21418901660283,,,,,
1986,1985-86,Regular Season,2.0,Milwaukee Bucks*,26.0,57.0,25.0,62.0,20.0,9.04,-0.35,8.69,111.4,102.7,8.7,102.1,0.369,0.052,0.552,,0.473,16.6,33.8,0.281,,67.4,,MECCA Arena,443064.0,10806.0,82.0,8372.199999999999,107.2140527884206,107.22824180502342,4.185947211579418,-4.528241805023413,8.71418901660283,,,,,
1986,1985-86,Regular Season,3.0,Los Angeles Lakers*,28.1,62.0,20.0,59.0,23.0,7.74,-0.91,6.84,113.3,105.8,7.5,102.7,0.317,0.056,0.575,,0.484,13.5,33.1,0.239,,69.8,,The Forum,691071.0,16855.0,82.0,8421.4,107.2140527884206,107.22824180502342,6.085947211579409,-1.4282418050234185,7.514189016602828,,,,,
1986,1985-86,Regular Season,4.0,Houston Rockets*,26.0,51.0,31.0,48.0,34.0,2.61,-0.51,2.1,110.1,107.6,2.5,103.5,0.317,0.04,0.536,,0.497,14.8,35.5,0.243,,67.2,,The Summit,604644.0,14747.0,82.0,8487.0,107.2140527884206,107.22824180502342,2.8859472115794063,0.3717581949765787,2.514189016602828,,,,,
1986,1985-86,Regular Season,5.0,Atlanta Hawks*,25.3,50.0,32.0,47.0,35.0,2.37,0.22,2.59,107.9,105.6,2.3,100.0,0.385,0.024,0.542,,0.481,15.4,34.9,0.269,,66.7,,Omni Coliseum,377351.0,9204.0,82.0,8200.0,107.2140527884206,107.22824180502342,0.6859472115794176,-1.6282418050234213,2.314189016602839,,,,,
1986,1985-86,Regular Season,6.0,Philadelphia 76ers*,28.0,54.0,28.0,47.0,35.0,2.35,0.11,2.46,108.6,106.3,2.3,100.5,0.398,0.032,0.546,,0.499,15.6,37.3,0.211,,66.7,,The Spectrum,513459.0,12506.0,82.0,8241.0,107.2140527884206,107.22824180502342,1.3859472115794065,-0.9282418050234184,2.3141890166028247,,,,,
1986,1985-86,Regular Season,7.0,Denver Nuggets*,28.1,47.0,35.0,44.0,38.0,1.3,-0.42,0.89,107.1,105.9,1.2,106.7,0.307,0.039,0.527,,0.495,16.9,30.9,0.266,,64.1,,McNichols Sports Arena,531824.0,12971.0,82.0,8749.4,107.2140527884206,107.22824180502342,-0.1140527884205937,-1.32824180502341,1.2141890166028162,,,,,
1986,1985-86,Regular Season,8.0,Dallas Mavericks*,25.8,44.0,38.0,44.0,38.0,1.1,-0.4,0.7,112.1,111.0,1.1,102.2,0.364,0.061,0.562,,0.508,13.0,30.0,0.201,,66.8,,Reunion Arena,693052.0,16904.0,82.0,8380.4,107.2140527884206,107.22824180502342,4.885947211579406,3.771758194976584,1.114189016602822,,,,,
1986,1985-86,Regular Season,9.0,Detroit Pistons*,26.5,46.0,36.0,44.0,38.0,1.17,0.27,1.44,109.0,107.9,1.1,104.2,0.297,0.023,0.534,,0.496,14.9,33.5,0.266,,67.6,,Pontiac Silverdome,695233.0,16957.0,82.0,8544.4,107.2140527884206,107.22824180502342,1.785947211579412,0.6717581949765901,1.114189016602822,,,,,
1986,1985-86,Regular Season,10.0,Portland Trail Blazers*,26.6,40.0,42.0,44.0,38.0,1.06,-0.45,0.61,109.2,108.2,1.0,104.5,0.384,0.038,0.554,,0.507,16.4,32.8,0.275,,66.3,,Memorial Coliseum,519306.0,12666.0,82.0,8569.0,107.2140527884206,107.22824180502342,1.9859472115794148,0.9717581949765872,1.0141890166028276,,,,,
1986,1985-86,Regular Season,11.0,Seattle SuperSonics,26.6,31.0,51.0,41.0,41.0,-0.1,-0.37,-0.47,105.9,106.0,-0.1,97.4,0.33,0.042,0.53,,0.492,15.7,33.2,0.282,,68.7,,Seattle Center Coliseum,329296.0,8032.0,82.0,7986.8,107.2140527884206,107.22824180502342,-1.3140527884205824,-1.2282418050234156,-0.0858109833971667,,,,,
1986,1985-86,Regular Season,12.0,Utah Jazz*,26.3,42.0,40.0,40.0,42.0,-0.37,-0.3,-0.67,104.2,104.6,-0.4,103.3,0.38,0.024,0.536,,0.477,15.4,29.8,0.258,,67.2,,Salt Palace,477833.0,11654.0,82.0,8470.6,107.2140527884206,107.22824180502342,-3.014052788420585,-2.6282418050234213,-0.3858109833971639,,,,,
1986,1985-86,Regular Season,13.0,San Antonio Spurs*,27.8,35.0,47.0,36.0,46.0,-1.85,-0.2,-2.06,106.5,108.2,-1.7,103.8,0.355,0.028,0.555,,0.499,15.2,31.7,0.26,,67.6,,HemisFair Arena,336369.0,8204.0,82.0,8511.6,107.2140527884206,107.22824180502342,-0.7140527884205881,0.9717581949765872,-1.6858109833971753,,,,,
1986,1985-86,Regular Season,14.0,Washington Bullets*,27.1,39.0,43.0,36.0,46.0,-1.8,0.53,-1.28,103.0,104.8,-1.8,99.1,0.32,0.057,0.518,,0.472,14.2,29.1,0.224,,66.1,,Capital Centre,373802.0,9117.0,82.0,8126.2,107.2140527884206,107.22824180502342,-4.214052788420588,-2.4282418050234185,-1.7858109833971696,,,,,
1986,1985-86,Regular Season,15.0,New Jersey Nets*,27.5,39.0,43.0,36.0,46.0,-1.99,0.6,-1.39,105.0,106.9,-1.9,103.3,0.328,0.029,0.536,,0.499,15.5,33.3,0.282,,70.6,,Brendan Byrne Arena,482854.0,11777.0,82.0,8470.6,107.2140527884206,107.22824180502342,-2.214052788420588,-0.3282418050234099,-1.885810983397178,,,,,
1986,1985-86,Regular Season,16.0,Cleveland Cavaliers,27.0,29.0,53.0,34.0,48.0,-2.87,0.68,-2.19,105.5,108.3,-2.8,101.6,0.321,0.054,0.535,,0.48,13.6,30.3,0.292,,68.5,,Coliseum at Richfield,391842.0,9557.0,82.0,8331.199999999999,107.2140527884206,107.22824180502342,-1.714052788420588,1.0717581949765815,-2.7858109833971696,,,,,
1986,1985-86,Regular Season,17.0,Phoenix Suns,26.3,32.0,50.0,33.0,49.0,-2.99,-0.17,-3.16,104.3,107.2,-2.9,104.8,0.384,0.026,0.552,,0.495,15.1,31.3,0.279,,68.3,,Arizona Veterans Memorial Coliseum,455763.0,11116.0,82.0,8593.6,107.2140527884206,107.22824180502342,-2.914052788420591,-0.0282418050234127,-2.885810983397178,,,,,
1986,1985-86,Regular Season,18.0,Sacramento Kings*,26.6,37.0,45.0,33.0,49.0,-3.07,-0.12,-3.19,106.2,109.2,-3.0,102.0,0.324,0.019,0.541,,0.499,14.4,32.7,0.273,,67.5,,ARCO Arena (I),423653.0,10333.0,82.0,8364.0,107.2140527884206,107.22824180502342,-1.0140527884205852,1.9717581949765872,-2.9858109833971724,,,,,
1986,1985-86,Regular Season,19.0,Indiana Pacers,25.0,26.0,56.0,32.0,50.0,-3.33,0.67,-2.66,102.6,105.9,-3.3,100.9,0.305,0.02,0.525,,0.479,13.7,31.5,0.277,,71.3,,Market Square Arena,460969.0,11243.0,82.0,8273.800000000001,107.2140527884206,107.22824180502342,-4.614052788420594,-1.32824180502341,-3.285810983397184,,,,,
1986,1985-86,Regular Season,20.0,Golden State Warriors,26.8,30.0,52.0,33.0,49.0,-3.45,-0.14,-3.59,108.3,111.6,-3.3,104.2,0.333,0.037,0.536,,0.524,14.9,33.5,0.241,,66.7,,Oakland-Alameda County Coliseum Arena,401205.0,9785.0,82.0,8544.4,107.2140527884206,107.22824180502342,1.085947211579409,4.371758194976579,-3.2858109833971696,,,,,
1986,1985-86,Regular Season,21.0,Chicago Bulls*,26.6,30.0,52.0,31.0,51.0,-3.8,0.69,-3.12,108.6,112.4,-3.8,99.7,0.346,0.044,0.538,,0.509,13.5,35.1,0.28,,67.4,,Chicago Stadium,469226.0,11445.0,82.0,8175.400000000001,107.2140527884206,107.22824180502342,1.3859472115794065,5.17175819497659,-3.785810983397184,,,,,
1986,1985-86,Regular Season,22.0,New York Knicks,25.5,23.0,59.0,26.0,56.0,-5.61,0.79,-4.82,99.5,105.2,-5.7,98.6,0.318,0.034,0.505,,0.484,17.1,29.5,0.315,,65.0,,Madison Square Garden (IV),592484.0,14451.0,82.0,8085.2,107.2140527884206,107.22824180502342,-7.714052788420588,-2.028241805023413,-5.685810983397175,,,,,
1986,1985-86,Regular Season,23.0,Los Angeles Clippers,27.0,32.0,50.0,24.0,58.0,-6.93,0.1,-6.83,105.4,112.1,-6.7,102.7,0.374,0.032,0.534,,0.512,14.0,32.0,0.225,,64.0,,Los Angeles Memorial Sports Arena,337814.0,8239.0,82.0,8421.4,107.2140527884206,107.22824180502342,-1.8140527884205824,4.871758194976579,-6.685810983397161,,,,,
1986,1985-86,Playoffs,1.0,Boston Celtics,29.3,15.0,3.0,14.0,4.0,,,,115.0,104.6,10.4,98.4,0.349,0.074,0.572,,0.465,12.7,32.1,0.221,,68.5,,,,,18.0,1771.2,110.62370433620433,110.60451069201068,4.376295663795673,-6.004510692010697,10.38080635580637,0.833,,,,
1986,1985-86,Playoffs,2.0,Los Angeles Lakers,28.3,8.0,6.0,10.0,4.0,,,,115.6,107.9,7.7,99.9,0.281,0.063,0.58,,0.498,13.0,33.1,0.225,,70.3,,,,,14.0,1398.6,110.62370433620433,110.60451069201068,4.976295663795668,-2.704510692010686,7.680806355806354,0.571,,,,
1986,1985-86,Playoffs,3.0,Houston Rockets,25.4,13.0,7.0,12.0,8.0,,,,110.7,106.9,3.8,99.0,0.322,0.027,0.528,,0.476,13.8,37.1,0.236,,66.9,,,,,20.0,1980.0,110.62370433620433,110.60451069201068,0.0762956637956762,-3.704510692010686,3.780806355806362,0.65,,,,
1986,1985-86,Playoffs,4.0,Philadelphia 76ers,27.9,6.0,6.0,7.0,5.0,,,,111.4,108.5,2.9,98.3,0.443,0.037,0.547,,0.501,14.6,38.7,0.254,,67.8,,,,,12.0,1179.6,110.62370433620433,110.60451069201068,0.776295663795679,-2.104510692010692,2.880806355806371,0.5,,,,
1986,1985-86,Playoffs,5.0,Dallas Mavericks,25.8,5.0,5.0,5.0,5.0,,,,114.4,115.7,-1.3,96.9,0.332,0.067,0.555,,0.523,10.7,32.9,0.199,,67.8,,,,,10.0,969.0,110.62370433620433,110.60451069201068,3.776295663795679,5.095489307989311,-1.319193644193632,0.5,,,,
1986,1985-86,Playoffs,6.0,Milwaukee Bucks,26.0,7.0,7.0,6.0,8.0,,,,109.8,112.3,-2.5,100.0,0.39,0.061,0.553,,0.504,14.4,31.2,0.334,,65.9,,,,,14.0,1400.0,110.62370433620433,110.60451069201068,-0.8237043362043295,1.6954893079893054,-2.519193644193635,0.5,,,,
1986,1985-86,Playoffs,7.0,Atlanta Hawks,25.1,4.0,5.0,4.0,5.0,,,,109.1,111.9,-2.8,99.5,0.366,0.027,0.545,,0.504,12.5,30.0,0.243,,67.4,,,,,9.0,895.5,110.62370433620433,110.60451069201068,-1.5237043362043323,1.295489307989314,-2.8191936441936463,0.444,,,,
1986,1985-86,Playoffs,8.0,Denver Nuggets,27.9,5.0,5.0,4.0,6.0,,,,108.2,111.3,-3.1,102.7,0.328,0.056,0.521,,0.498,13.8,32.5,0.253,,65.0,,,,,10.0,1027.0,110.62370433620433,110.60451069201068,-2.423704336204324,0.6954893079893054,-3.119193644193629,0.5,,,,
1986,1985-86,Playoffs,9.0,Utah Jazz,25.9,1.0,3.0,1.0,3.0,,,,110.1,114.7,-4.6,93.5,0.245,0.025,0.518,,0.486,13.4,32.8,0.323,,64.5,,,,,4.0,374.0,110.62370433620433,110.60451069201068,-0.5237043362043323,4.095489307989311,-4.619193644193643,0.25,,,,
1986,1985-86,Playoffs,10.0,Portland Trail Blazers,27.0,1.0,3.0,1.0,3.0,,,,108.7,113.5,-4.8,103.5,0.356,0.063,0.554,,0.481,11.7,31.5,0.291,,62.9,,,,,4.0,414.0,110.62370433620433,110.60451069201068,-1.923704336204324,2.8954893079893083,-4.819193644193632,0.25,,,,
1986,1985-86,Playoffs,11.0,Detroit Pistons,26.3,1.0,3.0,1.0,3.0,,,,109.6,114.8,-5.2,101.0,0.321,0.021,0.525,,0.518,12.3,35.4,0.342,,69.2,,,,,4.0,404.0,110.62370433620433,110.60451069201068,-1.0237043362043323,4.195489307989305,-5.219193644193638,0.25,,,,
1986,1985-86,Playoffs,12.0,Washington Bullets,27.6,2.0,3.0,2.0,3.0,,,,104.8,110.8,-6.0,96.0,0.317,0.056,0.511,,0.477,13.6,30.8,0.252,,56.3,,,,,5.0,480.0,110.62370433620433,110.60451069201068,-5.8237043362043295,0.1954893079893054,-6.019193644193635,0.4,,,,
1986,1985-86,Playoffs,13.0,New Jersey Nets,27.3,0.0,3.0,1.0,2.0,,,,107.0,117.5,-10.5,98.7,0.413,0.067,0.528,,0.537,13.7,35.4,0.369,,65.8,,,,,3.0,296.1,110.62370433620433,110.60451069201068,-3.623704336204327,6.895489307989308,-10.519193644193637,0.0,,,,
1986,1985-86,Playoffs,14.0,Chicago Bulls,25.4,0.0,3.0,1.0,2.0,,,,108.0,121.1,-13.1,97.8,0.379,0.029,0.524,,0.529,12.5,29.1,0.388,,66.7,,,,,3.0,293.4,110.62370433620433,110.60451069201068,-2.623704336204326,10.495489307989304,-13.11919364419363,0.0,,,,
1986,1985-86,Playoffs,15.0,Sacramento Kings,26.9,0.0,3.0,0.0,3.0,,,,102.0,117.2,-15.2,94.1,0.332,0.037,0.469,,0.542,13.5,43.6,0.245,,62.2,,,,,3.0,282.29999999999995,110.62370433620433,110.60451069201068,-8.623704336204327,6.595489307989311,-15.219193644193638,0.0,,,,
1986,1985-86,Playoffs,16.0,San Antonio Spurs,27.9,0.0,3.0,0.0,3.0,,,,91.0,122.3,-31.3,101.1,0.261,0.04,0.497,,0.602,16.2,16.7,0.223,,57.4,,,,,3.0,303.29999999999995,110.62370433620433,110.60451069201068,-19.623704336204327,11.695489307989304,-31.319193644193632,0.0,,,,
1987,1986-87,Regular Season,1.0,Los Angeles Lakers*,27.8,65.0,17.0,62.0,20.0,9.3,-0.99,8.32,115.6,106.5,9.1,101.6,0.352,0.062,0.577,,0.476,13.8,34.1,0.23,,66.3,,The Forum,681207.0,16615.0,82.0,8331.199999999999,108.33577589924954,108.33760890192356,7.264224100750454,-1.8376089019235595,9.101833002674011,,,,,
1987,1986-87,Regular Season,2.0,Atlanta Hawks*,26.1,57.0,25.0,59.0,23.0,7.23,-0.05,7.18,112.6,105.2,7.4,97.4,0.373,0.06,0.543,,0.46,13.9,37.2,0.284,,67.4,,Omni Coliseum,549526.0,13403.0,82.0,7986.8,108.33577589924954,108.33760890192356,4.264224100750454,-3.1376089019235565,7.40183300267401,,,,,
1987,1986-87,Regular Season,3.0,Boston Celtics*,29.4,59.0,23.0,57.0,25.0,6.65,-0.08,6.57,113.5,106.8,6.7,98.6,0.305,0.08,0.577,,0.471,12.0,29.0,0.217,,67.6,,Boston Garden,611222.0,14890.0,82.0,8085.2,108.33577589924954,108.33760890192356,5.16422410075046,-1.537608901923562,6.701833002674022,,,,,
1987,1986-87,Regular Season,4.0,Dallas Mavericks*,26.4,55.0,27.0,56.0,26.0,6.3,-0.77,5.54,114.9,108.7,6.2,100.5,0.369,0.089,0.558,,0.486,13.5,33.8,0.233,,66.5,,Reunion Arena,696333.0,16984.0,82.0,8241.0,108.33577589924954,108.33760890192356,6.564224100750465,0.3623910980764435,6.201833002674022,,,,,
1987,1986-87,Regular Season,5.0,Milwaukee Bucks*,27.7,50.0,32.0,51.0,31.0,3.91,0.12,4.04,109.5,105.6,3.9,100.3,0.35,0.079,0.539,,0.479,16.0,31.1,0.307,,66.1,,MECCA Arena,451797.0,11019.0,82.0,8224.6,108.33577589924954,108.33760890192356,1.1642241007504597,-2.737608901923565,3.901833002674024,,,,,
1987,1986-87,Regular Season,6.0,Detroit Pistons*,26.8,52.0,30.0,50.0,32.0,3.44,0.07,3.51,109.2,105.8,3.4,101.0,0.36,0.023,0.544,,0.471,13.3,34.7,0.267,,69.9,,Pontiac Silverdome,907520.0,22135.0,82.0,8282.0,108.33577589924954,108.33760890192356,0.8642241007504623,-2.537608901923562,3.4018330026740244,,,,,
1987,1986-87,Regular Season,7.0,Portland Trail Blazers*,26.9,49.0,33.0,49.0,33.0,3.13,-0.57,2.57,111.5,108.6,2.9,105.0,0.404,0.047,0.566,,0.493,14.8,34.1,0.265,,66.6,,Memorial Coliseum,519306.0,12666.0,82.0,8610.0,108.33577589924954,108.33760890192356,3.1642241007504595,0.262391098076435,2.9018330026740244,,,,,
1987,1986-87,Regular Season,8.0,Houston Rockets*,26.1,42.0,40.0,44.0,38.0,1.0,-0.4,0.6,106.5,105.5,1.0,99.9,0.324,0.045,0.528,,0.47,14.1,33.5,0.261,,68.0,,The Summit,660175.0,16102.0,82.0,8191.8,108.33577589924954,108.33760890192356,-1.8357758992495403,-2.8376089019235597,1.0018330026740188,,,,,
1987,1986-87,Regular Season,9.0,Chicago Bulls*,25.4,40.0,42.0,43.0,39.0,0.89,0.37,1.26,108.6,107.6,1.0,95.8,0.315,0.042,0.528,,0.491,13.8,35.0,0.251,,70.0,,Chicago Stadium,650818.0,15874.0,82.0,7855.599999999999,108.33577589924954,108.33760890192356,0.2642241007504537,-0.737608901923565,1.0018330026740188,,,,,
1987,1986-87,Regular Season,10.0,Utah Jazz*,26.9,44.0,38.0,42.0,40.0,0.4,-0.36,0.04,104.1,103.7,0.4,103.2,0.318,0.06,0.516,,0.466,15.7,31.2,0.269,,65.2,,Salt Palace,491382.0,11985.0,82.0,8462.4,108.33577589924954,108.33760890192356,-4.235775899249546,-4.6376089019235565,0.4018330026740102,,,,,
1987,1986-87,Regular Season,11.0,Seattle SuperSonics*,26.1,39.0,43.0,42.0,40.0,0.46,-0.39,0.08,110.7,110.3,0.4,101.8,0.345,0.077,0.543,,0.486,13.5,37.6,0.296,,66.0,,Seattle Center Coliseum,356352.0,8692.0,82.0,8347.6,108.33577589924954,108.33760890192356,2.3642241007504623,1.9623910980764376,0.4018330026740244,,,,,
1987,1986-87,Regular Season,12.0,Philadelphia 76ers*,26.6,45.0,37.0,40.0,42.0,-0.2,0.31,0.11,108.3,108.5,-0.2,97.3,0.385,0.05,0.549,,0.499,14.5,34.9,0.215,,65.7,,The Spectrum,587748.0,14335.0,82.0,7978.599999999999,108.33577589924954,108.33760890192356,-0.0357758992495433,0.1623910980764407,-0.198166997325984,,,,,
1987,1986-87,Regular Season,13.0,Indiana Pacers*,25.9,41.0,41.0,39.0,43.0,-0.65,0.47,-0.17,106.0,106.6,-0.6,98.8,0.296,0.043,0.525,,0.487,14.9,30.5,0.281,,68.8,,Market Square Arena,521007.0,12707.0,82.0,8101.599999999999,108.33577589924954,108.33760890192356,-2.3357758992495405,-1.737608901923565,-0.5981669973259756,,,,,
1987,1986-87,Regular Season,14.0,Denver Nuggets*,28.2,37.0,45.0,39.0,43.0,-0.87,-0.28,-1.14,109.3,110.2,-0.9,106.2,0.323,0.049,0.527,,0.503,15.4,32.2,0.307,,67.0,,McNichols Sports Arena,494943.0,12072.0,82.0,8708.4,108.33577589924954,108.33760890192356,0.9642241007504566,1.8623910980764435,-0.8981669973259869,,,,,
1987,1986-87,Regular Season,15.0,Washington Bullets*,25.9,42.0,40.0,37.0,45.0,-1.37,0.35,-1.02,105.7,107.0,-1.3,100.2,0.342,0.029,0.511,,0.48,14.6,34.5,0.222,,63.4,,Capital Centre,485316.0,11837.0,82.0,8216.4,108.33577589924954,108.33760890192356,-2.6357758992495377,-1.3376089019235593,-1.2981669973259784,,,,,
1987,1986-87,Regular Season,16.0,Golden State Warriors*,26.9,42.0,40.0,35.0,47.0,-2.34,-0.2,-2.54,108.9,111.2,-2.3,101.7,0.341,0.049,0.539,,0.503,14.2,32.5,0.272,,65.3,,Oakland-Alameda County Coliseum Arena,423997.0,10341.0,82.0,8339.4,108.33577589924954,108.33760890192356,0.5642241007504651,2.8623910980764435,-2.2981669973259784,,,,,
1987,1986-87,Regular Season,17.0,Phoenix Suns,26.0,36.0,46.0,35.0,47.0,-2.44,-0.19,-2.63,108.0,110.4,-2.4,102.0,0.348,0.035,0.55,,0.502,14.4,32.1,0.265,,65.7,,Arizona Veterans Memorial Coliseum,458347.0,11179.0,82.0,8364.0,108.33577589924954,108.33760890192356,-0.3357758992495405,2.0623910980764464,-2.398166997325987,,,,,
1987,1986-87,Regular Season,18.0,Sacramento Kings,26.3,29.0,53.0,33.0,49.0,-3.22,-0.12,-3.34,108.9,112.1,-3.2,101.3,0.334,0.041,0.535,,0.498,12.4,35.2,0.257,,67.8,,ARCO Arena (I),423653.0,10333.0,82.0,8306.6,108.33577589924954,108.33760890192356,0.5642241007504651,3.762391098076435,-3.19816699732597,,,,,
1987,1986-87,Regular Season,19.0,Cleveland Cavaliers,24.6,31.0,51.0,31.0,51.0,-3.82,0.63,-3.19,102.6,106.4,-3.8,101.3,0.359,0.047,0.519,,0.484,14.2,34.4,0.224,,65.9,,Coliseum at Richfield,447125.0,10905.0,82.0,8306.6,108.33577589924954,108.33760890192356,-5.735775899249546,-1.9376089019235536,-3.7981669973259926,,,,,
1987,1986-87,Regular Season,20.0,New Jersey Nets,26.2,24.0,58.0,28.0,54.0,-5.05,0.63,-4.42,105.6,110.5,-4.9,101.8,0.368,0.063,0.54,,0.488,13.8,33.2,0.33,,68.1,,Brendan Byrne Arena,452704.0,11042.0,82.0,8347.6,108.33577589924954,108.33760890192356,-2.7357758992495462,2.1623910980764407,-4.898166997325987,,,,,
1987,1986-87,Regular Season,21.0,San Antonio Spurs,27.1,28.0,54.0,28.0,54.0,-5.1,0.01,-5.09,105.9,110.8,-4.9,101.7,0.307,0.054,0.525,,0.514,14.5,34.3,0.244,,68.1,,HemisFair Arena,341132.0,8320.0,82.0,8339.4,108.33577589924954,108.33760890192356,-2.435775899249535,2.462391098076438,-4.898166997325973,,,,,
1987,1986-87,Regular Season,22.0,New York Knicks,26.4,24.0,58.0,25.0,57.0,-6.27,0.85,-5.42,104.8,111.1,-6.3,98.5,0.336,0.053,0.528,,0.497,14.6,31.2,0.27,,61.9,,Madison Square Garden (IV),538048.0,13123.0,82.0,8077.0,108.33577589924954,108.33760890192356,-3.5357758992495434,2.762391098076435,-6.298166997325978,,,,,
1987,1986-87,Regular Season,23.0,Los Angeles Clippers,26.2,12.0,70.0,16.0,66.0,-11.43,0.42,-11.0,101.2,112.3,-11.1,102.7,0.343,0.047,0.508,,0.526,15.5,31.8,0.258,,64.3,,Los Angeles Memorial Sports Arena,316140.0,7711.0,82.0,8421.4,108.33577589924954,108.33760890192356,-7.135775899249538,3.962391098076438,-11.098166997325976,,,,,
1987,1986-87,Playoffs,1.0,Los Angeles Lakers,28.3,15.0,3.0,14.0,4.0,,,,119.9,108.6,11.3,100.5,0.425,0.077,0.592,,0.481,12.3,33.7,0.216,,67.6,,,,,18.0,1809.0,112.04487759081388,112.05638838737632,7.855122409186123,-3.456388387376336,11.31151079656246,0.833,,,,
1987,1986-87,Playoffs,2.0,Detroit Pistons,26.9,10.0,5.0,10.0,5.0,,,,113.9,107.7,6.2,95.9,0.343,0.035,0.549,,0.477,13.9,34.6,0.297,,69.2,,,,,15.0,1438.5,112.04487759081388,112.05638838737632,1.855122409186123,-4.356388387376327,6.21151079656245,0.667,,,,
1987,1986-87,Playoffs,3.0,Houston Rockets,26.9,5.0,5.0,6.0,4.0,,,,110.4,108.7,1.7,96.4,0.415,0.052,0.557,,0.463,11.8,34.0,0.255,,64.6,,,,,10.0,964.0,112.04487759081388,112.05638838737632,-1.644877590813877,-3.3563883873763274,1.7115107965624503,0.5,,,,
1987,1986-87,Playoffs,4.0,Atlanta Hawks,26.0,4.0,5.0,5.0,4.0,,,,109.4,108.7,0.7,91.5,0.424,0.044,0.54,,0.47,13.9,34.4,0.358,,66.8,,,,,9.0,823.5,112.04487759081388,112.05638838737632,-2.644877590813877,-3.3563883873763274,0.7115107965624503,0.444,,,,
1987,1986-87,Playoffs,5.0,Milwaukee Bucks,28.5,6.0,6.0,6.0,6.0,,,,115.3,114.8,0.5,99.1,0.382,0.075,0.545,,0.514,13.6,30.1,0.314,,65.9,,,,,12.0,1189.1999999999998,112.04487759081388,112.05638838737632,3.2551224091861144,2.743611612623667,0.5115107965624475,0.5,,,,
1987,1986-87,Playoffs,6.0,Boston Celtics,29.5,13.0,10.0,11.0,12.0,,,,114.7,115.8,-1.1,97.2,0.374,0.079,0.574,,0.508,10.1,29.3,0.26,,70.2,,,,,23.0,2235.6,112.04487759081388,112.05638838737632,2.65512240918612,3.743611612623667,-1.0884892034375468,0.565,,,,
1987,1986-87,Playoffs,7.0,Utah Jazz,26.4,2.0,3.0,2.0,3.0,,,,105.1,106.6,-1.5,95.9,0.366,0.077,0.526,,0.482,15.3,35.0,0.267,,68.8,,,,,5.0,479.5,112.04487759081388,112.05638838737632,-6.944877590813888,-5.456388387376336,-1.4884892034375523,0.4,,,,
1987,1986-87,Playoffs,8.0,Philadelphia 76ers,27.3,2.0,3.0,2.0,3.0,,,,111.6,113.2,-1.6,98.6,0.378,0.046,0.555,,0.479,10.7,35.5,0.28,,66.2,,,,,5.0,493.0,112.04487759081388,112.05638838737632,-0.4448775908138884,1.1436116126236726,-1.588489203437561,0.4,,,,
1987,1986-87,Playoffs,9.0,Seattle SuperSonics,26.4,7.0,7.0,6.0,8.0,,,,110.3,112.3,-2.0,97.7,0.31,0.072,0.518,,0.497,14.3,36.2,0.367,,67.3,,,,,14.0,1367.8,112.04487759081388,112.05638838737632,-1.7448775908138856,0.2436116126236669,-1.9884892034375523,0.5,,,,
1987,1986-87,Playoffs,10.0,Indiana Pacers,25.8,1.0,3.0,2.0,2.0,,,,103.9,107.2,-3.3,91.5,0.507,0.063,0.539,,0.493,14.0,25.0,0.347,,73.2,,,,,4.0,366.0,112.04487759081388,112.05638838737632,-8.144877590813877,-4.856388387376327,-3.2884892034375497,0.25,,,,
1987,1986-87,Playoffs,11.0,Dallas Mavericks,25.8,1.0,3.0,2.0,2.0,,,,114.3,118.2,-3.9,101.9,0.427,0.07,0.551,,0.516,11.0,33.7,0.26,,63.8,,,,,4.0,407.6,112.04487759081388,112.05638838737632,2.2551224091861144,6.143611612623673,-3.888489203437558,0.25,,,,
1987,1986-87,Playoffs,12.0,Portland Trail Blazers,27.3,1.0,3.0,1.0,3.0,,,,109.9,114.5,-4.6,98.9,0.412,0.043,0.534,,0.518,15.2,35.7,0.301,,64.9,,,,,4.0,395.6,112.04487759081388,112.05638838737632,-2.144877590813877,2.4436116126236698,-4.588489203437547,0.25,,,,
1987,1986-87,Playoffs,13.0,Golden State Warriors,27.3,4.0,6.0,4.0,6.0,,,,108.5,113.2,-4.7,98.7,0.284,0.057,0.532,,0.515,16.0,32.2,0.314,,61.7,,,,,10.0,987.0,112.04487759081388,112.05638838737632,-3.5448775908138828,1.1436116126236726,-4.688489203437555,0.4,,,,
1987,1986-87,Playoffs,14.0,Chicago Bulls,25.4,0.0,3.0,1.0,2.0,,,,109.4,118.4,-9.0,89.6,0.362,0.066,0.522,,0.512,10.0,31.0,0.289,,71.4,,,,,3.0,268.79999999999995,112.04487759081388,112.05638838737632,-2.644877590813877,6.343611612623676,-8.988489203437553,0.0,,,,
1987,1986-87,Playoffs,15.0,Washington Bullets,25.9,0.0,3.0,0.0,3.0,,,,92.2,111.7,-19.5,98.7,0.291,0.05,0.464,,0.511,13.1,28.2,0.173,,65.6,,,,,3.0,296.1,112.04487759081388,112.05638838737632,-19.84487759081388,-0.3563883873763274,-19.488489203437556,0.0,,,,
1987,1986-87,Playoffs,16.0,Denver Nuggets,27.0,0.0,3.0,0.0,3.0,,,,99.8,124.9,-25.1,108.6,0.275,0.059,0.475,,0.53,8.6,27.9,0.393,,68.8,,,,,3.0,325.79999999999995,112.04487759081388,112.05638838737632,-12.244877590813886,12.843611612623675,-25.08848920343756,0.0,,,,
1988,1987-88,Regular Season,1.0,Boston Celtics*,29.8,57.0,25.0,56.0,26.0,5.94,0.22,6.15,115.4,109.4,6.0,97.9,0.333,0.102,0.588,,0.489,12.5,29.8,0.237,,68.5,,Boston Garden,611231.0,14890.0,82.0,8027.8,108.05230527418794,108.04295319594829,7.347694725812062,1.3570468040517198,5.990647921760342,,,,,
1988,1987-88,Regular Season,2.0,Los Angeles Lakers*,28.9,62.0,20.0,56.0,26.0,5.84,-1.03,4.81,113.1,107.3,5.8,99.1,0.35,0.068,0.566,,0.484,13.0,32.3,0.206,,67.9,,The Forum,708477.0,17280.0,82.0,8126.2,108.05230527418794,108.04295319594829,5.04769472581205,-0.7429531959482887,5.790647921760339,,,,,
1988,1987-88,Regular Season,3.0,Detroit Pistons*,27.5,54.0,28.0,54.0,28.0,5.17,0.29,5.46,110.5,105.3,5.2,98.3,0.372,0.029,0.548,,0.475,14.0,34.2,0.245,,68.5,,Pontiac Silverdome,1066505.0,26012.0,82.0,8060.599999999999,108.05230527418794,108.04295319594829,2.447694725812056,-2.7429531959482887,5.190647921760345,,,,,
1988,1987-88,Regular Season,4.0,Dallas Mavericks*,27.0,53.0,29.0,52.0,30.0,4.37,-0.77,3.59,112.2,107.7,4.5,97.0,0.349,0.073,0.54,,0.481,13.0,37.5,0.203,,67.5,,Reunion Arena,695592.0,16966.0,82.0,7954.0,108.05230527418794,108.04295319594829,4.147694725812059,-0.342953195948283,4.490647921760342,,,,,
1988,1987-88,Regular Season,5.0,Portland Trail Blazers*,27.1,53.0,29.0,52.0,30.0,4.52,-0.94,3.59,111.8,107.4,4.4,103.6,0.362,0.051,0.55,,0.485,14.5,34.3,0.275,,68.4,,Memorial Coliseum,519306.0,12666.0,82.0,8495.199999999999,108.05230527418794,108.04295319594829,3.747694725812053,-0.6429531959482802,4.390647921760333,,,,,
1988,1987-88,Regular Season,6.0,Denver Nuggets*,28.7,54.0,28.0,51.0,31.0,4.07,-0.75,3.32,110.1,106.3,3.8,105.5,0.288,0.071,0.534,,0.498,16.0,29.7,0.26,,67.4,,McNichols Sports Arena,520881.0,12704.0,82.0,8651.0,108.05230527418794,108.04295319594829,2.0476947258120504,-1.742953195948289,3.790647921760339,,,,,
1988,1987-88,Regular Season,7.0,Utah Jazz*,27.3,47.0,35.0,51.0,31.0,3.68,-0.73,2.96,106.8,103.1,3.7,101.5,0.339,0.057,0.546,,0.459,14.9,30.4,0.262,,66.7,,Salt Palace,503969.0,12292.0,82.0,8323.0,108.05230527418794,108.04295319594829,-1.2523052741879468,-4.942953195948292,3.6906479217603447,,,,,
1988,1987-88,Regular Season,8.0,Atlanta Hawks*,26.8,50.0,32.0,51.0,31.0,3.6,0.42,4.02,111.3,107.6,3.7,96.4,0.344,0.04,0.541,,0.481,14.2,34.3,0.28,,67.3,,Omni Coliseum,572460.0,13962.0,82.0,7904.8,108.05230527418794,108.04295319594829,3.247694725812053,-0.4429531959482915,3.6906479217603447,,,,,
1988,1987-88,Regular Season,9.0,Chicago Bulls*,25.5,50.0,32.0,50.0,32.0,3.4,0.35,3.76,109.0,105.5,3.5,95.5,0.317,0.035,0.539,,0.478,13.5,34.0,0.24,,70.6,,Chicago Stadium,740411.0,18059.0,82.0,7831.0,108.05230527418794,108.04295319594829,0.947694725812056,-2.542953195948286,3.490647921760342,,,,,
1988,1987-88,Regular Season,10.0,Seattle SuperSonics*,25.6,44.0,38.0,46.0,36.0,2.06,-0.77,1.29,110.2,108.1,2.1,100.2,0.328,0.086,0.536,,0.495,15.9,36.3,0.33,,67.2,,Seattle Center Coliseum,475983.0,11609.0,82.0,8216.4,108.05230527418794,108.04295319594829,2.147694725812059,0.0570468040517084,2.0906479217603504,,,,,
1988,1987-88,Regular Season,11.0,Houston Rockets*,27.7,46.0,36.0,45.0,37.0,1.39,-0.57,0.82,107.1,105.7,1.4,101.8,0.338,0.04,0.529,,0.473,14.2,33.1,0.243,,66.7,,The Summit,681051.0,16611.0,82.0,8347.6,108.05230527418794,108.04295319594829,-0.9523052741879496,-2.342953195948283,1.3906479217603334,,,,,
1988,1987-88,Regular Season,12.0,Cleveland Cavaliers*,24.6,42.0,40.0,43.0,39.0,0.76,0.52,1.28,106.8,106.0,0.8,97.3,0.361,0.05,0.547,,0.485,15.2,31.0,0.227,,66.4,,Coliseum at Richfield,504847.0,12313.0,82.0,7978.599999999999,108.05230527418794,108.04295319594829,-1.2523052741879468,-2.042953195948286,0.790647921760339,,,,,
1988,1987-88,Regular Season,13.0,Milwaukee Bucks*,28.6,42.0,40.0,42.0,40.0,0.54,0.68,1.21,108.2,107.6,0.6,97.6,0.334,0.058,0.536,,0.483,14.2,31.8,0.259,,66.6,,MECCA Arena,441615.0,10771.0,82.0,8003.2,108.05230527418794,108.04295319594829,0.1476947258120589,-0.4429531959482915,0.5906479217603504,,,,,
1988,1987-88,Regular Season,14.0,New York Knicks*,25.3,38.0,44.0,40.0,42.0,-0.49,0.63,0.14,105.9,106.4,-0.5,99.1,0.319,0.078,0.525,,0.486,17.0,36.0,0.324,,65.5,,Madison Square Garden (IV),586752.0,14311.0,82.0,8126.2,108.05230527418794,108.04295319594829,-2.1523052741879383,-1.6429531959482802,-0.5093520782396581,,,,,
1988,1987-88,Regular Season,15.0,Washington Bullets*,26.6,38.0,44.0,39.0,43.0,-0.77,0.61,-0.16,106.5,107.2,-0.7,98.1,0.346,0.019,0.524,,0.487,14.4,34.2,0.231,,65.2,,Capital Centre,433376.0,10570.0,82.0,8044.2,108.05230527418794,108.04295319594829,-1.552305274187944,-0.842953195948283,-0.709352078239661,,,,,
1988,1987-88,Regular Season,16.0,Indiana Pacers,25.7,38.0,44.0,39.0,43.0,-0.79,0.62,-0.18,106.6,107.4,-0.8,98.0,0.277,0.068,0.535,,0.481,13.5,30.1,0.263,,67.9,,Market Square Arena,502244.0,12250.0,82.0,8036.0,108.05230527418794,108.04295319594829,-1.4523052741879496,-0.6429531959482802,-0.8093520782396695,,,,,
1988,1987-88,Regular Season,17.0,Philadelphia 76ers,27.2,36.0,46.0,37.0,45.0,-1.44,0.65,-0.79,108.8,110.3,-1.5,96.0,0.403,0.069,0.543,,0.506,13.8,35.4,0.232,,67.5,,The Spectrum,505245.0,12323.0,82.0,7872.0,108.05230527418794,108.04295319594829,0.7476947258120532,2.2570468040517118,-1.509352078239658,,,,,
1988,1987-88,Regular Season,18.0,Phoenix Suns,27.5,28.0,54.0,30.0,52.0,-4.48,-0.33,-4.8,107.0,111.4,-4.4,101.2,0.301,0.049,0.538,,0.507,13.4,31.5,0.265,,68.3,,Arizona Veterans Memorial Coliseum,452354.0,11033.0,82.0,8298.4,108.05230527418794,108.04295319594829,-1.052305274187944,3.35704680405172,-4.409352078239664,,,,,
1988,1987-88,Regular Season,19.0,San Antonio Spurs*,26.2,31.0,51.0,29.0,53.0,-4.88,-0.14,-5.02,108.2,112.8,-4.6,104.4,0.319,0.055,0.54,,0.512,14.0,32.0,0.242,,64.4,,HemisFair Arena,334354.0,8155.0,82.0,8560.800000000001,108.05230527418794,108.04295319594829,0.1476947258120589,4.757046804051711,-4.609352078239652,,,,,
1988,1987-88,Regular Season,20.0,Sacramento Kings,26.1,24.0,58.0,27.0,55.0,-5.76,-0.08,-5.84,106.5,112.1,-5.6,100.9,0.317,0.061,0.53,,0.506,12.3,33.7,0.237,,68.1,,ARCO Arena (I),423653.0,10333.0,82.0,8273.800000000001,108.05230527418794,108.04295319594829,-1.552305274187944,4.0570468040517085,-5.609352078239652,,,,,
1988,1987-88,Regular Season,21.0,New Jersey Nets,26.7,19.0,63.0,21.0,61.0,-8.11,1.13,-6.98,101.4,109.6,-8.2,98.6,0.337,0.066,0.523,,0.506,15.2,30.4,0.274,,68.6,,Brendan Byrne Arena,476054.0,11611.0,82.0,8085.2,108.05230527418794,108.04295319594829,-6.652305274187938,1.5570468040517085,-8.209352078239647,,,,,
1988,1987-88,Regular Season,22.0,Golden State Warriors,25.4,20.0,62.0,21.0,61.0,-8.32,-0.06,-8.38,104.7,112.9,-8.2,101.6,0.298,0.042,0.524,,0.511,14.4,31.2,0.283,,65.1,,Oakland-Alameda County Coliseum Arena,440294.0,10739.0,82.0,8331.199999999999,108.05230527418794,108.04295319594829,-3.352305274187941,4.85704680405172,-8.209352078239661,,,,,
1988,1987-88,Regular Season,23.0,Los Angeles Clippers,26.2,17.0,65.0,16.0,66.0,-10.32,0.07,-10.24,97.4,107.6,-10.2,100.8,0.32,0.044,0.494,,0.486,14.8,30.9,0.244,,65.4,,Los Angeles Memorial Sports Arena,345589.0,8429.0,82.0,8265.6,108.05230527418794,108.04295319594829,-10.652305274187938,-0.4429531959482915,-10.209352078239649,,,,,
1988,1987-88,Playoffs,1.0,Detroit Pistons,27.8,14.0,9.0,15.0,8.0,,,,107.6,102.7,4.9,91.1,0.354,0.043,0.522,,0.453,13.7,33.4,0.29,,72.0,,,,,23.0,2095.3,110.40631900087072,110.42681205176436,-2.806319000870729,-7.726812051764355,4.920493050893626,0.609,,,,
1988,1987-88,Playoffs,2.0,Los Angeles Lakers,29.2,15.0,9.0,14.0,10.0,,,,114.1,111.4,2.7,92.5,0.338,0.074,0.562,,0.487,12.4,33.5,0.229,,65.0,,,,,24.0,2220.0,110.40631900087072,110.42681205176436,3.6936809991292714,0.9731879482356476,2.720493050893623,0.625,,,,
1988,1987-88,Playoffs,3.0,Atlanta Hawks,27.0,6.0,6.0,7.0,5.0,,,,115.7,114.2,1.5,93.9,0.335,0.053,0.559,,0.513,14.3,31.1,0.33,,66.6,,,,,12.0,1126.8000000000002,110.40631900087072,110.42681205176436,5.293680999129279,3.7731879482356447,1.5204930508936343,0.5,,,,
1988,1987-88,Playoffs,4.0,Utah Jazz,26.7,6.0,5.0,6.0,5.0,,,,108.7,107.6,1.1,95.1,0.397,0.069,0.554,,0.471,13.0,27.2,0.211,,62.1,,,,,11.0,1046.1,110.40631900087072,110.42681205176436,-1.706319000870721,-2.826812051764364,1.1204930508936428,0.545,,,,
1988,1987-88,Playoffs,5.0,Boston Celtics,30.7,9.0,8.0,9.0,8.0,,,,110.1,109.1,1.0,92.3,0.388,0.086,0.554,,0.484,12.3,30.0,0.243,,69.8,,,,,17.0,1569.1,110.40631900087072,110.42681205176436,-0.3063190008707295,-1.3268120517643638,1.0204930508936343,0.529,,,,
1988,1987-88,Playoffs,6.0,Dallas Mavericks,27.0,10.0,7.0,8.0,9.0,,,,114.7,114.8,-0.1,94.1,0.314,0.063,0.547,,0.499,11.1,38.2,0.223,,65.6,,,,,17.0,1599.6999999999998,110.40631900087072,110.42681205176436,4.293680999129279,4.373187948235639,-0.07950694910636,0.588,,,,
1988,1987-88,Playoffs,7.0,Seattle SuperSonics,25.6,2.0,3.0,2.0,3.0,,,,114.9,115.5,-0.6,99.4,0.318,0.087,0.561,,0.468,9.6,34.3,0.362,,69.1,,,,,5.0,497.0,110.40631900087072,110.42681205176436,4.493680999129282,5.073187948235642,-0.57950694910636,0.4,,,,
1988,1987-88,Playoffs,8.0,Milwaukee Bucks,28.5,2.0,3.0,2.0,3.0,,,,113.7,115.0,-1.3,95.5,0.43,0.063,0.549,,0.523,12.6,36.9,0.302,,69.3,,,,,5.0,477.5,110.40631900087072,110.42681205176436,3.293680999129279,4.573187948235642,-1.2795069491063629,0.4,,,,
1988,1987-88,Playoffs,9.0,Cleveland Cavaliers,24.9,2.0,3.0,2.0,3.0,,,,108.0,109.8,-1.8,92.9,0.328,0.06,0.544,,0.464,11.2,30.2,0.199,,62.8,,,,,5.0,464.5,110.40631900087072,110.42681205176436,-2.406319000870724,-0.626812051764361,-1.7795069491063629,0.4,,,,
1988,1987-88,Playoffs,10.0,Denver Nuggets,29.0,5.0,6.0,5.0,6.0,,,,111.7,114.1,-2.4,99.2,0.31,0.117,0.524,,0.519,13.8,31.6,0.261,,65.3,,,,,11.0,1091.2,110.40631900087072,110.42681205176436,1.293680999129279,3.673187948235636,-2.379506949106357,0.455,,,,
1988,1987-88,Playoffs,11.0,Houston Rockets,27.6,1.0,3.0,2.0,2.0,,,,109.7,112.3,-2.6,95.3,0.342,0.072,0.527,,0.507,13.8,35.8,0.255,,66.7,,,,,4.0,381.2,110.40631900087072,110.42681205176436,-0.706319000870721,1.873187948235639,-2.57950694910636,0.25,,,,
1988,1987-88,Playoffs,12.0,Portland Trail Blazers,27.1,1.0,3.0,1.0,3.0,,,,103.1,107.3,-4.2,101.2,0.273,0.081,0.485,,0.525,17.8,37.8,0.392,,77.9,,,,,4.0,404.8,110.40631900087072,110.42681205176436,-7.3063190008707295,-3.126812051764361,-4.1795069491063686,0.25,,,,
1988,1987-88,Playoffs,13.0,Chicago Bulls,24.9,4.0,6.0,4.0,6.0,,,,102.1,106.5,-4.4,92.8,0.249,0.036,0.502,,0.472,13.1,32.1,0.238,,67.7,,,,,10.0,928.0,110.40631900087072,110.42681205176436,-8.30631900087073,-3.926812051764358,-4.379506949106371,0.4,,,,
1988,1987-88,Playoffs,14.0,Washington Bullets,27.1,2.0,3.0,2.0,3.0,,,,105.9,110.3,-4.4,89.9,0.415,0.023,0.52,,0.471,13.5,32.5,0.274,,59.4,,,,,5.0,449.5,110.40631900087072,110.42681205176436,-4.506319000870718,-0.1268120517643609,-4.379506949106357,0.4,,,,
1988,1987-88,Playoffs,15.0,San Antonio Spurs,26.0,0.0,3.0,1.0,2.0,,,,103.9,114.0,-10.1,105.6,0.23,0.069,0.513,,0.559,16.6,30.6,0.264,,64.2,,,,,3.0,316.79999999999995,110.40631900087072,110.42681205176436,-6.506319000870718,3.573187948235642,-10.07950694910636,0.0,,,,
1988,1987-88,Playoffs,16.0,New York Knicks,25.1,1.0,3.0,1.0,3.0,,,,105.2,117.1,-11.9,94.4,0.264,0.135,0.511,,0.522,13.8,32.9,0.354,,67.3,,,,,4.0,377.6,110.40631900087072,110.42681205176436,-5.206319000870721,6.673187948235636,-11.879506949106355,0.25,,,,
1989,1988-89,Regular Season,1.0,Cleveland Cavaliers*,26.1,57.0,25.0,60.0,22.0,7.6,0.35,7.95,110.6,102.9,7.7,98.0,0.353,0.069,0.559,,0.473,15.0,31.2,0.185,,67.1,,Coliseum at Richfield,721426.0,17596.0,82.0,8036.0,107.78328696343402,107.77472575516694,2.816713036565972,-4.874725755166935,7.691438791732907,,,,,
1989,1988-89,Regular Season,2.0,Phoenix Suns*,25.7,55.0,27.0,59.0,23.0,7.7,-0.86,6.84,113.1,105.7,7.4,104.5,0.344,0.064,0.56,,0.476,13.5,30.8,0.225,,67.7,,Arizona Veterans Memorial Coliseum,447061.0,10904.0,82.0,8569.0,107.78328696343402,107.77472575516694,5.316713036565972,-2.074725755166938,7.391438791732909,,,,,
1989,1988-89,Regular Season,3.0,Los Angeles Lakers*,29.5,57.0,25.0,58.0,24.0,7.17,-0.79,6.38,113.8,106.7,7.1,100.1,0.351,0.093,0.57,,0.482,13.0,33.0,0.205,,68.9,,Great Western Forum,717349.0,17496.0,82.0,8208.199999999999,107.78328696343402,107.77472575516694,6.0167130365659744,-1.0747257551669378,7.091438791732912,,,,,
1989,1988-89,Regular Season,4.0,Detroit Pistons*,28.7,63.0,19.0,56.0,26.0,5.8,0.44,6.24,110.8,104.7,6.1,95.5,0.346,0.058,0.551,,0.458,13.2,34.5,0.26,,69.2,,The Palace of Auburn Hills,879405.0,21449.0,82.0,7831.0,107.78328696343402,107.77472575516694,3.0167130365659744,-3.074725755166938,6.091438791732912,,,,,
1989,1988-89,Regular Season,5.0,Utah Jazz*,27.4,51.0,31.0,55.0,27.0,5.02,-1.01,4.01,106.6,101.5,5.1,98.0,0.416,0.058,0.55,,0.447,13.9,32.0,0.246,,68.1,,Salt Palace,509501.0,12427.0,82.0,8036.0,107.78328696343402,107.77472575516694,-1.1832869634340284,-6.274725755166941,5.091438791732912,,,,,
1989,1988-89,Regular Season,6.0,Atlanta Hawks*,28.5,52.0,30.0,54.0,28.0,4.91,0.35,5.26,112.2,107.2,5.0,98.3,0.375,0.055,0.54,,0.482,15.4,37.1,0.256,,64.7,,Omni Coliseum,644291.0,15714.0,82.0,8060.599999999999,107.78328696343402,107.77472575516694,4.41671303656598,-0.5747257551669378,4.991438791732918,,,,,
1989,1988-89,Regular Season,7.0,Milwaukee Bucks*,28.5,49.0,33.0,50.0,32.0,3.61,0.5,4.11,110.1,106.4,3.7,98.6,0.332,0.079,0.544,,0.493,16.1,32.7,0.266,,67.5,,Bradley Center,700984.0,17097.0,82.0,8085.2,107.78328696343402,107.77472575516694,2.316713036565972,-1.374725755166935,3.6914387917329066,,,,,
1989,1988-89,Regular Season,8.0,New York Knicks*,25.3,52.0,30.0,50.0,32.0,3.77,-0.15,3.62,111.1,107.5,3.6,104.4,0.311,0.151,0.553,,0.504,16.7,36.2,0.249,,65.1,,Madison Square Garden (IV),746851.0,18216.0,82.0,8560.800000000001,107.78328696343402,107.77472575516694,3.316713036565972,-0.2747257551669406,3.5914387917329123,,,,,
1989,1988-89,Regular Season,9.0,Seattle SuperSonics*,26.3,47.0,35.0,48.0,34.0,2.9,-0.46,2.44,111.5,108.6,2.9,100.1,0.318,0.104,0.539,,0.498,16.0,38.3,0.271,,65.3,,Seattle Center Coliseum,456765.0,11141.0,82.0,8208.199999999999,107.78328696343402,107.77472575516694,3.716713036565977,0.8252742448330537,2.891438791732924,,,,,
1989,1988-89,Regular Season,10.0,Denver Nuggets*,29.8,44.0,38.0,45.0,37.0,1.7,-0.78,0.91,108.6,107.1,1.5,107.5,0.284,0.083,0.528,,0.505,15.6,29.6,0.264,,68.9,,McNichols Sports Arena,527337.0,12862.0,82.0,8815.0,107.78328696343402,107.77472575516694,0.8167130365659716,-0.6747257551669463,1.491438791732918,,,,,
1989,1988-89,Regular Season,11.0,Philadelphia 76ers*,27.0,46.0,36.0,45.0,37.0,1.5,0.18,1.68,113.0,111.5,1.5,98.5,0.348,0.09,0.552,,0.513,13.4,32.2,0.215,,67.2,,The Spectrum,531715.0,12969.0,82.0,8077.0,107.78328696343402,107.77472575516694,5.216713036565977,3.7252742448330594,1.491438791732918,,,,,
1989,1988-89,Regular Season,12.0,Chicago Bulls*,26.4,47.0,35.0,45.0,37.0,1.44,0.69,2.13,109.1,107.7,1.4,97.0,0.302,0.076,0.553,,0.487,13.5,30.7,0.239,,69.5,,Chicago Stadium,736962.0,17975.0,82.0,7954.0,107.78328696343402,107.77472575516694,1.3167130365659716,-0.0747257551669378,1.3914387917329094,,,,,
1989,1988-89,Regular Season,13.0,Portland Trail Blazers*,26.9,39.0,43.0,45.0,37.0,1.46,-0.55,0.92,109.4,108.0,1.4,103.9,0.31,0.083,0.53,,0.501,15.7,36.7,0.264,,67.4,,Memorial Coliseum,527008.0,12854.0,82.0,8519.800000000001,107.78328696343402,107.77472575516694,1.616713036565983,0.2252742448330593,1.3914387917329236,,,,,
1989,1988-89,Regular Season,14.0,Boston Celtics*,28.5,42.0,40.0,44.0,38.0,1.16,0.1,1.26,110.8,109.6,1.2,98.1,0.329,0.043,0.548,,0.493,12.7,34.7,0.248,,70.0,,Boston Garden,611537.0,14890.0,82.0,8044.2,107.78328696343402,107.77472575516694,3.0167130365659744,1.8252742448330537,1.1914387917329208,,,,,
1989,1988-89,Regular Season,15.0,Houston Rockets*,26.8,45.0,37.0,44.0,38.0,0.95,-0.73,0.22,105.7,104.8,0.9,101.8,0.351,0.073,0.535,,0.481,14.9,33.3,0.248,,69.0,,The Summit,680728.0,16603.0,82.0,8347.6,107.78328696343402,107.77472575516694,-2.08328696343402,-2.9747257551669435,0.8914387917329236,,,,,
1989,1988-89,Regular Season,16.0,Golden State Warriors*,26.0,43.0,39.0,40.0,42.0,-0.3,-0.29,-0.59,107.4,107.7,-0.3,107.3,0.299,0.079,0.529,,0.479,14.6,33.4,0.24,,64.1,,Oakland-Alameda County Coliseum Arena,587820.0,14337.0,82.0,8798.6,107.78328696343402,107.77472575516694,-0.383286963434017,-0.0747257551669378,-0.3085612082670792,,,,,
1989,1988-89,Regular Season,17.0,Dallas Mavericks,28.6,38.0,44.0,38.0,44.0,-1.21,-0.59,-1.79,107.4,108.6,-1.2,95.9,0.327,0.098,0.536,,0.48,12.5,29.5,0.215,,66.1,,Reunion Arena,695056.0,16953.0,82.0,7863.8,107.78328696343402,107.77472575516694,-0.383286963434017,0.8252742448330537,-1.2085612082670707,,,,,
1989,1988-89,Regular Season,18.0,Washington Bullets,26.2,40.0,42.0,35.0,47.0,-2.16,0.39,-1.77,106.4,108.5,-2.1,100.8,0.305,0.032,0.516,,0.493,14.2,33.1,0.267,,67.5,,Capital Centre,253980.0,6071.0,82.0,8265.6,107.78328696343402,107.77472575516694,-1.383286963434017,0.7252742448330594,-2.1085612082670764,,,,,
1989,1988-89,Regular Season,19.0,Indiana Pacers,25.2,28.0,54.0,30.0,52.0,-4.17,1.17,-3.0,106.8,111.0,-4.2,99.2,0.328,0.089,0.552,,0.478,12.4,31.5,0.275,,66.0,,Market Square Arena,335298.0,8178.0,82.0,8134.400000000001,107.78328696343402,107.77472575516694,-0.9832869634340256,3.22527424483306,-4.208561208267085,,,,,
1989,1988-89,Regular Season,20.0,Sacramento Kings,25.2,27.0,55.0,27.0,55.0,-5.55,0.2,-5.35,104.5,110.0,-5.5,100.5,0.286,0.112,0.523,,0.496,13.2,30.5,0.235,,67.7,,ARCO Arena (II),677197.0,16517.0,82.0,8241.0,107.78328696343402,107.77472575516694,-3.2832869634340227,2.22527424483306,-5.508561208267082,,,,,
1989,1988-89,Regular Season,21.0,New Jersey Nets,26.8,26.0,56.0,25.0,57.0,-6.35,0.66,-5.69,103.0,109.3,-6.3,100.1,0.313,0.079,0.517,,0.508,14.4,32.7,0.244,,70.1,,Brendan Byrne Arena,378397.0,9229.0,82.0,8208.199999999999,107.78328696343402,107.77472575516694,-4.783286963434023,1.5252742448330563,-6.308561208267079,,,,,
1989,1988-89,Regular Season,22.0,San Antonio Spurs,25.6,21.0,61.0,23.0,59.0,-7.28,-0.17,-7.45,100.9,107.9,-7.0,104.1,0.319,0.04,0.512,,0.5,17.2,34.5,0.294,,63.5,,HemisFair Arena,323573.0,7892.0,82.0,8536.199999999999,107.78328696343402,107.77472575516694,-6.883286963434017,0.125274244833065,-7.008561208267082,,,,,
1989,1988-89,Regular Season,23.0,Charlotte Hornets,27.2,20.0,62.0,21.0,61.0,-8.52,0.79,-7.74,103.7,112.1,-8.4,100.3,0.277,0.058,0.514,,0.508,14.7,30.3,0.287,,64.9,,Charlotte Coliseum,949858.0,23167.0,82.0,8224.6,107.78328696343402,107.77472575516694,-4.08328696343402,4.325274244833054,-8.408561208267074,,,,,
1989,1988-89,Regular Season,24.0,Los Angeles Clippers,24.6,21.0,61.0,18.0,64.0,-9.91,0.41,-9.5,100.8,110.2,-9.4,104.4,0.299,0.032,0.518,,0.497,14.1,31.2,0.237,,64.0,,Los Angeles Memorial Sports Arena,286614.0,6991.0,82.0,8560.800000000001,107.78328696343402,107.77472575516694,-6.9832869634340256,2.425274244833062,-9.408561208267088,,,,,
1989,1988-89,Regular Season,25.0,Miami Heat,25.2,15.0,67.0,15.0,67.0,-11.23,0.1,-11.13,97.8,109.0,-11.2,99.1,0.296,0.042,0.498,,0.499,16.0,35.6,0.292,,65.0,,Miami Arena,612754.0,14945.0,82.0,8126.2,107.78328696343402,107.77472575516694,-9.983286963434026,1.2252742448330594,-11.208561208267083,,,,,
1989,1988-89,Playoffs,1.0,Detroit Pistons,28.3,15.0,2.0,13.0,4.0,,,,113.2,104.5,8.7,88.9,0.367,0.104,0.541,,0.466,12.4,33.7,0.283,,74.4,,,,,17.0,1511.3000000000002,110.1711301287964,110.16989597212256,3.028869871203611,-5.669895972122561,8.698765843326171,0.882,,,,
1989,1988-89,Playoffs,2.0,Phoenix Suns,26.0,7.0,5.0,8.0,4.0,,,,113.4,106.6,6.8,104.4,0.32,0.092,0.545,,0.486,13.3,35.0,0.234,,72.6,,,,,12.0,1252.8000000000002,110.1711301287964,110.16989597212256,3.2288698712036137,-3.5698959721225663,6.79876584332618,0.583,,,,
1989,1988-89,Playoffs,3.0,Los Angeles Lakers,29.8,11.0,4.0,10.0,5.0,,,,115.8,110.9,4.9,95.4,0.43,0.121,0.577,,0.483,11.8,32.4,0.224,,66.2,,,,,15.0,1431.0,110.1711301287964,110.16989597212256,5.628869871203605,0.7301040278774451,4.89876584332616,0.733,,,,
1989,1988-89,Playoffs,4.0,Houston Rockets,26.8,1.0,3.0,2.0,2.0,,,,108.5,108.2,0.3,98.2,0.383,0.086,0.538,,0.486,14.2,30.5,0.261,,63.1,,,,,4.0,392.8,110.1711301287964,110.16989597212256,-1.671130128796392,-1.9698959721225575,0.2987658433261657,0.25,,,,
1989,1988-89,Playoffs,5.0,Chicago Bulls,26.5,9.0,8.0,9.0,8.0,,,,108.0,107.8,0.2,91.1,0.372,0.156,0.548,,0.474,13.7,30.8,0.28,,66.2,,,,,17.0,1548.6999999999998,110.1711301287964,110.16989597212256,-2.171130128796392,-2.3698959721225634,0.1987658433261714,0.529,,,,
1989,1988-89,Playoffs,6.0,Atlanta Hawks,28.3,2.0,3.0,2.0,3.0,,,,114.1,114.8,-0.7,86.8,0.491,0.117,0.54,,0.494,12.3,37.6,0.303,,69.8,,,,,5.0,434.0,110.1711301287964,110.16989597212256,3.9288698712036014,4.630104027877437,-0.7012341566738343,0.4,,,,
1989,1988-89,Playoffs,7.0,Cleveland Cavaliers,26.5,2.0,3.0,2.0,3.0,,,,105.3,106.2,-0.9,90.4,0.399,0.085,0.533,,0.481,13.8,29.4,0.222,,67.5,,,,,5.0,452.0,110.1711301287964,110.16989597212256,-4.871130128796395,-3.9698959721225577,-0.9012341566738372,0.4,,,,
1989,1988-89,Playoffs,8.0,New York Knicks,25.5,5.0,4.0,4.0,5.0,,,,110.4,112.3,-1.9,94.5,0.349,0.142,0.544,,0.518,14.2,34.6,0.282,,69.6,,,,,9.0,850.5,110.1711301287964,110.16989597212256,0.2288698712036136,2.1301040278774366,-1.901234156673823,0.556,,,,
1989,1988-89,Playoffs,9.0,Philadelphia 76ers,28.2,0.0,3.0,1.0,2.0,,,,107.2,109.9,-2.7,95.2,0.306,0.079,0.527,,0.5,13.6,24.1,0.245,,65.2,,,,,3.0,285.6,110.1711301287964,110.16989597212256,-2.971130128796389,-0.2698959721225549,-2.7012341566738343,0.0,,,,
1989,1988-89,Playoffs,10.0,Seattle SuperSonics,25.9,3.0,5.0,3.0,5.0,,,,107.1,112.5,-5.4,95.2,0.314,0.114,0.51,,0.491,14.0,38.7,0.341,,66.1,,,,,8.0,761.6,110.1711301287964,110.16989597212256,-3.0711301287963977,2.3301040278774394,-5.401234156673837,0.375,,,,
1989,1988-89,Playoffs,11.0,Milwaukee Bucks,28.7,3.0,6.0,3.0,6.0,,,,110.5,116.1,-5.6,86.0,0.342,0.101,0.539,,0.487,11.9,26.8,0.335,,63.1,,,,,9.0,774.0,110.1711301287964,110.16989597212256,0.328869871203608,5.930104027877434,-5.601234156673826,0.333,,,,
1989,1988-89,Playoffs,12.0,Golden State Warriors,26.1,4.0,4.0,2.0,6.0,,,,106.9,113.4,-6.5,102.7,0.282,0.136,0.521,,0.477,14.1,29.7,0.257,,58.4,,,,,8.0,821.6,110.1711301287964,110.16989597212256,-3.2711301287963863,3.230104027877445,-6.501234156673831,0.5,,,,
1989,1988-89,Playoffs,13.0,Denver Nuggets,30.6,0.0,3.0,1.0,2.0,,,,104.7,113.4,-8.7,107.6,0.271,0.137,0.532,,0.494,13.1,23.4,0.398,,70.8,,,,,3.0,322.79999999999995,110.1711301287964,110.16989597212256,-5.471130128796389,3.230104027877445,-8.701234156673834,0.0,,,,
1989,1988-89,Playoffs,14.0,Utah Jazz,27.5,0.0,3.0,1.0,2.0,,,,105.8,114.5,-8.7,99.6,0.331,0.126,0.513,,0.511,11.4,37.2,0.254,,71.1,,,,,3.0,298.79999999999995,110.1711301287964,110.16989597212256,-4.371130128796395,4.330104027877439,-8.701234156673834,0.0,,,,
1989,1988-89,Playoffs,15.0,Boston Celtics,27.7,0.0,3.0,1.0,2.0,,,,97.4,108.9,-11.5,92.8,0.268,0.032,0.485,,0.498,10.5,23.6,0.211,,72.8,,,,,3.0,278.4,110.1711301287964,110.16989597212256,-12.771130128796386,-1.269895972122555,-11.501234156673831,0.0,,,,
1989,1988-89,Playoffs,16.0,Portland Trail Blazers,26.9,0.0,3.0,1.0,2.0,,,,109.8,122.1,-12.3,97.5,0.262,0.103,0.51,,0.556,14.2,36.3,0.327,,62.3,,,,,3.0,292.5,110.1711301287964,110.16989597212256,-0.3711301287963948,11.930104027877434,-12.301234156673829,0.0,,,,
1990,1989-90,Regular Season,1.0,Los Angeles Lakers*,28.9,63.0,19.0,58.0,24.0,6.78,-0.04,6.74,114.0,107.0,7.0,96.3,0.345,0.12,0.562,,0.479,12.8,32.8,0.219,,68.5,,Great Western Forum,712498.0,17378.0,82.0,7896.599999999999,108.11623036649216,108.1364345173076,5.883769633507853,-1.136434517307606,7.020204150815459,,,,,
1990,1989-90,Regular Season,2.0,Phoenix Suns*,26.7,54.0,28.0,58.0,24.0,7.1,-0.01,7.09,113.1,106.2,6.9,100.7,0.38,0.076,0.565,,0.478,12.8,31.1,0.209,,68.8,,Arizona Veterans Memorial Coliseum,578661.0,14919.0,82.0,8257.4,108.11623036649216,108.1364345173076,4.983769633507848,-1.9364345173076032,6.920204150815451,,,,,
1990,1989-90,Regular Season,3.0,Detroit Pistons*,29.5,59.0,23.0,57.0,25.0,6.09,-0.68,5.41,109.9,103.5,6.4,94.4,0.323,0.078,0.537,,0.461,13.7,34.2,0.262,,70.3,,The Palace of Auburn Hills,879705.0,21456.0,82.0,7740.8,108.11623036649216,108.1364345173076,1.783769633507859,-4.636434517307606,6.420204150815465,,,,,
1990,1989-90,Regular Season,4.0,Portland Trail Blazers*,26.7,59.0,23.0,57.0,25.0,6.32,0.16,6.48,110.5,104.4,6.1,102.3,0.362,0.075,0.535,,0.479,15.2,36.5,0.265,,70.8,,Memorial Coliseum,528132.0,12881.0,82.0,8388.6,108.11623036649216,108.1364345173076,2.3837696335078533,-3.7364345173076,6.120204150815454,,,,,
1990,1989-90,Regular Season,5.0,Philadelphia 76ers*,27.4,53.0,29.0,54.0,28.0,4.99,-0.75,4.23,113.5,108.4,5.1,96.5,0.357,0.077,0.556,,0.495,13.3,32.0,0.223,,68.4,,The Spectrum,565926.0,14017.0,82.0,7913.0,108.11623036649216,108.1364345173076,5.383769633507853,0.2635654826923996,5.120204150815454,,,,,
1990,1989-90,Regular Season,6.0,Utah Jazz*,27.6,55.0,27.0,54.0,28.0,4.79,0.03,4.82,110.3,105.4,4.9,96.1,0.377,0.096,0.57,,0.468,13.4,30.1,0.268,,69.5,,Salt Palace,517256.0,12616.0,82.0,7880.2,108.11623036649216,108.1364345173076,2.1837696335078505,-2.7364345173076003,4.920204150815451,,,,,
1990,1989-90,Regular Season,7.0,Boston Celtics*,30.2,52.0,30.0,51.0,31.0,3.99,-0.76,3.23,112.0,107.9,4.1,98.2,0.301,0.057,0.557,,0.477,10.8,31.5,0.223,,72.1,,Boston Garden,611537.0,14890.0,82.0,8052.400000000001,108.11623036649216,108.1364345173076,3.883769633507853,-0.2364345173076003,4.120204150815454,,,,,
1990,1989-90,Regular Season,8.0,San Antonio Spurs*,26.4,56.0,26.0,50.0,32.0,3.49,0.09,3.58,107.7,104.2,3.5,98.5,0.362,0.032,0.537,,0.477,15.0,34.2,0.235,,68.7,,HemisFair Arena,586787.0,14334.0,82.0,8077.0,108.11623036649216,108.1364345173076,-0.4162303664921438,-3.936434517307603,3.52020415081546,,,,,
1990,1989-90,Regular Season,9.0,Chicago Bulls*,26.1,55.0,27.0,50.0,32.0,3.26,-0.51,2.74,112.3,109.0,3.3,96.7,0.302,0.094,0.559,,0.508,15.2,31.9,0.262,,68.1,,Chicago Stadium,752564.0,18380.0,82.0,7929.400000000001,108.11623036649216,108.1364345173076,4.1837696335078505,0.863565482692394,3.3202041508154565,,,,,
1990,1989-90,Regular Season,10.0,Houston Rockets*,27.9,41.0,41.0,45.0,37.0,1.46,0.24,1.71,104.8,103.4,1.4,101.2,0.313,0.068,0.531,,0.475,14.7,33.1,0.228,,69.2,,The Summit,649702.0,15846.0,82.0,8298.4,108.11623036649216,108.1364345173076,-3.316230366492149,-4.7364345173076,1.4202041508154508,,,,,
1990,1989-90,Regular Season,11.0,New York Knicks*,26.5,45.0,37.0,45.0,37.0,1.41,-0.63,0.78,109.4,108.0,1.4,98.2,0.331,0.1,0.547,,0.482,13.3,34.2,0.215,,66.0,,Madison Square Garden (IV),730432.0,17815.0,82.0,8052.400000000001,108.11623036649216,108.1364345173076,1.283769633507859,-0.136434517307606,1.420204150815465,,,,,
1990,1989-90,Regular Season,12.0,Denver Nuggets*,29.5,43.0,39.0,45.0,37.0,1.41,0.15,1.56,108.0,106.7,1.3,105.4,0.275,0.084,0.523,,0.501,15.2,29.1,0.264,,71.3,,McNichols Sports Arena,484288.0,12668.0,82.0,8642.800000000001,108.11623036649216,108.1364345173076,-0.1162303664921466,-1.4364345173076032,1.3202041508154565,,,,,
1990,1989-90,Regular Season,13.0,Seattle SuperSonics,25.6,41.0,41.0,44.0,38.0,1.04,0.36,1.4,110.9,109.8,1.1,95.3,0.299,0.09,0.535,,0.499,14.3,37.5,0.297,,69.1,,Seattle Center Coliseum,473277.0,12244.0,82.0,7814.599999999999,108.11623036649216,108.1364345173076,2.783769633507859,1.6635654826923911,1.120204150815468,,,,,
1990,1989-90,Regular Season,14.0,Atlanta Hawks,28.6,41.0,41.0,44.0,38.0,1.02,-0.39,0.64,113.0,111.9,1.1,95.8,0.362,0.059,0.547,,0.509,14.0,36.3,0.254,,65.5,,Omni Coliseum,573711.0,13993.0,82.0,7855.599999999999,108.11623036649216,108.1364345173076,4.883769633507853,3.7635654826924,1.1202041508154537,,,,,
1990,1989-90,Regular Season,15.0,Indiana Pacers*,26.4,42.0,40.0,41.0,41.0,0.16,-0.34,-0.18,111.5,111.4,0.1,97.0,0.343,0.113,0.572,,0.494,12.6,29.0,0.25,,67.1,,Market Square Arena,518923.0,12885.0,82.0,7954.0,108.11623036649216,108.1364345173076,3.3837696335078533,3.2635654826924,0.1202041508154536,,,,,
1990,1989-90,Regular Season,16.0,Dallas Mavericks*,29.2,47.0,35.0,41.0,41.0,0.07,0.35,0.42,107.2,107.2,0.0,94.5,0.331,0.071,0.536,,0.481,13.4,30.3,0.232,,67.9,,Reunion Arena,691490.0,16866.0,82.0,7749.0,108.11623036649216,108.1364345173076,-0.9162303664921438,-0.9364345173076032,0.0202041508154593,,,,,
1990,1989-90,Regular Season,17.0,Cleveland Cavaliers*,26.1,42.0,40.0,40.0,42.0,-0.3,-0.31,-0.62,106.9,107.2,-0.3,95.0,0.315,0.122,0.529,,0.49,14.0,31.5,0.202,,67.7,,Coliseum at Richfield,695710.0,16968.0,82.0,7790.0,108.11623036649216,108.1364345173076,-1.216230366492141,-0.9364345173076032,-0.2797958491845378,,,,,
1990,1989-90,Regular Season,18.0,Milwaukee Bucks*,28.1,44.0,38.0,39.0,43.0,-0.78,-0.28,-1.06,107.3,108.1,-0.8,98.0,0.318,0.094,0.533,,0.492,15.8,31.5,0.29,,66.0,,Bradley Center,659602.0,16088.0,82.0,8036.0,108.11623036649216,108.1364345173076,-0.8162303664921495,-0.0364345173076117,-0.7797958491845378,,,,,
1990,1989-90,Regular Season,19.0,Washington Bullets,27.5,31.0,51.0,35.0,47.0,-2.16,-0.27,-2.43,107.5,109.7,-2.2,99.4,0.276,0.026,0.519,,0.484,12.4,32.4,0.249,,67.2,,Capital Centre,458332.0,11706.0,82.0,8150.8,108.11623036649216,108.1364345173076,-0.6162303664921467,1.5635654826923968,-2.1797958491845435,,,,,
1990,1989-90,Regular Season,20.0,Golden State Warriors,26.0,37.0,45.0,33.0,49.0,-3.13,0.59,-2.55,109.6,112.6,-3.0,105.9,0.397,0.104,0.563,,0.494,13.6,26.1,0.253,,61.5,,Oakland-Alameda County Coliseum Arena,616025.0,15025.0,82.0,8683.800000000001,108.11623036649216,108.1364345173076,1.4837696335078476,4.463565482692388,-2.9797958491845407,,,,,
1990,1989-90,Regular Season,21.0,Los Angeles Clippers,24.5,30.0,52.0,32.0,50.0,-3.39,0.59,-2.8,104.0,107.4,-3.4,99.2,0.359,0.034,0.536,,0.489,14.3,30.9,0.241,,67.3,,Los Angeles Memorial Sports Arena,486621.0,11649.0,82.0,8134.400000000001,108.11623036649216,108.1364345173076,-4.116230366492147,-0.7364345173076003,-3.3797958491845463,,,,,
1990,1989-90,Regular Season,22.0,Minnesota Timberwolves,26.2,22.0,60.0,29.0,53.0,-4.23,0.63,-3.6,103.6,108.2,-4.6,91.1,0.311,0.043,0.499,,0.492,15.5,34.0,0.291,,66.2,,Hubert H. Humphrey Metrodome,1072572.0,26139.0,82.0,7470.2,108.11623036649216,108.1364345173076,-4.516230366492152,0.0635654826923968,-4.579795849184549,,,,,
1990,1989-90,Regular Season,23.0,Sacramento Kings,26.4,23.0,59.0,28.0,54.0,-5.06,0.65,-4.41,104.8,110.0,-5.2,96.7,0.278,0.092,0.527,,0.484,12.5,27.3,0.255,,67.3,,ARCO Arena (II),697667.0,17016.0,82.0,7929.400000000001,108.11623036649216,108.1364345173076,-3.316230366492149,1.863565482692394,-5.179795849184544,,,,,
1990,1989-90,Regular Season,24.0,New Jersey Nets,26.6,17.0,65.0,21.0,61.0,-7.87,0.05,-7.82,100.7,108.6,-7.9,99.3,0.317,0.068,0.486,,0.495,14.9,34.5,0.272,,67.0,,Brendan Byrne Arena,473760.0,12232.0,82.0,8142.599999999999,108.11623036649216,108.1364345173076,-7.416230366492144,0.4635654826923883,-7.879795849184532,,,,,
1990,1989-90,Regular Season,25.0,Charlotte Hornets,25.6,19.0,63.0,21.0,61.0,-7.82,0.81,-7.0,102.0,109.9,-7.9,98.1,0.274,0.085,0.511,,0.506,14.7,26.1,0.269,,67.5,,Charlotte Coliseum,979941.0,23901.0,82.0,8044.2,108.11623036649216,108.1364345173076,-6.116230366492147,1.7635654826923997,-7.879795849184546,,,,,
1990,1989-90,Regular Season,26.0,Orlando Magic,26.5,18.0,64.0,21.0,61.0,-8.91,0.19,-8.73,105.8,114.3,-8.5,104.1,0.362,0.052,0.521,,0.511,12.1,33.7,0.245,,67.8,,Orlando Arena,617468.0,15060.0,82.0,8536.199999999999,108.11623036649216,108.1364345173076,-2.316230366492149,6.163565482692391,-8.47979584918454,,,,,
1990,1989-90,Regular Season,27.0,Miami Heat,24.7,18.0,64.0,18.0,64.0,-9.72,0.13,-9.59,99.3,108.9,-9.6,101.0,0.276,0.041,0.501,,0.499,15.2,33.5,0.292,,67.3,,Miami Arena,615328.0,14916.0,82.0,8282.0,108.11623036649216,108.1364345173076,-8.81623036649215,0.7635654826923997,-9.57979584918455,,,,,
1990,1989-90,Playoffs,1.0,Detroit Pistons,29.3,15.0,5.0,15.0,5.0,,,,109.7,102.2,7.5,92.2,0.35,0.103,0.538,,0.451,14.1,33.9,0.28,,70.8,,,,,20.0,1844.0,109.4179943353447,109.43122079841214,0.2820056646553013,-7.231220798412139,7.51322646306744,0.75,,,,
1990,1989-90,Playoffs,2.0,San Antonio Spurs,25.3,6.0,4.0,7.0,3.0,,,,111.0,106.1,4.9,102.2,0.31,0.03,0.54,,0.459,13.5,35.1,0.319,,68.3,,,,,10.0,1022.0,109.4179943353447,109.43122079841214,1.5820056646552985,-3.331220798412147,4.913226463067446,0.6,,,,
1990,1989-90,Playoffs,3.0,Chicago Bulls,26.3,10.0,6.0,10.0,6.0,,,,109.9,106.2,3.7,92.7,0.371,0.109,0.538,,0.488,16.1,31.8,0.334,,69.3,,,,,16.0,1483.2,109.4179943353447,109.43122079841214,0.4820056646553041,-3.2312207984121386,3.7132264630674423,0.625,,,,
1990,1989-90,Playoffs,4.0,Phoenix Suns,27.1,9.0,7.0,10.0,6.0,,,,110.5,107.3,3.2,97.9,0.403,0.086,0.552,,0.469,12.1,30.6,0.228,,67.6,,,,,16.0,1566.4,109.4179943353447,109.43122079841214,1.0820056646552985,-2.1312207984121443,3.2132264630674428,0.563,,,,
1990,1989-90,Playoffs,5.0,Los Angeles Lakers,28.9,4.0,5.0,5.0,4.0,,,,112.7,110.0,2.7,94.1,0.35,0.118,0.568,,0.483,12.7,32.1,0.268,,66.1,,,,,9.0,846.9,109.4179943353447,109.43122079841214,3.2820056646553013,0.5687792015878586,2.7132264630674428,0.444,,,,
1990,1989-90,Playoffs,6.0,Cleveland Cavaliers,26.4,2.0,3.0,3.0,2.0,,,,113.9,111.3,2.6,93.8,0.401,0.09,0.583,,0.48,11.6,25.1,0.283,,69.6,,,,,5.0,469.0,109.4179943353447,109.43122079841214,4.482005664655304,1.868779201587856,2.6132264630674484,0.4,,,,
1990,1989-90,Playoffs,7.0,Boston Celtics,31.0,2.0,3.0,3.0,2.0,,,,119.0,118.4,0.6,99.9,0.363,0.082,0.616,,0.527,10.8,31.9,0.263,,67.8,,,,,5.0,499.5,109.4179943353447,109.43122079841214,9.582005664655298,8.968779201587864,0.6132264630674342,0.4,,,,
1990,1989-90,Playoffs,8.0,Utah Jazz,27.8,2.0,3.0,2.0,3.0,,,,108.0,109.5,-1.5,94.8,0.29,0.11,0.518,,0.48,14.0,29.1,0.361,,70.1,,,,,5.0,474.0,109.4179943353447,109.43122079841214,-1.4179943353447015,0.0687792015878585,-1.48677353693256,0.4,,,,
1990,1989-90,Playoffs,9.0,Portland Trail Blazers,26.7,12.0,9.0,9.0,12.0,,,,105.8,108.0,-2.2,99.3,0.395,0.105,0.516,,0.491,14.3,33.5,0.254,,67.7,,,,,21.0,2085.3,109.4179943353447,109.43122079841214,-3.617994335344704,-1.4312207984121414,-2.186773536932563,0.571,,,,
1990,1989-90,Playoffs,10.0,Philadelphia 76ers,27.3,4.0,6.0,3.0,7.0,,,,109.6,115.0,-5.4,93.2,0.385,0.103,0.546,,0.53,12.0,30.4,0.263,,71.3,,,,,10.0,932.0,109.4179943353447,109.43122079841214,0.1820056646552927,5.5687792015878586,-5.386773536932566,0.4,,,,
1990,1989-90,Playoffs,11.0,New York Knicks,28.0,4.0,6.0,3.0,7.0,,,,110.3,116.6,-6.3,95.2,0.337,0.082,0.541,,0.539,14.0,30.8,0.249,,67.2,,,,,10.0,952.0,109.4179943353447,109.43122079841214,0.8820056646552956,7.168779201587853,-6.286773536932557,0.4,,,,
1990,1989-90,Playoffs,12.0,Houston Rockets,27.3,1.0,3.0,1.0,3.0,,,,105.6,114.0,-8.4,92.6,0.328,0.118,0.505,,0.564,15.9,34.7,0.264,,71.4,,,,,4.0,370.4,109.4179943353447,109.43122079841214,-3.8179943353447072,4.5687792015878586,-8.386773536932566,0.25,,,,
1990,1989-90,Playoffs,13.0,Dallas Mavericks,28.3,0.0,3.0,1.0,2.0,,,,103.2,112.8,-9.6,97.2,0.333,0.119,0.54,,0.473,11.6,27.6,0.314,,62.3,,,,,3.0,291.6,109.4179943353447,109.43122079841214,-6.217994335344699,3.368779201587856,-9.586773536932554,0.0,,,,
1990,1989-90,Playoffs,14.0,Milwaukee Bucks,28.4,1.0,3.0,1.0,3.0,,,,107.3,117.4,-10.1,94.1,0.485,0.147,0.568,,0.529,13.8,26.0,0.359,,63.5,,,,,4.0,376.4,109.4179943353447,109.43122079841214,-2.1179943353447044,7.968779201587864,-10.086773536932569,0.25,,,,
1990,1989-90,Playoffs,15.0,Denver Nuggets,29.6,0.0,3.0,1.0,2.0,,,,105.1,116.1,-11.0,108.8,0.291,0.108,0.514,,0.529,11.8,24.8,0.227,,67.4,,,,,3.0,326.4,109.4179943353447,109.43122079841214,-4.317994335344707,6.668779201587853,-10.98677353693256,0.0,,,,
1990,1989-90,Playoffs,16.0,Indiana Pacers,26.2,0.0,3.0,0.0,3.0,,,,103.5,117.4,-13.9,88.6,0.32,0.101,0.529,,0.492,11.1,29.5,0.249,,63.3,,,,,3.0,265.79999999999995,109.4179943353447,109.43122079841214,-5.9179943353447015,7.968779201587864,-13.886773536932566,0.0,,,,
1991,1990-91,Regular Season,1.0,Chicago Bulls*,26.9,61.0,21.0,63.0,19.0,9.1,-0.53,8.57,114.6,105.2,9.4,95.6,0.296,0.06,0.56,,0.488,15.3,34.7,0.226,,68.8,,Chicago Stadium,757745.0,18480.0,82.0,7839.2,107.8827856439767,107.8936056636632,6.717214356023291,-2.693605663663206,9.410820019686495,,,,,
1991,1990-91,Regular Season,2.0,Portland Trail Blazers*,27.9,63.0,19.0,62.0,20.0,8.68,-0.21,8.47,112.8,104.3,8.5,100.5,0.344,0.123,0.554,,0.473,14.4,33.8,0.25,,70.4,,Memorial Coliseum,528244.0,12884.0,82.0,8241.0,107.8827856439767,107.8936056636632,4.917214356023294,-3.593605663663212,8.510820019686506,,,,,
1991,1990-91,Regular Season,3.0,Los Angeles Lakers*,28.4,58.0,24.0,59.0,23.0,6.74,-0.01,6.73,112.1,105.0,7.1,94.1,0.327,0.108,0.551,,0.474,12.8,33.0,0.176,,68.3,,Great Western Forum,682024.0,17076.0,82.0,7716.2,107.8827856439767,107.8936056636632,4.217214356023291,-2.893605663663209,7.1108200196865,,,,,
1991,1990-91,Regular Season,4.0,Phoenix Suns*,26.9,55.0,27.0,57.0,25.0,6.55,-0.06,6.49,112.6,106.1,6.5,101.0,0.372,0.06,0.558,,0.474,13.1,33.0,0.227,,68.5,,Arizona Veterans Memorial Coliseum,589591.0,14487.0,82.0,8282.0,107.8827856439767,107.8936056636632,4.717214356023291,-1.7936056636632145,6.510820019686506,,,,,
1991,1990-91,Regular Season,5.0,Boston Celtics*,28.2,56.0,26.0,56.0,26.0,5.82,-0.6,5.22,112.6,106.7,5.9,98.5,0.277,0.048,0.565,,0.465,11.7,33.0,0.217,,69.3,,Boston Garden,611537.0,14890.0,82.0,8077.0,107.8827856439767,107.8936056636632,4.717214356023291,-1.193605663663206,5.910820019686497,,,,,
1991,1990-91,Regular Season,6.0,San Antonio Spurs*,26.0,55.0,27.0,53.0,29.0,4.51,-0.21,4.3,107.8,103.3,4.5,98.6,0.352,0.043,0.544,,0.463,13.2,33.3,0.228,,70.3,,HemisFair Arena,651965.0,15926.0,82.0,8085.2,107.8827856439767,107.8936056636632,-0.082785643976706,-4.593605663663212,4.510820019686506,,,,,
1991,1990-91,Regular Season,7.0,Detroit Pistons*,30.5,50.0,32.0,50.0,32.0,3.27,-0.19,3.08,108.2,104.6,3.6,91.9,0.322,0.064,0.523,,0.464,12.8,34.7,0.248,,71.0,,The Palace of Auburn Hills,879614.0,21454.0,82.0,7535.8,107.8827856439767,107.8936056636632,0.3172143560232996,-3.2936056636632145,3.610820019686514,,,,,
1991,1990-91,Regular Season,8.0,Utah Jazz*,28.7,54.0,28.0,50.0,32.0,3.33,-0.15,3.18,108.6,105.1,3.5,95.3,0.378,0.07,0.559,,0.473,13.7,27.6,0.23,,69.2,,Salt Palace,514751.0,12616.0,82.0,7814.599999999999,107.8827856439767,107.8936056636632,0.7172143560232911,-2.7936056636632145,3.5108200196865056,,,,,
1991,1990-91,Regular Season,9.0,Houston Rockets*,27.3,52.0,30.0,50.0,32.0,3.5,-0.23,3.27,107.4,103.9,3.5,98.5,0.302,0.136,0.53,,0.469,14.7,34.4,0.22,,66.9,,The Summit,613230.0,14711.0,82.0,8077.0,107.8827856439767,107.8936056636632,-0.4827856439766975,-3.993605663663203,3.5108200196865056,,,,,
1991,1990-91,Regular Season,10.0,Milwaukee Bucks*,29.3,48.0,34.0,48.0,34.0,2.48,-0.15,2.33,109.7,107.2,2.5,96.1,0.323,0.108,0.55,,0.5,16.4,31.8,0.259,,66.1,,Bradley Center,673687.0,16480.0,82.0,7880.2,107.8827856439767,107.8936056636632,1.8172143560233,-0.693605663663206,2.5108200196865056,,,,,
1991,1990-91,Regular Season,11.0,Golden State Warriors*,26.5,44.0,38.0,45.0,37.0,1.63,0.09,1.72,111.9,110.3,1.6,103.6,0.376,0.109,0.559,,0.497,15.2,31.0,0.289,,64.1,,Oakland-Alameda County Coliseum Arena,616025.0,15049.0,82.0,8495.199999999999,107.8827856439767,107.8936056636632,4.017214356023303,2.4063943363367883,1.610820019686514,,,,,
1991,1990-91,Regular Season,12.0,Seattle SuperSonics*,26.2,41.0,41.0,44.0,38.0,1.23,0.08,1.31,109.7,108.5,1.2,96.2,0.301,0.06,0.542,,0.503,16.0,36.3,0.277,,66.3,,Seattle Center Coliseum,501250.0,12217.0,82.0,7888.400000000001,107.8827856439767,107.8936056636632,1.8172143560233,0.6063943363367912,1.2108200196865084,,,,,
1991,1990-91,Regular Season,13.0,Atlanta Hawks*,29.0,43.0,39.0,43.0,39.0,0.77,-0.05,0.72,110.9,110.1,0.8,98.6,0.352,0.116,0.54,,0.509,13.7,33.1,0.22,,69.1,,Omni Coliseum,529161.0,12907.0,82.0,8085.2,107.8827856439767,107.8936056636632,3.0172143560233025,2.206394336336785,0.810820019686517,,,,,
1991,1990-91,Regular Season,14.0,New York Knicks*,28.1,39.0,43.0,40.0,42.0,-0.23,-0.2,-0.43,107.1,107.3,-0.2,95.0,0.315,0.082,0.544,,0.489,13.4,31.1,0.205,,68.5,,Madison Square Garden (IV),654962.0,15975.0,82.0,7790.0,107.8827856439767,107.8936056636632,-0.7827856439767089,-0.5936056636632117,-0.1891799803134972,,,,,
1991,1990-91,Regular Season,15.0,Philadelphia 76ers*,28.4,44.0,38.0,41.0,41.0,-0.18,-0.21,-0.39,107.9,108.1,-0.2,95.7,0.342,0.089,0.542,,0.489,12.5,28.1,0.187,,68.3,,The Spectrum,624582.0,15471.0,82.0,7847.400000000001,107.8827856439767,107.8936056636632,0.0172143560233024,0.2063943363367855,-0.189179980313483,,,,,
1991,1990-91,Regular Season,16.0,Indiana Pacers*,26.4,41.0,41.0,40.0,42.0,-0.39,0.02,-0.37,111.7,112.1,-0.4,99.4,0.354,0.107,0.566,,0.503,13.1,30.6,0.254,,66.4,,Market Square Arena,465650.0,11546.0,82.0,8150.8,107.8827856439767,107.8936056636632,3.8172143560233,4.2063943363367855,-0.3891799803134859,,,,,
1991,1990-91,Regular Season,17.0,Cleveland Cavaliers,26.8,33.0,49.0,34.0,48.0,-2.46,0.14,-2.33,106.1,108.7,-2.6,95.1,0.317,0.07,0.534,,0.497,13.3,29.7,0.206,,68.0,,Coliseum at Richfield,623735.0,15213.0,82.0,7798.2,107.8827856439767,107.8936056636632,-1.782785643976709,0.806394336336794,-2.589179980313503,,,,,
1991,1990-91,Regular Season,18.0,Los Angeles Clippers,25.1,31.0,51.0,32.0,50.0,-3.45,0.29,-3.16,103.0,106.5,-3.5,99.9,0.311,0.059,0.511,,0.481,13.7,33.3,0.266,,69.2,,Los Angeles Memorial Sports Arena,522111.0,12734.0,82.0,8191.8,107.8827856439767,107.8936056636632,-4.882785643976703,-1.3936056636632088,-3.4891799803134944,,,,,
1991,1990-91,Regular Season,19.0,Orlando Magic,26.1,31.0,51.0,31.0,51.0,-3.98,0.18,-3.79,105.9,109.9,-4.0,99.5,0.337,0.104,0.521,,0.493,12.8,33.0,0.26,,68.9,,Orlando Arena,617668.0,15065.0,82.0,8159.0,107.8827856439767,107.8936056636632,-1.982785643976697,2.006394336336797,-3.9891799803134944,,,,,
1991,1990-91,Regular Season,20.0,Minnesota Timberwolves,26.2,29.0,53.0,30.0,52.0,-3.93,0.18,-3.75,106.7,110.9,-4.2,92.3,0.286,0.052,0.499,,0.502,13.8,34.9,0.248,,65.9,,Target Center,779530.0,18940.0,82.0,7568.599999999999,107.8827856439767,107.8936056636632,-1.1827856439767004,3.006394336336797,-4.189179980313497,,,,,
1991,1990-91,Regular Season,21.0,New Jersey Nets,26.2,26.0,56.0,29.0,53.0,-4.51,-0.02,-4.53,102.9,107.4,-4.5,99.3,0.301,0.079,0.5,,0.478,14.9,35.7,0.267,,64.6,,Brendan Byrne Arena,480786.0,11943.0,82.0,8142.599999999999,107.8827856439767,107.8936056636632,-4.9827856439766975,-0.4936056636632031,-4.489179980313494,,,,,
1991,1990-91,Regular Season,22.0,Dallas Mavericks,30.6,28.0,54.0,29.0,53.0,-4.57,0.31,-4.27,105.5,110.3,-4.8,94.2,0.288,0.087,0.528,,0.495,12.6,28.3,0.245,,67.9,,Reunion Arena,683927.0,16410.0,82.0,7724.400000000001,107.8827856439767,107.8936056636632,-2.3827856439767032,2.4063943363367883,-4.789179980313492,,,,,
1991,1990-91,Regular Season,23.0,Washington Bullets,26.5,30.0,52.0,28.0,54.0,-4.98,0.14,-4.84,103.0,108.1,-5.1,97.5,0.279,0.039,0.509,,0.478,13.1,32.2,0.242,,66.0,,Capital Centre,443683.0,11769.0,82.0,7995.0,107.8827856439767,107.8936056636632,-4.882785643976703,0.2063943363367855,-5.089179980313489,,,,,
1991,1990-91,Regular Season,24.0,Charlotte Hornets,25.5,26.0,56.0,27.0,55.0,-5.24,0.3,-4.95,105.0,110.4,-5.4,97.3,0.315,0.059,0.526,,0.504,15.0,29.0,0.272,,65.7,,Charlotte Coliseum,978141.0,23906.0,82.0,7978.599999999999,107.8827856439767,107.8936056636632,-2.8827856439767032,2.506394336336797,-5.3891799803135,,,,,
1991,1990-91,Regular Season,25.0,Miami Heat,24.0,24.0,58.0,25.0,57.0,-5.99,0.08,-5.91,102.0,108.1,-6.1,99.3,0.323,0.065,0.512,,0.491,15.3,34.3,0.286,,66.2,,Miami Arena,615328.0,15008.0,82.0,8142.599999999999,107.8827856439767,107.8936056636632,-5.882785643976703,0.2063943363367855,-6.089179980313489,,,,,
1991,1990-91,Regular Season,26.0,Sacramento Kings,25.9,25.0,57.0,23.0,59.0,-6.78,0.51,-6.27,102.0,109.1,-7.1,94.7,0.309,0.085,0.512,,0.481,14.3,28.8,0.306,,65.6,,ARCO Arena (II),697604.0,17015.0,82.0,7765.400000000001,107.8827856439767,107.8936056636632,-5.882785643976703,1.2063943363367855,-7.089179980313489,,,,,
1991,1990-91,Regular Season,27.0,Denver Nuggets,26.5,20.0,62.0,19.0,63.0,-10.91,0.6,-10.31,105.2,114.7,-9.5,113.7,0.255,0.119,0.498,,0.524,14.1,33.1,0.299,,67.1,,McNichols Sports Arena,438103.0,10685.0,82.0,9323.4,107.8827856439767,107.8936056636632,-2.6827856439767004,6.806394336336794,-9.489179980313494,,,,,
1991,1990-91,Playoffs,1.0,Chicago Bulls,27.2,15.0,2.0,14.0,3.0,,,,117.2,104.0,13.2,88.1,0.334,0.068,0.569,,0.47,15.4,33.9,0.29,,70.4,,,,,17.0,1497.6999999999998,110.92571266487025,110.93829874407098,6.27428733512977,-6.938298744070977,13.212586079200747,0.882,,,,
1991,1990-91,Playoffs,2.0,Utah Jazz,28.4,4.0,5.0,5.0,4.0,,,,109.9,107.6,2.3,95.6,0.386,0.074,0.553,,0.463,11.8,28.1,0.329,,72.1,,,,,9.0,860.4,110.92571266487025,110.93829874407098,-1.0257126648702268,-3.3382987440709826,2.312586079200756,0.444,,,,
1991,1990-91,Playoffs,3.0,Portland Trail Blazers,27.8,9.0,7.0,9.0,7.0,,,,111.0,109.6,1.4,93.6,0.387,0.109,0.537,,0.481,13.4,35.9,0.299,,70.1,,,,,16.0,1497.6,110.92571266487025,110.93829874407098,0.0742873351297674,-1.3382987440709826,1.41258607920075,0.563,,,,
1991,1990-91,Playoffs,4.0,Boston Celtics,28.7,5.0,6.0,6.0,5.0,,,,114.7,113.4,1.3,95.3,0.407,0.05,0.563,,0.475,9.7,28.5,0.297,,68.5,,,,,11.0,1048.3,110.92571266487025,110.93829874407098,3.7742873351297694,2.4617012559290288,1.3125860792007416,0.455,,,,
1991,1990-91,Playoffs,5.0,Los Angeles Lakers,28.2,12.0,7.0,10.0,9.0,,,,111.7,110.6,1.1,92.0,0.381,0.125,0.561,,0.504,12.5,29.5,0.203,,68.8,,,,,19.0,1748.0,110.92571266487025,110.93829874407098,0.7742873351297703,-0.3382987440709826,1.112586079200753,0.632,,,,
1991,1990-91,Playoffs,6.0,Indiana Pacers,26.5,2.0,3.0,2.0,3.0,,,,116.4,116.8,-0.4,101.7,0.417,0.137,0.59,,0.519,13.7,26.5,0.383,,68.9,,,,,5.0,508.5,110.92571266487025,110.93829874407098,5.474287335129773,5.86170125592902,-0.3874139207992471,0.4,,,,
1991,1990-91,Playoffs,7.0,Detroit Pistons,30.4,7.0,8.0,7.0,8.0,,,,111.2,112.5,-1.3,90.3,0.333,0.112,0.509,,0.472,10.8,35.7,0.332,,68.1,,,,,15.0,1354.5,110.92571266487025,110.93829874407098,0.2742873351297703,1.561701255929023,-1.2874139207992528,0.467,,,,
1991,1990-91,Playoffs,8.0,Philadelphia 76ers,28.4,4.0,4.0,4.0,4.0,,,,110.8,112.2,-1.4,89.8,0.426,0.109,0.568,,0.512,12.1,26.2,0.187,,68.5,,,,,8.0,718.4,110.92571266487025,110.93829874407098,-0.1257126648702353,1.261701255929026,-1.3874139207992613,0.5,,,,
1991,1990-91,Playoffs,9.0,Golden State Warriors,26.3,4.0,5.0,4.0,5.0,,,,112.9,114.4,-1.5,100.2,0.312,0.148,0.572,,0.514,13.6,21.3,0.343,,67.8,,,,,9.0,901.8,110.92571266487025,110.93829874407098,1.9742873351297727,3.4617012559290288,-1.4874139207992556,0.444,,,,
1991,1990-91,Playoffs,10.0,Seattle SuperSonics,26.5,2.0,3.0,2.0,3.0,,,,108.4,111.3,-2.9,95.6,0.376,0.112,0.539,,0.506,15.5,33.3,0.324,,63.6,,,,,5.0,478.0,110.92571266487025,110.93829874407098,-2.525712664870227,0.3617012559290202,-2.887413920799247,0.4,,,,
1991,1990-91,Playoffs,11.0,San Antonio Spurs,25.8,1.0,3.0,1.0,3.0,,,,106.7,111.6,-4.9,101.0,0.414,0.078,0.547,,0.526,13.2,29.3,0.266,,78.6,,,,,4.0,404.0,110.92571266487025,110.93829874407098,-4.22571266487023,0.6617012559290174,-4.887413920799247,0.25,,,,
1991,1990-91,Playoffs,12.0,Houston Rockets,27.2,0.0,3.0,1.0,2.0,,,,102.8,109.1,-6.3,90.8,0.197,0.157,0.517,,0.509,13.7,30.5,0.274,,75.4,,,,,3.0,272.4,110.92571266487025,110.93829874407098,-8.125712664870235,-1.8382987440709824,-6.287413920799253,0.0,,,,
1991,1990-91,Playoffs,13.0,Atlanta Hawks,29.0,2.0,3.0,1.0,4.0,,,,105.7,114.4,-8.7,91.9,0.416,0.126,0.497,,0.484,11.4,32.6,0.219,,62.1,,,,,5.0,459.5,110.92571266487025,110.93829874407098,-5.22571266487023,3.4617012559290288,-8.687413920799258,0.4,,,,
1991,1990-91,Playoffs,14.0,Milwaukee Bucks,29.0,0.0,3.0,1.0,2.0,,,,103.6,115.3,-11.7,93.9,0.272,0.122,0.531,,0.554,14.8,27.1,0.341,,73.4,,,,,3.0,281.70000000000005,110.92571266487025,110.93829874407098,-7.325712664870238,4.36170125592902,-11.687413920799258,0.0,,,,
1991,1990-91,Playoffs,15.0,Phoenix Suns,27.1,1.0,3.0,1.0,3.0,,,,99.4,111.3,-11.9,96.4,0.431,0.105,0.495,,0.522,14.1,24.2,0.305,,73.4,,,,,4.0,385.6,110.92571266487025,110.93829874407098,-11.525712664870229,0.3617012559290202,-11.887413920799249,0.25,,,,
1991,1990-91,Playoffs,16.0,New York Knicks,28.7,0.0,3.0,0.0,3.0,,,,93.7,115.5,-21.8,91.8,0.301,0.128,0.52,,0.513,12.3,29.8,0.322,,71.3,,,,,3.0,275.4,110.92571266487025,110.93829874407098,-17.22571266487023,4.561701255929023,-21.787413920799253,0.0,,,,
1992,1991-92,Regular Season,1.0,Chicago Bulls*,27.6,67.0,15.0,66.0,16.0,10.44,-0.37,10.07,115.5,104.5,11.0,94.4,0.297,0.063,0.556,,0.476,14.1,35.1,0.219,,69.3,,Chicago Stadium,759980.0,18536.0,82.0,7740.8,108.15333972025287,108.17040429200996,7.346660279747112,-3.670404292009948,11.01706457175706,,,,,
1992,1991-92,Regular Season,2.0,Portland Trail Blazers*,28.1,57.0,25.0,59.0,23.0,7.27,-0.33,6.94,111.4,104.2,7.2,99.0,0.335,0.128,0.541,,0.471,14.3,35.6,0.251,,69.9,,Memorial Coliseum,528408.0,12888.0,82.0,8118.0,108.15333972025287,108.17040429200996,3.2466602797471182,-3.9704042920099454,7.217064571757064,,,,,
1992,1991-92,Regular Season,3.0,Utah Jazz*,28.5,55.0,27.0,57.0,25.0,6.39,-0.69,5.7,112.2,105.6,6.6,95.5,0.363,0.067,0.557,,0.475,13.0,32.7,0.214,,68.9,,Delta Center,806663.0,19675.0,82.0,7831.0,108.15333972025287,108.17040429200996,4.046660279747115,-2.570404292009954,6.617064571757069,,,,,
1992,1991-92,Regular Season,4.0,Phoenix Suns*,27.0,53.0,29.0,56.0,26.0,5.94,-0.26,5.68,112.1,106.2,5.9,99.4,0.332,0.083,0.556,,0.471,13.0,31.7,0.223,,67.7,,Arizona Veterans Memorial Coliseum,594327.0,14496.0,82.0,8150.8,108.15333972025287,108.17040429200996,3.946660279747107,-1.9704042920099452,5.917064571757052,,,,,
1992,1991-92,Regular Season,5.0,Cleveland Cavaliers*,27.6,57.0,25.0,55.0,27.0,5.45,-0.11,5.34,113.9,108.2,5.7,95.0,0.322,0.101,0.557,,0.483,12.3,30.5,0.174,,66.5,,Coliseum at Richfield,677408.0,16522.0,82.0,7790.0,108.15333972025287,108.17040429200996,5.746660279747118,0.0295957079900546,5.717064571757064,,,,,
1992,1991-92,Regular Season,6.0,New York Knicks*,27.3,51.0,31.0,52.0,30.0,3.89,-0.22,3.67,108.3,104.2,4.1,92.9,0.295,0.089,0.531,,0.471,14.0,34.6,0.248,,71.1,,Madison Square Garden (IV),726608.0,17722.0,82.0,7617.8,108.15333972025287,108.17040429200996,0.1466602797471097,-3.9704042920099454,4.117064571757055,,,,,
1992,1991-92,Regular Season,7.0,Boston Celtics*,29.2,51.0,31.0,51.0,31.0,3.62,-0.21,3.41,110.8,107.0,3.8,95.8,0.266,0.05,0.544,,0.469,11.9,31.9,0.22,,68.7,,Boston Garden,610776.0,14885.0,82.0,7855.599999999999,108.15333972025287,108.17040429200996,2.6466602797471097,-1.1704042920099482,3.817064571757058,,,,,
1992,1991-92,Regular Season,8.0,Golden State Warriors*,25.5,55.0,27.0,50.0,32.0,3.9,-0.14,3.77,113.6,109.9,3.7,103.4,0.351,0.103,0.568,,0.499,14.9,31.8,0.256,,64.2,,Oakland-Alameda County Coliseum Arena,616025.0,15025.0,82.0,8478.800000000001,108.15333972025287,108.17040429200996,5.446660279747107,1.7295957079900577,3.7170645717570494,,,,,
1992,1991-92,Regular Season,9.0,San Antonio Spurs*,27.3,47.0,35.0,50.0,32.0,3.32,-0.51,2.81,107.5,104.1,3.4,96.2,0.317,0.057,0.528,,0.469,13.5,34.2,0.224,,69.8,,HemisFair Arena,658337.0,16057.0,82.0,7888.400000000001,108.15333972025287,108.17040429200996,-0.6533397202528874,-4.070404292009954,3.4170645717570665,,,,,
1992,1991-92,Regular Season,10.0,Detroit Pistons*,30.1,48.0,34.0,47.0,35.0,2.04,0.01,2.06,107.5,105.3,2.2,91.6,0.307,0.077,0.52,,0.468,12.5,34.9,0.204,,68.5,,The Palace of Auburn Hills,879614.0,21454.0,82.0,7511.2,108.15333972025287,108.17040429200996,-0.6533397202528874,-2.870404292009951,2.217064571757064,,,,,
1992,1991-92,Regular Season,11.0,Seattle SuperSonics*,27.3,47.0,35.0,46.0,36.0,1.88,-0.02,1.86,110.7,108.8,1.9,95.4,0.317,0.091,0.538,,0.491,14.2,36.5,0.269,,66.8,,Seattle Center Coliseum,588928.0,12006.0,82.0,7822.8,108.15333972025287,108.17040429200996,2.5466602797471154,0.6295957079900489,1.9170645717570665,,,,,
1992,1991-92,Regular Season,12.0,Indiana Pacers*,26.4,40.0,42.0,46.0,36.0,1.89,-0.04,1.85,111.7,109.9,1.8,99.0,0.334,0.133,0.566,,0.483,12.8,31.8,0.27,,67.4,,Market Square Arena,517352.0,12618.0,82.0,8118.0,108.15333972025287,108.17040429200996,3.5466602797471154,1.7295957079900577,1.817064571757058,,,,,
1992,1991-92,Regular Season,13.0,Los Angeles Clippers*,27.3,45.0,37.0,44.0,38.0,1.07,0.03,1.1,105.8,104.7,1.1,96.5,0.314,0.071,0.524,,0.475,14.9,31.6,0.244,,67.5,,Los Angeles Memorial Sports Arena,500200.0,12200.0,82.0,7913.0,108.15333972025287,108.17040429200996,-2.3533397202528903,-3.4704042920099454,1.117064571757055,,,,,
1992,1991-92,Regular Season,14.0,Los Angeles Lakers*,28.3,43.0,39.0,38.0,44.0,-1.1,0.15,-0.95,107.7,108.9,-1.2,92.5,0.327,0.064,0.516,,0.493,13.8,32.7,0.187,,64.0,,Great Western Forum,699240.0,17055.0,82.0,7585.0,108.15333972025287,108.17040429200996,-0.4533397202528846,0.7295957079900575,-1.182935428242942,,,,,
1992,1991-92,Regular Season,15.0,Philadelphia 76ers,27.6,35.0,47.0,37.0,45.0,-1.27,-0.07,-1.34,108.3,109.7,-1.4,93.7,0.335,0.101,0.539,,0.496,13.0,30.9,0.192,,66.4,,The Spectrum,574137.0,14003.0,82.0,7683.400000000001,108.15333972025287,108.17040429200996,0.1466602797471097,1.5295957079900546,-1.382935428242945,,,,,
1992,1991-92,Regular Season,16.0,Atlanta Hawks,27.2,38.0,44.0,37.0,45.0,-1.5,0.35,-1.15,107.3,108.9,-1.6,97.8,0.277,0.09,0.519,,0.497,13.2,33.6,0.209,,68.3,,Omni Coliseum,511803.0,12483.0,82.0,8019.599999999999,108.15333972025287,108.17040429200996,-0.8533397202528903,0.7295957079900575,-1.5829354282429478,,,,,
1992,1991-92,Regular Season,17.0,New Jersey Nets*,25.6,40.0,42.0,36.0,46.0,-1.7,0.15,-1.54,107.0,108.7,-1.7,98.0,0.265,0.088,0.51,,0.488,14.1,39.1,0.247,,66.3,,Brendan Byrne Arena,517356.0,12618.0,82.0,8036.0,108.15333972025287,108.17040429200996,-1.1533397202528874,0.5295957079900546,-1.682935428242942,,,,,
1992,1991-92,Regular Season,18.0,Houston Rockets,28.0,42.0,40.0,36.0,46.0,-1.72,-0.22,-1.94,106.2,108.0,-1.8,95.1,0.293,0.139,0.537,,0.477,12.5,30.9,0.209,,66.4,,The Summit,592790.0,14458.0,82.0,7798.2,108.15333972025287,108.17040429200996,-1.9533397202528848,-0.1704042920099482,-1.7829354282429364,,,,,
1992,1991-92,Regular Season,19.0,Milwaukee Bucks,30.2,31.0,51.0,36.0,46.0,-1.71,0.26,-1.46,108.8,110.6,-1.8,95.5,0.292,0.139,0.529,,0.514,15.3,35.9,0.237,,65.0,,Bradley Center,635515.0,15500.0,82.0,7831.0,108.15333972025287,108.17040429200996,0.6466602797471097,2.429595707990046,-1.7829354282429364,,,,,
1992,1991-92,Regular Season,20.0,Charlotte Hornets,25.2,31.0,51.0,31.0,51.0,-3.9,0.33,-3.57,107.1,110.9,-3.8,101.7,0.286,0.049,0.527,,0.51,14.1,31.1,0.222,,65.4,,Charlotte Coliseum,971618.0,23698.0,82.0,8339.4,108.15333972025287,108.17040429200996,-1.0533397202528931,2.729595707990057,-3.782935428242951,,,,,
1992,1991-92,Regular Season,21.0,Miami Heat*,24.4,38.0,44.0,30.0,52.0,-4.21,0.27,-3.94,106.7,110.9,-4.2,97.7,0.33,0.106,0.532,,0.508,13.9,33.0,0.235,,67.6,,Miami Arena,613583.0,14965.0,82.0,8011.400000000001,108.15333972025287,108.17040429200996,-1.4533397202528846,2.729595707990057,-4.182935428242942,,,,,
1992,1991-92,Regular Season,22.0,Washington Bullets,26.1,25.0,57.0,29.0,53.0,-4.46,0.11,-4.35,103.9,108.4,-4.5,97.7,0.268,0.074,0.514,,0.493,14.0,28.9,0.235,,66.2,,Capital Centre,505988.0,12372.0,82.0,8011.400000000001,108.15333972025287,108.17040429200996,-4.253339720252882,0.2295957079900574,-4.482935428242939,,,,,
1992,1991-92,Regular Season,23.0,Sacramento Kings,25.1,29.0,53.0,26.0,56.0,-6.06,0.44,-5.63,103.9,109.9,-6.0,99.6,0.301,0.094,0.525,,0.493,13.9,28.5,0.233,,64.2,,ARCO Arena (II),697574.0,17014.0,82.0,8167.2,108.15333972025287,108.17040429200996,-4.253339720252882,1.7295957079900577,-5.982935428242939,,,,,
1992,1991-92,Regular Season,24.0,Orlando Magic,26.6,21.0,61.0,23.0,59.0,-6.91,0.4,-6.52,103.5,110.5,-7.0,98.0,0.319,0.086,0.514,,0.502,13.5,32.4,0.26,,67.8,,Orlando Arena,621191.0,15151.0,82.0,8036.0,108.15333972025287,108.17040429200996,-4.653339720252888,2.329595707990052,-6.982935428242939,,,,,
1992,1991-92,Regular Season,25.0,Minnesota Timberwolves,26.4,15.0,67.0,23.0,59.0,-7.05,0.2,-6.85,105.0,112.4,-7.4,95.1,0.253,0.054,0.505,,0.497,13.0,31.5,0.244,,62.3,,Target Center,769035.0,18757.0,82.0,7798.2,108.15333972025287,108.17040429200996,-3.1533397202528874,4.2295957079900575,-7.382935428242945,,,,,
1992,1991-92,Regular Season,26.0,Denver Nuggets,25.7,24.0,58.0,21.0,61.0,-7.87,0.28,-7.59,100.7,108.6,-7.9,98.6,0.28,0.057,0.493,,0.494,14.7,34.8,0.279,,68.0,,McNichols Sports Arena,534323.0,13105.0,82.0,8085.2,108.15333972025287,108.17040429200996,-7.453339720252885,0.4295957079900461,-7.882935428242931,,,,,
1992,1991-92,Regular Season,27.0,Dallas Mavericks,28.2,22.0,60.0,21.0,61.0,-7.65,0.18,-7.47,103.0,111.1,-8.1,94.4,0.281,0.112,0.501,,0.483,11.5,31.2,0.259,,67.8,,Reunion Arena,634380.0,15473.0,82.0,7740.8,108.15333972025287,108.17040429200996,-5.153339720252888,2.929595707990046,-8.082935428242934,,,,,
1992,1991-92,Playoffs,1.0,Chicago Bulls,27.8,15.0,7.0,16.0,6.0,,,,112.2,105.3,6.9,89.0,0.35,0.083,0.547,,0.468,14.2,32.8,0.277,,67.8,,,,,22.0,1958.0,111.37974560564392,111.3663450615808,0.820254394356084,-6.06634506158079,6.886599455936874,0.682,,,,
1992,1991-92,Playoffs,2.0,Portland Trail Blazers,28.6,13.0,8.0,13.0,8.0,,,,113.6,110.1,3.5,94.5,0.405,0.126,0.557,,0.492,13.7,34.8,0.318,,70.8,,,,,21.0,1984.5,111.37974560564392,111.3663450615808,2.2202543943560755,-1.2663450615807932,3.4865994559368687,0.619,,,,
1992,1991-92,Playoffs,3.0,Cleveland Cavaliers,28.5,9.0,8.0,10.0,7.0,,,,112.3,109.6,2.7,91.7,0.356,0.109,0.561,,0.483,11.5,30.8,0.182,,66.8,,,,,17.0,1558.9,111.37974560564392,111.3663450615808,0.9202543943560784,-1.7663450615807932,2.6865994559368715,0.529,,,,
1992,1991-92,Playoffs,4.0,Phoenix Suns,26.9,4.0,4.0,4.0,4.0,,,,116.0,114.6,1.4,99.6,0.392,0.11,0.569,,0.515,12.9,31.1,0.287,,66.4,,,,,8.0,796.8,111.37974560564392,111.3663450615808,4.620254394356081,3.233654938419207,1.3865994559368744,0.5,,,,
1992,1991-92,Playoffs,5.0,New York Knicks,27.3,6.0,6.0,6.0,6.0,,,,105.7,104.6,1.1,84.6,0.34,0.113,0.501,,0.464,13.4,38.7,0.271,,70.9,,,,,12.0,1015.2,111.37974560564392,111.3663450615808,-5.679745605643916,-6.766345061580793,1.0865994559368772,0.5,,,,
1992,1991-92,Playoffs,6.0,Golden State Warriors,25.8,1.0,3.0,2.0,2.0,,,,117.2,116.7,0.5,99.8,0.438,0.134,0.557,,0.516,15.6,31.1,0.327,,57.7,,,,,4.0,399.2,111.37974560564392,111.3663450615808,5.820254394356084,5.333654938419215,0.4865994559368687,0.25,,,,
1992,1991-92,Playoffs,7.0,Utah Jazz,28.9,9.0,7.0,8.0,8.0,,,,113.7,113.2,0.5,89.9,0.434,0.079,0.56,,0.503,12.5,33.4,0.267,,67.6,,,,,16.0,1438.4,111.37974560564392,111.3663450615808,2.320254394356084,1.8336549384192156,0.4865994559368687,0.563,,,,
1992,1991-92,Playoffs,8.0,Boston Celtics,29.8,6.0,4.0,5.0,5.0,,,,114.6,114.4,0.2,91.6,0.266,0.035,0.541,,0.524,12.3,34.0,0.29,,74.9,,,,,10.0,916.0,111.37974560564392,111.3663450615808,3.2202543943560755,3.033654938419218,0.1865994559368573,0.6,,,,
1992,1991-92,Playoffs,9.0,Seattle SuperSonics,27.0,4.0,5.0,4.0,5.0,,,,113.3,116.6,-3.3,93.1,0.365,0.135,0.56,,0.505,11.8,36.8,0.325,,68.0,,,,,9.0,837.9,111.37974560564392,111.3663450615808,1.9202543943560784,5.233654938419207,-3.3134005440631285,0.444,,,,
1992,1991-92,Playoffs,10.0,Los Angeles Clippers,27.7,2.0,3.0,2.0,3.0,,,,108.4,112.8,-4.4,90.6,0.328,0.067,0.529,,0.496,13.5,31.8,0.353,,68.3,,,,,5.0,453.0,111.37974560564392,111.3663450615808,-2.979745605643913,1.4336549384192097,-4.413400544063123,0.4,,,,
1992,1991-92,Playoffs,11.0,Indiana Pacers,26.5,0.0,3.0,1.0,2.0,,,,111.0,118.6,-7.6,93.7,0.426,0.186,0.562,,0.487,10.4,22.2,0.289,,59.2,,,,,3.0,281.1,111.37974560564392,111.3663450615808,-0.3797456056439188,7.233654938419207,-7.613400544063126,0.0,,,,
1992,1991-92,Playoffs,12.0,New Jersey Nets,25.6,1.0,3.0,1.0,3.0,,,,105.0,113.5,-8.5,96.9,0.218,0.108,0.487,,0.479,14.7,32.7,0.367,,60.4,,,,,4.0,387.6,111.37974560564392,111.3663450615808,-6.379745605643919,2.1336549384192125,-8.513400544063131,0.25,,,,
1992,1991-92,Playoffs,13.0,Detroit Pistons,30.0,2.0,3.0,1.0,4.0,,,,96.9,105.8,-8.9,85.7,0.334,0.103,0.49,,0.431,12.6,26.5,0.246,,58.6,,,,,5.0,428.5,111.37974560564392,111.3663450615808,-14.479745605643911,-5.56634506158079,-8.913400544063123,0.4,,,,
1992,1991-92,Playoffs,14.0,San Antonio Spurs,28.4,0.0,3.0,1.0,2.0,,,,110.1,119.6,-9.5,93.9,0.32,0.095,0.537,,0.524,11.5,33.6,0.285,,63.2,,,,,3.0,281.70000000000005,111.37974560564392,111.3663450615808,-1.2797456056439245,8.233654938419207,-9.513400544063131,0.0,,,,
1992,1991-92,Playoffs,15.0,Los Angeles Lakers,27.4,1.0,3.0,0.0,4.0,,,,100.8,116.5,-15.7,91.4,0.418,0.064,0.513,,0.532,14.6,25.9,0.268,,58.7,,,,,4.0,365.6,111.37974560564392,111.3663450615808,-10.579745605643922,5.1336549384192125,-15.713400544063134,0.25,,,,
1992,1991-92,Playoffs,16.0,Miami Heat,24.5,0.0,3.0,0.0,3.0,,,,107.0,126.4,-19.4,92.8,0.372,0.159,0.536,,0.543,11.4,27.3,0.299,,57.9,,,,,3.0,278.4,111.37974560564392,111.3663450615808,-4.379745605643919,15.033654938419218,-19.413400544063137,0.0,,,,
1993,1992-93,Regular Season,1.0,Seattle SuperSonics*,27.7,55.0,27.0,59.0,23.0,7.07,-0.42,6.66,112.3,104.9,7.4,96.0,0.316,0.085,0.546,,0.489,16.4,35.5,0.26,,67.7,,Seattle Center Coliseum,646589.0,13453.0,82.0,7872.0,108.00818279240664,108.01254592774038,4.291817207593368,-3.11254592774037,7.404363135333739,,,,,
1993,1992-93,Regular Season,2.0,Chicago Bulls*,28.1,57.0,25.0,58.0,24.0,6.29,-0.1,6.19,112.9,106.1,6.8,92.5,0.271,0.093,0.535,,0.493,15.4,36.3,0.239,,68.7,,Chicago Stadium,759656.0,18528.0,82.0,7585.0,108.00818279240664,108.01254592774038,4.891817207593377,-1.912545927740382,6.804363135333759,,,,,
1993,1992-93,Regular Season,3.0,Cleveland Cavaliers*,28.8,54.0,28.0,58.0,24.0,6.45,-0.15,6.3,112.7,106.0,6.7,94.8,0.308,0.108,0.565,,0.482,13.1,28.1,0.185,,69.1,,Coliseum at Richfield,751465.0,18329.0,82.0,7773.599999999999,108.00818279240664,108.01254592774038,4.691817207593374,-2.0125459277403763,6.70436313533375,,,,,
1993,1992-93,Regular Season,4.0,Phoenix Suns*,28.2,62.0,20.0,57.0,25.0,6.66,-0.39,6.27,113.3,106.7,6.6,99.8,0.358,0.154,0.566,,0.496,13.9,33.0,0.206,,69.2,,America West Arena,779943.0,19023.0,82.0,8183.599999999999,108.00818279240664,108.01254592774038,5.291817207593368,-1.3125459277403737,6.604363135333742,,,,,
1993,1992-93,Regular Season,5.0,New York Knicks*,28.3,60.0,22.0,58.0,24.0,6.16,-0.29,5.87,106.1,99.7,6.4,94.5,0.336,0.088,0.526,,0.444,14.9,33.1,0.294,,72.1,,Madison Square Garden (IV),804840.0,19630.0,82.0,7749.0,108.00818279240664,108.01254592774038,-1.9081827924066344,-8.312545927740373,6.404363135333739,,,,,
1993,1992-93,Regular Season,6.0,Houston Rockets*,27.4,55.0,27.0,53.0,29.0,4.23,-0.66,3.57,109.6,105.2,4.4,94.4,0.31,0.159,0.557,,0.474,13.4,30.0,0.201,,68.5,,The Summit,554210.0,13492.0,82.0,7740.8,108.00818279240664,108.01254592774038,1.5918172075933654,-2.812545927740373,4.404363135333739,,,,,
1993,1992-93,Regular Season,7.0,Portland Trail Blazers*,28.2,51.0,31.0,49.0,33.0,3.11,-0.19,2.92,108.3,105.2,3.1,99.1,0.347,0.115,0.526,,0.488,14.8,32.7,0.237,,71.0,,Memorial Coliseum,528408.0,12888.0,82.0,8126.2,108.00818279240664,108.01254592774038,0.2918172075933682,-2.812545927740373,3.1043631353337418,,,,,
1993,1992-93,Regular Season,8.0,San Antonio Spurs*,27.5,49.0,33.0,48.0,34.0,2.67,-0.46,2.21,109.6,106.8,2.8,95.4,0.347,0.102,0.555,,0.477,12.3,27.8,0.221,,70.1,,HemisFair Arena,658337.0,16057.0,82.0,7822.8,108.00818279240664,108.01254592774038,1.5918172075933654,-1.2125459277403792,2.8043631353337446,,,,,
1993,1992-93,Regular Season,9.0,Utah Jazz*,29.3,47.0,35.0,47.0,35.0,2.17,-0.43,1.74,109.6,107.4,2.2,96.5,0.365,0.061,0.55,,0.487,13.9,31.0,0.25,,68.7,,Delta Center,815892.0,19900.0,82.0,7913.0,108.00818279240664,108.01254592774038,1.5918172075933654,-0.6125459277403706,2.204363135333736,,,,,
1993,1992-93,Regular Season,10.0,Indiana Pacers*,26.8,41.0,41.0,46.0,36.0,1.7,0.08,1.77,111.9,110.1,1.8,96.0,0.342,0.112,0.547,,0.485,12.7,34.2,0.281,,67.4,,Market Square Arena,530891.0,12949.0,82.0,7872.0,108.00818279240664,108.01254592774038,3.891817207593377,2.087454072259618,1.8043631353337588,,,,,
1993,1992-93,Regular Season,11.0,Orlando Magic,25.8,41.0,41.0,45.0,37.0,1.32,0.03,1.35,108.5,107.1,1.4,96.3,0.372,0.133,0.554,,0.473,11.9,31.4,0.232,,68.8,,Orlando Arena,621191.0,15151.0,82.0,7896.599999999999,108.00818279240664,108.01254592774038,0.4918172075933711,-0.912545927740382,1.4043631353337531,,,,,
1993,1992-93,Regular Season,12.0,New Jersey Nets*,27.3,43.0,39.0,45.0,37.0,1.26,-0.05,1.2,106.5,105.2,1.3,96.0,0.319,0.069,0.522,,0.48,14.1,35.5,0.24,,69.5,,Brendan Byrne Arena,620416.0,15132.0,82.0,7872.0,108.00818279240664,108.01254592774038,-1.508182792406629,-2.812545927740373,1.3043631353337446,,,,,
1993,1992-93,Regular Season,13.0,Boston Celtics*,28.6,48.0,34.0,43.0,39.0,0.89,0.04,0.93,108.7,107.8,0.9,94.9,0.27,0.054,0.536,,0.479,12.9,31.2,0.251,,69.0,,Boston Garden,608495.0,14890.0,82.0,7781.8,108.00818279240664,108.01254592774038,0.691817207593374,-0.2125459277403791,0.9043631353337532,,,,,
1993,1992-93,Regular Season,14.0,Los Angeles Clippers*,26.7,41.0,41.0,42.0,40.0,0.35,-0.03,0.33,107.4,107.1,0.3,99.1,0.297,0.067,0.53,,0.489,15.1,32.7,0.263,,66.7,,Los Angeles Memorial Sports Arena,532625.0,12991.0,82.0,8126.2,108.00818279240664,108.01254592774038,-0.6081827924066232,-0.912545927740382,0.3043631353337588,,,,,
1993,1992-93,Regular Season,15.0,Charlotte Hornets*,25.7,44.0,38.0,40.0,42.0,-0.24,0.22,-0.02,109.5,109.7,-0.2,100.2,0.329,0.074,0.547,,0.487,12.6,31.3,0.201,,65.0,,Charlotte Coliseum,971880.0,23704.0,82.0,8216.4,108.00818279240664,108.01254592774038,1.491817207593371,1.6874540722596263,-0.1956368646662554,,,,,
1993,1992-93,Regular Season,16.0,Atlanta Hawks*,27.1,43.0,39.0,39.0,43.0,-0.87,0.2,-0.67,109.3,110.2,-0.9,97.6,0.305,0.148,0.534,,0.516,14.6,34.8,0.224,,68.5,,Omni Coliseum,491229.0,11981.0,82.0,8003.2,108.00818279240664,108.01254592774038,1.2918172075933685,2.1874540722596265,-0.8956368646662582,,,,,
1993,1992-93,Regular Season,17.0,Golden State Warriors,25.0,34.0,48.0,38.0,44.0,-0.99,0.05,-0.94,109.2,110.2,-1.0,99.5,0.342,0.118,0.543,,0.501,14.0,34.2,0.261,,67.0,,Oakland-Alameda County Coliseum Arena,616025.0,15025.0,82.0,8159.0,108.00818279240664,108.01254592774038,1.191817207593374,2.1874540722596265,-0.9956368646662526,,,,,
1993,1992-93,Regular Season,18.0,Miami Heat,25.2,36.0,46.0,38.0,44.0,-1.15,0.21,-0.93,107.7,108.9,-1.2,94.6,0.361,0.137,0.535,,0.495,14.2,31.9,0.274,,69.8,,Miami Arena,614915.0,14998.0,82.0,7757.2,108.00818279240664,108.01254592774038,-0.308182792406626,0.8874540722596294,-1.1956368646662554,,,,,
1993,1992-93,Regular Season,19.0,Los Angeles Lakers*,28.0,39.0,43.0,38.0,44.0,-1.27,0.06,-1.2,107.6,108.9,-1.3,96.2,0.329,0.09,0.534,,0.5,14.3,31.4,0.215,,66.4,,Great Western Forum,633655.0,15455.0,82.0,7888.400000000001,108.00818279240664,108.01254592774038,-0.4081827924066346,0.8874540722596294,-1.295636864666264,,,,,
1993,1992-93,Regular Season,20.0,Detroit Pistons,29.9,40.0,42.0,37.0,45.0,-1.39,0.29,-1.1,107.4,108.9,-1.5,93.2,0.271,0.126,0.511,,0.5,13.5,34.6,0.212,,67.8,,The Palace of Auburn Hills,889614.0,21698.0,82.0,7642.400000000001,108.00818279240664,108.01254592774038,-0.6081827924066232,0.8874540722596294,-1.4956368646662526,,,,,
1993,1992-93,Regular Season,21.0,Denver Nuggets,24.8,36.0,46.0,36.0,46.0,-1.74,-0.4,-2.14,104.6,106.3,-1.7,99.8,0.324,0.062,0.518,,0.476,13.9,33.6,0.263,,68.9,,McNichols Sports Arena,586407.0,14303.0,82.0,8183.599999999999,108.00818279240664,108.01254592774038,-3.4081827924066346,-1.7125459277403792,-1.6956368646662554,,,,,
1993,1992-93,Regular Season,22.0,Sacramento Kings,26.5,25.0,57.0,33.0,49.0,-3.17,0.17,-3.0,106.5,109.6,-3.1,100.8,0.337,0.108,0.53,,0.502,15.1,30.7,0.292,,66.7,,ARCO Arena (II),709997.0,17317.0,82.0,8265.6,108.00818279240664,108.01254592774038,-1.508182792406629,1.587454072259618,-3.095636864666247,,,,,
1993,1992-93,Regular Season,23.0,Milwaukee Bucks,26.9,28.0,54.0,31.0,51.0,-3.73,0.47,-3.26,106.2,110.1,-3.9,96.1,0.301,0.135,0.535,,0.502,15.7,30.5,0.266,,62.5,,Bradley Center,660939.0,16125.0,82.0,7880.2,108.00818279240664,108.01254592774038,-1.808182792406626,2.087454072259618,-3.895636864666244,,,,,
1993,1992-93,Regular Season,24.0,Philadelphia 76ers,27.1,26.0,56.0,26.0,56.0,-5.77,0.51,-5.25,104.6,110.4,-5.8,98.5,0.319,0.133,0.53,,0.504,13.3,28.1,0.188,,65.9,,The Spectrum,515284.0,12568.0,82.0,8077.0,108.00818279240664,108.01254592774038,-3.4081827924066346,2.3874540722596294,-5.795636864666264,,,,,
1993,1992-93,Regular Season,25.0,Washington Bullets,26.1,22.0,60.0,23.0,59.0,-7.04,0.55,-6.49,103.6,110.8,-7.2,97.7,0.298,0.082,0.523,,0.51,13.6,28.8,0.219,,67.1,,Capital Centre,558966.0,13772.0,82.0,8011.400000000001,108.00818279240664,108.01254592774038,-4.408182792406635,2.787454072259621,-7.195636864666255,,,,,
1993,1992-93,Regular Season,26.0,Minnesota Timberwolves,25.8,19.0,63.0,21.0,61.0,-7.78,0.16,-7.62,103.6,111.8,-8.2,93.8,0.344,0.087,0.535,,0.503,13.5,28.7,0.269,,66.3,,Target Center,754593.0,18405.0,82.0,7691.599999999999,108.00818279240664,108.01254592774038,-4.408182792406635,3.787454072259621,-8.195636864666255,,,,,
1993,1992-93,Regular Season,27.0,Dallas Mavericks,24.9,11.0,71.0,10.0,72.0,-15.2,0.52,-14.68,99.5,114.7,-15.2,99.5,0.299,0.115,0.495,,0.519,13.5,31.1,0.347,,68.1,,Reunion Arena,554724.0,13530.0,82.0,8159.0,108.00818279240664,108.01254592774038,-8.508182792406629,6.6874540722596265,-15.195636864666255,,,,,
1993,1992-93,Playoffs,1.0,Chicago Bulls,28.2,15.0,4.0,13.0,6.0,,,,113.8,107.3,6.5,88.5,0.312,0.116,0.547,,0.493,14.9,33.1,0.248,,66.9,,,,,19.0,1681.5,107.86648593795304,107.8875326181502,5.933514062046967,-0.5875326181502061,6.521046680197173,0.789,,,,
1993,1992-93,Playoffs,2.0,Houston Rockets,27.4,6.0,6.0,7.0,5.0,,,,106.4,104.8,1.6,91.1,0.29,0.182,0.553,,0.459,12.0,30.0,0.185,,65.2,,,,,12.0,1093.1999999999998,107.86648593795304,107.8875326181502,-1.4664859379530242,-3.087532618150206,1.621046680197182,0.5,,,,
1993,1992-93,Playoffs,3.0,Seattle SuperSonics,28.0,10.0,9.0,10.0,9.0,,,,111.1,109.6,1.5,89.7,0.297,0.123,0.524,,0.497,14.7,36.7,0.273,,66.8,,,,,19.0,1704.3,107.86648593795304,107.8875326181502,3.2335140620469645,1.712467381849791,1.5210466801971734,0.526,,,,
1993,1992-93,Playoffs,4.0,Phoenix Suns,27.9,13.0,11.0,13.0,11.0,,,,111.0,110.2,0.8,92.8,0.374,0.141,0.548,,0.493,12.5,30.4,0.208,,66.5,,,,,24.0,2227.2,107.86648593795304,107.8875326181502,3.13351406204697,2.3124673818498,0.8210466801971705,0.542,,,,
1993,1992-93,Playoffs,5.0,Indiana Pacers,27.1,1.0,3.0,2.0,2.0,,,,110.9,110.6,0.3,90.3,0.42,0.137,0.578,,0.5,13.6,24.2,0.231,,62.7,,,,,4.0,361.2,107.86648593795304,107.8875326181502,3.033514062046976,2.712467381849791,0.3210466801971847,0.25,,,,
1993,1992-93,Playoffs,6.0,San Antonio Spurs,27.4,5.0,5.0,5.0,5.0,,,,107.1,107.0,0.1,93.1,0.315,0.094,0.527,,0.463,11.5,31.4,0.276,,71.6,,,,,10.0,931.0,107.86648593795304,107.8875326181502,-0.7664859379530355,-0.8875326181502032,0.1210466801971676,0.5,,,,
1993,1992-93,Playoffs,7.0,Charlotte Hornets,25.7,4.0,5.0,4.0,5.0,,,,105.4,105.5,-0.1,91.9,0.327,0.062,0.517,,0.48,14.9,32.9,0.189,,64.0,,,,,9.0,827.1,107.86648593795304,107.8875326181502,-2.466485937953024,-2.3875326181502032,-0.0789533198028209,0.444,,,,
1993,1992-93,Playoffs,8.0,Portland Trail Blazers,28.5,1.0,3.0,2.0,2.0,,,,103.9,104.2,-0.3,91.2,0.331,0.1,0.473,,0.459,12.6,35.3,0.26,,69.3,,,,,4.0,364.8,107.86648593795304,107.8875326181502,-3.966485937953024,-3.6875326181502,-0.2789533198028238,0.25,,,,
1993,1992-93,Playoffs,9.0,New York Knicks,28.4,9.0,6.0,7.0,8.0,,,,106.5,107.0,-0.5,90.4,0.352,0.116,0.539,,0.483,14.5,36.4,0.303,,71.0,,,,,15.0,1356.0,107.86648593795304,107.8875326181502,-1.36648593795303,-0.8875326181502032,-0.4789533198028266,0.6,,,,
1993,1992-93,Playoffs,10.0,Cleveland Cavaliers,29.1,3.0,6.0,4.0,5.0,,,,105.3,107.5,-2.2,89.1,0.278,0.113,0.531,,0.502,14.0,30.2,0.198,,69.3,,,,,9.0,801.9,107.86648593795304,107.8875326181502,-2.5664859379530327,-0.3875326181502032,-2.178953319802829,0.333,,,,
1993,1992-93,Playoffs,11.0,New Jersey Nets,27.6,2.0,3.0,2.0,3.0,,,,101.9,105.4,-3.5,91.9,0.236,0.103,0.533,,0.476,14.6,27.5,0.226,,68.0,,,,,5.0,459.5,107.86648593795304,107.8875326181502,-5.966485937953024,-2.487532618150197,-3.478953319802826,0.4,,,,
1993,1992-93,Playoffs,12.0,Los Angeles Lakers,28.0,2.0,3.0,2.0,3.0,,,,103.0,107.0,-4.0,92.3,0.259,0.134,0.486,,0.496,12.8,32.0,0.213,,69.4,,,,,5.0,461.5,107.86648593795304,107.8875326181502,-4.86648593795303,-0.8875326181502032,-3.978953319802826,0.4,,,,
1993,1992-93,Playoffs,13.0,Utah Jazz,29.7,2.0,3.0,2.0,3.0,,,,102.3,107.3,-5.0,85.2,0.305,0.083,0.497,,0.456,12.0,33.8,0.2,,64.3,,,,,5.0,426.0,107.86648593795304,107.8875326181502,-5.566485937953033,-0.5875326181502061,-4.978953319802827,0.4,,,,
1993,1992-93,Playoffs,14.0,Los Angeles Clippers,26.8,2.0,3.0,2.0,3.0,,,,97.7,102.8,-5.1,94.3,0.263,0.063,0.468,,0.497,16.5,30.9,0.221,,72.3,,,,,5.0,471.5,107.86648593795304,107.8875326181502,-10.166485937953029,-5.087532618150206,-5.078953319802821,0.4,,,,
1993,1992-93,Playoffs,15.0,Boston Celtics,28.9,1.0,3.0,1.0,3.0,,,,107.3,112.9,-5.6,89.0,0.192,0.078,0.516,,0.503,11.6,36.5,0.231,,67.9,,,,,4.0,356.0,107.86648593795304,107.8875326181502,-0.5664859379530327,5.0124673818498025,-5.578953319802835,0.25,,,,
1993,1992-93,Playoffs,16.0,Atlanta Hawks,27.3,0.0,3.0,0.0,3.0,,,,102.4,120.3,-17.9,91.1,0.316,0.144,0.492,,0.529,11.5,33.3,0.198,,58.8,,,,,3.0,273.29999999999995,107.86648593795304,107.8875326181502,-5.466485937953024,12.412467381849794,-17.878953319802818,0.0,,,,
1994,1993-94,Regular Season,1.0,Seattle SuperSonics*,28.1,63.0,19.0,64.0,18.0,9.09,-0.41,8.68,111.1,101.5,9.6,95.1,0.344,0.105,0.547,,0.479,18.2,34.4,0.272,,67.3,,Seattle Center Coliseum,601369.0,14668.0,82.0,7798.2,106.24678298800436,106.25768811341332,4.853217011995639,-4.757688113413323,9.610905125408962,,,,,
1994,1993-94,Regular Season,2.0,New York Knicks*,28.9,57.0,25.0,60.0,22.0,6.99,-0.5,6.48,105.7,98.2,7.5,92.8,0.311,0.135,0.527,,0.451,16.0,34.4,0.261,,71.4,,Madison Square Garden (IV),810193.0,19763.0,82.0,7609.599999999999,106.24678298800436,106.25768811341332,-0.5467829880043524,-8.05768811341332,7.510905125408968,,,,,
1994,1993-94,Regular Season,3.0,San Antonio Spurs*,29.0,55.0,27.0,56.0,26.0,5.26,-0.21,5.05,110.4,104.6,5.8,90.1,0.322,0.107,0.537,,0.467,11.7,35.6,0.196,,70.5,,Alamodome,904190.0,22053.0,82.0,7388.2,106.24678298800436,106.25768811341332,4.15321701199565,-1.6576881134133288,5.810905125408979,,,,,
1994,1993-94,Regular Season,4.0,Atlanta Hawks*,28.7,57.0,25.0,56.0,26.0,5.27,-0.33,4.94,107.2,101.7,5.5,94.2,0.294,0.118,0.523,,0.475,16.0,34.6,0.185,,67.7,,Omni Coliseum,537547.0,13338.0,82.0,7724.400000000001,106.24678298800436,106.25768811341332,0.9532170119956476,-4.55768811341332,5.510905125408968,,,,,
1994,1993-94,Regular Season,5.0,Phoenix Suns*,28.7,56.0,26.0,54.0,28.0,4.84,-0.17,4.68,111.7,106.8,4.9,96.7,0.325,0.147,0.548,,0.493,13.5,35.2,0.202,,69.3,,America West Arena,779952.0,19023.0,82.0,7929.400000000001,106.24678298800436,106.25768811341332,5.453217011995648,0.5423118865866741,4.9109051254089735,,,,,
1994,1993-94,Regular Season,6.0,Utah Jazz*,29.4,53.0,29.0,53.0,29.0,4.22,-0.12,4.1,108.6,104.1,4.5,93.1,0.354,0.083,0.537,,0.469,14.6,31.3,0.267,,68.4,,Delta Center,814502.0,19866.0,82.0,7634.2,106.24678298800436,106.25768811341332,2.353217011995639,-2.157688113413329,4.510905125408968,,,,,
1994,1993-94,Regular Season,7.0,Houston Rockets*,28.1,58.0,24.0,53.0,29.0,4.32,-0.12,4.19,105.9,101.4,4.5,95.0,0.294,0.191,0.545,,0.458,13.3,27.6,0.192,,69.7,,The Summit,615227.0,15005.0,82.0,7790.0,106.24678298800436,106.25768811341332,-0.3467829880043496,-4.857688113413317,4.510905125408968,,,,,
1994,1993-94,Regular Season,8.0,Cleveland Cavaliers*,27.9,47.0,35.0,52.0,30.0,4.02,-0.39,3.64,109.4,105.1,4.3,91.7,0.335,0.121,0.537,,0.484,14.5,31.8,0.215,,69.0,,Coliseum at Richfield,753686.0,18383.0,82.0,7519.400000000001,106.24678298800436,106.25768811341332,3.1532170119956504,-1.1576881134133288,4.310905125408979,,,,,
1994,1993-94,Regular Season,9.0,Orlando Magic*,25.8,50.0,32.0,52.0,30.0,3.89,-0.21,3.68,110.8,106.7,4.1,95.2,0.341,0.165,0.547,,0.479,13.3,33.8,0.214,,66.3,,Orlando Arena,626931.0,15291.0,82.0,7806.400000000001,106.24678298800436,106.25768811341332,4.553217011995642,0.4423118865866797,4.110905125408962,,,,,
1994,1993-94,Regular Season,10.0,Indiana Pacers*,27.2,47.0,35.0,51.0,31.0,3.45,-0.19,3.26,107.8,104.2,3.6,93.3,0.366,0.077,0.547,,0.471,14.9,34.4,0.267,,68.0,,Market Square Arena,531812.0,13264.0,82.0,7650.599999999999,106.24678298800436,106.25768811341332,1.553217011995642,-2.0576881134133203,3.610905125408962,,,,,
1994,1993-94,Regular Season,11.0,Chicago Bulls*,27.7,55.0,27.0,50.0,32.0,3.09,-0.22,2.87,106.1,102.7,3.4,91.9,0.273,0.097,0.526,,0.482,15.3,33.8,0.225,,70.8,,Chicago Stadium,760816.0,18556.0,82.0,7535.8,106.24678298800436,106.25768811341332,-0.1467829880043609,-3.5576881134133203,3.4109051254089597,,,,,
1994,1993-94,Regular Season,12.0,Miami Heat*,26.0,42.0,40.0,48.0,34.0,2.67,-0.27,2.4,109.5,106.7,2.8,93.8,0.322,0.145,0.538,,0.479,14.5,35.3,0.284,,69.1,,Miami Arena,617242.0,15055.0,82.0,7691.599999999999,106.24678298800436,106.25768811341332,3.2532170119956447,0.4423118865866797,2.810905125408965,,,,,
1994,1993-94,Regular Season,13.0,Portland Trail Blazers*,28.6,47.0,35.0,48.0,34.0,2.63,-0.04,2.6,108.1,105.5,2.6,98.8,0.323,0.104,0.518,,0.49,14.8,34.4,0.235,,70.8,,Memorial Coliseum,528408.0,12888.0,82.0,8101.599999999999,106.24678298800436,106.25768811341332,1.853217011995639,-0.7576881134133231,2.610905125408962,,,,,
1994,1993-94,Regular Season,14.0,New Jersey Nets*,26.6,45.0,37.0,47.0,35.0,2.2,-0.08,2.11,107.2,104.9,2.3,95.5,0.351,0.096,0.515,,0.475,13.5,34.0,0.212,,69.1,,Brendan Byrne Arena,658304.0,16056.0,82.0,7831.0,106.24678298800436,106.25768811341332,0.9532170119956476,-1.3576881134133174,2.310905125408965,,,,,
1994,1993-94,Regular Season,15.0,Golden State Warriors*,25.0,50.0,32.0,46.0,36.0,1.74,0.01,1.76,108.3,106.5,1.8,99.1,0.322,0.12,0.542,,0.488,14.7,32.9,0.21,,64.4,,Oakland-Alameda County Coliseum Arena,616025.0,15025.0,82.0,8126.2,106.24678298800436,106.25768811341332,2.053217011995642,0.2423118865866769,1.810905125408965,,,,,
1994,1993-94,Regular Season,16.0,Denver Nuggets*,24.8,42.0,40.0,45.0,37.0,1.49,0.05,1.54,103.9,102.3,1.6,96.1,0.357,0.088,0.524,,0.453,13.4,32.2,0.252,,69.6,,McNichols Sports Arena,673738.0,16433.0,82.0,7880.2,106.24678298800436,106.25768811341332,-2.3467829880043496,-3.957688113413326,1.6109051254089763,,,,,
1994,1993-94,Regular Season,17.0,Charlotte Hornets,27.6,41.0,41.0,40.0,42.0,-0.22,-0.01,-0.23,108.4,108.6,-0.2,97.5,0.301,0.129,0.543,,0.492,13.2,29.2,0.205,,67.0,,Charlotte Coliseum,971609.0,23698.0,82.0,7995.0,106.24678298800436,106.25768811341332,2.1532170119956504,2.342311886586671,-0.1890948745910208,,,,,
1994,1993-94,Regular Season,18.0,Boston Celtics,27.8,32.0,50.0,29.0,53.0,-4.28,0.01,-4.28,104.2,108.7,-4.5,95.6,0.284,0.068,0.521,,0.494,13.7,29.3,0.238,,67.8,,Boston Garden,604867.0,14890.0,82.0,7839.2,106.24678298800436,106.25768811341332,-2.0467829880043524,2.44231188658668,-4.489094874591032,,,,,
1994,1993-94,Regular Season,19.0,Los Angeles Lakers,26.5,33.0,49.0,29.0,53.0,-4.29,0.36,-3.93,104.8,109.3,-4.5,95.5,0.269,0.11,0.503,,0.492,14.3,33.2,0.24,,63.2,,Great Western Forum,545915.0,13315.0,82.0,7831.0,106.24678298800436,106.25768811341332,-1.446782988004358,3.042311886586674,-4.489094874591032,,,,,
1994,1993-94,Regular Season,20.0,Los Angeles Clippers,27.0,27.0,55.0,26.0,56.0,-5.72,0.44,-5.28,102.9,108.6,-5.7,99.6,0.297,0.116,0.521,,0.494,14.0,30.4,0.213,,64.1,,Los Angeles Memorial Sports Arena,471034.0,11390.0,82.0,8167.2,106.24678298800436,106.25768811341332,-3.3467829880043496,2.342311886586671,-5.689094874591021,,,,,
1994,1993-94,Regular Season,21.0,Sacramento Kings,26.7,28.0,54.0,26.0,56.0,-5.77,0.44,-5.32,103.3,109.2,-5.9,97.5,0.326,0.104,0.516,,0.499,14.2,30.4,0.252,,66.4,,ARCO Arena (II),710497.0,17329.0,82.0,7995.0,106.24678298800436,106.25768811341332,-2.946782988004358,2.94231188658668,-5.889094874591038,,,,,
1994,1993-94,Regular Season,22.0,Milwaukee Bucks,26.1,20.0,62.0,24.0,58.0,-6.48,0.24,-6.24,102.5,109.3,-6.8,94.5,0.32,0.15,0.512,,0.513,15.7,31.1,0.254,,66.5,,Bradley Center,634047.0,15482.0,82.0,7749.0,106.24678298800436,106.25768811341332,-3.7467829880043553,3.042311886586674,-6.789094874591029,,,,,
1994,1993-94,Regular Season,23.0,Minnesota Timberwolves,26.2,20.0,62.0,23.0,59.0,-6.93,0.38,-6.55,101.9,109.2,-7.3,94.7,0.352,0.085,0.525,,0.488,12.8,30.1,0.259,,68.0,,Target Center,733419.0,17888.0,82.0,7765.400000000001,106.24678298800436,106.25768811341332,-4.34678298800435,2.94231188658668,-7.289094874591029,,,,,
1994,1993-94,Regular Season,24.0,Washington Bullets,25.8,24.0,58.0,22.0,60.0,-7.38,0.25,-7.13,104.5,112.2,-7.7,95.9,0.317,0.109,0.529,,0.526,14.0,31.2,0.206,,66.2,,USAir Arena,619756.0,15371.0,82.0,7863.8,106.24678298800436,106.25768811341332,-1.7467829880043553,5.94231188658668,-7.689094874591035,,,,,
1994,1993-94,Regular Season,25.0,Philadelphia 76ers,27.2,25.0,57.0,21.0,61.0,-7.62,0.25,-7.37,101.7,109.7,-8.0,95.7,0.31,0.138,0.518,,0.502,12.8,28.0,0.177,,66.6,,The Spectrum,491769.0,12425.0,82.0,7847.400000000001,106.24678298800436,106.25768811341332,-4.546782988004352,3.44231188658668,-7.989094874591032,,,,,
1994,1993-94,Regular Season,26.0,Detroit Pistons,27.5,20.0,62.0,21.0,61.0,-7.78,0.33,-7.46,102.7,110.9,-8.2,94.2,0.244,0.148,0.511,,0.493,12.8,28.4,0.262,,66.1,,The Palace of Auburn Hills,806641.0,19674.0,82.0,7724.400000000001,106.24678298800436,106.25768811341332,-3.5467829880043524,4.642311886586683,-8.189094874591035,,,,,
1994,1993-94,Regular Season,27.0,Dallas Mavericks,25.3,13.0,69.0,19.0,63.0,-8.7,0.5,-8.19,100.4,109.6,-9.2,94.5,0.275,0.109,0.492,,0.513,15.8,33.7,0.283,,66.1,,Reunion Arena,526414.0,12839.0,82.0,7749.0,106.24678298800436,106.25768811341332,-5.84678298800435,3.342311886586671,-9.18909487459102,,,,,
1994,1993-94,Playoffs,1.0,Houston Rockets,28.1,15.0,8.0,14.0,9.0,,,,107.6,104.1,3.5,89.9,0.294,0.226,0.545,,0.451,11.4,25.6,0.218,,68.2,,,,,23.0,2067.7000000000003,104.96779982705806,104.9700590640618,2.6322001729419355,-0.8700590640617918,3.5022592370037278,0.652,,,,
1994,1993-94,Playoffs,2.0,Indiana Pacers,27.3,10.0,6.0,10.0,6.0,,,,102.9,99.5,3.4,87.8,0.372,0.13,0.519,,0.454,16.8,35.1,0.258,,65.7,,,,,16.0,1404.8,104.96779982705806,104.9700590640618,-2.067799827058053,-5.470059064061786,3.402259237003733,0.625,,,,
1994,1993-94,Playoffs,3.0,Chicago Bulls,27.9,6.0,4.0,6.0,4.0,,,,108.7,105.5,3.2,85.2,0.344,0.135,0.538,,0.475,15.2,32.6,0.277,,66.6,,,,,10.0,852.0,104.96779982705806,104.9700590640618,3.732200172941944,0.5299409359382139,3.20225923700373,0.6,,,,
1994,1993-94,Playoffs,4.0,Utah Jazz,29.5,8.0,8.0,9.0,7.0,,,,107.1,104.9,2.2,86.3,0.358,0.098,0.508,,0.45,13.3,31.5,0.294,,68.4,,,,,16.0,1380.8,104.96779982705806,104.9700590640618,2.1322001729419355,-0.0700590640617804,2.202259237003716,0.5,,,,
1994,1993-94,Playoffs,5.0,New York Knicks,28.9,14.0,11.0,14.0,11.0,,,,101.1,100.0,1.1,87.4,0.352,0.175,0.507,,0.45,16.4,34.0,0.282,,69.9,,,,,25.0,2185.0,104.96779982705806,104.9700590640618,-3.867799827058065,-4.970059064061786,1.1022592370037216,0.56,,,,
1994,1993-94,Playoffs,6.0,Seattle SuperSonics,28.0,2.0,3.0,3.0,2.0,,,,103.1,102.2,0.9,88.5,0.47,0.127,0.5,,0.468,16.3,30.5,0.262,,66.8,,,,,5.0,442.5,104.96779982705806,104.9700590640618,-1.8677998270580645,-2.7700590640617837,0.9022592370037188,0.4,,,,
1994,1993-94,Playoffs,7.0,Atlanta Hawks,28.1,5.0,6.0,6.0,5.0,,,,102.5,102.2,0.3,88.2,0.3,0.111,0.498,,0.459,16.2,32.1,0.25,,64.1,,,,,11.0,970.2,104.96779982705806,104.9700590640618,-2.467799827058059,-2.7700590640617837,0.3022592370037245,0.455,,,,
1994,1993-94,Playoffs,8.0,Phoenix Suns,28.8,6.0,4.0,5.0,5.0,,,,110.5,112.1,-1.6,95.3,0.314,0.194,0.528,,0.533,12.4,31.0,0.178,,74.6,,,,,10.0,953.0,104.96779982705806,104.9700590640618,5.532200172941941,7.129940935938208,-1.597740762996267,0.6,,,,
1994,1993-94,Playoffs,9.0,Denver Nuggets,24.8,6.0,6.0,5.0,7.0,,,,103.3,105.4,-2.1,87.5,0.444,0.15,0.514,,0.442,10.9,32.5,0.298,,69.3,,,,,12.0,1050.0,104.96779982705806,104.9700590640618,-1.6677998270580616,0.4299409359382196,-2.097740762996281,0.5,,,,
1994,1993-94,Playoffs,10.0,Portland Trail Blazers,28.9,1.0,3.0,1.0,3.0,,,,110.5,116.1,-5.6,93.9,0.261,0.114,0.506,,0.543,13.3,35.5,0.255,,72.8,,,,,4.0,375.6,104.96779982705806,104.9700590640618,5.532200172941941,11.129940935938208,-5.597740762996267,0.25,,,,
1994,1993-94,Playoffs,11.0,Orlando Magic,25.2,0.0,3.0,1.0,2.0,,,,104.1,110.1,-6.0,88.1,0.397,0.24,0.511,,0.475,13.5,39.3,0.278,,61.5,,,,,3.0,264.29999999999995,104.96779982705806,104.9700590640618,-0.8677998270580645,5.129940935938208,-5.997740762996273,0.0,,,,
1994,1993-94,Playoffs,12.0,Golden State Warriors,25.0,0.0,3.0,1.0,2.0,,,,118.2,125.0,-6.8,98.2,0.268,0.162,0.572,,0.528,9.5,35.0,0.248,,59.2,,,,,3.0,294.6,104.96779982705806,104.9700590640618,13.232200172941944,20.02994093593821,-6.79774076299627,0.0,,,,
1994,1993-94,Playoffs,13.0,Miami Heat,26.3,2.0,3.0,1.0,4.0,,,,100.0,107.6,-7.6,89.8,0.373,0.162,0.489,,0.47,13.1,34.7,0.239,,66.5,,,,,5.0,449.0,104.96779982705806,104.9700590640618,-4.967799827058059,2.629940935938208,-7.597740762996267,0.4,,,,
1994,1993-94,Playoffs,14.0,Cleveland Cavaliers,27.4,0.0,3.0,1.0,2.0,,,,109.3,117.0,-7.7,83.7,0.391,0.163,0.52,,0.524,13.6,35.9,0.285,,61.5,,,,,3.0,251.1,104.96779982705806,104.9700590640618,4.332200172941938,12.029940935938214,-7.6977407629962755,0.0,,,,
1994,1993-94,Playoffs,15.0,New Jersey Nets,26.8,1.0,3.0,1.0,3.0,,,,94.7,102.6,-7.9,89.1,0.5,0.167,0.473,,0.45,15.5,31.3,0.28,,65.0,,,,,4.0,356.4,104.96779982705806,104.9700590640618,-10.267799827058056,-2.370059064061792,-7.897740762996264,0.25,,,,
1994,1993-94,Playoffs,16.0,San Antonio Spurs,29.0,1.0,3.0,1.0,3.0,,,,100.8,110.3,-9.5,87.3,0.299,0.116,0.464,,0.484,12.4,35.1,0.282,,68.8,,,,,4.0,349.2,104.96779982705806,104.9700590640618,-4.167799827058062,5.329940935938211,-9.497740762996273,0.25,,,,
1995,1994-95,Regular Season,1.0,Utah Jazz*,29.6,60.0,22.0,61.0,21.0,7.99,-0.23,7.76,114.3,105.7,8.6,92.6,0.392,0.126,0.587,,0.496,15.5,29.1,0.292,,72.5,,Delta Center,811159.0,19784.0,82.0,7593.2,108.2722634138563,108.27843418639878,6.027736586143703,-2.5784341863987805,8.606170772542484,,,,,
1995,1994-95,Regular Season,2.0,Seattle SuperSonics*,28.7,57.0,25.0,61.0,21.0,8.18,-0.27,7.91,114.8,106.3,8.5,95.5,0.38,0.194,0.575,,0.492,16.1,32.6,0.278,,68.7,,Tacoma Dome,633604.0,15454.0,82.0,7831.0,108.2722634138563,108.27843418639878,6.527736586143703,-1.9784341863987864,8.50617077254249,,,,,
1995,1994-95,Regular Season,3.0,Orlando Magic*,26.6,57.0,25.0,59.0,23.0,7.06,-0.62,6.44,115.1,107.8,7.3,95.1,0.357,0.205,0.569,,0.49,13.3,34.0,0.22,,68.4,,Orlando Arena,656410.0,16010.0,82.0,7798.2,108.2722634138563,108.27843418639878,6.8277365861437005,-0.4784341863987862,7.306170772542487,,,,,
1995,1994-95,Regular Season,4.0,San Antonio Spurs*,29.0,62.0,20.0,57.0,25.0,5.96,-0.06,5.9,111.7,105.4,6.3,94.6,0.372,0.173,0.562,,0.485,13.0,30.9,0.214,,72.3,,Alamodome,920413.0,22449.0,82.0,7757.2,108.2722634138563,108.27843418639878,3.427736586143709,-2.8784341863987777,6.306170772542487,,,,,
1995,1994-95,Regular Season,5.0,Chicago Bulls*,28.1,47.0,35.0,54.0,28.0,4.83,-0.51,4.32,109.5,104.3,5.2,92.0,0.308,0.177,0.546,,0.488,16.7,32.9,0.263,,68.2,,United Center,926218.0,22591.0,82.0,7544.0,108.2722634138563,108.27843418639878,1.2277365861437062,-3.978434186398786,5.206170772542492,,,,,
1995,1994-95,Regular Season,6.0,Phoenix Suns*,29.2,59.0,23.0,51.0,31.0,3.88,-0.02,3.86,114.5,110.4,4.1,95.9,0.338,0.227,0.567,,0.515,14.0,29.7,0.228,,69.8,,America West Arena,779943.0,19023.0,82.0,7863.8,108.2722634138563,108.27843418639878,6.227736586143706,2.1215658136012223,4.106170772542484,,,,,
1995,1994-95,Regular Season,7.0,Portland Trail Blazers*,29.3,44.0,38.0,52.0,30.0,3.82,-0.02,3.8,109.7,105.7,4.0,93.8,0.313,0.177,0.521,,0.491,14.8,37.1,0.277,,73.5,,Memorial Coliseum,529759.0,12888.0,82.0,7691.599999999999,108.2722634138563,108.27843418639878,1.427736586143709,-2.5784341863987805,4.0061707725424895,,,,,
1995,1994-95,Regular Season,8.0,Indiana Pacers*,28.7,52.0,30.0,52.0,30.0,3.7,-0.34,3.35,109.6,105.6,4.0,90.0,0.383,0.158,0.557,,0.493,15.8,32.8,0.237,,68.6,,Market Square Arena,654428.0,15962.0,82.0,7380.0,108.2722634138563,108.27843418639878,1.3277365861437005,-2.678434186398789,4.0061707725424895,,,,,
1995,1994-95,Regular Season,9.0,Charlotte Hornets*,28.0,50.0,32.0,50.0,32.0,3.28,-0.41,2.87,109.6,106.1,3.5,91.2,0.317,0.219,0.562,,0.485,13.8,26.0,0.202,,68.5,,Charlotte Coliseum,971618.0,23698.0,82.0,7478.400000000001,108.2722634138563,108.27843418639878,1.3277365861437005,-2.178434186398789,3.506170772542489,,,,,
1995,1994-95,Regular Season,10.0,New York Knicks*,29.4,55.0,27.0,50.0,32.0,3.11,-0.33,2.78,107.2,103.8,3.4,91.2,0.331,0.226,0.55,,0.468,14.4,28.6,0.281,,70.8,,Madison Square Garden (IV),810283.0,19763.0,82.0,7478.400000000001,108.2722634138563,108.27843418639878,-1.072263413856291,-4.478434186398786,3.4061707725424952,,,,,
1995,1994-95,Regular Season,11.0,Houston Rockets*,28.5,47.0,35.0,47.0,35.0,2.12,0.2,2.32,109.7,107.4,2.3,94.2,0.31,0.267,0.568,,0.489,13.9,26.9,0.199,,67.7,,The Summit,653389.0,15936.0,82.0,7724.400000000001,108.2722634138563,108.27843418639878,1.427736586143709,-0.8784341863987777,2.3061707725424867,,,,,
1995,1994-95,Regular Season,12.0,Atlanta Hawks*,28.2,42.0,40.0,45.0,37.0,1.28,-0.22,1.06,106.6,105.2,1.4,89.8,0.292,0.237,0.525,,0.495,15.6,31.6,0.215,,68.4,,Omni Coliseum,504807.0,12312.0,82.0,7363.599999999999,108.2722634138563,108.27843418639878,-1.6722634138562995,-3.0784341863987805,1.406170772542481,,,,,
1995,1994-95,Regular Season,13.0,Denver Nuggets*,26.6,41.0,41.0,43.0,39.0,0.84,0.11,0.96,109.1,108.2,0.9,91.5,0.357,0.18,0.556,,0.487,13.2,32.0,0.257,,70.2,,McNichols Sports Arena,704011.0,17171.0,82.0,7503.0,108.2722634138563,108.27843418639878,0.8277365861437005,-0.0784341863987805,0.906170772542481,,,,,
1995,1994-95,Regular Season,14.0,Cleveland Cavaliers*,28.3,43.0,39.0,43.0,39.0,0.62,-0.07,0.55,105.3,104.6,0.7,84.8,0.317,0.165,0.52,,0.493,15.0,31.8,0.224,,72.4,,Gund Arena,833850.0,20338.0,82.0,6953.599999999999,108.2722634138563,108.27843418639878,-2.9722634138562967,-3.678434186398789,0.7061707725424924,,,,,
1995,1994-95,Regular Season,15.0,Los Angeles Lakers*,25.9,48.0,34.0,40.0,42.0,-0.22,0.21,-0.01,109.1,109.4,-0.3,95.2,0.292,0.21,0.539,,0.5,14.8,31.3,0.224,,64.4,,Great Western Forum,591125.0,14418.0,82.0,7806.400000000001,108.2722634138563,108.27843418639878,0.8277365861437005,1.1215658136012223,-0.2938292274575218,,,,,
1995,1994-95,Regular Season,16.0,Sacramento Kings,26.4,39.0,43.0,38.0,44.0,-1.0,0.26,-0.74,105.5,106.5,-1.0,92.3,0.359,0.16,0.538,,0.481,15.0,32.1,0.28,,67.0,,ARCO Arena (II),709997.0,17317.0,82.0,7568.599999999999,108.2722634138563,108.27843418639878,-2.772263413856294,-1.7784341863987834,-0.9938292274575103,,,,,
1995,1994-95,Regular Season,17.0,Miami Heat,27.1,32.0,50.0,36.0,46.0,-1.63,-0.21,-1.85,108.2,109.9,-1.7,92.9,0.317,0.175,0.54,,0.51,14.9,31.7,0.264,,68.7,,Miami Arena,598761.0,14604.0,82.0,7617.8,108.2722634138563,108.27843418639878,-0.0722634138562909,1.6215658136012223,-1.6938292274575133,,,,,
1995,1994-95,Regular Season,18.0,Boston Celtics*,27.2,35.0,47.0,36.0,46.0,-1.88,-0.04,-1.92,108.6,110.6,-2.0,94.0,0.331,0.144,0.537,,0.512,13.6,33.1,0.235,,68.6,,Boston Garden,606070.0,14869.0,82.0,7708.0,108.2722634138563,108.27843418639878,0.3277365861437005,2.321565813601211,-1.9938292274575105,,,,,
1995,1994-95,Regular Season,19.0,Dallas Mavericks,24.3,36.0,46.0,33.0,49.0,-2.9,0.51,-2.39,107.6,110.6,-3.0,94.7,0.301,0.163,0.509,,0.519,13.7,38.9,0.208,,69.8,,Reunion Arena,678433.0,16547.0,82.0,7765.400000000001,108.2722634138563,108.27843418639878,-0.6722634138562995,2.321565813601211,-2.9938292274575105,,,,,
1995,1994-95,Regular Season,20.0,New Jersey Nets,27.5,30.0,52.0,32.0,50.0,-3.13,-0.14,-3.28,105.2,108.6,-3.4,92.3,0.342,0.192,0.519,,0.493,12.4,33.3,0.217,,70.9,,Brendan Byrne Arena,684102.0,16685.0,82.0,7568.599999999999,108.2722634138563,108.27843418639878,-3.072263413856291,0.3215658136012109,-3.393829227457502,,,,,
1995,1994-95,Regular Season,21.0,Milwaukee Bucks,25.7,34.0,48.0,29.0,53.0,-4.37,0.07,-4.3,106.2,110.9,-4.7,92.7,0.343,0.205,0.537,,0.53,15.3,31.3,0.23,,68.3,,Bradley Center,670720.0,16359.0,82.0,7601.400000000001,108.2722634138563,108.27843418639878,-2.072263413856291,2.6215658136012223,-4.693829227457513,,,,,
1995,1994-95,Regular Season,22.0,Golden State Warriors,26.0,26.0,56.0,27.0,55.0,-5.41,0.51,-4.9,106.7,112.2,-5.5,97.9,0.348,0.233,0.547,,0.522,13.9,30.3,0.216,,66.5,,Oakland-Alameda County Coliseum Arena,616025.0,15025.0,82.0,8027.8,108.2722634138563,108.27843418639878,-1.572263413856291,3.92156581360122,-5.493829227457511,,,,,
1995,1994-95,Regular Season,23.0,Philadelphia 76ers,25.1,24.0,58.0,27.0,55.0,-5.07,0.01,-5.06,104.1,109.7,-5.6,91.0,0.323,0.142,0.521,,0.5,14.6,32.3,0.235,,66.1,,CoreStates Spectrum,507806.0,12386.0,82.0,7462.0,108.2722634138563,108.27843418639878,-4.1722634138563,1.4215658136012197,-5.593829227457519,,,,,
1995,1994-95,Regular Season,24.0,Washington Bullets,24.5,21.0,61.0,26.0,56.0,-5.6,0.04,-5.56,105.4,111.3,-5.9,94.5,0.292,0.183,0.529,,0.512,14.9,29.3,0.262,,66.7,,USAir Arena,689463.0,17255.0,82.0,7749.0,108.2722634138563,108.27843418639878,-2.872263413856288,3.021565813601214,-5.893829227457502,,,,,
1995,1994-95,Regular Season,25.0,Detroit Pistons,26.9,28.0,54.0,22.0,60.0,-7.29,0.21,-7.08,105.1,112.9,-7.8,93.2,0.293,0.21,0.538,,0.51,14.2,28.3,0.299,,65.8,,The Palace of Auburn Hills,719090.0,17539.0,82.0,7642.400000000001,108.2722634138563,108.27843418639878,-3.1722634138562995,4.621565813601222,-7.793829227457522,,,,,
1995,1994-95,Regular Season,26.0,Los Angeles Clippers,24.9,17.0,65.0,18.0,64.0,-9.16,0.73,-8.43,101.5,111.1,-9.6,94.3,0.302,0.153,0.508,,0.526,16.6,29.6,0.29,,65.7,,Los Angeles Memorial Sports Arena,438244.0,9333.0,82.0,7732.599999999999,108.2722634138563,108.27843418639878,-6.772263413856294,2.821565813601211,-9.593829227457505,,,,,
1995,1994-95,Regular Season,27.0,Minnesota Timberwolves,25.4,21.0,61.0,18.0,64.0,-9.0,0.78,-8.22,102.6,112.4,-9.8,91.4,0.379,0.163,0.532,,0.51,14.8,27.7,0.28,,64.1,,Target Center,603518.0,14720.0,82.0,7494.8,108.2722634138563,108.27843418639878,-5.6722634138563,4.121565813601222,-9.793829227457522,,,,,
1995,1994-95,Playoffs,1.0,San Antonio Spurs,29.3,9.0,6.0,10.0,5.0,,,,108.3,103.1,5.2,89.7,0.393,0.151,0.53,,0.467,13.2,32.3,0.228,,71.8,,,,,15.0,1345.5,110.5805390972468,110.5915918989212,-2.280539097246816,-7.4915918989212,5.211052801674384,0.6,,,,
1995,1994-95,Playoffs,2.0,New York Knicks,29.9,6.0,5.0,7.0,4.0,,,,107.2,102.7,4.5,86.2,0.401,0.244,0.57,,0.465,16.8,27.7,0.35,,71.9,,,,,11.0,948.2,110.5805390972468,110.5915918989212,-3.3805390972468103,-7.891591898921192,4.511052801674381,0.545,,,,
1995,1994-95,Playoffs,3.0,Phoenix Suns,29.7,6.0,4.0,6.0,4.0,,,,118.4,114.1,4.3,92.8,0.405,0.228,0.58,,0.526,10.7,30.7,0.248,,76.0,,,,,10.0,928.0,110.5805390972468,110.5915918989212,7.819460902753192,3.5084081010788,4.311052801674393,0.6,,,,
1995,1994-95,Playoffs,4.0,Seattle SuperSonics,28.5,1.0,3.0,3.0,1.0,,,,111.4,107.1,4.3,87.3,0.298,0.224,0.534,,0.5,15.5,36.9,0.29,,70.8,,,,,4.0,349.2,110.5805390972468,110.5915918989212,0.8194609027531925,-3.4915918989212003,4.311052801674393,0.25,,,,
1995,1994-95,Playoffs,5.0,Houston Rockets,29.0,15.0,7.0,13.0,9.0,,,,115.2,112.2,3.0,92.0,0.352,0.275,0.58,,0.505,12.7,23.5,0.271,,70.1,,,,,22.0,2024.0,110.5805390972468,110.5915918989212,4.61946090275319,1.6084081010788085,3.0110528016743814,0.682,,,,
1995,1994-95,Playoffs,6.0,Indiana Pacers,28.4,10.0,7.0,9.0,8.0,,,,112.6,111.2,1.4,87.1,0.443,0.208,0.558,,0.536,14.0,34.8,0.261,,72.7,,,,,17.0,1480.6999999999998,110.5805390972468,110.5915918989212,2.019460902753181,0.6084081010788083,1.4110528016743729,0.588,,,,
1995,1994-95,Playoffs,7.0,Orlando Magic,26.3,11.0,10.0,11.0,10.0,,,,114.0,112.6,1.4,89.4,0.376,0.277,0.568,,0.495,12.9,31.6,0.276,,66.7,,,,,21.0,1877.4,110.5805390972468,110.5915918989212,3.419460902753187,2.0084081010788,1.411052801674387,0.524,,,,
1995,1994-95,Playoffs,8.0,Chicago Bulls,28.5,5.0,5.0,5.0,5.0,,,,111.3,110.2,1.1,87.5,0.313,0.194,0.541,,0.488,14.7,32.7,0.328,,65.4,,,,,10.0,875.0,110.5805390972468,110.5915918989212,0.719460902753184,-0.3915918989211917,1.1110528016743757,0.5,,,,
1995,1994-95,Playoffs,9.0,Charlotte Hornets,28.5,1.0,3.0,1.0,3.0,,,,106.4,110.7,-4.3,84.7,0.404,0.226,0.529,,0.526,15.6,34.0,0.198,,66.9,,,,,4.0,338.8,110.5805390972468,110.5915918989212,-4.180539097246808,0.1084081010788082,-4.288947198325616,0.25,,,,
1995,1994-95,Playoffs,10.0,Utah Jazz,30.2,2.0,3.0,2.0,3.0,,,,115.9,120.4,-4.5,89.7,0.459,0.184,0.577,,0.598,13.8,27.0,0.36,,79.6,,,,,5.0,448.5,110.5805390972468,110.5915918989212,5.3194609027531925,9.808408101078811,-4.488947198325619,0.4,,,,
1995,1994-95,Playoffs,11.0,Los Angeles Lakers,25.1,5.0,5.0,3.0,7.0,,,,100.8,106.3,-5.5,88.2,0.349,0.256,0.503,,0.465,14.8,28.6,0.249,,64.9,,,,,10.0,882.0,110.5805390972468,110.5915918989212,-9.780539097246816,-4.291591898921197,-5.488947198325619,0.5,,,,
1995,1994-95,Playoffs,12.0,Cleveland Cavaliers,28.6,1.0,3.0,1.0,3.0,,,,97.0,106.7,-9.7,85.1,0.438,0.225,0.518,,0.569,20.7,19.3,0.248,,71.1,,,,,4.0,340.4,110.5805390972468,110.5915918989212,-13.580539097246811,-3.891591898921192,-9.68894719832562,0.25,,,,
1995,1994-95,Playoffs,13.0,Atlanta Hawks,28.3,0.0,3.0,1.0,2.0,,,,101.7,113.8,-12.1,87.9,0.41,0.295,0.5,,0.502,13.1,27.6,0.311,,66.1,,,,,3.0,263.70000000000005,110.5805390972468,110.5915918989212,-8.88053909724681,3.2084081010788026,-12.088947198325611,0.0,,,,
1995,1994-95,Playoffs,14.0,Boston Celtics,28.0,1.0,3.0,1.0,3.0,,,,99.0,112.8,-13.8,87.1,0.297,0.177,0.483,,0.489,13.2,37.9,0.286,,61.9,,,,,4.0,348.4,110.5805390972468,110.5915918989212,-11.580539097246811,2.2084081010788026,-13.788947198325616,0.25,,,,
1995,1994-95,Playoffs,15.0,Portland Trail Blazers,29.7,0.0,3.0,0.0,3.0,,,,111.3,127.4,-16.1,91.3,0.396,0.179,0.541,,0.567,11.6,26.4,0.418,,70.5,,,,,3.0,273.9,110.5805390972468,110.5915918989212,0.719460902753184,16.80840810107881,-16.088947198325627,0.0,,,,
1995,1994-95,Playoffs,16.0,Denver Nuggets,26.7,0.0,3.0,0.0,3.0,,,,102.5,119.4,-16.9,90.7,0.361,0.227,0.517,,0.52,11.6,33.3,0.43,,72.3,,,,,3.0,272.1,110.5805390972468,110.5915918989212,-8.080539097246813,8.808408101078811,-16.888947198325624,0.0,,,,
1996,1995-96,Regular Season,1.0,Chicago Bulls*,29.9,72.0,10.0,70.0,12.0,12.24,-0.44,11.8,115.2,101.8,13.4,91.1,0.291,0.196,0.555,,0.482,16.1,36.9,0.222,,71.1,,United Center,969149.0,23638.0,82.0,7470.2,107.64316244131456,107.64703098591552,7.556837558685444,-5.847030985915524,13.403868544600968,,,,,
1996,1995-96,Regular Season,2.0,Seattle SuperSonics*,29.6,64.0,18.0,61.0,21.0,7.79,-0.4,7.4,110.3,102.1,8.2,93.8,0.379,0.249,0.574,,0.479,16.7,29.7,0.252,,69.5,,KeyArena at Seattle Center,697301.0,17007.0,82.0,7691.599999999999,107.64316244131456,107.64703098591552,2.6568375586854387,-5.547030985915527,8.203868544600965,,,,,
1996,1995-96,Regular Season,3.0,Utah Jazz*,29.5,55.0,27.0,59.0,23.0,6.59,-0.34,6.25,113.3,106.1,7.2,90.0,0.359,0.158,0.566,,0.489,15.1,31.6,0.295,,71.7,,Delta Center,813073.0,19831.0,82.0,7380.0,107.64316244131456,107.64703098591552,5.656837558685439,-1.5470309859155265,7.203868544600965,,,,,
1996,1995-96,Regular Season,4.0,San Antonio Spurs*,29.4,59.0,23.0,58.0,24.0,6.3,-0.33,5.98,110.2,103.5,6.7,93.3,0.342,0.2,0.558,,0.472,13.9,27.5,0.216,,70.0,,Alamodome,782701.0,19791.0,82.0,7650.599999999999,107.64316244131456,107.64703098591552,2.5568375586854444,-4.147030985915521,6.703868544600965,,,,,
1996,1995-96,Regular Season,5.0,Orlando Magic*,27.7,60.0,22.0,56.0,26.0,5.56,-0.16,5.4,112.9,106.9,6.0,91.8,0.336,0.248,0.562,,0.491,14.0,29.0,0.223,,68.8,,Orlando Arena,707168.0,17248.0,82.0,7527.599999999999,107.64316244131456,107.64703098591552,5.256837558685447,-0.7470309859155151,6.003868544600962,,,,,
1996,1995-96,Regular Season,6.0,Los Angeles Lakers*,27.1,53.0,29.0,53.0,29.0,4.45,-0.24,4.21,111.4,106.6,4.8,92.4,0.306,0.203,0.555,,0.491,14.9,30.1,0.205,,66.8,,Great Western Forum,649634.0,15845.0,82.0,7576.8,107.64316244131456,107.64703098591552,3.756837558685447,-1.0470309859155265,4.803868544600974,,,,,
1996,1995-96,Regular Season,7.0,Indiana Pacers*,29.4,52.0,30.0,50.0,32.0,3.24,-0.14,3.11,110.8,107.2,3.6,89.3,0.389,0.157,0.56,,0.491,14.7,33.0,0.271,,69.3,,Market Square Arena,673967.0,16438.0,82.0,7322.599999999999,107.64316244131456,107.64703098591552,3.1568375586854387,-0.4470309859155179,3.6038685446009566,,,,,
1996,1995-96,Regular Season,8.0,Cleveland Cavaliers*,27.5,47.0,35.0,49.0,33.0,2.59,-0.09,2.49,109.9,106.7,3.2,82.3,0.296,0.264,0.551,,0.506,16.3,28.6,0.242,,70.2,,Gund Arena,730095.0,17807.0,82.0,6748.599999999999,107.64316244131456,107.64703098591552,2.256837558685447,-0.947030985915518,3.203868544600965,,,,,
1996,1995-96,Regular Season,9.0,Detroit Pistons*,26.8,46.0,36.0,49.0,33.0,2.5,-0.05,2.45,107.9,105.1,2.8,87.7,0.36,0.221,0.551,,0.483,13.7,28.0,0.229,,71.7,,The Palace of Auburn Hills,730573.0,17819.0,82.0,7191.400000000001,107.64316244131456,107.64703098591552,0.2568375586854472,-2.5470309859155265,2.8038685446009737,,,,,
1996,1995-96,Regular Season,10.0,Portland Trail Blazers*,28.1,44.0,38.0,48.0,34.0,2.35,-0.14,2.21,106.0,103.5,2.5,92.6,0.347,0.203,0.528,,0.478,13.5,33.4,0.236,,73.4,,Rose Garden Arena,848055.0,20684.0,82.0,7593.2,107.64316244131456,107.64703098591552,-1.6431624413145585,-4.147030985915521,2.5038685446009623,,,,,
1996,1995-96,Regular Season,11.0,New York Knicks*,30.4,47.0,35.0,48.0,34.0,2.32,-0.08,2.24,106.0,103.5,2.5,91.0,0.306,0.201,0.55,,0.476,14.8,25.5,0.251,,71.1,,Madison Square Garden (IV),810283.0,19763.0,82.0,7462.0,107.64316244131456,107.64703098591552,-1.6431624413145585,-4.147030985915521,2.5038685446009623,,,,,
1996,1995-96,Regular Season,12.0,Houston Rockets*,29.0,48.0,34.0,46.0,36.0,1.74,-0.12,1.63,109.3,107.4,1.9,93.2,0.317,0.265,0.555,,0.495,13.6,26.9,0.206,,68.6,,The Summit,667840.0,16293.0,82.0,7642.400000000001,107.64316244131456,107.64703098591552,1.6568375586854387,-0.2470309859155151,1.9038685446009536,,,,,
1996,1995-96,Regular Season,13.0,Miami Heat*,27.4,42.0,40.0,45.0,37.0,1.43,0.03,1.46,105.3,103.8,1.5,91.1,0.345,0.23,0.541,,0.469,14.8,30.1,0.298,,71.8,,Miami Arena,606088.0,14783.0,82.0,7470.2,107.64316244131456,107.64703098591552,-2.3431624413145613,-3.847030985915524,1.5038685446009623,,,,,
1996,1995-96,Regular Season,14.0,Atlanta Hawks*,28.1,46.0,36.0,45.0,37.0,1.22,0.07,1.29,109.4,108.0,1.4,89.6,0.302,0.239,0.534,,0.512,16.3,34.0,0.217,,67.1,,Omni Coliseum,496668.0,12114.0,82.0,7347.2,107.64316244131456,107.64703098591552,1.7568375586854472,0.3529690140844792,1.403868544600968,,,,,
1996,1995-96,Regular Season,15.0,Washington Bullets,24.8,39.0,43.0,44.0,38.0,1.06,-0.07,0.99,108.7,107.6,1.1,93.7,0.314,0.183,0.558,,0.489,15.0,28.2,0.274,,67.8,,USAir Arena,669598.0,17237.0,82.0,7683.400000000001,107.64316244131456,107.64703098591552,1.0568375586854444,-0.0470309859155264,1.1038685446009708,,,,,
1996,1995-96,Regular Season,16.0,Phoenix Suns*,27.9,41.0,41.0,42.0,40.0,0.33,-0.05,0.28,110.3,110.0,0.3,93.2,0.37,0.147,0.551,,0.511,13.3,29.8,0.225,,71.4,,America West Arena,779943.0,19023.0,82.0,7642.400000000001,107.64316244131456,107.64703098591552,2.6568375586854387,2.3529690140844792,0.3038685446009594,,,,,
1996,1995-96,Regular Season,17.0,Charlotte Hornets,27.8,41.0,41.0,39.0,43.0,-0.57,0.09,-0.48,111.2,111.8,-0.6,91.6,0.32,0.23,0.558,,0.529,13.9,29.5,0.217,,70.3,,Charlotte Coliseum,985722.0,24042.0,82.0,7511.2,107.64316244131456,107.64703098591552,3.5568375586854444,4.152969014084476,-0.596131455399032,,,,,
1996,1995-96,Regular Season,18.0,Golden State Warriors,27.0,36.0,46.0,37.0,45.0,-1.45,0.03,-1.42,108.4,109.9,-1.5,93.4,0.349,0.179,0.539,,0.51,15.2,33.9,0.232,,67.2,,Oakland-Alameda County Coliseum Arena,616025.0,15025.0,82.0,7658.8,107.64316244131456,107.64703098591552,0.7568375586854472,2.252969014084485,-1.4961314553990377,,,,,
1996,1995-96,Regular Season,19.0,Denver Nuggets,26.8,35.0,47.0,33.0,49.0,-2.71,0.09,-2.62,105.2,108.1,-2.9,92.2,0.326,0.172,0.526,,0.492,12.8,30.7,0.237,,72.7,,McNichols Sports Arena,675425.0,16474.0,82.0,7560.400000000001,107.64316244131456,107.64703098591552,-2.443162441314556,0.4529690140844735,-2.896131455399029,,,,,
1996,1995-96,Regular Season,20.0,Sacramento Kings*,26.6,39.0,43.0,33.0,49.0,-2.71,0.09,-2.62,106.2,109.1,-2.9,93.4,0.371,0.184,0.54,,0.498,15.1,32.5,0.302,,69.0,,ARCO Arena (II),709999.0,17317.0,82.0,7658.8,107.64316244131456,107.64703098591552,-1.4431624413145556,1.4529690140844735,-2.896131455399029,,,,,
1996,1995-96,Regular Season,21.0,Boston Celtics,26.3,33.0,49.0,32.0,50.0,-3.4,0.03,-3.37,106.4,109.9,-3.5,96.2,0.329,0.209,0.534,,0.511,14.3,28.8,0.258,,70.0,,FleetCenter,730842.0,17825.0,82.0,7888.400000000001,107.64316244131456,107.64703098591552,-1.2431624413145528,2.252969014084485,-3.4961314553990377,,,,,
1996,1995-96,Regular Season,22.0,Los Angeles Clippers,25.2,29.0,53.0,31.0,51.0,-3.6,0.13,-3.46,106.5,110.3,-3.8,93.2,0.3,0.208,0.544,,0.512,15.2,29.3,0.282,,67.9,,Los Angeles Memorial Sports Arena,405495.0,9074.0,82.0,7642.400000000001,107.64316244131456,107.64703098591552,-1.1431624413145585,2.6529690140844764,-3.796131455399035,,,,,
1996,1995-96,Regular Season,23.0,New Jersey Nets,27.4,30.0,52.0,29.0,53.0,-4.23,0.09,-4.14,101.9,106.5,-4.6,90.9,0.332,0.111,0.497,,0.495,14.5,36.4,0.223,,70.9,,Brendan Byrne Arena,638144.0,15564.0,82.0,7453.8,107.64316244131456,107.64703098591552,-5.743162441314553,-1.1470309859155208,-4.596131455399032,,,,,
1996,1995-96,Regular Season,24.0,Dallas Mavericks,25.1,26.0,56.0,28.0,54.0,-4.9,0.19,-4.71,106.1,111.2,-5.1,95.4,0.266,0.274,0.507,,0.526,14.7,34.1,0.222,,68.6,,Reunion Arena,684138.0,16686.0,82.0,7822.8,107.64316244131456,107.64703098591552,-1.543162441314564,3.552969014084482,-5.096131455399046,,,,,
1996,1995-96,Regular Season,25.0,Minnesota Timberwolves,26.4,26.0,56.0,26.0,56.0,-5.35,0.22,-5.14,104.1,109.8,-5.7,93.5,0.357,0.132,0.535,,0.509,15.0,29.8,0.267,,68.7,,Target Center,585669.0,14285.0,82.0,7667.0,107.64316244131456,107.64703098591552,-3.543162441314564,2.1529690140844764,-5.6961314553990405,,,,,
1996,1995-96,Regular Season,26.0,Milwaukee Bucks,27.5,25.0,57.0,26.0,56.0,-5.3,0.38,-4.92,105.6,111.5,-5.9,90.2,0.295,0.163,0.534,,0.52,14.1,29.7,0.248,,68.4,,Bradley Center,647088.0,15783.0,82.0,7396.400000000001,107.64316244131456,107.64703098591552,-2.043162441314564,3.8529690140844792,-5.896131455399043,,,,,
1996,1995-96,Regular Season,27.0,Toronto Raptors,26.1,21.0,61.0,21.0,61.0,-7.51,0.31,-7.2,103.8,111.8,-8.0,93.2,0.296,0.177,0.536,,0.514,14.7,32.0,0.272,,66.8,,SkyDome,950330.0,23483.0,82.0,7642.400000000001,107.64316244131456,107.64703098591552,-3.843162441314561,4.152969014084476,-7.996131455399038,,,,,
1996,1995-96,Regular Season,28.0,Philadelphia 76ers,26.1,18.0,64.0,16.0,66.0,-10.0,0.55,-9.45,102.2,113.0,-10.8,92.2,0.353,0.224,0.522,,0.522,14.4,29.4,0.217,,65.0,,CoreStates Spectrum,476016.0,11935.0,82.0,7560.400000000001,107.64316244131456,107.64703098591552,-5.443162441314556,5.352969014084479,-10.796131455399037,,,,,
1996,1995-96,Regular Season,29.0,Vancouver Grizzlies,27.2,15.0,67.0,15.0,67.0,-9.98,0.43,-9.55,97.6,108.5,-10.9,91.0,0.308,0.174,0.5,,0.51,16.1,27.3,0.241,,66.3,,General Motors Place,654013.0,17183.0,82.0,7462.0,107.64316244131456,107.64703098591552,-10.043162441314564,0.8529690140844792,-10.896131455399043,,,,,
1996,1995-96,Playoffs,1.0,Chicago Bulls,30.5,15.0,3.0,15.0,3.0,,,,111.5,99.4,12.1,86.8,0.351,0.253,0.529,,0.48,18.1,39.1,0.267,,72.6,,,,,18.0,1562.4,106.76547411064692,106.77626113010086,4.73452588935308,-7.376261130100858,12.110787019453936,0.833,,,,
1996,1995-96,Playoffs,2.0,Utah Jazz,29.6,10.0,8.0,14.0,4.0,,,,109.7,100.8,8.9,85.8,0.356,0.169,0.546,,0.478,16.9,29.3,0.308,,72.5,,,,,18.0,1544.4,106.76547411064692,106.77626113010086,2.9345258893530826,-5.976261130100866,8.910787019453949,0.556,,,,
1996,1995-96,Playoffs,3.0,Orlando Magic,27.2,7.0,5.0,7.0,5.0,,,,114.5,112.7,1.8,85.8,0.356,0.238,0.557,,0.512,13.2,33.3,0.263,,66.0,,,,,12.0,1029.6,106.76547411064692,106.77626113010086,7.73452588935308,5.92373886989914,1.81078701945394,0.583,,,,
1996,1995-96,Playoffs,4.0,Seattle SuperSonics,29.9,13.0,8.0,12.0,9.0,,,,105.7,104.1,1.6,88.2,0.389,0.27,0.57,,0.471,14.6,26.0,0.255,,69.1,,,,,21.0,1852.2,106.76547411064692,106.77626113010086,-1.0654741106469174,-2.676261130100869,1.6107870194539515,0.619,,,,
1996,1995-96,Playoffs,5.0,New York Knicks,30.7,4.0,4.0,4.0,4.0,,,,102.4,102.3,0.1,85.4,0.379,0.233,0.548,,0.447,13.3,24.0,0.201,,65.6,,,,,8.0,683.2,106.76547411064692,106.77626113010086,-4.365474110646915,-4.476261130100866,0.1107870194539515,0.5,,,,
1996,1995-96,Playoffs,6.0,Indiana Pacers,29.0,2.0,3.0,2.0,3.0,,,,102.5,103.7,-1.2,83.1,0.332,0.155,0.516,,0.476,15.6,38.0,0.202,,65.6,,,,,5.0,415.5,106.76547411064692,106.77626113010086,-4.26547411064692,-3.0762611301008604,-1.1892129805460598,0.4,,,,
1996,1995-96,Playoffs,7.0,Los Angeles Lakers,27.5,1.0,3.0,2.0,2.0,,,,101.4,103.6,-2.2,93.4,0.286,0.28,0.512,,0.5,11.3,28.3,0.194,,83.2,,,,,4.0,373.6,106.76547411064692,106.77626113010086,-5.365474110646915,-3.176261130100869,-2.1892129805460456,0.25,,,,
1996,1995-96,Playoffs,8.0,San Antonio Spurs,29.2,5.0,5.0,4.0,6.0,,,,108.5,111.5,-3.0,86.8,0.377,0.159,0.55,,0.498,12.4,28.8,0.203,,67.9,,,,,10.0,868.0,106.76547411064692,106.77626113010086,1.7345258893530795,4.723738869899137,-2.989212980546057,0.5,,,,
1996,1995-96,Playoffs,9.0,Atlanta Hawks,27.4,4.0,6.0,3.0,7.0,,,,107.9,112.9,-5.0,85.0,0.322,0.272,0.536,,0.512,14.6,31.0,0.226,,61.0,,,,,10.0,850.0,106.76547411064692,106.77626113010086,1.1345258893530854,6.123738869899142,-4.989212980546057,0.4,,,,
1996,1995-96,Playoffs,10.0,Houston Rockets,29.6,3.0,5.0,3.0,5.0,,,,103.2,108.4,-5.2,93.5,0.287,0.278,0.527,,0.522,14.7,21.0,0.222,,73.0,,,,,8.0,748.0,106.76547411064692,106.77626113010086,-3.565474110646917,1.6237388698991424,-5.18921298054606,0.375,,,,
1996,1995-96,Playoffs,11.0,Sacramento Kings,26.8,1.0,3.0,1.0,3.0,,,,96.0,102.6,-6.6,91.4,0.385,0.216,0.507,,0.497,16.5,31.6,0.304,,76.9,,,,,4.0,365.6,106.76547411064692,106.77626113010086,-10.76547411064692,-4.176261130100869,-6.589212980546051,0.25,,,,
1996,1995-96,Playoffs,12.0,Portland Trail Blazers,28.9,2.0,3.0,1.0,4.0,,,,101.6,112.9,-11.3,86.4,0.445,0.224,0.488,,0.501,11.3,31.4,0.332,,70.9,,,,,5.0,432.0,106.76547411064692,106.77626113010086,-5.165474110646926,6.123738869899142,-11.289212980546068,0.4,,,,
1996,1995-96,Playoffs,13.0,Phoenix Suns,29.0,1.0,3.0,1.0,3.0,,,,109.1,121.3,-12.2,90.5,0.305,0.151,0.506,,0.567,10.9,31.5,0.212,,70.6,,,,,4.0,362.0,106.76547411064692,106.77626113010086,2.334525889353074,14.523738869899134,-12.18921298054606,0.25,,,,
1996,1995-96,Playoffs,14.0,Cleveland Cavaliers,27.9,0.0,3.0,0.0,3.0,,,,98.5,111.7,-13.2,80.9,0.203,0.284,0.494,,0.572,16.1,29.4,0.204,,76.0,,,,,3.0,242.7,106.76547411064692,106.77626113010086,-8.26547411064692,4.92373886989914,-13.18921298054606,0.0,,,,
1996,1995-96,Playoffs,15.0,Detroit Pistons,28.1,0.0,3.0,0.0,3.0,,,,107.6,122.9,-15.3,82.7,0.343,0.231,0.537,,0.573,11.7,31.6,0.241,,67.6,,,,,3.0,248.1,106.76547411064692,106.77626113010086,0.834525889353074,16.123738869899142,-15.289212980546068,0.0,,,,
1996,1995-96,Playoffs,16.0,Miami Heat,27.2,0.0,3.0,0.0,3.0,,,,92.6,118.0,-25.4,90.4,0.31,0.324,0.511,,0.551,15.0,27.6,0.308,,64.3,,,,,3.0,271.20000000000005,106.76547411064692,106.77626113010086,-14.165474110646926,11.223738869899137,-25.389212980546063,0.0,,,,
1997,1996-97,Regular Season,1.0,Chicago Bulls*,30.7,69.0,13.0,68.0,14.0,10.8,-0.11,10.7,114.4,102.4,12.0,90.0,0.267,0.203,0.547,,0.471,14.8,35.9,0.196,,69.3,,United Center,978457.0,23865.0,82.0,7380.0,106.6585982631317,106.657783388806,7.741401736868312,-4.257783388806004,11.999185125674316,,,,,
1997,1996-97,Regular Season,2.0,Utah Jazz*,29.6,64.0,18.0,64.0,18.0,8.79,-0.82,7.97,113.6,104.0,9.6,90.0,0.389,0.145,0.581,,0.48,15.5,29.7,0.29,,71.6,,Delta Center,811439.0,19791.0,82.0,7380.0,106.6585982631317,106.657783388806,6.9414017368683005,-2.65778338880601,9.59918512567431,,,,,
1997,1996-97,Regular Season,3.0,Seattle SuperSonics*,30.0,57.0,25.0,62.0,20.0,7.68,-0.77,6.91,111.2,102.7,8.5,90.3,0.358,0.247,0.557,,0.49,17.7,30.9,0.242,,69.1,,KeyArena at Seattle Center,699952.0,17072.0,82.0,7404.599999999999,106.6585982631317,106.657783388806,4.541401736868309,-3.957783388806007,8.499185125674316,,,,,
1997,1996-97,Regular Season,4.0,Atlanta Hawks*,28.8,56.0,26.0,57.0,25.0,5.44,0.08,5.52,108.5,102.3,6.2,86.8,0.31,0.291,0.542,,0.472,15.0,31.5,0.191,,69.2,,Omni Coliseum,549414.0,14288.0,82.0,7117.599999999999,106.6585982631317,106.657783388806,1.8414017368683064,-4.357783388806013,6.199185125674319,,,,,
1997,1996-97,Regular Season,5.0,Miami Heat*,27.2,61.0,21.0,57.0,25.0,5.49,0.07,5.56,106.8,100.6,6.2,88.2,0.324,0.299,0.546,,0.465,15.6,29.2,0.248,,70.6,,Miami Arena,615160.0,15004.0,82.0,7232.400000000001,106.6585982631317,106.657783388806,0.1414017368683033,-6.057783388806016,6.199185125674319,,,,,
1997,1996-97,Regular Season,6.0,Detroit Pistons*,28.2,54.0,28.0,57.0,25.0,5.24,0.2,5.45,110.6,104.4,6.2,84.5,0.327,0.246,0.554,,0.487,14.6,27.5,0.197,,70.4,,The Palace of Auburn Hills,784234.0,20014.0,82.0,6929.0,106.6585982631317,106.657783388806,3.941401736868301,-2.257783388806004,6.199185125674305,,,,,
1997,1996-97,Regular Season,7.0,Houston Rockets*,30.8,57.0,25.0,54.0,28.0,4.48,-0.62,3.85,108.8,104.0,4.8,91.6,0.307,0.284,0.56,,0.481,13.3,28.4,0.19,,71.4,,The Summit,667685.0,16285.0,82.0,7511.2,106.6585982631317,106.657783388806,2.141401736868304,-2.65778338880601,4.799185125674313,,,,,
1997,1996-97,Regular Season,8.0,Los Angeles Lakers*,26.5,56.0,26.0,53.0,29.0,4.27,-0.61,3.66,108.3,103.7,4.6,91.1,0.351,0.226,0.535,,0.478,15.1,31.6,0.231,,68.5,,Great Western Forum,697159.0,17004.0,82.0,7470.2,106.6585982631317,106.657783388806,1.6414017368683034,-2.957783388806007,4.59918512567431,,,,,
1997,1996-97,Regular Season,9.0,Portland Trail Blazers*,26.4,49.0,33.0,53.0,29.0,4.17,-0.61,3.56,107.9,103.3,4.6,90.9,0.35,0.217,0.544,,0.471,14.3,32.5,0.268,,72.4,,Rose Garden Arena,852798.0,20800.0,82.0,7453.8,106.6585982631317,106.657783388806,1.241401736868312,-3.3577833888060127,4.599185125674325,,,,,
1997,1996-97,Regular Season,10.0,New York Knicks*,29.7,57.0,25.0,50.0,32.0,3.12,0.18,3.31,104.4,101.0,3.4,90.5,0.34,0.208,0.546,,0.463,15.4,30.5,0.279,,73.4,,Madison Square Garden (IV),790520.0,19763.0,82.0,7421.0,106.6585982631317,106.657783388806,-2.258598263131688,-5.65778338880601,3.3991851256743217,,,,,
1997,1996-97,Regular Season,11.0,Cleveland Cavaliers,26.7,42.0,40.0,47.0,35.0,1.84,0.47,2.32,104.6,102.4,2.2,82.9,0.297,0.215,0.531,,0.482,16.8,29.4,0.281,,71.9,,Gund Arena,692684.0,16895.0,82.0,6797.8,106.6585982631317,106.657783388806,-2.0585982631316995,-4.257783388806004,2.1991851256743047,,,,,
1997,1996-97,Regular Season,12.0,Charlotte Hornets*,29.1,54.0,28.0,46.0,36.0,1.87,0.26,2.13,110.9,108.9,2.0,88.6,0.313,0.218,0.562,,0.496,13.3,28.7,0.204,,68.1,,Charlotte Coliseum,985722.0,24042.0,82.0,7265.2,106.6585982631317,106.657783388806,4.241401736868312,2.242216611193996,1.999185125674316,,,,,
1997,1996-97,Regular Season,13.0,Washington Bullets*,25.9,44.0,38.0,46.0,36.0,1.62,0.15,1.77,106.6,104.9,1.7,92.4,0.296,0.15,0.54,,0.491,15.3,30.2,0.226,,70.3,,US Airways Arena,700646.0,17681.0,82.0,7576.8,106.6585982631317,106.657783388806,-0.0585982631316994,-1.7577833888060042,1.699185125674305,,,,,
1997,1996-97,Regular Season,14.0,Indiana Pacers,27.9,39.0,43.0,44.0,38.0,0.98,0.52,1.49,105.8,104.7,1.1,89.0,0.374,0.181,0.537,,0.48,15.0,31.3,0.258,,70.4,,Market Square Arena,636735.0,15530.0,82.0,7298.0,106.6585982631317,106.657783388806,-0.8585982631316966,-1.957783388806007,1.0991851256743104,,,,,
1997,1996-97,Regular Season,15.0,Phoenix Suns*,28.5,40.0,42.0,43.0,39.0,0.66,-0.45,0.21,109.3,108.6,0.7,93.2,0.317,0.213,0.552,,0.507,14.4,27.1,0.215,,69.4,,America West Arena,779940.0,19023.0,82.0,7642.400000000001,106.6585982631317,106.657783388806,2.641401736868304,1.9422166111939845,0.6991851256743189,,,,,
1997,1996-97,Regular Season,16.0,Orlando Magic*,29.4,45.0,37.0,40.0,42.0,-0.35,0.28,-0.07,105.6,106.0,-0.4,88.3,0.304,0.256,0.524,,0.495,15.3,30.9,0.211,,67.3,,Orlando Arena,711311.0,17199.0,82.0,7240.599999999999,106.6585982631317,106.657783388806,-1.0585982631316997,-0.6577833888060098,-0.4008148743256896,,,,,
1997,1996-97,Regular Season,17.0,Minnesota Timberwolves*,26.3,40.0,42.0,37.0,45.0,-1.48,-0.35,-1.82,105.5,107.1,-1.6,90.7,0.339,0.17,0.533,,0.486,14.6,28.8,0.252,,68.3,,Target Center,697727.0,17018.0,82.0,7437.400000000001,106.6585982631317,106.657783388806,-1.1585982631316938,0.4422166111939845,-1.6008148743256785,,,,,
1997,1996-97,Regular Season,18.0,Milwaukee Bucks,27.3,33.0,49.0,35.0,47.0,-1.89,0.51,-1.38,106.2,108.3,-2.1,89.5,0.334,0.146,0.541,,0.501,14.1,29.7,0.253,,69.9,,Bradley Center,634999.0,15514.0,82.0,7339.0,106.6585982631317,106.657783388806,-0.4585982631316909,1.642216611193987,-2.1008148743256783,,,,,
1997,1996-97,Regular Season,19.0,Los Angeles Clippers*,25.5,36.0,46.0,34.0,48.0,-2.35,-0.31,-2.66,105.1,107.6,-2.5,91.3,0.31,0.2,0.524,,0.499,15.5,30.8,0.269,,68.1,,Los Angeles Memorial Sports Arena,232895.0,8836.0,82.0,7486.599999999999,106.6585982631317,106.657783388806,-1.5585982631316997,0.9422166111939844,-2.500814874325684,,,,,
1997,1996-97,Regular Season,20.0,Toronto Raptors,25.1,30.0,52.0,32.0,50.0,-3.12,0.57,-2.56,104.6,108.0,-3.4,90.6,0.303,0.245,0.521,,0.504,15.3,32.5,0.258,,68.6,,SkyDome,744550.0,18551.0,82.0,7429.2,106.6585982631317,106.657783388806,-2.0585982631316995,1.3422166111939902,-3.4008148743256896,,,,,
1997,1996-97,Regular Season,21.0,Sacramento Kings,27.4,34.0,48.0,31.0,51.0,-3.38,-0.26,-3.64,105.0,108.7,-3.7,91.0,0.313,0.16,0.526,,0.495,14.3,32.0,0.264,,68.5,,ARCO Arena (II),709993.0,17317.0,82.0,7462.0,106.6585982631317,106.657783388806,-1.6585982631316938,2.042216611193993,-3.700814874325687,,,,,
1997,1996-97,Regular Season,22.0,New Jersey Nets,26.8,26.0,56.0,28.0,54.0,-4.56,0.67,-3.89,104.7,109.7,-5.0,92.4,0.286,0.193,0.499,,0.503,14.1,36.4,0.244,,69.0,,Continental Airlines Arena,670628.0,15800.0,82.0,7576.8,106.6585982631317,106.657783388806,-1.958598263131691,3.042216611193993,-5.000814874325684,,,,,
1997,1996-97,Regular Season,23.0,Golden State Warriors,26.7,30.0,52.0,28.0,54.0,-4.71,-0.2,-4.9,107.2,112.2,-5.0,91.9,0.332,0.208,0.543,,0.518,14.4,32.3,0.234,,67.5,,San Jose Arena,621844.0,15167.0,82.0,7535.8,106.6585982631317,106.657783388806,0.5414017368683091,5.542216611193993,-5.000814874325684,,,,,
1997,1996-97,Regular Season,24.0,Denver Nuggets,28.6,21.0,61.0,24.0,58.0,-6.28,-0.12,-6.4,104.5,111.2,-6.7,92.4,0.298,0.256,0.53,,0.501,11.8,28.8,0.206,,69.3,,McNichols Sports Arena,340486.0,11254.0,82.0,7576.8,106.6585982631317,106.657783388806,-2.158598263131694,4.542216611193993,-6.700814874325687,,,,,
1997,1996-97,Regular Season,25.0,Philadelphia 76ers,25.5,22.0,60.0,24.0,58.0,-6.54,0.65,-5.89,104.6,111.4,-6.8,95.3,0.358,0.198,0.518,,0.51,13.8,34.1,0.222,,66.5,,CoreStates Center,610974.0,15280.0,82.0,7814.599999999999,106.6585982631317,106.657783388806,-2.0585982631316995,4.742216611193996,-6.800814874325695,,,,,
1997,1996-97,Regular Season,26.0,Dallas Mavericks,27.1,24.0,58.0,23.0,59.0,-6.35,-0.12,-6.47,101.1,108.2,-7.1,89.0,0.297,0.204,0.509,,0.5,14.9,30.0,0.229,,67.3,,Reunion Arena,619178.0,15102.0,82.0,7298.0,106.6585982631317,106.657783388806,-5.5585982631317,1.542216611193993,-7.1008148743256925,,,,,
1997,1996-97,Regular Season,27.0,Boston Celtics,26.1,15.0,67.0,22.0,60.0,-7.33,0.71,-6.62,103.9,111.4,-7.5,95.8,0.316,0.191,0.52,,0.539,15.8,29.4,0.243,,68.5,,FleetCenter,664022.0,16196.0,82.0,7855.599999999999,106.6585982631317,106.657783388806,-2.758598263131688,4.742216611193996,-7.500814874325684,,,,,
1997,1996-97,Regular Season,28.0,San Antonio Spurs,29.9,20.0,62.0,19.0,63.0,-7.88,-0.05,-7.93,103.3,112.3,-9.0,87.3,0.302,0.185,0.512,,0.514,14.0,32.4,0.236,,67.0,,Alamodome,706641.0,17235.0,82.0,7158.599999999999,106.6585982631317,106.657783388806,-3.3585982631316966,5.642216611193987,-9.000814874325684,,,,,
1997,1996-97,Regular Season,29.0,Vancouver Grizzlies,25.0,14.0,68.0,15.0,67.0,-10.23,0.06,-10.17,100.3,111.8,-11.5,88.4,0.269,0.197,0.507,,0.51,14.4,29.7,0.224,,64.1,,General Motors Place,683442.0,16571.0,82.0,7248.8,106.6585982631317,106.657783388806,-6.358598263131697,5.142216611193987,-11.500814874325684,,,,,
1997,1996-97,Playoffs,1.0,Chicago Bulls,30.8,15.0,4.0,13.0,6.0,,,,108.2,101.7,6.5,85.5,0.289,0.239,0.512,,0.469,16.3,34.9,0.288,,72.5,,,,,19.0,1624.5,107.38709034843792,107.38694373839672,0.8129096515620944,-5.686943738396707,6.499853389958801,0.789,,,,
1997,1996-97,Playoffs,2.0,Seattle SuperSonics,30.9,6.0,6.0,8.0,4.0,,,,113.2,108.4,4.8,91.2,0.344,0.263,0.551,,0.491,15.0,32.0,0.259,,69.3,,,,,12.0,1094.4,107.38709034843792,107.38694373839672,5.812909651562094,1.013056261603296,4.799853389958798,0.5,,,,
1997,1996-97,Playoffs,3.0,Utah Jazz,29.7,13.0,7.0,12.0,8.0,,,,110.5,106.7,3.8,86.6,0.408,0.181,0.547,,0.483,12.9,29.3,0.282,,74.2,,,,,20.0,1732.0,107.38709034843792,107.38694373839672,3.1129096515620915,-0.6869437383967067,3.7998533899587983,0.65,,,,
1997,1996-97,Playoffs,4.0,Houston Rockets,32.7,9.0,7.0,9.0,7.0,,,,113.3,111.3,2.0,88.8,0.369,0.318,0.566,,0.483,11.8,31.2,0.255,,68.8,,,,,16.0,1420.8,107.38709034843792,107.38694373839672,5.912909651562089,3.913056261603288,1.999853389958801,0.563,,,,
1997,1996-97,Playoffs,5.0,New York Knicks,30.0,6.0,4.0,6.0,4.0,,,,103.7,101.8,1.9,87.9,0.302,0.201,0.548,,0.474,15.3,25.4,0.261,,73.6,,,,,10.0,879.0,107.38709034843792,107.38694373839672,-3.6870903484379056,-5.586943738396712,1.8998533899588068,0.6,,,,
1997,1996-97,Playoffs,6.0,Los Angeles Lakers,26.3,4.0,5.0,5.0,4.0,,,,108.9,107.6,1.3,86.5,0.485,0.211,0.544,,0.468,14.2,28.9,0.342,,69.6,,,,,9.0,778.5,107.38709034843792,107.38694373839672,1.5129096515620972,0.2130562616032847,1.2998533899588125,0.444,,,,
1997,1996-97,Playoffs,7.0,Miami Heat,27.1,8.0,9.0,9.0,8.0,,,,99.7,99.4,0.3,86.2,0.371,0.33,0.512,,0.442,14.2,27.2,0.256,,71.3,,,,,17.0,1465.4,107.38709034843792,107.38694373839672,-7.687090348437906,-7.986943738396704,0.2998533899587983,0.471,,,,
1997,1996-97,Playoffs,8.0,Detroit Pistons,28.7,2.0,3.0,2.0,3.0,,,,103.9,106.3,-2.4,82.4,0.265,0.227,0.513,,0.496,16.8,21.4,0.275,,69.5,,,,,5.0,412.0,107.38709034843792,107.38694373839672,-3.4870903484379028,-1.0869437383967124,-2.4001466100411903,0.4,,,,
1997,1996-97,Playoffs,9.0,Atlanta Hawks,28.9,4.0,6.0,4.0,6.0,,,,105.5,108.9,-3.4,84.4,0.369,0.309,0.541,,0.484,10.9,29.9,0.181,,69.2,,,,,10.0,844.0,107.38709034843792,107.38694373839672,-1.8870903484379085,1.513056261603296,-3.400146610041205,0.4,,,,
1997,1996-97,Playoffs,10.0,Washington Bullets,25.7,0.0,3.0,1.0,2.0,,,,108.1,114.9,-6.8,87.9,0.405,0.144,0.563,,0.492,12.2,32.1,0.233,,60.8,,,,,3.0,263.70000000000005,107.38709034843792,107.38694373839672,0.7129096515620859,7.513056261603296,-6.80014661004121,0.0,,,,
1997,1996-97,Playoffs,11.0,Portland Trail Blazers,26.7,1.0,3.0,1.0,3.0,,,,104.2,112.4,-8.2,86.1,0.373,0.233,0.528,,0.496,12.9,29.6,0.399,,69.2,,,,,4.0,344.4,107.38709034843792,107.38694373839672,-3.1870903484379056,5.013056261603296,-8.200146610041202,0.25,,,,
1997,1996-97,Playoffs,12.0,Orlando Magic,29.1,2.0,3.0,1.0,4.0,,,,99.3,108.5,-9.2,84.8,0.345,0.247,0.501,,0.495,13.7,22.9,0.202,,67.6,,,,,5.0,424.0,107.38709034843792,107.38694373839672,-8.087090348437911,1.1130562616032904,-9.200146610041202,0.4,,,,
1997,1996-97,Playoffs,13.0,Charlotte Hornets,29.5,0.0,3.0,1.0,2.0,,,,109.9,119.9,-10.0,87.0,0.257,0.212,0.535,,0.629,15.3,31.4,0.158,,75.3,,,,,3.0,261.0,107.38709034843792,107.38694373839672,2.512909651562097,12.513056261603296,-10.0001466100412,0.0,,,,
1997,1996-97,Playoffs,14.0,Minnesota Timberwolves,25.9,0.0,3.0,1.0,2.0,,,,110.5,123.1,-12.6,90.2,0.203,0.188,0.516,,0.574,13.7,29.6,0.294,,69.2,,,,,3.0,270.6,107.38709034843792,107.38694373839672,3.1129096515620915,15.713056261603285,-12.600146610041191,0.0,,,,
1997,1996-97,Playoffs,15.0,Phoenix Suns,28.1,2.0,3.0,1.0,4.0,,,,103.3,116.3,-13.0,95.0,0.337,0.351,0.528,,0.516,12.4,23.5,0.267,,68.5,,,,,5.0,475.0,107.38709034843792,107.38694373839672,-4.087090348437911,8.913056261603288,-13.0001466100412,0.4,,,,
1997,1996-97,Playoffs,16.0,Los Angeles Clippers,25.0,0.0,3.0,0.0,3.0,,,,106.1,120.6,-14.5,87.0,0.382,0.24,0.527,,0.552,13.7,24.0,0.389,,67.6,,,,,3.0,261.0,107.38709034843792,107.38694373839672,-1.287090348437914,13.213056261603285,-14.5001466100412,0.0,,,,
1998,1997-98,Regular Season,1.0,Los Angeles Lakers*,25.8,61.0,21.0,61.0,21.0,7.74,-0.87,6.88,111.9,103.7,8.2,93.6,0.42,0.216,0.559,,0.467,14.1,31.6,0.245,,68.8,,Great Western Forum,676101.0,16878.0,82.0,7675.2,105.0360844822977,105.03939197189015,6.86391551770231,-1.3393919718901517,8.203307489592461,,,,,
1998,1997-98,Regular Season,2.0,Seattle SuperSonics*,31.1,61.0,21.0,61.0,21.0,7.17,-0.84,6.33,111.6,103.6,8.0,89.8,0.327,0.243,0.558,,0.478,15.9,28.7,0.223,,66.1,,KeyArena at Seattle Center,699952.0,17072.0,82.0,7363.599999999999,105.0360844822977,105.03939197189015,6.5639155177022985,-1.43939197189016,8.003307489592459,,,,,
1998,1997-98,Regular Season,3.0,Chicago Bulls*,31.7,62.0,20.0,61.0,21.0,7.11,0.13,7.24,107.7,99.8,7.9,89.0,0.295,0.141,0.516,,0.457,14.7,35.7,0.22,,70.6,,United Center,983444.0,23986.0,82.0,7298.0,105.0360844822977,105.03939197189015,2.663915517702307,-5.239391971890157,7.903307489592464,,,,,
1998,1997-98,Regular Season,4.0,Utah Jazz*,29.7,62.0,20.0,59.0,23.0,6.54,-0.81,5.73,112.7,105.4,7.3,89.2,0.433,0.11,0.569,,0.471,13.5,32.3,0.271,,71.0,,Delta Center,815889.0,19900.0,82.0,7314.400000000001,105.0360844822977,105.03939197189015,7.663915517702307,0.3606080281098514,7.303307489592456,,,,,
1998,1997-98,Regular Season,5.0,Indiana Pacers*,29.7,58.0,24.0,59.0,23.0,6.09,0.16,6.25,108.4,101.5,6.9,87.9,0.343,0.165,0.55,,0.453,14.4,27.9,0.236,,67.8,,Market Square Arena,645302.0,15763.0,82.0,7207.8,105.0360844822977,105.03939197189015,3.36391551770231,-3.5393919718901543,6.903307489592464,,,,,
1998,1997-98,Regular Season,6.0,Phoenix Suns*,28.2,56.0,26.0,56.0,26.0,5.18,-0.75,4.44,107.4,101.8,5.6,91.4,0.29,0.18,0.54,,0.471,15.3,29.7,0.227,,70.0,,America West Arena,779943.0,19023.0,82.0,7494.8,105.0360844822977,105.03939197189015,2.36391551770231,-3.239391971890157,5.603307489592467,,,,,
1998,1997-98,Regular Season,7.0,Miami Heat*,28.1,55.0,27.0,56.0,26.0,4.93,0.16,5.09,107.6,102.0,5.6,87.9,0.329,0.244,0.538,,0.452,14.2,31.5,0.257,,69.6,,Miami Arena,614861.0,14997.0,82.0,7207.8,105.0360844822977,105.03939197189015,2.5639155177022985,-3.0393919718901543,5.603307489592453,,,,,
1998,1997-98,Regular Season,8.0,San Antonio Spurs*,28.7,56.0,26.0,53.0,29.0,3.99,-0.69,3.3,103.8,99.4,4.4,88.4,0.35,0.139,0.531,,0.437,12.2,30.6,0.218,,72.2,,Alamodome,783455.0,19109.0,82.0,7248.8,105.0360844822977,105.03939197189015,-1.2360844822976986,-5.639391971890149,4.40330748959245,,,,,
1998,1997-98,Regular Season,9.0,Atlanta Hawks*,29.4,50.0,32.0,51.0,31.0,3.51,0.34,3.85,108.2,104.3,3.9,87.7,0.364,0.16,0.533,,0.468,13.0,33.9,0.194,,69.1,,Georgia Dome,610615.0,20242.0,82.0,7191.400000000001,105.0360844822977,105.03939197189015,3.163915517702307,-0.7393919718901572,3.903307489592464,,,,,
1998,1997-98,Regular Season,10.0,Cleveland Cavaliers*,24.6,47.0,35.0,49.0,33.0,2.73,0.33,3.06,102.1,99.1,3.0,89.9,0.352,0.129,0.529,,0.46,16.8,30.0,0.264,,71.1,,Gund Arena,694629.0,16942.0,82.0,7371.8,105.0360844822977,105.03939197189015,-2.936084482297701,-5.93939197189016,3.0033074895924585,,,,,
1998,1997-98,Regular Season,11.0,New York Knicks*,30.2,43.0,39.0,49.0,33.0,2.46,0.28,2.74,103.0,100.3,2.7,88.2,0.283,0.178,0.521,,0.455,14.7,29.5,0.282,,74.0,,Madison Square Garden (IV),810283.0,19763.0,82.0,7232.400000000001,105.0360844822977,105.03939197189015,-2.036084482297696,-4.739391971890157,2.7033074895924614,,,,,
1998,1997-98,Regular Season,12.0,Charlotte Hornets*,29.2,51.0,31.0,47.0,35.0,2.0,0.45,2.45,107.5,105.3,2.2,89.4,0.345,0.142,0.542,,0.493,14.6,30.4,0.224,,70.8,,Charlotte Coliseum,959634.0,23406.0,82.0,7330.8,105.0360844822977,105.03939197189015,2.463915517702304,0.2606080281098428,2.2033074895924614,,,,,
1998,1997-98,Regular Season,13.0,Detroit Pistons,27.2,37.0,45.0,46.0,36.0,1.57,0.37,1.95,105.3,103.5,1.8,88.2,0.359,0.147,0.523,,0.474,14.8,30.9,0.243,,70.2,,The Palace of Auburn Hills,794567.0,19380.0,82.0,7232.400000000001,105.0360844822977,105.03939197189015,0.2639155177023013,-1.5393919718901543,1.803307489592456,,,,,
1998,1997-98,Regular Season,14.0,New Jersey Nets*,27.8,43.0,39.0,46.0,36.0,1.57,0.31,1.88,108.3,106.6,1.7,91.0,0.339,0.135,0.513,,0.499,16.7,36.7,0.258,,66.4,,Continental Airlines Arena,718514.0,17525.0,82.0,7462.0,105.0360844822977,105.03939197189015,3.2639155177023014,1.56060802810984,1.7033074895924614,,,,,
1998,1997-98,Regular Season,15.0,Portland Trail Blazers*,26.1,46.0,36.0,45.0,37.0,1.4,-0.57,0.83,104.0,102.4,1.6,90.0,0.348,0.164,0.524,,0.46,13.4,33.0,0.249,,71.4,,Rose Garden Arena,846559.0,20577.0,82.0,7380.0,105.0360844822977,105.03939197189015,-1.0360844822976958,-2.6393919718901486,1.6033074895924528,,,,,
1998,1997-98,Regular Season,16.0,Washington Wizards,26.7,42.0,40.0,43.0,39.0,0.59,0.53,1.11,105.2,104.5,0.7,91.8,0.317,0.139,0.513,,0.481,15.1,31.2,0.248,,69.5,,MCI Center,801240.0,19665.0,82.0,7527.599999999999,105.0360844822977,105.03939197189015,0.163915517702307,-0.5393919718901543,0.7033074895924614,,,,,
1998,1997-98,Regular Season,17.0,Minnesota Timberwolves*,26.4,45.0,37.0,43.0,39.0,0.71,-0.54,0.17,107.8,107.1,0.7,92.6,0.329,0.128,0.529,,0.48,13.5,30.6,0.24,,68.5,,Target Center,738590.0,18014.0,82.0,7593.2,105.0360844822977,105.03939197189015,2.7639155177023014,2.06060802810984,0.7033074895924614,,,,,
1998,1997-98,Regular Season,18.0,Houston Rockets*,32.0,41.0,41.0,39.0,43.0,-0.76,-0.47,-1.23,107.7,108.6,-0.9,91.0,0.326,0.256,0.544,,0.499,13.3,29.8,0.208,,69.3,,The Summit,670117.0,16285.0,82.0,7462.0,105.0360844822977,105.03939197189015,2.663915517702307,3.56060802810984,-0.896692510407533,,,,,
1998,1997-98,Regular Season,19.0,Orlando Magic,30.8,41.0,41.0,38.0,44.0,-1.07,0.54,-0.53,102.6,103.8,-1.2,87.1,0.331,0.141,0.499,,0.478,14.8,34.2,0.202,,66.9,,Orlando Arena,667322.0,17113.0,82.0,7142.2,105.0360844822977,105.03939197189015,-2.436084482297701,-1.2393919718901572,-1.1966925104075443,,,,,
1998,1997-98,Regular Season,20.0,Milwaukee Bucks,27.6,36.0,46.0,35.0,47.0,-1.91,0.58,-1.33,103.5,105.6,-2.1,90.2,0.339,0.11,0.527,,0.485,15.5,31.4,0.282,,69.1,,Bradley Center,638034.0,15562.0,82.0,7396.400000000001,105.0360844822977,105.03939197189015,-1.5360844822976958,0.56060802810984,-2.096692510407536,,,,,
1998,1997-98,Regular Season,21.0,Philadelphia 76ers,25.4,31.0,51.0,34.0,48.0,-2.39,0.5,-1.89,102.8,105.4,-2.6,90.5,0.367,0.126,0.514,,0.481,15.1,32.5,0.256,,67.3,,CoreStates Center,655417.0,15986.0,82.0,7421.0,105.0360844822977,105.03939197189015,-2.236084482297698,0.3606080281098514,-2.59669251040755,,,,,
1998,1997-98,Regular Season,22.0,Boston Celtics,23.9,36.0,46.0,33.0,49.0,-2.62,0.66,-1.96,102.5,105.3,-2.8,93.3,0.283,0.18,0.504,,0.504,19.0,32.8,0.343,,66.8,,FleetCenter,739422.0,18132.0,82.0,7650.599999999999,105.0360844822977,105.03939197189015,-2.536084482297696,0.2606080281098428,-2.796692510407538,,,,,
1998,1997-98,Regular Season,23.0,Sacramento Kings,26.6,27.0,55.0,25.0,57.0,-5.59,-0.25,-5.83,100.8,106.9,-6.1,92.1,0.314,0.121,0.502,,0.482,14.0,30.2,0.23,,66.6,,ARCO Arena (II),605443.0,14767.0,82.0,7552.2,105.0360844822977,105.03939197189015,-4.236084482297699,1.8606080281098516,-6.09669251040755,,,,,
1998,1997-98,Regular Season,24.0,Dallas Mavericks,26.3,20.0,62.0,24.0,58.0,-6.11,-0.22,-6.33,100.5,107.2,-6.7,89.9,0.257,0.175,0.498,,0.488,14.0,27.6,0.195,,65.1,,Reunion Arena,503936.0,13023.0,82.0,7371.8,105.0360844822977,105.03939197189015,-4.536084482297696,2.1606080281098485,-6.696692510407544,,,,,
1998,1997-98,Regular Season,25.0,Los Angeles Clippers,25.7,17.0,65.0,21.0,61.0,-7.37,-0.16,-7.53,103.3,111.2,-7.9,92.4,0.306,0.219,0.518,,0.498,12.9,29.6,0.243,,66.1,,Los Angeles Memorial Sports Arena,254840.0,9128.0,82.0,7576.8,105.0360844822977,105.03939197189015,-1.7360844822976986,6.1606080281098485,-7.896692510407547,,,,,
1998,1997-98,Regular Season,26.0,Vancouver Grizzlies,26.5,19.0,63.0,22.0,60.0,-7.3,-0.17,-7.47,104.1,112.0,-7.9,92.1,0.327,0.137,0.527,,0.507,13.0,31.4,0.24,,66.9,,General Motors Place,660457.0,16109.0,82.0,7552.2,105.0360844822977,105.03939197189015,-0.9360844822977016,6.960608028109846,-7.896692510407547,,,,,
1998,1997-98,Regular Season,27.0,Toronto Raptors,24.8,16.0,66.0,17.0,65.0,-9.27,0.94,-8.33,101.2,111.0,-9.8,92.6,0.302,0.159,0.504,,0.508,14.9,32.1,0.235,,62.9,,SkyDome,674685.0,16527.0,82.0,7593.2,105.0360844822977,105.03939197189015,-3.836084482297693,5.960608028109846,-9.79669251040754,,,,,
1998,1997-98,Regular Season,28.0,Golden State Warriors,25.9,19.0,63.0,17.0,65.0,-9.12,-0.08,-9.2,95.8,105.7,-9.9,91.4,0.278,0.101,0.468,,0.469,13.0,33.7,0.247,,68.6,,The Arena in Oakland,444922.0,12201.0,82.0,7494.8,105.0360844822977,105.03939197189015,-9.2360844822977,0.6606080281098485,-9.896692510407547,,,,,
1998,1997-98,Regular Season,29.0,Denver Nuggets,26.5,11.0,71.0,12.0,70.0,-11.78,0.04,-11.74,99.0,112.1,-13.1,89.7,0.335,0.139,0.496,,0.506,14.3,30.2,0.285,,66.3,,McNichols Sports Arena,380590.0,11800.0,82.0,7355.400000000001,105.0360844822977,105.03939197189015,-6.036084482297696,7.06060802810984,-13.096692510407536,,,,,
1998,1997-98,Playoffs,1.0,Chicago Bulls,32.1,15.0,6.0,16.0,5.0,,,,109.7,101.4,8.3,84.1,0.367,0.169,0.523,,0.476,15.6,34.3,0.242,,72.4,,,,,21.0,1766.1,105.58774126367229,105.60688493137204,4.112258736327718,-4.206884931372045,8.319143667699763,0.714,,,,
1998,1997-98,Playoffs,2.0,San Antonio Spurs,29.5,4.0,5.0,6.0,3.0,,,,105.1,101.4,3.7,86.3,0.427,0.179,0.536,,0.453,10.7,28.3,0.2,,74.9,,,,,9.0,776.6999999999999,105.58774126367229,105.60688493137204,-0.4877412636722908,-4.206884931372045,3.719143667699754,0.444,,,,
1998,1997-98,Playoffs,3.0,Indiana Pacers,30.0,10.0,6.0,9.0,7.0,,,,107.0,104.4,2.6,85.2,0.422,0.208,0.556,,0.467,15.3,25.6,0.296,,67.4,,,,,16.0,1363.2,105.58774126367229,105.60688493137204,1.4122587363277148,-1.206884931372045,2.61914366769976,0.625,,,,
1998,1997-98,Playoffs,4.0,Utah Jazz,30.4,13.0,7.0,12.0,8.0,,,,102.8,100.4,2.4,85.6,0.347,0.127,0.526,,0.441,13.0,25.6,0.282,,71.1,,,,,20.0,1712.0,105.58774126367229,105.60688493137204,-2.787741263672288,-5.206884931372045,2.419143667699757,0.65,,,,
1998,1997-98,Playoffs,5.0,Atlanta Hawks,29.3,1.0,3.0,2.0,2.0,,,,104.7,102.9,1.8,83.6,0.305,0.247,0.528,,0.511,14.3,28.8,0.19,,78.4,,,,,4.0,334.4,105.58774126367229,105.60688493137204,-0.8877412636722823,-2.706884931372045,1.8191436676997623,0.25,,,,
1998,1997-98,Playoffs,6.0,Los Angeles Lakers,25.9,7.0,6.0,7.0,6.0,,,,113.3,111.9,1.4,88.4,0.471,0.233,0.553,,0.501,13.7,33.1,0.276,,68.3,,,,,13.0,1149.2,105.58774126367229,105.60688493137204,7.712258736327712,6.293115068627955,1.4191436676997569,0.538,,,,
1998,1997-98,Playoffs,7.0,Miami Heat,28.0,2.0,3.0,2.0,3.0,,,,101.8,104.3,-2.5,85.9,0.425,0.287,0.529,,0.465,14.7,21.1,0.321,,71.9,,,,,5.0,429.5,105.58774126367229,105.60688493137204,-3.787741263672288,-1.3068849313720534,-2.4808563323002346,0.4,,,,
1998,1997-98,Playoffs,8.0,New York Knicks,30.2,4.0,6.0,4.0,6.0,,,,101.1,103.6,-2.5,86.7,0.335,0.184,0.523,,0.481,14.2,26.9,0.319,,77.0,,,,,10.0,867.0,105.58774126367229,105.60688493137204,-4.487741263672291,-2.0068849313720563,-2.4808563323002346,0.4,,,,
1998,1997-98,Playoffs,9.0,Seattle SuperSonics,31.6,4.0,6.0,4.0,6.0,,,,111.4,114.3,-2.9,85.4,0.295,0.245,0.538,,0.516,13.7,32.3,0.233,,64.3,,,,,10.0,854.0,105.58774126367229,105.60688493137204,5.8122587363277205,8.693115068627947,-2.880856332300226,0.4,,,,
1998,1997-98,Playoffs,10.0,Portland Trail Blazers,26.1,1.0,3.0,1.0,3.0,,,,109.4,114.1,-4.7,91.2,0.358,0.192,0.542,,0.531,11.5,33.5,0.363,,74.0,,,,,4.0,364.8,105.58774126367229,105.60688493137204,3.812258736327721,8.493115068627944,-4.680856332300223,0.25,,,,
1998,1997-98,Playoffs,11.0,Minnesota Timberwolves,27.6,2.0,3.0,1.0,4.0,,,,104.6,111.4,-6.8,86.2,0.256,0.246,0.508,,0.512,13.8,31.5,0.23,,69.4,,,,,5.0,431.0,105.58774126367229,105.60688493137204,-0.9877412636722908,5.793115068627955,-6.780856332300246,0.4,,,,
1998,1997-98,Playoffs,12.0,Charlotte Hornets,29.5,4.0,5.0,2.0,7.0,,,,99.0,106.2,-7.2,83.6,0.261,0.152,0.509,,0.48,12.6,23.8,0.222,,69.2,,,,,9.0,752.4,105.58774126367229,105.60688493137204,-6.587741263672285,0.5931150686279523,-7.1808563323002375,0.444,,,,
1998,1997-98,Playoffs,13.0,Houston Rockets,32.9,2.0,3.0,1.0,4.0,,,,95.5,103.2,-7.7,88.6,0.395,0.247,0.478,,0.48,13.5,24.7,0.283,,76.5,,,,,5.0,443.0,105.58774126367229,105.60688493137204,-10.087741263672283,-2.406884931372048,-7.680856332300237,0.4,,,,
1998,1997-98,Playoffs,14.0,Phoenix Suns,28.0,1.0,3.0,1.0,3.0,,,,101.8,110.0,-8.2,91.4,0.249,0.15,0.492,,0.53,14.0,26.1,0.289,,73.5,,,,,4.0,365.6,105.58774126367229,105.60688493137204,-3.787741263672288,4.393115068627949,-8.180856332300237,0.25,,,,
1998,1997-98,Playoffs,15.0,New Jersey Nets,27.6,0.0,3.0,1.0,2.0,,,,107.3,116.0,-8.7,85.5,0.314,0.093,0.531,,0.515,13.4,33.3,0.275,,64.3,,,,,3.0,256.5,105.58774126367229,105.60688493137204,1.712258736327712,10.39311506862795,-8.680856332300237,0.0,,,,
1998,1997-98,Playoffs,16.0,Cleveland Cavaliers,23.9,1.0,3.0,1.0,3.0,,,,97.6,107.3,-9.7,82.7,0.573,0.098,0.524,,0.514,15.7,30.3,0.257,,74.2,,,,,4.0,330.8,105.58774126367229,105.60688493137204,-7.987741263672291,1.6931150686279466,-9.680856332300236,0.25,,,,
1999,1998-99,Regular Season,1.0,San Antonio Spurs*,30.1,37.0,13.0,39.0,11.0,8.06,-0.94,7.12,104.0,95.0,9.0,88.6,0.371,0.137,0.523,,0.423,13.8,30.4,0.198,,69.5,,Alamodome,527357.0,21094.0,50.0,4430.0,102.21892499806096,102.21361591561312,1.7810750019390298,-7.2136159156131185,8.994690917552148,,,,,
1999,1998-99,Regular Season,2.0,Utah Jazz*,30.3,37.0,13.0,37.0,13.0,6.52,-0.99,5.54,105.8,98.4,7.4,87.0,0.417,0.107,0.545,,0.441,14.4,30.0,0.242,,70.4,,Delta Center,493120.0,19725.0,50.0,4350.0,102.21892499806096,102.21361591561312,3.581075001939027,-3.813615915613113,7.39469091755214,,,,,
1999,1998-99,Regular Season,3.0,Portland Trail Blazers*,27.4,35.0,15.0,36.0,14.0,6.36,-0.69,5.67,104.8,97.7,7.1,89.2,0.341,0.171,0.521,,0.445,14.9,31.8,0.233,,71.8,,Rose Garden Arena,486556.0,19462.0,50.0,4460.0,102.21892499806096,102.21361591561312,2.581075001939027,-4.513615915613116,7.094690917552143,,,,,
1999,1998-99,Regular Season,4.0,Miami Heat*,30.3,33.0,17.0,35.0,15.0,4.96,0.15,5.11,104.7,98.9,5.8,84.8,0.354,0.226,0.54,,0.439,13.6,27.3,0.226,,71.0,,Miami Arena,378813.0,15153.0,50.0,4240.0,102.21892499806096,102.21361591561312,2.4810750019390326,-3.313615915613113,5.7946909175521455,,,,,
1999,1998-99,Regular Season,5.0,Indiana Pacers*,30.8,33.0,17.0,32.0,18.0,3.74,0.12,3.86,108.7,104.4,4.3,86.4,0.318,0.207,0.537,,0.46,12.7,28.7,0.236,,69.9,,Market Square Arena,404536.0,16181.0,50.0,4320.0,102.21892499806096,102.21361591561312,6.481075001939033,2.186384084386887,4.2946909175521455,,,,,
1999,1998-99,Regular Season,6.0,Detroit Pistons*,27.7,29.0,21.0,32.0,18.0,3.42,0.55,3.97,104.2,100.3,3.9,86.3,0.345,0.183,0.528,,0.468,15.4,30.5,0.259,,72.0,,The Palace of Auburn Hills,444585.0,17783.0,50.0,4315.0,102.21892499806096,102.21361591561312,1.9810750019390329,-1.9136159156131212,3.894690917552154,,,,,
1999,1998-99,Regular Season,7.0,Atlanta Hawks*,29.6,31.0,19.0,31.0,19.0,2.9,-0.08,2.82,100.5,97.1,3.4,85.3,0.378,0.171,0.492,,0.437,13.4,33.1,0.202,,72.1,,Georgia Dome,331831.0,17131.0,50.0,4265.0,102.21892499806096,102.21361591561312,-1.7189249980609702,-5.113615915613124,3.394690917552154,,,,,
1999,1998-99,Regular Season,8.0,Los Angeles Lakers*,27.5,31.0,19.0,30.0,20.0,3.02,-0.35,2.68,107.6,104.3,3.3,91.6,0.382,0.174,0.538,,0.468,13.3,30.6,0.267,,70.2,,Great Western Forum,430007.0,17200.0,50.0,4580.0,102.21892499806096,102.21361591561312,5.381075001939024,2.0863840843868786,3.294690917552145,,,,,
1999,1998-99,Regular Season,9.0,Orlando Magic*,28.7,33.0,17.0,30.0,20.0,2.6,0.51,3.11,100.3,97.4,2.9,88.8,0.318,0.171,0.498,,0.473,16.7,32.6,0.181,,70.8,,Orlando Arena,411091.0,16444.0,50.0,4440.0,102.21892499806096,102.21361591561312,-1.918924998060973,-4.813615915613113,2.89469091755214,,,,,
1999,1998-99,Regular Season,10.0,Houston Rockets*,29.6,31.0,19.0,29.0,21.0,2.32,-0.93,1.39,105.4,102.9,2.5,88.8,0.313,0.241,0.545,,0.461,12.4,27.8,0.188,,69.9,,Compaq Center,407125.0,16285.0,50.0,4440.0,102.21892499806096,102.21361591561312,3.1810750019390355,0.6863840843868871,2.4946909175521483,,,,,
1999,1998-99,Regular Season,11.0,Phoenix Suns*,29.3,27.0,23.0,29.0,21.0,2.26,-0.11,2.15,105.8,103.3,2.5,90.0,0.303,0.175,0.526,,0.485,15.4,28.4,0.216,,69.8,,America West Arena,472283.0,18891.0,50.0,4500.0,102.21892499806096,102.21361591561312,3.581075001939027,1.0863840843868786,2.4946909175521483,,,,,
1999,1998-99,Regular Season,12.0,Philadelphia 76ers*,26.0,28.0,22.0,29.0,21.0,2.06,0.5,2.56,99.9,97.6,2.3,88.6,0.383,0.096,0.494,,0.454,17.1,34.2,0.249,,69.8,,First Union Center,436444.0,17458.0,50.0,4430.0,102.21892499806096,102.21361591561312,-2.3189249980609645,-4.613615915613124,2.29469091755216,,,,,
1999,1998-99,Regular Season,13.0,Milwaukee Bucks*,28.3,28.0,22.0,28.0,22.0,1.66,0.0,1.66,104.9,103.0,1.9,87.0,0.303,0.162,0.53,,0.463,16.0,29.0,0.275,,67.6,,Bradley Center,381948.0,15278.0,50.0,4350.0,102.21892499806096,102.21361591561312,2.6810750019390355,0.7863840843868815,1.894690917552154,,,,,
1999,1998-99,Regular Season,14.0,New York Knicks*,29.0,27.0,23.0,27.0,23.0,1.02,0.43,1.45,98.6,97.5,1.1,86.9,0.329,0.159,0.509,,0.434,14.9,27.9,0.258,,71.0,,Madison Square Garden (IV),494075.0,19763.0,50.0,4345.0,102.21892499806096,102.21361591561312,-3.618924998060976,-4.713615915613119,1.0946909175521429,,,,,
1999,1998-99,Regular Season,15.0,Minnesota Timberwolves*,27.2,25.0,25.0,26.0,24.0,0.38,-0.55,-0.17,101.9,101.5,0.4,91.0,0.264,0.095,0.481,,0.467,15.8,32.5,0.276,,70.2,,Target Center,427974.0,17119.0,50.0,4550.0,102.21892499806096,102.21361591561312,-0.3189249980609645,-0.7136159156131185,0.394690917552154,,,,,
1999,1998-99,Regular Season,16.0,Charlotte Hornets,29.0,26.0,24.0,25.0,25.0,-0.1,0.73,0.63,102.3,102.4,-0.1,89.7,0.372,0.198,0.537,,0.461,14.3,24.4,0.24,,69.5,,Charlotte Coliseum,480807.0,19232.0,50.0,4485.0,102.21892499806096,102.21361591561312,0.0810750019390269,0.1863840843868871,-0.1053090824478601,,,,,
1999,1998-99,Regular Season,17.0,Sacramento Kings*,26.1,27.0,23.0,24.0,26.0,-0.42,-0.47,-0.89,102.7,103.1,-0.4,96.0,0.3,0.219,0.514,,0.471,13.7,30.6,0.176,,67.7,,ARCO Arena (II),418751.0,16750.0,50.0,4800.0,102.21892499806096,102.21361591561312,0.4810750019390326,0.8863840843868758,-0.4053090824478431,,,,,
1999,1998-99,Regular Season,18.0,Seattle SuperSonics,31.2,25.0,25.0,23.0,27.0,-1.08,-0.35,-1.43,105.0,106.2,-1.2,89.6,0.341,0.226,0.519,,0.489,14.1,31.9,0.213,,68.6,,KeyArena at Seattle Center,426800.0,17072.0,50.0,4480.0,102.21892499806096,102.21361591561312,2.78107500193903,3.986384084386884,-1.2053090824478545,,,,,
1999,1998-99,Regular Season,19.0,Toronto Raptors,27.3,23.0,27.0,22.0,28.0,-1.64,0.33,-1.32,102.0,103.9,-1.9,88.8,0.338,0.168,0.504,,0.473,14.8,33.8,0.258,,70.2,,Air Canada Centre,439190.0,17974.0,50.0,4440.0,102.21892499806096,102.21361591561312,-0.2189249980609702,1.6863840843868871,-1.9053090824478571,,,,,
1999,1998-99,Regular Season,20.0,Boston Celtics,24.3,19.0,31.0,22.0,28.0,-1.86,0.11,-1.75,100.4,102.4,-2.0,91.5,0.259,0.182,0.501,,0.465,15.6,30.6,0.287,,69.4,,FleetCenter,440602.0,17624.0,50.0,4575.0,102.21892499806096,102.21361591561312,-1.8189249980609643,0.1863840843868871,-2.005309082447852,,,,,
1999,1998-99,Regular Season,21.0,Cleveland Cavaliers,26.7,22.0,28.0,22.0,28.0,-1.72,0.78,-0.94,99.6,101.6,-2.0,86.4,0.381,0.15,0.52,,0.468,16.2,25.1,0.267,,69.0,,Gund Arena,352992.0,14120.0,50.0,4320.0,102.21892499806096,102.21361591561312,-2.618924998060976,-0.6136159156131242,-2.005309082447852,,,,,
1999,1998-99,Regular Season,22.0,Washington Wizards,29.3,18.0,32.0,21.0,29.0,-2.24,0.49,-1.75,101.2,103.7,-2.5,89.8,0.302,0.146,0.507,,0.474,15.1,28.2,0.273,,69.5,,MCI Center,402481.0,16099.0,50.0,4490.0,102.21892499806096,102.21361591561312,-1.0189249980609674,1.4863840843868843,-2.505309082447852,,,,,
1999,1998-99,Regular Season,23.0,Dallas Mavericks,26.1,19.0,31.0,21.0,29.0,-2.4,-0.1,-2.5,102.3,104.9,-2.6,89.0,0.3,0.148,0.502,,0.476,13.3,29.8,0.212,,69.1,,Reunion Arena,362837.0,14513.0,50.0,4450.0,102.21892499806096,102.21361591561312,0.0810750019390269,2.686384084386887,-2.60530908244786,,,,,
1999,1998-99,Regular Season,24.0,Golden State Warriors,28.1,21.0,29.0,20.0,30.0,-2.5,-0.13,-2.63,98.4,101.1,-2.7,88.9,0.282,0.135,0.471,,0.445,14.0,35.2,0.29,,70.4,,The Arena in Oakland,335837.0,13433.0,50.0,4445.0,102.21892499806096,102.21361591561312,-3.818924998060965,-1.1136159156131242,-2.7053090824478403,,,,,
1999,1998-99,Regular Season,25.0,New Jersey Nets,26.0,16.0,34.0,18.0,32.0,-3.78,0.58,-3.2,99.5,103.6,-4.1,91.5,0.301,0.163,0.485,,0.481,15.2,31.1,0.238,,69.7,,Continental Airlines Arena,400387.0,16614.0,50.0,4575.0,102.21892499806096,102.21361591561312,-2.71892499806097,1.3863840843868758,-4.105309082447846,,,,,
1999,1998-99,Regular Season,26.0,Denver Nuggets,24.6,14.0,36.0,14.0,36.0,-6.6,-0.07,-6.67,103.1,110.4,-7.3,90.5,0.332,0.231,0.511,,0.499,13.2,30.1,0.248,,69.2,,McNichols Sports Arena,296965.0,11879.0,50.0,4525.0,102.21892499806096,102.21361591561312,0.8810750019390241,8.186384084386887,-7.305309082447863,,,,,
1999,1998-99,Regular Season,27.0,Vancouver Grizzlies,25.0,8.0,42.0,11.0,39.0,-8.66,-0.28,-8.94,98.4,107.9,-9.5,89.0,0.367,0.118,0.498,,0.492,14.7,30.9,0.261,,66.9,,General Motors Place,417966.0,16719.0,50.0,4450.0,102.21892499806096,102.21361591561312,-3.818924998060965,5.686384084386887,-9.505309082447852,,,,,
1999,1998-99,Regular Season,28.0,Los Angeles Clippers,25.0,9.0,41.0,11.0,39.0,-8.82,-0.12,-8.94,100.0,109.7,-9.7,89.5,0.306,0.167,0.497,,0.503,14.8,30.6,0.279,,66.9,,Los Angeles Memorial Sports Arena,256568.0,9416.0,50.0,4475.0,102.21892499806096,102.21361591561312,-2.21892499806097,7.486384084386884,-9.705309082447856,,,,,
1999,1998-99,Regular Season,29.0,Chicago Bulls,28.6,13.0,37.0,9.0,41.0,-9.46,0.88,-8.58,92.4,103.0,-10.6,88.1,0.309,0.159,0.47,,0.483,15.3,26.8,0.241,,71.7,,United Center,560012.0,22400.0,50.0,4405.0,102.21892499806096,102.21361591561312,-9.818924998060965,0.7863840843868815,-10.605309082447846,,,,,
1999,1998-99,Playoffs,1.0,San Antonio Spurs,30.1,15.0,2.0,13.0,4.0,,,,103.6,95.1,8.5,85.4,0.406,0.168,0.535,,0.417,13.0,26.1,0.213,,71.8,,,,,17.0,1451.8000000000002,101.82488522879056,101.81787954109208,1.7751147712094308,-6.717879541092074,8.492994312301505,0.882,,,,
1999,1998-99,Playoffs,2.0,Indiana Pacers,31.2,9.0,4.0,8.0,5.0,,,,107.1,103.0,4.1,86.7,0.38,0.242,0.54,,0.453,12.5,30.4,0.259,,71.6,,,,,13.0,1127.1,101.82488522879056,101.81787954109208,5.275114771209431,1.1821204589079315,4.092994312301499,0.692,,,,
1999,1998-99,Playoffs,3.0,New York Knicks,28.6,12.0,8.0,12.0,8.0,,,,100.1,97.8,2.3,84.9,0.322,0.154,0.501,,0.437,14.3,25.8,0.289,,74.9,,,,,20.0,1698.0,101.82488522879056,101.81787954109208,-1.7248852287905692,-4.017879541092071,2.292994312301502,0.6,,,,
1999,1998-99,Playoffs,4.0,Utah Jazz,30.5,5.0,6.0,6.0,5.0,,,,101.4,99.3,2.1,86.3,0.377,0.128,0.51,,0.435,13.9,28.0,0.312,,73.5,,,,,11.0,949.3,101.82488522879056,101.81787954109208,-0.4248852287905578,-2.517879541092072,2.0929943123015136,0.455,,,,
1999,1998-99,Playoffs,5.0,Philadelphia 76ers,25.9,3.0,5.0,4.0,4.0,,,,103.9,103.3,0.6,85.9,0.298,0.128,0.48,,0.451,15.8,37.5,0.299,,66.3,,,,,8.0,687.2,101.82488522879056,101.81787954109208,2.075114771209442,1.4821204589079289,0.5929943123015136,0.375,,,,
1999,1998-99,Playoffs,6.0,Portland Trail Blazers,27.5,7.0,6.0,6.0,7.0,,,,102.1,102.6,-0.5,84.4,0.452,0.16,0.518,,0.463,13.5,25.9,0.27,,73.9,,,,,13.0,1097.2,101.82488522879056,101.81787954109208,0.2751147712094308,0.7821204589079258,-0.507005687698495,0.538,,,,
1999,1998-99,Playoffs,7.0,Houston Rockets,30.6,1.0,3.0,2.0,2.0,,,,106.8,109.3,-2.5,90.8,0.351,0.262,0.517,,0.508,11.5,30.8,0.217,,74.7,,,,,4.0,363.2,101.82488522879056,101.81787954109208,4.975114771209434,7.482120458907929,-2.507005687698495,0.25,,,,
1999,1998-99,Playoffs,8.0,Los Angeles Lakers,27.0,3.0,5.0,3.0,5.0,,,,103.4,106.6,-3.2,90.9,0.367,0.196,0.508,,0.481,14.0,27.2,0.317,,71.7,,,,,8.0,727.2,101.82488522879056,101.81787954109208,1.5751147712094422,4.782120458907926,-3.207005687698484,0.375,,,,
1999,1998-99,Playoffs,9.0,Atlanta Hawks,30.5,3.0,6.0,3.0,6.0,,,,97.2,100.6,-3.4,82.0,0.31,0.206,0.47,,0.461,13.4,29.8,0.192,,71.6,,,,,9.0,738.0,101.82488522879056,101.81787954109208,-4.624885228790561,-1.2178795410920742,-3.4070056876984864,0.333,,,,
1999,1998-99,Playoffs,10.0,Detroit Pistons,28.1,2.0,3.0,2.0,3.0,,,,100.2,104.0,-3.8,79.1,0.192,0.125,0.487,,0.484,14.9,29.9,0.202,,70.6,,,,,5.0,395.5,101.82488522879056,101.81787954109208,-1.6248852287905606,2.1821204589079315,-3.807005687698492,0.4,,,,
1999,1998-99,Playoffs,11.0,Miami Heat,29.9,2.0,3.0,2.0,3.0,,,,98.4,103.4,-5.0,80.3,0.397,0.274,0.494,,0.471,13.4,21.9,0.225,,71.0,,,,,5.0,401.5,101.82488522879056,101.81787954109208,-3.424885228790558,1.5821204589079372,-5.007005687698495,0.4,,,,
1999,1998-99,Playoffs,12.0,Sacramento Kings,26.2,2.0,3.0,2.0,3.0,,,,97.8,103.0,-5.2,88.9,0.332,0.279,0.497,,0.46,14.7,29.2,0.25,,68.4,,,,,5.0,444.5,101.82488522879056,101.81787954109208,-4.024885228790566,1.1821204589079315,-5.207005687698498,0.4,,,,
1999,1998-99,Playoffs,13.0,Orlando Magic,28.7,1.0,3.0,1.0,3.0,,,,98.8,105.9,-7.1,87.3,0.437,0.295,0.49,,0.452,14.4,33.7,0.245,,58.1,,,,,4.0,349.2,101.82488522879056,101.81787954109208,-3.0248852287905663,4.082120458907937,-7.107005687698504,0.25,,,,
1999,1998-99,Playoffs,14.0,Minnesota Timberwolves,27.5,1.0,3.0,1.0,3.0,,,,95.2,102.6,-7.4,84.6,0.226,0.099,0.453,,0.459,12.6,32.2,0.275,,73.1,,,,,4.0,338.4,101.82488522879056,101.81787954109208,-6.624885228790561,0.7821204589079258,-7.407005687698486,0.25,,,,
1999,1998-99,Playoffs,15.0,Milwaukee Bucks,27.6,0.0,3.0,1.0,2.0,,,,104.4,115.7,-11.3,88.2,0.391,0.187,0.542,,0.508,15.0,27.0,0.31,,65.3,,,,,3.0,264.6,101.82488522879056,101.81787954109208,2.575114771209442,13.882120458907934,-11.307005687698492,0.0,,,,
1999,1998-99,Playoffs,16.0,Phoenix Suns,29.0,0.0,3.0,1.0,2.0,,,,101.7,113.1,-11.4,90.8,0.269,0.231,0.512,,0.558,17.3,24.0,0.432,,74.7,,,,,3.0,272.4,101.82488522879056,101.81787954109208,-0.1248852287905606,11.282120458907926,-11.407005687698486,0.0,,,,
2000,1999-00,Regular Season,1.0,Los Angeles Lakers*,29.2,67.0,15.0,64.0,18.0,8.55,-0.14,8.41,107.3,98.2,9.1,93.3,0.346,0.153,0.525,,0.443,13.4,30.6,0.222,,73.1,,STAPLES Center,771420.0,18815.0,82.0,7650.599999999999,104.05473773892432,104.0578196769892,3.2452622610756805,-5.857819676989209,9.10308193806489,,,,,
2000,1999-00,Regular Season,2.0,Portland Trail Blazers*,29.6,59.0,23.0,59.0,23.0,6.4,-0.04,6.36,107.9,100.8,7.1,89.9,0.316,0.175,0.546,,0.461,13.8,30.3,0.217,,72.4,,Rose Garden Arena,835078.0,20368.0,82.0,7371.8,104.05473773892432,104.0578196769892,3.845262261075689,-3.2578196769892145,7.103081938064904,,,,,
2000,1999-00,Regular Season,3.0,San Antonio Spurs*,30.9,53.0,29.0,58.0,24.0,5.94,-0.02,5.92,105.0,98.6,6.4,90.8,0.346,0.138,0.535,,0.451,13.5,27.8,0.188,,73.0,,Alamodome,884450.0,21694.0,82.0,7445.599999999999,104.05473773892432,104.0578196769892,0.9452622610756832,-5.457819676989217,6.403081938064901,,,,,
2000,1999-00,Regular Season,4.0,Phoenix Suns*,28.6,53.0,29.0,56.0,26.0,5.22,0.02,5.24,104.6,99.0,5.6,94.0,0.286,0.184,0.532,,0.454,15.7,29.3,0.245,,70.5,,America West Arena,773115.0,18856.0,82.0,7708.0,104.05473773892432,104.0578196769892,0.5452622610756777,-5.057819676989212,5.603081938064889,,,,,
2000,1999-00,Regular Season,5.0,Utah Jazz*,31.5,55.0,27.0,54.0,28.0,4.46,0.05,4.52,107.3,102.3,5.0,89.6,0.337,0.134,0.54,,0.477,15.0,29.5,0.256,,73.2,,Delta Center,801268.0,19543.0,82.0,7347.2,104.05473773892432,104.0578196769892,3.2452622610756805,-1.7578196769892145,5.003081938064895,,,,,
2000,1999-00,Regular Season,6.0,Indiana Pacers*,30.4,56.0,26.0,54.0,28.0,4.6,-0.45,4.15,108.5,103.6,4.9,93.1,0.302,0.224,0.552,,0.469,12.6,24.9,0.197,,71.5,,Conseco Fieldhouse,752145.0,18345.0,82.0,7634.2,104.05473773892432,104.0578196769892,4.445262261075683,-0.4578196769892173,4.903081938064901,,,,,
2000,1999-00,Regular Season,7.0,Miami Heat*,29.2,52.0,30.0,50.0,32.0,3.11,-0.36,2.75,104.5,101.0,3.5,89.7,0.283,0.186,0.533,,0.453,13.3,28.2,0.229,,72.9,,AmericanAirlines Arena,706725.0,18374.0,82.0,7355.400000000001,104.05473773892432,104.0578196769892,0.4452622610756833,-3.057819676989212,3.503081938064895,,,,,
2000,1999-00,Regular Season,8.0,Sacramento Kings*,27.5,44.0,38.0,49.0,33.0,2.91,0.12,3.04,105.0,102.1,2.9,99.3,0.277,0.227,0.526,,0.479,15.1,27.7,0.198,,69.7,,ARCO Arena (II),720033.0,17185.0,82.0,8142.599999999999,104.05473773892432,104.0578196769892,0.9452622610756832,-1.957819676989217,2.9030819380649007,,,,,
2000,1999-00,Regular Season,9.0,Charlotte Hornets*,28.7,49.0,33.0,49.0,33.0,2.67,-0.34,2.33,104.3,101.4,2.9,93.9,0.376,0.153,0.53,,0.478,14.6,25.7,0.198,,73.2,,Charlotte Coliseum,732827.0,17874.0,82.0,7699.8,104.05473773892432,104.0578196769892,0.2452622610756805,-2.657819676989206,2.9030819380648865,,,,,
2000,1999-00,Regular Season,10.0,Minnesota Timberwolves*,26.6,50.0,32.0,48.0,34.0,2.52,0.14,2.67,106.1,103.4,2.7,91.8,0.256,0.104,0.525,,0.474,14.0,29.4,0.25,,73.0,,Target Center,690012.0,16400.0,82.0,7527.599999999999,104.05473773892432,104.0578196769892,2.0452622610756777,-0.657819676989206,2.703081938064884,,,,,
2000,1999-00,Regular Season,11.0,New York Knicks*,29.5,50.0,32.0,46.0,36.0,1.46,-0.16,1.3,102.5,100.9,1.6,89.2,0.283,0.147,0.527,,0.455,13.6,24.7,0.251,,73.1,,Madison Square Garden (IV),810103.0,19763.0,82.0,7314.400000000001,104.05473773892432,104.0578196769892,-1.5547377389243169,-3.157819676989206,1.6030819380648893,,,,,
2000,1999-00,Regular Season,12.0,Detroit Pistons*,28.3,42.0,40.0,45.0,37.0,1.44,-0.31,1.13,107.3,105.8,1.5,95.7,0.378,0.184,0.548,,0.499,15.4,26.8,0.249,,71.6,,The Palace of Auburn Hills,678470.0,16548.0,82.0,7847.400000000001,104.05473773892432,104.0578196769892,3.2452622610756805,1.7421803230107855,1.503081938064895,,,,,
2000,1999-00,Regular Season,13.0,Philadelphia 76ers*,27.1,49.0,33.0,45.0,37.0,1.34,-0.32,1.02,101.5,100.0,1.5,92.7,0.329,0.095,0.501,,0.466,16.2,31.4,0.229,,69.9,,First Union Center,756956.0,18462.0,82.0,7601.400000000001,104.05473773892432,104.0578196769892,-2.5547377389243167,-4.057819676989212,1.503081938064895,,,,,
2000,1999-00,Regular Season,14.0,Seattle SuperSonics*,28.5,45.0,37.0,44.0,38.0,0.95,0.22,1.17,105.6,104.6,1.0,93.4,0.282,0.232,0.52,,0.483,14.0,28.5,0.193,,69.6,,KeyArena at Seattle Center,615730.0,15018.0,82.0,7658.8,104.05473773892432,104.0578196769892,1.5452622610756777,0.5421803230107827,1.003081938064895,,,,,
2000,1999-00,Regular Season,15.0,Orlando Magic,26.3,41.0,41.0,43.0,39.0,0.68,-0.26,0.43,102.4,101.7,0.7,97.3,0.305,0.124,0.516,,0.476,15.9,31.6,0.226,,69.9,,TD Waterhouse Centre,576409.0,14059.0,82.0,7978.599999999999,104.05473773892432,104.0578196769892,-1.654737738924311,-2.357819676989209,0.7030819380648978,,,,,
2000,1999-00,Regular Season,16.0,Milwaukee Bucks*,28.2,42.0,40.0,42.0,40.0,0.22,-0.28,-0.06,108.2,107.9,0.3,92.7,0.29,0.157,0.539,,0.496,14.6,30.0,0.254,,69.6,,Bradley Center,628605.0,15332.0,82.0,7601.400000000001,104.05473773892432,104.0578196769892,4.145262261075686,3.842180323010794,0.3030819380648921,,,,,
2000,1999-00,Regular Season,17.0,Toronto Raptors*,29.3,45.0,37.0,41.0,41.0,-0.16,-0.3,-0.46,104.7,104.9,-0.2,92.5,0.3,0.17,0.511,,0.48,14.2,30.1,0.247,,71.8,,Air Canada Centre,756496.0,18451.0,82.0,7585.0,104.05473773892432,104.0578196769892,0.6452622610756862,0.842180323010794,-0.1969180619351078,,,,,
2000,1999-00,Regular Season,18.0,Dallas Mavericks,26.3,40.0,42.0,39.0,43.0,-0.57,0.29,-0.29,106.6,107.2,-0.6,94.9,0.248,0.188,0.532,,0.488,14.2,25.5,0.21,,66.1,,Reunion Arena,606177.0,14785.0,82.0,7781.8,104.05473773892432,104.0578196769892,2.5452622610756777,3.142180323010791,-0.5969180619351135,,,,,
2000,1999-00,Regular Season,19.0,Boston Celtics,25.4,35.0,47.0,39.0,43.0,-0.76,-0.24,-1.0,104.8,105.6,-0.8,94.6,0.316,0.183,0.52,,0.498,15.8,30.4,0.306,,73.8,,FleetCenter,683608.0,16673.0,82.0,7757.2,104.05473773892432,104.0578196769892,0.7452622610756805,1.542180323010783,-0.7969180619351022,,,,,
2000,1999-00,Regular Season,20.0,Houston Rockets,26.3,34.0,48.0,39.0,43.0,-0.87,0.3,-0.57,104.8,105.7,-0.9,94.2,0.322,0.244,0.536,,0.481,12.5,29.1,0.201,,71.6,,Compaq Center,624594.0,15234.0,82.0,7724.400000000001,104.05473773892432,104.0578196769892,0.7452622610756805,1.6421803230107912,-0.8969180619351107,,,,,
2000,1999-00,Regular Season,21.0,New Jersey Nets,27.3,31.0,51.0,38.0,44.0,-1.04,-0.15,-1.18,105.1,106.3,-1.2,92.5,0.297,0.2,0.517,,0.491,15.2,28.1,0.223,,67.2,,Continental Airlines Arena,643631.0,15698.0,82.0,7585.0,104.05473773892432,104.0578196769892,1.0452622610756777,2.242180323010785,-1.196918061935108,,,,,
2000,1999-00,Regular Season,22.0,Denver Nuggets,25.9,35.0,47.0,35.0,47.0,-2.12,0.36,-1.76,103.5,105.8,-2.3,94.7,0.306,0.202,0.517,,0.479,13.0,29.2,0.235,,71.6,,Pepsi Center,637698.0,15554.0,82.0,7765.400000000001,104.05473773892432,104.0578196769892,-0.5547377389243167,1.7421803230107855,-2.296918061935102,,,,,
2000,1999-00,Regular Season,23.0,Washington Wizards,28.0,29.0,53.0,32.0,50.0,-3.28,-0.19,-3.47,103.5,107.0,-3.5,92.7,0.315,0.133,0.521,,0.489,13.9,30.6,0.273,,71.7,,MCI Center,616593.0,15039.0,82.0,7601.400000000001,104.05473773892432,104.0578196769892,-0.5547377389243167,2.9421803230107884,-3.496918061935105,,,,,
2000,1999-00,Regular Season,24.0,Cleveland Cavaliers,27.2,32.0,50.0,31.0,51.0,-3.5,-0.14,-3.64,100.4,104.0,-3.6,95.7,0.327,0.136,0.516,,0.474,15.1,28.1,0.275,,71.2,,Gund Arena,603702.0,14724.0,82.0,7847.400000000001,104.05473773892432,104.0578196769892,-3.654737738924311,-0.0578196769892116,-3.5969180619350998,,,,,
2000,1999-00,Regular Season,25.0,Atlanta Hawks,27.6,28.0,54.0,26.0,56.0,-5.38,-0.04,-5.41,102.0,107.9,-5.9,91.7,0.292,0.12,0.503,,0.481,11.3,31.7,0.196,,71.0,,Philips Arena,600954.0,14657.0,82.0,7519.400000000001,104.05473773892432,104.0578196769892,-2.0547377389243167,3.842180323010794,-5.896918061935111,,,,,
2000,1999-00,Regular Season,26.0,Vancouver Grizzlies,25.3,22.0,60.0,25.0,57.0,-5.62,0.52,-5.1,102.3,108.5,-6.2,91.0,0.32,0.139,0.524,,0.502,14.1,30.1,0.231,,70.6,,General Motors Place,569864.0,13899.0,82.0,7462.0,104.05473773892432,104.0578196769892,-1.7547377389243195,4.442180323010788,-6.196918061935108,,,,,
2000,1999-00,Regular Season,27.0,Golden State Warriors,26.9,19.0,63.0,20.0,62.0,-8.27,0.64,-7.63,99.8,108.4,-8.6,95.4,0.301,0.15,0.484,,0.499,14.6,32.6,0.259,,69.1,,The Arena in Oakland,509171.0,12419.0,82.0,7822.8,104.05473773892432,104.0578196769892,-4.25473773892432,4.342180323010794,-8.596918061935114,,,,,
2000,1999-00,Regular Season,28.0,Chicago Bulls,26.0,17.0,65.0,15.0,67.0,-9.4,0.17,-9.23,94.2,104.6,-10.4,89.4,0.338,0.167,0.49,,0.484,14.5,29.9,0.24,,69.9,,United Center,907064.0,22124.0,82.0,7330.8,104.05473773892432,104.0578196769892,-9.854737738924314,0.5421803230107827,-10.396918061935096,,,,,
2000,1999-00,Regular Season,29.0,Los Angeles Clippers,24.2,15.0,67.0,13.0,69.0,-11.52,0.8,-10.73,97.8,110.1,-12.3,93.9,0.27,0.188,0.499,,0.507,13.1,26.1,0.22,,69.6,,STAPLES Center,559714.0,13652.0,82.0,7699.8,104.05473773892432,104.0578196769892,-6.25473773892432,6.042180323010783,-12.296918061935102,,,,,
2000,1999-00,Playoffs,1.0,Portland Trail Blazers,30.0,10.0,6.0,11.0,5.0,,,,107.7,102.2,5.5,85.9,0.386,0.2,0.541,,0.478,13.4,25.9,0.248,,75.0,,,,,16.0,1374.4,104.2038593853234,104.21559550118091,3.496140614676605,-2.0155955011809112,5.511736115857516,0.625,,,,
2000,1999-00,Playoffs,2.0,Miami Heat,29.6,6.0,4.0,6.0,4.0,,,,97.4,94.4,3.0,84.6,0.328,0.202,0.493,,0.431,13.5,25.7,0.269,,80.8,,,,,10.0,846.0,104.2038593853234,104.21559550118091,-6.803859385323392,-9.815595501180908,3.0117361158575164,0.6,,,,
2000,1999-00,Playoffs,3.0,Indiana Pacers,30.9,13.0,10.0,14.0,9.0,,,,109.7,106.8,2.9,89.0,0.322,0.239,0.545,,0.481,11.2,25.1,0.22,,73.0,,,,,23.0,2047.0,104.2038593853234,104.21559550118091,5.496140614676605,2.584404498819083,2.911736115857522,0.565,,,,
2000,1999-00,Playoffs,4.0,Los Angeles Lakers,29.3,15.0,8.0,13.0,10.0,,,,110.1,107.5,2.6,90.3,0.393,0.192,0.529,,0.476,12.1,30.6,0.289,,73.7,,,,,23.0,2076.9,104.2038593853234,104.21559550118091,5.896140614676597,3.284404498819086,2.6117361158575108,0.652,,,,
2000,1999-00,Playoffs,5.0,Milwaukee Bucks,27.6,2.0,3.0,3.0,2.0,,,,107.5,105.5,2.0,89.3,0.266,0.14,0.52,,0.446,11.0,28.5,0.262,,70.4,,,,,5.0,446.5,104.2038593853234,104.21559550118091,3.2961406146766024,1.284404498819086,2.0117361158575164,0.4,,,,
2000,1999-00,Playoffs,6.0,New York Knicks,29.7,9.0,7.0,7.0,9.0,,,,99.8,101.1,-1.3,84.0,0.318,0.158,0.512,,0.442,12.5,20.3,0.25,,73.3,,,,,16.0,1344.0,104.2038593853234,104.21559550118091,-4.4038593853234005,-3.11559550118092,-1.2882638841424807,0.563,,,,
2000,1999-00,Playoffs,7.0,Seattle SuperSonics,27.9,2.0,3.0,2.0,3.0,,,,104.5,105.8,-1.3,89.2,0.291,0.206,0.519,,0.508,15.5,28.7,0.214,,71.9,,,,,5.0,446.0,104.2038593853234,104.21559550118091,0.2961406146766023,1.584404498819083,-1.2882638841424807,0.4,,,,
2000,1999-00,Playoffs,8.0,San Antonio Spurs,31.0,1.0,3.0,2.0,2.0,,,,90.0,91.4,-1.4,90.8,0.401,0.145,0.457,,0.421,14.5,26.5,0.149,,70.8,,,,,4.0,363.2,104.2038593853234,104.21559550118091,-14.203859385323398,-12.815595501180908,-1.3882638841424892,0.25,,,,
2000,1999-00,Playoffs,9.0,Philadelphia 76ers,27.6,5.0,5.0,5.0,5.0,,,,106.5,108.0,-1.5,87.5,0.369,0.154,0.507,,0.49,13.1,31.2,0.256,,72.4,,,,,10.0,875.0,104.2038593853234,104.21559550118091,2.2961406146766024,3.784404498819086,-1.4882638841424836,0.5,,,,
2000,1999-00,Playoffs,10.0,Minnesota Timberwolves,26.6,1.0,3.0,2.0,2.0,,,,103.4,105.8,-2.4,82.5,0.229,0.127,0.506,,0.476,13.5,27.9,0.265,,73.9,,,,,4.0,330.0,104.2038593853234,104.21559550118091,-0.803859385323392,1.584404498819083,-2.388263884142475,0.25,,,,
2000,1999-00,Playoffs,11.0,Charlotte Hornets,29.2,1.0,3.0,2.0,2.0,,,,104.6,107.8,-3.2,85.0,0.36,0.2,0.525,,0.466,12.3,32.9,0.244,,70.1,,,,,4.0,340.0,104.2038593853234,104.21559550118091,0.3961406146765966,3.584404498819083,-3.1882638841424864,0.25,,,,
2000,1999-00,Playoffs,12.0,Phoenix Suns,28.4,4.0,5.0,3.0,6.0,,,,96.6,100.6,-4.0,90.5,0.274,0.204,0.474,,0.436,13.3,30.3,0.305,,68.9,,,,,9.0,814.5,104.2038593853234,104.21559550118091,-7.603859385323403,-3.61559550118092,-3.988263884142484,0.444,,,,
2000,1999-00,Playoffs,13.0,Toronto Raptors,29.8,0.0,3.0,1.0,2.0,,,,97.3,101.9,-4.6,86.0,0.419,0.212,0.477,,0.493,16.7,30.7,0.323,,79.5,,,,,3.0,258.0,104.2038593853234,104.21559550118091,-6.9038593853234005,-2.3155955011809084,-4.588263884142492,0.0,,,,
2000,1999-00,Playoffs,14.0,Utah Jazz,32.2,4.0,6.0,3.0,7.0,,,,100.6,106.2,-5.6,87.8,0.318,0.165,0.519,,0.483,13.9,26.4,0.264,,72.1,,,,,10.0,878.0,104.2038593853234,104.21559550118091,-3.6038593853234033,1.9844044988190888,-5.588263884142492,0.4,,,,
2000,1999-00,Playoffs,15.0,Sacramento Kings,27.2,2.0,3.0,1.0,4.0,,,,105.0,113.7,-8.7,91.8,0.37,0.215,0.512,,0.488,10.0,26.3,0.195,,62.0,,,,,5.0,459.0,104.2038593853234,104.21559550118091,0.7961406146766024,9.484404498819089,-8.688263884142486,0.4,,,,
2000,1999-00,Playoffs,16.0,Detroit Pistons,28.4,0.0,3.0,0.0,3.0,,,,88.7,100.2,-11.5,89.8,0.389,0.168,0.49,,0.512,17.1,15.4,0.233,,77.3,,,,,3.0,269.4,104.2038593853234,104.21559550118091,-15.503859385323397,-4.015595501180911,-11.488263884142484,0.0,,,,
2001,2000-01,Regular Season,1.0,San Antonio Spurs*,29.5,58.0,24.0,63.0,19.0,7.76,0.16,7.92,106.6,98.0,8.6,89.6,0.374,0.175,0.541,,0.444,12.9,27.1,0.182,,73.7,,Alamodome,913176.0,22273.0,82.0,7347.2,103.02566980312132,103.03492801269698,3.5743301968786625,-5.03492801269698,8.609258209575643,,,,,
2001,2000-01,Regular Season,2.0,Sacramento Kings*,27.1,55.0,27.0,57.0,25.0,5.82,0.25,6.07,105.6,99.6,6.0,94.4,0.298,0.194,0.529,,0.46,14.5,27.2,0.181,,70.7,,ARCO Arena (II),709997.0,17317.0,82.0,7740.8,103.02566980312132,103.03492801269698,2.5743301968786625,-3.434928012696986,6.009258209575648,,,,,
2001,2000-01,Regular Season,3.0,Utah Jazz*,32.0,53.0,29.0,55.0,27.0,4.7,0.31,5.0,107.6,102.4,5.2,89.8,0.363,0.135,0.546,,0.473,15.6,30.2,0.301,,73.2,,Delta Center,792196.0,19322.0,82.0,7363.599999999999,103.02566980312132,103.03492801269698,4.574330196878663,-0.6349280126969745,5.209258209575637,,,,,
2001,2000-01,Regular Season,4.0,Philadelphia 76ers*,28.2,56.0,26.0,54.0,28.0,4.28,-0.65,3.64,103.6,98.9,4.7,90.6,0.351,0.124,0.518,,0.46,14.5,31.2,0.186,,72.5,,First Union Center,805692.0,19651.0,82.0,7429.2,103.02566980312132,103.03492801269698,0.5743301968786625,-4.134928012696975,4.709258209575637,,,,,
2001,2000-01,Regular Season,5.0,Portland Trail Blazers*,30.1,50.0,32.0,53.0,29.0,4.2,0.33,4.52,106.5,101.8,4.7,89.1,0.296,0.165,0.539,,0.47,14.3,30.0,0.223,,72.4,,Rose Garden Arena,831376.0,20277.0,82.0,7306.2,103.02566980312132,103.03492801269698,3.474330196878668,-1.234928012696983,4.709258209575651,,,,,
2001,2000-01,Regular Season,6.0,Dallas Mavericks*,26.6,53.0,29.0,53.0,29.0,4.28,0.32,4.61,107.1,102.6,4.5,93.2,0.291,0.202,0.544,,0.467,14.2,24.1,0.244,,70.7,,Reunion Arena,680238.0,16591.0,82.0,7642.400000000001,103.02566980312132,103.03492801269698,4.074330196878663,-0.4349280126969859,4.509258209575648,,,,,
2001,2000-01,Regular Season,7.0,Milwaukee Bucks*,28.2,52.0,30.0,52.0,30.0,3.88,-0.74,3.14,108.8,104.6,4.2,92.1,0.276,0.218,0.542,,0.473,14.4,28.1,0.253,,71.1,,Bradley Center,683125.0,16662.0,82.0,7552.2,103.02566980312132,103.03492801269698,5.774330196878665,1.565071987303014,4.209258209575651,,,,,
2001,2000-01,Regular Season,8.0,Los Angeles Lakers*,29.2,56.0,26.0,51.0,31.0,3.38,0.37,3.74,108.4,104.8,3.6,91.7,0.349,0.191,0.535,,0.468,12.2,31.1,0.234,,72.5,,STAPLES Center,776336.0,18935.0,82.0,7519.400000000001,103.02566980312132,103.03492801269698,5.374330196878674,1.765071987303017,3.609258209575657,,,,,
2001,2000-01,Regular Season,9.0,New York Knicks*,29.8,48.0,34.0,50.0,32.0,2.63,-0.65,1.98,101.2,98.2,3.0,86.7,0.279,0.18,0.523,,0.453,14.7,24.2,0.24,,74.3,,Madison Square Garden (IV),810283.0,19763.0,82.0,7109.400000000001,103.02566980312132,103.03492801269698,-1.825669803121329,-4.834928012696977,3.0092582095756484,,,,,
2001,2000-01,Regular Season,10.0,Miami Heat*,30.9,50.0,32.0,48.0,34.0,2.29,-0.57,1.73,101.1,98.5,2.6,87.1,0.299,0.221,0.515,,0.46,15.3,24.3,0.214,,72.7,,AmericanAirlines Arena,678186.0,16541.0,82.0,7142.2,103.02566980312132,103.03492801269698,-1.9256698031213373,-4.53492801269698,2.6092582095756427,,,,,
2001,2000-01,Regular Season,11.0,Toronto Raptors*,29.9,47.0,35.0,48.0,34.0,2.26,-0.57,1.69,105.9,103.4,2.5,90.9,0.285,0.167,0.51,,0.476,13.3,30.8,0.212,,73.2,,Air Canada Centre,793256.0,19348.0,82.0,7453.8,103.02566980312132,103.03492801269698,2.874330196878674,0.3650719873030255,2.5092582095756484,,,,,
2001,2000-01,Regular Season,12.0,Houston Rockets,26.7,45.0,37.0,48.0,34.0,2.29,0.42,2.71,106.7,104.2,2.5,90.4,0.321,0.217,0.538,,0.475,12.6,27.5,0.206,,71.9,,Compaq Center,518555.0,12648.0,82.0,7412.8,103.02566980312132,103.03492801269698,3.674330196878671,1.1650719873030226,2.5092582095756484,,,,,
2001,2000-01,Regular Season,13.0,Charlotte Hornets*,28.2,46.0,36.0,48.0,34.0,2.1,-0.65,1.45,101.8,99.5,2.3,89.4,0.33,0.151,0.506,,0.456,14.1,29.8,0.222,,74.5,,Charlotte Coliseum,615424.0,15010.0,82.0,7330.8,103.02566980312132,103.03492801269698,-1.2256698031213349,-3.53492801269698,2.309258209575645,,,,,
2001,2000-01,Regular Season,14.0,Phoenix Suns*,28.6,51.0,31.0,48.0,34.0,2.21,0.42,2.63,100.3,98.0,2.3,93.1,0.292,0.156,0.506,,0.46,16.3,27.3,0.252,,73.7,,America West Arena,737586.0,17990.0,82.0,7634.2,103.02566980312132,103.03492801269698,-2.7256698031213347,-5.03492801269698,2.309258209575645,,,,,
2001,2000-01,Regular Season,15.0,Minnesota Timberwolves*,27.4,47.0,35.0,45.0,37.0,1.35,0.46,1.81,105.2,103.7,1.5,91.8,0.253,0.131,0.523,,0.478,14.2,28.6,0.238,,71.9,,Target Center,717371.0,17497.0,82.0,7527.599999999999,103.02566980312132,103.03492801269698,2.174330196878671,0.6650719873030226,1.5092582095756484,,,,,
2001,2000-01,Regular Season,16.0,Orlando Magic*,26.0,43.0,39.0,44.0,38.0,0.99,-0.6,0.39,103.2,102.1,1.1,93.2,0.301,0.196,0.513,,0.464,15.6,29.1,0.29,,69.8,,TD Waterhouse Centre,605031.0,14757.0,82.0,7642.400000000001,103.02566980312132,103.03492801269698,0.174330196878671,-0.934928012696986,1.109258209575657,,,,,
2001,2000-01,Regular Season,17.0,Seattle SuperSonics,27.9,44.0,38.0,41.0,41.0,0.02,0.52,0.55,105.6,105.6,0.0,91.6,0.299,0.176,0.53,,0.488,13.9,29.1,0.199,,69.8,,KeyArena at Seattle Center,640847.0,15630.0,82.0,7511.2,103.02566980312132,103.03492801269698,2.5743301968786625,2.565071987303014,0.0092582095756483,,,,,
2001,2000-01,Regular Season,18.0,Indiana Pacers*,27.7,41.0,41.0,40.0,42.0,-0.2,-0.57,-0.77,102.0,102.2,-0.2,89.4,0.312,0.18,0.519,,0.452,12.8,27.0,0.235,,71.4,,Conseco Fieldhouse,731800.0,17849.0,82.0,7330.8,103.02566980312132,103.03492801269698,-1.0256698031213318,-0.8349280126969774,-0.1907417904243544,,,,,
2001,2000-01,Regular Season,19.0,Detroit Pistons,27.1,32.0,50.0,36.0,46.0,-1.7,-0.39,-2.08,100.0,101.8,-1.8,94.7,0.325,0.162,0.498,,0.466,14.0,29.3,0.233,,72.2,,The Palace of Auburn Hills,607323.0,14813.0,82.0,7765.400000000001,103.02566980312132,103.03492801269698,-3.025669803121332,-1.234928012696983,-1.7907417904243488,,,,,
2001,2000-01,Regular Season,20.0,Boston Celtics,25.9,36.0,46.0,35.0,47.0,-2.13,-0.26,-2.4,101.4,103.7,-2.3,92.6,0.338,0.252,0.521,,0.493,16.0,25.3,0.256,,72.7,,FleetCenter,629201.0,15346.0,82.0,7593.2,103.02566980312132,103.03492801269698,-1.625669803121326,0.6650719873030226,-2.290741790424349,,,,,
2001,2000-01,Regular Season,21.0,Denver Nuggets,27.9,40.0,42.0,34.0,48.0,-2.46,0.64,-1.83,103.7,106.3,-2.6,92.6,0.286,0.21,0.511,,0.476,12.1,28.3,0.223,,71.8,,Pepsi Center,619300.0,15105.0,82.0,7593.2,103.02566980312132,103.03492801269698,0.674330196878671,3.265071987303017,-2.590741790424346,,,,,
2001,2000-01,Regular Season,22.0,Los Angeles Clippers,24.3,31.0,51.0,32.0,50.0,-2.89,0.66,-2.23,101.3,104.5,-3.2,89.6,0.319,0.164,0.514,,0.466,12.0,28.3,0.217,,71.1,,STAPLES Center,601587.0,14673.0,82.0,7347.2,103.02566980312132,103.03492801269698,-1.7256698031213349,1.4650719873030198,-3.1907417904243545,,,,,
2001,2000-01,Regular Season,23.0,Cleveland Cavaliers,26.9,30.0,52.0,28.0,54.0,-4.24,-0.23,-4.48,100.3,104.9,-4.6,91.2,0.312,0.101,0.509,,0.477,14.1,29.7,0.248,,71.1,,Gund Arena,650775.0,15873.0,82.0,7478.400000000001,103.02566980312132,103.03492801269698,-2.7256698031213347,1.8650719873030253,-4.59074179042436,,,,,
2001,2000-01,Regular Season,24.0,New Jersey Nets,27.5,26.0,56.0,26.0,56.0,-5.05,-0.25,-5.3,100.0,105.5,-5.5,91.8,0.328,0.165,0.504,,0.488,14.9,25.7,0.258,,70.0,,Continental Airlines Arena,556573.0,13575.0,82.0,7527.599999999999,103.02566980312132,103.03492801269698,-3.025669803121332,2.46507198730302,-5.490741790424352,,,,,
2001,2000-01,Regular Season,25.0,Atlanta Hawks,26.1,25.0,57.0,26.0,56.0,-5.21,-0.34,-5.55,98.7,104.3,-5.6,91.9,0.272,0.14,0.5,,0.472,13.8,28.9,0.249,,70.8,,Philips Arena,560330.0,13667.0,82.0,7535.8,103.02566980312132,103.03492801269698,-4.325669803121329,1.265071987303017,-5.590741790424346,,,,,
2001,2000-01,Regular Season,26.0,Vancouver Grizzlies,26.2,23.0,59.0,25.0,57.0,-5.73,0.79,-4.94,99.6,105.8,-6.2,91.7,0.289,0.145,0.51,,0.491,13.8,26.1,0.194,,69.8,,General Motors Place,563218.0,13737.0,82.0,7519.400000000001,103.02566980312132,103.03492801269698,-3.425669803121337,2.765071987303017,-6.1907417904243545,,,,,
2001,2000-01,Regular Season,27.0,Washington Wizards,27.0,19.0,63.0,23.0,59.0,-6.67,-0.08,-6.75,100.6,107.8,-7.2,92.7,0.348,0.131,0.514,,0.503,14.1,29.7,0.236,,71.8,,MCI Center,638653.0,15577.0,82.0,7601.400000000001,103.02566980312132,103.03492801269698,-2.425669803121337,4.765071987303017,-7.1907417904243545,,,,,
2001,2000-01,Regular Season,28.0,Golden State Warriors,26.6,17.0,65.0,17.0,65.0,-9.05,0.94,-8.11,97.8,107.4,-9.6,94.1,0.282,0.134,0.47,,0.504,15.0,33.3,0.227,,69.7,,The Arena in Oakland,591981.0,14439.0,82.0,7716.2,103.02566980312132,103.03492801269698,-5.225669803121335,4.3650719873030255,-9.59074179042436,,,,,
2001,2000-01,Regular Season,29.0,Chicago Bulls,23.2,15.0,67.0,16.0,66.0,-9.1,0.01,-9.09,97.2,107.3,-10.1,89.3,0.298,0.148,0.495,,0.499,14.3,26.6,0.254,,70.3,,United Center,888654.0,21674.0,82.0,7322.599999999999,103.02566980312132,103.03492801269698,-5.825669803121329,4.265071987303017,-10.090741790424346,,,,,
2001,2000-01,Playoffs,1.0,Los Angeles Lakers,28.3,15.0,1.0,14.0,2.0,,,,111.6,97.9,13.7,92.0,0.375,0.194,0.542,,0.433,13.1,33.0,0.249,,74.1,,,,,16.0,1472.0,104.5376294555178,104.5470803984824,7.062370544482207,-6.647080398482402,13.709450942964608,0.938,,,,
2001,2000-01,Playoffs,2.0,Charlotte Hornets,28.1,6.0,4.0,7.0,3.0,,,,108.0,100.9,7.1,88.6,0.402,0.154,0.521,,0.47,14.7,30.3,0.211,,73.8,,,,,10.0,886.0,104.5376294555178,104.5470803984824,3.462370544482212,-3.6470803984824016,7.109450942964614,0.6,,,,
2001,2000-01,Playoffs,3.0,Milwaukee Bucks,28.4,10.0,8.0,10.0,8.0,,,,107.8,106.2,1.6,88.3,0.294,0.218,0.526,,0.447,10.8,30.4,0.242,,68.8,,,,,18.0,1589.4,104.5376294555178,104.5470803984824,3.2623705444822093,1.6529196015175955,1.6094509429646138,0.556,,,,
2001,2000-01,Playoffs,4.0,Toronto Raptors,29.6,6.0,6.0,6.0,6.0,,,,106.0,105.0,1.0,86.9,0.262,0.19,0.52,,0.477,13.8,29.4,0.259,,71.4,,,,,12.0,1042.8000000000002,104.5376294555178,104.5470803984824,1.4623705444822122,0.4529196015175927,1.0094509429646197,0.5,,,,
2001,2000-01,Playoffs,5.0,Sacramento Kings,26.8,3.0,5.0,4.0,4.0,,,,101.5,101.3,0.2,96.2,0.333,0.166,0.495,,0.448,13.0,32.0,0.256,,69.9,,,,,8.0,769.6,104.5376294555178,104.5470803984824,-3.037629455517788,-3.24708039848241,0.2094509429646223,0.375,,,,
2001,2000-01,Playoffs,6.0,Philadelphia 76ers,28.3,12.0,11.0,11.0,12.0,,,,105.7,105.8,-0.1,87.0,0.332,0.141,0.498,,0.486,13.3,32.7,0.201,,71.5,,,,,23.0,2001.0,104.5376294555178,104.5470803984824,1.162370544482215,1.25291960151759,-0.0905490570353748,0.522,,,,
2001,2000-01,Playoffs,7.0,San Antonio Spurs,30.2,7.0,6.0,6.0,7.0,,,,102.2,102.6,-0.4,89.6,0.353,0.2,0.521,,0.442,11.1,25.0,0.202,,70.7,,,,,13.0,1164.8,104.5376294555178,104.5470803984824,-2.337629455517785,-1.947080398482413,-0.390549057035372,0.538,,,,
2001,2000-01,Playoffs,8.0,New York Knicks,29.9,2.0,3.0,2.0,3.0,,,,101.3,105.0,-3.7,87.8,0.328,0.165,0.545,,0.462,13.3,22.4,0.231,,70.1,,,,,5.0,439.0,104.5376294555178,104.5470803984824,-3.2376294555177907,0.4529196015175927,-3.690549057035384,0.4,,,,
2001,2000-01,Playoffs,9.0,Dallas Mavericks,26.1,4.0,6.0,4.0,6.0,,,,104.2,108.4,-4.2,88.5,0.317,0.213,0.501,,0.491,13.1,27.0,0.255,,69.7,,,,,10.0,885.0,104.5376294555178,104.5470803984824,-0.337629455517785,3.8529196015175984,-4.190549057035383,0.4,,,,
2001,2000-01,Playoffs,10.0,Utah Jazz,32.6,2.0,3.0,2.0,3.0,,,,103.8,108.6,-4.8,86.3,0.332,0.141,0.503,,0.468,13.1,30.3,0.332,,75.0,,,,,5.0,431.5,104.5376294555178,104.5470803984824,-0.7376294555177907,4.052919601517587,-4.790549057035378,0.4,,,,
2001,2000-01,Playoffs,11.0,Orlando Magic,25.9,1.0,3.0,1.0,3.0,,,,107.9,113.9,-6.0,92.8,0.273,0.228,0.511,,0.453,10.3,27.4,0.334,,63.4,,,,,4.0,371.2,104.5376294555178,104.5470803984824,3.362370544482218,9.352919601517598,-5.9905490570353805,0.25,,,,
2001,2000-01,Playoffs,12.0,Indiana Pacers,27.8,1.0,3.0,1.0,3.0,,,,100.3,107.5,-7.2,87.0,0.228,0.222,0.482,,0.444,10.6,26.4,0.277,,65.9,,,,,4.0,348.0,104.5376294555178,104.5470803984824,-4.237629455517791,2.9529196015175927,-7.190549057035383,0.25,,,,
2001,2000-01,Playoffs,13.0,Minnesota Timberwolves,27.8,1.0,3.0,1.0,3.0,,,,93.5,100.9,-7.4,87.7,0.27,0.126,0.461,,0.47,14.1,25.0,0.257,,75.9,,,,,4.0,350.8,104.5376294555178,104.5470803984824,-11.037629455517788,-3.6470803984824016,-7.390549057035386,0.25,,,,
2001,2000-01,Playoffs,14.0,Phoenix Suns,28.7,1.0,3.0,1.0,3.0,,,,92.2,102.1,-9.9,96.0,0.254,0.19,0.445,,0.434,15.1,27.7,0.282,,65.8,,,,,4.0,384.0,104.5376294555178,104.5470803984824,-12.337629455517783,-2.447080398482413,-9.890549057035372,0.25,,,,
2001,2000-01,Playoffs,15.0,Portland Trail Blazers,31.3,0.0,3.0,0.0,3.0,,,,97.3,113.4,-16.1,91.4,0.341,0.266,0.507,,0.486,10.6,22.1,0.237,,65.6,,,,,3.0,274.20000000000005,104.5376294555178,104.5470803984824,-7.237629455517791,8.852919601517598,-16.09054905703539,0.0,,,,
2001,2000-01,Playoffs,16.0,Miami Heat,29.8,0.0,3.0,0.0,3.0,,,,87.5,112.4,-24.9,89.6,0.267,0.23,0.484,,0.496,13.6,18.8,0.363,,69.7,,,,,3.0,268.79999999999995,104.5376294555178,104.5470803984824,-17.037629455517788,7.852919601517598,-24.890549057035383,0.0,,,,
2002,2001-02,Regular Season,1.0,Sacramento Kings*,27.0,61.0,21.0,61.0,21.0,7.61,0.0,7.61,109.0,101.1,7.9,95.6,0.308,0.166,0.539,,0.467,13.6,27.9,0.185,,71.7,,ARCO Arena (II),709997.0,17317.0,82.0,7839.2,104.53463731751826,104.53138305961072,4.465362682481739,-3.431383059610724,7.896745742092463,,,,,
2002,2001-02,Regular Season,2.0,Los Angeles Lakers*,27.9,58.0,24.0,60.0,22.0,7.12,0.03,7.15,109.4,101.7,7.7,92.1,0.313,0.21,0.534,,0.453,13.0,28.8,0.233,,72.0,,STAPLES Center,778777.0,18995.0,82.0,7552.2,104.53463731751826,104.53138305961072,4.865362682481745,-2.8313830596107152,7.69674574209246,,,,,
2002,2001-02,Regular Season,3.0,San Antonio Spurs*,28.5,58.0,24.0,59.0,23.0,6.21,0.07,6.28,106.5,99.7,6.8,90.0,0.353,0.19,0.539,,0.453,13.7,27.2,0.189,,71.9,,Alamodome,906390.0,22107.0,82.0,7380.0,104.53463731751826,104.53138305961072,1.9653626824817396,-4.831383059610715,6.796745742092455,,,,,
2002,2001-02,Regular Season,4.0,New Jersey Nets*,26.1,52.0,30.0,53.0,29.0,4.16,-0.49,3.67,104.0,99.5,4.5,91.8,0.28,0.175,0.515,,0.459,14.9,29.2,0.213,,71.6,,Continental Airlines Arena,564194.0,13761.0,82.0,7527.599999999999,104.53463731751826,104.53138305961072,-0.5346373175182606,-5.031383059610718,4.4967457420924575,,,,,
2002,2001-02,Regular Season,5.0,Dallas Mavericks*,27.6,57.0,25.0,53.0,29.0,4.26,0.16,4.41,112.2,107.7,4.5,92.8,0.288,0.237,0.553,,0.485,12.9,26.1,0.239,,70.7,,American Airlines Center,802783.0,19580.0,82.0,7609.599999999999,104.53463731751826,104.53138305961072,7.665362682481742,3.1686169403892848,4.4967457420924575,,,,,
2002,2001-02,Regular Season,6.0,Minnesota Timberwolves*,26.7,50.0,32.0,51.0,31.0,3.38,0.2,3.58,109.0,105.3,3.7,90.5,0.255,0.152,0.532,,0.482,12.7,31.3,0.218,,73.7,,Target Center,731673.0,17846.0,82.0,7421.0,104.53463731751826,104.53138305961072,4.465362682481739,0.7686169403892791,3.69674574209246,,,,,
2002,2001-02,Regular Season,7.0,Portland Trail Blazers*,29.0,49.0,33.0,50.0,32.0,2.99,0.22,3.21,107.4,104.0,3.4,89.3,0.285,0.198,0.528,,0.489,14.2,31.8,0.202,,73.3,,Rose Garden Arena,797821.0,19459.0,82.0,7322.599999999999,104.53463731751826,104.53138305961072,2.865362682481745,-0.5313830596107181,3.396745742092463,,,,,
2002,2001-02,Regular Season,8.0,Seattle SuperSonics*,26.9,45.0,37.0,50.0,32.0,3.02,0.22,3.24,108.9,105.6,3.3,89.0,0.25,0.193,0.54,,0.485,14.5,29.4,0.206,,68.1,,KeyArena at Seattle Center,633516.0,15452.0,82.0,7298.0,104.53463731751826,104.53138305961072,4.365362682481745,1.0686169403892762,3.296745742092469,,,,,
2002,2001-02,Regular Season,9.0,Boston Celtics*,26.2,49.0,33.0,48.0,34.0,2.21,-0.46,1.75,103.4,101.0,2.4,92.5,0.291,0.289,0.52,,0.464,15.1,24.1,0.245,,72.9,,FleetCenter,659751.0,16091.0,82.0,7585.0,104.53463731751826,104.53138305961072,-1.134637317518255,-3.531383059610718,2.396745742092463,,,,,
2002,2001-02,Regular Season,10.0,Detroit Pistons*,29.5,50.0,32.0,48.0,34.0,2.13,-0.45,1.69,104.8,102.4,2.4,90.0,0.31,0.24,0.54,,0.474,14.8,24.4,0.206,,70.5,,The Palace of Auburn Hills,760807.0,18556.0,82.0,7380.0,104.53463731751826,104.53138305961072,0.2653626824817365,-2.1313830596107124,2.396745742092449,,,,,
2002,2001-02,Regular Season,11.0,Philadelphia 76ers*,29.0,43.0,39.0,46.0,36.0,1.6,-0.33,1.27,102.1,100.3,1.8,88.9,0.327,0.111,0.507,,0.46,14.2,31.7,0.208,,72.1,,First Union Center,842976.0,20560.0,82.0,7289.8,104.53463731751826,104.53138305961072,-2.4346373175182663,-4.231383059610721,1.7967457420924546,,,,,
2002,2001-02,Regular Season,12.0,Orlando Magic*,28.0,44.0,38.0,46.0,36.0,1.57,-0.32,1.25,107.0,105.3,1.7,93.2,0.278,0.241,0.533,,0.486,14.4,26.3,0.215,,69.2,,TD Waterhouse Centre,621121.0,15149.0,82.0,7642.400000000001,104.53463731751826,104.53138305961072,2.4653626824817394,0.7686169403892791,1.6967457420924603,,,,,
2002,2001-02,Regular Season,13.0,Utah Jazz*,29.9,44.0,38.0,44.0,38.0,0.89,0.32,1.21,105.6,104.6,1.0,90.3,0.381,0.132,0.529,,0.484,15.9,33.5,0.286,,71.7,,Delta Center,766108.0,18686.0,82.0,7404.599999999999,104.53463731751826,104.53138305961072,1.0653626824817335,0.0686169403892762,0.9967457420924576,,,,,
2002,2001-02,Regular Season,14.0,Charlotte Hornets*,28.3,44.0,38.0,44.0,38.0,0.96,-0.4,0.57,104.3,103.3,1.0,89.7,0.32,0.151,0.513,,0.465,13.3,30.6,0.226,,72.2,,Charlotte Coliseum,462738.0,11286.0,82.0,7355.400000000001,104.53463731751826,104.53138305961072,-0.2346373175182634,-1.231383059610721,0.9967457420924576,,,,,
2002,2001-02,Regular Season,15.0,Indiana Pacers*,26.1,42.0,40.0,42.0,40.0,0.27,-0.34,-0.07,104.1,103.8,0.3,91.9,0.328,0.182,0.527,,0.469,13.2,27.0,0.227,,71.0,,Conseco Fieldhouse,686537.0,16745.0,82.0,7535.8,104.53463731751826,104.53138305961072,-0.4346373175182663,-0.7313830596107209,0.2967457420924546,,,,,
2002,2001-02,Regular Season,16.0,Milwaukee Bucks,28.9,41.0,41.0,40.0,42.0,-0.22,-0.4,-0.62,106.9,107.1,-0.2,90.2,0.269,0.241,0.544,,0.477,12.0,25.6,0.217,,70.9,,Bradley Center,745305.0,18178.0,82.0,7396.400000000001,104.53463731751826,104.53138305961072,2.365362682481745,2.568616940389276,-0.2032542579075311,,,,,
2002,2001-02,Regular Season,17.0,Los Angeles Clippers,24.4,39.0,43.0,40.0,42.0,-0.46,0.38,-0.09,105.5,106.0,-0.5,90.1,0.304,0.172,0.519,,0.477,12.1,31.3,0.194,,69.9,,STAPLES Center,740185.0,18053.0,82.0,7388.2,104.53463731751826,104.53138305961072,0.9653626824817394,1.468616940389282,-0.5032542579075425,,,,,
2002,2001-02,Regular Season,18.0,Toronto Raptors*,29.3,42.0,40.0,40.0,42.0,-0.44,-0.27,-0.71,102.6,103.1,-0.5,88.8,0.255,0.165,0.501,,0.471,14.7,31.4,0.237,,70.1,,Air Canada Centre,810160.0,19760.0,82.0,7281.599999999999,104.53463731751826,104.53138305961072,-1.9346373175182665,-1.4313830596107238,-0.5032542579075425,,,,,
2002,2001-02,Regular Season,19.0,Phoenix Suns,26.5,36.0,46.0,39.0,43.0,-0.68,0.39,-0.3,103.3,104.0,-0.7,91.4,0.235,0.158,0.51,,0.476,14.4,30.1,0.227,,70.2,,America West Arena,668939.0,16316.0,82.0,7494.8,104.53463731751826,104.53138305961072,-1.2346373175182634,-0.5313830596107181,-0.7032542579075454,,,,,
2002,2001-02,Regular Season,20.0,Washington Wizards,27.5,37.0,45.0,37.0,45.0,-1.4,-0.17,-1.58,104.8,106.4,-1.6,88.3,0.28,0.118,0.508,,0.484,13.0,30.7,0.214,,71.4,,MCI Center,847634.0,20674.0,82.0,7240.599999999999,104.53463731751826,104.53138305961072,0.2653626824817365,1.868616940389288,-1.603254257907551,,,,,
2002,2001-02,Regular Season,21.0,Miami Heat,30.1,36.0,46.0,36.0,46.0,-1.54,-0.31,-1.84,98.5,100.2,-1.7,87.4,0.268,0.141,0.501,,0.455,13.6,26.6,0.249,,74.0,,AmericanAirlines Arena,655549.0,15989.0,82.0,7166.8,104.53463731751826,104.53138305961072,-6.034637317518261,-4.331383059610715,-1.7032542579075454,,,,,
2002,2001-02,Regular Season,22.0,Cleveland Cavaliers,26.0,29.0,53.0,31.0,51.0,-3.33,-0.19,-3.52,104.6,108.2,-3.6,90.3,0.301,0.156,0.524,,0.493,12.3,28.9,0.226,,72.8,,Gund Arena,596115.0,14539.0,82.0,7404.599999999999,104.53463731751826,104.53138305961072,0.0653626824817337,3.6686169403892848,-3.603254257907551,,,,,
2002,2001-02,Regular Season,23.0,New York Knicks,30.3,30.0,52.0,29.0,53.0,-3.99,-0.16,-4.15,101.5,105.9,-4.4,89.7,0.274,0.206,0.514,,0.479,12.9,25.6,0.236,,71.9,,Madison Square Garden (IV),810283.0,19763.0,82.0,7355.400000000001,104.53463731751826,104.53138305961072,-3.0346373175182606,1.3686169403892876,-4.403254257907548,,,,,
2002,2001-02,Regular Season,24.0,Atlanta Hawks,25.7,33.0,49.0,29.0,53.0,-4.23,-0.18,-4.41,101.8,106.4,-4.6,91.9,0.294,0.181,0.517,,0.495,14.1,27.5,0.218,,70.9,,Philips Arena,506110.0,12344.0,82.0,7535.8,104.53463731751826,104.53138305961072,-2.7346373175182634,1.868616940389288,-4.603254257907551,,,,,
2002,2001-02,Regular Season,25.0,Houston Rockets,25.9,28.0,54.0,27.0,55.0,-4.89,0.58,-4.31,103.1,108.6,-5.5,88.2,0.286,0.223,0.507,,0.491,11.5,29.0,0.178,,69.8,,Compaq Center,481227.0,11737.0,82.0,7232.400000000001,104.53463731751826,104.53138305961072,-1.4346373175182665,4.068616940389276,-5.503254257907543,,,,,
2002,2001-02,Regular Season,26.0,Golden State Warriors,24.8,21.0,61.0,26.0,56.0,-5.4,0.61,-4.8,102.8,108.5,-5.7,94.5,0.335,0.142,0.499,,0.488,12.9,35.3,0.232,,69.4,,The Arena in Oakland,593182.0,14468.0,82.0,7749.0,104.53463731751826,104.53138305961072,-1.7346373175182634,3.968616940389282,-5.703254257907545,,,,,
2002,2001-02,Regular Season,27.0,Denver Nuggets,28.2,27.0,55.0,24.0,58.0,-5.82,0.63,-5.19,101.4,107.8,-6.4,90.4,0.256,0.187,0.495,,0.492,13.6,30.6,0.245,,69.9,,Pepsi Center,633846.0,15460.0,82.0,7412.8,104.53463731751826,104.53138305961072,-3.134637317518255,3.268616940389279,-6.403254257907534,,,,,
2002,2001-02,Regular Season,28.0,Memphis Grizzlies,25.5,23.0,59.0,20.0,62.0,-7.44,0.7,-6.74,98.2,106.3,-8.1,91.1,0.288,0.168,0.501,,0.486,13.7,27.8,0.197,,68.0,,Pyramid Arena,591030.0,14415.0,82.0,7470.2,104.53463731751826,104.53138305961072,-6.334637317518258,1.768616940389279,-8.103254257907537,,,,,
2002,2001-02,Regular Season,29.0,Chicago Bulls,25.5,21.0,61.0,18.0,64.0,-8.54,0.02,-8.52,98.2,107.6,-9.4,90.5,0.302,0.134,0.499,,0.497,13.7,26.6,0.239,,71.4,,United Center,776311.0,18934.0,82.0,7421.0,104.53463731751826,104.53138305961072,-6.334637317518258,3.068616940389276,-9.403254257907534,,,,,
2002,2001-02,Playoffs,1.0,Los Angeles Lakers,28.1,15.0,4.0,12.0,7.0,,,,106.4,102.3,4.1,91.5,0.349,0.224,0.527,,0.455,12.1,29.1,0.231,,72.9,,,,,19.0,1738.5,103.25684031101876,103.25051174881888,3.1431596889812567,-0.950511748818883,4.09367143780014,0.789,,,,
2002,2001-02,Playoffs,2.0,San Antonio Spurs,28.3,4.0,6.0,6.0,4.0,,,,106.2,102.7,3.5,85.8,0.349,0.193,0.518,,0.466,11.4,26.6,0.175,,72.4,,,,,10.0,858.0,103.25684031101876,103.25051174881888,2.943159688981254,-0.5505117488188773,3.4936714378001312,0.4,,,,
2002,2001-02,Playoffs,3.0,Boston Celtics,27.1,9.0,7.0,10.0,6.0,,,,101.5,98.4,3.1,89.9,0.292,0.292,0.515,,0.45,14.3,25.0,0.253,,75.1,,,,,16.0,1438.4,103.25684031101876,103.25051174881888,-1.756840311018749,-4.8505117488188745,3.093671437800125,0.563,,,,
2002,2001-02,Playoffs,4.0,Sacramento Kings,27.2,10.0,6.0,9.0,7.0,,,,106.3,103.9,2.4,93.9,0.363,0.196,0.529,,0.46,12.9,29.4,0.222,,69.6,,,,,16.0,1502.4,103.25684031101876,103.25051174881888,3.043159688981248,0.6494882511811255,2.3936714378001227,0.625,,,,
2002,2001-02,Playoffs,5.0,Dallas Mavericks,26.5,4.0,4.0,4.0,4.0,,,,111.7,111.4,0.3,96.4,0.287,0.251,0.55,,0.493,12.9,24.2,0.288,,67.6,,,,,8.0,771.2,103.25684031101876,103.25051174881888,8.443159688981254,8.149488251181126,0.2936714378001284,0.5,,,,
2002,2001-02,Playoffs,6.0,Indiana Pacers,26.1,2.0,3.0,3.0,2.0,,,,97.1,96.9,0.2,90.6,0.297,0.155,0.533,,0.448,13.7,21.5,0.205,,75.8,,,,,5.0,453.0,103.25684031101876,103.25051174881888,-6.156840311018755,-6.3505117488188745,0.1936714378001198,0.4,,,,
2002,2001-02,Playoffs,7.0,Charlotte Hornets,28.7,4.0,5.0,4.0,4.0,,,,103.9,103.9,0.0,90.4,0.399,0.151,0.505,,0.454,12.4,33.2,0.291,,73.4,,,,,9.0,813.6,103.25684031101876,103.25051174881888,0.6431596889812567,0.6494882511811255,-0.0063285621998687,0.444,,,,
2002,2001-02,Playoffs,8.0,New Jersey Nets,26.4,11.0,9.0,10.0,10.0,,,,102.3,102.3,0.0,92.3,0.324,0.176,0.503,,0.472,14.5,27.5,0.277,,72.3,,,,,20.0,1846.0,103.25684031101876,103.25051174881888,-0.9568403110187518,-0.950511748818883,-0.0063285621998687,0.55,,,,
2002,2001-02,Playoffs,9.0,Detroit Pistons,29.3,4.0,6.0,5.0,5.0,,,,96.1,96.5,-0.4,86.4,0.304,0.307,0.497,,0.446,15.5,22.9,0.202,,72.1,,,,,10.0,864.0,103.25684031101876,103.25051174881888,-7.156840311018755,-6.75051174881888,-0.4063285621998744,0.4,,,,
2002,2001-02,Playoffs,10.0,Utah Jazz,30.0,1.0,3.0,2.0,2.0,,,,98.6,99.8,-1.2,89.2,0.34,0.145,0.482,,0.436,16.6,33.7,0.336,,69.1,,,,,4.0,356.8,103.25684031101876,103.25051174881888,-4.656840311018755,-3.450511748818883,-1.2063285621998716,0.25,,,,
2002,2001-02,Playoffs,11.0,Toronto Raptors,29.9,2.0,3.0,2.0,3.0,,,,97.8,101.1,-3.3,85.7,0.267,0.137,0.486,,0.468,15.4,32.1,0.281,,74.3,,,,,5.0,428.5,103.25684031101876,103.25051174881888,-5.456840311018752,-2.150511748818886,-3.306328562199866,0.4,,,,
2002,2001-02,Playoffs,12.0,Orlando Magic,28.5,1.0,3.0,1.0,3.0,,,,101.2,106.6,-5.4,88.1,0.395,0.21,0.509,,0.445,12.8,20.8,0.31,,65.9,,,,,4.0,352.4,103.25684031101876,103.25051174881888,-2.056840311018746,3.349488251181114,-5.40632856219986,0.25,,,,
2002,2001-02,Playoffs,13.0,Portland Trail Blazers,29.2,0.0,3.0,1.0,2.0,,,,99.3,105.1,-5.8,92.0,0.337,0.22,0.485,,0.487,13.0,26.9,0.327,,77.4,,,,,3.0,276.0,103.25684031101876,103.25051174881888,-3.956840311018752,1.8494882511811144,-5.806328562199866,0.0,,,,
2002,2001-02,Playoffs,14.0,Philadelphia 76ers,29.8,2.0,3.0,1.0,4.0,,,,102.1,112.2,-10.1,87.2,0.435,0.177,0.508,,0.541,13.8,29.9,0.184,,76.5,,,,,5.0,436.0,103.25684031101876,103.25051174881888,-1.1568403110187546,8.949488251181123,-10.106328562199876,0.4,,,,
2002,2001-02,Playoffs,15.0,Minnesota Timberwolves,26.5,0.0,3.0,1.0,2.0,,,,105.5,116.6,-11.1,96.6,0.428,0.156,0.53,,0.521,9.9,30.3,0.277,,80.8,,,,,3.0,289.79999999999995,103.25684031101876,103.25051174881888,2.243159688981251,13.349488251181114,-11.106328562199865,0.0,,,,
2002,2001-02,Playoffs,16.0,Seattle SuperSonics,27.0,2.0,3.0,1.0,4.0,,,,101.7,113.8,-12.1,84.7,0.239,0.153,0.49,,0.503,10.0,26.6,0.263,,72.7,,,,,5.0,423.5,103.25684031101876,103.25051174881888,-1.556840311018746,10.549488251181115,-12.106328562199865,0.4,,,,
2003,2002-03,Regular Season,1.0,Dallas Mavericks*,28.1,60.0,22.0,62.0,20.0,7.78,0.12,7.9,110.7,102.3,8.4,92.5,0.257,0.239,0.543,,0.473,14.8,25.4,0.221,,70.9,,American Airlines Center,816429.0,19913.0,82.0,7585.0,103.64575564650598,103.63910868576627,7.054244353494028,-1.339108685766277,8.393353039260305,,,,,
2003,2002-03,Regular Season,2.0,Sacramento Kings*,28.3,59.0,23.0,59.0,23.0,6.5,0.18,6.68,105.9,99.1,6.8,95.4,0.262,0.184,0.535,,0.446,13.6,25.6,0.204,,70.6,,ARCO Arena (II),709997.0,17317.0,82.0,7822.8,103.64575564650598,103.63910868576627,2.2542443534940304,-4.53910868576628,6.79335303926031,,,,,
2003,2002-03,Regular Season,3.0,San Antonio Spurs*,28.4,60.0,22.0,57.0,25.0,5.41,0.23,5.65,105.6,99.7,5.9,90.0,0.348,0.202,0.541,,0.453,14.2,28.8,0.199,,71.3,,SBC Center,735970.0,17950.0,82.0,7380.0,103.64575564650598,103.63910868576627,1.954244353494019,-3.939108685766272,5.89335303926029,,,,,
2003,2002-03,Regular Season,4.0,New Jersey Nets*,27.3,49.0,33.0,56.0,26.0,5.22,-0.8,4.42,103.8,98.1,5.7,91.6,0.333,0.158,0.518,,0.46,15.7,28.7,0.225,,73.1,,Continental Airlines Arena,622574.0,15185.0,82.0,7511.2,103.64575564650598,103.63910868576627,0.1542443534940218,-5.53910868576628,5.693353039260302,,,,,
2003,2002-03,Regular Season,5.0,Detroit Pistons*,29.0,50.0,32.0,52.0,30.0,3.68,-0.71,2.97,104.1,99.9,4.2,86.8,0.322,0.237,0.523,,0.461,13.9,25.9,0.225,,74.0,,The Palace of Auburn Hills,839278.0,20470.0,82.0,7117.599999999999,103.64575564650598,103.63910868576627,0.454244353494019,-3.739108685766269,4.193353039260288,,,,,
2003,2002-03,Regular Season,6.0,Indiana Pacers*,25.9,48.0,34.0,51.0,31.0,3.49,-0.7,2.79,104.6,100.8,3.8,91.6,0.344,0.169,0.522,,0.458,14.3,29.0,0.228,,72.3,,Conseco Fieldhouse,670461.0,16353.0,82.0,7511.2,103.64575564650598,103.63910868576627,0.954244353494019,-2.839108685766277,3.793353039260296,,,,,
2003,2002-03,Regular Season,7.0,Portland Trail Blazers*,29.2,50.0,32.0,49.0,33.0,2.61,0.36,2.97,105.5,102.6,2.9,89.4,0.3,0.177,0.531,,0.483,14.9,30.2,0.194,,72.3,,Rose Garden Arena,796258.0,19421.0,82.0,7330.8,103.64575564650598,103.63910868576627,1.8542443534940247,-1.03910868576628,2.8933530392603046,,,,,
2003,2002-03,Regular Season,8.0,Utah Jazz*,30.9,47.0,35.0,48.0,34.0,2.39,0.37,2.76,105.5,102.8,2.7,89.3,0.38,0.104,0.537,,0.468,15.2,32.5,0.256,,70.2,,Delta Center,786034.0,19172.0,82.0,7322.599999999999,103.64575564650598,103.63910868576627,1.8542443534940247,-0.8391086857662771,2.693353039260302,,,,,
2003,2002-03,Regular Season,9.0,Los Angeles Lakers*,28.1,50.0,32.0,48.0,34.0,2.33,0.38,2.71,107.2,104.7,2.5,92.5,0.311,0.199,0.528,,0.477,13.4,30.2,0.241,,72.7,,STAPLES Center,777888.0,18973.0,82.0,7585.0,103.64575564650598,103.63910868576627,3.554244353494028,1.0608913142337286,2.493353039260299,,,,,
2003,2002-03,Regular Season,10.0,Philadelphia 76ers*,28.3,48.0,34.0,48.0,34.0,2.3,-0.55,1.76,105.0,102.5,2.5,91.4,0.339,0.119,0.52,,0.488,16.2,30.3,0.243,,72.7,,First Union Center,807097.0,19685.0,82.0,7494.8,103.64575564650598,103.63910868576627,1.3542443534940247,-1.1391086857662742,2.493353039260299,,,,,
2003,2002-03,Regular Season,11.0,Minnesota Timberwolves*,28.2,51.0,31.0,47.0,35.0,2.07,0.39,2.46,106.1,103.8,2.3,91.9,0.268,0.118,0.528,,0.472,12.7,28.2,0.203,,72.9,,Target Center,643684.0,15700.0,82.0,7535.8,103.64575564650598,103.63910868576627,2.454244353494019,0.1608913142337229,2.293353039260296,,,,,
2003,2002-03,Regular Season,12.0,New Orleans Hornets*,29.1,47.0,35.0,47.0,35.0,2.11,-0.59,1.52,103.9,101.6,2.3,89.4,0.285,0.161,0.511,,0.464,14.0,31.7,0.226,,73.1,,New Orleans Arena,641683.0,15651.0,82.0,7330.8,103.64575564650598,103.63910868576627,0.2542443534940304,-2.03910868576628,2.2933530392603103,,,,,
2003,2002-03,Regular Season,13.0,Houston Rockets,25.9,43.0,39.0,46.0,36.0,1.48,0.42,1.89,104.3,102.6,1.7,88.8,0.316,0.196,0.522,,0.462,12.6,30.3,0.209,,72.4,,Compaq Center,565166.0,13785.0,82.0,7281.599999999999,103.64575564650598,103.63910868576627,0.6542443534940219,-1.03910868576628,1.6933530392603018,,,,,
2003,2002-03,Regular Season,14.0,Phoenix Suns*,25.2,44.0,38.0,44.0,38.0,1.13,0.43,1.57,103.7,102.5,1.2,91.5,0.285,0.17,0.514,,0.47,14.8,29.7,0.222,,70.3,,America West Arena,666559.0,16258.0,82.0,7503.0,103.64575564650598,103.63910868576627,0.0542443534940275,-1.1391086857662742,1.1933530392603018,,,,,
2003,2002-03,Regular Season,15.0,Orlando Magic*,26.9,42.0,40.0,41.0,41.0,0.13,-0.53,-0.39,105.2,105.0,0.2,93.1,0.307,0.235,0.526,,0.486,15.1,27.0,0.25,,71.1,,TD Waterhouse Centre,605901.0,14778.0,82.0,7634.2,103.64575564650598,103.63910868576627,1.5542443534940276,1.3608913142337258,0.1933530392603017,,,,,
2003,2002-03,Regular Season,16.0,Milwaukee Bucks*,29.3,42.0,40.0,42.0,40.0,0.23,-0.48,-0.24,108.8,108.6,0.2,90.4,0.287,0.229,0.543,,0.494,13.5,25.6,0.237,,69.9,,Bradley Center,665966.0,16243.0,82.0,7412.8,103.64575564650598,103.63910868576627,5.154244353494022,4.96089131423372,0.1933530392603017,,,,,
2003,2002-03,Regular Season,17.0,Seattle SuperSonics,26.9,40.0,42.0,41.0,41.0,-0.12,0.49,0.37,103.7,103.9,-0.2,88.0,0.27,0.196,0.512,,0.484,14.3,28.1,0.21,,71.8,,KeyArena at Seattle Center,637194.0,15541.0,82.0,7216.0,103.64575564650598,103.63910868576627,0.0542443534940275,0.2608913142337314,-0.2066469607397039,,,,,
2003,2002-03,Regular Season,18.0,Boston Celtics*,26.9,44.0,38.0,40.0,42.0,-0.39,-0.36,-0.75,101.2,101.6,-0.4,90.9,0.306,0.331,0.514,,0.471,15.1,23.6,0.242,,72.5,,FleetCenter,709049.0,17294.0,82.0,7453.8,103.64575564650598,103.63910868576627,-2.4457556465059724,-2.03910868576628,-0.4066469607396925,,,,,
2003,2002-03,Regular Season,19.0,Washington Wizards,28.4,37.0,45.0,38.0,44.0,-1.01,-0.46,-1.47,103.0,104.1,-1.1,88.2,0.325,0.127,0.513,,0.477,13.8,27.3,0.212,,71.6,,MCI Center,827093.0,20173.0,82.0,7232.400000000001,103.64575564650598,103.63910868576627,-0.6457556465059753,0.4608913142337201,-1.1066469607396954,,,,,
2003,2002-03,Regular Season,20.0,Golden State Warriors,24.4,38.0,44.0,38.0,44.0,-1.13,0.54,-0.6,108.3,109.5,-1.2,94.2,0.343,0.178,0.526,,0.482,12.2,35.0,0.22,,67.9,,The Arena in Oakland,634935.0,15486.0,82.0,7724.400000000001,103.64575564650598,103.63910868576627,4.654244353494022,5.860891314233726,-1.206646960739704,,,,,
2003,2002-03,Regular Season,21.0,New York Knicks,30.2,37.0,45.0,37.0,45.0,-1.35,-0.26,-1.61,104.7,106.2,-1.5,90.7,0.241,0.235,0.528,,0.485,13.7,24.4,0.261,,71.8,,Madison Square Garden (IV),779479.0,19012.0,82.0,7437.400000000001,103.64575564650598,103.63910868576627,1.0542443534940276,2.5608913142337286,-1.506646960739701,,,,,
2003,2002-03,Regular Season,22.0,Memphis Grizzlies,24.9,28.0,54.0,32.0,50.0,-3.23,0.63,-2.6,103.9,107.3,-3.4,92.7,0.287,0.19,0.526,,0.491,13.4,27.0,0.197,,68.7,,Pyramid Arena,611322.0,14910.0,82.0,7601.400000000001,103.64575564650598,103.63910868576627,0.2542443534940304,3.660891314233723,-3.4066469607396925,,,,,
2003,2002-03,Regular Season,23.0,Atlanta Hawks,27.2,35.0,47.0,31.0,51.0,-3.56,-0.31,-3.87,102.3,106.1,-3.8,91.0,0.313,0.177,0.527,,0.469,12.1,27.9,0.221,,70.4,,Philips Arena,528655.0,12894.0,82.0,7462.0,103.64575564650598,103.63910868576627,-1.345755646505978,2.46089131423372,-3.806646960739698,,,,,
2003,2002-03,Regular Season,24.0,Los Angeles Clippers,25.3,27.0,55.0,29.0,53.0,-4.12,0.68,-3.45,102.3,106.8,-4.5,91.3,0.335,0.182,0.516,,0.481,13.1,29.1,0.222,,70.2,,STAPLES Center,706471.0,17231.0,82.0,7486.599999999999,103.64575564650598,103.63910868576627,-1.345755646505978,3.160891314233723,-4.506646960739701,,,,,
2003,2002-03,Regular Season,25.0,Chicago Bulls,25.2,30.0,52.0,27.0,55.0,-5.13,-0.17,-5.31,100.2,105.6,-5.4,93.5,0.3,0.148,0.512,,0.47,13.3,27.7,0.263,,69.5,,United Center,804309.0,19617.0,82.0,7667.0,103.64575564650598,103.63910868576627,-3.4457556465059724,1.96089131423372,-5.4066469607396925,,,,,
2003,2002-03,Regular Season,26.0,Miami Heat,26.5,25.0,57.0,25.0,57.0,-5.05,-0.08,-5.13,96.7,102.4,-5.7,87.8,0.259,0.169,0.483,,0.47,14.1,26.8,0.257,,73.9,,AmericanAirlines Arena,628242.0,15323.0,82.0,7199.599999999999,103.64575564650598,103.63910868576627,-6.945755646505972,-1.2391086857662683,-5.706646960739704,,,,,
2003,2002-03,Regular Season,27.0,Toronto Raptors,27.6,24.0,58.0,24.0,58.0,-5.87,-0.23,-6.1,100.5,107.0,-6.5,89.9,0.282,0.179,0.497,,0.489,13.1,28.2,0.226,,70.7,,Air Canada Centre,777507.0,18964.0,82.0,7371.8,103.64575564650598,103.63910868576627,-3.1457556465059757,3.360891314233726,-6.506646960739701,,,,,
2003,2002-03,Regular Season,28.0,Denver Nuggets,24.1,17.0,65.0,17.0,65.0,-8.28,0.87,-7.41,92.2,101.3,-9.1,91.0,0.283,0.126,0.469,,0.477,16.5,31.3,0.29,,73.3,,Pepsi Center,607813.0,14825.0,82.0,7462.0,103.64575564650598,103.63910868576627,-11.445755646505972,-2.339108685766277,-9.106646960739695,,,,,
2003,2002-03,Regular Season,29.0,Cleveland Cavaliers,23.5,17.0,65.0,16.0,66.0,-9.62,0.04,-9.59,96.5,106.7,-10.2,94.0,0.298,0.133,0.491,,0.484,13.0,31.0,0.252,,73.2,,Gund Arena,471374.0,11497.0,82.0,7708.0,103.64575564650598,103.63910868576627,-7.145755646505975,3.0608913142337286,-10.206646960739704,,,,,
2003,2002-03,Playoffs,1.0,San Antonio Spurs,27.1,16.0,8.0,17.0,7.0,,,,103.7,97.7,6.0,91.0,0.399,0.198,0.525,,0.439,14.0,28.6,0.216,,73.4,,,,,24.0,2184.0,105.07759790104193,105.08299692958172,-1.3775979010419237,-7.382996929581722,6.005399028539799,0.667,,,,
2003,2002-03,Playoffs,2.0,New Jersey Nets,27.3,14.0,6.0,12.0,8.0,,,,102.6,98.9,3.7,89.9,0.336,0.165,0.506,,0.464,14.8,30.9,0.252,,76.7,,,,,20.0,1798.0,105.07759790104193,105.08299692958172,-2.477597901041932,-6.182996929581719,3.7053990285397873,0.7,,,,
2003,2002-03,Playoffs,3.0,Sacramento Kings,28.3,7.0,5.0,7.0,5.0,,,,112.0,109.6,2.4,94.7,0.341,0.215,0.549,,0.495,12.7,29.3,0.216,,70.7,,,,,12.0,1136.4,105.07759790104193,105.08299692958172,6.922402098958074,4.517003070418269,2.4053990285398044,0.583,,,,
2003,2002-03,Playoffs,4.0,Portland Trail Blazers,28.1,3.0,4.0,4.0,3.0,,,,115.2,114.1,1.1,87.9,0.373,0.215,0.551,,0.507,11.1,36.3,0.228,,72.7,,,,,7.0,615.3000000000001,105.07759790104193,105.08299692958172,10.122402098958077,9.01700307041827,1.1053990285398072,0.429,,,,
2003,2002-03,Playoffs,5.0,Detroit Pistons,27.9,8.0,9.0,9.0,8.0,,,,102.7,101.7,1.0,86.5,0.416,0.258,0.515,,0.459,14.8,25.5,0.253,,70.6,,,,,17.0,1470.5,105.07759790104193,105.08299692958172,-2.3775979010419235,-3.382996929581722,1.005399028539799,0.471,,,,
2003,2002-03,Playoffs,6.0,Philadelphia 76ers,29.0,6.0,6.0,6.0,6.0,,,,105.8,104.8,1.0,85.6,0.345,0.141,0.527,,0.473,13.8,31.3,0.268,,72.3,,,,,12.0,1027.1999999999998,105.07759790104193,105.08299692958172,0.7224020989580708,-0.2829969295817278,1.005399028539799,0.5,,,,
2003,2002-03,Playoffs,7.0,Los Angeles Lakers,27.9,6.0,6.0,6.0,6.0,,,,107.1,106.9,0.2,92.8,0.313,0.24,0.529,,0.5,13.1,27.9,0.251,,76.2,,,,,12.0,1113.6,105.07759790104193,105.08299692958172,2.022402098958068,1.817003070418281,0.2053990285397873,0.5,,,,
2003,2002-03,Playoffs,8.0,Dallas Mavericks,27.8,10.0,10.0,10.0,10.0,,,,110.5,111.1,-0.6,93.2,0.245,0.269,0.546,,0.494,12.5,25.0,0.286,,70.4,,,,,20.0,1864.0,105.07759790104193,105.08299692958172,5.422402098958074,6.017003070418269,-0.5946009714601956,0.5,,,,
2003,2002-03,Playoffs,9.0,Boston Celtics,27.0,4.0,6.0,5.0,5.0,,,,101.4,102.1,-0.7,90.4,0.303,0.307,0.528,,0.449,14.0,20.8,0.311,,73.0,,,,,10.0,904.0,105.07759790104193,105.08299692958172,-3.6775979010419206,-2.9829969295817307,-0.69460097146019,0.4,,,,
2003,2002-03,Playoffs,10.0,New Orleans Hornets,28.8,2.0,4.0,3.0,3.0,,,,106.4,108.3,-1.9,87.2,0.328,0.222,0.526,,0.471,14.0,31.5,0.306,,68.5,,,,,6.0,523.2,105.07759790104193,105.08299692958172,1.3224020989580794,3.217003070418272,-1.8946009714601928,0.333,,,,
2003,2002-03,Playoffs,11.0,Milwaukee Bucks,30.3,2.0,4.0,2.0,4.0,,,,105.8,110.5,-4.7,90.9,0.312,0.214,0.541,,0.494,14.7,21.0,0.306,,65.3,,,,,6.0,545.4000000000001,105.07759790104193,105.08299692958172,0.7224020989580708,5.417003070418275,-4.694600971460204,0.333,,,,
2003,2002-03,Playoffs,12.0,Phoenix Suns,25.4,2.0,4.0,2.0,4.0,,,,91.5,97.3,-5.8,91.4,0.265,0.187,0.456,,0.438,16.8,27.8,0.302,,67.4,,,,,6.0,548.4000000000001,105.07759790104193,105.08299692958172,-13.577597901041926,-7.782996929581728,-5.794600971460199,0.333,,,,
2003,2002-03,Playoffs,13.0,Indiana Pacers,26.2,2.0,4.0,2.0,4.0,,,,100.9,107.1,-6.2,88.8,0.418,0.227,0.496,,0.492,12.3,29.4,0.251,,79.2,,,,,6.0,532.8,105.07759790104193,105.08299692958172,-4.177597901041921,2.0170030704182693,-6.19460097146019,0.333,,,,
2003,2002-03,Playoffs,14.0,Minnesota Timberwolves,28.0,2.0,4.0,2.0,4.0,,,,104.2,110.8,-6.6,94.8,0.319,0.173,0.544,,0.498,10.7,22.6,0.211,,70.9,,,,,6.0,568.8,105.07759790104193,105.08299692958172,-0.8775979010419235,5.717003070418272,-6.594600971460196,0.333,,,,
2003,2002-03,Playoffs,15.0,Orlando Magic,26.5,3.0,4.0,2.0,5.0,,,,99.5,107.8,-8.3,88.0,0.357,0.223,0.517,,0.462,13.0,24.7,0.328,,69.2,,,,,7.0,616.0,105.07759790104193,105.08299692958172,-5.577597901041926,2.717003070418272,-8.294600971460198,0.429,,,,
2003,2002-03,Playoffs,16.0,Utah Jazz,31.2,1.0,4.0,1.0,4.0,,,,104.2,116.1,-11.9,89.2,0.386,0.087,0.511,,0.516,12.9,35.4,0.272,,65.3,,,,,5.0,446.0,105.07759790104193,105.08299692958172,-0.8775979010419235,11.01700307041827,-11.894600971460193,0.2,,,,
2004,2003-04,Regular Season,1.0,San Antonio Spurs*,27.3,57.0,25.0,62.0,20.0,7.22,0.29,7.51,102.2,94.1,8.1,89.2,0.322,0.177,0.511,,0.433,14.8,29.5,0.215,,74.6,,SBC Center,739706.0,18042.0,82.0,7314.400000000001,102.93636572390832,102.92888744307092,-0.7363657239083068,-8.828887443070926,8.092521719162619,,,,,
2004,2003-04,Regular Season,2.0,Detroit Pistons*,27.4,54.0,28.0,59.0,23.0,5.84,-0.81,5.04,102.0,95.4,6.6,87.9,0.328,0.153,0.511,,0.441,15.5,30.1,0.202,,71.8,,The Palace of Auburn Hills,872902.0,21290.0,82.0,7207.8,102.93636572390832,102.92888744307092,-0.9363657239083096,-7.528887443070914,6.592521719162605,,,,,
2004,2003-04,Regular Season,3.0,Indiana Pacers*,27.1,61.0,21.0,58.0,24.0,5.76,-0.82,4.93,103.8,97.2,6.6,87.5,0.319,0.203,0.52,,0.459,15.7,28.5,0.218,,73.9,,Conseco Fieldhouse,678326.0,16545.0,82.0,7175.0,102.93636572390832,102.92888744307092,0.8636342760916875,-5.728887443070917,6.592521719162605,,,,,
2004,2003-04,Regular Season,4.0,Minnesota Timberwolves*,29.7,58.0,24.0,57.0,25.0,5.49,0.37,5.86,105.9,99.7,6.2,89.0,0.265,0.137,0.528,,0.444,12.9,26.7,0.215,,72.5,,Target Center,723071.0,17636.0,82.0,7298.0,102.93636572390832,102.92888744307092,2.963634276091696,-3.228887443070917,6.192521719162613,,,,,
2004,2003-04,Regular Season,5.0,Sacramento Kings*,29.3,55.0,27.0,55.0,27.0,5.01,0.4,5.41,110.3,104.9,5.4,92.8,0.305,0.223,0.554,,0.483,13.7,26.0,0.193,,69.8,,ARCO Arena (II),709997.0,17317.0,82.0,7609.599999999999,102.93636572390832,102.92888744307092,7.363634276091687,1.9711125569290855,5.392521719162602,,,,,
2004,2003-04,Regular Season,6.0,Dallas Mavericks*,27.4,52.0,30.0,53.0,29.0,4.44,0.42,4.86,112.1,107.4,4.7,93.2,0.256,0.201,0.536,,0.498,13.9,31.4,0.214,,71.6,,American Airlines Center,825594.0,20136.0,82.0,7642.400000000001,102.93636572390832,102.92888744307092,9.163634276091685,4.471112556929086,4.692521719162599,,,,,
2004,2003-04,Regular Season,7.0,Los Angeles Lakers*,29.8,56.0,26.0,52.0,30.0,3.9,0.45,4.35,105.5,101.3,4.2,92.3,0.352,0.167,0.522,,0.471,14.3,28.1,0.222,,73.3,,STAPLES Center,777757.0,18970.0,82.0,7568.599999999999,102.93636572390832,102.92888744307092,2.5636342760916904,-1.6288874430709228,4.192521719162613,,,,,
2004,2003-04,Regular Season,8.0,New Jersey Nets*,27.7,47.0,35.0,49.0,33.0,2.5,-0.63,1.88,100.8,98.0,2.8,89.4,0.291,0.176,0.515,,0.46,15.7,25.9,0.221,,73.9,,Continental Airlines Arena,613051.0,14952.0,82.0,7330.8,102.93636572390832,102.92888744307092,-2.1363657239083125,-4.92888744307092,2.7925217191626075,,,,,
2004,2003-04,Regular Season,9.0,Memphis Grizzlies*,26.0,50.0,32.0,48.0,34.0,2.44,0.52,2.95,104.8,102.2,2.6,91.4,0.322,0.197,0.522,,0.465,15.7,29.5,0.251,,68.4,,Pyramid Arena,622723.0,15188.0,82.0,7494.8,102.93636572390832,102.92888744307092,1.8636342760916875,-0.7288874430709171,2.5925217191626047,,,,,
2004,2003-04,Regular Season,10.0,Houston Rockets*,28.3,45.0,37.0,47.0,35.0,1.73,0.55,2.28,100.9,99.0,1.9,87.8,0.286,0.227,0.528,,0.447,13.1,26.5,0.233,,74.5,,Toyota Center,640794.0,15629.0,82.0,7199.599999999999,102.93636572390832,102.92888744307092,-2.036365723908304,-3.92888744307092,1.892521719162616,,,,,
2004,2003-04,Regular Season,11.0,Denver Nuggets*,25.6,43.0,39.0,44.0,38.0,1.07,0.58,1.65,103.9,102.7,1.2,93.3,0.319,0.146,0.517,,0.481,15.6,30.5,0.221,,69.3,,Pepsi Center,721476.0,17597.0,82.0,7650.599999999999,102.93636572390832,102.92888744307092,0.963634276091696,-0.2288874430709171,1.1925217191626132,,,,,
2004,2003-04,Regular Season,12.0,Milwaukee Bucks*,26.5,41.0,41.0,44.0,38.0,1.06,-0.64,0.42,106.5,105.4,1.1,91.6,0.33,0.172,0.528,,0.485,13.3,27.6,0.213,,71.8,,Bradley Center,690180.0,16834.0,82.0,7511.2,102.93636572390832,102.92888744307092,3.5636342760916904,2.4711125569290857,1.0925217191626049,,,,,
2004,2003-04,Regular Season,13.0,Miami Heat*,26.4,42.0,40.0,43.0,39.0,0.52,-0.65,-0.13,102.2,101.7,0.5,88.0,0.298,0.211,0.51,,0.463,14.5,27.4,0.26,,73.4,,AmericanAirlines Arena,624809.0,15239.0,82.0,7216.0,102.93636572390832,102.92888744307092,-0.7363657239083068,-1.2288874430709171,0.4925217191626103,,,,,
2004,2003-04,Regular Season,14.0,New Orleans Hornets*,30.3,41.0,41.0,41.0,41.0,-0.1,-0.62,-0.72,102.3,102.4,-0.1,89.1,0.293,0.252,0.505,,0.476,15.0,30.6,0.218,,71.3,,New Orleans Arena,587613.0,14332.0,82.0,7306.2,102.93636572390832,102.92888744307092,-0.6363657239083125,-0.5288874430709143,-0.1074782808373981,,,,,
2004,2003-04,Regular Season,15.0,Seattle SuperSonics,26.0,37.0,45.0,39.0,43.0,-0.63,0.66,0.02,107.3,108.0,-0.7,89.9,0.27,0.294,0.54,,0.487,13.9,27.2,0.237,,68.5,,KeyArena at Seattle Center,625474.0,15154.0,82.0,7371.8,102.93636572390832,102.92888744307092,4.363634276091688,5.07111255692908,-0.7074782808373925,,,,,
2004,2003-04,Regular Season,16.0,Golden State Warriors,28.1,37.0,45.0,39.0,43.0,-0.73,0.66,-0.07,103.0,103.8,-0.8,89.8,0.311,0.197,0.517,,0.476,13.3,28.4,0.211,,72.1,,The Arena in Oakland,665648.0,16235.0,82.0,7363.599999999999,102.93636572390832,102.92888744307092,0.0636342760916903,0.8711125569290772,-0.8074782808373868,,,,,
2004,2003-04,Regular Season,17.0,Portland Trail Blazers,27.6,41.0,41.0,37.0,45.0,-1.27,0.69,-0.58,103.7,105.1,-1.4,86.2,0.267,0.17,0.515,,0.482,13.3,31.2,0.186,,70.0,,Rose Garden Arena,684038.0,16684.0,82.0,7068.400000000001,102.93636572390832,102.92888744307092,0.7636342760916932,2.1711125569290743,-1.4074782808373811,,,,,
2004,2003-04,Regular Season,18.0,Utah Jazz,24.9,42.0,40.0,37.0,45.0,-1.22,0.69,-0.53,101.9,103.3,-1.4,86.6,0.356,0.127,0.509,,0.468,15.4,34.1,0.319,,72.4,,Delta Center,785330.0,19154.0,82.0,7101.2,102.93636572390832,102.92888744307092,-1.036365723908304,0.3711125569290772,-1.4074782808373811,,,,,
2004,2003-04,Regular Season,19.0,Boston Celtics*,26.4,36.0,46.0,37.0,45.0,-1.45,-0.54,-1.99,102.1,103.7,-1.6,93.2,0.327,0.249,0.532,,0.479,15.7,25.2,0.24,,69.5,,FleetCenter,664248.0,16201.0,82.0,7642.400000000001,102.93636572390832,102.92888744307092,-0.8363657239083153,0.7711125569290829,-1.6074782808373982,,,,,
2004,2003-04,Regular Season,20.0,New York Knicks*,29.6,39.0,43.0,36.0,46.0,-1.48,-0.49,-1.97,101.7,103.3,-1.6,89.5,0.266,0.171,0.518,,0.461,13.2,28.0,0.259,,72.8,,Madison Square Garden (IV),785739.0,19164.0,82.0,7339.0,102.93636572390832,102.92888744307092,-1.2363657239083068,0.3711125569290772,-1.607478280837384,,,,,
2004,2003-04,Regular Season,21.0,Philadelphia 76ers,27.5,33.0,49.0,33.0,49.0,-2.49,-0.46,-2.95,99.1,101.9,-2.8,88.0,0.321,0.158,0.505,,0.467,14.7,28.2,0.231,,70.7,,Wachovia Center,788128.0,19223.0,82.0,7216.0,102.93636572390832,102.92888744307092,-3.8363657239083153,-1.0288874430709145,-2.807478280837401,,,,,
2004,2003-04,Regular Season,22.0,Cleveland Cavaliers,24.9,35.0,47.0,33.0,49.0,-2.62,-0.44,-3.07,101.4,104.2,-2.8,90.8,0.301,0.116,0.498,,0.469,12.3,31.1,0.221,,73.0,,Gund Arena,749790.0,18288.0,82.0,7445.599999999999,102.93636572390832,102.92888744307092,-1.536365723908304,1.2711125569290829,-2.807478280837387,,,,,
2004,2003-04,Regular Season,23.0,Toronto Raptors,27.6,33.0,49.0,31.0,51.0,-3.01,-0.4,-3.42,97.0,100.4,-3.4,86.8,0.26,0.204,0.495,,0.449,14.1,23.8,0.241,,70.1,,Air Canada Centre,750608.0,18308.0,82.0,7117.599999999999,102.93636572390832,102.92888744307092,-5.93636572390831,-2.5288874430709143,-3.407478280837396,,,,,
2004,2003-04,Regular Season,24.0,Phoenix Suns,24.4,29.0,53.0,30.0,52.0,-3.74,0.8,-2.94,101.4,105.5,-4.1,92.6,0.28,0.18,0.515,,0.482,14.7,26.6,0.24,,69.9,,America West Arena,670385.0,16351.0,82.0,7593.2,102.93636572390832,102.92888744307092,-1.536365723908304,2.57111255692908,-4.107478280837384,,,,,
2004,2003-04,Regular Season,25.0,Los Angeles Clippers,24.3,28.0,54.0,28.0,54.0,-4.59,0.84,-3.74,103.5,108.5,-5.0,91.0,0.35,0.156,0.512,,0.494,12.9,32.8,0.231,,70.0,,STAPLES Center,665396.0,16143.0,82.0,7462.0,102.93636572390832,102.92888744307092,0.5636342760916904,5.57111255692908,-5.00747828083739,,,,,
2004,2003-04,Regular Season,26.0,Atlanta Hawks,26.2,28.0,54.0,28.0,54.0,-4.65,-0.36,-5.0,101.0,106.1,-5.1,90.8,0.303,0.191,0.514,,0.476,13.1,28.6,0.234,,70.5,,Philips Arena,565728.0,13798.0,82.0,7445.599999999999,102.93636572390832,102.92888744307092,-1.9363657239083096,3.1711125569290743,-5.107478280837384,,,,,
2004,2003-04,Regular Season,27.0,Washington Wizards,24.4,25.0,57.0,25.0,57.0,-5.63,-0.48,-6.12,98.8,104.8,-6.0,92.2,0.337,0.194,0.5,,0.486,14.9,30.7,0.214,,69.5,,MCI Center,645363.0,15741.0,82.0,7560.400000000001,102.93636572390832,102.92888744307092,-4.1363657239083125,1.8711125569290767,-6.00747828083739,,,,,
2004,2003-04,Regular Season,28.0,Chicago Bulls,26.8,23.0,59.0,23.0,59.0,-6.35,-0.33,-6.69,96.6,103.4,-6.8,92.2,0.272,0.186,0.486,,0.469,14.1,28.1,0.253,,71.4,,United Center,809177.0,19736.0,82.0,7560.400000000001,102.93636572390832,102.92888744307092,-6.336365723908315,0.4711125569290857,-6.807478280837401,,,,,
2004,2003-04,Regular Season,29.0,Orlando Magic,25.8,21.0,61.0,22.0,60.0,-7.02,-0.23,-7.25,102.7,110.4,-7.7,90.8,0.296,0.184,0.504,,0.502,12.7,28.1,0.214,,68.7,,TD Waterhouse Centre,589144.0,14369.0,82.0,7445.599999999999,102.93636572390832,102.92888744307092,-0.2363657239083068,7.471112556929086,-7.707478280837392,,,,,
2004,2003-04,Playoffs,1.0,Detroit Pistons,27.3,16.0,7.0,17.0,6.0,,,,99.3,92.0,7.3,86.1,0.359,0.182,0.493,,0.423,15.4,30.2,0.227,,74.6,,,,,23.0,1980.3,98.8315193400651,98.83633366440436,0.4684806599348974,-6.836333664404364,7.304814324339262,0.696,,,,
2004,2003-04,Playoffs,2.0,Indiana Pacers,26.7,10.0,6.0,11.0,5.0,,,,98.9,93.7,5.2,86.5,0.33,0.237,0.497,,0.422,15.6,25.5,0.27,,74.4,,,,,16.0,1384.0,98.8315193400651,98.83633366440436,0.0684806599349059,-5.136333664404361,5.204814324339267,0.625,,,,
2004,2003-04,Playoffs,3.0,San Antonio Spurs,26.8,6.0,4.0,6.0,4.0,,,,102.4,98.8,3.6,87.2,0.314,0.248,0.515,,0.482,15.3,30.1,0.256,,77.1,,,,,10.0,872.0,98.8315193400651,98.83633366440436,3.568480659934906,-0.036333664404367,3.604814324339273,0.6,,,,
2004,2003-04,Playoffs,4.0,New Jersey Nets,27.7,7.0,4.0,7.0,4.0,,,,96.4,93.7,2.7,88.9,0.416,0.225,0.512,,0.419,15.0,26.5,0.245,,72.0,,,,,11.0,977.9,98.8315193400651,98.83633366440436,-2.431519340065094,-5.136333664404361,2.7048143243392677,0.636,,,,
2004,2003-04,Playoffs,5.0,Dallas Mavericks,26.7,1.0,4.0,3.0,2.0,,,,103.4,102.0,1.4,96.3,0.245,0.18,0.466,,0.481,14.7,36.7,0.204,,71.6,,,,,5.0,481.5,98.8315193400651,98.83633366440436,4.568480659934906,3.163666335595636,1.40481432433927,0.2,,,,
2004,2003-04,Playoffs,6.0,Los Angeles Lakers,30.2,13.0,9.0,12.0,10.0,,,,100.8,99.8,1.0,86.6,0.375,0.207,0.508,,0.456,14.3,24.4,0.237,,72.2,,,,,22.0,1905.2,98.8315193400651,98.83633366440436,1.9684806599348972,0.963666335595633,1.0048143243392644,0.591,,,,
2004,2003-04,Playoffs,7.0,Miami Heat,25.9,6.0,7.0,7.0,6.0,,,,97.3,97.1,0.2,86.4,0.343,0.179,0.489,,0.445,15.8,27.2,0.257,,72.8,,,,,13.0,1123.2,98.8315193400651,98.83633366440436,-1.5315193400651026,-1.73633366440437,0.2048143243392672,0.462,,,,
2004,2003-04,Playoffs,8.0,Sacramento Kings,29.0,7.0,5.0,6.0,6.0,,,,101.0,100.9,0.1,93.4,0.299,0.202,0.507,,0.447,13.4,24.8,0.208,,69.3,,,,,12.0,1120.8000000000002,98.8315193400651,98.83633366440436,2.1684806599349,2.063666335595641,0.1048143243392587,0.583,,,,
2004,2003-04,Playoffs,9.0,Minnesota Timberwolves,30.0,10.0,8.0,9.0,9.0,,,,101.9,101.9,0.0,89.8,0.302,0.198,0.527,,0.463,12.1,24.2,0.211,,73.3,,,,,18.0,1616.4,98.8315193400651,98.83633366440436,3.068480659934906,3.063666335595641,0.0048143243392644,0.556,,,,
2004,2003-04,Playoffs,10.0,New Orleans Hornets,30.1,3.0,4.0,3.0,4.0,,,,92.5,95.9,-3.4,87.1,0.272,0.243,0.472,,0.431,14.9,28.5,0.249,,71.4,,,,,7.0,609.6999999999999,98.8315193400651,98.83633366440436,-6.3315193400651,-2.9363336644043585,-3.3951856756607413,0.429,,,,
2004,2003-04,Playoffs,11.0,Denver Nuggets,26.5,1.0,4.0,2.0,3.0,,,,99.2,103.6,-4.4,91.4,0.193,0.149,0.479,,0.503,15.9,31.7,0.253,,75.8,,,,,5.0,457.0,98.8315193400651,98.83633366440436,0.3684806599349031,4.76366633559563,-4.395185675660727,0.2,,,,
2004,2003-04,Playoffs,12.0,Houston Rockets,28.0,1.0,4.0,1.0,4.0,,,,94.5,100.5,-6.0,87.7,0.306,0.204,0.501,,0.458,10.2,24.0,0.226,,77.7,,,,,5.0,438.5,98.8315193400651,98.83633366440436,-4.3315193400651,1.6636663355956358,-5.995185675660736,0.2,,,,
2004,2003-04,Playoffs,13.0,New York Knicks,28.5,0.0,4.0,0.0,4.0,,,,90.4,104.1,-13.7,92.9,0.316,0.181,0.461,,0.505,18.1,26.3,0.333,,73.9,,,,,4.0,371.6,98.8315193400651,98.83633366440436,-8.431519340065094,5.26366633559563,-13.695185675660724,0.0,,,,
2004,2003-04,Playoffs,14.0,Milwaukee Bucks,27.5,1.0,4.0,1.0,4.0,,,,95.3,109.3,-14.0,89.9,0.278,0.185,0.49,,0.494,13.3,25.8,0.24,,68.3,,,,,5.0,449.5,98.8315193400651,98.83633366440436,-3.5315193400651026,10.463666335595631,-13.995185675660736,0.2,,,,
2004,2003-04,Playoffs,15.0,Memphis Grizzlies,26.0,0.0,4.0,0.0,4.0,,,,97.1,113.4,-16.3,86.0,0.324,0.176,0.504,,0.561,16.4,23.8,0.233,,68.5,,,,,4.0,344.0,98.8315193400651,98.83633366440436,-1.7315193400651054,14.56366633559564,-16.295185675660747,0.0,,,,
2004,2003-04,Playoffs,16.0,Boston Celtics,26.2,0.0,4.0,0.0,4.0,,,,92.1,110.4,-18.3,91.7,0.383,0.223,0.513,,0.501,11.9,23.1,0.195,,72.2,,,,,4.0,366.8,98.8315193400651,98.83633366440436,-6.731519340065105,11.56366633559564,-18.295185675660747,0.0,,,,
2005,2004-05,Regular Season,1.0,San Antonio Spurs*,28.5,59.0,23.0,63.0,19.0,7.8,0.03,7.84,107.5,98.8,8.7,88.9,0.329,0.216,0.534,,0.452,14.7,29.1,0.236,,73.6,,SBC Center,750970.0,18316.0,82.0,7289.8,106.08403475328102,106.08683554512794,1.415965246718983,-7.286835545127943,8.702800791846926,,,,,
2005,2004-05,Regular Season,2.0,Phoenix Suns*,25.2,62.0,20.0,59.0,23.0,7.12,-0.04,7.08,114.5,107.1,7.4,95.9,0.296,0.289,0.571,,0.478,12.0,27.5,0.176,,68.3,,America West Arena,726066.0,17709.0,82.0,7863.8,106.08403475328102,106.08683554512794,8.415965246718983,1.0131644548720544,7.402800791846928,,,,,
2005,2004-05,Regular Season,3.0,Miami Heat*,28.0,59.0,23.0,59.0,23.0,6.52,-0.76,5.77,110.2,103.1,7.1,90.8,0.387,0.198,0.559,,0.46,12.4,27.0,0.242,,74.1,,AmericanAirlines Arena,815143.0,19882.0,82.0,7445.599999999999,106.08403475328102,106.08683554512794,4.115965246718986,-2.9868355451279456,7.102800791846931,,,,,
2005,2004-05,Regular Season,4.0,Dallas Mavericks*,27.7,58.0,24.0,57.0,25.0,5.74,0.11,5.86,110.3,104.1,6.2,92.7,0.346,0.19,0.545,,0.472,14.3,28.6,0.239,,70.2,,American Airlines Center,822533.0,20062.0,82.0,7601.400000000001,106.08403475328102,106.08683554512794,4.21596524671898,-1.9868355451279456,6.202800791846926,,,,,
2005,2004-05,Regular Season,5.0,Houston Rockets*,29.7,51.0,31.0,53.0,29.0,4.04,0.23,4.27,106.2,101.7,4.5,88.8,0.309,0.237,0.534,,0.459,12.9,26.3,0.245,,74.5,,Toyota Center,663444.0,16182.0,82.0,7281.599999999999,106.08403475328102,106.08683554512794,0.1159652467189857,-4.386835545127937,4.502800791846923,,,,,
2005,2004-05,Regular Season,6.0,Detroit Pistons*,27.9,54.0,28.0,53.0,29.0,3.87,-0.55,3.31,105.6,101.2,4.4,87.2,0.335,0.164,0.519,,0.461,13.5,31.2,0.207,,73.0,,The Palace of Auburn Hills,905116.0,22076.0,82.0,7150.400000000001,106.08403475328102,106.08683554512794,-0.4840347532810227,-4.886835545127937,4.402800791846914,,,,,
2005,2004-05,Regular Season,7.0,Seattle SuperSonics*,26.0,52.0,30.0,48.0,34.0,2.29,0.3,2.59,112.2,109.6,2.6,87.9,0.328,0.281,0.546,,0.496,12.9,32.4,0.249,,71.3,,KeyArena at Seattle Center,675490.0,16475.0,82.0,7207.8,106.08403475328102,106.08683554512794,6.115965246718986,3.5131644548720544,2.602800791846932,,,,,
2005,2004-05,Regular Season,8.0,Memphis Grizzlies*,26.3,45.0,37.0,48.0,34.0,2.29,0.34,2.64,105.5,102.9,2.6,88.5,0.323,0.237,0.535,,0.466,15.4,27.1,0.27,,69.9,,FedEx Forum,691362.0,16862.0,82.0,7257.0,106.08403475328102,106.08683554512794,-0.5840347532810171,-3.186835545127934,2.602800791846917,,,,,
2005,2004-05,Regular Season,9.0,Sacramento Kings*,27.7,50.0,32.0,47.0,35.0,2.16,0.4,2.56,110.5,108.2,2.3,93.0,0.287,0.2,0.541,,0.493,13.3,28.8,0.214,,69.0,,ARCO Arena (II),709997.0,17317.0,82.0,7626.0,106.08403475328102,106.08683554512794,4.415965246718983,2.113164454872063,2.30280079184692,,,,,
2005,2004-05,Regular Season,10.0,Denver Nuggets*,26.7,49.0,33.0,47.0,35.0,2.02,0.2,2.23,106.0,103.9,2.1,93.5,0.35,0.142,0.535,,0.482,15.1,28.4,0.247,,71.7,,Pepsi Center,723949.0,17657.0,82.0,7667.0,106.08403475328102,106.08683554512794,-0.084034753281017,-2.186835545127934,2.102800791846917,,,,,
2005,2004-05,Regular Season,11.0,Minnesota Timberwolves,29.0,44.0,38.0,45.0,37.0,1.45,0.28,1.73,108.2,106.6,1.6,89.1,0.275,0.173,0.534,,0.472,11.2,28.6,0.208,,71.4,,Target Center,704438.0,17181.0,82.0,7306.2,106.08403475328102,106.08683554512794,2.115965246718986,0.5131644548720544,1.6028007918469314,,,,,
2005,2004-05,Regular Season,12.0,Chicago Bulls*,25.0,47.0,35.0,44.0,38.0,1.06,-0.41,0.65,101.4,100.3,1.1,92.4,0.311,0.217,0.517,,0.454,14.4,28.4,0.262,,72.6,,United Center,828384.0,20204.0,82.0,7576.8,106.08403475328102,106.08683554512794,-4.684034753281011,-5.786835545127943,1.1028007918469314,,,,,
2005,2004-05,Regular Season,13.0,Boston Celtics*,27.1,45.0,37.0,43.0,39.0,0.87,-0.52,0.35,107.5,106.6,0.9,93.3,0.357,0.192,0.551,,0.481,14.2,27.2,0.274,,70.1,,FleetCenter,656081.0,16002.0,82.0,7650.599999999999,106.08403475328102,106.08683554512794,1.415965246718983,0.5131644548720544,0.9028007918469284,,,,,
2005,2004-05,Regular Season,14.0,Cleveland Cavaliers,26.5,42.0,40.0,43.0,39.0,0.79,-0.52,0.27,106.6,105.7,0.9,89.7,0.325,0.135,0.518,,0.485,14.1,32.5,0.248,,71.5,,Gund Arena,784249.0,19128.0,82.0,7355.400000000001,106.08403475328102,106.08683554512794,0.5159652467189773,-0.386835545127937,0.9028007918469144,,,,,
2005,2004-05,Regular Season,15.0,Indiana Pacers*,28.3,44.0,38.0,43.0,39.0,0.76,-0.27,0.49,105.5,104.6,0.9,87.2,0.358,0.255,0.534,,0.472,13.6,26.4,0.261,,71.3,,Conseco Fieldhouse,696764.0,16994.0,82.0,7150.400000000001,106.08403475328102,106.08683554512794,-0.5840347532810171,-1.4868355451279456,0.9028007918469284,,,,,
2005,2004-05,Regular Season,16.0,Washington Wizards*,25.3,45.0,37.0,40.0,42.0,-0.33,-0.38,-0.71,107.2,107.5,-0.3,93.3,0.364,0.22,0.523,,0.498,14.6,31.1,0.23,,70.0,,MCI Center,705069.0,17197.0,82.0,7650.599999999999,106.08403475328102,106.08683554512794,1.1159652467189858,1.41316445487206,-0.2971992081530743,,,,,
2005,2004-05,Regular Season,17.0,Philadelphia 76ers*,26.4,43.0,39.0,39.0,43.0,-0.74,-0.33,-1.07,103.5,104.3,-0.8,94.9,0.326,0.216,0.528,,0.485,15.4,25.4,0.267,,72.7,,Wachovia Center,732686.0,17870.0,82.0,7781.8,106.08403475328102,106.08683554512794,-2.584034753281017,-1.7868355451279427,-0.7971992081530743,,,,,
2005,2004-05,Regular Season,18.0,Los Angeles Clippers,25.5,37.0,45.0,39.0,43.0,-0.77,0.3,-0.47,105.5,106.4,-0.9,89.1,0.357,0.105,0.533,,0.48,13.0,30.3,0.235,,71.3,,STAPLES Center,696181.0,16980.0,82.0,7306.2,106.08403475328102,106.08683554512794,-0.5840347532810171,0.3131644548720658,-0.8971992081530829,,,,,
2005,2004-05,Regular Season,19.0,New Jersey Nets*,27.8,42.0,40.0,36.0,46.0,-1.5,-0.32,-1.82,101.4,103.1,-1.7,89.1,0.318,0.187,0.512,,0.479,15.2,25.5,0.278,,73.2,,Continental Airlines Arena,618681.0,15090.0,82.0,7306.2,106.08403475328102,106.08683554512794,-4.684034753281011,-2.9868355451279456,-1.6971992081530658,,,,,
2005,2004-05,Regular Season,20.0,Toronto Raptors,27.0,33.0,49.0,36.0,46.0,-1.62,-0.19,-1.81,106.9,108.7,-1.8,92.7,0.316,0.253,0.539,,0.499,13.4,23.7,0.24,,71.1,,Air Canada Centre,703388.0,17156.0,82.0,7601.400000000001,106.08403475328102,106.08683554512794,0.8159652467189886,2.613164454872063,-1.7971992081530743,,,,,
2005,2004-05,Regular Season,21.0,Golden State Warriors,26.7,34.0,48.0,35.0,47.0,-2.16,0.42,-1.74,104.7,106.9,-2.2,93.3,0.278,0.252,0.512,,0.491,13.9,27.8,0.227,,69.7,,Oakland Arena,670368.0,16350.0,82.0,7650.599999999999,106.08403475328102,106.08683554512794,-1.3840347532810142,0.8131644548720658,-2.19719920815308,,,,,
2005,2004-05,Regular Season,22.0,Orlando Magic,26.5,36.0,46.0,35.0,47.0,-2.24,-0.27,-2.52,104.9,107.3,-2.4,94.7,0.35,0.137,0.529,,0.484,13.2,29.9,0.255,,71.3,,TD Waterhouse Centre,597942.0,14584.0,82.0,7765.400000000001,106.08403475328102,106.08683554512794,-1.1840347532810114,1.2131644548720573,-2.3971992081530686,,,,,
2005,2004-05,Regular Season,23.0,New York Knicks,27.3,33.0,49.0,34.0,48.0,-2.44,-0.28,-2.72,106.2,108.9,-2.7,90.7,0.312,0.188,0.531,,0.501,13.8,28.3,0.265,,71.2,,Madison Square Garden (IV),800144.0,19516.0,82.0,7437.400000000001,106.08403475328102,106.08683554512794,0.1159652467189857,2.813164454872066,-2.69719920815308,,,,,
2005,2004-05,Regular Season,24.0,Milwaukee Bucks,26.9,30.0,52.0,32.0,50.0,-2.99,-0.1,-3.09,106.6,109.8,-3.2,90.8,0.339,0.141,0.527,,0.499,12.4,29.0,0.233,,72.0,,Bradley Center,637009.0,15537.0,82.0,7445.599999999999,106.08403475328102,106.08683554512794,0.5159652467189773,3.713164454872057,-3.19719920815308,,,,,
2005,2004-05,Regular Season,25.0,Los Angeles Lakers,26.0,34.0,48.0,33.0,49.0,-2.96,0.64,-2.32,108.1,111.4,-3.3,90.8,0.322,0.273,0.535,,0.493,11.0,29.5,0.218,,71.1,,STAPLES Center,770494.0,18793.0,82.0,7445.599999999999,106.08403475328102,106.08683554512794,2.0159652467189773,5.313164454872066,-3.2971992081530885,,,,,
2005,2004-05,Regular Season,26.0,Portland Trail Blazers,27.0,27.0,55.0,29.0,53.0,-4.0,0.55,-3.45,103.2,107.7,-4.5,89.8,0.303,0.181,0.524,,0.479,12.6,29.6,0.204,,67.7,,Rose Garden Arena,680374.0,16594.0,82.0,7363.599999999999,106.08403475328102,106.08683554512794,-2.884034753281014,1.613164454872063,-4.497199208153077,,,,,
2005,2004-05,Regular Season,27.0,Utah Jazz,25.7,26.0,56.0,29.0,53.0,-4.27,0.53,-3.74,104.7,109.5,-4.8,88.4,0.361,0.121,0.522,,0.499,14.2,31.9,0.34,,72.3,,Delta Center,769014.0,18756.0,82.0,7248.8,106.08403475328102,106.08683554512794,-1.3840347532810142,3.41316445487206,-4.797199208153074,,,,,
2005,2004-05,Regular Season,28.0,Charlotte Bobcats,24.9,18.0,64.0,24.0,58.0,-5.99,-0.16,-6.15,101.1,107.5,-6.4,92.3,0.306,0.128,0.497,,0.497,14.7,29.5,0.269,,70.9,,Charlotte Coliseum,591701.0,14432.0,82.0,7568.599999999999,106.08403475328102,106.08683554512794,-4.984034753281023,1.41316445487206,-6.397199208153083,,,,,
2005,2004-05,Regular Season,29.0,New Orleans Hornets,27.5,18.0,64.0,21.0,61.0,-7.07,0.78,-6.3,99.7,107.7,-8.0,87.6,0.279,0.201,0.493,,0.491,13.9,29.1,0.261,,70.7,,New Orleans Arena,583070.0,14221.0,82.0,7183.2,106.08403475328102,106.08683554512794,-6.384034753281014,1.613164454872063,-7.997199208153077,,,,,
2005,2004-05,Regular Season,30.0,Atlanta Hawks,26.0,13.0,69.0,16.0,66.0,-9.71,0.09,-9.62,100.6,111.1,-10.5,91.4,0.299,0.146,0.504,,0.513,14.0,30.7,0.289,,72.1,,Philips Arena,586390.0,14302.0,82.0,7494.8,106.08403475328102,106.08683554512794,-5.484034753281023,5.013164454872054,-10.497199208153075,,,,,
2005,2004-05,Playoffs,1.0,Detroit Pistons,28.1,15.0,10.0,17.0,8.0,,,,105.0,99.5,5.5,85.3,0.286,0.176,0.508,,0.47,14.5,29.8,0.219,,74.8,,,,,25.0,2132.5,107.77700386512062,107.76998067439692,-2.7770038651206197,-8.269980674396919,5.4929768092763,0.6,,,,
2005,2004-05,Playoffs,2.0,San Antonio Spurs,28.6,16.0,7.0,15.0,8.0,,,,110.0,105.1,4.9,87.3,0.367,0.24,0.546,,0.471,12.1,31.1,0.218,,71.4,,,,,23.0,2007.9,107.77700386512062,107.76998067439692,2.2229961348793807,-2.6699806743969248,4.8929768092763055,0.696,,,,
2005,2004-05,Playoffs,3.0,Miami Heat,28.2,11.0,4.0,10.0,5.0,,,,107.2,102.5,4.7,90.2,0.409,0.211,0.568,,0.449,11.2,22.5,0.241,,73.1,,,,,15.0,1353.0,107.77700386512062,107.76998067439692,-0.5770038651206164,-5.269980674396919,4.692976809276303,0.733,,,,
2005,2004-05,Playoffs,4.0,Phoenix Suns,26.2,9.0,6.0,9.0,6.0,,,,118.2,113.8,4.4,94.1,0.304,0.233,0.582,,0.508,11.0,29.2,0.19,,68.4,,,,,15.0,1411.5,107.77700386512062,107.76998067439692,10.422996134879384,6.030019325603078,4.3929768092763055,0.6,,,,
2005,2004-05,Playoffs,5.0,Boston Celtics,26.7,3.0,4.0,3.0,4.0,,,,100.6,101.3,-0.7,85.9,0.306,0.2,0.52,,0.444,15.6,26.2,0.359,,73.6,,,,,7.0,601.3000000000001,107.77700386512062,107.76998067439692,-7.177003865120625,-6.469980674396922,-0.707023190723703,0.429,,,,
2005,2004-05,Playoffs,6.0,Dallas Mavericks,27.7,6.0,7.0,6.0,7.0,,,,113.3,115.0,-1.7,92.1,0.338,0.207,0.544,,0.525,13.0,32.5,0.251,,70.1,,,,,13.0,1197.3,107.77700386512062,107.76998067439692,5.522996134879378,7.230019325603081,-1.707023190723703,0.462,,,,
2005,2004-05,Playoffs,7.0,Chicago Bulls,26.4,2.0,4.0,3.0,3.0,,,,106.3,108.2,-1.9,96.4,0.368,0.274,0.521,,0.472,12.6,30.0,0.321,,70.3,,,,,6.0,578.4000000000001,107.77700386512062,107.76998067439692,-1.477003865120622,0.4300193256030837,-1.9070231907237056,0.333,,,,
2005,2004-05,Playoffs,8.0,Seattle SuperSonics,26.3,6.0,5.0,5.0,6.0,,,,111.1,113.0,-1.9,88.7,0.369,0.203,0.547,,0.493,12.6,33.3,0.286,,69.2,,,,,11.0,975.7,107.77700386512062,107.76998067439692,3.322996134879375,5.230019325603081,-1.9070231907237056,0.545,,,,
2005,2004-05,Playoffs,9.0,Washington Wizards,25.5,4.0,6.0,4.0,6.0,,,,105.6,108.2,-2.6,95.1,0.409,0.228,0.515,,0.505,14.6,28.9,0.26,,70.5,,,,,10.0,951.0,107.77700386512062,107.76998067439692,-2.177003865120625,0.4300193256030837,-2.6070231907237087,0.4,,,,
2005,2004-05,Playoffs,10.0,Houston Rockets,29.8,3.0,4.0,3.0,4.0,,,,111.7,114.9,-3.2,87.3,0.344,0.236,0.564,,0.498,12.9,27.8,0.316,,66.8,,,,,7.0,611.1,107.77700386512062,107.76998067439692,3.922996134879384,7.130019325603087,-3.207023190723703,0.429,,,,
2005,2004-05,Playoffs,11.0,Indiana Pacers,29.2,6.0,7.0,5.0,8.0,,,,97.7,101.1,-3.4,85.3,0.361,0.243,0.496,,0.463,14.4,26.4,0.235,,71.6,,,,,13.0,1108.9,107.77700386512062,107.76998067439692,-10.077003865120616,-6.669980674396925,-3.407023190723692,0.462,,,,
2005,2004-05,Playoffs,12.0,Sacramento Kings,27.6,1.0,4.0,2.0,3.0,,,,113.0,117.9,-4.9,90.4,0.285,0.241,0.527,,0.508,12.9,30.4,0.338,,63.9,,,,,5.0,452.0,107.77700386512062,107.76998067439692,5.222996134879381,10.130019325603088,-4.907023190723706,0.2,,,,
2005,2004-05,Playoffs,13.0,Philadelphia 76ers,26.5,1.0,4.0,1.0,4.0,,,,101.2,110.1,-8.9,87.9,0.256,0.244,0.513,,0.512,15.7,23.1,0.26,,69.6,,,,,5.0,439.5,107.77700386512062,107.76998067439692,-6.577003865120616,2.3300193256030752,-8.907023190723692,0.2,,,,
2005,2004-05,Playoffs,14.0,Denver Nuggets,26.5,1.0,4.0,1.0,4.0,,,,97.4,108.5,-11.1,90.7,0.387,0.107,0.49,,0.487,13.4,23.1,0.316,,73.4,,,,,5.0,453.5,107.77700386512062,107.76998067439692,-10.377003865120614,0.7300193256030809,-11.107023190723694,0.2,,,,
2005,2004-05,Playoffs,15.0,Memphis Grizzlies,26.2,0.0,4.0,1.0,3.0,,,,112.0,124.0,-12.0,91.7,0.194,0.225,0.539,,0.57,10.6,26.6,0.301,,72.5,,,,,4.0,366.8,107.77700386512062,107.76998067439692,4.222996134879381,16.23001932560308,-12.0070231907237,0.0,,,,
2005,2004-05,Playoffs,16.0,New Jersey Nets,27.5,0.0,4.0,1.0,3.0,,,,100.6,113.9,-13.3,91.4,0.369,0.254,0.491,,0.57,14.7,26.5,0.316,,77.3,,,,,4.0,365.6,107.77700386512062,107.76998067439692,-7.177003865120625,6.130019325603087,-13.307023190723712,0.0,,,,
2006,2005-06,Regular Season,1.0,San Antonio Spurs*,29.8,63.0,19.0,61.0,21.0,6.82,-0.13,6.69,107.3,99.6,7.7,88.5,0.298,0.215,0.546,,0.457,13.5,26.0,0.22,,74.2,,SBC Center,770677.0,18797.0,82.0,7257.0,106.22435656688388,106.21676424021504,1.075643433116113,-6.616764240215048,7.692407673331161,,,,,
2006,2005-06,Regular Season,2.0,Detroit Pistons*,28.5,64.0,18.0,60.0,22.0,6.67,-0.44,6.24,110.8,103.1,7.7,86.8,0.297,0.221,0.535,,0.477,13.7,28.9,0.191,,71.2,,The Palace of Auburn Hills,905116.0,22076.0,82.0,7117.599999999999,106.22435656688388,106.21676424021504,4.575643433116113,-3.116764240215048,7.692407673331161,,,,,
2006,2005-06,Regular Season,3.0,Dallas Mavericks*,27.5,60.0,22.0,58.0,24.0,6.07,-0.11,5.96,111.8,105.0,6.8,87.8,0.364,0.175,0.55,,0.475,13.7,31.8,0.257,,72.2,,American Airlines Center,824693.0,20114.0,82.0,7199.599999999999,106.22435656688388,106.21676424021504,5.575643433116113,-1.216764240215042,6.792407673331155,,,,,
2006,2005-06,Regular Season,4.0,Phoenix Suns*,27.5,54.0,28.0,55.0,27.0,5.55,-0.07,5.48,111.5,105.8,5.7,95.8,0.206,0.293,0.568,,0.49,13.2,22.1,0.2,,72.1,,America West Arena,730179.0,17809.0,82.0,7855.599999999999,106.22435656688388,106.21676424021504,5.275643433116116,-0.4167642402150449,5.692407673331161,,,,,
2006,2005-06,Regular Season,5.0,Memphis Grizzlies*,28.1,49.0,33.0,52.0,30.0,3.7,0.05,3.74,105.9,101.6,4.3,86.3,0.339,0.258,0.537,,0.469,14.7,25.8,0.237,,72.0,,FedEx Forum,647533.0,15793.0,82.0,7076.599999999999,106.22435656688388,106.21676424021504,-0.3243565668838783,-4.616764240215048,4.292407673331169,,,,,
2006,2005-06,Regular Season,6.0,Miami Heat*,29.2,52.0,30.0,52.0,30.0,3.87,-0.27,3.59,108.7,104.5,4.2,91.6,0.363,0.227,0.556,,0.477,12.4,26.7,0.251,,76.4,,AmericanAirlines Arena,818149.0,19955.0,82.0,7511.2,106.22435656688388,106.21676424021504,2.475643433116119,-1.716764240215042,4.192407673331161,,,,,
2006,2005-06,Regular Season,7.0,Los Angeles Lakers*,25.1,45.0,37.0,48.0,34.0,2.5,0.03,2.53,108.4,105.7,2.7,90.9,0.329,0.24,0.539,,0.486,13.4,28.8,0.242,,73.6,,STAPLES Center,774189.0,18883.0,82.0,7453.8,106.22435656688388,106.21676424021504,2.1756434331161216,-0.5167642402150392,2.692407673331161,,,,,
2006,2005-06,Regular Season,8.0,Cleveland Cavaliers*,27.1,50.0,32.0,48.0,34.0,2.23,-0.06,2.17,107.8,105.4,2.4,89.8,0.362,0.228,0.538,,0.49,12.8,28.4,0.226,,75.7,,Gund Arena,792391.0,19327.0,82.0,7363.599999999999,106.22435656688388,106.21676424021504,1.575643433116113,-0.8167642402150364,2.392407673331149,,,,,
2006,2005-06,Regular Season,9.0,Indiana Pacers*,27.3,41.0,41.0,47.0,35.0,1.89,-0.27,1.62,104.5,102.4,2.1,89.7,0.344,0.245,0.533,,0.464,13.0,27.1,0.232,,72.6,,Conseco Fieldhouse,663368.0,16180.0,82.0,7355.400000000001,106.22435656688388,106.21676424021504,-1.724356566883884,-3.816764240215037,2.0924076733311523,,,,,
2006,2005-06,Regular Season,10.0,Washington Wizards*,26.5,42.0,40.0,46.0,36.0,1.85,-0.29,1.57,109.3,107.3,2.0,92.3,0.375,0.209,0.538,,0.504,15.1,29.5,0.256,,70.9,,MCI Center,705062.0,17197.0,82.0,7568.599999999999,106.22435656688388,106.21676424021504,3.075643433116113,1.0832357597849551,1.992407673331158,,,,,
2006,2005-06,Regular Season,11.0,Sacramento Kings*,27.2,44.0,38.0,45.0,37.0,1.54,0.07,1.61,106.7,105.0,1.7,91.9,0.334,0.217,0.544,,0.488,13.7,25.4,0.21,,72.2,,ARCO Arena (II),709997.0,17317.0,82.0,7535.8,106.22435656688388,106.21676424021504,0.4756434331161188,-1.216764240215042,1.6924076733311608,,,,,
2006,2005-06,Regular Season,12.0,Los Angeles Clippers*,26.8,47.0,35.0,46.0,36.0,1.57,0.18,1.75,105.3,103.6,1.7,91.7,0.332,0.131,0.54,,0.471,12.2,25.4,0.24,,75.9,,STAPLES Center,712409.0,17376.0,82.0,7519.400000000001,106.22435656688388,106.21676424021504,-0.9243565668838868,-2.616764240215048,1.6924076733311608,,,,,
2006,2005-06,Regular Season,13.0,New Jersey Nets*,28.6,49.0,33.0,45.0,37.0,1.37,-0.26,1.11,103.9,102.4,1.5,89.8,0.346,0.229,0.528,,0.476,14.0,24.0,0.266,,76.3,,Continental Airlines Arena,691543.0,16867.0,82.0,7363.599999999999,106.22435656688388,106.21676424021504,-2.3243565668838784,-3.816764240215037,1.492407673331158,,,,,
2006,2005-06,Regular Season,14.0,Chicago Bulls*,24.1,41.0,41.0,43.0,39.0,0.63,-0.12,0.51,104.0,103.4,0.6,92.9,0.292,0.219,0.527,,0.464,13.9,26.3,0.295,,74.7,,United Center,868720.0,21188.0,82.0,7617.8,106.22435656688388,106.21676424021504,-2.224356566883884,-2.8167642402150364,0.5924076733311523,,,,,
2006,2005-06,Regular Season,15.0,Denver Nuggets*,27.4,44.0,38.0,42.0,40.0,0.23,0.13,0.36,105.5,105.2,0.3,93.9,0.347,0.161,0.535,,0.493,14.7,26.8,0.227,,72.0,,Pepsi Center,702555.0,17135.0,82.0,7699.8,106.22435656688388,106.21676424021504,-0.7243565668838841,-1.0167642402150392,0.2924076733311551,,,,,
2006,2005-06,Regular Season,16.0,Milwaukee Bucks*,25.5,40.0,42.0,38.0,44.0,-1.04,-0.04,-1.07,106.3,107.4,-1.1,91.2,0.322,0.203,0.535,,0.504,13.8,27.3,0.262,,74.6,,Bradley Center,681337.0,16618.0,82.0,7478.400000000001,106.22435656688388,106.21676424021504,0.0756434331161131,1.1832357597849636,-1.1075923266688503,,,,,
2006,2005-06,Regular Season,17.0,Orlando Magic,25.5,36.0,46.0,38.0,44.0,-1.07,-0.18,-1.26,106.3,107.5,-1.2,88.3,0.369,0.129,0.543,,0.49,13.0,28.5,0.264,,72.5,,TD Waterhouse Centre,638005.0,15561.0,82.0,7240.599999999999,106.22435656688388,106.21676424021504,0.0756434331161131,1.283235759784958,-1.2075923266688449,,,,,
2006,2005-06,Regular Season,18.0,Golden State Warriors,25.6,34.0,48.0,37.0,45.0,-1.35,0.25,-1.11,104.8,106.2,-1.4,93.3,0.323,0.27,0.521,,0.492,14.1,26.9,0.243,,71.6,,Oakland Arena,749185.0,18273.0,82.0,7650.599999999999,106.22435656688388,106.21676424021504,-1.424356566883887,-0.0167642402150391,-1.4075923266688477,,,,,
2006,2005-06,Regular Season,19.0,Houston Rockets,28.8,34.0,48.0,36.0,46.0,-1.59,0.28,-1.3,101.6,103.3,-1.7,88.0,0.317,0.226,0.519,,0.472,13.1,25.5,0.247,,74.6,,Toyota Center,636110.0,15515.0,82.0,7216.0,106.22435656688388,106.21676424021504,-4.62435656688389,-2.916764240215045,-1.7075923266688449,,,,,
2006,2005-06,Regular Season,20.0,Boston Celtics,25.3,33.0,49.0,37.0,45.0,-1.54,-0.05,-1.59,105.2,106.9,-1.7,92.2,0.349,0.204,0.551,,0.49,13.8,25.5,0.282,,72.8,,TD Banknorth Garden,692873.0,16899.0,82.0,7560.400000000001,106.22435656688388,106.21676424021504,-1.0243565668838812,0.6832357597849636,-1.7075923266688449,,,,,
2006,2005-06,Regular Season,21.0,Minnesota Timberwolves,26.7,33.0,49.0,35.0,47.0,-1.88,0.13,-1.75,102.4,104.5,-2.1,88.8,0.299,0.149,0.524,,0.475,13.4,25.2,0.236,,71.3,,Target Center,662167.0,16150.0,82.0,7281.599999999999,106.22435656688388,106.21676424021504,-3.8243565668838784,-1.716764240215042,-2.1075923266688363,,,,,
2006,2005-06,Regular Season,22.0,Philadelphia 76ers,26.5,38.0,44.0,35.0,47.0,-1.95,-0.15,-2.1,106.0,108.1,-2.1,92.7,0.356,0.158,0.538,,0.5,14.3,25.6,0.24,,71.3,,Wachovia Center,677278.0,16519.0,82.0,7601.400000000001,106.22435656688388,106.21676424021504,-0.224356566883884,1.8832357597849525,-2.1075923266688363,,,,,
2006,2005-06,Regular Season,23.0,Utah Jazz,25.6,41.0,41.0,33.0,49.0,-2.63,0.14,-2.49,104.1,107.0,-2.9,87.8,0.397,0.149,0.519,,0.49,14.0,32.4,0.303,,73.2,,Delta Center,751621.0,18332.0,82.0,7199.599999999999,106.22435656688388,106.21676424021504,-2.1243565668838897,0.783235759784958,-2.907592326668848,,,,,
2006,2005-06,Regular Season,24.0,New Orleans/Oklahoma City Hornets,26.3,38.0,44.0,33.0,49.0,-2.82,0.31,-2.51,103.7,106.8,-3.1,89.0,0.339,0.138,0.515,,0.502,14.3,26.9,0.243,,73.4,,Ford Center,744920.0,18717.0,82.0,7298.0,106.22435656688388,106.21676424021504,-2.524356566883881,0.5832357597849551,-3.1075923266688363,,,,,
2006,2005-06,Regular Season,25.0,Toronto Raptors,25.9,27.0,55.0,33.0,49.0,-2.99,-0.04,-3.03,109.5,112.7,-3.2,91.1,0.315,0.244,0.548,,0.53,13.5,25.4,0.263,,73.3,,Air Canada Centre,699332.0,17057.0,82.0,7470.2,106.22435656688388,106.21676424021504,3.275643433116116,6.483235759784961,-3.207592326668845,,,,,
2006,2005-06,Regular Season,26.0,Seattle SuperSonics,25.6,35.0,47.0,33.0,49.0,-3.02,0.15,-2.88,111.1,114.4,-3.3,91.6,0.314,0.243,0.551,,0.527,13.6,30.4,0.26,,69.0,,KeyArena at Seattle Center,664157.0,16199.0,82.0,7511.2,106.22435656688388,106.21676424021504,4.87564343311611,8.183235759784964,-3.3075923266688534,,,,,
2006,2005-06,Regular Season,27.0,Charlotte Bobcats,25.2,26.0,56.0,30.0,52.0,-4.0,0.1,-3.9,102.5,106.7,-4.2,93.4,0.319,0.184,0.509,,0.514,16.5,27.1,0.263,,70.7,,Charlotte Bobcats Arena,671011.0,16366.0,82.0,7658.8,106.22435656688388,106.21676424021504,-3.724356566883884,0.4832357597849608,-4.207592326668845,,,,,
2006,2005-06,Regular Season,28.0,Atlanta Hawks,22.7,26.0,56.0,28.0,54.0,-4.76,0.07,-4.69,106.4,111.6,-5.2,90.4,0.34,0.178,0.534,,0.513,14.1,31.4,0.275,,69.5,,Philips Arena,617817.0,15069.0,82.0,7412.8,106.22435656688388,106.21676424021504,0.1756434331161216,5.383235759784952,-5.207592326668831,,,,,
2006,2005-06,Regular Season,29.0,New York Knicks,25.6,23.0,59.0,24.0,58.0,-6.4,0.11,-6.3,104.0,111.0,-7.0,90.8,0.417,0.142,0.534,,0.511,13.4,31.2,0.294,,72.8,,Madison Square Garden (IV),776176.0,18931.0,82.0,7445.599999999999,106.22435656688388,106.21676424021504,-2.224356566883884,4.783235759784958,-7.007592326668842,,,,,
2006,2005-06,Regular Season,30.0,Portland Trail Blazers,24.6,21.0,61.0,16.0,66.0,-9.45,0.54,-8.91,101.1,111.9,-10.8,87.6,0.31,0.166,0.511,,0.507,12.6,26.6,0.231,,68.2,,Rose Garden Arena,617019.0,15049.0,82.0,7183.2,106.22435656688388,106.21676424021504,-5.12435656688389,5.683235759784964,-10.807592326668852,,,,,
2006,2005-06,Playoffs,1.0,Dallas Mavericks,27.2,14.0,9.0,15.0,8.0,,,,110.2,105.7,4.5,88.9,0.35,0.188,0.54,,0.506,14.2,29.2,0.28,,77.7,,,,,23.0,2044.7,108.21181068636898,108.24296719008836,1.9881893136310251,-2.542967190088348,4.531156503719373,0.609,,,,
2006,2005-06,Playoffs,2.0,Miami Heat,29.4,16.0,7.0,15.0,8.0,,,,106.2,102.0,4.2,90.3,0.427,0.264,0.559,,0.47,13.8,24.6,0.265,,76.6,,,,,23.0,2076.9,108.21181068636898,108.24296719008836,-2.011810686368974,-6.242967190088351,4.231156503719376,0.696,,,,
2006,2005-06,Playoffs,3.0,Los Angeles Clippers,26.8,7.0,5.0,7.0,5.0,,,,111.6,107.7,3.9,93.1,0.331,0.148,0.571,,0.479,10.2,28.6,0.216,,75.9,,,,,12.0,1117.1999999999998,108.21181068636898,108.24296719008836,3.388189313631017,-0.5429671900883477,3.931156503719365,0.583,,,,
2006,2005-06,Playoffs,4.0,Detroit Pistons,29.1,10.0,8.0,11.0,7.0,,,,107.9,104.2,3.7,84.9,0.382,0.249,0.528,,0.494,14.7,27.9,0.225,,72.6,,,,,18.0,1528.2,108.21181068636898,108.24296719008836,-0.3118106863689718,-4.042967190088348,3.731156503719376,0.556,,,,
2006,2005-06,Playoffs,5.0,San Antonio Spurs,30.0,7.0,6.0,7.0,6.0,,,,114.0,111.6,2.4,88.3,0.42,0.207,0.587,,0.486,12.0,22.6,0.312,,71.1,,,,,13.0,1147.9,108.21181068636898,108.24296719008836,5.788189313631023,3.357032809911644,2.4311565037193787,0.538,,,,
2006,2005-06,Playoffs,6.0,Phoenix Suns,26.8,10.0,10.0,11.0,9.0,,,,113.7,112.5,1.2,92.3,0.259,0.283,0.579,,0.507,12.4,19.0,0.237,,69.7,,,,,20.0,1846.0,108.21181068636898,108.24296719008836,5.488189313631025,4.2570328099116495,1.231156503719376,0.5,,,,
2006,2005-06,Playoffs,7.0,Washington Wizards,26.4,2.0,4.0,3.0,3.0,,,,109.4,109.2,0.2,89.8,0.424,0.244,0.545,,0.489,14.1,26.7,0.268,,68.3,,,,,6.0,538.8,108.21181068636898,108.24296719008836,1.1881893136310282,0.9570328099116524,0.2311565037193759,0.333,,,,
2006,2005-06,Playoffs,8.0,New Jersey Nets,28.7,5.0,6.0,5.0,6.0,,,,106.5,107.6,-1.1,88.4,0.351,0.23,0.538,,0.517,15.0,24.9,0.313,,77.6,,,,,11.0,972.4,108.21181068636898,108.24296719008836,-1.7118106863689777,-0.6429671900883562,-1.0688434962806213,0.455,,,,
2006,2005-06,Playoffs,9.0,Chicago Bulls,23.9,2.0,4.0,2.0,4.0,,,,104.2,107.4,-3.2,94.4,0.397,0.26,0.548,,0.514,14.7,21.6,0.261,,73.2,,,,,6.0,566.4000000000001,108.21181068636898,108.24296719008836,-4.011810686368975,-0.8429671900883449,-3.16884349628063,0.333,,,,
2006,2005-06,Playoffs,10.0,Cleveland Cavaliers,26.8,7.0,6.0,5.0,8.0,,,,103.7,107.4,-3.7,85.8,0.322,0.172,0.515,,0.48,12.6,30.7,0.284,,72.1,,,,,13.0,1115.4,108.21181068636898,108.24296719008836,-4.511810686368975,-0.8429671900883449,-3.66884349628063,0.538,,,,
2006,2005-06,Playoffs,11.0,Indiana Pacers,27.5,2.0,4.0,2.0,4.0,,,,103.2,107.5,-4.3,86.5,0.386,0.277,0.543,,0.479,12.0,23.1,0.279,,73.4,,,,,6.0,519.0,108.21181068636898,108.24296719008836,-5.011810686368975,-0.7429671900883505,-4.268843496280624,0.333,,,,
2006,2005-06,Playoffs,12.0,Los Angeles Lakers,25.2,3.0,4.0,2.0,5.0,,,,106.5,113.6,-7.1,91.7,0.284,0.258,0.538,,0.543,11.5,26.8,0.251,,84.7,,,,,7.0,641.9,108.21181068636898,108.24296719008836,-1.7118106863689777,5.357032809911644,-7.068843496280621,0.429,,,,
2006,2005-06,Playoffs,13.0,Denver Nuggets,27.6,1.0,4.0,1.0,4.0,,,,95.0,103.2,-8.2,92.0,0.308,0.159,0.449,,0.493,16.8,29.2,0.297,,76.8,,,,,5.0,460.0,108.21181068636898,108.24296719008836,-13.211810686368976,-5.042967190088348,-8.16884349628063,0.2,,,,
2006,2005-06,Playoffs,14.0,Sacramento Kings,27.0,2.0,4.0,1.0,5.0,,,,108.8,119.5,-10.7,87.9,0.369,0.2,0.536,,0.566,13.3,29.0,0.296,,75.0,,,,,6.0,527.4000000000001,108.21181068636898,108.24296719008836,0.5881893136310197,11.25703280991165,-10.66884349628063,0.333,,,,
2006,2005-06,Playoffs,15.0,Milwaukee Bucks,25.5,1.0,4.0,1.0,4.0,,,,110.2,121.1,-10.9,88.5,0.267,0.155,0.545,,0.544,10.5,26.6,0.338,,70.6,,,,,5.0,442.5,108.21181068636898,108.24296719008836,1.9881893136310251,12.857032809911644,-10.868843496280618,0.2,,,,
2006,2005-06,Playoffs,16.0,Memphis Grizzlies,28.2,0.0,4.0,0.0,4.0,,,,99.0,115.5,-16.5,82.9,0.425,0.18,0.534,,0.487,12.5,22.0,0.306,,65.4,,,,,4.0,331.6,108.21181068636898,108.24296719008836,-9.211810686368976,7.2570328099116495,-16.468843496280627,0.0,,,,
2007,2006-07,Regular Season,1.0,San Antonio Spurs*,30.4,58.0,24.0,64.0,18.0,8.43,-0.08,8.35,109.2,99.9,9.3,89.8,0.313,0.247,0.561,,0.471,14.0,24.2,0.201,,75.7,,AT&T Center,764823.0,18654.0,82.0,7363.599999999999,106.45695532346969,106.4521540469974,2.743044676530332,-6.552154046997387,9.29519872352772,,,,,
2007,2006-07,Regular Season,2.0,Dallas Mavericks*,28.1,67.0,15.0,61.0,21.0,7.22,0.06,7.28,111.3,103.2,8.1,89.5,0.317,0.218,0.559,,0.477,14.2,28.7,0.265,,75.0,,American Airlines Center,834411.0,20351.0,82.0,7339.0,106.45695532346969,106.4521540469974,4.843044676530326,-3.25215404699739,8.095198723527716,,,,,
2007,2006-07,Regular Season,3.0,Phoenix Suns*,27.6,61.0,21.0,59.0,23.0,7.3,-0.03,7.28,113.9,106.4,7.5,95.6,0.267,0.287,0.59,,0.492,13.6,22.7,0.206,,71.9,,US Airways Center,755302.0,18422.0,82.0,7839.2,106.45695532346969,106.4521540469974,7.443044676530334,-0.0521540469973871,7.4951987235277215,,,,,
2007,2006-07,Regular Season,4.0,Chicago Bulls*,26.0,49.0,33.0,55.0,27.0,5.01,-0.49,4.52,104.9,99.6,5.3,93.6,0.313,0.186,0.534,,0.473,16.2,28.6,0.252,,74.3,,United Center,912364.0,22253.0,82.0,7675.2,106.45695532346969,106.4521540469974,-1.5569553234696656,-6.852154046997399,5.295198723527733,,,,,
2007,2006-07,Regular Season,5.0,Houston Rockets*,28.2,52.0,30.0,55.0,27.0,4.85,0.19,5.04,106.0,100.7,5.3,90.7,0.292,0.29,0.54,,0.466,13.6,25.7,0.23,,77.0,,Toyota Center,678362.0,16545.0,82.0,7437.400000000001,106.45695532346969,106.4521540469974,-0.4569553234696712,-5.75215404699739,5.295198723527719,,,,,
2007,2006-07,Regular Season,6.0,Detroit Pistons*,29.0,53.0,29.0,53.0,29.0,4.16,-0.47,3.69,108.9,104.2,4.7,87.3,0.307,0.201,0.535,,0.477,14.3,28.3,0.234,,70.9,,The Palace of Auburn Hills,905116.0,22076.0,82.0,7158.599999999999,106.45695532346969,106.4521540469974,2.4430446765303344,-2.25215404699739,4.695198723527724,,,,,
2007,2006-07,Regular Season,7.0,Cleveland Cavaliers*,26.9,50.0,32.0,52.0,30.0,3.83,-0.5,3.33,105.5,101.3,4.2,90.8,0.32,0.211,0.522,,0.48,14.7,29.7,0.243,,75.8,,Quicken Loans Arena,837883.0,20436.0,82.0,7445.599999999999,106.45695532346969,106.4521540469974,-0.9569553234696712,-5.152154046997396,4.195198723527724,,,,,
2007,2006-07,Regular Season,8.0,Utah Jazz*,25.9,51.0,31.0,49.0,33.0,2.87,0.2,3.06,110.1,107.0,3.1,91.6,0.38,0.163,0.551,,0.496,14.4,31.7,0.314,,75.1,,EnergySolutions Arena,802214.0,19566.0,82.0,7511.2,106.45695532346969,106.4521540469974,3.643044676530323,0.5478459530026072,3.095198723527716,,,,,
2007,2006-07,Regular Season,9.0,Denver Nuggets*,26.5,45.0,37.0,45.0,37.0,1.62,0.07,1.69,107.6,105.9,1.7,97.4,0.36,0.212,0.548,,0.499,14.5,28.9,0.203,,71.8,,Pepsi Center,706437.0,17230.0,82.0,7986.8,106.45695532346969,106.4521540469974,1.143044676530323,-0.5521540469973871,1.6951987235277102,,,,,
2007,2006-07,Regular Season,10.0,Toronto Raptors*,26.0,47.0,35.0,44.0,38.0,0.99,-0.38,0.61,107.0,106.0,1.0,92.6,0.303,0.224,0.55,,0.503,14.3,22.2,0.219,,74.5,,Air Canada Centre,748603.0,18259.0,82.0,7593.2,106.45695532346969,106.4521540469974,0.5430446765303287,-0.4521540469973928,0.9951987235277217,,,,,
2007,2006-07,Regular Season,11.0,Orlando Magic*,25.6,40.0,42.0,43.0,39.0,0.78,-0.43,0.35,104.9,104.1,0.8,89.9,0.393,0.158,0.544,,0.48,14.6,29.3,0.286,,73.7,,Amway Arena,700887.0,17095.0,82.0,7371.8,106.45695532346969,106.4521540469974,-1.5569553234696656,-2.3521540469973985,0.7951987235277329,,,,,
2007,2006-07,Regular Season,12.0,Los Angeles Lakers*,25.3,42.0,40.0,41.0,41.0,-0.07,0.32,0.24,108.6,108.6,0.0,93.5,0.333,0.259,0.554,,0.5,13.5,26.1,0.262,,72.3,,STAPLES Center,778415.0,18986.0,82.0,7667.0,106.45695532346969,106.4521540469974,2.143044676530323,2.147845953002601,-0.0048012764722784,,,,,
2007,2006-07,Regular Season,13.0,Golden State Warriors*,24.6,42.0,40.0,40.0,42.0,-0.34,0.34,0.0,107.0,107.4,-0.4,99.2,0.3,0.279,0.548,,0.506,16.1,25.6,0.264,,69.6,,Oracle Arena,742267.0,18104.0,82.0,8134.400000000001,106.45695532346969,106.4521540469974,0.5430446765303287,0.9478459530026128,-0.4048012764722841,,,,,
2007,2006-07,Regular Season,14.0,Washington Wizards*,26.8,41.0,41.0,40.0,42.0,-0.51,-0.28,-0.8,110.1,110.6,-0.5,94.1,0.356,0.237,0.542,,0.517,14.4,28.1,0.249,,71.0,,Verizon Center,753283.0,18373.0,82.0,7716.2,106.45695532346969,106.4521540469974,3.643044676530323,4.1478459530026015,-0.5048012764722785,,,,,
2007,2006-07,Regular Season,15.0,Los Angeles Clippers,27.5,40.0,42.0,40.0,42.0,-0.46,0.39,-0.07,105.1,105.6,-0.5,90.8,0.355,0.143,0.537,,0.488,13.3,27.2,0.249,,74.7,,STAPLES Center,755261.0,18421.0,82.0,7445.599999999999,106.45695532346969,106.4521540469974,-1.356955323469677,-0.8521540469973985,-0.5048012764722785,,,,,
2007,2006-07,Regular Season,16.0,New Jersey Nets*,28.2,41.0,41.0,39.0,43.0,-0.77,-0.23,-1.0,105.7,106.6,-0.9,91.4,0.338,0.263,0.546,,0.49,13.7,24.6,0.266,,74.4,,Continental Airlines Arena,693955.0,16926.0,82.0,7494.8,106.45695532346969,106.4521540469974,-0.7569553234696684,0.1478459530026015,-0.90480127647227,,,,,
2007,2006-07,Regular Season,17.0,Miami Heat*,29.3,44.0,38.0,38.0,44.0,-0.91,-0.29,-1.21,104.3,105.3,-1.0,89.9,0.321,0.245,0.541,,0.485,13.8,24.9,0.232,,73.3,,AmericanAirlines Arena,808541.0,19721.0,82.0,7371.8,106.45695532346969,106.4521540469974,-2.156955323469674,-1.1521540469973957,-1.0048012764722785,,,,,
2007,2006-07,Regular Season,18.0,New Orleans/Oklahoma City Hornets,26.4,39.0,43.0,36.0,46.0,-1.57,0.38,-1.19,104.8,106.5,-1.7,90.2,0.291,0.188,0.52,,0.499,13.2,29.1,0.212,,74.7,,Ford Center,731165.0,17954.0,82.0,7396.400000000001,106.45695532346969,106.4521540469974,-1.656955323469674,0.0478459530026071,-1.7048012764722813,,,,,
2007,2006-07,Regular Season,19.0,Sacramento Kings,27.3,33.0,49.0,36.0,46.0,-1.8,0.46,-1.35,106.2,108.0,-1.8,94.8,0.379,0.232,0.545,,0.513,14.9,23.1,0.24,,72.5,,ARCO Arena (II),709997.0,17317.0,82.0,7773.599999999999,106.45695532346969,106.4521540469974,-0.2569553234696684,1.5478459530026072,-1.804801276472276,,,,,
2007,2006-07,Regular Season,20.0,Indiana Pacers,27.2,35.0,47.0,34.0,48.0,-2.44,-0.18,-2.62,102.9,105.5,-2.6,92.4,0.324,0.212,0.523,,0.491,14.8,28.4,0.271,,72.7,,Conseco Fieldhouse,629750.0,15360.0,82.0,7576.8,106.45695532346969,106.4521540469974,-3.5569553234696656,-0.9521540469973928,-2.6048012764722728,,,,,
2007,2006-07,Regular Season,21.0,Seattle SuperSonics,25.9,31.0,51.0,33.0,49.0,-2.89,0.45,-2.45,107.2,110.3,-3.1,91.8,0.288,0.219,0.544,,0.515,14.1,27.8,0.243,,70.9,,KeyArena at Seattle Center,654163.0,15955.0,82.0,7527.599999999999,106.45695532346969,106.4521540469974,0.7430446765303316,3.847845953002604,-3.1048012764722728,,,,,
2007,2006-07,Regular Season,22.0,New York Knicks,25.4,33.0,49.0,33.0,49.0,-2.85,-0.21,-3.06,105.7,108.8,-3.1,90.8,0.377,0.216,0.539,,0.504,13.0,31.0,0.246,,74.0,,Madison Square Garden (IV),770617.0,18796.0,82.0,7445.599999999999,106.45695532346969,106.4521540469974,-0.7569553234696684,2.3478459530026043,-3.1048012764722728,,,,,
2007,2006-07,Regular Season,23.0,Philadelphia 76ers,26.2,35.0,47.0,32.0,50.0,-3.02,-0.23,-3.26,103.6,106.9,-3.3,90.7,0.333,0.128,0.53,,0.501,14.7,27.2,0.221,,70.8,,Wachovia Center,608603.0,14844.0,82.0,7437.400000000001,106.45695532346969,106.4521540469974,-2.856955323469677,0.4478459530026129,-3.30480127647229,,,,,
2007,2006-07,Regular Season,24.0,Boston Celtics,23.5,24.0,58.0,31.0,51.0,-3.41,-0.29,-3.7,103.2,106.9,-3.7,92.0,0.337,0.199,0.53,,0.502,14.5,27.0,0.28,,73.8,,TD Banknorth Garden,690576.0,16843.0,82.0,7544.0,106.45695532346969,106.4521540469974,-3.2569553234696684,0.4478459530026129,-3.704801276472281,,,,,
2007,2006-07,Regular Season,25.0,Minnesota Timberwolves,27.7,32.0,50.0,30.0,52.0,-3.67,0.51,-3.16,103.9,107.9,-4.0,91.0,0.291,0.167,0.537,,0.498,13.3,25.1,0.226,,72.1,,Target Center,655947.0,15999.0,82.0,7462.0,106.45695532346969,106.4521540469974,-2.5569553234696656,1.4478459530026129,-4.004801276472279,,,,,
2007,2006-07,Regular Season,26.0,Charlotte Bobcats,25.5,33.0,49.0,30.0,52.0,-3.74,-0.22,-3.97,103.6,107.6,-4.0,92.0,0.322,0.193,0.524,,0.5,14.7,26.4,0.279,,71.6,,Charlotte Bobcats Arena,637520.0,15549.0,82.0,7544.0,106.45695532346969,106.4521540469974,-2.856955323469677,1.1478459530026015,-4.004801276472279,,,,,
2007,2006-07,Regular Season,27.0,Milwaukee Bucks,26.0,28.0,54.0,29.0,53.0,-4.38,-0.06,-4.43,107.0,111.7,-4.7,92.3,0.286,0.219,0.541,,0.522,14.5,27.6,0.234,,68.1,,Bradley Center,663629.0,16186.0,82.0,7568.599999999999,106.45695532346969,106.4521540469974,0.5430446765303287,5.24784595300261,-4.704801276472281,,,,,
2007,2006-07,Regular Season,28.0,Portland Trail Blazers,24.4,32.0,50.0,29.0,53.0,-4.29,0.51,-3.78,105.1,109.9,-4.8,88.3,0.314,0.193,0.53,,0.508,13.5,28.2,0.267,,73.0,,Rose Garden Arena,670778.0,16360.0,82.0,7240.599999999999,106.45695532346969,106.4521540469974,-1.356955323469677,3.447845953002613,-4.80480127647229,,,,,
2007,2006-07,Regular Season,29.0,Atlanta Hawks,24.1,30.0,52.0,27.0,55.0,-4.76,-0.1,-4.86,103.0,108.3,-5.3,90.0,0.346,0.163,0.523,,0.503,14.5,29.2,0.268,,70.9,,Philips Arena,639375.0,15595.0,82.0,7380.0,106.45695532346969,106.4521540469974,-3.4569553234696717,1.8478459530026043,-5.304801276472276,,,,,
2007,2006-07,Regular Season,30.0,Memphis Grizzlies,26.2,22.0,60.0,27.0,55.0,-5.15,0.71,-4.44,106.9,112.3,-5.4,93.6,0.374,0.211,0.555,,0.529,14.0,25.9,0.237,,71.1,,FedEx Forum,600836.0,14655.0,82.0,7675.2,106.45695532346969,106.4521540469974,0.4430446765303344,5.847845953002604,-5.40480127647227,,,,,
2007,2006-07,Playoffs,1.0,Phoenix Suns,27.9,6.0,5.0,7.0,4.0,,,,110.6,105.3,5.3,94.1,0.298,0.229,0.562,,0.492,13.8,23.4,0.213,,71.6,,,,,11.0,1035.1,104.91841427702404,104.90302318672455,5.681585722975953,0.3969768132754296,5.284608909700523,0.545,,,,
2007,2006-07,Playoffs,2.0,San Antonio Spurs,30.8,16.0,4.0,13.0,7.0,,,,107.6,103.1,4.5,88.9,0.317,0.256,0.547,,0.471,13.9,26.4,0.228,,72.4,,,,,20.0,1778.0,104.91841427702404,104.90302318672455,2.681585722975953,-1.8030231867245727,4.484608909700526,0.8,,,,
2007,2006-07,Playoffs,3.0,Detroit Pistons,29.5,10.0,6.0,10.0,6.0,,,,105.2,101.8,3.4,85.8,0.346,0.219,0.522,,0.462,14.3,28.7,0.275,,70.9,,,,,16.0,1372.8,104.91841427702404,104.90302318672455,0.2815857229759615,-3.1030231867245703,3.384608909700532,0.625,,,,
2007,2006-07,Playoffs,4.0,Cleveland Cavaliers,25.8,12.0,8.0,12.0,8.0,,,,102.5,100.0,2.5,85.7,0.341,0.217,0.506,,0.464,13.8,28.6,0.233,,76.6,,,,,20.0,1714.0,104.91841427702404,104.90302318672455,-2.4184142770240413,-4.903023186724568,2.484608909700526,0.6,,,,
2007,2006-07,Playoffs,5.0,New Jersey Nets,28.3,6.0,6.0,7.0,5.0,,,,101.7,99.6,2.1,88.7,0.318,0.284,0.539,,0.463,14.1,21.8,0.257,,76.4,,,,,12.0,1064.4,104.91841427702404,104.90302318672455,-3.2184142770240385,-5.303023186724573,2.0846089097005347,0.5,,,,
2007,2006-07,Playoffs,6.0,Golden State Warriors,25.3,5.0,6.0,6.0,5.0,,,,110.9,109.1,1.8,95.3,0.376,0.382,0.563,,0.493,16.9,25.5,0.307,,63.9,,,,,11.0,1048.3,104.91841427702404,104.90302318672455,5.981585722975964,4.196976813275427,1.7846089097005375,0.455,,,,
2007,2006-07,Playoffs,7.0,Chicago Bulls,26.1,6.0,4.0,5.0,5.0,,,,103.4,102.1,1.3,89.4,0.39,0.22,0.522,,0.475,13.8,28.5,0.225,,73.0,,,,,10.0,894.0,104.91841427702404,104.90302318672455,-1.5184142770240356,-2.803023186724573,1.2846089097005375,0.6,,,,
2007,2006-07,Playoffs,8.0,Utah Jazz,26.1,9.0,8.0,9.0,8.0,,,,106.9,105.9,1.0,91.0,0.349,0.159,0.534,,0.498,14.5,31.4,0.294,,76.1,,,,,17.0,1547.0,104.91841427702404,104.90302318672455,1.9815857229759644,0.9969768132754382,0.9846089097005262,0.529,,,,
2007,2006-07,Playoffs,9.0,Houston Rockets,27.7,3.0,4.0,3.0,4.0,,,,99.6,103.2,-3.6,87.6,0.363,0.308,0.52,,0.467,11.8,24.3,0.194,,75.0,,,,,7.0,613.1999999999999,104.91841427702404,104.90302318672455,-5.318414277024047,-1.7030231867245649,-3.6153910902994815,0.429,,,,
2007,2006-07,Playoffs,10.0,Toronto Raptors,25.5,2.0,4.0,2.0,4.0,,,,101.0,106.9,-5.9,89.9,0.347,0.197,0.536,,0.521,15.7,19.0,0.235,,76.3,,,,,6.0,539.4000000000001,104.91841427702404,104.90302318672455,-3.918414277024041,1.9969768132754384,-5.91539109029948,0.333,,,,
2007,2006-07,Playoffs,11.0,Denver Nuggets,26.8,1.0,4.0,1.0,4.0,,,,100.7,107.5,-6.8,87.6,0.264,0.181,0.498,,0.493,11.9,31.6,0.149,,71.7,,,,,5.0,438.0,104.91841427702404,104.90302318672455,-4.218414277024039,2.5969768132754325,-6.815391090299471,0.2,,,,
2007,2006-07,Playoffs,12.0,Dallas Mavericks,27.6,2.0,4.0,2.0,4.0,,,,105.7,112.8,-7.1,93.2,0.371,0.274,0.524,,0.53,14.2,31.9,0.272,,71.9,,,,,6.0,559.2,104.91841427702404,104.90302318672455,0.7815857229759615,7.89697681327543,-7.115391090299468,0.333,,,,
2007,2006-07,Playoffs,13.0,Washington Wizards,27.8,0.0,4.0,1.0,3.0,,,,103.5,113.4,-9.9,88.4,0.262,0.247,0.494,,0.49,12.8,21.9,0.326,,67.7,,,,,4.0,353.6,104.91841427702404,104.90302318672455,-1.418414277024041,8.496976813275438,-9.91539109029948,0.0,,,,
2007,2006-07,Playoffs,14.0,Orlando Magic,25.7,0.0,4.0,1.0,3.0,,,,102.9,113.5,-10.6,85.5,0.394,0.1,0.519,,0.495,10.7,28.3,0.33,,71.2,,,,,4.0,342.0,104.91841427702404,104.90302318672455,-2.018414277024036,8.596976813275433,-10.615391090299468,0.0,,,,
2007,2006-07,Playoffs,15.0,Los Angeles Lakers,25.6,1.0,4.0,1.0,4.0,,,,103.8,114.8,-11.0,94.4,0.251,0.23,0.513,,0.528,11.5,31.4,0.225,,74.9,,,,,5.0,472.0,104.91841427702404,104.90302318672455,-1.1184142770240442,9.89697681327543,-11.015391090299474,0.2,,,,
2007,2006-07,Playoffs,16.0,Miami Heat,29.9,0.0,4.0,1.0,3.0,,,,96.9,108.9,-12.0,91.6,0.365,0.227,0.512,,0.505,13.9,19.6,0.257,,74.3,,,,,4.0,366.4,104.91841427702404,104.90302318672455,-8.018414277024036,3.996976813275438,-12.015391090299474,0.0,,,,
2008,2007-08,Regular Season,1.0,Boston Celtics*,27.9,66.0,16.0,67.0,15.0,10.26,-0.95,9.3,110.2,98.9,11.3,90.9,0.346,0.249,0.569,,0.457,15.2,26.6,0.253,,74.4,,TD Banknorth Garden,763584.0,18624.0,82.0,7453.8,107.4937472939818,107.49287776013855,2.706252706018205,-8.592877760138549,11.299130466156754,,,,,
2008,2007-08,Regular Season,2.0,Detroit Pistons*,28.3,59.0,23.0,62.0,20.0,7.39,-0.72,6.67,111.4,102.9,8.5,87.3,0.3,0.203,0.539,,0.47,13.4,29.4,0.244,,73.7,,The Palace of Auburn Hills,905116.0,22076.0,82.0,7158.599999999999,107.4937472939818,107.49287776013855,3.906252706018208,-4.592877760138549,8.499130466156757,,,,,
2008,2007-08,Regular Season,3.0,Los Angeles Lakers*,26.7,57.0,25.0,59.0,23.0,7.26,0.09,7.34,113.0,105.5,7.5,95.6,0.333,0.257,0.57,,0.485,12.9,26.3,0.214,,73.4,,STAPLES Center,778877.0,18997.0,82.0,7839.2,107.4937472939818,107.49287776013855,5.506252706018202,-1.9928777601385548,7.499130466156757,,,,,
2008,2007-08,Regular Season,4.0,Utah Jazz*,25.3,54.0,28.0,59.0,23.0,6.88,-0.01,6.86,113.8,106.5,7.3,93.2,0.349,0.166,0.573,,0.501,15.0,29.5,0.294,,74.1,,EnergySolutions Arena,816211.0,19908.0,82.0,7642.400000000001,107.4937472939818,107.49287776013855,6.306252706018199,-0.9928777601385548,7.299130466156754,,,,,
2008,2007-08,Regular Season,5.0,Orlando Magic*,26.7,52.0,30.0,56.0,26.0,5.46,-0.68,4.79,111.3,105.5,5.8,93.4,0.355,0.322,0.575,,0.484,12.3,23.4,0.217,,74.8,,Amway Arena,709346.0,17301.0,82.0,7658.8,107.4937472939818,107.49287776013855,3.806252706018199,-1.9928777601385548,5.799130466156754,,,,,
2008,2007-08,Regular Season,6.0,New Orleans Hornets*,27.1,56.0,26.0,56.0,26.0,5.28,0.18,5.46,111.5,105.7,5.8,89.9,0.251,0.239,0.548,,0.501,13.5,27.0,0.184,,75.4,,New Orleans Arena,581432.0,14181.0,82.0,7371.8,107.4937472939818,107.49287776013855,4.006252706018202,-1.792877760138552,5.799130466156754,,,,,
2008,2007-08,Regular Season,7.0,San Antonio Spurs*,31.4,56.0,26.0,55.0,27.0,4.79,0.31,5.1,107.2,101.8,5.4,88.8,0.276,0.251,0.543,,0.477,12.8,23.4,0.201,,77.1,,AT&T Center,761149.0,18565.0,82.0,7281.599999999999,107.4937472939818,107.49287776013855,-0.2937472939817951,-5.692877760138558,5.3991304661567625,,,,,
2008,2007-08,Regular Season,8.0,Houston Rockets*,28.3,55.0,27.0,55.0,27.0,4.68,0.15,4.83,106.8,101.6,5.2,90.4,0.276,0.255,0.528,,0.465,12.8,29.1,0.214,,74.8,,Toyota Center,718524.0,17525.0,82.0,7412.8,107.4937472939818,107.49287776013855,-0.6937472939818008,-5.8928777601385605,5.19913046615676,,,,,
2008,2007-08,Regular Season,9.0,Phoenix Suns*,29.3,55.0,27.0,54.0,28.0,5.05,0.09,5.14,113.3,108.1,5.2,96.7,0.292,0.26,0.59,,0.488,11.8,22.4,0.191,,70.9,,US Airways Center,755302.0,18422.0,82.0,7929.400000000001,107.4937472939818,107.49287776013855,5.806252706018199,0.6071222398614395,5.19913046615676,,,,,
2008,2007-08,Regular Season,10.0,Dallas Mavericks*,28.9,51.0,31.0,54.0,28.0,4.54,0.16,4.7,111.1,106.1,5.0,90.2,0.318,0.215,0.554,,0.474,11.7,26.7,0.252,,75.0,,American Airlines Center,831738.0,20286.0,82.0,7396.400000000001,107.4937472939818,107.49287776013855,3.606252706018197,-1.3928777601385605,4.999130466156757,,,,,
2008,2007-08,Regular Season,11.0,Denver Nuggets*,28.5,50.0,32.0,51.0,31.0,3.71,0.03,3.74,110.0,106.3,3.7,99.7,0.358,0.228,0.557,,0.499,14.1,25.5,0.203,,72.1,,Pepsi Center,711962.0,17365.0,82.0,8175.400000000001,107.4937472939818,107.49287776013855,2.506252706018202,-1.1928777601385576,3.69913046615676,,,,,
2008,2007-08,Regular Season,12.0,Toronto Raptors*,26.3,41.0,41.0,49.0,33.0,2.9,-0.44,2.47,110.2,107.0,3.2,90.2,0.247,0.217,0.551,,0.505,13.5,23.4,0.205,,75.0,,Air Canada Centre,796835.0,19435.0,82.0,7396.400000000001,107.4937472939818,107.49287776013855,2.706252706018205,-0.4928777601385548,3.19913046615676,,,,,
2008,2007-08,Regular Season,13.0,Golden State Warriors,25.5,48.0,34.0,47.0,35.0,2.21,0.17,2.38,111.8,109.5,2.3,98.8,0.276,0.295,0.548,,0.509,14.7,27.2,0.258,,70.3,,Oracle Arena,804864.0,19631.0,82.0,8101.599999999999,107.4937472939818,107.49287776013855,4.306252706018199,2.007122239861445,2.299130466156754,,,,,
2008,2007-08,Regular Season,14.0,Philadelphia 76ers*,25.3,40.0,42.0,42.0,40.0,0.41,-0.23,0.19,106.4,106.0,0.4,90.4,0.321,0.143,0.522,,0.504,15.1,31.8,0.205,,72.0,,Wachovia Center,609675.0,14870.0,82.0,7412.8,107.4937472939818,107.49287776013855,-1.0937472939817925,-1.4928777601385548,0.3991304661567625,,,,,
2008,2007-08,Regular Season,15.0,Washington Wizards*,27.2,43.0,39.0,40.0,42.0,-0.33,-0.28,-0.61,109.2,109.6,-0.4,89.5,0.297,0.241,0.535,,0.513,13.5,28.9,0.217,,72.8,,Verizon Center,736461.0,17962.0,82.0,7339.0,107.4937472939818,107.49287776013855,1.706252706018205,2.1071222398614395,-0.4008695338432346,,,,,
2008,2007-08,Regular Season,16.0,Cleveland Cavaliers*,27.1,45.0,37.0,40.0,42.0,-0.35,-0.17,-0.53,106.0,106.4,-0.4,90.2,0.308,0.231,0.52,,0.494,12.9,30.4,0.24,,75.9,,Quicken Loans Arena,839074.0,20465.0,82.0,7396.400000000001,107.4937472939818,107.49287776013855,-1.493747293981798,-1.092877760138549,-0.4008695338432488,,,,,
2008,2007-08,Regular Season,17.0,Portland Trail Blazers,24.1,41.0,41.0,38.0,44.0,-0.98,0.45,-0.52,107.3,108.4,-1.1,87.9,0.281,0.218,0.532,,0.491,12.1,26.8,0.212,,71.8,,Rose Garden Arena,801566.0,19550.0,82.0,7207.8,107.4937472939818,107.49287776013855,-0.1937472939818008,0.9071222398614508,-1.1008695338432517,,,,,
2008,2007-08,Regular Season,18.0,Indiana Pacers,26.7,36.0,46.0,37.0,45.0,-1.4,-0.46,-1.87,106.0,107.5,-1.5,97.7,0.292,0.289,0.54,,0.498,14.1,24.4,0.271,,73.9,,Conseco Fieldhouse,501092.0,12222.0,82.0,8011.400000000001,107.4937472939818,107.49287776013855,-1.493747293981798,0.0071222398614452,-1.5008695338432432,,,,,
2008,2007-08,Regular Season,19.0,Atlanta Hawks*,24.2,37.0,45.0,36.0,46.0,-1.82,-0.41,-2.23,106.9,108.9,-2.0,91.1,0.34,0.165,0.535,,0.501,12.9,29.7,0.217,,71.7,,Philips Arena,667518.0,16281.0,82.0,7470.2,107.4937472939818,107.49287776013855,-0.5937472939817923,1.407122239861451,-2.000869533843243,,,,,
2008,2007-08,Regular Season,20.0,Sacramento Kings,27.3,38.0,44.0,35.0,47.0,-2.26,0.4,-1.86,107.5,109.9,-2.4,94.7,0.346,0.208,0.556,,0.51,13.9,25.2,0.256,,71.7,,ARCO Arena (II),580181.0,14151.0,82.0,7765.400000000001,107.4937472939818,107.49287776013855,0.006252706018202,2.407122239861451,-2.400869533843249,,,,,
2008,2007-08,Regular Season,21.0,Chicago Bulls,25.7,33.0,49.0,32.0,50.0,-3.09,-0.11,-3.19,103.9,107.2,-3.3,93.0,0.296,0.19,0.515,,0.496,14.2,28.9,0.258,,73.1,,United Center,901502.0,21988.0,82.0,7626.0,107.4937472939818,107.49287776013855,-3.5937472939817923,-0.2928777601385519,-3.3008695338432403,,,,,
2008,2007-08,Regular Season,22.0,Charlotte Bobcats,26.3,32.0,50.0,29.0,53.0,-4.38,-0.11,-4.49,104.6,109.4,-4.8,91.8,0.323,0.22,0.532,,0.505,13.4,25.6,0.235,,71.0,,Charlotte Bobcats Arena,603403.0,14717.0,82.0,7527.599999999999,107.4937472939818,107.49287776013855,-2.893747293981804,1.907122239861451,-4.800869533843255,,,,,
2008,2007-08,Regular Season,23.0,New Jersey Nets,27.4,34.0,48.0,27.0,55.0,-5.06,-0.09,-5.15,104.0,109.4,-5.4,91.5,0.347,0.222,0.528,,0.497,12.7,26.6,0.271,,73.8,,Izod Center,641921.0,15657.0,82.0,7503.0,107.4937472939818,107.49287776013855,-3.493747293981798,1.907122239861451,-5.400869533843249,,,,,
2008,2007-08,Regular Season,24.0,Memphis Grizzlies,24.5,22.0,60.0,25.0,57.0,-6.21,0.45,-5.76,105.0,111.4,-6.4,95.3,0.311,0.264,0.539,,0.521,12.2,23.8,0.196,,73.4,,FedEx Forum,523578.0,12770.0,82.0,7814.599999999999,107.4937472939818,107.49287776013855,-2.493747293981798,3.907122239861451,-6.400869533843249,,,,,
2008,2007-08,Regular Season,25.0,New York Knicks,25.7,23.0,59.0,23.0,59.0,-6.61,0.06,-6.55,104.7,111.9,-7.2,91.6,0.31,0.215,0.518,,0.518,12.1,28.6,0.229,,72.7,,Madison Square Garden (IV),783739.0,19116.0,82.0,7511.2,107.4937472939818,107.49287776013855,-2.793747293981795,4.407122239861451,-7.200869533843246,,,,,
2008,2007-08,Regular Season,26.0,Minnesota Timberwolves,24.6,22.0,60.0,23.0,59.0,-6.78,0.52,-6.26,103.8,111.2,-7.4,91.9,0.248,0.185,0.518,,0.513,12.9,27.5,0.269,,73.6,,Target Center,593537.0,14477.0,82.0,7535.8,107.4937472939818,107.49287776013855,-3.693747293981801,3.707122239861448,-7.400869533843249,,,,,
2008,2007-08,Regular Season,27.0,Milwaukee Bucks,25.8,26.0,56.0,23.0,59.0,-6.89,-0.03,-6.92,105.3,112.8,-7.5,91.3,0.294,0.195,0.522,,0.524,13.0,30.0,0.25,,73.0,,Bradley Center,639421.0,15596.0,82.0,7486.599999999999,107.4937472939818,107.49287776013855,-2.193747293981801,5.307122239861442,-7.500869533843243,,,,,
2008,2007-08,Regular Season,28.0,Los Angeles Clippers,28.5,23.0,59.0,21.0,61.0,-7.27,0.71,-6.56,101.2,109.1,-7.9,92.1,0.338,0.167,0.519,,0.503,12.8,23.1,0.236,,73.1,,STAPLES Center,692408.0,16888.0,82.0,7552.2,107.4937472939818,107.49287776013855,-6.293747293981795,1.6071222398614395,-7.900869533843235,,,,,
2008,2007-08,Regular Season,29.0,Seattle SuperSonics,25.4,20.0,62.0,19.0,63.0,-8.76,0.72,-8.04,100.5,109.5,-9.0,96.3,0.265,0.134,0.509,,0.503,11.9,26.8,0.215,,73.7,,KeyArena at Seattle Center,547556.0,13355.0,82.0,7896.599999999999,107.4937472939818,107.49287776013855,-6.993747293981798,2.007122239861445,-9.000869533843243,,,,,
2008,2007-08,Regular Season,30.0,Miami Heat,27.4,15.0,67.0,18.0,64.0,-8.65,0.11,-8.53,100.5,110.0,-9.5,90.2,0.3,0.217,0.522,,0.51,13.6,22.1,0.245,,71.9,,AmericanAirlines Arena,798004.0,19464.0,82.0,7396.400000000001,107.4937472939818,107.49287776013855,-6.993747293981798,2.507122239861445,-9.500869533843243,,,,,
2008,2007-08,Playoffs,1.0,Boston Celtics,28.9,16.0,10.0,18.0,8.0,,,,109.4,103.3,6.1,85.9,0.354,0.224,0.541,,0.463,14.4,29.5,0.313,,74.6,,,,,26.0,2233.4,107.42820497571611,107.40593848085372,1.9717950242838924,-4.105938480853737,6.07773350513763,0.615,,,,
2008,2007-08,Playoffs,2.0,New Orleans Hornets,26.7,7.0,5.0,8.0,4.0,,,,111.5,107.3,4.2,86.6,0.25,0.173,0.537,,0.483,12.3,24.2,0.235,,73.2,,,,,12.0,1039.1999999999998,107.42820497571611,107.40593848085372,4.071795024283887,-0.1059384808537373,4.177733505137624,0.583,,,,
2008,2007-08,Playoffs,3.0,Detroit Pistons,28.8,10.0,7.0,10.0,7.0,,,,108.0,105.2,2.8,84.7,0.32,0.179,0.538,,0.478,14.7,27.7,0.275,,68.7,,,,,17.0,1439.9,107.42820497571611,107.40593848085372,0.5717950242838867,-2.205938480853732,2.7777335051376184,0.588,,,,
2008,2007-08,Playoffs,4.0,Cleveland Cavaliers,27.1,7.0,6.0,8.0,5.0,,,,104.6,102.1,2.5,85.9,0.395,0.262,0.517,,0.46,13.4,29.1,0.285,,75.2,,,,,13.0,1116.7,107.42820497571611,107.40593848085372,-2.828204975716119,-5.30593848085374,2.4777335051376213,0.538,,,,
2008,2007-08,Playoffs,5.0,Los Angeles Lakers,27.4,14.0,7.0,12.0,9.0,,,,110.0,107.6,2.4,92.7,0.371,0.241,0.56,,0.477,12.3,22.2,0.255,,71.1,,,,,21.0,1946.7,107.42820497571611,107.40593848085372,2.5717950242838867,0.1940615191462598,2.377733505137627,0.667,,,,
2008,2007-08,Playoffs,6.0,Orlando Magic,26.4,5.0,5.0,6.0,4.0,,,,111.0,109.2,1.8,87.5,0.322,0.336,0.564,,0.464,8.9,29.0,0.226,,75.0,,,,,10.0,875.0,107.42820497571611,107.40593848085372,3.5717950242838867,1.7940615191462683,1.7777335051376184,0.5,,,,
2008,2007-08,Playoffs,7.0,Utah Jazz,25.4,6.0,6.0,6.0,6.0,,,,110.1,110.4,-0.3,89.1,0.33,0.204,0.528,,0.49,12.2,33.4,0.314,,73.7,,,,,12.0,1069.1999999999998,107.42820497571611,107.40593848085372,2.671795024283881,2.994061519146271,-0.3222664948623901,0.5,,,,
2008,2007-08,Playoffs,8.0,San Antonio Spurs,31.6,9.0,8.0,8.0,9.0,,,,103.9,104.8,-0.9,89.5,0.261,0.252,0.529,,0.486,10.8,21.4,0.197,,77.6,,,,,17.0,1521.5,107.42820497571611,107.40593848085372,-3.528204975716108,-2.6059384808537374,-0.9222664948623702,0.529,,,,
2008,2007-08,Playoffs,9.0,Phoenix Suns,29.4,1.0,4.0,2.0,3.0,,,,104.1,106.1,-2.0,92.6,0.369,0.18,0.524,,0.493,11.9,21.9,0.216,,76.3,,,,,5.0,463.0,107.42820497571611,107.40593848085372,-3.328204975716119,-1.3059384808537402,-2.0222664948623787,0.2,,,,
2008,2007-08,Playoffs,10.0,Houston Rockets,29.0,2.0,4.0,2.0,4.0,,,,103.8,106.7,-2.9,84.8,0.333,0.254,0.488,,0.482,12.4,29.8,0.231,,69.3,,,,,6.0,508.8,107.42820497571611,107.40593848085372,-3.628204975716116,-0.7059384808537317,-2.9222664948623844,0.333,,,,
2008,2007-08,Playoffs,11.0,Washington Wizards,27.7,2.0,4.0,2.0,4.0,,,,104.9,108.7,-3.8,87.9,0.386,0.262,0.524,,0.485,13.2,23.4,0.265,,67.8,,,,,6.0,527.4000000000001,107.42820497571611,107.40593848085372,-2.528204975716108,1.2940615191462683,-3.822266494862376,0.333,,,,
2008,2007-08,Playoffs,12.0,Toronto Raptors,26.2,1.0,4.0,2.0,3.0,,,,110.1,115.2,-5.1,90.3,0.224,0.28,0.528,,0.533,13.3,23.1,0.26,,69.7,,,,,5.0,451.5,107.42820497571611,107.40593848085372,2.671795024283881,7.794061519146268,-5.122266494862387,0.2,,,,
2008,2007-08,Playoffs,13.0,Philadelphia 76ers,25.0,2.0,4.0,2.0,4.0,,,,99.8,107.9,-8.1,86.0,0.402,0.105,0.488,,0.523,17.0,33.9,0.188,,67.0,,,,,6.0,516.0,107.42820497571611,107.40593848085372,-7.628204975716116,0.4940615191462711,-8.122266494862387,0.333,,,,
2008,2007-08,Playoffs,14.0,Dallas Mavericks,29.6,1.0,4.0,1.0,4.0,,,,108.0,118.2,-10.2,87.0,0.381,0.264,0.511,,0.527,8.4,31.7,0.206,,75.5,,,,,5.0,435.0,107.42820497571611,107.40593848085372,0.5717950242838867,10.794061519146268,-10.222266494862382,0.2,,,,
2008,2007-08,Playoffs,15.0,Denver Nuggets,27.9,0.0,4.0,1.0,3.0,,,,104.3,117.9,-13.6,97.4,0.328,0.203,0.501,,0.536,10.7,34.6,0.24,,74.1,,,,,4.0,389.6,107.42820497571611,107.40593848085372,-3.128204975716116,10.494061519146271,-13.622266494862387,0.0,,,,
2008,2007-08,Playoffs,16.0,Atlanta Hawks,23.8,3.0,4.0,1.0,6.0,,,,101.6,115.6,-14.0,85.8,0.441,0.174,0.512,,0.503,10.4,30.5,0.206,,67.3,,,,,7.0,600.6,107.42820497571611,107.40593848085372,-5.828204975716119,8.19406151914626,-14.02226649486238,0.429,,,,
2009,2008-09,Regular Season,1.0,Cleveland Cavaliers*,26.6,66.0,16.0,65.0,17.0,8.93,-0.25,8.68,112.4,102.4,10.0,88.7,0.312,0.259,0.56,,0.468,13.5,27.7,0.226,,74.6,,Quicken Loans Arena,841000.0,20512.0,82.0,7273.400000000001,108.26590537149504,108.27015674437206,4.134094628504968,-5.8701567443720535,10.004251372877022,,,,,
2009,2008-09,Regular Season,2.0,Boston Celtics*,27.8,62.0,20.0,61.0,21.0,7.51,-0.07,7.44,110.5,102.3,8.2,90.4,0.328,0.214,0.571,,0.47,14.0,27.9,0.253,,75.6,,TD Banknorth Garden,763584.0,18624.0,82.0,7412.8,108.26590537149504,108.27015674437206,2.2340946285049625,-5.970156744372062,8.204251372877025,,,,,
2009,2008-09,Regular Season,3.0,Los Angeles Lakers*,27.4,65.0,17.0,61.0,21.0,7.66,-0.55,7.11,112.8,104.7,8.1,94.3,0.299,0.217,0.555,,0.49,14.2,29.4,0.213,,73.0,,STAPLES Center,778877.0,18997.0,82.0,7732.599999999999,108.26590537149504,108.27015674437206,4.53409462850496,-3.5701567443720563,8.104251372877016,,,,,
2009,2008-09,Regular Season,4.0,Orlando Magic*,27.3,59.0,23.0,59.0,23.0,6.7,-0.21,6.48,109.2,101.9,7.3,92.3,0.351,0.335,0.559,,0.465,12.3,24.0,0.209,,75.9,,Amway Arena,698768.0,17043.0,82.0,7568.599999999999,108.26590537149504,108.27015674437206,0.9340946285049654,-6.3701567443720535,7.304251372877019,,,,,
2009,2008-09,Regular Season,5.0,Portland Trail Blazers*,24.0,54.0,28.0,56.0,26.0,5.34,-0.35,5.0,113.9,107.8,6.1,86.6,0.306,0.239,0.553,,0.499,13.2,32.6,0.227,,75.0,,Rose Garden Arena,841499.0,20524.0,82.0,7101.2,108.26590537149504,108.27015674437206,5.634094628504968,-0.470156744372062,6.10425137287703,,,,,
2009,2008-09,Regular Season,6.0,Houston Rockets*,27.9,53.0,29.0,53.0,29.0,4.0,-0.27,3.73,108.4,104.0,4.4,90.2,0.292,0.254,0.548,,0.479,11.9,26.4,0.192,,75.3,,Toyota Center,717669.0,17504.0,82.0,7396.400000000001,108.26590537149504,108.27015674437206,0.1340946285049682,-4.270156744372059,4.404251372877027,,,,,
2009,2008-09,Regular Season,7.0,San Antonio Spurs*,30.4,54.0,28.0,52.0,30.0,3.76,-0.4,3.36,108.5,104.3,4.2,88.4,0.251,0.248,0.548,,0.487,11.7,22.1,0.191,,78.0,,AT&T Center,749048.0,18269.0,82.0,7248.8,108.26590537149504,108.27015674437206,0.2340946285049625,-3.970156744372062,4.2042513728770246,,,,,
2009,2008-09,Regular Season,8.0,Denver Nuggets*,27.7,54.0,28.0,50.0,32.0,3.41,-0.29,3.13,110.4,106.8,3.6,94.3,0.382,0.227,0.563,,0.485,14.1,27.5,0.259,,71.7,,Pepsi Center,706165.0,17224.0,82.0,7732.599999999999,108.26590537149504,108.27015674437206,2.134094628504968,-1.470156744372062,3.6042513728770302,,,,,
2009,2008-09,Regular Season,9.0,Utah Jazz*,25.5,48.0,34.0,48.0,34.0,2.65,-0.34,2.31,110.1,107.3,2.8,93.1,0.355,0.169,0.554,,0.505,15.0,28.2,0.262,,72.7,,EnergySolutions Arena,816042.0,19903.0,82.0,7634.2,108.26590537149504,108.27015674437206,1.8340946285049569,-0.970156744372062,2.804251372877019,,,,,
2009,2008-09,Regular Season,10.0,Dallas Mavericks*,29.0,50.0,32.0,47.0,35.0,1.98,-0.3,1.68,110.5,108.4,2.1,91.5,0.274,0.241,0.55,,0.493,12.3,26.6,0.225,,74.6,,American Airlines Center,821723.0,20042.0,82.0,7503.0,108.26590537149504,108.27015674437206,2.2340946285049625,0.1298432556279465,2.104251372877016,,,,,
2009,2008-09,Regular Season,11.0,Phoenix Suns,29.5,46.0,36.0,46.0,36.0,1.93,-0.31,1.62,113.6,111.6,2.0,96.0,0.336,0.216,0.584,,0.511,12.8,27.7,0.233,,71.7,,US Airways Center,755302.0,18422.0,82.0,7872.0,108.26590537149504,108.27015674437206,5.334094628504957,3.329843255627935,2.0042513728770217,,,,,
2009,2008-09,Regular Season,12.0,Atlanta Hawks*,25.8,47.0,35.0,46.0,36.0,1.57,0.13,1.7,109.3,107.6,1.7,89.6,0.323,0.253,0.546,,0.494,13.2,26.0,0.21,,71.6,,Philips Arena,686688.0,16748.0,82.0,7347.2,108.26590537149504,108.27015674437206,1.0340946285049597,-0.6701567443720648,1.7042513728770246,,,,,
2009,2008-09,Regular Season,13.0,New Orleans Hornets*,28.2,49.0,33.0,46.0,36.0,1.55,-0.14,1.41,108.7,107.0,1.7,87.8,0.288,0.24,0.548,,0.496,13.2,24.6,0.23,,74.9,,New Orleans Arena,695727.0,16969.0,82.0,7199.599999999999,108.26590537149504,108.27015674437206,0.4340946285049654,-1.2701567443720592,1.7042513728770246,,,,,
2009,2008-09,Regular Season,14.0,Miami Heat*,25.6,43.0,39.0,42.0,40.0,0.26,0.23,0.49,107.8,107.6,0.2,89.9,0.282,0.245,0.54,,0.501,14.5,24.6,0.251,,72.9,,AmericanAirlines Arena,748778.0,18263.0,82.0,7371.8,108.26590537149504,108.27015674437206,-0.4659053714950403,-0.6701567443720648,0.2042513728770245,,,,,
2009,2008-09,Regular Season,15.0,Philadelphia 76ers*,26.1,41.0,41.0,41.0,41.0,0.07,0.09,0.16,107.9,107.8,0.1,90.0,0.339,0.164,0.532,,0.507,14.9,31.3,0.216,,71.4,,Wachovia Center,647898.0,15802.0,82.0,7380.0,108.26590537149504,108.27015674437206,-0.3659053714950318,-0.470156744372062,0.1042513728770302,,,,,
2009,2008-09,Regular Season,16.0,Chicago Bulls*,24.9,41.0,41.0,40.0,42.0,-0.28,0.12,-0.16,108.4,108.7,-0.3,93.1,0.3,0.189,0.541,,0.493,13.1,28.0,0.238,,70.9,,United Center,868667.0,21187.0,82.0,7634.2,108.26590537149504,108.27015674437206,0.1340946285049682,0.4298432556279437,-0.2957486271229754,,,,,
2009,2008-09,Regular Season,17.0,Detroit Pistons*,28.2,39.0,43.0,40.0,42.0,-0.49,0.13,-0.36,107.4,108.0,-0.6,86.7,0.282,0.165,0.524,,0.485,11.7,27.9,0.248,,74.0,,The Palace of Auburn Hills,896971.0,21877.0,82.0,7109.400000000001,108.26590537149504,108.27015674437206,-0.8659053714950318,-0.2701567443720591,-0.5957486271229726,,,,,
2009,2008-09,Regular Season,18.0,Indiana Pacers,26.5,36.0,46.0,38.0,44.0,-1.11,0.35,-0.76,108.1,109.2,-1.1,96.5,0.267,0.244,0.545,,0.499,12.7,25.4,0.271,,74.5,,Conseco Fieldhouse,581472.0,14182.0,82.0,7913.0,108.26590537149504,108.27015674437206,-0.1659053714950431,0.9298432556279436,-1.0957486271229868,,,,,
2009,2008-09,Regular Season,19.0,Milwaukee Bucks,26.3,34.0,48.0,38.0,44.0,-1.09,0.21,-0.88,106.7,107.9,-1.2,92.6,0.306,0.208,0.531,,0.503,15.6,27.8,0.315,,74.0,,Bradley Center,630976.0,15390.0,82.0,7593.2,108.26590537149504,108.27015674437206,-1.5659053714950346,-0.3701567443720535,-1.1957486271229811,,,,,
2009,2008-09,Regular Season,20.0,Charlotte Bobcats,25.8,35.0,47.0,37.0,45.0,-1.27,0.07,-1.2,104.7,106.1,-1.4,88.3,0.312,0.213,0.536,,0.498,14.4,27.7,0.229,,73.0,,Time Warner Cable Arena,597548.0,14574.0,82.0,7240.599999999999,108.26590537149504,108.27015674437206,-3.5659053714950346,-2.170156744372065,-1.3957486271229698,,,,,
2009,2008-09,Regular Season,21.0,New York Knicks,25.7,32.0,50.0,34.0,48.0,-2.61,0.28,-2.33,108.1,110.8,-2.7,96.7,0.268,0.322,0.544,,0.52,13.0,24.4,0.215,,72.7,,Madison Square Garden (IV),790801.0,19288.0,82.0,7929.400000000001,108.26590537149504,108.27015674437206,-0.1659053714950431,2.529843255627938,-2.695748627122981,,,,,
2009,2008-09,Regular Season,22.0,New Jersey Nets,25.7,34.0,48.0,34.0,48.0,-2.44,0.13,-2.31,108.3,111.0,-2.7,89.9,0.303,0.265,0.543,,0.509,13.0,25.2,0.272,,73.5,,Izod Center,621062.0,15148.0,82.0,7371.8,108.26590537149504,108.27015674437206,0.0340946285049597,2.729843255627941,-2.695748627122981,,,,,
2009,2008-09,Regular Season,23.0,Toronto Raptors,27.0,33.0,49.0,33.0,49.0,-2.82,0.28,-2.54,107.0,110.0,-3.0,92.0,0.279,0.193,0.542,,0.511,12.6,24.0,0.202,,73.7,,Air Canada Centre,769707.0,18773.0,82.0,7544.0,108.26590537149504,108.27015674437206,-1.2659053714950377,1.7298432556279408,-2.9957486271229783,,,,,
2009,2008-09,Regular Season,24.0,Golden State Warriors,25.0,29.0,53.0,31.0,51.0,-3.74,-0.06,-3.8,109.5,113.3,-3.8,98.2,0.339,0.209,0.549,,0.508,12.9,26.1,0.251,,68.1,,Oracle Arena,776660.0,18943.0,82.0,8052.400000000001,108.26590537149504,108.27015674437206,1.2340946285049623,5.029843255627938,-3.795748627122976,,,,,
2009,2008-09,Regular Season,25.0,Minnesota Timberwolves,25.4,24.0,58.0,27.0,55.0,-4.91,0.18,-4.74,106.1,111.4,-5.3,91.6,0.289,0.227,0.526,,0.515,12.0,27.7,0.254,,75.0,,Target Center,595013.0,14513.0,82.0,7511.2,108.26590537149504,108.27015674437206,-2.165905371495043,3.1298432556279465,-5.29574862712299,,,,,
2009,2008-09,Regular Season,26.0,Memphis Grizzlies,23.3,24.0,58.0,26.0,56.0,-5.46,0.24,-5.23,103.5,109.5,-6.0,90.1,0.329,0.175,0.533,,0.515,14.1,25.8,0.247,,73.5,,FedEx Forum,519895.0,12680.0,82.0,7388.2,108.26590537149504,108.27015674437206,-4.7659053714950375,1.2298432556279408,-5.995748627122978,,,,,
2009,2008-09,Regular Season,27.0,Oklahoma City Thunder,24.5,23.0,59.0,24.0,58.0,-6.1,0.06,-6.04,102.9,109.4,-6.5,93.6,0.308,0.141,0.521,,0.514,13.0,28.6,0.216,,73.9,,Ford Center,766868.0,18704.0,82.0,7675.2,108.26590537149504,108.27015674437206,-5.365905371495032,1.1298432556279463,-6.495748627122978,,,,,
2009,2008-09,Regular Season,28.0,Washington Wizards,26.9,19.0,63.0,21.0,61.0,-7.46,0.48,-6.98,105.4,113.6,-8.2,91.0,0.293,0.18,0.524,,0.533,13.3,27.7,0.227,,71.4,,Verizon Center,681119.0,16613.0,82.0,7462.0,108.26590537149504,108.27015674437206,-2.865905371495032,5.329843255627935,-8.195748627122967,,,,,
2009,2008-09,Regular Season,29.0,Sacramento Kings,26.3,17.0,65.0,19.0,63.0,-8.76,0.16,-8.6,105.5,114.7,-9.2,94.2,0.315,0.238,0.542,,0.526,13.0,24.5,0.269,,69.9,,ARCO Arena (II),520169.0,12687.0,82.0,7724.400000000001,108.26590537149504,108.27015674437206,-2.765905371495037,6.429843255627944,-9.19574862712298,,,,,
2009,2008-09,Regular Season,30.0,Los Angeles Clippers,26.6,19.0,63.0,18.0,64.0,-8.77,0.3,-8.47,102.3,111.7,-9.4,92.1,0.275,0.226,0.52,,0.512,12.4,25.1,0.227,,71.2,,STAPLES Center,663587.0,16185.0,82.0,7552.2,108.26590537149504,108.27015674437206,-5.96590537149504,3.429843255627944,-9.395748627122984,,,,,
2009,2008-09,Playoffs,1.0,Cleveland Cavaliers,27.2,10.0,4.0,11.0,3.0,,,,112.6,102.7,9.9,86.1,0.383,0.263,0.556,,0.48,12.5,27.6,0.23,,78.3,,,,,14.0,1205.4,107.67285329583594,107.66643871960522,4.927146704164059,-4.966438719605222,9.89358542376928,0.714,,,,
2009,2008-09,Playoffs,2.0,Denver Nuggets,27.8,10.0,6.0,12.0,4.0,,,,116.8,107.5,9.3,92.4,0.426,0.269,0.579,,0.493,14.8,26.4,0.326,,74.7,,,,,16.0,1478.4,107.67285329583594,107.66643871960522,9.127146704164062,-0.1664387196052246,9.293585423769288,0.625,,,,
2009,2008-09,Playoffs,3.0,Los Angeles Lakers,27.3,16.0,7.0,17.0,6.0,,,,111.4,103.5,7.9,91.1,0.342,0.229,0.553,,0.471,13.7,27.1,0.27,,73.8,,,,,23.0,2095.3,107.67285329583594,107.66643871960522,3.7271467041640713,-4.166438719605225,7.893585423769295,0.696,,,,
2009,2008-09,Playoffs,4.0,Orlando Magic,27.3,13.0,11.0,14.0,10.0,,,,107.3,105.3,2.0,89.2,0.36,0.309,0.555,,0.488,12.7,21.6,0.232,,77.2,,,,,24.0,2140.8,107.67285329583594,107.66643871960522,-0.372853295835938,-2.3664387196052274,1.9935854237692892,0.542,,,,
2009,2008-09,Playoffs,5.0,Miami Heat,25.6,3.0,4.0,4.0,3.0,,,,106.7,105.6,1.1,82.6,0.324,0.287,0.554,,0.464,12.5,25.2,0.261,,73.1,,,,,7.0,578.1999999999999,107.67285329583594,107.66643871960522,-0.9728532958359324,-2.0664387196052303,1.093585423769298,0.429,,,,
2009,2008-09,Playoffs,6.0,Boston Celtics,27.4,7.0,7.0,7.0,7.0,,,,106.3,106.3,0.0,91.4,0.309,0.222,0.535,,0.493,13.3,25.1,0.265,,77.8,,,,,14.0,1279.6,107.67285329583594,107.66643871960522,-1.372853295835938,-1.3664387196052274,-0.0064145762307106,0.5,,,,
2009,2008-09,Playoffs,7.0,Dallas Mavericks,29.1,5.0,5.0,5.0,5.0,,,,113.0,114.0,-1.0,89.9,0.375,0.272,0.576,,0.525,11.0,24.7,0.271,,77.4,,,,,10.0,899.0,107.67285329583594,107.66643871960522,5.327146704164065,6.333561280394775,-1.0064145762307106,0.5,,,,
2009,2008-09,Playoffs,8.0,Houston Rockets,26.9,7.0,6.0,6.0,7.0,,,,104.7,106.4,-1.7,87.4,0.288,0.265,0.533,,0.487,11.6,24.8,0.21,,73.7,,,,,13.0,1136.2,107.67285329583594,107.66643871960522,-2.9728532958359324,-1.266438719605219,-1.7064145762307137,0.538,,,,
2009,2008-09,Playoffs,9.0,Chicago Bulls,25.5,3.0,4.0,3.0,4.0,,,,105.9,110.1,-4.2,92.6,0.343,0.221,0.54,,0.495,11.6,24.3,0.243,,73.2,,,,,7.0,648.1999999999999,107.67285329583594,107.66643871960522,-1.7728532958359295,2.4335612803947697,-4.206414576230699,0.429,,,,
2009,2008-09,Playoffs,10.0,Portland Trail Blazers,24.5,2.0,4.0,2.0,4.0,,,,103.9,110.2,-6.3,83.9,0.264,0.19,0.524,,0.517,12.8,23.7,0.222,,76.1,,,,,6.0,503.4,107.67285329583594,107.66643871960522,-3.7728532958359295,2.5335612803947782,-6.306414576230708,0.333,,,,
2009,2008-09,Playoffs,11.0,San Antonio Spurs,30.6,1.0,4.0,1.0,4.0,,,,105.4,112.4,-7.0,85.7,0.269,0.23,0.528,,0.516,12.1,21.3,0.274,,76.6,,,,,5.0,428.5,107.67285329583594,107.66643871960522,-2.272853295835929,4.733561280394781,-7.006414576230711,0.2,,,,
2009,2008-09,Playoffs,12.0,Atlanta Hawks,26.2,4.0,7.0,3.0,8.0,,,,102.0,110.6,-8.6,82.4,0.323,0.238,0.499,,0.514,14.4,26.1,0.263,,69.8,,,,,11.0,906.4,107.67285329583594,107.66643871960522,-5.672853295835935,2.9335612803947697,-8.606414576230705,0.364,,,,
2009,2008-09,Playoffs,13.0,Philadelphia 76ers,26.6,2.0,4.0,1.0,5.0,,,,100.5,109.2,-8.7,88.0,0.276,0.211,0.526,,0.514,12.9,21.3,0.237,,74.2,,,,,6.0,528.0,107.67285329583594,107.66643871960522,-7.172853295835935,1.5335612803947782,-8.706414576230713,0.333,,,,
2009,2008-09,Playoffs,14.0,Utah Jazz,25.6,1.0,4.0,1.0,4.0,,,,104.2,114.1,-9.9,93.4,0.373,0.18,0.517,,0.546,14.6,30.4,0.271,,73.5,,,,,5.0,467.0,107.67285329583594,107.66643871960522,-3.4728532958359324,6.43356128039477,-9.906414576230702,0.2,,,,
2009,2008-09,Playoffs,15.0,Detroit Pistons,28.3,0.0,4.0,0.0,4.0,,,,93.6,112.2,-18.6,83.3,0.188,0.159,0.468,,0.498,11.7,19.7,0.349,,73.2,,,,,4.0,333.2,107.67285329583594,107.66643871960522,-14.07285329583594,4.533561280394778,-18.60641457623072,0.0,,,,
2009,2008-09,Playoffs,16.0,New Orleans Hornets,28.3,1.0,4.0,0.0,5.0,,,,93.7,120.7,-27.0,89.8,0.399,0.262,0.51,,0.563,12.3,22.4,0.29,,73.5,,,,,5.0,449.0,107.67285329583594,107.66643871960522,-13.972853295835932,13.033561280394778,-27.00641457623071,0.2,,,,
2010,2009-10,Regular Season,1.0,Orlando Magic*,27.9,59.0,23.0,61.0,21.0,7.49,-0.37,7.12,111.4,103.3,8.1,92.0,0.34,0.35,0.573,,0.477,12.2,24.6,0.205,,77.4,,Amway Arena,715901.0,17461.0,82.0,7544.0,107.57520667097975,107.58102940119328,3.824793329020253,-4.28102940119328,8.105822730213532,,,,,
2010,2009-10,Regular Season,2.0,Cleveland Cavaliers*,28.0,61.0,21.0,59.0,23.0,6.52,-0.36,6.17,111.2,104.1,7.1,91.4,0.341,0.248,0.57,,0.482,12.3,25.1,0.218,,77.2,,Quicken Loans Arena,843042.0,20562.0,82.0,7494.8,107.57520667097975,107.58102940119328,3.6247933290202496,-3.4810294011932825,7.105822730213532,,,,,
2010,2009-10,Regular Season,3.0,Utah Jazz*,25.6,53.0,29.0,55.0,27.0,5.34,-0.01,5.33,110.7,105.0,5.7,93.8,0.34,0.184,0.565,,0.492,14.2,26.8,0.269,,75.6,,EnergySolutions Arena,794512.0,19378.0,82.0,7691.599999999999,107.57520667097975,107.58102940119328,3.1247933290202496,-2.581029401193277,5.705822730213527,,,,,
2010,2009-10,Regular Season,4.0,San Antonio Spurs*,28.7,50.0,32.0,55.0,27.0,5.09,-0.02,5.07,110.0,104.5,5.5,91.7,0.296,0.232,0.552,,0.483,12.1,26.8,0.214,,76.3,,AT&T Center,741676.0,18090.0,82.0,7519.400000000001,107.57520667097975,107.58102940119328,2.424793329020247,-3.081029401193277,5.505822730213524,,,,,
2010,2009-10,Regular Season,5.0,Atlanta Hawks*,26.5,53.0,29.0,54.0,28.0,4.66,-0.22,4.44,111.9,106.7,5.2,90.1,0.281,0.214,0.545,,0.496,13.2,28.2,0.208,,72.7,,Philips Arena,678375.0,16546.0,82.0,7388.2,107.57520667097975,107.58102940119328,4.3247933290202525,-0.881029401193274,5.205822730213527,,,,,
2010,2009-10,Regular Season,6.0,Phoenix Suns*,28.5,54.0,28.0,54.0,28.0,4.9,-0.23,4.67,115.3,110.2,5.1,95.3,0.312,0.261,0.585,,0.491,11.6,27.6,0.224,,70.8,,US Airways Center,723582.0,17648.0,82.0,7814.599999999999,107.57520667097975,107.58102940119328,7.724793329020244,2.618970598806726,5.105822730213518,,,,,
2010,2009-10,Regular Season,7.0,Los Angeles Lakers*,28.4,57.0,25.0,54.0,28.0,4.72,0.06,4.78,108.8,103.7,5.1,92.8,0.289,0.227,0.538,,0.484,13.2,27.6,0.195,,74.4,,STAPLES Center,778877.0,18997.0,82.0,7609.599999999999,107.57520667097975,107.58102940119328,1.224793329020244,-3.881029401193274,5.105822730213518,,,,,
2010,2009-10,Regular Season,8.0,Denver Nuggets*,27.7,53.0,29.0,52.0,30.0,4.09,0.06,4.15,111.8,107.5,4.3,94.8,0.376,0.227,0.561,,0.495,13.8,26.1,0.251,,72.4,,Pepsi Center,737301.0,17983.0,82.0,7773.599999999999,107.57520667097975,107.58102940119328,4.224793329020244,-0.0810294011932768,4.305822730213521,,,,,
2010,2009-10,Regular Season,9.0,Boston Celtics*,29.4,50.0,32.0,52.0,30.0,3.66,-0.29,3.37,107.7,103.8,3.9,91.6,0.332,0.228,0.564,,0.487,14.9,22.8,0.251,,73.8,,TD Garden,763584.0,18624.0,82.0,7511.2,107.57520667097975,107.58102940119328,0.1247933290202496,-3.78102940119328,3.905822730213529,,,,,
2010,2009-10,Regular Season,10.0,Portland Trail Blazers*,26.6,50.0,32.0,51.0,31.0,3.3,-0.13,3.18,110.8,107.1,3.7,87.7,0.315,0.215,0.547,,0.502,13.3,28.2,0.219,,74.8,,Rose Garden Arena,840371.0,20497.0,82.0,7191.400000000001,107.57520667097975,107.58102940119328,3.224793329020244,-0.4810294011932825,3.7058227302135274,,,,,
2010,2009-10,Regular Season,11.0,Oklahoma City Thunder*,23.2,50.0,32.0,51.0,31.0,3.49,0.06,3.55,108.3,104.6,3.7,93.1,0.333,0.185,0.547,,0.483,14.0,28.6,0.229,,73.6,,Oklahoma City Arena,738149.0,18004.0,82.0,7634.2,107.57520667097975,107.58102940119328,0.724793329020244,-2.9810294011932825,3.7058227302135274,,,,,
2010,2009-10,Regular Season,12.0,Dallas Mavericks*,30.7,55.0,27.0,49.0,33.0,2.72,-0.06,2.66,109.2,106.3,2.9,92.5,0.277,0.222,0.552,,0.495,13.6,24.3,0.206,,73.7,,American Airlines Center,819770.0,19994.0,82.0,7585.0,107.57520667097975,107.58102940119328,1.6247933290202496,-1.2810294011932797,2.9058227302135293,,,,,
2010,2009-10,Regular Season,13.0,Miami Heat*,27.1,47.0,35.0,48.0,34.0,2.28,-0.29,1.99,106.6,104.1,2.5,89.6,0.296,0.219,0.537,,0.48,13.9,26.1,0.246,,74.9,,AmericanAirlines Arena,726935.0,17730.0,82.0,7347.2,107.57520667097975,107.58102940119328,-0.9752066709797588,-3.4810294011932825,2.505822730213524,,,,,
2010,2009-10,Regular Season,14.0,Milwaukee Bucks*,26.4,46.0,36.0,46.0,36.0,1.7,-0.32,1.37,104.9,103.1,1.8,91.7,0.239,0.259,0.518,,0.486,14.6,26.2,0.266,,76.4,,Bradley Center,619453.0,15109.0,82.0,7519.400000000001,107.57520667097975,107.58102940119328,-2.6752066709797475,-4.4810294011932825,1.805822730213535,,,,,
2010,2009-10,Regular Season,15.0,Charlotte Bobcats*,27.4,44.0,38.0,45.0,37.0,1.46,-0.17,1.3,104.4,102.8,1.6,90.4,0.346,0.211,0.538,,0.491,14.7,26.5,0.194,,74.2,,Time Warner Cable Arena,648520.0,15818.0,82.0,7412.8,107.57520667097975,107.58102940119328,-3.1752066709797475,-4.78102940119328,1.6058227302135322,,,,,
2010,2009-10,Regular Season,16.0,Houston Rockets,26.0,42.0,40.0,40.0,42.0,-0.37,0.35,-0.02,107.6,108.0,-0.4,94.0,0.292,0.265,0.537,,0.511,13.6,26.9,0.215,,73.8,,Toyota Center,677658.0,16528.0,82.0,7708.0,107.57520667097975,107.58102940119328,0.0247933290202411,0.4189705988067231,-0.394177269786482,,,,,
2010,2009-10,Regular Season,17.0,Memphis Grizzlies,24.1,40.0,42.0,37.0,45.0,-1.51,0.13,-1.39,108.3,109.9,-1.6,93.6,0.32,0.148,0.536,,0.52,13.2,31.3,0.205,,73.3,,FedEx Forum,552914.0,13486.0,82.0,7675.2,107.57520667097975,107.58102940119328,0.724793329020244,2.318970598806729,-1.5941772697864849,,,,,
2010,2009-10,Regular Season,18.0,Chicago Bulls*,26.2,41.0,41.0,36.0,46.0,-1.63,0.0,-1.64,103.5,105.3,-1.8,93.1,0.287,0.156,0.52,,0.484,12.3,26.6,0.212,,74.8,,United Center,849760.0,20726.0,82.0,7634.2,107.57520667097975,107.58102940119328,-4.075206670979753,-2.28102940119328,-1.7941772697864735,,,,,
2010,2009-10,Regular Season,19.0,Toronto Raptors,25.2,40.0,42.0,36.0,46.0,-1.78,-0.05,-1.83,111.3,113.2,-1.9,93.1,0.319,0.211,0.564,,0.513,11.8,24.7,0.247,,72.9,,Air Canada Centre,733784.0,17897.0,82.0,7634.2,107.57520667097975,107.58102940119328,3.724793329020244,5.618970598806726,-1.894177269786482,,,,,
2010,2009-10,Regular Season,20.0,New Orleans Hornets,27.5,37.0,45.0,34.0,48.0,-2.46,0.19,-2.27,107.4,110.1,-2.7,92.6,0.243,0.23,0.543,,0.523,13.5,24.8,0.205,,73.8,,New Orleans Arena,617366.0,15058.0,82.0,7593.2,107.57520667097975,107.58102940119328,-0.1752066709797475,2.518970598806717,-2.694177269786465,,,,,
2010,2009-10,Regular Season,21.0,Indiana Pacers,26.6,32.0,50.0,33.0,49.0,-3.01,-0.1,-3.11,103.7,106.8,-3.1,97.1,0.296,0.278,0.536,,0.49,13.4,21.6,0.258,,73.0,,Conseco Fieldhouse,582295.0,14202.0,82.0,7962.2,107.57520667097975,107.58102940119328,-3.8752066709797504,-0.7810294011932797,-3.0941772697864707,,,,,
2010,2009-10,Regular Season,22.0,Golden State Warriors,25.1,26.0,56.0,32.0,50.0,-3.6,0.32,-3.28,108.1,111.7,-3.6,100.4,0.294,0.238,0.557,,0.525,15.1,20.9,0.26,,68.5,,Oracle Arena,739120.0,18027.0,82.0,8232.800000000001,107.57520667097975,107.58102940119328,0.5247933290202411,4.118970598806726,-3.594177269786485,,,,,
2010,2009-10,Regular Season,23.0,New York Knicks,25.4,29.0,53.0,31.0,51.0,-3.82,-0.19,-4.01,107.6,111.6,-4.0,94.0,0.256,0.312,0.547,,0.526,13.3,23.5,0.207,,72.1,,Madison Square Garden (IV),799550.0,19501.0,82.0,7708.0,107.57520667097975,107.58102940119328,0.0247933290202411,4.0189705988067175,-3.994177269786477,,,,,
2010,2009-10,Regular Season,24.0,Philadelphia 76ers,25.4,27.0,55.0,30.0,52.0,-3.9,-0.03,-3.93,106.1,110.3,-4.2,91.6,0.27,0.206,0.534,,0.518,13.8,27.6,0.231,,73.2,,Wachovia Center,583219.0,14225.0,82.0,7511.2,107.57520667097975,107.58102940119328,-1.4752066709797589,2.7189705988067203,-4.194177269786479,,,,,
2010,2009-10,Regular Season,25.0,Sacramento Kings,24.1,25.0,57.0,29.0,53.0,-4.37,0.3,-4.06,105.3,109.9,-4.6,94.0,0.286,0.201,0.528,,0.505,12.6,27.8,0.244,,73.5,,Power Balance Pavilion,543416.0,13254.0,82.0,7708.0,107.57520667097975,107.58102940119328,-2.275206670979756,2.318970598806729,-4.594177269786485,,,,,
2010,2009-10,Regular Season,26.0,Washington Wizards,27.6,26.0,56.0,28.0,54.0,-4.78,0.06,-4.72,104.2,109.4,-5.2,91.6,0.283,0.183,0.524,,0.502,12.8,27.6,0.239,,72.4,,Verizon Center,664398.0,16205.0,82.0,7511.2,107.57520667097975,107.58102940119328,-3.3752066709797504,1.8189705988067288,-5.194177269786479,,,,,
2010,2009-10,Regular Season,27.0,Detroit Pistons,26.7,27.0,55.0,26.0,56.0,-5.11,0.09,-5.02,105.6,111.4,-5.8,88.5,0.303,0.18,0.515,,0.526,14.2,30.3,0.264,,73.4,,The Palace of Auburn Hills,768826.0,18752.0,82.0,7257.0,107.57520667097975,107.58102940119328,-1.9752066709797589,3.818970598806729,-5.794177269786488,,,,,
2010,2009-10,Regular Season,28.0,Los Angeles Clippers,27.3,29.0,53.0,24.0,58.0,-6.35,0.34,-6.01,103.3,110.1,-6.8,92.6,0.283,0.221,0.529,,0.509,12.2,27.1,0.214,,74.0,,STAPLES Center,670063.0,16343.0,82.0,7593.2,107.57520667097975,107.58102940119328,-4.275206670979756,2.518970598806717,-6.7941772697864735,,,,,
2010,2009-10,Regular Season,29.0,Minnesota Timberwolves,24.1,15.0,67.0,17.0,65.0,-9.6,0.54,-9.06,101.7,111.6,-9.9,96.1,0.278,0.171,0.518,,0.525,13.0,26.7,0.22,,73.6,,Target Center,619170.0,15102.0,82.0,7880.2,107.57520667097975,107.58102940119328,-5.87520667097975,4.0189705988067175,-9.894177269786468,,,,,
2010,2009-10,Regular Season,30.0,New Jersey Nets,24.8,12.0,70.0,17.0,65.0,-9.12,0.19,-8.93,100.6,110.5,-9.9,91.4,0.307,0.181,0.509,,0.517,13.3,25.1,0.229,,71.8,,Izod Center,537230.0,13103.0,82.0,7494.8,107.57520667097975,107.58102940119328,-6.975206670979759,2.918970598806723,-9.894177269786482,,,,,
2010,2009-10,Playoffs,1.0,Orlando Magic,28.0,10.0,4.0,11.0,3.0,,,,110.8,100.9,9.9,86.5,0.426,0.38,0.574,,0.458,13.6,24.8,0.269,,77.3,,,,,14.0,1211.0,108.5708814292124,108.57446873597912,2.2291185707876053,-7.674468735979104,9.90358730676671,0.714,,,,
2010,2009-10,Playoffs,2.0,Phoenix Suns,28.9,10.0,6.0,10.0,6.0,,,,117.8,112.7,5.1,90.9,0.353,0.307,0.582,,0.512,11.1,27.4,0.242,,72.6,,,,,16.0,1454.4,108.5708814292124,108.57446873597912,9.229118570787604,4.125531264020893,5.103587306766713,0.625,,,,
2010,2009-10,Playoffs,3.0,Los Angeles Lakers,29.0,16.0,7.0,15.0,8.0,,,,112.8,108.6,4.2,89.6,0.32,0.255,0.546,,0.475,12.0,30.9,0.277,,72.4,,,,,23.0,2060.8,108.5708814292124,108.57446873597912,4.229118570787605,0.0255312640208842,4.203587306766721,0.696,,,,
2010,2009-10,Playoffs,4.0,Boston Celtics,29.4,15.0,9.0,14.0,10.0,,,,104.8,101.7,3.1,89.2,0.341,0.211,0.539,,0.473,15.2,23.1,0.285,,74.6,,,,,24.0,2140.8,108.5708814292124,108.57446873597912,-3.770881429212394,-6.874468735979107,3.103587306766713,0.625,,,,
2010,2009-10,Playoffs,5.0,Cleveland Cavaliers,29.2,6.0,5.0,6.0,5.0,,,,108.2,106.8,1.4,92.6,0.42,0.277,0.568,,0.481,11.0,22.1,0.24,,75.7,,,,,11.0,1018.6,108.5708814292124,108.57446873597912,-0.370881429212389,-1.774468735979113,1.403587306766724,0.545,,,,
2010,2009-10,Playoffs,6.0,Dallas Mavericks,31.2,2.0,4.0,3.0,3.0,,,,105.1,105.6,-0.5,88.4,0.294,0.244,0.518,,0.486,12.3,28.1,0.224,,74.0,,,,,6.0,530.4000000000001,108.5708814292124,108.57446873597912,-3.470881429212397,-2.974468735979116,-0.4964126932332817,0.333,,,,
2010,2009-10,Playoffs,7.0,Denver Nuggets,27.5,2.0,4.0,3.0,3.0,,,,113.9,115.1,-1.2,96.0,0.469,0.231,0.577,,0.548,13.5,25.8,0.357,,76.9,,,,,6.0,576.0,108.5708814292124,108.57446873597912,5.329118570787614,6.525531264020884,-1.1964126932332704,0.333,,,,
2010,2009-10,Playoffs,8.0,Oklahoma City Thunder,22.9,2.0,4.0,3.0,3.0,,,,103.6,105.4,-1.8,90.6,0.412,0.236,0.506,,0.488,12.4,26.7,0.196,,73.6,,,,,6.0,543.5999999999999,108.5708814292124,108.57446873597912,-4.9708814292123975,-3.1744687359791044,-1.7964126932332931,0.333,,,,
2010,2009-10,Playoffs,9.0,Utah Jazz,24.8,4.0,6.0,4.0,6.0,,,,114.0,116.4,-2.4,93.9,0.421,0.219,0.568,,0.522,12.1,26.5,0.327,,71.0,,,,,10.0,939.0,108.5708814292124,108.57446873597912,5.429118570787608,7.825531264020896,-2.3964126932332874,0.4,,,,
2010,2009-10,Playoffs,10.0,San Antonio Spurs,29.1,4.0,6.0,4.0,6.0,,,,105.7,109.4,-3.7,90.9,0.339,0.181,0.533,,0.499,12.7,24.0,0.245,,73.6,,,,,10.0,909.0,108.5708814292124,108.57446873597912,-2.870881429212389,0.8255312640208956,-3.6964126932332846,0.4,,,,
2010,2009-10,Playoffs,11.0,Milwaukee Bucks,27.8,3.0,4.0,3.0,4.0,,,,105.0,109.3,-4.3,85.7,0.25,0.268,0.51,,0.482,11.9,27.9,0.201,,66.9,,,,,7.0,599.9,108.5708814292124,108.57446873597912,-3.570881429212392,0.7255312640208871,-4.296412693233279,0.429,,,,
2010,2009-10,Playoffs,12.0,Atlanta Hawks,26.3,4.0,7.0,3.0,8.0,,,,104.3,112.2,-7.9,85.8,0.276,0.171,0.501,,0.515,12.3,29.8,0.224,,72.4,,,,,11.0,943.8,108.5708814292124,108.57446873597912,-4.270881429212395,3.6255312640208928,-7.896412693233287,0.364,,,,
2010,2009-10,Playoffs,13.0,Miami Heat,27.0,1.0,4.0,1.0,4.0,,,,96.2,105.2,-9.0,91.1,0.241,0.236,0.513,,0.523,15.6,22.6,0.266,,79.2,,,,,5.0,455.5,108.5708814292124,108.57446873597912,-12.370881429212387,-3.3744687359791072,-8.996412693233282,0.2,,,,
2010,2009-10,Playoffs,14.0,Chicago Bulls,25.6,1.0,4.0,1.0,4.0,,,,105.0,115.0,-10.0,92.4,0.265,0.125,0.504,,0.558,13.2,25.0,0.249,,77.0,,,,,5.0,462.0,108.5708814292124,108.57446873597912,-3.570881429212392,6.42553126402089,-9.996412693233282,0.2,,,,
2010,2009-10,Playoffs,15.0,Charlotte Bobcats,27.6,0.0,4.0,1.0,3.0,,,,100.2,111.0,-10.8,85.4,0.362,0.241,0.523,,0.522,13.3,23.0,0.335,,75.2,,,,,4.0,341.6,108.5708814292124,108.57446873597912,-8.370881429212389,2.42553126402089,-10.79641269323328,0.0,,,,
2010,2009-10,Playoffs,16.0,Portland Trail Blazers,26.6,2.0,4.0,1.0,5.0,,,,106.5,118.3,-11.8,87.3,0.364,0.217,0.522,,0.536,12.4,26.5,0.247,,71.0,,,,,6.0,523.8,108.5708814292124,108.57446873597912,-2.070881429212392,9.725531264020889,-11.79641269323328,0.333,,,,
2011,2010-11,Regular Season,1.0,Miami Heat*,29.0,58.0,24.0,61.0,21.0,7.46,-0.71,6.76,111.7,103.5,8.2,90.9,0.363,0.235,0.573,,0.475,12.6,25.2,0.223,,75.5,,AmericanAirlines Arena,810930.0,19779.0,82.0,7453.8,107.26402765710976,107.26281856356796,4.435972342890253,-3.762818563567947,8.1987909064582,,,,,
2011,2010-11,Regular Season,2.0,Chicago Bulls*,26.4,62.0,20.0,61.0,21.0,7.32,-0.79,6.53,108.3,100.3,8.0,90.4,0.305,0.215,0.541,,0.463,13.6,29.4,0.222,,76.2,,United Center,893462.0,21792.0,82.0,7412.8,107.26402765710976,107.26281856356796,1.035972342890247,-6.96281856356795,7.998790906458197,,,,,
2011,2010-11,Regular Season,3.0,Los Angeles Lakers*,30.2,57.0,25.0,58.0,24.0,6.11,-0.1,6.01,111.0,104.3,6.7,90.7,0.293,0.22,0.545,,0.477,12.8,29.2,0.181,,72.3,,STAPLES Center,778877.0,18997.0,82.0,7437.400000000001,107.26402765710976,107.26281856356796,3.73597234289025,-2.96281856356795,6.6987909064582,,,,,
2011,2010-11,Regular Season,4.0,San Antonio Spurs*,28.8,61.0,21.0,56.0,26.0,5.71,0.16,5.86,111.8,105.6,6.2,92.3,0.299,0.261,0.567,,0.491,12.6,24.9,0.19,,74.6,,AT&T Center,750879.0,18314.0,82.0,7568.599999999999,107.26402765710976,107.26281856356796,4.535972342890247,-1.6628185635679529,6.1987909064582,,,,,
2011,2010-11,Regular Season,5.0,Boston Celtics*,29.5,56.0,26.0,57.0,25.0,5.37,-0.54,4.83,106.2,100.3,5.9,90.4,0.305,0.18,0.561,,0.469,14.8,21.1,0.235,,74.7,,TD Garden,763584.0,18624.0,82.0,7412.8,107.26402765710976,107.26281856356796,-1.0640276571097471,-6.96281856356795,5.898790906458203,,,,,
2011,2010-11,Regular Season,6.0,Orlando Magic*,27.6,52.0,30.0,56.0,26.0,5.46,-0.54,4.92,107.9,102.0,5.9,91.2,0.328,0.328,0.554,,0.475,13.3,26.1,0.219,,76.9,,Amway Center,777852.0,18972.0,82.0,7478.400000000001,107.26402765710976,107.26281856356796,0.6359723428902555,-5.262818563567947,5.898790906458203,,,,,
2011,2010-11,Regular Season,7.0,Denver Nuggets*,27.3,50.0,32.0,54.0,28.0,4.76,0.05,4.81,112.3,107.3,5.0,95.6,0.367,0.258,0.574,,0.5,12.7,23.9,0.224,,75.4,,Pepsi Center,696568.0,16989.0,82.0,7839.2,107.26402765710976,107.26281856356796,5.035972342890247,0.0371814364320499,4.998790906458197,,,,,
2011,2010-11,Regular Season,8.0,Dallas Mavericks*,30.9,57.0,25.0,53.0,29.0,4.23,0.18,4.41,109.7,105.0,4.7,91.3,0.286,0.274,0.565,,0.488,13.0,24.1,0.206,,74.8,,American Airlines Center,824162.0,20102.0,82.0,7486.599999999999,107.26402765710976,107.26281856356796,2.4359723428902527,-2.262818563567947,4.6987909064582,,,,,
2011,2010-11,Regular Season,9.0,Oklahoma City Thunder*,23.7,55.0,27.0,51.0,31.0,3.79,0.02,3.81,111.2,107.2,4.0,92.7,0.363,0.212,0.561,,0.493,12.9,27.4,0.228,,73.6,,Chesapeake Energy Arena,744068.0,18148.0,82.0,7601.400000000001,107.26402765710976,107.26281856356796,3.9359723428902527,-0.0628185635679443,3.998790906458197,,,,,
2011,2010-11,Regular Season,10.0,Memphis Grizzlies*,25.2,46.0,36.0,48.0,34.0,2.34,0.2,2.55,107.6,105.1,2.5,91.9,0.291,0.136,0.534,,0.502,15.7,28.9,0.228,,72.5,,FedEx Forum,600687.0,14651.0,82.0,7535.8,107.26402765710976,107.26281856356796,0.3359723428902441,-2.162818563567953,2.498790906458197,,,,,
2011,2010-11,Regular Season,11.0,Houston Rockets,26.5,43.0,39.0,47.0,35.0,2.18,0.19,2.37,111.3,109.0,2.3,94.2,0.299,0.264,0.55,,0.5,12.6,27.4,0.219,,72.7,,Toyota Center,663839.0,16191.0,82.0,7724.400000000001,107.26402765710976,107.26281856356796,4.035972342890247,1.7371814364320528,2.298790906458194,,,,,
2011,2010-11,Regular Season,12.0,Portland Trail Blazers*,26.7,48.0,34.0,46.0,36.0,1.52,0.32,1.85,108.8,107.1,1.7,87.9,0.278,0.228,0.533,,0.51,15.4,29.5,0.231,,72.0,,Rose Garden Arena,840924.0,20510.0,82.0,7207.8,107.26402765710976,107.26281856356796,1.535972342890247,-0.1628185635679528,1.6987909064582,,,,,
2011,2010-11,Regular Season,13.0,Philadelphia 76ers*,24.7,41.0,41.0,45.0,37.0,1.5,-0.5,1.01,106.6,105.0,1.6,91.7,0.273,0.184,0.535,,0.487,13.5,24.6,0.231,,74.5,,Wells Fargo Center,604823.0,14752.0,82.0,7519.400000000001,107.26402765710976,107.26281856356796,-0.6640276571097559,-2.262818563567947,1.598790906458191,,,,,
2011,2010-11,Regular Season,14.0,New Orleans Hornets*,26.3,46.0,36.0,44.0,38.0,0.89,0.39,1.28,106.2,105.2,1.0,88.7,0.296,0.192,0.537,,0.501,14.4,25.1,0.22,,76.2,,New Orleans Arena,603088.0,14709.0,82.0,7273.400000000001,107.26402765710976,107.26281856356796,-1.0640276571097471,-2.0628185635679444,0.998790906458197,,,,,
2011,2010-11,Regular Season,15.0,New York Knicks*,25.3,42.0,40.0,43.0,39.0,0.78,-0.3,0.48,110.9,110.1,0.8,95.6,0.304,0.303,0.561,,0.511,13.8,24.2,0.24,,71.9,,Madison Square Garden (IV),808879.0,19729.0,82.0,7839.2,107.26402765710976,107.26281856356796,3.635972342890256,2.837181436432047,0.7987909064582084,,,,,
2011,2010-11,Regular Season,16.0,Milwaukee Bucks,26.7,35.0,47.0,38.0,44.0,-0.84,-0.17,-1.02,101.6,102.5,-0.9,89.8,0.287,0.216,0.511,,0.481,14.7,24.7,0.236,,74.8,,Bradley Center,631912.0,15412.0,82.0,7363.599999999999,107.26402765710976,107.26281856356796,-5.664027657109756,-4.762818563567947,-0.9012090935418088,,,,,
2011,2010-11,Regular Season,17.0,Phoenix Suns,29.6,40.0,42.0,39.0,43.0,-0.89,0.43,-0.46,109.5,110.4,-0.9,94.4,0.283,0.271,0.559,,0.513,13.1,23.7,0.211,,71.6,,US Airways Center,720249.0,17567.0,82.0,7740.8,107.26402765710976,107.26281856356796,2.23597234289025,3.1371814364320585,-0.9012090935418088,,,,,
2011,2010-11,Regular Season,18.0,Atlanta Hawks*,27.4,44.0,38.0,39.0,43.0,-0.82,-0.28,-1.1,106.1,107.0,-0.9,89.3,0.269,0.222,0.542,,0.495,12.3,23.4,0.211,,74.6,,Philips Arena,641596.0,15649.0,82.0,7322.599999999999,107.26402765710976,107.26281856356796,-1.164027657109756,-0.2628185635679472,-0.9012090935418088,,,,,
2011,2010-11,Regular Season,19.0,Indiana Pacers*,25.9,37.0,45.0,38.0,44.0,-1.07,-0.3,-1.38,104.8,106.0,-1.2,94.7,0.3,0.244,0.533,,0.487,12.8,25.9,0.237,,74.1,,Conseco Fieldhouse,555077.0,13538.0,82.0,7765.400000000001,107.26402765710976,107.26281856356796,-2.464027657109753,-1.2628185635679472,-1.2012090935418058,,,,,
2011,2010-11,Regular Season,20.0,Utah Jazz,26.8,39.0,43.0,36.0,46.0,-1.83,0.39,-1.44,108.1,110.1,-2.0,91.0,0.313,0.191,0.544,,0.505,13.8,27.0,0.275,,71.7,,EnergySolutions Arena,799982.0,19512.0,82.0,7462.0,107.26402765710976,107.26281856356796,0.8359723428902441,2.837181436432047,-2.001209093541803,,,,,
2011,2010-11,Regular Season,21.0,Golden State Warriors,25.2,36.0,46.0,35.0,47.0,-2.33,0.33,-2.0,108.2,110.7,-2.5,94.8,0.241,0.248,0.544,,0.509,14.5,26.7,0.259,,69.3,,Oracle Arena,766398.0,18693.0,82.0,7773.599999999999,107.26402765710976,107.26281856356796,0.9359723428902528,3.437181436432056,-2.501209093541803,,,,,
2011,2010-11,Regular Season,22.0,Los Angeles Clippers,24.6,32.0,50.0,32.0,50.0,-3.13,0.42,-2.71,105.3,108.7,-3.4,92.8,0.332,0.23,0.535,,0.499,12.8,28.4,0.25,,73.2,,STAPLES Center,727462.0,17743.0,82.0,7609.599999999999,107.26402765710976,107.26281856356796,-1.964027657109753,1.4371814364320556,-3.4012090935418087,,,,,
2011,2010-11,Regular Season,23.0,Detroit Pistons,27.2,30.0,52.0,31.0,51.0,-3.6,-0.18,-3.78,107.7,111.7,-4.0,89.2,0.279,0.189,0.533,,0.526,13.8,27.4,0.235,,72.1,,The Palace of Auburn Hills,683080.0,16660.0,82.0,7314.400000000001,107.26402765710976,107.26281856356796,0.4359723428902526,4.437181436432056,-4.001209093541803,,,,,
2011,2010-11,Regular Season,24.0,Charlotte Bobcats,26.9,34.0,48.0,29.0,53.0,-4.0,-0.08,-4.08,103.4,107.8,-4.4,89.6,0.314,0.189,0.528,,0.5,12.9,25.7,0.229,,75.2,,Time Warner Cable Arena,649694.0,15846.0,82.0,7347.2,107.26402765710976,107.26281856356796,-3.864027657109745,0.53718143643205,-4.4012090935417945,,,,,
2011,2010-11,Regular Season,25.0,Sacramento Kings,24.8,24.0,58.0,27.0,55.0,-5.34,0.54,-4.8,103.5,109.0,-5.5,95.2,0.284,0.183,0.519,,0.513,13.5,29.9,0.233,,74.4,,Power Balance Pavilion,569496.0,13890.0,82.0,7806.400000000001,107.26402765710976,107.26281856356796,-3.76402765710975,1.7371814364320528,-5.501209093541803,,,,,
2011,2010-11,Regular Season,26.0,New Jersey Nets,24.8,24.0,58.0,24.0,58.0,-6.24,-0.04,-6.28,103.1,109.9,-6.8,89.9,0.283,0.201,0.517,,0.503,11.8,26.1,0.241,,74.2,,Prudential Center,581378.0,13949.0,82.0,7371.8,107.26402765710976,107.26281856356796,-4.164027657109756,2.6371814364320585,-6.801209093541814,,,,,
2011,2010-11,Regular Season,27.0,Toronto Raptors,24.5,22.0,60.0,24.0,58.0,-6.28,0.01,-6.28,106.1,112.9,-6.8,92.9,0.293,0.162,0.533,,0.522,13.0,28.2,0.251,,72.0,,Air Canada Centre,680255.0,16592.0,82.0,7617.8,107.26402765710976,107.26281856356796,-1.164027657109756,5.6371814364320585,-6.801209093541814,,,,,
2011,2010-11,Regular Season,28.0,Minnesota Timberwolves,23.8,17.0,65.0,24.0,58.0,-6.63,0.67,-5.97,104.2,111.1,-6.9,96.5,0.282,0.223,0.526,,0.514,13.1,29.6,0.251,,73.7,,Target Center,624960.0,15243.0,82.0,7913.0,107.26402765710976,107.26281856356796,-3.064027657109748,3.837181436432047,-6.9012090935417945,,,,,
2011,2010-11,Regular Season,29.0,Washington Wizards,24.9,23.0,59.0,22.0,60.0,-7.4,0.11,-7.3,102.4,110.2,-7.8,93.8,0.29,0.172,0.513,,0.512,14.4,28.0,0.249,,70.5,,Verizon Center,688466.0,16792.0,82.0,7691.599999999999,107.26402765710976,107.26281856356796,-4.8640276571097445,2.937181436432056,-7.8012090935418,,,,,
2011,2010-11,Regular Season,30.0,Cleveland Cavaliers,26.6,19.0,63.0,18.0,64.0,-9.01,0.14,-8.88,102.2,111.8,-9.6,93.0,0.312,0.224,0.518,,0.524,12.7,24.2,0.211,,73.3,,Quicken Loans Arena,824595.0,20112.0,82.0,7626.0,107.26402765710976,107.26281856356796,-5.064027657109747,4.53718143643205,-9.601209093541796,,,,,
2011,2010-11,Playoffs,1.0,Dallas Mavericks,31.6,16.0,5.0,15.0,6.0,,,,112.9,106.3,6.6,86.6,0.339,0.297,0.571,,0.482,13.5,25.1,0.245,,71.7,,,,,21.0,1818.6,105.9733314117796,105.98657958747522,6.926668588220409,0.3134204125247777,6.613248175695631,0.762,,,,
2011,2010-11,Playoffs,2.0,Chicago Bulls,26.0,9.0,7.0,11.0,5.0,,,,105.8,100.9,4.9,86.9,0.288,0.238,0.51,,0.462,13.9,32.3,0.256,,76.1,,,,,16.0,1390.4,105.9733314117796,105.98657958747522,-0.1733314117795998,-5.086579587475214,4.913248175695614,0.563,,,,
2011,2010-11,Playoffs,3.0,Miami Heat,28.0,14.0,7.0,13.0,8.0,,,,106.4,103.4,3.0,86.3,0.379,0.244,0.542,,0.475,13.0,26.0,0.215,,75.4,,,,,21.0,1812.3,105.9733314117796,105.98657958747522,0.4266685882204086,-2.5865795874752138,3.0132481756956224,0.667,,,,
2011,2010-11,Playoffs,4.0,Orlando Magic,27.2,2.0,4.0,3.0,3.0,,,,102.4,100.3,2.1,86.6,0.367,0.31,0.503,,0.465,13.1,28.9,0.205,,76.6,,,,,6.0,519.5999999999999,105.9733314117796,105.98657958747522,-3.573331411779592,-5.686579587475222,2.113248175695631,0.333,,,,
2011,2010-11,Playoffs,5.0,Oklahoma City Thunder,23.8,9.0,8.0,10.0,7.0,,,,109.5,107.5,2.0,90.8,0.393,0.25,0.548,,0.46,11.4,31.3,0.305,,74.4,,,,,17.0,1543.6,105.9733314117796,105.98657958747522,3.526668588220403,1.5134204125247803,2.0132481756956224,0.529,,,,
2011,2010-11,Playoffs,6.0,Boston Celtics,29.9,5.0,4.0,5.0,4.0,,,,105.1,103.6,1.5,89.1,0.262,0.208,0.552,,0.466,14.2,23.6,0.276,,72.1,,,,,9.0,801.9,105.9733314117796,105.98657958747522,-0.8733314117796027,-2.386579587475225,1.5132481756956224,0.556,,,,
2011,2010-11,Playoffs,7.0,Memphis Grizzlies,26.2,7.0,6.0,6.0,7.0,,,,105.4,106.1,-0.7,90.0,0.335,0.144,0.512,,0.482,14.3,28.1,0.289,,72.2,,,,,13.0,1170.0,105.9733314117796,105.98657958747522,-0.5733314117795913,0.1134204125247748,-0.6867518243043662,0.538,,,,
2011,2010-11,Playoffs,8.0,Los Angeles Lakers,30.1,4.0,6.0,5.0,5.0,,,,107.8,109.3,-1.5,86.5,0.315,0.213,0.526,,0.524,13.7,30.8,0.245,,78.8,,,,,10.0,865.0,105.9733314117796,105.98657958747522,1.8266685882204,3.3134204125247777,-1.4867518243043776,0.4,,,,
2011,2010-11,Playoffs,9.0,San Antonio Spurs,29.7,2.0,4.0,2.0,4.0,,,,102.2,105.6,-3.4,90.8,0.369,0.235,0.526,,0.498,13.1,23.6,0.238,,76.8,,,,,6.0,544.8,105.9733314117796,105.98657958747522,-3.773331411779594,-0.3865795874752251,-3.386751824304369,0.333,,,,
2011,2010-11,Playoffs,10.0,Atlanta Hawks,26.7,6.0,6.0,4.0,8.0,,,,100.4,105.5,-5.1,85.9,0.289,0.184,0.505,,0.47,12.4,22.9,0.233,,70.6,,,,,12.0,1030.8000000000002,105.9733314117796,105.98657958747522,-5.573331411779591,-0.4865795874752194,-5.086751824304372,0.5,,,,
2011,2010-11,Playoffs,11.0,Denver Nuggets,26.4,1.0,4.0,2.0,3.0,,,,103.4,108.5,-5.1,94.2,0.468,0.239,0.525,,0.468,12.5,17.2,0.343,,70.8,,,,,5.0,471.0,105.9733314117796,105.98657958747522,-2.573331411779592,2.5134204125247805,-5.086751824304372,0.2,,,,
2011,2010-11,Playoffs,12.0,Portland Trail Blazers,27.6,2.0,4.0,2.0,4.0,,,,106.3,112.5,-6.2,83.0,0.294,0.228,0.534,,0.507,12.5,24.4,0.253,,71.5,,,,,6.0,498.0,105.9733314117796,105.98657958747522,0.3266685882204001,6.5134204125247805,-6.18675182430438,0.333,,,,
2011,2010-11,Playoffs,13.0,Indiana Pacers,25.4,1.0,4.0,1.0,4.0,,,,100.2,108.5,-8.3,90.0,0.304,0.192,0.496,,0.461,14.8,29.1,0.291,,63.2,,,,,5.0,450.0,105.9733314117796,105.98657958747522,-5.773331411779594,2.5134204125247805,-8.286751824304375,0.2,,,,
2011,2010-11,Playoffs,14.0,New Orleans Hornets,26.0,2.0,4.0,2.0,4.0,,,,104.7,113.1,-8.4,85.3,0.36,0.195,0.537,,0.5,12.9,21.2,0.295,,67.7,,,,,6.0,511.8,105.9733314117796,105.98657958747522,-1.2733314117795942,7.113420412524775,-8.386751824304369,0.333,,,,
2011,2010-11,Playoffs,15.0,Philadelphia 76ers,24.6,1.0,4.0,1.0,4.0,,,,100.7,109.3,-8.6,86.0,0.213,0.201,0.485,,0.462,11.3,23.9,0.303,,69.1,,,,,5.0,430.0,105.9733314117796,105.98657958747522,-5.273331411779594,3.3134204125247777,-8.586751824304372,0.2,,,,
2011,2010-11,Playoffs,16.0,New York Knicks,26.7,0.0,4.0,1.0,3.0,,,,99.0,108.2,-9.2,91.7,0.298,0.286,0.483,,0.52,15.7,30.7,0.174,,69.3,,,,,4.0,366.8,105.9733314117796,105.98657958747522,-6.973331411779597,2.2134204125247834,-9.18675182430438,0.0,,,,
2012,2011-12,Regular Season,1.0,Chicago Bulls*,27.1,50.0,16.0,51.0,15.0,8.18,-0.76,7.43,107.4,98.3,9.1,89.1,0.255,0.205,0.523,,0.45,12.8,32.6,0.175,,74.3,,United Center,731326.0,22161.0,66.0,5880.599999999999,104.60689869257176,104.61712073625009,2.7931013074282447,-6.317120736250075,9.11022204367832,,,,,
2012,2011-12,Regular Season,2.0,San Antonio Spurs*,27.5,50.0,16.0,48.0,18.0,7.17,0.11,7.28,110.9,103.2,7.7,92.9,0.261,0.257,0.562,,0.489,12.9,25.1,0.168,,76.0,,AT&T Center,607095.0,18397.0,66.0,6131.400000000001,104.60689869257176,104.61712073625009,6.293101307428245,-1.4171207362500695,7.710222043678314,,,,,
2012,2011-12,Regular Season,3.0,Oklahoma City Thunder*,25.1,47.0,19.0,46.0,20.0,6.12,0.32,6.44,109.8,103.2,6.6,93.0,0.334,0.252,0.567,,0.465,13.0,27.8,0.207,,72.1,,Chesapeake Energy Arena,600699.0,18203.0,66.0,6138.0,104.60689869257176,104.61712073625009,5.193101307428236,-1.4171207362500695,6.610222043678306,,,,,
2012,2011-12,Regular Season,4.0,Miami Heat*,28.3,46.0,20.0,47.0,19.0,5.98,-0.27,5.72,106.6,100.2,6.4,91.2,0.307,0.198,0.549,,0.479,15.8,26.6,0.2,,73.9,,AmericanAirlines Arena,657855.0,19935.0,66.0,6019.2,104.60689869257176,104.61712073625009,1.993101307428233,-4.4171207362500695,6.410222043678303,,,,,
2012,2011-12,Regular Season,5.0,Philadelphia 76ers*,24.9,35.0,31.0,43.0,23.0,4.24,-0.65,3.59,103.9,99.2,4.7,89.7,0.217,0.175,0.511,,0.46,13.5,24.4,0.192,,75.2,,Wells Fargo Center,577597.0,17503.0,66.0,5920.2,104.60689869257176,104.61712073625009,-0.7068986925717553,-5.4171207362500695,4.710222043678314,,,,,
2012,2011-12,Regular Season,6.0,Atlanta Hawks*,27.9,40.0,26.0,41.0,25.0,3.44,-0.77,2.67,104.9,101.2,3.7,90.2,0.259,0.249,0.535,,0.48,14.4,23.9,0.186,,74.4,,Philips Arena,501593.0,15200.0,66.0,5953.2,104.60689869257176,104.61712073625009,0.2931013074282447,-3.417120736250069,3.710222043678314,,,,,
2012,2011-12,Regular Season,7.0,Indiana Pacers*,26.3,42.0,24.0,41.0,25.0,3.3,-0.71,2.6,106.7,103.1,3.6,90.7,0.321,0.198,0.526,,0.476,14.1,29.2,0.222,,72.3,,Bankers Life Fieldhouse,467561.0,14169.0,66.0,5986.2,104.60689869257176,104.61712073625009,2.093101307428242,-1.517120736250078,3.61022204367832,,,,,
2012,2011-12,Regular Season,8.0,New York Knicks*,26.3,36.0,30.0,41.0,25.0,3.2,-0.81,2.39,104.4,101.0,3.4,93.2,0.306,0.288,0.533,,0.485,15.9,26.6,0.224,,73.7,,Madison Square Garden (IV),652179.0,19763.0,66.0,6151.2,104.60689869257176,104.61712073625009,-0.2068986925717553,-3.617120736250072,3.410222043678317,,,,,
2012,2011-12,Regular Season,9.0,Denver Nuggets*,26.6,38.0,28.0,39.0,27.0,2.88,0.29,3.16,109.2,106.2,3.0,94.2,0.326,0.243,0.556,,0.508,14.3,27.7,0.185,,74.3,,Pepsi Center,561966.0,17029.0,66.0,6217.2,104.60689869257176,104.61712073625009,4.593101307428242,1.5828792637499305,3.010222043678312,,,,,
2012,2011-12,Regular Season,10.0,Boston Celtics*,29.3,39.0,27.0,39.0,27.0,2.52,-0.26,2.26,101.0,98.2,2.8,90.4,0.257,0.194,0.535,,0.452,14.9,19.7,0.216,,72.4,,TD Garden,614592.0,18624.0,66.0,5966.400000000001,104.60689869257176,104.61712073625009,-3.606898692571761,-6.4171207362500695,2.8102220436783085,,,,,
2012,2011-12,Regular Season,11.0,Los Angeles Clippers*,27.3,40.0,26.0,39.0,27.0,2.56,0.26,2.82,108.5,105.7,2.8,89.2,0.287,0.269,0.533,,0.492,14.2,29.5,0.245,,73.2,,STAPLES Center,634237.0,19219.0,66.0,5887.2,104.60689869257176,104.61712073625009,3.893101307428239,1.0828792637499305,2.8102220436783085,,,,,
2012,2011-12,Regular Season,12.0,Memphis Grizzlies*,25.6,41.0,25.0,38.0,28.0,2.02,0.42,2.43,104.0,101.8,2.2,90.8,0.277,0.157,0.515,,0.485,16.3,29.8,0.227,,72.7,,FedEx Forum,518446.0,15710.0,66.0,5992.8,104.60689869257176,104.61712073625009,-0.606898692571761,-2.817120736250075,2.210222043678314,,,,,
2012,2011-12,Regular Season,13.0,Los Angeles Lakers*,29.7,41.0,25.0,36.0,30.0,1.42,0.54,1.96,106.0,104.4,1.6,90.5,0.299,0.209,0.534,,0.476,10.7,29.1,0.158,,74.8,,STAPLES Center,626901.0,18997.0,66.0,5973.0,104.60689869257176,104.61712073625009,1.393101307428239,-0.2171207362500666,1.6102220436783057,,,,,
2012,2011-12,Regular Season,14.0,Dallas Mavericks*,31.3,36.0,30.0,35.0,31.0,0.95,0.83,1.78,103.3,102.3,1.0,91.4,0.246,0.271,0.527,,0.479,13.9,23.4,0.203,,74.8,,American Airlines Center,671050.0,20335.0,66.0,6032.400000000001,104.60689869257176,104.61712073625009,-1.3068986925717638,-2.317120736250075,1.0102220436783114,,,,,
2012,2011-12,Regular Season,15.0,Orlando Magic*,27.5,37.0,29.0,35.0,31.0,0.79,-0.33,0.46,105.0,104.1,0.9,89.0,0.292,0.346,0.533,,0.488,12.9,26.5,0.19,,75.5,,Amway Center,623587.0,18897.0,66.0,5874.0,104.60689869257176,104.61712073625009,0.393101307428239,-0.517120736250078,0.910222043678317,,,,,
2012,2011-12,Regular Season,16.0,Utah Jazz*,25.6,36.0,30.0,34.0,32.0,0.62,0.3,0.92,106.8,106.1,0.7,91.4,0.302,0.153,0.525,,0.493,13.8,30.2,0.245,,73.8,,EnergySolutions Arena,637124.0,19307.0,66.0,6032.400000000001,104.60689869257176,104.61712073625009,2.193101307428236,1.482879263749922,0.7102220436783142,,,,,
2012,2011-12,Regular Season,17.0,Milwaukee Bucks,26.2,31.0,35.0,34.0,32.0,0.27,-0.5,-0.23,105.5,105.2,0.3,93.7,0.25,0.224,0.521,,0.489,14.6,27.7,0.217,,70.9,,Bradley Center,485717.0,14719.0,66.0,6184.2,104.60689869257176,104.61712073625009,0.893101307428239,0.5828792637499305,0.3102220436783085,,,,,
2012,2011-12,Regular Season,18.0,Houston Rockets,26.2,34.0,32.0,34.0,32.0,0.23,0.35,0.57,105.5,105.2,0.3,91.7,0.235,0.24,0.529,,0.49,13.8,27.5,0.21,,73.4,,Toyota Center,506994.0,15363.0,66.0,6052.2,104.60689869257176,104.61712073625009,0.893101307428239,0.5828792637499305,0.3102220436783085,,,,,
2012,2011-12,Regular Season,19.0,Phoenix Suns,28.9,33.0,33.0,32.0,34.0,-0.24,0.53,0.29,106.2,106.5,-0.3,92.6,0.257,0.238,0.536,,0.491,13.1,25.8,0.2,,71.7,,US Airways Center,514718.0,15598.0,66.0,6111.599999999999,104.60689869257176,104.61712073625009,1.593101307428242,1.882879263749928,-0.2897779563216858,,,,,
2012,2011-12,Regular Season,20.0,Portland Trail Blazers,27.5,28.0,38.0,32.0,34.0,-0.62,0.41,-0.22,105.7,106.4,-0.7,91.2,0.263,0.255,0.531,,0.504,14.1,26.3,0.199,,72.8,,Rose Garden Arena,676384.0,20496.0,66.0,6019.2,104.60689869257176,104.61712073625009,1.093101307428242,1.782879263749933,-0.6897779563216915,,,,,
2012,2011-12,Regular Season,21.0,Minnesota Timberwolves,24.4,26.0,40.0,28.0,38.0,-2.2,0.37,-1.83,104.3,106.6,-2.3,93.3,0.306,0.262,0.524,,0.491,12.2,27.5,0.187,,73.0,,Target Center,577197.0,17491.0,66.0,6157.8,104.60689869257176,104.61712073625009,-0.3068986925717638,1.982879263749922,-2.289777956321686,,,,,
2012,2011-12,Regular Season,22.0,Golden State Warriors,25.3,23.0,43.0,25.0,41.0,-3.41,0.62,-2.79,105.4,109.1,-3.7,92.3,0.227,0.248,0.539,,0.496,13.6,22.9,0.237,,69.1,,Oracle Arena,622311.0,18858.0,66.0,6091.8,104.60689869257176,104.61712073625009,0.7931013074282447,4.482879263749922,-3.689777956321677,,,,,
2012,2011-12,Regular Season,23.0,Toronto Raptors,25.7,23.0,43.0,25.0,41.0,-3.3,-0.36,-3.67,100.8,104.5,-3.7,89.3,0.274,0.209,0.518,,0.475,12.8,25.9,0.26,,75.4,,Air Canada Centre,555584.0,16836.0,66.0,5893.8,104.60689869257176,104.61712073625009,-3.806898692571764,-0.1171207362500723,-3.689777956321692,,,,,
2012,2011-12,Regular Season,24.0,New Orleans Hornets,25.5,21.0,45.0,24.0,42.0,-3.76,0.65,-3.11,100.9,105.1,-4.2,88.3,0.274,0.152,0.517,,0.485,13.5,27.5,0.218,,73.1,,New Orleans Arena,498618.0,15110.0,66.0,5827.8,104.60689869257176,104.61712073625009,-3.7068986925717553,0.4828792637499219,-4.189777956321677,,,,,
2012,2011-12,Regular Season,25.0,Washington Wizards,24.2,20.0,46.0,22.0,44.0,-4.8,-0.34,-5.14,101.0,106.2,-5.2,92.5,0.253,0.196,0.508,,0.492,14.2,27.3,0.229,,70.9,,Verizon Center,552038.0,16728.0,66.0,6105.0,104.60689869257176,104.61712073625009,-3.606898692571761,1.5828792637499305,-5.189777956321692,,,,,
2012,2011-12,Regular Season,26.0,Detroit Pistons,26.3,25.0,41.0,22.0,44.0,-4.79,-0.4,-5.19,101.0,106.3,-5.3,89.2,0.279,0.175,0.51,,0.5,14.2,28.1,0.226,,72.8,,The Palace of Auburn Hills,475638.0,14413.0,66.0,5887.2,104.60689869257176,104.61712073625009,-3.606898692571761,1.6828792637499248,-5.289777956321686,,,,,
2012,2011-12,Regular Season,27.0,Sacramento Kings,24.3,22.0,44.0,21.0,45.0,-5.68,0.73,-4.95,103.8,109.8,-6.0,94.7,0.268,0.228,0.51,,0.515,13.9,29.1,0.199,,70.5,,Power Balance Pavilion,478764.0,14508.0,66.0,6250.2,104.60689869257176,104.61712073625009,-0.8068986925717638,5.182879263749925,-5.989777956321689,,,,,
2012,2011-12,Regular Season,28.0,New Jersey Nets,26.1,22.0,44.0,19.0,47.0,-5.98,-0.39,-6.37,102.9,109.6,-6.7,90.1,0.269,0.278,0.516,,0.513,13.7,27.8,0.209,,70.7,,Prudential Center,460719.0,13961.0,66.0,5946.599999999999,104.60689869257176,104.61712073625009,-1.7068986925717553,4.982879263749922,-6.689777956321677,,,,,
2012,2011-12,Regular Season,29.0,Cleveland Cavaliers,26.0,21.0,45.0,17.0,49.0,-7.2,-0.14,-7.34,101.1,108.9,-7.8,91.3,0.307,0.238,0.505,,0.508,13.1,28.9,0.202,,72.2,,Quicken Loans Arena,525577.0,15927.0,66.0,6025.8,104.60689869257176,104.61712073625009,-3.5068986925717667,4.282879263749933,-7.7897779563217,,,,,
2012,2011-12,Regular Season,30.0,Charlotte Bobcats,24.5,7.0,59.0,7.0,59.0,-13.91,-0.05,-13.96,95.2,110.4,-15.2,91.1,0.276,0.169,0.483,,0.512,12.8,23.6,0.206,,70.9,,Time Warner Cable Arena,486984.0,14757.0,66.0,6012.599999999999,104.60689869257176,104.61712073625009,-9.406898692571758,5.782879263749933,-15.189777956321691,,,,,
2012,2011-12,Playoffs,1.0,Miami Heat,28.8,16.0,7.0,17.0,6.0,,,,109.6,101.6,8.0,88.0,0.364,0.258,0.552,,0.466,14.0,26.1,0.229,,74.0,,,,,23.0,2024.0,103.66021241447577,103.65302536801342,5.939787585524243,-2.0530253680134223,7.9928129535376655,0.696,,,,
2012,2011-12,Playoffs,2.0,San Antonio Spurs,28.9,10.0,4.0,10.0,4.0,,,,110.3,103.9,6.4,92.4,0.29,0.287,0.574,,0.48,12.6,21.8,0.216,,74.8,,,,,14.0,1293.6,103.66021241447577,103.65302536801342,6.639787585524246,0.2469746319865891,6.392812953537657,0.714,,,,
2012,2011-12,Playoffs,3.0,Oklahoma City Thunder,25.7,13.0,7.0,13.0,7.0,,,,111.8,107.4,4.4,90.6,0.306,0.24,0.558,,0.491,13.7,23.6,0.262,,74.7,,,,,20.0,1812.0,103.66021241447577,103.65302536801342,8.139787585524246,3.746974631986589,4.392812953537657,0.65,,,,
2012,2011-12,Playoffs,4.0,Indiana Pacers,26.4,6.0,5.0,6.0,5.0,,,,102.4,100.9,1.5,88.0,0.289,0.225,0.507,,0.469,13.2,29.8,0.217,,75.2,,,,,11.0,968.0,103.66021241447577,103.65302536801342,-1.2602124144757454,-2.753025368013411,1.4928129535376655,0.545,,,,
2012,2011-12,Playoffs,5.0,Boston Celtics,30.1,11.0,9.0,11.0,9.0,,,,100.4,99.2,1.2,87.8,0.28,0.211,0.516,,0.464,13.4,20.1,0.203,,75.1,,,,,20.0,1756.0,103.66021241447577,103.65302536801342,-3.2602124144757454,-4.453025368013414,1.1928129535376684,0.55,,,,
2012,2011-12,Playoffs,6.0,Memphis Grizzlies,26.1,3.0,4.0,4.0,3.0,,,,102.8,102.0,0.8,87.7,0.403,0.155,0.509,,0.493,15.0,32.6,0.244,,75.9,,,,,7.0,613.9,103.66021241447577,103.65302536801342,-0.8602124144757539,-1.6530253680134166,0.7928129535376627,0.429,,,,
2012,2011-12,Playoffs,7.0,Denver Nuggets,26.0,3.0,4.0,4.0,3.0,,,,107.1,106.6,0.5,90.3,0.227,0.213,0.492,,0.461,11.0,33.0,0.186,,66.7,,,,,7.0,632.1,103.66021241447577,103.65302536801342,3.4397875855242432,2.9469746319865777,0.4928129535376655,0.429,,,,
2012,2011-12,Playoffs,8.0,Philadelphia 76ers,24.7,7.0,6.0,6.0,7.0,,,,96.9,98.3,-1.4,88.5,0.312,0.168,0.482,,0.459,14.1,23.9,0.198,,76.8,,,,,13.0,1150.5,103.66021241447577,103.65302536801342,-6.760212414475745,-5.353025368013419,-1.407187046462326,0.538,,,,
2012,2011-12,Playoffs,9.0,Chicago Bulls,27.8,2.0,4.0,3.0,3.0,,,,95.7,97.6,-1.9,88.1,0.229,0.157,0.475,,0.428,9.9,26.8,0.248,,78.2,,,,,6.0,528.5999999999999,103.66021241447577,103.65302536801342,-7.960212414475748,-6.053025368013422,-1.907187046462326,0.333,,,,
2012,2011-12,Playoffs,10.0,Los Angeles Lakers,28.5,5.0,7.0,4.0,8.0,,,,105.4,110.0,-4.6,89.2,0.285,0.207,0.502,,0.474,9.7,31.0,0.2,,69.7,,,,,12.0,1070.4,103.66021241447577,103.65302536801342,1.7397875855242546,6.346974631986583,-4.607187046462329,0.417,,,,
2012,2011-12,Playoffs,11.0,Los Angeles Clippers,26.8,4.0,7.0,4.0,7.0,,,,101.3,106.5,-5.2,88.9,0.315,0.217,0.53,,0.491,14.5,22.2,0.268,,71.0,,,,,11.0,977.9,103.66021241447577,103.65302536801342,-2.360212414475754,2.8469746319865834,-5.207187046462337,0.364,,,,
2012,2011-12,Playoffs,12.0,Atlanta Hawks,28.1,2.0,4.0,2.0,4.0,,,,91.8,97.1,-5.3,87.9,0.204,0.237,0.475,,0.461,13.0,22.6,0.211,,82.3,,,,,6.0,527.4000000000001,103.66021241447577,103.65302536801342,-11.860212414475754,-6.553025368013422,-5.307187046462332,0.333,,,,
2012,2011-12,Playoffs,13.0,Dallas Mavericks,32.6,0.0,4.0,1.0,3.0,,,,102.9,110.1,-7.2,90.6,0.343,0.276,0.519,,0.52,12.8,24.7,0.265,,80.5,,,,,4.0,362.4,103.66021241447577,103.65302536801342,-0.7602124144757454,6.446974631986578,-7.207187046462323,0.0,,,,
2012,2011-12,Playoffs,14.0,Orlando Magic,27.8,1.0,4.0,1.0,4.0,,,,94.8,107.0,-12.2,86.6,0.244,0.316,0.486,,0.48,13.3,22.6,0.196,,68.4,,,,,5.0,433.0,103.66021241447577,103.65302536801342,-8.860212414475754,3.3469746319865834,-12.207187046462336,0.2,,,,
2012,2011-12,Playoffs,15.0,New York Knicks,27.9,1.0,4.0,1.0,4.0,,,,95.2,111.3,-16.1,86.9,0.297,0.248,0.499,,0.511,13.7,30.1,0.315,,74.1,,,,,5.0,434.5,103.66021241447577,103.65302536801342,-8.460212414475748,7.646974631986581,-16.10718704646233,0.2,,,,
2012,2011-12,Playoffs,16.0,Utah Jazz,25.0,0.0,4.0,0.0,4.0,,,,93.9,111.3,-17.4,91.9,0.306,0.131,0.443,,0.533,11.6,32.0,0.213,,80.7,,,,,4.0,367.6,103.66021241447577,103.65302536801342,-9.760212414475744,7.646974631986581,-17.407187046462326,0.0,,,,
2013,2012-13,Regular Season,1.0,Oklahoma City Thunder*,26.0,60.0,22.0,64.0,18.0,9.21,-0.06,9.15,112.4,102.6,9.8,93.3,0.338,0.244,0.58,,0.469,13.5,26.7,0.197,,73.4,,Chesapeake Energy Arena,746323.0,18203.0,82.0,7650.599999999999,105.84642839928344,105.85154712982909,6.55357160071658,-3.2515471298290777,9.805118730545658,,,,,
2013,2012-13,Regular Season,2.0,Miami Heat*,30.3,66.0,16.0,62.0,20.0,7.87,-0.84,7.03,112.3,103.7,8.6,90.7,0.297,0.285,0.588,,0.487,14.8,22.2,0.2,,73.0,,AmericanAirlines Arena,819290.0,19983.0,82.0,7437.400000000001,105.84642839928344,105.85154712982909,6.453571600716572,-2.151547129829069,8.605118730545641,,,,,
2013,2012-13,Regular Season,3.0,Los Angeles Clippers*,28.8,56.0,26.0,59.0,23.0,6.45,-0.02,6.43,110.6,103.6,7.0,91.1,0.286,0.265,0.557,,0.492,15.4,28.8,0.229,,73.5,,STAPLES Center,788293.0,19227.0,82.0,7470.2,105.84642839928344,105.85154712982909,4.753571600716569,-2.2515471298290777,7.005118730545647,,,,,
2013,2012-13,Regular Season,4.0,San Antonio Spurs*,28.6,58.0,24.0,58.0,24.0,6.4,0.27,6.67,108.3,101.6,6.7,94.2,0.258,0.264,0.568,,0.48,13.7,20.5,0.179,,74.9,,AT&T Center,755700.0,18432.0,82.0,7724.400000000001,105.84642839928344,105.85154712982909,2.453571600716572,-4.251547129829078,6.705118730545649,,,,,
2013,2012-13,Regular Season,5.0,Denver Nuggets*,26.1,57.0,25.0,55.0,27.0,5.09,0.28,5.37,110.4,105.1,5.3,95.1,0.308,0.217,0.549,,0.493,14.3,31.4,0.193,,71.8,,Pepsi Center,730616.0,17820.0,82.0,7798.2,105.84642839928344,105.85154712982909,4.55357160071658,-0.7515471298290777,5.305118730545658,,,,,
2013,2012-13,Regular Season,6.0,New York Knicks*,30.2,54.0,28.0,53.0,29.0,4.23,-0.5,3.73,111.1,106.3,4.8,89.8,0.258,0.354,0.55,,0.508,14.8,25.6,0.216,,74.7,,Madison Square Garden (IV),780353.0,19033.0,82.0,7363.599999999999,105.84642839928344,105.85154712982909,5.253571600716569,0.4484528701709251,4.805118730545644,,,,,
2013,2012-13,Regular Season,7.0,Memphis Grizzlies*,27.0,56.0,26.0,54.0,28.0,4.15,0.18,4.32,104.9,100.3,4.6,88.4,0.261,0.166,0.514,,0.475,15.2,31.0,0.209,,74.3,,FedEx Forum,681613.0,16625.0,82.0,7248.8,105.84642839928344,105.85154712982909,-0.9464283992834196,-5.551547129829075,4.605118730545655,,,,,
2013,2012-13,Regular Season,8.0,Indiana Pacers*,25.7,49.0,32.0,52.0,29.0,4.02,-0.69,3.34,104.3,99.8,4.5,90.2,0.293,0.245,0.521,,0.453,12.9,30.3,0.197,,74.6,,Bankers Life Fieldhouse,626069.0,15270.0,81.0,7306.2,105.84642839928344,105.85154712982909,-1.5464283992834282,-6.051547129829075,4.505118730545647,,,,,
2013,2012-13,Regular Season,9.0,Houston Rockets*,24.4,45.0,37.0,50.0,32.0,3.48,0.22,3.69,109.7,106.1,3.6,96.1,0.308,0.349,0.564,,0.502,13.5,26.4,0.196,,75.2,,Toyota Center,683564.0,16672.0,82.0,7880.2,105.84642839928344,105.85154712982909,3.8535716007165774,0.2484528701709223,3.605118730545655,,,,,
2013,2012-13,Regular Season,10.0,Brooklyn Nets*,28.6,49.0,33.0,46.0,36.0,1.78,-0.53,1.25,108.2,106.2,2.0,88.8,0.299,0.269,0.536,,0.503,13.1,30.9,0.174,,73.7,,Barclays Center,704702.0,17188.0,82.0,7281.599999999999,105.84642839928344,105.85154712982909,2.353571600716577,0.3484528701709308,2.0051187305456466,,,,,
2013,2012-13,Regular Season,11.0,Los Angeles Lakers*,30.7,45.0,37.0,44.0,38.0,1.16,0.32,1.48,107.8,106.6,1.2,94.4,0.345,0.303,0.548,,0.496,11.9,27.0,0.163,,74.3,,STAPLES Center,778877.0,18997.0,82.0,7740.8,105.84642839928344,105.85154712982909,1.953571600716572,0.7484528701709223,1.2051187305456494,,,,,
2013,2012-13,Regular Season,12.0,Golden State Warriors*,25.3,47.0,35.0,44.0,38.0,0.89,0.42,1.32,106.4,105.5,0.9,94.5,0.255,0.239,0.545,,0.486,12.4,25.4,0.211,,75.5,,Oracle Arena,794320.0,19374.0,82.0,7749.0,105.84642839928344,105.85154712982909,0.5535716007165803,-0.351547129829072,0.9051187305456524,,,,,
2013,2012-13,Regular Season,13.0,Atlanta Hawks*,27.1,44.0,38.0,42.0,40.0,0.4,-0.48,-0.08,104.8,104.4,0.4,92.6,0.244,0.286,0.546,,0.496,14.2,22.2,0.181,,73.6,,Philips Arena,620146.0,15126.0,82.0,7593.2,105.84642839928344,105.85154712982909,-1.0464283992834282,-1.4515471298290663,0.4051187305456381,,,,,
2013,2012-13,Regular Season,14.0,Chicago Bulls*,28.0,45.0,37.0,42.0,40.0,0.32,-0.33,-0.02,103.5,103.2,0.3,89.3,0.259,0.189,0.512,,0.477,13.2,29.4,0.206,,73.6,,United Center,896944.0,21877.0,82.0,7322.599999999999,105.84642839928344,105.85154712982909,-2.3464283992834254,-2.651547129829069,0.3051187305456437,,,,,
2013,2012-13,Regular Season,15.0,Utah Jazz,26.3,43.0,39.0,41.0,41.0,-0.09,0.38,0.3,106.7,106.8,-0.1,90.9,0.281,0.206,0.533,,0.501,14.0,28.8,0.226,,73.2,,EnergySolutions Arena,763915.0,18632.0,82.0,7453.8,105.84642839928344,105.85154712982909,0.8535716007165774,0.9484528701709252,-0.0948812694543477,,,,,
2013,2012-13,Regular Season,16.0,Boston Celtics*,29.1,41.0,40.0,40.0,41.0,-0.22,-0.4,-0.62,103.1,103.3,-0.2,91.7,0.263,0.215,0.542,,0.482,14.2,20.1,0.216,,73.3,,TD Garden,744960.0,18624.0,81.0,7427.7,105.84642839928344,105.85154712982909,-2.746428399283431,-2.551547129829075,-0.1948812694543562,,,,,
2013,2012-13,Regular Season,17.0,Dallas Mavericks,29.5,41.0,41.0,39.0,43.0,-0.6,0.36,-0.24,105.9,106.5,-0.6,94.1,0.242,0.236,0.544,,0.492,13.3,21.8,0.227,,73.1,,American Airlines Center,821490.0,20036.0,82.0,7716.2,105.84642839928344,105.85154712982909,0.0535716007165802,0.648452870170928,-0.5948812694543477,,,,,
2013,2012-13,Regular Season,18.0,Milwaukee Bucks*,26.4,38.0,44.0,37.0,45.0,-1.5,-0.33,-1.83,103.6,105.2,-1.6,94.7,0.236,0.232,0.51,,0.492,14.4,27.9,0.201,,71.3,,BMO Harris Bradley Center,616469.0,15036.0,82.0,7765.400000000001,105.84642839928344,105.85154712982909,-2.246428399283431,-0.6515471298290691,-1.594881269454362,,,,,
2013,2012-13,Regular Season,19.0,Toronto Raptors,25.4,34.0,48.0,37.0,45.0,-1.48,-0.48,-1.96,105.9,107.5,-1.6,90.4,0.274,0.249,0.532,,0.5,13.6,25.5,0.247,,73.4,,Air Canada Centre,743936.0,18145.0,82.0,7412.8,105.84642839928344,105.85154712982909,0.0535716007165802,1.648452870170928,-1.5948812694543475,,,,,
2013,2012-13,Regular Season,20.0,Minnesota Timberwolves,26.4,31.0,51.0,34.0,48.0,-2.37,0.54,-1.83,102.9,105.4,-2.5,92.8,0.305,0.22,0.516,,0.511,15.0,27.4,0.187,,74.0,,Target Center,669956.0,16340.0,82.0,7609.599999999999,105.84642839928344,105.85154712982909,-2.94642839928342,-0.4515471298290663,-2.4948812694543534,,,,,
2013,2012-13,Regular Season,21.0,Washington Wizards,25.4,29.0,53.0,33.0,49.0,-2.54,-0.25,-2.78,100.2,103.0,-2.8,92.2,0.261,0.223,0.512,,0.483,13.7,24.6,0.206,,74.6,,Verizon Center,670070.0,16343.0,82.0,7560.400000000001,105.84642839928344,105.85154712982909,-5.646428399283423,-2.851547129829072,-2.7948812694543506,,,,,
2013,2012-13,Regular Season,22.0,Portland Trail Blazers,24.4,33.0,49.0,32.0,50.0,-3.17,0.65,-2.53,105.8,109.2,-3.4,91.4,0.25,0.284,0.536,,0.512,12.5,25.3,0.189,,73.3,,Rose Garden Arena,813012.0,19830.0,82.0,7494.8,105.84642839928344,105.85154712982909,-0.0464283992834282,3.348452870170931,-3.394881269454359,,,,,
2013,2012-13,Regular Season,23.0,Philadelphia 76ers,25.2,34.0,48.0,31.0,51.0,-3.34,-0.17,-3.51,102.0,105.7,-3.7,91.0,0.2,0.209,0.509,,0.495,13.7,24.9,0.2,,73.4,,Wells Fargo Center,685412.0,16717.0,82.0,7462.0,105.84642839928344,105.85154712982909,-3.8464283992834254,-0.1515471298290691,-3.694881269454356,,,,,
2013,2012-13,Regular Season,24.0,Detroit Pistons,25.3,29.0,53.0,29.0,53.0,-3.99,-0.34,-4.33,103.8,108.1,-4.3,90.8,0.282,0.217,0.521,,0.505,13.1,28.3,0.209,,73.0,,The Palace of Auburn Hills,606094.0,14685.0,82.0,7445.599999999999,105.84642839928344,105.85154712982909,-2.046428399283428,2.2484528701709223,-4.294881269454351,,,,,
2013,2012-13,Regular Season,25.0,New Orleans Hornets,24.0,27.0,55.0,30.0,52.0,-3.87,0.75,-3.12,105.7,110.1,-4.4,88.5,0.248,0.224,0.528,,0.52,13.1,29.2,0.208,,74.4,,New Orleans Arena,565930.0,13803.0,82.0,7257.0,105.84642839928344,105.85154712982909,-0.1464283992834225,4.248452870170922,-4.394881269454345,,,,,
2013,2012-13,Regular Season,26.0,Cleveland Cavaliers,24.1,24.0,58.0,28.0,54.0,-4.68,-0.19,-4.87,104.3,109.4,-5.1,92.3,0.265,0.229,0.514,,0.523,14.4,28.1,0.225,,72.6,,Quicken Loans Arena,663882.0,16192.0,82.0,7568.599999999999,105.84642839928344,105.85154712982909,-1.5464283992834282,3.5484528701709337,-5.094881269454362,,,,,
2013,2012-13,Regular Season,27.0,Sacramento Kings,25.6,28.0,54.0,28.0,54.0,-4.88,0.62,-4.26,106.2,111.4,-5.2,93.6,0.271,0.243,0.532,,0.517,13.6,26.6,0.227,,71.0,,Sleep Train Arena,563743.0,13750.0,82.0,7675.2,105.84642839928344,105.85154712982909,0.3535716007165774,5.548452870170934,-5.194881269454356,,,,,
2013,2012-13,Regular Season,28.0,Phoenix Suns,26.9,25.0,57.0,23.0,59.0,-6.46,0.71,-5.75,101.2,108.1,-6.9,93.4,0.234,0.21,0.512,,0.512,14.2,27.0,0.208,,71.9,,US Airways Center,632913.0,15437.0,82.0,7658.8,105.84642839928344,105.85154712982909,-4.646428399283423,2.2484528701709223,-6.894881269454345,,,,,
2013,2012-13,Regular Season,29.0,Orlando Magic,24.6,20.0,62.0,22.0,60.0,-6.99,-0.14,-7.12,101.6,109.1,-7.5,92.2,0.197,0.223,0.514,,0.508,11.8,25.4,0.195,,74.6,,Amway Center,722716.0,17627.0,82.0,7560.400000000001,105.84642839928344,105.85154712982909,-4.246428399283431,3.2484528701709223,-7.494881269454353,,,,,
2013,2012-13,Regular Season,30.0,Charlotte Bobcats,24.4,21.0,61.0,17.0,65.0,-9.23,-0.06,-9.29,101.5,111.5,-10.0,91.5,0.31,0.21,0.507,,0.524,13.2,25.7,0.197,,71.1,,Time Warner Cable Arena,628293.0,15324.0,82.0,7503.0,105.84642839928344,105.85154712982909,-4.346428399283425,5.648452870170928,-9.994881269454352,,,,,
2013,2012-13,Playoffs,1.0,San Antonio Spurs,28.7,15.0,6.0,15.0,6.0,,,,108.7,101.1,7.6,89.6,0.261,0.253,0.547,,0.475,12.8,23.3,0.162,,73.8,,,,,21.0,1881.6,104.79546192633109,104.82952344638528,3.904538073668917,-3.729523446385272,7.634061520054189,0.714,,,,
2013,2012-13,Playoffs,2.0,Miami Heat,30.1,16.0,7.0,17.0,6.0,,,,110.2,102.9,7.3,87.3,0.303,0.264,0.559,,0.48,15.6,25.2,0.237,,71.1,,,,,23.0,2007.9,104.79546192633109,104.82952344638528,5.404538073668917,-1.9295234463852609,7.334061520054178,0.696,,,,
2013,2012-13,Playoffs,3.0,New York Knicks,29.6,6.0,6.0,7.0,5.0,,,,101.4,98.3,3.1,86.6,0.222,0.288,0.498,,0.47,17.1,24.2,0.276,,76.5,,,,,12.0,1039.1999999999998,104.79546192633109,104.82952344638528,-3.3954619263310803,-6.529523446385269,3.134061520054189,0.5,,,,
2013,2012-13,Playoffs,4.0,Brooklyn Nets,28.5,3.0,4.0,4.0,3.0,,,,107.8,105.6,2.2,88.3,0.304,0.232,0.524,,0.497,12.4,27.4,0.171,,74.0,,,,,7.0,618.1,104.79546192633109,104.82952344638528,3.004538073668911,0.7704765536147278,2.234061520054184,0.429,,,,
2013,2012-13,Playoffs,5.0,Oklahoma City Thunder,26.9,5.0,6.0,6.0,5.0,,,,105.1,103.7,1.4,92.8,0.295,0.303,0.534,,0.468,12.5,23.0,0.254,,76.0,,,,,11.0,1020.8,104.79546192633109,104.82952344638528,0.3045380736689083,-1.1295234463852637,1.434061520054172,0.455,,,,
2013,2012-13,Playoffs,6.0,Memphis Grizzlies,27.9,8.0,7.0,8.0,7.0,,,,105.0,104.3,0.7,88.4,0.357,0.182,0.502,,0.493,13.8,27.2,0.219,,77.5,,,,,15.0,1326.0,104.79546192633109,104.82952344638528,0.2045380736689139,-0.5295234463852694,0.7340615200541833,0.533,,,,
2013,2012-13,Playoffs,7.0,Golden State Warriors,24.6,6.0,6.0,6.0,6.0,,,,106.4,106.2,0.2,94.0,0.258,0.265,0.546,,0.483,11.9,27.5,0.234,,75.0,,,,,12.0,1128.0,104.79546192633109,104.82952344638528,1.6045380736689197,1.3704765536147363,0.2340615200541833,0.5,,,,
2013,2012-13,Playoffs,8.0,Indiana Pacers,25.6,11.0,8.0,10.0,9.0,,,,104.5,104.4,0.1,87.3,0.384,0.258,0.528,,0.473,11.4,32.4,0.222,,76.8,,,,,19.0,1658.7,104.79546192633109,104.82952344638528,-0.295461926331086,-0.4295234463852608,0.1340615200541748,0.579,,,,
2013,2012-13,Playoffs,9.0,Denver Nuggets,26.4,2.0,4.0,2.0,4.0,,,,105.9,110.2,-4.3,97.2,0.35,0.265,0.526,,0.554,17.0,26.3,0.209,,72.9,,,,,6.0,583.2,104.79546192633109,104.82952344638528,1.1045380736689197,5.370476553614736,-4.265938479945817,0.333,,,,
2013,2012-13,Playoffs,10.0,Atlanta Hawks,27.3,2.0,4.0,2.0,4.0,,,,98.0,103.6,-5.6,91.2,0.338,0.241,0.503,,0.455,14.4,18.6,0.284,,70.0,,,,,6.0,547.2,104.79546192633109,104.82952344638528,-6.795461926331086,-1.2295234463852722,-5.565938479945814,0.333,,,,
2013,2012-13,Playoffs,11.0,Boston Celtics,29.7,2.0,4.0,2.0,4.0,,,,92.9,98.9,-6.0,87.1,0.312,0.3,0.525,,0.462,12.7,14.0,0.17,,76.3,,,,,6.0,522.5999999999999,104.79546192633109,104.82952344638528,-11.89546192633108,-5.929523446385261,-5.96593847994582,0.333,,,,
2013,2012-13,Playoffs,12.0,Houston Rockets,25.4,2.0,4.0,2.0,4.0,,,,105.3,111.4,-6.1,95.0,0.342,0.416,0.537,,0.511,12.0,24.8,0.258,,77.2,,,,,6.0,570.0,104.79546192633109,104.82952344638528,0.5045380736689111,6.570476553614739,-6.065938479945828,0.333,,,,
2013,2012-13,Playoffs,13.0,Los Angeles Clippers,29.1,2.0,4.0,2.0,4.0,,,,107.5,113.8,-6.3,88.0,0.314,0.254,0.552,,0.486,10.2,24.3,0.344,,73.3,,,,,6.0,528.0,104.79546192633109,104.82952344638528,2.704538073668914,8.97047655361473,-6.265938479945817,0.333,,,,
2013,2012-13,Playoffs,14.0,Chicago Bulls,27.5,5.0,7.0,3.0,9.0,,,,102.5,110.0,-7.5,87.4,0.287,0.213,0.511,,0.501,11.9,28.4,0.255,,74.5,,,,,12.0,1048.8000000000002,104.79546192633109,104.82952344638528,-2.295461926331086,5.1704765536147335,-7.4659384799458195,0.417,,,,
2013,2012-13,Playoffs,15.0,Milwaukee Bucks,26.1,0.0,4.0,0.0,4.0,,,,94.0,110.3,-16.3,90.7,0.264,0.3,0.498,,0.544,16.5,21.1,0.255,,70.7,,,,,4.0,362.8,104.79546192633109,104.82952344638528,-10.795461926331086,5.470476553614731,-16.265938479945817,0.0,,,,
2013,2012-13,Playoffs,16.0,Los Angeles Lakers,29.2,0.0,4.0,0.0,4.0,,,,92.5,112.9,-20.4,92.1,0.237,0.237,0.495,,0.527,9.8,20.2,0.185,,78.3,,,,,4.0,368.4,104.79546192633109,104.82952344638528,-12.295461926331086,8.07047655361474,-20.365938479945825,0.0,,,,
2014,2013-14,Regular Season,1.0,San Antonio Spurs*,28.9,62.0,20.0,61.0,21.0,7.72,0.28,8.0,110.5,102.4,8.1,95.0,0.24,0.257,0.571,,0.482,12.8,22.7,0.184,,76.4,,AT&T Center,755031.0,18415.0,82.0,7790.0,106.65650523328011,106.65508958665956,3.8434947667198855,-4.255089586659551,8.098584353379437,,,,,
2014,2013-14,Regular Season,2.0,Los Angeles Clippers*,28.1,57.0,25.0,59.0,23.0,6.98,0.3,7.27,112.1,104.8,7.3,95.9,0.353,0.291,0.567,,0.484,13.8,25.0,0.222,,72.5,,STAPLES Center,787692.0,19212.0,82.0,7863.8,106.65650523328011,106.65508958665956,5.44349476671988,-1.85508958665956,7.298584353379439,,,,,
2014,2013-14,Regular Season,3.0,Oklahoma City Thunder*,26.2,59.0,23.0,58.0,24.0,6.34,0.32,6.66,110.5,103.9,6.6,95.4,0.303,0.271,0.566,,0.488,13.9,26.5,0.221,,75.6,,Chesapeake Energy Arena,746323.0,18203.0,82.0,7822.8,106.65650523328011,106.65508958665956,3.8434947667198855,-2.755089586659551,6.598584353379437,,,,,
2014,2013-14,Regular Season,4.0,Miami Heat*,30.6,54.0,28.0,54.0,28.0,4.76,-0.61,4.15,110.9,105.8,5.1,91.2,0.3,0.292,0.59,,0.511,15.8,20.6,0.212,,73.0,,AmericanAirlines Arena,811036.0,19781.0,82.0,7478.400000000001,106.65650523328011,106.65508958665956,4.243494766719891,-0.8550895866595596,5.098584353379451,,,,,
2014,2013-14,Regular Season,5.0,Golden State Warriors*,26.3,51.0,31.0,54.0,28.0,4.8,0.34,5.15,107.5,102.6,4.9,96.2,0.247,0.291,0.55,,0.477,13.6,25.1,0.224,,76.3,,Oracle Arena,803436.0,19596.0,82.0,7888.400000000001,106.65650523328011,106.65508958665956,0.8434947667198855,-4.055089586659562,4.898584353379448,,,,,
2014,2013-14,Regular Season,6.0,Indiana Pacers*,27.2,56.0,26.0,54.0,28.0,4.4,-0.77,3.63,104.1,99.3,4.8,92.5,0.29,0.235,0.535,,0.46,12.9,24.9,0.197,,76.8,,Bankers Life Fieldhouse,717542.0,17501.0,82.0,7585.0,106.65650523328011,106.65508958665956,-2.55650523328012,-7.35508958665956,4.79858435337944,,,,,
2014,2013-14,Regular Season,7.0,Houston Rockets*,25.4,54.0,28.0,53.0,29.0,4.56,0.5,5.06,111.0,106.3,4.7,96.3,0.386,0.33,0.571,,0.489,12.5,27.4,0.193,,74.1,,Toyota Center,743082.0,18124.0,82.0,7896.599999999999,106.65650523328011,106.65508958665956,4.3434947667198855,-0.3550895866595596,4.698584353379445,,,,,
2014,2013-14,Regular Season,8.0,Portland Trail Blazers*,25.8,54.0,28.0,52.0,30.0,3.99,0.45,4.44,111.5,107.4,4.1,94.9,0.27,0.29,0.548,,0.488,10.9,28.0,0.194,,74.7,,Moda Center,809612.0,19747.0,82.0,7781.8,106.65650523328011,106.65508958665956,4.8434947667198855,0.7449104133404489,4.098584353379437,,,,,
2014,2013-14,Regular Season,9.0,Toronto Raptors*,25.6,48.0,34.0,50.0,32.0,3.24,-0.69,2.55,108.8,105.3,3.5,91.8,0.306,0.285,0.545,,0.493,14.1,27.2,0.237,,74.9,,Air Canada Centre,748339.0,18252.0,82.0,7527.599999999999,106.65650523328011,106.65508958665956,2.1434947667198827,-1.3550895866595596,3.4985843533794423,,,,,
2014,2013-14,Regular Season,10.0,Phoenix Suns,26.2,48.0,34.0,48.0,34.0,2.63,0.39,3.02,109.5,106.7,2.8,95.8,0.293,0.3,0.558,,0.496,13.9,26.4,0.237,,73.7,,US Airways Center,650739.0,15872.0,82.0,7855.599999999999,106.65650523328011,106.65508958665956,2.843494766719885,0.0449104133404461,2.7985843533794394,,,,,
2014,2013-14,Regular Season,11.0,Minnesota Timberwolves,26.3,40.0,42.0,48.0,34.0,2.67,0.43,3.1,108.9,106.2,2.7,97.3,0.321,0.245,0.535,,0.518,14.8,27.4,0.177,,74.4,,Target Center,597157.0,14565.0,82.0,7978.599999999999,106.65650523328011,106.65508958665956,2.2434947667198912,-0.4550895866595539,2.698584353379445,,,,,
2014,2013-14,Regular Season,12.0,Dallas Mavericks*,30.6,49.0,33.0,48.0,34.0,2.4,0.5,2.91,111.2,108.7,2.5,93.5,0.253,0.274,0.564,,0.515,14.8,24.6,0.229,,72.7,,American Airlines Center,817982.0,19951.0,82.0,7667.0,106.65650523328011,106.65508958665956,4.543494766719888,2.044910413340446,2.4985843533794423,,,,,
2014,2013-14,Regular Season,13.0,Chicago Bulls*,28.6,48.0,34.0,47.0,35.0,1.85,-0.66,1.2,102.5,100.5,2.0,90.2,0.29,0.222,0.518,,0.471,13.7,27.2,0.189,,75.4,,United Center,890370.0,21716.0,82.0,7396.400000000001,106.65650523328011,106.65508958665956,-4.1565052332801145,-6.155089586659557,1.9985843533794423,,,,,
2014,2013-14,Regular Season,14.0,Memphis Grizzlies*,28.5,50.0,32.0,46.0,36.0,1.57,0.61,2.18,106.3,104.6,1.7,89.9,0.248,0.171,0.529,,0.497,13.8,28.3,0.199,,75.7,,FedEx Forum,685458.0,16718.0,82.0,7371.8,106.65650523328011,106.65508958665956,-0.3565052332801173,-2.0550895866595624,1.6985843533794451,,,,,
2014,2013-14,Regular Season,15.0,Washington Wizards*,26.3,44.0,38.0,45.0,37.0,1.27,-0.79,0.48,106.0,104.6,1.4,93.2,0.248,0.246,0.538,,0.504,15.0,25.2,0.22,,75.7,,Verizon Center,698068.0,17026.0,82.0,7642.400000000001,106.65650523328011,106.65508958665956,-0.6565052332801145,-2.0550895866595624,1.398584353379448,,,,,
2014,2013-14,Regular Season,16.0,Charlotte Bobcats*,25.5,43.0,39.0,40.0,42.0,-0.22,-0.67,-0.89,103.6,103.8,-0.2,92.4,0.297,0.219,0.522,,0.491,12.6,21.9,0.183,,77.6,,Time Warner Cable Arena,636268.0,15519.0,82.0,7576.8,106.65650523328011,106.65508958665956,-3.05650523328012,-2.85508958665956,-0.2014156466205605,,,,,
2014,2013-14,Regular Season,17.0,Atlanta Hawks*,27.5,38.0,44.0,40.0,42.0,-0.48,-0.4,-0.88,105.9,106.4,-0.5,94.6,0.266,0.316,0.554,,0.51,14.0,21.0,0.196,,74.4,,Philips Arena,587927.0,14231.0,82.0,7757.2,106.65650523328011,106.65508958665956,-0.7565052332801088,-0.255089586659551,-0.5014156466205577,,,,,
2014,2013-14,Regular Season,18.0,New York Knicks,28.3,37.0,45.0,39.0,43.0,-0.79,-0.61,-1.4,108.3,109.1,-0.8,90.3,0.248,0.302,0.541,,0.514,14.0,25.1,0.245,,74.3,,Madison Square Garden (IV),812292.0,19812.0,82.0,7404.599999999999,106.65650523328011,106.65508958665956,1.6434947667198827,2.4449104133404376,-0.8014156466205549,,,,,
2014,2013-14,Regular Season,19.0,Brooklyn Nets*,30.0,44.0,38.0,38.0,44.0,-1.0,-0.58,-1.58,106.7,107.7,-1.0,91.4,0.313,0.301,0.555,,0.509,14.9,21.7,0.236,,72.3,,Barclays Center,707331.0,17252.0,82.0,7494.8,106.65650523328011,106.65508958665956,0.0434947667198883,1.044910413340446,-1.0014156466205577,,,,,
2014,2013-14,Regular Season,20.0,Denver Nuggets,26.0,36.0,46.0,35.0,47.0,-2.15,0.75,-1.4,106.0,108.2,-2.2,98.1,0.306,0.278,0.536,,0.5,12.8,27.5,0.233,,74.5,,Pepsi Center,692898.0,16900.0,82.0,8044.2,106.65650523328011,106.65508958665956,-0.6565052332801145,1.544910413340446,-2.201415646620561,,,,,
2014,2013-14,Regular Season,21.0,New Orleans Pelicans,24.3,34.0,48.0,33.0,49.0,-2.71,0.73,-1.98,107.2,110.1,-2.9,92.2,0.286,0.193,0.537,,0.515,13.6,26.9,0.249,,73.8,,Smoothie King Center,672029.0,16391.0,82.0,7560.400000000001,106.65650523328011,106.65508958665956,0.5434947667198884,3.4449104133404376,-2.901415646620549,,,,,
2014,2013-14,Regular Season,22.0,Sacramento Kings,24.9,28.0,54.0,33.0,49.0,-2.9,0.82,-2.08,105.7,108.8,-3.1,94.4,0.331,0.218,0.532,,0.512,12.7,27.8,0.234,,76.6,,Sleep Train Arena,667949.0,16291.0,82.0,7740.8,106.65650523328011,106.65508958665956,-0.9565052332801116,2.1449104133404404,-3.101415646620552,,,,,
2014,2013-14,Regular Season,23.0,Cleveland Cavaliers,24.9,33.0,49.0,32.0,50.0,-3.29,-0.57,-3.86,104.2,107.7,-3.5,93.1,0.268,0.236,0.518,,0.508,13.0,27.2,0.199,,75.8,,Quicken Loans Arena,710522.0,17330.0,82.0,7634.2,106.65650523328011,106.65508958665956,-2.456505233280112,1.044910413340446,-3.5014156466205577,,,,,
2014,2013-14,Regular Season,24.0,Detroit Pistons,24.7,29.0,53.0,31.0,51.0,-3.66,-0.48,-4.13,105.9,109.7,-3.8,94.9,0.296,0.222,0.514,,0.52,13.8,31.4,0.218,,73.4,,The Palace of Auburn Hills,616005.0,15025.0,82.0,7781.8,106.65650523328011,106.65508958665956,-0.7565052332801088,3.044910413340446,-3.801415646620555,,,,,
2014,2013-14,Regular Season,25.0,Boston Celtics,25.4,25.0,57.0,28.0,54.0,-4.46,-0.51,-4.97,102.9,107.7,-4.8,93.3,0.248,0.251,0.517,,0.505,13.4,27.4,0.227,,74.2,,TD Garden,742400.0,18107.0,82.0,7650.599999999999,106.65650523328011,106.65508958665956,-3.7565052332801088,1.044910413340446,-4.801415646620555,,,,,
2014,2013-14,Regular Season,26.0,Orlando Magic,24.6,23.0,59.0,26.0,56.0,-5.44,-0.44,-5.88,101.7,107.4,-5.7,93.6,0.253,0.235,0.525,,0.504,13.0,22.4,0.211,,75.5,,Amway Center,666046.0,16245.0,82.0,7675.2,106.65650523328011,106.65508958665956,-4.956505233280112,0.7449104133404489,-5.7014156466205606,,,,,
2014,2013-14,Regular Season,27.0,Los Angeles Lakers,26.8,27.0,55.0,25.0,57.0,-6.29,0.96,-5.33,104.2,110.6,-6.4,98.7,0.263,0.291,0.542,,0.513,12.4,20.2,0.192,,71.0,,STAPLES Center,771974.0,18829.0,82.0,8093.400000000001,106.65650523328011,106.65508958665956,-2.456505233280112,3.9449104133404376,-6.401415646620549,,,,,
2014,2013-14,Regular Season,28.0,Utah Jazz,24.5,25.0,57.0,22.0,60.0,-7.17,0.91,-6.27,103.5,111.3,-7.8,91.4,0.271,0.237,0.523,,0.518,12.1,25.5,0.227,,74.5,,EnergySolutions Arena,745203.0,18176.0,82.0,7494.8,106.65650523328011,106.65508958665956,-3.1565052332801145,4.64491041334044,-7.801415646620555,,,,,
2014,2013-14,Regular Season,29.0,Milwaukee Bucks,24.7,15.0,67.0,20.0,62.0,-8.18,-0.23,-8.41,103.0,111.8,-8.8,91.8,0.274,0.231,0.519,,0.52,13.2,27.1,0.225,,71.4,,BMO Harris Bradley Center,552067.0,13465.0,82.0,7527.599999999999,106.65650523328011,106.65508958665956,-3.6565052332801145,5.14491041334044,-8.801415646620555,,,,,
2014,2013-14,Regular Season,30.0,Philadelphia 76ers,23.4,19.0,63.0,16.0,66.0,-10.45,-0.21,-10.66,99.4,109.9,-10.5,99.2,0.268,0.258,0.51,,0.524,14.9,24.8,0.244,,72.4,,Wells Fargo Center,568632.0,13869.0,82.0,8134.400000000001,106.65650523328011,106.65508958665956,-7.256505233280109,3.244910413340449,-10.501415646620558,,,,,
2014,2013-14,Playoffs,1.0,San Antonio Spurs,29.6,16.0,7.0,18.0,5.0,,,,114.2,104.2,10.0,92.7,0.291,0.267,0.583,,0.492,13.4,23.6,0.197,,77.2,,,,,23.0,2132.1,108.75143950482524,108.71703961894367,5.448560495174775,-4.51703961894367,9.965600114118445,0.696,,,,
2014,2013-14,Playoffs,2.0,Los Angeles Clippers,28.2,6.0,7.0,7.0,6.0,,,,113.3,111.3,2.0,96.0,0.334,0.302,0.555,,0.521,14.9,26.2,0.272,,70.4,,,,,13.0,1248.0,108.75143950482524,108.71703961894367,4.548560495174769,2.582960381056324,1.9656001141184447,0.462,,,,
2014,2013-14,Playoffs,3.0,Miami Heat,31.1,13.0,7.0,11.0,9.0,,,,112.8,110.8,2.0,86.2,0.305,0.326,0.594,,0.539,14.2,17.1,0.22,,75.3,,,,,20.0,1724.0,108.75143950482524,108.71703961894367,4.048560495174769,2.082960381056324,1.9656001141184447,0.65,,,,
2014,2013-14,Playoffs,4.0,Washington Wizards,26.8,6.0,5.0,6.0,5.0,,,,102.0,100.9,1.1,87.8,0.285,0.211,0.504,,0.471,12.7,27.9,0.227,,79.7,,,,,11.0,965.8,108.75143950482524,108.71703961894367,-6.751439504825228,-7.817039618943667,1.065600114118439,0.545,,,,
2014,2013-14,Playoffs,5.0,Houston Rockets,25.2,2.0,4.0,3.0,3.0,,,,114.8,114.4,0.4,92.7,0.325,0.28,0.534,,0.507,10.6,35.3,0.258,,72.8,,,,,6.0,556.2,108.75143950482524,108.71703961894367,6.048560495174769,5.682960381056333,0.3656001141184362,0.333,,,,
2014,2013-14,Playoffs,6.0,Atlanta Hawks,27.9,3.0,4.0,3.0,4.0,,,,101.9,103.0,-1.1,90.7,0.316,0.417,0.515,,0.5,14.6,20.4,0.22,,76.2,,,,,7.0,634.9,108.75143950482524,108.71703961894367,-6.851439504825223,-5.717039618943673,-1.1343998858815496,0.429,,,,
2014,2013-14,Playoffs,7.0,Indiana Pacers,27.1,10.0,9.0,9.0,10.0,,,,103.7,104.8,-1.1,88.3,0.314,0.258,0.54,,0.493,13.6,21.1,0.218,,77.0,,,,,19.0,1677.7,108.75143950482524,108.71703961894367,-5.051439504825225,-3.917039618943676,-1.1343998858815496,0.526,,,,
2014,2013-14,Playoffs,8.0,Oklahoma City Thunder,26.6,10.0,9.0,9.0,10.0,,,,108.1,109.2,-1.1,92.3,0.327,0.287,0.551,,0.485,10.5,27.1,0.212,,74.2,,,,,19.0,1753.7,108.75143950482524,108.71703961894367,-0.6514395048252339,0.4829603810563299,-1.1343998858815638,0.526,,,,
2014,2013-14,Playoffs,9.0,Brooklyn Nets,30.7,5.0,7.0,5.0,7.0,,,,110.5,112.0,-1.5,86.4,0.33,0.302,0.555,,0.516,13.3,25.1,0.306,,77.0,,,,,12.0,1036.8000000000002,108.75143950482524,108.71703961894367,1.7485604951747715,3.282960381056327,-1.5343998858815553,0.417,,,,
2014,2013-14,Playoffs,10.0,Toronto Raptors,25.2,3.0,4.0,3.0,4.0,,,,108.2,110.0,-1.8,88.8,0.391,0.283,0.553,,0.506,11.8,26.8,0.291,,77.0,,,,,7.0,621.6,108.75143950482524,108.71703961894367,-0.5514395048252254,1.282960381056327,-1.8343998858815524,0.429,,,,
2014,2013-14,Playoffs,11.0,Dallas Mavericks,31.3,3.0,4.0,3.0,4.0,,,,110.0,112.1,-2.1,92.0,0.217,0.259,0.532,,0.542,13.4,26.4,0.245,,76.6,,,,,7.0,644.0,108.75143950482524,108.71703961894367,1.2485604951747715,3.3829603810563214,-2.1343998858815496,0.429,,,,
2014,2013-14,Playoffs,12.0,Golden State Warriors,26.2,3.0,4.0,3.0,4.0,,,,110.2,114.8,-4.6,96.6,0.335,0.316,0.558,,0.529,12.9,30.8,0.29,,72.1,,,,,7.0,676.1999999999999,108.75143950482524,108.71703961894367,1.4485604951747746,6.082960381056324,-4.63439988588155,0.429,,,,
2014,2013-14,Playoffs,13.0,Chicago Bulls,28.6,1.0,4.0,2.0,3.0,,,,103.0,108.3,-5.3,85.6,0.29,0.244,0.508,,0.479,10.2,27.9,0.225,,72.2,,,,,5.0,428.0,108.75143950482524,108.71703961894367,-5.751439504825228,-0.4170396189436758,-5.334399885881552,0.2,,,,
2014,2013-14,Playoffs,14.0,Memphis Grizzlies,29.7,3.0,4.0,2.0,5.0,,,,102.8,108.5,-5.7,88.8,0.293,0.173,0.486,,0.483,14.1,27.0,0.263,,69.0,,,,,7.0,621.6,108.75143950482524,108.71703961894367,-5.951439504825231,-0.2170396189436729,-5.734399885881558,0.429,,,,
2014,2013-14,Playoffs,15.0,Portland Trail Blazers,25.8,5.0,6.0,3.0,8.0,,,,107.2,113.6,-6.4,94.6,0.281,0.26,0.529,,0.508,10.4,26.1,0.208,,70.6,,,,,11.0,1040.6,108.75143950482524,108.71703961894367,-1.5514395048252254,4.882960381056321,-6.434399885881547,0.455,,,,
2014,2013-14,Playoffs,16.0,Charlotte Bobcats,25.5,0.0,4.0,1.0,3.0,,,,101.5,112.3,-10.8,90.6,0.312,0.282,0.537,,0.539,10.7,20.8,0.26,,85.7,,,,,4.0,362.4,108.75143950482524,108.71703961894367,-7.251439504825228,3.582960381056324,-10.834399885881552,0.0,,,,
2015,2014-15,Regular Season,1.0,Golden State Warriors*,26.6,67.0,15.0,65.0,17.0,10.1,-0.09,10.01,111.6,101.4,10.2,98.3,0.239,0.311,0.571,,0.47,14.3,24.1,0.217,,74.5,,Oracle Arena,803436.0,19596.0,82.0,8060.599999999999,105.64960420290367,105.6417770047212,5.950395797096306,-4.2417770047212,10.192172801817506,,,,,
2015,2014-15,Regular Season,2.0,Los Angeles Clippers*,28.8,56.0,26.0,58.0,24.0,6.59,0.22,6.8,112.4,105.5,6.9,94.7,0.303,0.322,0.565,,0.493,13.2,22.8,0.231,,75.7,,STAPLES Center,785892.0,19168.0,82.0,7765.400000000001,105.64960420290367,105.6417770047212,6.750395797096317,-0.1417770047212059,6.892172801817523,,,,,
2015,2014-15,Regular Season,3.0,San Antonio Spurs*,29.8,55.0,27.0,58.0,24.0,6.2,0.14,6.34,108.5,102.0,6.5,93.8,0.256,0.269,0.555,,0.484,13.3,23.4,0.19,,77.3,,AT&T Center,762855.0,18606.0,82.0,7691.599999999999,105.64960420290367,105.6417770047212,2.8503957970963114,-3.641777004721206,6.492172801817517,,,,,
2015,2014-15,Regular Season,4.0,Atlanta Hawks*,27.8,60.0,22.0,56.0,26.0,5.43,-0.68,4.75,108.9,103.1,5.8,93.9,0.259,0.321,0.563,,0.492,14.9,21.4,0.185,,73.4,,Philips Arena,713909.0,17412.0,82.0,7699.8,105.64960420290367,105.6417770047212,3.250395797096317,-2.541777004721212,5.792172801817529,,,,,
2015,2014-15,Regular Season,5.0,Cleveland Cavaliers*,26.9,53.0,29.0,53.0,29.0,4.48,-0.4,4.08,111.1,106.3,4.8,92.3,0.287,0.334,0.557,,0.502,12.6,26.8,0.177,,74.7,,Quicken Loans Arena,843042.0,20562.0,82.0,7568.599999999999,105.64960420290367,105.6417770047212,5.450395797096306,0.6582229952787912,4.7921728018175145,,,,,
2015,2014-15,Regular Season,6.0,Portland Trail Blazers*,27.0,51.0,31.0,53.0,29.0,4.23,0.18,4.41,108.2,103.7,4.5,94.2,0.225,0.316,0.544,,0.476,11.3,24.2,0.182,,76.2,,Moda Center,798368.0,19472.0,82.0,7724.400000000001,105.64960420290367,105.6417770047212,2.5503957970963143,-1.941777004721203,4.492172801817517,,,,,
2015,2014-15,Regular Season,7.0,Houston Rockets*,27.6,56.0,26.0,50.0,32.0,3.44,0.38,3.82,107.0,103.4,3.6,96.5,0.312,0.392,0.548,,0.486,14.6,26.8,0.208,,72.9,,Toyota Center,747412.0,18230.0,82.0,7913.0,105.64960420290367,105.6417770047212,1.3503957970963114,-2.2417770047212,3.592172801817512,,,,,
2015,2014-15,Regular Season,8.0,Memphis Grizzlies*,29.6,55.0,27.0,50.0,32.0,3.24,0.38,3.62,105.7,102.2,3.5,92.0,0.276,0.184,0.531,,0.492,14.5,24.7,0.183,,75.3,,FedEx Forum,710502.0,17329.0,82.0,7544.0,105.64960420290367,105.6417770047212,0.0503957970963142,-3.441777004721203,3.4921728018175173,,,,,
2015,2014-15,Regular Season,9.0,Toronto Raptors*,26.1,49.0,33.0,49.0,33.0,3.07,-0.62,2.45,111.0,107.7,3.3,92.8,0.295,0.302,0.553,,0.506,13.4,25.6,0.208,,73.3,,Air Canada Centre,809824.0,19752.0,82.0,7609.599999999999,105.64960420290367,105.6417770047212,5.350395797096311,2.058222995278797,3.2921728018175145,,,,,
2015,2014-15,Regular Season,10.0,Chicago Bulls*,28.8,50.0,32.0,50.0,32.0,3.0,-0.46,2.54,107.5,104.3,3.2,92.8,0.304,0.269,0.536,,0.473,11.3,27.0,0.182,,74.4,,United Center,886612.0,21625.0,82.0,7609.599999999999,105.64960420290367,105.6417770047212,1.8503957970963116,-1.3417770047212088,3.19217280181752,,,,,
2015,2014-15,Regular Season,11.0,Dallas Mavericks*,29.9,50.0,32.0,49.0,33.0,2.9,0.46,3.36,109.5,106.4,3.1,95.2,0.262,0.296,0.55,,0.503,14.7,23.6,0.204,,72.2,,American Airlines Center,827702.0,20188.0,82.0,7806.400000000001,105.64960420290367,105.6417770047212,3.850395797096312,0.7582229952787998,3.092172801817512,,,,,
2015,2014-15,Regular Season,12.0,Oklahoma City Thunder,25.4,45.0,37.0,47.0,35.0,2.18,0.28,2.47,107.8,105.5,2.3,95.7,0.284,0.262,0.532,,0.489,12.4,28.9,0.213,,75.6,,Chesapeake Energy Arena,746323.0,18203.0,82.0,7847.400000000001,105.64960420290367,105.6417770047212,2.150395797096309,-0.1417770047212059,2.2921728018175145,,,,,
2015,2014-15,Regular Season,13.0,New Orleans Pelicans*,25.3,45.0,37.0,43.0,39.0,0.79,0.34,1.13,108.2,107.3,0.9,91.4,0.263,0.233,0.537,,0.496,11.7,27.1,0.195,,75.1,,Smoothie King Center,683757.0,16677.0,82.0,7494.8,105.64960420290367,105.6417770047212,2.5503957970963143,1.6582229952787912,0.892172801817523,,,,,
2015,2014-15,Regular Season,14.0,Washington Wizards*,28.6,46.0,36.0,43.0,39.0,0.72,-0.55,0.17,103.7,103.0,0.7,93.7,0.259,0.203,0.534,,0.481,12.9,24.9,0.21,,77.3,,Verizon Center,747796.0,18239.0,82.0,7683.400000000001,105.64960420290367,105.6417770047212,-1.9496042029036855,-2.641777004721206,0.6921728018175202,,,,,
2015,2014-15,Regular Season,15.0,Milwaukee Bucks*,24.6,41.0,41.0,42.0,40.0,0.43,-0.52,-0.09,102.7,102.2,0.5,94.1,0.258,0.223,0.536,,0.487,15.9,25.4,0.221,,73.3,,BMO Harris Bradley Center,593910.0,14813.0,82.0,7716.2,105.64960420290367,105.6417770047212,-2.9496042029036857,-3.441777004721203,0.4921728018175173,,,,,
2015,2014-15,Regular Season,16.0,Indiana Pacers,28.3,38.0,44.0,42.0,40.0,0.28,-0.51,-0.23,103.5,103.2,0.3,93.2,0.266,0.255,0.523,,0.478,12.0,24.0,0.217,,77.9,,Bankers Life Fieldhouse,691434.0,16864.0,82.0,7642.400000000001,105.64960420290367,105.6417770047212,-2.1496042029036886,-2.441777004721203,0.2921728018175145,,,,,
2015,2014-15,Regular Season,17.0,Utah Jazz,23.4,38.0,44.0,42.0,40.0,0.22,0.49,0.71,105.1,104.9,0.2,90.4,0.297,0.274,0.531,,0.491,12.8,29.1,0.199,,76.3,,EnergySolutions Arena,772059.0,18831.0,82.0,7412.8,105.64960420290367,105.6417770047212,-0.5496042029036943,-0.7417770047212002,0.1921728018175059,,,,,
2015,2014-15,Regular Season,18.0,Boston Celtics*,25.0,40.0,42.0,41.0,41.0,0.16,-0.56,-0.4,104.7,104.5,0.2,95.8,0.233,0.28,0.523,,0.494,13.7,24.7,0.208,,75.0,,TD Garden,721350.0,17594.0,82.0,7855.599999999999,105.64960420290367,105.6417770047212,-0.9496042029036856,-1.141777004721206,0.1921728018175201,,,,,
2015,2014-15,Regular Season,19.0,Phoenix Suns,25.7,39.0,43.0,38.0,44.0,-0.9,0.52,-0.38,105.3,106.2,-0.9,96.3,0.251,0.291,0.537,,0.497,14.0,24.5,0.221,,73.5,,US Airways Center,693862.0,16923.0,82.0,7896.599999999999,105.64960420290367,105.6417770047212,-0.3496042029036914,0.5582229952787969,-0.9078271981824884,,,,,
2015,2014-15,Regular Season,20.0,Detroit Pistons,25.9,32.0,50.0,38.0,44.0,-1.0,-0.39,-1.39,105.3,106.4,-1.1,92.8,0.261,0.29,0.515,,0.502,13.2,27.7,0.192,,75.0,,The Palace of Auburn Hills,625917.0,15266.0,82.0,7609.599999999999,105.64960420290367,105.6417770047212,-0.3496042029036914,0.7582229952787998,-1.1078271981824912,,,,,
2015,2014-15,Regular Season,21.0,Miami Heat,28.5,37.0,45.0,33.0,49.0,-2.6,-0.32,-2.92,103.9,106.7,-2.8,90.9,0.306,0.262,0.54,,0.505,14.2,23.2,0.213,,73.4,,AmericanAirlines Arena,808223.0,19713.0,82.0,7453.8,105.64960420290367,105.6417770047212,-1.749604202903683,1.058222995278797,-2.80782719818248,,,,,
2015,2014-15,Regular Season,22.0,Brooklyn Nets*,28.6,38.0,44.0,33.0,49.0,-2.88,-0.25,-3.13,104.4,107.4,-3.0,92.7,0.267,0.24,0.529,,0.506,12.9,23.9,0.185,,73.7,,Barclays Center,698529.0,17037.0,82.0,7601.400000000001,105.64960420290367,105.6417770047212,-1.249604202903683,1.7582229952787998,-3.0078271981824827,,,,,
2015,2014-15,Regular Season,23.0,Charlotte Hornets,26.0,33.0,49.0,32.0,50.0,-3.17,-0.27,-3.44,100.1,103.5,-3.4,93.0,0.269,0.226,0.498,,0.487,12.0,22.1,0.188,,79.3,,Time Warner Cable Arena,704886.0,17192.0,82.0,7626.0,105.64960420290367,105.6417770047212,-5.549604202903694,-2.141777004721206,-3.4078271981824884,,,,,
2015,2014-15,Regular Season,24.0,Denver Nuggets,26.4,30.0,52.0,31.0,51.0,-3.55,0.48,-3.07,104.5,108.2,-3.7,96.1,0.278,0.284,0.518,,0.504,13.0,26.6,0.239,,74.7,,Pepsi Center,602707.0,14700.0,82.0,7880.2,105.64960420290367,105.6417770047212,-1.1496042029036886,2.558222995278797,-3.7078271981824855,,,,,
2015,2014-15,Regular Season,25.0,Sacramento Kings,26.0,29.0,53.0,31.0,51.0,-3.71,0.64,-3.07,105.3,109.2,-3.9,95.4,0.363,0.204,0.542,,0.507,11.8,26.5,0.2,,75.2,,Sleep Train Arena,680049.0,16587.0,82.0,7822.8,105.64960420290367,105.6417770047212,-0.3496042029036914,3.558222995278797,-3.907827198182488,,,,,
2015,2014-15,Regular Season,26.0,Orlando Magic,24.3,25.0,57.0,25.0,57.0,-5.72,-0.15,-5.87,101.6,107.7,-6.1,93.8,0.23,0.235,0.524,,0.514,13.6,23.1,0.21,,76.0,,Amway Center,688194.0,16785.0,82.0,7691.599999999999,105.64960420290367,105.6417770047212,-4.049604202903694,2.058222995278797,-6.107827198182491,,,,,
2015,2014-15,Regular Season,27.0,Los Angeles Lakers,27.0,21.0,61.0,23.0,59.0,-6.84,0.67,-6.17,103.4,110.6,-7.2,94.0,0.276,0.22,0.513,,0.518,12.1,25.4,0.231,,76.3,,STAPLES Center,768244.0,18738.0,82.0,7708.0,105.64960420290367,105.6417770047212,-2.249604202903683,4.958222995278788,-7.207827198182471,,,,,
2015,2014-15,Regular Season,28.0,Minnesota Timberwolves,24.4,16.0,66.0,19.0,63.0,-8.79,0.79,-8.0,102.9,112.2,-9.3,94.4,0.309,0.179,0.517,,0.537,13.9,26.6,0.187,,71.6,,Target Center,595652.0,14416.0,82.0,7740.8,105.64960420290367,105.6417770047212,-2.749604202903683,6.558222995278797,-9.30782719818248,,,,,
2015,2014-15,Regular Season,29.0,Philadelphia 76ers,23.2,18.0,64.0,18.0,64.0,-8.98,-0.07,-9.04,95.5,104.8,-9.3,95.7,0.288,0.319,0.494,,0.497,15.2,25.5,0.225,,73.0,,Wells Fargo Center,571572.0,13941.0,82.0,7847.400000000001,105.64960420290367,105.6417770047212,-10.149604202903689,-0.8417770047212088,-9.30782719818248,,,,,
2015,2014-15,Regular Season,30.0,New York Knicks,26.9,17.0,65.0,17.0,65.0,-9.32,-0.18,-9.5,99.9,110.0,-10.1,91.2,0.234,0.24,0.508,,0.512,13.3,24.5,0.234,,73.1,,Madison Square Garden (IV),812292.0,19812.0,82.0,7478.400000000001,105.64960420290367,105.6417770047212,-5.749604202903683,4.358222995278794,-10.107827198182475,,,,,
2015,2014-15,Playoffs,1.0,Golden State Warriors,26.4,16.0,5.0,16.0,5.0,,,,108.7,100.5,8.2,93.7,0.263,0.362,0.55,,0.458,13.1,26.2,0.228,,75.3,,,,,21.0,1967.7,105.271025850518,105.27266642700742,3.428974149482002,-4.772666427007422,8.201640576489424,0.762,,,,
2015,2014-15,Playoffs,2.0,Cleveland Cavaliers,26.6,14.0,6.0,13.0,7.0,,,,107.4,103.1,4.3,90.7,0.325,0.347,0.524,,0.467,11.1,28.1,0.209,,77.5,,,,,20.0,1814.0,105.271025850518,105.27266642700742,2.128974149482005,-2.172666427007428,4.301640576489433,0.7,,,,
2015,2014-15,Playoffs,3.0,Washington Wizards,27.5,6.0,4.0,6.0,4.0,,,,105.8,101.7,4.1,94.6,0.28,0.276,0.533,,0.47,12.2,26.8,0.177,,77.2,,,,,10.0,946.0,105.271025850518,105.27266642700742,0.5289741494819964,-3.5726664270074195,4.101640576489416,0.6,,,,
2015,2014-15,Playoffs,4.0,Chicago Bulls,28.7,6.0,6.0,7.0,5.0,,,,104.4,100.7,3.7,90.4,0.257,0.294,0.515,,0.452,11.8,26.8,0.198,,74.3,,,,,12.0,1084.8000000000002,105.271025850518,105.27266642700742,-0.8710258505179951,-4.57266642700742,3.701640576489425,0.5,,,,
2015,2014-15,Playoffs,5.0,Los Angeles Clippers,28.8,7.0,7.0,8.0,6.0,,,,108.4,107.1,1.3,98.7,0.361,0.3,0.548,,0.505,12.5,21.3,0.25,,75.0,,,,,14.0,1381.8,105.271025850518,105.27266642700742,3.128974149482005,1.827333572992572,1.301640576489433,0.5,,,,
2015,2014-15,Playoffs,6.0,San Antonio Spurs,30.3,3.0,4.0,4.0,3.0,,,,107.8,107.3,0.5,94.5,0.298,0.307,0.536,,0.509,11.5,24.8,0.224,,78.6,,,,,7.0,661.5,105.271025850518,105.27266642700742,2.5289741494819964,2.0273335729925748,0.5016405764894216,0.429,,,,
2015,2014-15,Playoffs,7.0,Atlanta Hawks,27.7,8.0,8.0,8.0,8.0,,,,103.4,103.6,-0.2,93.5,0.227,0.335,0.521,,0.486,12.9,21.6,0.184,,74.7,,,,,16.0,1496.0,105.271025850518,105.27266642700742,-1.871025850517995,-1.672666427007428,-0.198359423510567,0.5,,,,
2015,2014-15,Playoffs,8.0,Memphis Grizzlies,30.3,6.0,5.0,5.0,6.0,,,,103.0,104.4,-1.4,91.9,0.27,0.166,0.503,,0.501,14.1,23.7,0.192,,77.2,,,,,11.0,1010.9,105.271025850518,105.27266642700742,-2.2710258505180008,-0.8726664270074167,-1.398359423510584,0.545,,,,
2015,2014-15,Playoffs,9.0,Houston Rockets,28.8,9.0,8.0,7.0,10.0,,,,106.6,109.0,-2.4,101.5,0.44,0.33,0.544,,0.514,12.5,23.8,0.21,,74.4,,,,,17.0,1725.5,105.271025850518,105.27266642700742,1.3289741494819935,3.7273335729925776,-2.398359423510584,0.529,,,,
2015,2014-15,Playoffs,10.0,Dallas Mavericks,30.4,1.0,4.0,2.0,3.0,,,,107.9,112.0,-4.1,101.9,0.274,0.265,0.534,,0.52,12.4,28.1,0.291,,75.1,,,,,5.0,509.5,105.271025850518,105.27266642700742,2.628974149482005,6.727333572992578,-4.098359423510573,0.2,,,,
2015,2014-15,Playoffs,11.0,Brooklyn Nets,28.6,2.0,4.0,2.0,4.0,,,,100.8,106.5,-5.7,94.0,0.251,0.289,0.522,,0.505,12.3,21.0,0.161,,77.8,,,,,6.0,564.0,105.271025850518,105.27266642700742,-4.471025850518004,1.2273335729925776,-5.698359423510581,0.333,,,,
2015,2014-15,Playoffs,12.0,Portland Trail Blazers,25.9,1.0,4.0,1.0,4.0,,,,101.9,109.3,-7.4,92.0,0.258,0.313,0.504,,0.465,7.9,22.2,0.254,,78.1,,,,,5.0,460.0,105.271025850518,105.27266642700742,-3.371025850517995,4.027333572992575,-7.39835942351057,0.2,,,,
2015,2014-15,Playoffs,13.0,New Orleans Pelicans,25.1,0.0,4.0,1.0,3.0,,,,106.8,115.2,-8.4,92.0,0.264,0.252,0.536,,0.516,11.0,24.9,0.211,,69.1,,,,,4.0,368.0,105.271025850518,105.27266642700742,1.5289741494819964,9.92733357299258,-8.398359423510584,0.0,,,,
2015,2014-15,Playoffs,14.0,Boston Celtics,24.6,0.0,4.0,1.0,3.0,,,,101.5,111.5,-10.0,93.3,0.308,0.26,0.504,,0.498,11.8,22.2,0.303,,71.9,,,,,4.0,373.2,105.271025850518,105.27266642700742,-3.7710258505180008,6.227333572992578,-9.998359423510578,0.0,,,,
2015,2014-15,Playoffs,15.0,Milwaukee Bucks,24.8,2.0,4.0,1.0,5.0,,,,91.8,104.6,-12.8,93.1,0.236,0.206,0.455,,0.504,15.7,23.9,0.2,,73.5,,,,,6.0,558.5999999999999,105.271025850518,105.27266642700742,-13.471025850518004,-0.6726664270074281,-12.798359423510576,0.333,,,,
2015,2014-15,Playoffs,16.0,Toronto Raptors,25.9,0.0,4.0,1.0,3.0,,,,99.3,113.7,-14.4,94.5,0.241,0.283,0.493,,0.547,13.3,19.0,0.25,,73.0,,,,,4.0,378.0,105.271025850518,105.27266642700742,-5.971025850518004,8.42733357299258,-14.398359423510584,0.0,,,,
2016,2015-16,Regular Season,1.0,San Antonio Spurs*,30.3,67.0,15.0,67.0,15.0,10.63,-0.36,10.28,110.3,99.0,11.3,93.8,0.246,0.223,0.564,,0.477,14.1,23.0,0.182,,79.1,,AT&T Center,756445.0,18450.0,82.0,7691.599999999999,106.39304956146458,106.40128776277322,3.906950438535418,-7.401287762773222,11.30823820130864,,,,,
2016,2015-16,Regular Season,2.0,Golden State Warriors*,27.4,73.0,9.0,65.0,17.0,10.76,-0.38,10.38,114.5,103.8,10.7,99.3,0.25,0.362,0.593,,0.479,12.6,23.5,0.208,,76.0,,Oracle Arena,803436.0,19596.0,82.0,8142.599999999999,106.39304956146458,106.40128776277322,8.10695043853542,-2.601287762773225,10.708238201308646,,,,,
2016,2015-16,Regular Season,3.0,Oklahoma City Thunder*,25.8,55.0,27.0,59.0,23.0,7.28,-0.19,7.09,113.1,105.6,7.5,96.7,0.292,0.275,0.565,,0.484,11.7,31.1,0.205,,76.0,,Chesapeake Energy Arena,746323.0,18203.0,82.0,7929.400000000001,106.39304956146458,106.40128776277322,6.706950438535415,-0.801287762773228,7.508238201308643,,,,,
2016,2015-16,Regular Season,4.0,Cleveland Cavaliers*,28.1,57.0,25.0,57.0,25.0,6.0,-0.55,5.45,110.9,104.5,6.4,93.3,0.259,0.352,0.558,,0.496,12.6,25.1,0.205,,78.5,,Quicken Loans Arena,843042.0,20562.0,82.0,7650.599999999999,106.39304956146458,106.40128776277322,4.506950438535426,-1.9012877627732223,6.408238201308649,,,,,
2016,2015-16,Regular Season,5.0,Toronto Raptors*,26.3,56.0,26.0,53.0,29.0,4.5,-0.42,4.08,110.0,105.2,4.8,92.9,0.328,0.287,0.552,,0.498,12.7,24.6,0.201,,77.7,,Air Canada Centre,812863.0,19826.0,82.0,7617.8,106.39304956146458,106.40128776277322,3.6069504385354207,-1.2012877627732197,4.80823820130864,,,,,
2016,2015-16,Regular Season,6.0,Los Angeles Clippers*,29.7,53.0,29.0,53.0,29.0,4.28,-0.15,4.13,108.3,103.8,4.5,95.8,0.318,0.324,0.556,,0.48,13.8,20.1,0.222,,73.8,,STAPLES Center,786910.0,19193.0,82.0,7855.599999999999,106.39304956146458,106.40128776277322,1.906950438535418,-2.601287762773225,4.508238201308643,,,,,
2016,2015-16,Regular Season,7.0,Atlanta Hawks*,28.2,48.0,34.0,51.0,31.0,3.61,-0.12,3.49,105.1,101.4,3.7,97.1,0.237,0.336,0.552,,0.48,14.4,19.1,0.194,,74.6,,Philips Arena,690150.0,16833.0,82.0,7962.2,106.39304956146458,106.40128776277322,-1.293049561464585,-5.001287762773217,3.708238201308632,,,,,
2016,2015-16,Regular Season,8.0,Boston Celtics*,25.2,48.0,34.0,50.0,32.0,3.21,-0.37,2.84,106.8,103.6,3.2,98.5,0.264,0.293,0.531,,0.487,14.6,25.1,0.231,,74.6,,TD Garden,749076.0,18270.0,82.0,8077.0,106.39304956146458,106.40128776277322,0.4069504385354179,-2.801287762773228,3.208238201308646,,,,,
2016,2015-16,Regular Season,9.0,Charlotte Hornets*,26.0,48.0,34.0,49.0,33.0,2.72,-0.36,2.36,107.2,104.3,2.9,95.6,0.28,0.348,0.545,,0.496,12.5,20.0,0.191,,79.8,,Time Warner Cable Arena,716894.0,17485.0,82.0,7839.2,106.39304956146458,106.40128776277322,0.8069504385354236,-2.101287762773225,2.9082382013086487,,,,,
2016,2015-16,Regular Season,10.0,Utah Jazz,24.2,40.0,42.0,46.0,36.0,1.79,0.05,1.84,105.9,103.9,2.0,91.0,0.286,0.297,0.54,,0.495,13.5,25.9,0.21,,77.7,,Vivint Smart Home Arena,791489.0,19305.0,82.0,7462.0,106.39304956146458,106.40128776277322,-0.4930495614645735,-2.5012877627732166,2.008238201308643,,,,,
2016,2015-16,Regular Season,11.0,Miami Heat*,28.4,48.0,34.0,46.0,36.0,1.65,-0.14,1.5,106.1,104.4,1.7,93.6,0.282,0.221,0.545,,0.485,12.1,23.8,0.196,,77.8,,AmericanAirlines Arena,809350.0,19740.0,82.0,7675.2,106.39304956146458,106.40128776277322,-0.2930495614645849,-2.0012877627732166,1.7082382013086317,,,,,
2016,2015-16,Regular Season,12.0,Indiana Pacers*,26.9,45.0,37.0,46.0,36.0,1.71,-0.09,1.62,104.6,102.9,1.7,96.6,0.268,0.27,0.536,,0.489,14.3,23.4,0.205,,76.0,,Bankers Life Fieldhouse,690733.0,16847.0,82.0,7921.2,106.39304956146458,106.40128776277322,-1.793049561464585,-3.5012877627732166,1.7082382013086317,,,,,
2016,2015-16,Regular Season,13.0,Portland Trail Blazers*,24.3,44.0,38.0,43.0,39.0,0.83,0.15,0.98,108.8,108.0,0.8,96.0,0.268,0.332,0.548,,0.503,12.1,25.9,0.225,,76.2,,Moda Center,794085.0,19368.0,82.0,7872.0,106.39304956146458,106.40128776277322,2.406950438535418,1.5987122372267777,0.8082382013086402,,,,,
2016,2015-16,Regular Season,14.0,Detroit Pistons*,25.0,44.0,38.0,43.0,39.0,0.61,-0.18,0.43,106.1,105.5,0.6,95.1,0.296,0.303,0.522,,0.504,12.5,27.0,0.196,,79.3,,The Palace of Auburn Hills,677138.0,16516.0,82.0,7798.2,106.39304956146458,106.40128776277322,-0.2930495614645849,-0.9012877627732224,0.6082382013086374,,,,,
2016,2015-16,Regular Season,15.0,Houston Rockets*,27.8,41.0,41.0,42.0,40.0,0.2,0.14,0.34,108.3,108.1,0.2,97.6,0.352,0.37,0.553,,0.516,14.8,25.7,0.219,,72.8,,Toyota Center,737244.0,17982.0,82.0,8003.2,106.39304956146458,106.40128776277322,1.906950438535418,1.698712237226772,0.2082382013086459,,,,,
2016,2015-16,Regular Season,16.0,Dallas Mavericks*,30.3,42.0,40.0,40.0,42.0,-0.3,0.29,-0.02,106.7,107.0,-0.3,94.3,0.265,0.339,0.544,,0.504,12.8,20.6,0.198,,76.2,,American Airlines Center,825901.0,20144.0,82.0,7732.599999999999,106.39304956146458,106.40128776277322,0.3069504385354236,0.5987122372267777,-0.2917617986913541,,,,,
2016,2015-16,Regular Season,17.0,Washington Wizards,27.3,41.0,41.0,40.0,42.0,-0.5,0.0,-0.5,105.3,105.8,-0.5,98.5,0.263,0.282,0.544,,0.515,14.6,20.6,0.218,,77.7,,Verizon Center,725426.0,17693.0,82.0,8077.0,106.39304956146458,106.40128776277322,-1.093049561464582,-0.6012877627732252,-0.4917617986913569,,,,,
2016,2015-16,Regular Season,18.0,Chicago Bulls,27.6,42.0,40.0,37.0,45.0,-1.48,0.01,-1.46,105.0,106.5,-1.5,95.7,0.24,0.244,0.526,,0.485,10.7,24.5,0.182,,74.9,,United Center,894659.0,21821.0,82.0,7847.400000000001,106.39304956146458,106.40128776277322,-1.3930495614645793,0.0987122372267776,-1.491761798691357,,,,,
2016,2015-16,Regular Season,19.0,Orlando Magic,23.9,35.0,47.0,36.0,46.0,-1.62,-0.06,-1.68,105.1,106.8,-1.7,96.0,0.232,0.255,0.533,,0.513,13.8,23.1,0.215,,76.5,,Amway Center,719275.0,17515.0,82.0,7872.0,106.39304956146458,106.40128776277322,-1.293049561464585,0.3987122372267748,-1.6917617986913598,,,,,
2016,2015-16,Regular Season,20.0,Sacramento Kings,26.6,33.0,49.0,34.0,48.0,-2.48,0.16,-2.32,106.0,108.4,-2.4,100.0,0.295,0.26,0.546,,0.521,14.0,23.9,0.202,,74.9,,Sleep Train Arena,707526.0,17222.0,82.0,8200.0,106.39304956146458,106.40128776277322,-0.3930495614645792,1.9987122372267836,-2.391761798691362,,,,,
2016,2015-16,Regular Season,21.0,Memphis Grizzlies*,30.5,42.0,40.0,35.0,47.0,-2.24,0.11,-2.14,105.4,107.8,-2.4,93.3,0.295,0.222,0.524,,0.518,15.2,25.3,0.251,,75.1,,FedEx Forum,701894.0,17119.0,82.0,7650.599999999999,106.39304956146458,106.40128776277322,-0.9930495614645736,1.3987122372267748,-2.3917617986913484,,,,,
2016,2015-16,Regular Season,22.0,New York Knicks,27.2,32.0,50.0,33.0,49.0,-2.73,0.0,-2.74,104.6,107.6,-3.0,93.4,0.255,0.256,0.527,,0.487,10.5,23.7,0.204,,75.8,,Madison Square Garden (IV),812292.0,19812.0,82.0,7658.8,106.39304956146458,106.40128776277322,-1.793049561464585,1.198712237226772,-2.991761798691357,,,,,
2016,2015-16,Regular Season,23.0,Denver Nuggets,24.7,33.0,49.0,33.0,49.0,-3.1,0.29,-2.81,105.6,108.9,-3.3,95.7,0.282,0.277,0.531,,0.515,12.6,25.8,0.216,,77.3,,Pepsi Center,577898.0,14095.0,82.0,7847.400000000001,106.39304956146458,106.40128776277322,-0.7930495614645849,2.498712237226784,-3.2917617986913683,,,,,
2016,2015-16,Regular Season,24.0,Minnesota Timberwolves,24.6,29.0,53.0,31.0,51.0,-3.54,0.15,-3.38,106.5,110.1,-3.6,95.2,0.332,0.202,0.549,,0.524,13.6,24.3,0.2,,74.7,,Target Center,581178.0,14175.0,82.0,7806.400000000001,106.39304956146458,106.40128776277322,0.1069504385354207,3.698712237226772,-3.5917617986913517,,,,,
2016,2015-16,Regular Season,25.0,New Orleans Pelicans,26.6,30.0,52.0,31.0,51.0,-3.79,0.24,-3.56,105.6,109.5,-3.9,96.8,0.259,0.277,0.537,,0.523,12.7,21.2,0.225,,78.8,,Smoothie King Center,688549.0,16794.0,82.0,7937.599999999999,106.39304956146458,106.40128776277322,-0.7930495614645849,3.0987122372267777,-3.891761798691362,,,,,
2016,2015-16,Regular Season,26.0,Milwaukee Bucks,23.5,33.0,49.0,29.0,53.0,-4.18,0.2,-3.98,104.3,108.7,-4.4,94.2,0.276,0.189,0.537,,0.51,14.2,24.9,0.221,,73.1,,BMO Harris Bradley Center,621808.0,15166.0,82.0,7724.400000000001,106.39304956146458,106.40128776277322,-2.093049561464582,2.2987122372267805,-4.391761798691363,,,,,
2016,2015-16,Regular Season,27.0,Phoenix Suns,26.0,23.0,59.0,24.0,58.0,-6.66,0.34,-6.32,102.2,109.0,-6.8,98.5,0.271,0.302,0.526,,0.523,13.5,25.4,0.237,,77.1,,Talking Stick Resort Arena,701405.0,17107.0,82.0,8077.0,106.39304956146458,106.40128776277322,-4.193049561464576,2.5987122372267777,-6.791761798691354,,,,,
2016,2015-16,Regular Season,28.0,Brooklyn Nets,26.9,21.0,61.0,22.0,60.0,-7.35,0.24,-7.12,103.2,110.9,-7.7,95.2,0.246,0.218,0.527,,0.534,13.1,24.1,0.176,,75.7,,Barclays Center,620142.0,15125.0,82.0,7806.400000000001,106.39304956146458,106.40128776277322,-3.1930495614645764,4.498712237226783,-7.69176179869136,,,,,
2016,2015-16,Regular Season,29.0,Los Angeles Lakers,26.5,17.0,65.0,17.0,65.0,-9.56,0.64,-8.92,101.6,111.6,-10.0,95.6,0.292,0.29,0.509,,0.523,11.6,23.1,0.202,,74.7,,STAPLES Center,778877.0,18997.0,82.0,7839.2,106.39304956146458,106.40128776277322,-4.793049561464585,5.198712237226772,-9.991761798691355,,,,,
2016,2015-16,Regular Season,30.0,Philadelphia 76ers,23.3,10.0,72.0,16.0,66.0,-10.23,0.31,-9.92,98.8,109.2,-10.4,97.9,0.269,0.327,0.519,,0.51,13.5,20.6,0.24,,74.0,,Wells Fargo Center,614650.0,14991.0,82.0,8027.8,106.39304956146458,106.40128776277322,-7.593049561464582,2.7987122372267805,-10.391761798691364,,,,,
2016,2015-16,Playoffs,1.0,San Antonio Spurs,30.7,6.0,4.0,8.0,2.0,,,,111.0,101.1,9.9,91.9,0.248,0.232,0.557,,0.467,14.2,20.3,0.208,,71.7,,,,,10.0,919.0,106.69295720938956,106.70300503235084,4.307042790610439,-5.603005032350836,9.910047822961277,0.6,,,,
2016,2015-16,Playoffs,2.0,Cleveland Cavaliers,28.0,16.0,5.0,16.0,5.0,,,,115.5,106.0,9.5,90.7,0.267,0.37,0.573,,0.51,12.8,26.8,0.189,,79.0,,,,,21.0,1904.7,106.69295720938956,106.70300503235084,8.807042790610438,-0.7030050323508306,9.510047822961267,0.762,,,,
2016,2015-16,Playoffs,3.0,Oklahoma City Thunder,25.6,11.0,7.0,12.0,6.0,,,,111.8,106.2,5.6,95.2,0.326,0.295,0.551,,0.499,11.5,29.6,0.191,,78.7,,,,,18.0,1713.6,106.69295720938956,106.70300503235084,5.107042790610436,-0.5030050323508277,5.610047822961263,0.611,,,,
2016,2015-16,Playoffs,4.0,Golden State Warriors,27.4,15.0,9.0,15.0,9.0,,,,110.5,106.1,4.4,97.0,0.272,0.379,0.562,,0.481,13.1,23.9,0.226,,72.4,,,,,24.0,2328.0,106.69295720938956,106.70300503235084,3.8070427906104394,-0.6030050323508362,4.410047822961275,0.625,,,,
2016,2015-16,Playoffs,5.0,Miami Heat,28.7,7.0,7.0,9.0,5.0,,,,105.1,101.7,3.4,90.2,0.264,0.238,0.539,,0.451,10.4,23.0,0.241,,80.5,,,,,14.0,1262.8,106.69295720938956,106.70300503235084,-1.5929572093895672,-5.003005032350828,3.4100478229612605,0.5,,,,
2016,2015-16,Playoffs,6.0,Indiana Pacers,26.4,3.0,4.0,4.0,3.0,,,,105.5,103.9,1.6,88.8,0.319,0.284,0.549,,0.437,12.8,23.5,0.246,,67.2,,,,,7.0,621.6,106.69295720938956,106.70300503235084,-1.1929572093895615,-2.803005032350825,1.6100478229612634,0.429,,,,
2016,2015-16,Playoffs,7.0,Los Angeles Clippers,29.3,2.0,4.0,3.0,3.0,,,,104.9,103.9,1.0,93.7,0.345,0.229,0.502,,0.467,12.0,23.5,0.193,,71.3,,,,,6.0,562.2,106.69295720938956,106.70300503235084,-1.7929572093895558,-2.803005032350825,1.010047822961269,0.333,,,,
2016,2015-16,Playoffs,8.0,Atlanta Hawks,28.3,4.0,6.0,5.0,5.0,,,,103.5,104.5,-1.0,95.7,0.242,0.375,0.533,,0.487,12.7,20.7,0.175,,75.0,,,,,10.0,957.0,106.69295720938956,106.70300503235084,-3.192957209389561,-2.2030050323508306,-0.989952177038731,0.4,,,,
2016,2015-16,Playoffs,9.0,Portland Trail Blazers,24.8,5.0,6.0,5.0,6.0,,,,108.1,110.7,-2.6,96.2,0.287,0.351,0.523,,0.507,10.1,26.6,0.22,,75.5,,,,,11.0,1058.2,106.69295720938956,106.70300503235084,1.4070427906104328,3.996994967649172,-2.5899521770387395,0.455,,,,
2016,2015-16,Playoffs,10.0,Toronto Raptors,26.1,10.0,10.0,7.0,13.0,,,,102.8,107.5,-4.7,89.4,0.301,0.282,0.507,,0.514,13.6,25.1,0.237,,77.3,,,,,20.0,1788.0,106.69295720938956,106.70300503235084,-3.892957209389565,0.7969949676491694,-4.689952177038734,0.5,,,,
2016,2015-16,Playoffs,11.0,Boston Celtics,25.0,2.0,4.0,2.0,4.0,,,,93.8,100.5,-6.7,98.3,0.235,0.352,0.475,,0.481,13.3,21.5,0.191,,80.6,,,,,6.0,589.8,106.69295720938956,106.70300503235084,-12.892957209389564,-6.203005032350831,-6.689952177038734,0.333,,,,
2016,2015-16,Playoffs,12.0,Charlotte Hornets,26.9,3.0,4.0,1.0,6.0,,,,99.2,109.0,-9.8,91.0,0.309,0.231,0.494,,0.517,11.8,15.9,0.186,,75.9,,,,,7.0,637.0,106.69295720938956,106.70300503235084,-7.492957209389559,2.296994967649169,-9.789952177038728,0.429,,,,
2016,2015-16,Playoffs,13.0,Detroit Pistons,24.1,0.0,4.0,1.0,3.0,,,,109.4,119.2,-9.8,86.8,0.292,0.309,0.559,,0.546,8.6,18.4,0.147,,75.5,,,,,4.0,347.2,106.69295720938956,106.70300503235084,2.707042790610444,12.496994967649172,-9.789952177038728,0.0,,,,
2016,2015-16,Playoffs,14.0,Houston Rockets,28.5,1.0,4.0,0.0,5.0,,,,92.7,111.8,-19.1,98.4,0.32,0.332,0.467,,0.552,12.9,29.9,0.199,,77.1,,,,,5.0,492.0,106.69295720938956,106.70300503235084,-13.99295720938956,5.096994967649167,-19.089952177038725,0.2,,,,
2016,2015-16,Playoffs,15.0,Dallas Mavericks,30.4,1.0,4.0,0.0,5.0,,,,102.1,122.0,-19.9,91.8,0.298,0.264,0.511,,0.537,12.0,21.5,0.278,,65.5,,,,,5.0,459.0,106.69295720938956,106.70300503235084,-4.592957209389567,15.29699496764917,-19.889952177038737,0.2,,,,
2016,2015-16,Playoffs,16.0,Memphis Grizzlies,30.8,0.0,4.0,0.0,4.0,,,,90.9,115.6,-24.7,89.1,0.215,0.197,0.455,,0.552,13.7,28.8,0.246,,77.3,,,,,4.0,356.4,106.69295720938956,106.70300503235084,-15.792957209389556,8.896994967649164,-24.68995217703872,0.0,,,,
2017,2016-17,Regular Season,1.0,Golden State Warriors*,28.2,67.0,15.0,67.0,15.0,11.63,-0.28,11.35,115.6,104.0,11.6,99.8,0.259,0.359,0.597,,0.486,13.5,22.8,0.198,,74.9,,Oracle Arena,803436.0,19596.0,82.0,8183.599999999999,108.81039073305668,108.79741355463348,6.789609266943316,-4.797413554633479,11.587022821576795,,,,,
2017,2016-17,Regular Season,2.0,San Antonio Spurs*,29.6,61.0,21.0,60.0,22.0,7.2,-0.06,7.13,111.1,103.5,7.6,94.2,0.263,0.281,0.564,,0.492,13.5,24.0,0.192,,77.6,,AT&T Center,755347.0,18423.0,82.0,7724.400000000001,108.81039073305668,108.79741355463348,2.289609266943316,-5.297413554633479,7.587022821576795,,,,,
2017,2016-17,Regular Season,3.0,Houston Rockets*,27.4,55.0,27.0,55.0,27.0,5.77,0.08,5.84,114.7,109.0,5.7,100.0,0.304,0.462,0.583,,0.519,13.2,24.6,0.194,,75.8,,Toyota Center,695903.0,16973.0,82.0,8200.0,108.81039073305668,108.79741355463348,5.889609266943324,0.2025864453665207,5.687022821576804,,,,,
2017,2016-17,Regular Season,4.0,Toronto Raptors*,26.1,51.0,31.0,52.0,30.0,4.21,-0.56,3.65,112.3,107.8,4.5,94.7,0.293,0.289,0.561,,0.507,13.5,25.0,0.223,,76.3,,Air Canada Centre,813050.0,19830.0,82.0,7765.400000000001,108.81039073305668,108.79741355463348,3.4896092669433187,-0.997413554633482,4.487022821576801,,,,,
2017,2016-17,Regular Season,5.0,Los Angeles Clippers*,30.0,51.0,31.0,52.0,30.0,4.29,0.13,4.42,112.7,108.2,4.5,96.1,0.312,0.329,0.574,,0.506,12.1,21.5,0.211,,76.9,,STAPLES Center,782609.0,19088.0,82.0,7880.2,108.81039073305668,108.79741355463348,3.889609266943325,-0.5974135546334765,4.487022821576801,,,,,
2017,2016-17,Regular Season,6.0,Utah Jazz*,26.8,51.0,31.0,52.0,30.0,3.94,0.06,4.0,109.6,105.3,4.3,91.6,0.288,0.327,0.563,,0.493,11.8,23.2,0.195,,78.9,,Vivint Smart Home Arena,806142.0,19662.0,82.0,7511.2,108.81039073305668,108.79741355463348,0.7896092669433159,-3.497413554633482,4.287022821576798,,,,,
2017,2016-17,Regular Season,7.0,Cleveland Cavaliers*,29.2,51.0,31.0,49.0,33.0,3.18,-0.31,2.87,113.6,110.3,3.3,96.2,0.275,0.399,0.58,,0.516,11.4,21.9,0.174,,75.8,,Quicken Loans Arena,843042.0,20562.0,82.0,7888.400000000001,108.81039073305668,108.79741355463348,4.789609266943316,1.502586445366518,3.287022821576798,,,,,
2017,2016-17,Regular Season,8.0,Boston Celtics*,25.9,53.0,29.0,48.0,34.0,2.63,-0.39,2.25,111.2,108.4,2.8,96.8,0.273,0.393,0.567,,0.503,12.6,21.2,0.223,,75.3,,TD Garden,760690.0,18553.0,82.0,7937.599999999999,108.81039073305668,108.79741355463348,2.3896092669433244,-0.3974135546334736,2.787022821576798,,,,,
2017,2016-17,Regular Season,9.0,Washington Wizards*,26.0,49.0,33.0,46.0,36.0,1.8,-0.45,1.36,111.2,109.3,1.9,97.4,0.254,0.284,0.564,,0.524,13.8,24.1,0.213,,75.5,,Verizon Center,697107.0,17003.0,82.0,7986.8,108.81039073305668,108.79741355463348,2.3896092669433244,0.5025864453665179,1.8870228215768063,,,,,
2017,2016-17,Regular Season,10.0,Miami Heat,26.5,41.0,41.0,44.0,38.0,1.06,-0.29,0.77,107.8,106.7,1.1,95.2,0.251,0.314,0.541,,0.496,12.6,24.2,0.22,,76.4,,AmericanAirlines Arena,805400.0,19644.0,82.0,7806.400000000001,108.81039073305668,108.79741355463348,-1.0103907330566813,-2.0974135546334765,1.0870228215767952,,,,,
2017,2016-17,Regular Season,11.0,Oklahoma City Thunder*,24.7,47.0,35.0,43.0,39.0,0.76,0.39,1.14,108.3,107.5,0.8,97.8,0.295,0.295,0.54,,0.511,12.5,27.9,0.218,,79.0,,Chesapeake Energy Arena,746323.0,18203.0,82.0,8019.599999999999,108.81039073305668,108.79741355463348,-0.5103907330566813,-1.2974135546334793,0.787022821576798,,,,,
2017,2016-17,Regular Season,12.0,Memphis Grizzlies*,29.5,43.0,39.0,42.0,40.0,0.49,0.47,0.96,107.7,107.1,0.6,92.3,0.28,0.316,0.535,,0.506,13.6,24.8,0.256,,77.5,,FedEx Forum,677314.0,16520.0,82.0,7568.599999999999,108.81039073305668,108.79741355463348,-1.1103907330566756,-1.697413554633485,0.5870228215768094,,,,,
2017,2016-17,Regular Season,13.0,Denver Nuggets,25.2,40.0,42.0,42.0,40.0,0.51,0.19,0.7,113.2,112.7,0.5,98.3,0.276,0.329,0.568,,0.532,10.9,27.3,0.194,,78.7,,Pepsi Center,605585.0,14672.0,82.0,8060.599999999999,108.81039073305668,108.79741355463348,4.389609266943324,3.902586445366524,0.4870228215768009,,,,,
2017,2016-17,Regular Season,14.0,Chicago Bulls*,26.9,41.0,41.0,42.0,40.0,0.43,-0.39,0.03,107.4,107.0,0.4,95.3,0.259,0.256,0.53,,0.507,12.4,27.0,0.169,,76.8,,United Center,888882.0,21680.0,82.0,7814.599999999999,108.81039073305668,108.79741355463348,-1.4103907330566727,-1.7974135546334793,0.3870228215768065,,,,,
2017,2016-17,Regular Season,15.0,Charlotte Hornets,26.5,36.0,46.0,42.0,40.0,0.2,-0.26,-0.07,108.8,108.6,0.2,95.7,0.279,0.335,0.547,,0.523,12.1,19.9,0.164,,79.6,,Spectrum Center,710643.0,17333.0,82.0,7847.400000000001,108.81039073305668,108.79741355463348,-0.0103907330566812,-0.1974135546334849,0.1870228215768037,,,,,
2017,2016-17,Regular Season,16.0,Indiana Pacers*,27.0,42.0,40.0,40.0,42.0,-0.22,-0.42,-0.64,108.6,108.8,-0.2,95.9,0.261,0.272,0.558,,0.512,13.6,21.2,0.225,,75.5,,Bankers Life Fieldhouse,684578.0,16697.0,82.0,7863.8,108.81039073305668,108.79741355463348,-0.2103907330566841,0.0025864453665178,-0.2129771784232019,,,,,
2017,2016-17,Regular Season,17.0,Milwaukee Bucks*,25.6,42.0,40.0,40.0,42.0,-0.18,-0.26,-0.45,109.1,109.3,-0.2,94.5,0.274,0.29,0.565,,0.518,13.6,21.5,0.215,,75.4,,BMO Harris Bradley Center,648952.0,15828.0,82.0,7749.0,108.81039073305668,108.79741355463348,0.2896092669433159,0.5025864453665179,-0.2129771784232019,,,,,
2017,2016-17,Regular Season,18.0,Portland Trail Blazers*,24.8,41.0,41.0,40.0,42.0,-0.52,0.3,-0.23,110.3,110.8,-0.5,96.7,0.275,0.322,0.559,,0.508,11.6,23.0,0.241,,76.8,,Moda Center,792029.0,19318.0,82.0,7929.400000000001,108.81039073305668,108.79741355463348,1.4896092669433187,2.002586445366518,-0.5129771784231991,,,,,
2017,2016-17,Regular Season,19.0,Atlanta Hawks*,27.9,43.0,39.0,39.0,43.0,-0.85,-0.38,-1.23,104.9,105.7,-0.8,97.4,0.295,0.309,0.541,,0.507,13.8,23.6,0.179,,76.1,,Philips Arena,654306.0,15959.0,82.0,7986.8,108.81039073305668,108.79741355463348,-3.9103907330566727,-3.0974135546334765,-0.8129771784231963,,,,,
2017,2016-17,Regular Season,20.0,Detroit Pistons,25.4,37.0,45.0,38.0,44.0,-1.12,-0.17,-1.29,106.0,107.1,-1.1,95.0,0.218,0.263,0.521,,0.516,12.1,24.1,0.197,,81.2,,The Palace of Auburn Hills,655141.0,15979.0,82.0,7790.0,108.81039073305668,108.79741355463348,-2.8103907330566784,-1.697413554633485,-1.1129771784231934,,,,,
2017,2016-17,Regular Season,21.0,Minnesota Timberwolves,24.0,31.0,51.0,38.0,44.0,-1.11,0.47,-0.64,110.8,112.0,-1.2,94.6,0.287,0.249,0.555,,0.535,13.2,27.2,0.212,,75.9,,Target Center,607203.0,14810.0,82.0,7757.2,108.81039073305668,108.79741355463348,1.9896092669433187,3.2025864453665207,-1.212977178423202,,,,,
2017,2016-17,Regular Season,22.0,New Orleans Pelicans,25.7,34.0,48.0,35.0,47.0,-2.1,0.41,-1.69,105.2,107.4,-2.2,98.0,0.256,0.308,0.539,,0.509,12.4,18.5,0.177,,76.8,,Smoothie King Center,663099.0,16173.0,82.0,8036.0,108.81039073305668,108.79741355463348,-3.610390733056676,-1.3974135546334736,-2.212977178423202,,,,,
2017,2016-17,Regular Season,23.0,Dallas Mavericks,27.6,33.0,49.0,33.0,49.0,-2.93,0.4,-2.53,105.6,108.8,-3.2,92.2,0.225,0.366,0.541,,0.529,14.4,18.1,0.218,,77.6,,American Airlines Center,811366.0,19789.0,82.0,7560.400000000001,108.81039073305668,108.79741355463348,-3.210390733056684,0.0025864453665178,-3.212977178423202,,,,,
2017,2016-17,Regular Season,24.0,New York Knicks,27.3,31.0,51.0,31.0,51.0,-3.67,-0.2,-3.87,107.7,111.5,-3.8,96.0,0.239,0.279,0.534,,0.511,11.7,26.6,0.214,,74.1,,Madison Square Garden (IV),810741.0,19774.0,82.0,7872.0,108.81039073305668,108.79741355463348,-1.1103907330566756,2.7025864453665207,-3.812977178423196,,,,,
2017,2016-17,Regular Season,25.0,Sacramento Kings,27.9,32.0,50.0,31.0,51.0,-3.88,0.58,-3.29,107.3,111.3,-4.0,94.9,0.284,0.291,0.556,,0.528,12.9,21.0,0.227,,76.3,,Golden 1 Center,721928.0,17608.0,82.0,7781.8,108.81039073305668,108.79741355463348,-1.5103907330566813,2.502586445366518,-4.012977178423199,,,,,
2017,2016-17,Regular Season,26.0,Phoenix Suns,25.0,24.0,58.0,27.0,55.0,-5.63,0.49,-5.14,106.6,112.2,-5.6,100.3,0.297,0.255,0.538,,0.525,13.1,26.0,0.264,,76.4,,Talking Stick Resort Arena,708639.0,17134.0,82.0,8224.6,108.81039073305668,108.79741355463348,-2.210390733056684,3.4025864453665235,-5.612977178423208,,,,,
2017,2016-17,Regular Season,27.0,Philadelphia 76ers,24.6,28.0,54.0,26.0,56.0,-5.7,-0.14,-5.83,103.2,108.9,-5.7,98.5,0.258,0.349,0.539,,0.512,13.5,22.4,0.234,,75.3,,Wells Fargo Center,710557.0,17331.0,82.0,8077.0,108.81039073305668,108.79741355463348,-5.610390733056676,0.1025864453665263,-5.712977178423202,,,,,
2017,2016-17,Regular Season,28.0,Brooklyn Nets,26.0,20.0,62.0,24.0,58.0,-6.73,-0.01,-6.74,104.1,110.7,-6.6,101.3,0.289,0.371,0.551,,0.513,11.6,19.6,0.212,,76.1,,Barclays Center,632608.0,15429.0,82.0,8306.6,108.81039073305668,108.79741355463348,-4.710390733056684,1.9025864453665235,-6.612977178423208,,,,,
2017,2016-17,Regular Season,29.0,Orlando Magic,25.3,29.0,53.0,24.0,58.0,-6.57,-0.04,-6.61,103.7,110.5,-6.8,96.8,0.246,0.3,0.524,,0.523,11.9,21.6,0.201,,77.4,,Amway Center,727875.0,17753.0,82.0,7937.599999999999,108.81039073305668,108.79741355463348,-5.110390733056676,1.7025864453665207,-6.812977178423196,,,,,
2017,2016-17,Regular Season,30.0,Los Angeles Lakers,25.1,26.0,56.0,24.0,58.0,-6.88,0.58,-6.29,106.0,113.0,-7.0,98.5,0.259,0.295,0.537,,0.542,13.0,25.0,0.213,,75.8,,STAPLES Center,776917.0,18949.0,82.0,8077.0,108.81039073305668,108.79741355463348,-2.8103907330566784,4.202586445366521,-7.012977178423199,,,,,
2017,2016-17,Playoffs,1.0,Golden State Warriors,28.3,16.0,1.0,14.0,3.0,,,,119.0,105.5,13.5,100.3,0.292,0.378,0.608,,0.487,12.3,22.4,0.212,,76.6,,,,,17.0,1705.1,111.29079858911696,111.27760456603345,7.709201410883026,-5.777604566033446,13.486805976916472,0.941,,,,
2017,2016-17,Playoffs,2.0,Cleveland Cavaliers,29.3,13.0,5.0,13.0,5.0,,,,120.3,112.1,8.2,96.6,0.316,0.408,0.614,,0.521,11.9,23.6,0.189,,76.1,,,,,18.0,1738.8,111.29079858911696,111.27760456603345,9.009201410883025,0.8223954339665482,8.186805976916474,0.722,,,,
2017,2016-17,Playoffs,3.0,Houston Rockets,28.1,6.0,5.0,6.0,5.0,,,,110.7,109.5,1.2,96.4,0.304,0.452,0.559,,0.502,11.1,22.7,0.187,,71.7,,,,,11.0,1060.4,111.29079858911696,111.27760456603345,-0.5907985891169716,-1.777604566033446,1.1868059769164745,0.545,,,,
2017,2016-17,Playoffs,4.0,San Antonio Spurs,29.5,8.0,8.0,9.0,7.0,,,,113.4,112.3,1.1,93.2,0.277,0.282,0.551,,0.539,13.1,29.1,0.208,,78.5,,,,,16.0,1491.2,111.29079858911696,111.27760456603345,2.1092014108830317,1.022395433966551,1.0868059769164802,0.5,,,,
2017,2016-17,Playoffs,5.0,Washington Wizards,26.1,7.0,6.0,7.0,6.0,,,,110.9,110.9,0.0,96.7,0.281,0.302,0.549,,0.525,13.3,26.6,0.244,,76.2,,,,,13.0,1257.1,111.29079858911696,111.27760456603345,-0.3907985891169687,-0.3776045660334404,-0.0131940230835283,0.538,,,,
2017,2016-17,Playoffs,6.0,Milwaukee Bucks,25.0,2.0,4.0,3.0,3.0,,,,103.0,103.7,-0.7,90.5,0.267,0.277,0.533,,0.494,14.4,19.1,0.279,,80.6,,,,,6.0,543.0,111.29079858911696,111.27760456603345,-8.290798589116974,-7.577604566033443,-0.7131940230835312,0.333,,,,
2017,2016-17,Playoffs,7.0,Atlanta Hawks,27.2,2.0,4.0,3.0,3.0,,,,107.3,108.5,-1.2,98.4,0.343,0.323,0.542,,0.502,11.8,26.4,0.227,,77.3,,,,,6.0,590.4000000000001,111.29079858911696,111.27760456603345,-3.990798589116977,-2.777604566033446,-1.2131940230835312,0.333,,,,
2017,2016-17,Playoffs,8.0,Los Angeles Clippers,30.9,3.0,4.0,3.0,4.0,,,,108.8,110.0,-1.2,89.8,0.312,0.304,0.558,,0.542,12.4,19.9,0.223,,82.1,,,,,7.0,628.6,111.29079858911696,111.27760456603345,-2.4907985891169773,-1.277604566033446,-1.2131940230835312,0.429,,,,
2017,2016-17,Playoffs,9.0,Boston Celtics,25.9,9.0,9.0,7.0,11.0,,,,111.4,114.5,-3.1,93.9,0.242,0.41,0.566,,0.531,13.1,22.2,0.227,,71.5,,,,,18.0,1690.2,111.29079858911696,111.27760456603345,0.1092014108830312,3.222395433966554,-3.1131940230835227,0.5,,,,
2017,2016-17,Playoffs,10.0,Indiana Pacers,26.4,0.0,4.0,2.0,2.0,,,,114.7,118.9,-4.2,94.8,0.247,0.33,0.564,,0.565,11.9,28.3,0.233,,75.2,,,,,4.0,379.2,111.29079858911696,111.27760456603345,3.4092014108830284,7.62239543396656,-4.213194023083531,0.0,,,,
2017,2016-17,Playoffs,11.0,Utah Jazz,27.8,4.0,7.0,4.0,7.0,,,,106.2,111.3,-5.1,92.1,0.298,0.331,0.552,,0.533,11.4,16.7,0.224,,81.3,,,,,11.0,1013.1,111.29079858911696,111.27760456603345,-5.090798589116972,0.022395433966551,-5.113194023083523,0.364,,,,
2017,2016-17,Playoffs,12.0,Toronto Raptors,26.9,4.0,6.0,3.0,7.0,,,,103.8,109.9,-6.1,93.1,0.283,0.296,0.541,,0.539,13.2,17.3,0.222,,81.3,,,,,10.0,931.0,111.29079858911696,111.27760456603345,-7.490798589116977,-1.3776045660334404,-6.113194023083537,0.4,,,,
2017,2016-17,Playoffs,13.0,Chicago Bulls,26.6,2.0,4.0,2.0,4.0,,,,104.8,112.2,-7.4,92.1,0.24,0.285,0.529,,0.534,11.8,29.6,0.163,,78.5,,,,,6.0,552.5999999999999,111.29079858911696,111.27760456603345,-6.490798589116977,0.9223954339665568,-7.413194023083534,0.333,,,,
2017,2016-17,Playoffs,14.0,Oklahoma City Thunder,25.3,1.0,4.0,1.0,4.0,,,,105.7,114.4,-8.7,98.6,0.309,0.309,0.525,,0.513,13.1,26.0,0.32,,74.8,,,,,5.0,493.0,111.29079858911696,111.27760456603345,-5.590798589116972,3.12239543396656,-8.713194023083531,0.2,,,,
2017,2016-17,Playoffs,15.0,Memphis Grizzlies,29.7,2.0,4.0,1.0,5.0,,,,110.3,119.8,-9.5,85.8,0.263,0.313,0.559,,0.545,11.4,20.3,0.266,,73.9,,,,,6.0,514.8,111.29079858911696,111.27760456603345,-0.9907985891169772,8.522395433966551,-9.513194023083528,0.333,,,,
2017,2016-17,Playoffs,16.0,Portland Trail Blazers,24.8,0.0,4.0,0.0,4.0,,,,99.3,116.9,-17.6,102.3,0.271,0.38,0.507,,0.556,11.1,20.6,0.258,,81.0,,,,,4.0,409.2,111.29079858911696,111.27760456603345,-11.990798589116975,5.62239543396656,-17.613194023083537,0.0,,,,
2018,2017-18,Regular Season,1.0,Houston Rockets*,29.8,65.0,17.0,61.0,21.0,8.48,-0.27,8.21,114.7,106.1,8.6,97.6,0.298,0.502,0.59,,0.521,13.4,21.3,0.171,,79.9,,Toyota Center,732722.0,17871.0,82.0,8003.2,108.62060415096929,108.62101856291528,6.079395849030732,-2.5210185629152733,8.600414411946005,,,,,
2018,2017-18,Regular Season,2.0,Toronto Raptors*,25.8,59.0,23.0,60.0,22.0,7.78,-0.49,7.29,113.8,105.9,7.9,97.4,0.25,0.377,0.575,,0.501,13.0,23.0,0.212,,77.7,,Air Canada Centre,813431.0,19840.0,82.0,7986.8,108.62060415096929,108.62101856291528,5.179395849030726,-2.721018562915262,7.900414411945988,,,,,
2018,2017-18,Regular Season,3.0,Golden State Warriors*,28.8,58.0,24.0,56.0,26.0,5.98,-0.19,5.79,113.6,107.7,5.9,99.6,0.239,0.339,0.603,,0.504,12.6,21.0,0.186,,76.3,,Oracle Arena,803436.0,19596.0,82.0,8167.2,108.62060415096929,108.62101856291528,4.979395849030723,-0.9210185629152648,5.900414411945988,,,,,
2018,2017-18,Regular Season,4.0,Utah Jazz*,26.7,48.0,34.0,53.0,29.0,4.3,0.17,4.47,108.4,103.9,4.5,95.7,0.26,0.357,0.564,,0.506,14.0,21.5,0.19,,79.8,,Vivint Smart Home Arena,734806.0,17922.0,82.0,7847.400000000001,108.62060415096929,108.62101856291528,-0.2206041509692653,-4.721018562915262,4.500414411945997,,,,,
2018,2017-18,Regular Season,5.0,Philadelphia 76ers*,25.8,52.0,30.0,53.0,29.0,4.5,-0.2,4.3,109.5,105.0,4.5,99.8,0.263,0.344,0.568,,0.492,12.6,25.3,0.218,,78.6,,Wells Fargo Center,833503.0,20361.0,82.0,8183.599999999999,108.62060415096929,108.62101856291528,0.879395849030729,-3.621018562915268,4.500414411945997,,,,,
2018,2017-18,Regular Season,6.0,Boston Celtics*,24.7,55.0,27.0,51.0,31.0,3.59,-0.35,3.23,107.6,103.9,3.7,96.0,0.243,0.357,0.552,,0.495,13.0,21.5,0.191,,78.4,,TD Garden,763584.0,18624.0,82.0,7872.0,108.62060415096929,108.62101856291528,-1.0206041509692767,-4.721018562915262,3.700414411945985,,,,,
2018,2017-18,Regular Season,7.0,Oklahoma City Thunder*,27.3,48.0,34.0,50.0,32.0,3.41,0.0,3.42,110.7,107.2,3.5,96.7,0.275,0.345,0.546,,0.525,14.7,27.7,0.193,,77.4,,Chesapeake Energy Arena,746322.0,18203.0,82.0,7929.400000000001,108.62060415096929,108.62101856291528,2.079395849030732,-1.4210185629152647,3.500414411945997,,,,,
2018,2017-18,Regular Season,8.0,San Antonio Spurs*,29.3,47.0,35.0,49.0,33.0,2.89,0.0,2.89,107.9,104.8,3.1,95.0,0.245,0.282,0.543,,0.507,13.2,23.7,0.17,,78.6,,AT&T Center,754562.0,18404.0,82.0,7790.0,108.62060415096929,108.62101856291528,-0.7206041509692653,-3.8210185629152704,3.100414411946005,,,,,
2018,2017-18,Regular Season,9.0,Portland Trail Blazers*,25.6,49.0,33.0,48.0,34.0,2.6,0.0,2.6,109.1,106.4,2.7,96.5,0.24,0.324,0.549,,0.503,11.7,23.3,0.193,,79.1,,Moda Center,795750.0,19409.0,82.0,7913.0,108.62060415096929,108.62101856291528,0.4793958490307233,-2.221018562915262,2.700414411945985,,,,,
2018,2017-18,Regular Season,10.0,Minnesota Timberwolves*,27.1,47.0,35.0,47.0,35.0,2.23,0.12,2.35,113.4,111.1,2.3,96.0,0.28,0.261,0.566,,0.539,13.9,24.4,0.189,,76.4,,Target Center,699308.0,17056.0,82.0,7872.0,108.62060415096929,108.62101856291528,4.779395849030735,2.4789814370847267,2.300414411946008,,,,,
2018,2017-18,Regular Season,11.0,Denver Nuggets,25.1,46.0,36.0,45.0,37.0,1.48,0.09,1.57,112.5,111.0,1.5,96.8,0.258,0.357,0.57,,0.539,12.6,25.7,0.173,,77.5,,Pepsi Center,702796.0,17141.0,82.0,7937.599999999999,108.62060415096929,108.62101856291528,3.879395849030729,2.3789814370847324,1.5004144119459966,,,,,
2018,2017-18,Regular Season,12.0,Indiana Pacers*,26.2,48.0,34.0,45.0,37.0,1.38,-0.2,1.18,109.5,108.1,1.4,96.0,0.222,0.284,0.557,,0.527,14.2,22.7,0.174,,76.2,,Bankers Life Fieldhouse,658119.0,16052.0,82.0,7872.0,108.62060415096929,108.62101856291528,0.879395849030729,-0.5210185629152733,1.4004144119460022,,,,,
2018,2017-18,Regular Season,13.0,New Orleans Pelicans*,27.6,48.0,34.0,44.0,38.0,1.3,0.18,1.48,109.6,108.3,1.3,100.5,0.237,0.319,0.573,,0.513,12.5,20.0,0.175,,76.7,,Smoothie King Center,673920.0,16437.0,82.0,8241.0,108.62060415096929,108.62101856291528,0.9793958490307232,-0.3210185629152704,1.3004144119459935,,,,,
2018,2017-18,Regular Season,14.0,Cleveland Cavaliers*,30.6,50.0,32.0,43.0,39.0,0.94,-0.35,0.59,112.9,111.9,1.0,98.0,0.275,0.379,0.584,,0.54,12.2,20.1,0.166,,77.3,,Quicken Loans Arena,843042.0,20562.0,82.0,8036.0,108.62060415096929,108.62101856291528,4.279395849030735,3.278981437084738,1.0004144119459966,,,,,
2018,2017-18,Regular Season,15.0,Washington Wizards*,26.9,43.0,39.0,43.0,39.0,0.59,-0.06,0.53,109.3,108.7,0.6,96.6,0.254,0.31,0.56,,0.522,13.6,23.5,0.212,,77.1,,Capital One Arena,739302.0,18032.0,82.0,7921.2,108.62060415096929,108.62101856291528,0.6793958490307261,0.0789814370847352,0.6004144119459909,,,,,
2018,2017-18,Regular Season,16.0,Miami Heat*,26.5,44.0,38.0,42.0,40.0,0.48,-0.33,0.15,106.8,106.3,0.5,95.6,0.229,0.358,0.551,,0.507,13.1,21.5,0.215,,79.0,,AmericanAirlines Arena,804850.0,19630.0,82.0,7839.2,108.62060415096929,108.62101856291528,-1.8206041509692736,-2.3210185629152704,0.5004144119459966,,,,,
2018,2017-18,Regular Season,17.0,Charlotte Hornets,26.6,36.0,46.0,42.0,40.0,0.26,-0.19,0.07,109.4,109.1,0.3,98.4,0.312,0.314,0.549,,0.532,12.4,22.2,0.165,,80.7,,Spectrum Center,671404.0,16376.0,82.0,8068.8,108.62060415096929,108.62101856291528,0.7793958490307347,0.4789814370847267,0.3004144119460079,,,,,
2018,2017-18,Regular Season,18.0,Los Angeles Clippers,27.0,42.0,40.0,41.0,41.0,0.04,0.11,0.15,110.3,110.2,0.1,98.7,0.299,0.314,0.564,,0.52,12.6,23.5,0.203,,76.1,,STAPLES Center,697812.0,17020.0,82.0,8093.400000000001,108.62060415096929,108.62101856291528,1.679395849030726,1.5789814370847353,0.1004144119459908,,,,,
2018,2017-18,Regular Season,19.0,Detroit Pistons,25.9,39.0,43.0,41.0,41.0,-0.15,-0.11,-0.26,107.2,107.3,-0.1,96.2,0.227,0.333,0.543,,0.524,13.7,22.7,0.172,,78.5,,Little Caesars Arena,713945.0,17413.0,82.0,7888.400000000001,108.62060415096929,108.62101856291528,-1.4206041509692682,-1.3210185629152704,-0.0995855880539977,,,,,
2018,2017-18,Regular Season,20.0,Milwaukee Bucks*,25.9,44.0,38.0,40.0,42.0,-0.3,-0.15,-0.45,109.8,110.1,-0.3,96.3,0.281,0.297,0.571,,0.528,14.2,20.4,0.22,,75.9,,BMO Harris Bradley Center,685303.0,16856.0,82.0,7896.599999999999,108.62060415096929,108.62101856291528,1.179395849030726,1.4789814370847267,-0.2995855880540006,,,,,
2018,2017-18,Regular Season,21.0,Los Angeles Lakers,23.7,35.0,47.0,37.0,45.0,-1.55,0.11,-1.44,106.5,108.0,-1.5,100.3,0.264,0.329,0.548,,0.514,12.5,23.6,0.19,,77.7,,STAPLES Center,776327.0,18935.0,82.0,8224.6,108.62060415096929,108.62101856291528,-2.120604150969271,-0.6210185629152676,-1.4995855880540034,,,,,
2018,2017-18,Regular Season,22.0,Dallas Mavericks,27.7,24.0,58.0,33.0,49.0,-3.04,0.34,-2.7,106.3,109.5,-3.2,95.6,0.217,0.382,0.544,,0.532,12.8,18.0,0.193,,78.9,,American Airlines Center,811453.0,19792.0,82.0,7839.2,108.62060415096929,108.62101856291528,-2.320604150969274,0.8789814370847324,-3.1995855880540063,,,,,
2018,2017-18,Regular Season,23.0,New York Knicks,26.3,29.0,53.0,32.0,50.0,-3.56,0.03,-3.53,107.1,110.7,-3.6,96.8,0.216,0.266,0.544,,0.522,12.1,24.1,0.208,,76.7,,Madison Square Garden (IV),792608.0,19332.0,82.0,7937.599999999999,108.62060415096929,108.62101856291528,-1.5206041509692767,2.0789814370847357,-3.599585588054012,,,,,
2018,2017-18,Regular Season,24.0,Brooklyn Nets,25.1,28.0,54.0,31.0,51.0,-3.74,0.07,-3.67,106.9,110.6,-3.7,98.9,0.26,0.411,0.551,,0.517,11.0,21.0,0.201,,77.0,,Barclays Center,640010.0,15376.0,82.0,8109.8,108.62060415096929,108.62101856291528,-1.7206041509692651,1.9789814370847267,-3.699585588053992,,,,,
2018,2017-18,Regular Season,25.0,Orlando Magic,25.6,25.0,57.0,28.0,54.0,-4.82,-0.1,-4.92,105.2,110.1,-4.9,98.1,0.238,0.342,0.545,,0.525,12.8,20.0,0.187,,75.6,,Amway Center,734531.0,17915.0,82.0,8044.2,108.62060415096929,108.62101856291528,-3.420604150969268,1.4789814370847267,-4.899585588053995,,,,,
2018,2017-18,Regular Season,26.0,Atlanta Hawks,25.4,24.0,58.0,27.0,55.0,-5.45,0.15,-5.3,105.0,110.6,-5.6,98.3,0.236,0.363,0.547,,0.536,13.6,21.1,0.183,,76.2,,Philips Arena,590769.0,14409.0,82.0,8060.599999999999,108.62060415096929,108.62101856291528,-3.620604150969271,1.9789814370847267,-5.599585588053998,,,,,
2018,2017-18,Regular Season,27.0,Memphis Grizzlies,26.0,22.0,60.0,25.0,57.0,-6.21,0.39,-5.81,104.5,111.0,-6.5,94.9,0.255,0.317,0.539,,0.529,13.8,22.4,0.256,,76.5,,FedEx Forum,653863.0,15948.0,82.0,7781.8,108.62060415096929,108.62101856291528,-4.120604150969271,2.3789814370847324,-6.499585588054003,,,,,
2018,2017-18,Regular Season,28.0,Chicago Bulls,24.4,27.0,55.0,23.0,59.0,-7.04,0.2,-6.84,103.8,110.9,-7.1,98.3,0.216,0.35,0.529,,0.542,12.4,20.6,0.184,,80.6,,United Center,851824.0,20776.0,82.0,8060.599999999999,108.62060415096929,108.62101856291528,-4.820604150969274,2.278981437084738,-7.099585588054012,,,,,
2018,2017-18,Regular Season,29.0,Sacramento Kings,26.4,27.0,55.0,23.0,59.0,-6.99,0.39,-6.6,103.7,111.1,-7.4,94.9,0.194,0.278,0.529,,0.542,13.5,21.5,0.199,,77.6,,Golden 1 Center,714680.0,17431.0,82.0,7781.8,108.62060415096929,108.62101856291528,-4.920604150969268,2.4789814370847267,-7.399585588053995,,,,,
2018,2017-18,Regular Season,30.0,Phoenix Suns,23.7,21.0,61.0,19.0,63.0,-9.37,0.57,-8.8,103.5,112.9,-9.4,100.3,0.275,0.32,0.532,,0.533,11.9,22.5,0.212,,76.5,,Talking Stick Resort Arena,690576.0,16843.0,82.0,8224.6,108.62060415096929,108.62101856291528,-5.120604150969271,4.278981437084738,-9.39958558805401,,,,,
2018,2017-18,Playoffs,1.0,Golden State Warriors,28.4,16.0,5.0,17.0,4.0,,,,113.9,103.6,10.3,96.5,0.237,0.365,0.581,,0.481,12.3,21.8,0.186,,77.6,,,,,21.0,2026.5,108.90950165815758,108.90007220493423,4.990498341842425,-5.300072204934239,10.290570546776664,0.762,,,,
2018,2017-18,Playoffs,2.0,Indiana Pacers,26.2,3.0,4.0,5.0,2.0,,,,110.9,104.6,6.3,90.7,0.241,0.339,0.567,,0.503,14.3,21.6,0.238,,77.7,,,,,7.0,634.9,108.90950165815758,108.90007220493423,1.9904983418424247,-4.300072204934239,6.290570546776664,0.429,,,,
2018,2017-18,Playoffs,3.0,Philadelphia 76ers,26.5,5.0,5.0,6.0,4.0,,,,110.4,106.5,3.9,97.5,0.32,0.331,0.539,,0.514,12.7,29.1,0.232,,80.8,,,,,10.0,975.0,108.90950165815758,108.90007220493423,1.4904983418424251,-2.400072204934233,3.890570546776658,0.5,,,,
2018,2017-18,Playoffs,4.0,Houston Rockets,29.8,11.0,6.0,10.0,7.0,,,,109.6,107.7,1.9,95.7,0.261,0.466,0.552,,0.53,13.2,20.0,0.188,,80.1,,,,,17.0,1626.9,108.90950165815758,108.90007220493423,0.6904983418424138,-1.20007220493423,1.890570546776644,0.647,,,,
2018,2017-18,Playoffs,5.0,Boston Celtics,24.8,11.0,8.0,10.0,9.0,,,,107.7,107.0,0.7,93.1,0.283,0.367,0.541,,0.518,12.9,20.4,0.202,,79.5,,,,,19.0,1768.9,108.90950165815758,108.90007220493423,-1.2095016581575777,-1.900072204934233,0.6905705467766552,0.579,,,,
2018,2017-18,Playoffs,6.0,Milwaukee Bucks,25.3,3.0,4.0,3.0,4.0,,,,108.8,109.4,-0.6,92.3,0.254,0.328,0.585,,0.503,12.1,14.7,0.219,,75.5,,,,,7.0,646.1,108.90950165815758,108.90007220493423,-0.1095016581575833,0.4999277950657728,-0.6094294532233562,0.429,,,,
2018,2017-18,Playoffs,7.0,New Orleans Pelicans,26.8,5.0,4.0,4.0,5.0,,,,107.1,107.8,-0.7,102.7,0.204,0.301,0.562,,0.514,12.0,17.7,0.169,,78.8,,,,,9.0,924.3,108.90950165815758,108.90007220493423,-1.8095016581575865,-1.1000722049342355,-0.7094294532233505,0.556,,,,
2018,2017-18,Playoffs,8.0,Cleveland Cavaliers,30.3,12.0,10.0,10.0,12.0,,,,109.4,111.2,-1.8,91.6,0.282,0.37,0.55,,0.529,11.5,23.5,0.195,,79.4,,,,,22.0,2015.2,108.90950165815758,108.90007220493423,0.4904983418424251,2.29992779506577,-1.8094294532233448,0.545,,,,
2018,2017-18,Playoffs,9.0,Washington Wizards,27.0,2.0,4.0,3.0,3.0,,,,110.3,112.3,-2.0,97.2,0.274,0.256,0.561,,0.539,13.1,21.2,0.239,,78.1,,,,,6.0,583.2,108.90950165815758,108.90007220493423,1.3904983418424166,3.3999277950657643,-2.009429453223348,0.333,,,,
2018,2017-18,Playoffs,10.0,Utah Jazz,25.6,5.0,6.0,5.0,6.0,,,,104.7,106.9,-2.2,97.8,0.284,0.361,0.549,,0.505,11.6,20.8,0.196,,80.8,,,,,11.0,1075.8,108.90950165815758,108.90007220493423,-4.209501658157578,-2.000072204934227,-2.2094294532233505,0.455,,,,
2018,2017-18,Playoffs,11.0,Oklahoma City Thunder,27.9,2.0,4.0,2.0,4.0,,,,103.5,107.9,-4.4,97.8,0.245,0.333,0.528,,0.521,13.7,20.8,0.212,,75.4,,,,,6.0,586.8,108.90950165815758,108.90007220493423,-5.4095016581575806,-1.0000722049342272,-4.409429453223353,0.333,,,,
2018,2017-18,Playoffs,12.0,Toronto Raptors,26.2,4.0,6.0,4.0,6.0,,,,112.0,116.6,-4.6,94.8,0.29,0.324,0.578,,0.541,10.5,23.2,0.217,,79.1,,,,,10.0,948.0,108.90950165815758,108.90007220493423,3.0904983418424194,7.699927795065761,-4.609429453223342,0.4,,,,
2018,2017-18,Playoffs,13.0,Portland Trail Blazers,25.6,0.0,4.0,1.0,3.0,,,,106.9,116.0,-9.1,98.7,0.173,0.354,0.539,,0.582,13.0,23.9,0.203,,81.1,,,,,4.0,394.8,108.90950165815758,108.90007220493423,-2.009501658157575,7.099927795065767,-9.109429453223342,0.0,,,,
2018,2017-18,Playoffs,14.0,Minnesota Timberwolves,27.6,1.0,4.0,1.0,4.0,,,,107.0,116.2,-9.2,95.0,0.276,0.264,0.548,,0.531,7.9,20.1,0.193,,80.3,,,,,5.0,475.0,108.90950165815758,108.90007220493423,-1.9095016581575808,7.29992779506577,-9.20942945322335,0.2,,,,
2018,2017-18,Playoffs,15.0,San Antonio Spurs,30.2,1.0,4.0,1.0,4.0,,,,103.7,113.1,-9.4,93.3,0.274,0.337,0.515,,0.535,12.9,18.5,0.205,,73.7,,,,,5.0,466.5,108.90950165815758,108.90007220493423,-5.209501658157578,4.199927795065761,-9.40942945322334,0.2,,,,
2018,2017-18,Playoffs,16.0,Miami Heat,27.5,1.0,4.0,1.0,4.0,,,,103.0,113.7,-10.7,100.4,0.345,0.333,0.542,,0.514,13.6,20.7,0.279,,70.4,,,,,5.0,502.0,108.90950165815758,108.90007220493423,-5.9095016581575806,4.79992779506577,-10.70942945322335,0.2,,,,
2019,2018-19,Regular Season,1.0,Milwaukee Bucks*,26.9,60.0,22.0,61.0,21.0,8.87,-0.82,8.04,113.8,105.2,8.6,103.3,0.255,0.419,0.583,,0.503,11.5,20.8,0.162,,80.3,,Fiserv Forum,721692.0,17602.0,82.0,8470.6,110.40891339842057,110.40215254406718,3.3910866015794454,-5.202152544067175,8.59323914564662,,,,,
2019,2018-19,Regular Season,2.0,Golden State Warriors*,28.4,57.0,25.0,56.0,26.0,6.46,-0.04,6.42,115.9,109.5,6.4,100.9,0.227,0.384,0.596,,0.508,11.7,22.5,0.205,,77.1,,Oracle Arena,803436.0,19596.0,82.0,8273.800000000001,110.40891339842057,110.40215254406718,5.491086601579454,-0.902152544067178,6.393239145646632,,,,,
2019,2018-19,Regular Season,3.0,Toronto Raptors*,27.3,58.0,24.0,56.0,26.0,6.09,-0.6,5.49,113.1,107.1,6.0,100.2,0.247,0.379,0.579,,0.509,13.1,21.9,0.19,,77.1,,Scotiabank Arena,812822.0,19825.0,82.0,8216.4,110.40891339842057,110.40215254406718,2.6910866015794426,-3.302152544067184,5.993239145646626,,,,,
2019,2018-19,Regular Season,4.0,Utah Jazz*,27.3,50.0,32.0,54.0,28.0,5.26,0.03,5.28,110.9,105.7,5.2,100.3,0.295,0.394,0.572,,0.507,12.4,22.9,0.189,,80.3,,Vivint Smart Home Arena,750546.0,18306.0,82.0,8224.6,110.40891339842057,110.40215254406718,0.4910866015794539,-4.702152544067175,5.193239145646629,,,,,
2019,2018-19,Regular Season,5.0,Houston Rockets*,29.2,53.0,29.0,53.0,29.0,4.77,0.19,4.96,115.5,110.7,4.8,97.9,0.279,0.519,0.581,,0.525,13.4,22.8,0.21,,74.4,,Toyota Center,740392.0,18058.0,82.0,8027.8,110.40891339842057,110.40215254406718,5.091086601579448,0.2978474559328248,4.793239145646624,,,,,
2019,2018-19,Regular Season,6.0,Boston Celtics*,25.7,49.0,33.0,52.0,30.0,4.44,-0.54,3.9,112.2,107.8,4.4,99.6,0.215,0.381,0.567,,0.514,13.4,21.6,0.198,,77.0,,TD Garden,763584.0,18624.0,82.0,8167.2,110.40891339842057,110.40215254406718,1.791086601579451,-2.602152544067181,4.393239145646632,,,,,
2019,2018-19,Regular Season,7.0,Portland Trail Blazers*,26.2,53.0,29.0,51.0,31.0,4.2,0.24,4.43,114.7,110.5,4.2,99.1,0.258,0.339,0.568,,0.516,11.0,26.6,0.195,,77.9,,Moda Center,799345.0,19496.0,82.0,8126.2,110.40891339842057,110.40215254406718,4.291086601579451,0.0978474559328219,4.193239145646629,,,,,
2019,2018-19,Regular Season,8.0,Denver Nuggets*,24.9,54.0,28.0,51.0,31.0,3.95,0.24,4.19,113.0,108.9,4.1,97.7,0.232,0.348,0.558,,0.521,12.3,26.6,0.194,,78.0,,Pepsi Center,756457.0,18450.0,82.0,8011.400000000001,110.40891339842057,110.40215254406718,2.5910866015794483,-1.5021525440671724,4.093239145646621,,,,,
2019,2018-19,Regular Season,9.0,Indiana Pacers*,27.0,48.0,34.0,50.0,32.0,3.33,-0.57,2.76,109.9,106.5,3.4,98.1,0.242,0.292,0.561,,0.516,14.1,21.9,0.184,,76.2,,Bankers Life Fieldhouse,689310.0,16812.0,82.0,8044.2,110.40891339842057,110.40215254406718,-0.5089133984205461,-3.902152544067178,3.393239145646632,,,,,
2019,2018-19,Regular Season,10.0,Oklahoma City Thunder*,25.7,49.0,33.0,50.0,32.0,3.4,0.15,3.56,110.3,107.0,3.3,102.8,0.266,0.347,0.545,,0.523,14.4,26.0,0.206,,78.2,,Chesapeake Energy Arena,746323.0,18203.0,82.0,8429.6,110.40891339842057,110.40215254406718,-0.1089133984205545,-3.402152544067178,3.2932391456466235,,,,,
2019,2018-19,Regular Season,11.0,Philadelphia 76ers*,26.4,51.0,31.0,48.0,34.0,2.7,-0.44,2.25,112.6,110.0,2.6,101.6,0.312,0.342,0.574,,0.512,11.1,24.5,0.206,,78.6,,Wells Fargo Center,838342.0,20447.0,82.0,8331.199999999999,110.40891339842057,110.40215254406718,2.1910866015794426,-0.402152544067178,2.5932391456466206,,,,,
2019,2018-19,Regular Season,12.0,San Antonio Spurs*,28.8,48.0,34.0,45.0,37.0,1.68,0.12,1.8,112.9,111.2,1.7,98.3,0.237,0.286,0.572,,0.528,11.0,21.0,0.17,,79.4,,AT&T Center,750616.0,18308.0,82.0,8060.599999999999,110.40891339842057,110.40215254406718,2.491086601579454,0.7978474559328248,1.6932391456466291,,,,,
2019,2018-19,Regular Season,13.0,Los Angeles Clippers*,27.2,48.0,34.0,43.0,39.0,0.85,0.23,1.09,112.4,111.5,0.9,101.7,0.326,0.295,0.575,,0.514,11.4,22.0,0.224,,76.0,,STAPLES Center,710327.0,17325.0,82.0,8339.4,110.40891339842057,110.40215254406718,1.991086601579454,1.097847455932822,0.893239145646632,,,,,
2019,2018-19,Regular Season,14.0,Orlando Magic*,25.7,42.0,40.0,43.0,39.0,0.71,-0.43,0.28,108.9,108.1,0.8,98.1,0.216,0.36,0.55,,0.515,11.8,22.0,0.186,,79.7,,Amway Center,720024.0,17431.0,82.0,8044.2,110.40891339842057,110.40215254406718,-1.508913398420546,-2.302152544067184,0.7932391456466377,,,,,
2019,2018-19,Regular Season,15.0,Brooklyn Nets*,25.4,42.0,40.0,41.0,41.0,-0.07,-0.33,-0.4,109.6,109.7,-0.1,100.8,0.284,0.403,0.556,,0.512,11.6,23.8,0.19,,76.4,,Barclays Center,612597.0,14941.0,82.0,8265.6,110.40891339842057,110.40215254406718,-0.8089133984205574,-0.7021525440671752,-0.1067608543533822,,,,,
2019,2018-19,Regular Season,16.0,Detroit Pistons*,26.9,41.0,41.0,40.0,42.0,-0.24,-0.31,-0.56,109.0,109.2,-0.2,97.4,0.262,0.394,0.544,,0.526,12.8,24.8,0.211,,78.7,,Little Caesars Arena,675963.0,16487.0,82.0,7986.8,110.40891339842057,110.40215254406718,-1.4089133984205515,-1.2021525440671752,-0.2067608543533765,,,,,
2019,2018-19,Regular Season,17.0,Miami Heat,27.0,39.0,43.0,40.0,42.0,-0.23,-0.22,-0.45,107.3,107.6,-0.3,98.2,0.247,0.368,0.542,,0.51,12.7,24.8,0.201,,77.6,,AmericanAirlines Arena,805264.0,19641.0,82.0,8052.400000000001,110.40891339842057,110.40215254406718,-3.1089133984205546,-2.802152544067184,-0.3067608543533708,,,,,
2019,2018-19,Regular Season,18.0,Sacramento Kings,24.8,39.0,43.0,38.0,44.0,-1.12,0.31,-0.81,110.4,111.5,-1.1,103.1,0.244,0.321,0.554,,0.533,13.6,23.1,0.207,,75.5,,Golden 1 Center,700975.0,17097.0,82.0,8454.199999999999,110.40891339842057,110.40215254406718,-0.008913398420546,1.097847455932822,-1.106760854353368,,,,,
2019,2018-19,Regular Season,19.0,Charlotte Hornets,26.6,39.0,43.0,38.0,44.0,-1.1,-0.22,-1.32,111.4,112.5,-1.1,98.7,0.257,0.378,0.554,,0.538,12.1,21.7,0.179,,77.1,,Spectrum Center,676570.0,16502.0,82.0,8093.400000000001,110.40891339842057,110.40215254406718,0.991086601579454,2.097847455932822,-1.106760854353368,,,,,
2019,2018-19,Regular Season,20.0,New Orleans Pelicans,25.7,33.0,49.0,38.0,44.0,-1.33,0.23,-1.1,111.4,112.6,-1.2,103.3,0.254,0.324,0.563,,0.532,11.6,24.1,0.193,,76.8,,Smoothie King Center,656183.0,16004.0,82.0,8470.6,110.40891339842057,110.40215254406718,0.991086601579454,2.1978474559328163,-1.2067608543533623,,,,,
2019,2018-19,Regular Season,21.0,Dallas Mavericks,26.9,33.0,49.0,38.0,44.0,-1.28,0.42,-0.87,109.4,110.7,-1.3,99.0,0.291,0.422,0.555,,0.522,11.6,22.7,0.191,,77.5,,American Airlines Center,820569.0,20014.0,82.0,8118.0,110.40891339842057,110.40215254406718,-1.008913398420546,0.2978474559328248,-1.3067608543533709,,,,,
2019,2018-19,Regular Season,22.0,Minnesota Timberwolves,26.2,36.0,46.0,37.0,45.0,-1.5,0.48,-1.02,111.4,112.9,-1.5,100.2,0.267,0.315,0.552,,0.538,12.9,24.6,0.19,,74.9,,Target Center,627543.0,15306.0,82.0,8216.4,110.40891339842057,110.40215254406718,0.991086601579454,2.497847455932828,-1.5067608543533737,,,,,
2019,2018-19,Regular Season,23.0,Los Angeles Lakers,26.2,37.0,45.0,37.0,45.0,-1.72,0.39,-1.33,107.8,109.5,-1.7,103.2,0.257,0.342,0.554,,0.516,12.2,22.2,0.192,,76.4,,STAPLES Center,778877.0,18997.0,82.0,8462.4,110.40891339842057,110.40215254406718,-2.6089133984205546,-0.902152544067178,-1.7067608543533763,,,,,
2019,2018-19,Regular Season,24.0,Memphis Grizzlies,27.7,33.0,49.0,34.0,48.0,-2.6,0.51,-2.08,106.1,108.8,-2.7,96.6,0.272,0.342,0.548,,0.521,13.9,20.0,0.232,,77.6,,FedEx Forum,638332.0,15569.0,82.0,7921.2,110.40891339842057,110.40215254406718,-4.308913398420557,-1.6021525440671809,-2.7067608543533765,,,,,
2019,2018-19,Regular Season,25.0,Washington Wizards,26.5,32.0,50.0,34.0,48.0,-2.9,-0.4,-3.3,111.1,113.9,-2.8,101.4,0.266,0.37,0.567,,0.546,13.5,21.3,0.199,,74.1,,Capital One Arena,716996.0,17448.0,82.0,8314.800000000001,110.40891339842057,110.40215254406718,0.6910866015794426,3.497847455932828,-2.806760854353385,,,,,
2019,2018-19,Regular Season,26.0,Atlanta Hawks,25.1,29.0,53.0,27.0,55.0,-6.02,-0.04,-6.06,108.1,113.9,-5.8,103.9,0.255,0.403,0.555,,0.541,12.8,24.7,0.237,,76.4,,State Farm Arena,628440.0,15328.0,82.0,8519.800000000001,110.40891339842057,110.40215254406718,-2.308913398420557,3.497847455932828,-5.806760854353385,,,,,
2019,2018-19,Regular Season,27.0,Chicago Bulls,24.0,22.0,60.0,21.0,61.0,-8.41,0.1,-8.32,104.8,113.2,-8.4,99.0,0.235,0.295,0.541,,0.541,11.9,19.4,0.188,,77.3,,United Center,823475.0,20085.0,82.0,8118.0,110.40891339842057,110.40215254406718,-5.608913398420555,2.797847455932825,-8.40676085435338,,,,,
2019,2018-19,Regular Season,28.0,New York Knicks,23.4,17.0,65.0,19.0,63.0,-9.21,0.28,-8.93,104.5,113.7,-9.2,99.6,0.27,0.334,0.529,,0.533,11.7,22.1,0.203,,76.1,,Madison Square Garden (IV),779087.0,19002.0,82.0,8167.2,110.40891339842057,110.40215254406718,-5.908913398420552,3.297847455932825,-9.206760854353377,,,,,
2019,2018-19,Regular Season,29.0,Phoenix Suns,24.0,19.0,63.0,19.0,63.0,-9.34,0.73,-8.61,105.9,115.1,-9.2,100.5,0.259,0.335,0.552,,0.545,13.5,20.5,0.236,,72.5,,Talking Stick Resort Arena,627023.0,15293.0,82.0,8241.0,110.40891339842057,110.40215254406718,-4.508913398420546,4.697847455932816,-9.206760854353362,,,,,
2019,2018-19,Regular Season,30.0,Cleveland Cavaliers,25.2,19.0,63.0,19.0,63.0,-9.61,0.22,-9.39,107.7,117.6,-9.9,96.6,0.236,0.332,0.54,,0.564,11.5,23.7,0.181,,77.0,,Quicken Loans Arena,793337.0,19350.0,82.0,7921.2,110.40891339842057,110.40215254406718,-2.708913398420549,7.197847455932816,-9.906760854353363,,,,,
2019,2018-19,Playoffs,1.0,Milwaukee Bucks,27.6,10.0,5.0,11.0,4.0,,,,111.8,103.1,8.7,99.5,0.317,0.431,0.56,,0.474,10.4,21.7,0.207,,83.0,,,,,15.0,1492.5,110.02272901760148,110.03322131812946,1.7772709823985051,-6.933221318129469,8.710492300527974,0.667,,,,
2019,2018-19,Playoffs,2.0,Toronto Raptors,28.4,16.0,8.0,16.0,8.0,,,,110.7,105.1,5.6,95.4,0.275,0.407,0.561,,0.491,13.5,18.9,0.233,,77.7,,,,,24.0,2289.6000000000004,110.02272901760148,110.03322131812946,0.677270982398511,-4.933221318129469,5.61049230052798,0.667,,,,
2019,2018-19,Playoffs,3.0,Golden State Warriors,29.1,14.0,8.0,13.0,9.0,,,,116.2,112.7,3.5,97.3,0.282,0.38,0.589,,0.522,12.2,24.8,0.243,,76.6,,,,,22.0,2140.6,110.02272901760148,110.03322131812946,6.177270982398511,2.6667786818705395,3.510492300527972,0.636,,,,
2019,2018-19,Playoffs,4.0,Houston Rockets,29.5,6.0,5.0,7.0,4.0,,,,111.8,108.5,3.3,96.2,0.29,0.51,0.574,,0.499,12.7,23.1,0.217,,75.0,,,,,11.0,1058.2,110.02272901760148,110.03322131812946,1.7772709823985051,-1.5332213181294634,3.3104923005279687,0.545,,,,
2019,2018-19,Playoffs,5.0,Philadelphia 76ers,27.2,7.0,5.0,7.0,5.0,,,,110.7,107.6,3.1,98.2,0.301,0.331,0.559,,0.488,10.8,27.2,0.246,,79.6,,,,,12.0,1178.4,110.02272901760148,110.03322131812946,0.677270982398511,-2.433221318129469,3.11049230052798,0.583,,,,
2019,2018-19,Playoffs,6.0,Denver Nuggets,25.4,7.0,7.0,8.0,6.0,,,,115.0,113.0,2.0,92.2,0.279,0.308,0.539,,0.497,8.5,27.4,0.212,,74.8,,,,,14.0,1290.8,110.02272901760148,110.03322131812946,4.977270982398508,2.9667786818705366,2.010492300527972,0.5,,,,
2019,2018-19,Playoffs,7.0,Boston Celtics,26.2,5.0,4.0,4.0,5.0,,,,103.0,104.4,-1.4,99.1,0.288,0.392,0.539,,0.492,10.5,16.6,0.199,,82.1,,,,,9.0,891.9,110.02272901760148,110.03322131812946,-7.022729017601492,-5.633221318129458,-1.389507699472034,0.556,,,,
2019,2018-19,Playoffs,8.0,Portland Trail Blazers,26.6,8.0,8.0,7.0,9.0,,,,111.0,112.4,-1.4,95.7,0.274,0.363,0.541,,0.503,11.1,24.4,0.234,,72.4,,,,,16.0,1531.2,110.02272901760148,110.03322131812946,0.9772709823985082,2.3667786818705423,-1.389507699472034,0.5,,,,
2019,2018-19,Playoffs,9.0,San Antonio Spurs,28.3,3.0,4.0,3.0,4.0,,,,113.0,115.0,-2.0,91.4,0.27,0.233,0.542,,0.516,8.3,24.2,0.177,,76.8,,,,,7.0,639.8000000000001,110.02272901760148,110.03322131812946,2.977270982398508,4.966778681870537,-1.9895076994720284,0.429,,,,
2019,2018-19,Playoffs,10.0,Oklahoma City Thunder,26.2,1.0,4.0,2.0,3.0,,,,105.7,111.5,-5.8,99.6,0.295,0.365,0.541,,0.519,12.2,22.7,0.209,,75.7,,,,,5.0,498.0,110.02272901760148,110.03322131812946,-4.322729017601489,1.4667786818705366,-5.789507699472026,0.2,,,,
2019,2018-19,Playoffs,11.0,Indiana Pacers,27.7,0.0,4.0,1.0,3.0,,,,97.2,105.1,-7.9,94.4,0.246,0.356,0.496,,0.517,14.3,16.6,0.206,,81.1,,,,,4.0,377.6,110.02272901760148,110.03322131812946,-12.822729017601487,-4.933221318129469,-7.88950769947202,0.0,,,,
2019,2018-19,Playoffs,12.0,Utah Jazz,27.0,1.0,4.0,1.0,4.0,,,,99.8,109.2,-9.4,98.0,0.296,0.414,0.501,,0.526,13.3,24.9,0.219,,80.5,,,,,5.0,490.0,110.02272901760148,110.03322131812946,-10.222729017601496,-0.8332213181294605,-9.389507699472034,0.2,,,,
2019,2018-19,Playoffs,13.0,Los Angeles Clippers,26.7,2.0,4.0,1.0,5.0,,,,112.3,121.9,-9.6,102.1,0.323,0.355,0.563,,0.574,12.5,21.9,0.251,,74.5,,,,,6.0,612.5999999999999,110.02272901760148,110.03322131812946,2.2772709823985053,11.866778681870542,-9.589507699472035,0.333,,,,
2019,2018-19,Playoffs,14.0,Brooklyn Nets,25.3,1.0,4.0,1.0,4.0,,,,107.1,117.7,-10.6,104.0,0.319,0.372,0.534,,0.542,13.0,22.2,0.23,,67.9,,,,,5.0,520.0,110.02272901760148,110.03322131812946,-2.922729017601497,7.6667786818705395,-10.589507699472035,0.2,,,,
2019,2018-19,Playoffs,15.0,Orlando Magic,25.9,1.0,4.0,1.0,4.0,,,,96.4,111.4,-15.0,95.5,0.267,0.419,0.496,,0.55,11.6,20.3,0.161,,82.8,,,,,5.0,477.5,110.02272901760148,110.03322131812946,-13.622729017601486,1.3667786818705423,-14.989507699472028,0.2,,,,
2019,2018-19,Playoffs,16.0,Detroit Pistons,26.5,0.0,4.0,0.0,4.0,,,,97.5,121.1,-23.6,100.5,0.171,0.344,0.471,,0.583,12.0,19.8,0.246,,76.4,,,,,4.0,402.0,110.02272901760148,110.03322131812946,-12.522729017601492,11.066778681870533,-23.589507699472023,0.0,,,,
2020,2019-20,Regular Season,1.0,Milwaukee Bucks*,29.2,56.0,17.0,57.0,16.0,10.08,-0.67,9.41,112.4,102.9,9.5,105.1,0.271,0.428,0.583,,0.489,12.0,20.7,0.178,,81.6,,Fiserv Forum,549036.0,17711.0,73.0,7672.299999999999,110.60532341401408,110.60967514825565,1.7946765859859397,-7.709675148255641,9.50435173424158,,,,,
2020,2019-20,Regular Season,2.0,Boston Celtics*,25.3,48.0,24.0,50.0,22.0,6.31,-0.47,5.83,113.3,107.0,6.3,99.5,0.259,0.386,0.57,,0.509,13.5,23.9,0.215,,77.4,,TD Garden,610864.0,19090.0,72.0,7164.0,110.60532341401408,110.60967514825565,2.694676585985931,-3.609675148255647,6.304351734241578,,,,,
2020,2019-20,Regular Season,3.0,Los Angeles Clippers*,27.4,49.0,23.0,50.0,22.0,6.44,0.21,6.66,113.9,107.6,6.3,101.5,0.295,0.375,0.577,,0.506,12.2,23.5,0.206,,77.6,,STAPLES Center,610176.0,19068.0,72.0,7308.0,110.60532341401408,110.60967514825565,3.29467658598594,-3.0096751482556527,6.3043517342415925,,,,,
2020,2019-20,Regular Season,4.0,Toronto Raptors*,26.6,53.0,19.0,50.0,22.0,6.24,-0.26,5.97,111.1,105.0,6.1,100.9,0.264,0.421,0.574,,0.502,14.6,21.3,0.202,,76.7,,Scotiabank Arena,633456.0,19796.0,72.0,7264.8,110.60532341401408,110.60967514825565,0.4946765859859283,-5.609675148255647,6.104351734241575,,,,,
2020,2019-20,Regular Season,5.0,Los Angeles Lakers*,29.5,52.0,19.0,48.0,23.0,5.79,0.49,6.28,112.0,106.3,5.7,100.9,0.276,0.358,0.573,,0.515,14.1,24.5,0.205,,78.8,,STAPLES Center,588907.0,18997.0,71.0,7163.900000000001,110.60532341401408,110.60967514825565,1.394676585985934,-4.30967514825565,5.704351734241584,,,,,
2020,2019-20,Regular Season,6.0,Dallas Mavericks*,26.1,43.0,32.0,49.0,26.0,4.95,-0.07,4.87,116.7,111.7,5.0,99.3,0.264,0.457,0.581,,0.525,10.6,23.2,0.175,,77.7,,American Airlines Center,682096.0,20062.0,75.0,7447.5,110.60532341401408,110.60967514825565,6.094676585985937,1.0903248517443558,5.004351734241581,,,,,
2020,2019-20,Regular Season,7.0,Miami Heat*,25.9,44.0,29.0,43.0,30.0,2.95,-0.35,2.59,112.5,109.5,3.0,98.3,0.299,0.419,0.587,,0.523,12.6,20.3,0.213,,79.5,,AmericanAirlines Arena,629771.0,19680.0,73.0,7175.9,110.60532341401408,110.60967514825565,1.894676585985934,-1.109675148255647,3.004351734241581,,,,,
2020,2019-20,Regular Season,8.0,Houston Rockets*,29.2,44.0,28.0,42.0,30.0,2.96,0.17,3.13,112.9,110.1,2.8,103.7,0.288,0.501,0.578,,0.529,13.7,21.0,0.197,,75.6,,Toyota Center,578458.0,18077.0,72.0,7466.400000000001,110.60532341401408,110.60967514825565,2.29467658598594,-0.5096751482556527,2.8043517342415925,,,,,
2020,2019-20,Regular Season,9.0,Utah Jazz*,27.3,44.0,28.0,42.0,30.0,2.47,0.05,2.52,112.3,109.9,2.4,98.6,0.268,0.414,0.585,,0.518,11.1,21.6,0.185,,78.9,,Vivint Smart Home Arena,567486.0,18306.0,72.0,7099.2,110.60532341401408,110.60967514825565,1.6946765859859312,-0.7096751482556414,2.404351734241573,,,,,
2020,2019-20,Regular Season,10.0,Philadelphia 76ers*,26.3,43.0,30.0,42.0,31.0,2.38,-0.13,2.25,111.3,109.0,2.3,99.0,0.255,0.36,0.566,,0.523,12.5,23.9,0.214,,80.3,,Wells Fargo Center,639491.0,20629.0,73.0,7227.0,110.60532341401408,110.60967514825565,0.6946765859859312,-1.609675148255647,2.3043517342415782,,,,,
2020,2019-20,Regular Season,11.0,Denver Nuggets*,25.6,46.0,27.0,41.0,32.0,2.11,0.24,2.35,113.1,111.0,2.1,97.1,0.235,0.344,0.567,,0.533,12.9,24.8,0.198,,76.8,,Pepsi Center,633153.0,19186.0,73.0,7088.299999999999,110.60532341401408,110.60967514825565,2.4946765859859283,0.3903248517443529,2.1043517342415754,,,,,
2020,2019-20,Regular Season,12.0,Indiana Pacers*,25.6,45.0,28.0,41.0,32.0,1.96,-0.33,1.63,110.0,108.0,2.0,98.9,0.216,0.317,0.565,,0.511,13.0,20.0,0.192,,76.7,,Bankers Life Fieldhouse,529002.0,16531.0,73.0,7219.700000000001,110.60532341401408,110.60967514825565,-0.605323414014066,-2.609675148255647,2.004351734241581,,,,,
2020,2019-20,Regular Season,13.0,Oklahoma City Thunder*,25.5,44.0,28.0,41.0,31.0,1.99,0.34,2.33,110.8,108.8,2.0,98.8,0.29,0.353,0.573,,0.518,12.6,19.3,0.173,,76.8,,Chesapeake Energy Arena,600699.0,18203.0,72.0,7113.599999999999,110.60532341401408,110.60967514825565,0.1946765859859311,-1.80967514825565,2.004351734241581,,,,,
2020,2019-20,Regular Season,14.0,Phoenix Suns,24.6,34.0,39.0,37.0,36.0,0.22,0.35,0.56,111.7,111.4,0.3,101.3,0.271,0.361,0.576,,0.539,13.7,22.2,0.221,,78.8,,Talking Stick Resort Arena,550633.0,15606.0,73.0,7394.9,110.60532341401408,110.60967514825565,1.0946765859859369,0.7903248517443586,0.3043517342415782,,,,,
2020,2019-20,Regular Season,15.0,Brooklyn Nets*,26.3,35.0,37.0,35.0,37.0,-0.57,-0.44,-1.01,108.9,109.5,-0.6,101.4,0.267,0.423,0.554,,0.511,11.0,23.2,0.187,,77.8,,Barclays Center,524907.0,16403.0,72.0,7300.8,110.60532341401408,110.60967514825565,-1.7053234140140603,-1.109675148255647,-0.5956482657584132,,,,,
2020,2019-20,Regular Season,16.0,Orlando Magic*,26.1,33.0,40.0,34.0,39.0,-1.01,0.09,-0.93,108.5,109.5,-1.0,98.6,0.256,0.364,0.544,,0.535,13.2,22.3,0.176,,79.1,,Amway Center,529870.0,17093.0,73.0,7197.799999999999,110.60532341401408,110.60967514825565,-2.105323414014066,-1.109675148255647,-0.9956482657584188,,,,,
2020,2019-20,Regular Season,17.0,San Antonio Spurs,27.6,32.0,39.0,33.0,38.0,-1.11,0.46,-0.65,112.4,113.5,-1.1,100.5,0.262,0.318,0.572,,0.542,11.7,20.1,0.193,,79.2,,AT&T Center,550515.0,18351.0,71.0,7135.5,110.60532341401408,110.60967514825565,1.7946765859859397,2.890324851744353,-1.0956482657584132,,,,,
2020,2019-20,Regular Season,18.0,Memphis Grizzlies,24.1,34.0,39.0,34.0,39.0,-1.07,0.16,-0.91,109.2,110.3,-1.1,102.8,0.24,0.346,0.561,,0.521,12.7,23.0,0.217,,77.8,,FedEx Forum,523297.0,15857.0,73.0,7504.4,110.60532341401408,110.60967514825565,-1.4053234140140631,-0.3096751482556499,-1.0956482657584132,,,,,
2020,2019-20,Regular Season,19.0,Portland Trail Blazers*,27.5,35.0,39.0,34.0,40.0,-1.15,0.54,-0.61,113.7,114.8,-1.1,100.7,0.242,0.374,0.57,,0.53,11.2,22.4,0.208,,75.3,,Moda Center,628303.0,19634.0,74.0,7451.8,110.60532341401408,110.60967514825565,3.094676585985937,4.19032485174435,-1.0956482657584132,,,,,
2020,2019-20,Regular Season,20.0,New Orleans Pelicans,25.4,30.0,42.0,33.0,39.0,-1.29,0.74,-0.55,110.7,111.9,-1.2,103.7,0.256,0.403,0.568,,0.532,12.4,24.2,0.212,,77.8,,Smoothie King Center,528172.0,16505.0,72.0,7466.400000000001,110.60532341401408,110.60967514825565,0.0946765859859368,1.2903248517443586,-1.1956482657584218,,,,,
2020,2019-20,Regular Season,21.0,Sacramento Kings,27.0,31.0,41.0,31.0,41.0,-2.04,0.46,-1.59,110.2,112.2,-2.0,98.9,0.23,0.395,0.566,,0.543,13.6,21.9,0.225,,78.4,,Golden 1 Center,520663.0,16796.0,72.0,7120.8,110.60532341401408,110.60967514825565,-0.4053234140140631,1.5903248517443558,-1.995648265758419,,,,,
2020,2019-20,Regular Season,22.0,Chicago Bulls,24.4,22.0,43.0,26.0,39.0,-3.08,-0.93,-4.0,106.7,109.8,-3.1,99.7,0.231,0.396,0.547,,0.546,16.3,22.8,0.239,,75.6,,United Center,639352.0,18804.0,65.0,6480.5,110.60532341401408,110.60967514825565,-3.905323414014063,-0.8096751482556499,-3.095648265758413,,,,,
2020,2019-20,Regular Season,23.0,Detroit Pistons,25.9,20.0,46.0,26.0,40.0,-3.56,-0.82,-4.38,109.0,112.7,-3.7,97.6,0.261,0.381,0.561,,0.541,12.7,22.6,0.186,,75.9,,Little Caesars Arena,509469.0,15294.0,66.0,6441.599999999999,110.60532341401408,110.60967514825565,-1.605323414014066,2.090324851744356,-3.6956482657584218,,,,,
2020,2019-20,Regular Season,24.0,Minnesota Timberwolves,24.8,19.0,45.0,24.0,40.0,-4.3,0.28,-4.02,108.1,112.2,-4.1,103.4,0.277,0.433,0.551,,0.541,13.2,22.1,0.218,,77.2,,Target Center,482112.0,15066.0,64.0,6617.6,110.60532341401408,110.60967514825565,-2.505323414014072,1.5903248517443558,-4.095648265758427,,,,,
2020,2019-20,Regular Season,25.0,Washington Wizards,25.1,25.0,47.0,26.0,46.0,-4.67,-0.57,-5.24,110.9,115.5,-4.6,102.7,0.27,0.358,0.562,,0.558,13.9,22.2,0.231,,75.3,,Capital One Arena,532702.0,16647.0,72.0,7394.400000000001,110.60532341401408,110.60967514825565,0.2946765859859397,4.890324851744353,-4.595648265758413,,,,,
2020,2019-20,Regular Season,26.0,New York Knicks,24.5,21.0,45.0,20.0,46.0,-6.45,-0.26,-6.72,106.5,113.0,-6.5,98.6,0.263,0.318,0.531,,0.541,12.4,25.8,0.224,,78.3,,Madison Square Garden (IV),620789.0,18812.0,66.0,6507.599999999999,110.60532341401408,110.60967514825565,-4.105323414014066,2.390324851744353,-6.495648265758419,,,,,
2020,2019-20,Regular Season,27.0,Charlotte Hornets,24.3,23.0,42.0,19.0,46.0,-6.75,-0.28,-7.03,106.3,113.3,-7.0,95.8,0.252,0.399,0.539,,0.546,13.1,23.9,0.159,,74.4,,Spectrum Center,478591.0,15428.0,65.0,6227.0,110.60532341401408,110.60967514825565,-4.305323414014069,2.69032485174435,-6.995648265758419,,,,,
2020,2019-20,Regular Season,28.0,Atlanta Hawks,24.1,20.0,47.0,18.0,49.0,-7.97,0.27,-7.71,107.2,114.8,-7.6,103.0,0.258,0.398,0.554,,0.543,12.7,21.6,0.233,,74.9,,State Farm Arena,545453.0,16043.0,67.0,6901.0,110.60532341401408,110.60967514825565,-3.405323414014063,4.19032485174435,-7.595648265758413,,,,,
2020,2019-20,Regular Season,29.0,Cleveland Cavaliers,25.0,19.0,46.0,18.0,47.0,-7.89,0.12,-7.77,107.5,115.4,-7.9,98.7,0.227,0.362,0.553,,0.56,11.7,24.6,0.164,,77.4,,Rocket Mortgage Fieldhouse,643008.0,17861.0,65.0,6415.5,110.60532341401408,110.60967514825565,-3.105323414014066,4.790324851744359,-7.895648265758425,,,,,
2020,2019-20,Regular Season,30.0,Golden State Warriors,24.4,15.0,50.0,16.0,49.0,-8.71,0.59,-8.12,105.2,113.8,-8.6,100.3,0.264,0.355,0.54,,0.553,13.7,21.5,0.193,,76.4,,Chase Center,614176.0,18064.0,65.0,6519.5,110.60532341401408,110.60967514825565,-5.405323414014063,3.19032485174435,-8.595648265758413,,,,,
2020,2019-20,Playoffs,1.0,Los Angeles Lakers,29.3,16.0,5.0,15.0,6.0,,,,115.9,108.9,7.0,97.3,0.293,0.407,0.595,,0.525,13.6,26.1,0.251,,81.9,,,,,21.0,2043.3,111.27616951935364,111.30318435167982,4.623830480646376,-2.403184351679812,7.027014832326188,0.762,,,,
2020,2019-20,Playoffs,2.0,Boston Celtics,25.0,10.0,7.0,11.0,6.0,,,,111.3,106.3,5.0,96.4,0.285,0.429,0.572,,0.49,11.5,21.0,0.234,,80.5,,,,,17.0,1638.8000000000002,111.27616951935364,111.30318435167982,0.0238304806463673,-5.0031843516798205,5.027014832326188,0.588,,,,
2020,2019-20,Playoffs,3.0,Los Angeles Clippers,27.9,7.0,6.0,8.0,5.0,,,,115.4,111.1,4.3,98.0,0.291,0.38,0.585,,0.542,12.6,21.5,0.209,,80.6,,,,,13.0,1274.0,111.27616951935364,111.30318435167982,4.123830480646376,-0.2031843516798233,4.327014832326199,0.538,,,,
2020,2019-20,Playoffs,4.0,Toronto Raptors,27.1,7.0,4.0,7.0,4.0,,,,108.3,104.2,4.1,99.1,0.24,0.455,0.559,,0.507,13.7,17.6,0.211,,82.2,,,,,11.0,1090.1,111.27616951935364,111.30318435167982,-2.9761695193536326,-7.103184351679815,4.127014832326182,0.636,,,,
2020,2019-20,Playoffs,5.0,Utah Jazz,26.8,3.0,4.0,4.0,3.0,,,,122.2,118.5,3.7,91.5,0.284,0.455,0.616,,0.554,11.4,22.8,0.169,,75.1,,,,,7.0,640.5,111.27616951935364,111.30318435167982,10.923830480646371,7.196815648320182,3.727014832326191,0.429,,,,
2020,2019-20,Playoffs,6.0,Miami Heat,27.1,14.0,7.0,12.0,9.0,,,,113.5,111.5,2.0,95.9,0.322,0.433,0.587,,0.529,13.0,19.1,0.215,,77.3,,,,,21.0,2013.9,111.27616951935364,111.30318435167982,2.2238304806463702,0.1968156483201824,2.027014832326188,0.667,,,,
2020,2019-20,Playoffs,7.0,Milwaukee Bucks,29.8,5.0,5.0,5.0,5.0,,,,109.7,108.5,1.2,100.3,0.279,0.426,0.568,,0.527,13.5,20.5,0.241,,83.8,,,,,10.0,1003.0,111.27616951935364,111.30318435167982,-1.576169519353627,-2.8031843516798176,1.227014832326191,0.5,,,,
2020,2019-20,Playoffs,8.0,Houston Rockets,30.2,5.0,7.0,6.0,6.0,,,,108.3,107.5,0.8,98.6,0.235,0.545,0.569,,0.534,15.4,14.6,0.209,,78.0,,,,,12.0,1183.1999999999998,111.27616951935364,111.30318435167982,-2.9761695193536326,-3.8031843516798176,0.827014832326185,0.417,,,,
2020,2019-20,Playoffs,9.0,Denver Nuggets,25.2,9.0,10.0,8.0,11.0,,,,113.6,116.0,-2.4,94.1,0.26,0.392,0.584,,0.551,12.7,23.0,0.233,,76.8,,,,,19.0,1787.9,111.27616951935364,111.30318435167982,2.3238304806463645,4.696815648320182,-2.372985167673818,0.474,,,,
2020,2019-20,Playoffs,10.0,Oklahoma City Thunder,25.7,3.0,4.0,2.0,5.0,,,,102.4,108.7,-6.3,100.1,0.281,0.428,0.542,,0.535,11.5,20.1,0.146,,84.6,,,,,7.0,700.6999999999999,111.27616951935364,111.30318435167982,-8.876169519353624,-2.6031843516798148,-6.272985167673809,0.429,,,,
2020,2019-20,Playoffs,11.0,Orlando Magic,27.0,1.0,4.0,1.0,4.0,,,,102.5,111.3,-8.8,104.4,0.237,0.449,0.547,,0.572,14.5,13.5,0.177,,82.0,,,,,5.0,522.0,111.27616951935364,111.30318435167982,-8.77616951935363,-0.0031843516798204,-8.77298516767381,0.2,,,,
2020,2019-20,Playoffs,12.0,Dallas Mavericks,26.2,2.0,4.0,1.0,5.0,,,,112.7,122.0,-9.3,102.1,0.297,0.421,0.58,,0.579,10.5,16.9,0.248,,80.4,,,,,6.0,612.5999999999999,111.27616951935364,111.30318435167982,1.423830480646373,10.696815648320182,-9.27298516767381,0.333,,,,
2020,2019-20,Playoffs,13.0,Portland Trail Blazers,26.6,1.0,4.0,1.0,4.0,,,,104.6,115.0,-10.4,101.9,0.283,0.347,0.537,,0.552,13.0,21.4,0.222,,72.7,,,,,5.0,509.5,111.27616951935364,111.30318435167982,-6.676169519353636,3.6968156483201824,-10.372985167673818,0.2,,,,
2020,2019-20,Playoffs,14.0,Indiana Pacers,26.2,0.0,4.0,1.0,3.0,,,,104.2,115.1,-10.9,96.7,0.252,0.399,0.565,,0.545,13.2,13.7,0.288,,76.9,,,,,4.0,386.8,111.27616951935364,111.30318435167982,-7.076169519353627,3.7968156483201767,-10.872985167673804,0.0,,,,
2020,2019-20,Playoffs,15.0,Philadelphia 76ers,26.4,0.0,4.0,1.0,3.0,,,,105.5,117.9,-12.4,95.2,0.381,0.36,0.512,,0.523,9.7,26.8,0.255,,77.6,,,,,4.0,380.8,111.27616951935364,111.30318435167982,-5.77616951935363,6.596815648320188,-12.372985167673818,0.0,,,,
2020,2019-20,Playoffs,16.0,Brooklyn Nets,25.4,0.0,4.0,0.0,4.0,,,,102.2,122.0,-19.8,103.5,0.268,0.504,0.518,,0.592,10.6,18.1,0.203,,79.1,,,,,4.0,414.0,111.27616951935364,111.30318435167982,-9.076169519353629,10.696815648320182,-19.77298516767381,0.0,,,,
2021,2020-21,Regular Season,1.0,Utah Jazz*,28.5,52.0,20.0,55.0,17.0,9.25,-0.29,8.97,117.6,108.3,9.3,98.5,0.244,0.488,0.597,,0.507,10.3,24.5,0.159,,79.3,,Vivint Smart Home Arena,151300.0,4203.0,72.0,7092.0,112.33850238623378,112.33913423405258,5.26149761376621,-4.039134234052582,9.300631847818792,,,,,
2021,2020-21,Regular Season,2.0,Los Angeles Clippers*,28.8,47.0,25.0,49.0,23.0,6.18,-0.16,6.02,117.6,111.2,6.4,96.9,0.222,0.4,0.599,,0.531,11.9,22.7,0.186,,79.1,,STAPLES Center,13901.0,386.0,72.0,6976.8,112.33850238623378,112.33913423405258,5.26149761376621,-1.1391342340525767,6.4006318478187865,,,,,
2021,2020-21,Regular Season,3.0,Phoenix Suns*,26.6,51.0,21.0,49.0,23.0,5.82,-0.15,5.67,117.2,111.3,5.9,97.2,0.212,0.392,0.597,,0.534,12.4,20.8,0.194,,78.5,,Phoenix Suns Arena,104027.0,2890.0,72.0,6998.400000000001,112.33850238623378,112.33913423405258,4.861497613766218,-1.0391342340525824,5.900631847818801,,,,,
2021,2020-21,Regular Season,4.0,Milwaukee Bucks*,28.1,46.0,26.0,48.0,24.0,5.89,-0.32,5.57,117.2,111.4,5.8,102.2,0.233,0.404,0.593,,0.536,11.5,23.3,0.157,,79.7,,Fiserv Forum,64780.0,1799.0,72.0,7358.400000000001,112.33850238623378,112.33913423405258,4.861497613766218,-0.939134234052574,5.800631847818792,,,,,
2021,2020-21,Regular Season,5.0,Philadelphia 76ers*,27.1,49.0,23.0,48.0,24.0,5.58,-0.31,5.28,113.2,107.6,5.6,99.5,0.293,0.347,0.579,,0.521,13.8,23.2,0.2,,78.2,,Wells Fargo Center,68583.0,1905.0,72.0,7164.0,112.33850238623378,112.33913423405258,0.8614976137662183,-4.739134234052585,5.600631847818804,,,,,
2021,2020-21,Regular Season,6.0,Denver Nuggets*,26.1,47.0,25.0,47.0,25.0,4.93,-0.11,4.82,117.1,112.1,5.0,97.1,0.219,0.383,0.588,,0.545,12.9,24.7,0.2,,78.9,,Ball Arena,54563.0,1516.0,72.0,6991.2,112.33850238623378,112.33913423405258,4.76149761376621,-0.2391342340525852,5.000631847818795,,,,,
2021,2020-21,Regular Season,7.0,Brooklyn Nets*,28.2,48.0,24.0,46.0,26.0,4.5,-0.27,4.24,118.3,113.8,4.5,99.5,0.258,0.413,0.61,,0.531,11.1,21.4,0.187,,77.3,,Barclays Center,30491.0,847.0,72.0,7164.0,112.33850238623378,112.33913423405258,5.961497613766213,1.4608657659474176,4.500631847818795,,,,,
2021,2020-21,Regular Season,8.0,Los Angeles Lakers*,28.2,42.0,30.0,42.0,30.0,2.79,-0.03,2.77,109.9,107.1,2.8,98.7,0.271,0.363,0.569,,0.526,13.7,22.5,0.184,,79.7,,STAPLES Center,23313.0,648.0,72.0,7106.400000000001,112.33850238623378,112.33913423405258,-2.438502386233779,-5.239134234052585,2.8006318478188064,,,,,
2021,2020-21,Regular Season,9.0,Dallas Mavericks*,26.3,42.0,30.0,41.0,31.0,2.26,-0.01,2.26,115.4,113.0,2.4,97.3,0.242,0.436,0.582,,0.534,11.5,21.1,0.197,,77.8,,American Airlines Center,94849.0,2635.0,72.0,7005.599999999999,112.33850238623378,112.33913423405258,3.061497613766221,0.6608657659474204,2.4006318478188007,,,,,
2021,2020-21,Regular Season,10.0,New York Knicks*,25.6,41.0,31.0,41.0,31.0,2.31,-0.18,2.13,110.6,108.2,2.4,95.9,0.242,0.347,0.559,,0.509,11.7,21.9,0.196,,78.6,,Madison Square Garden (IV),42131.0,1170.0,72.0,6904.8,112.33850238623378,112.33913423405258,-1.7385023862337905,-4.139134234052577,2.4006318478187865,,,,,
2021,2020-21,Regular Season,11.0,Atlanta Hawks*,25.4,41.0,31.0,41.0,31.0,2.32,-0.18,2.14,115.7,113.3,2.4,97.6,0.278,0.382,0.581,,0.53,11.1,24.4,0.19,,77.8,,State Farm Arena,59288.0,1647.0,72.0,7027.2,112.33850238623378,112.33913423405258,3.3614976137662183,0.9608657659474176,2.4006318478188007,,,,,
2021,2020-21,Regular Season,12.0,Portland Trail Blazers*,27.4,42.0,30.0,40.0,32.0,1.79,0.01,1.81,117.8,116.0,1.8,98.4,0.238,0.448,0.577,,0.546,11.2,23.0,0.203,,77.5,,Moda Center,5817.0,162.0,72.0,7084.8,112.33850238623378,112.33913423405258,5.461497613766213,3.660865765947421,1.8006318478187922,,,,,
2021,2020-21,Regular Season,13.0,Boston Celtics*,25.1,36.0,36.0,39.0,33.0,1.46,-0.14,1.32,114.0,112.5,1.5,98.3,0.234,0.409,0.574,,0.539,12.8,24.3,0.215,,78.1,,TD Garden,30067.0,835.0,72.0,7077.599999999999,112.33850238623378,112.33913423405258,1.6614976137662154,0.1608657659474204,1.500631847818795,,,,,
2021,2020-21,Regular Season,14.0,Golden State Warriors,26.7,39.0,33.0,38.0,34.0,1.06,0.04,1.1,111.1,110.1,1.0,102.2,0.239,0.439,0.583,,0.522,13.1,17.9,0.223,,76.6,,Chase Center,33457.0,929.0,72.0,7358.400000000001,112.33850238623378,112.33913423405258,-1.2385023862337905,-2.2391342340525853,1.000631847818795,,,,,
2021,2020-21,Regular Season,15.0,Memphis Grizzlies*,24.2,38.0,34.0,38.0,34.0,1.03,0.04,1.07,112.0,111.0,1.0,100.4,0.232,0.342,0.56,,0.535,13.1,24.2,0.196,,78.3,,FedEx Forum,61449.0,1707.0,72.0,7228.8,112.33850238623378,112.33913423405258,-0.3385023862337846,-1.3391342340525796,1.000631847818795,,,,,
2021,2020-21,Regular Season,16.0,Miami Heat*,27.4,40.0,32.0,36.0,36.0,0.03,-0.09,-0.06,111.2,111.2,0.0,96.6,0.252,0.432,0.581,,0.542,13.8,19.4,0.183,,77.9,,AmericanAirlines Arena,,,72.0,6955.2,112.33850238623378,112.33913423405258,-1.1385023862337815,-1.1391342340525767,0.0006318478187949,,,,,
2021,2020-21,Regular Season,17.0,Indiana Pacers,26.5,34.0,38.0,36.0,36.0,-0.04,-0.08,-0.13,112.4,112.4,0.0,101.6,0.227,0.372,0.575,,0.531,12.7,20.2,0.201,,74.9,,Bankers Life Fieldhouse,,,72.0,7315.2,112.33850238623378,112.33913423405258,0.061497613766221,0.0608657659474261,0.0006318478187949,,,,,
2021,2020-21,Regular Season,18.0,New Orleans Pelicans,24.8,31.0,41.0,35.0,37.0,-0.29,0.1,-0.2,113.5,113.8,-0.3,100.1,0.293,0.342,0.57,,0.55,11.9,26.3,0.186,,80.0,,Smoothie King Center,93120.0,2587.0,72.0,7207.2,112.33850238623378,112.33913423405258,1.1614976137662154,1.4608657659474176,-0.2993681521812021,,,,,
2021,2020-21,Regular Season,19.0,Toronto Raptors,26.6,27.0,45.0,35.0,37.0,-0.47,-0.07,-0.54,112.0,112.5,-0.5,99.2,0.241,0.444,0.567,,0.543,14.4,20.8,0.234,,76.3,,Amalie Arena,26024.0,723.0,72.0,7142.400000000001,112.33850238623378,112.33913423405258,-0.3385023862337846,0.1608657659474204,-0.499368152181205,,,,,
2021,2020-21,Regular Season,20.0,Chicago Bulls,25.6,31.0,41.0,34.0,38.0,-0.89,-0.05,-0.94,111.1,112.0,-0.9,99.0,0.197,0.383,0.575,,0.538,11.6,22.3,0.196,,80.3,,United Center,13655.0,379.0,72.0,7128.0,112.33850238623378,112.33913423405258,-1.2385023862337905,-0.3391342340525796,-0.8993681521812107,,,,,
2021,2020-21,Regular Season,21.0,San Antonio Spurs,26.2,33.0,39.0,32.0,40.0,-1.74,0.15,-1.58,111.0,112.8,-1.8,98.9,0.243,0.314,0.554,,0.541,11.8,20.0,0.174,,77.3,,AT&T Center,61053.0,1696.0,72.0,7120.8,112.33850238623378,112.33913423405258,-1.3385023862337846,0.4608657659474175,-1.7993681521812022,,,,,
2021,2020-21,Regular Season,22.0,Washington Wizards*,26.6,34.0,38.0,32.0,40.0,-1.83,-0.01,-1.85,111.2,113.0,-1.8,104.1,0.288,0.319,0.569,,0.539,12.5,21.3,0.217,,77.6,,Capital One Arena,19198.0,533.0,72.0,7495.2,112.33850238623378,112.33913423405258,-1.1385023862337815,0.6608657659474204,-1.7993681521812022,,,,,
2021,2020-21,Regular Season,23.0,Charlotte Hornets,24.6,33.0,39.0,32.0,40.0,-1.93,-0.01,-1.94,110.9,112.8,-1.9,98.3,0.238,0.422,0.564,,0.55,13.2,23.5,0.163,,75.7,,Spectrum Center,68255.0,1896.0,72.0,7077.599999999999,112.33850238623378,112.33913423405258,-1.438502386233779,0.4608657659474175,-1.8993681521811965,,,,,
2021,2020-21,Regular Season,24.0,Sacramento Kings,25.6,31.0,41.0,28.0,44.0,-3.68,0.23,-3.45,113.6,117.2,-3.6,100.0,0.248,0.376,0.578,,0.557,12.1,21.3,0.199,,75.0,,Golden 1 Center,,,72.0,7200.0,112.33850238623378,112.33913423405258,1.2614976137662095,4.860865765947423,-3.599368152181213,,,,,
2021,2020-21,Regular Season,25.0,Detroit Pistons,24.5,20.0,52.0,26.0,46.0,-4.47,0.09,-4.38,108.0,112.5,-4.5,97.9,0.273,0.385,0.556,,0.541,12.6,21.9,0.195,,76.9,,Little Caesars Arena,14250.0,396.0,72.0,7048.8,112.33850238623378,112.33913423405258,-4.338502386233785,0.1608657659474204,-4.499368152181205,,,,,
2021,2020-21,Regular Season,26.0,Minnesota Timberwolves,23.2,23.0,49.0,24.0,48.0,-5.56,0.31,-5.25,109.5,115.0,-5.5,101.6,0.254,0.413,0.555,,0.556,13.3,22.7,0.207,,76.8,,Target Center,15774.0,438.0,72.0,7315.2,112.33850238623378,112.33913423405258,-2.8385023862337846,2.6608657659474204,-5.499368152181205,,,,,
2021,2020-21,Regular Season,27.0,Houston Rockets,26.5,17.0,55.0,20.0,52.0,-7.9,0.4,-7.5,107.1,114.9,-7.8,101.4,0.252,0.459,0.553,,0.555,12.9,19.8,0.201,,77.1,,Toyota Center,117009.0,3250.0,72.0,7300.8,112.33850238623378,112.33913423405258,-5.23850238623379,2.560865765947426,-7.799368152181216,,,,,
2021,2020-21,Regular Season,28.0,Cleveland Cavaliers,24.0,22.0,50.0,18.0,54.0,-8.44,0.25,-8.19,105.8,114.4,-8.6,97.3,0.261,0.347,0.543,,0.556,13.0,23.6,0.183,,76.6,,Rocket Mortgage Fieldhouse,91476.0,2541.0,72.0,7005.599999999999,112.33850238623378,112.33913423405258,-6.538502386233787,2.060865765947426,-8.599368152181214,,,,,
2021,2020-21,Regular Season,29.0,Orlando Magic,25.6,21.0,51.0,17.0,55.0,-9.31,0.29,-9.02,105.1,114.5,-9.4,98.7,0.24,0.356,0.527,,0.547,11.5,21.6,0.169,,78.2,,Amway Center,126463.0,3513.0,72.0,7106.400000000001,112.33850238623378,112.33913423405258,-7.23850238623379,2.1608657659474204,-9.39936815218121,,,,,
2021,2020-21,Regular Season,30.0,Oklahoma City Thunder,22.8,22.0,50.0,15.0,57.0,-10.64,0.51,-10.13,103.5,114.0,-10.5,101.0,0.242,0.399,0.539,,0.547,11.5,21.2,0.167,,77.9,,Chesapeake Energy Arena,,,72.0,7272.0,112.33850238623378,112.33913423405258,-8.838502386233785,1.6608657659474204,-10.499368152181203,,,,,
2021,2020-21,Playoffs,1.0,Philadelphia 76ers,27.3,7.0,5.0,9.0,3.0,,,,116.0,108.5,7.5,100.2,0.342,0.331,0.589,,0.502,11.2,21.3,0.235,,78.8,,,,,12.0,1202.4,114.29784219356576,114.27840785235804,1.702157806434229,-5.778407852358029,7.480565658792258,0.583,,,,
2021,2020-21,Playoffs,2.0,Brooklyn Nets,28.7,7.0,5.0,8.0,4.0,,,,116.1,109.6,6.5,96.1,0.235,0.413,0.592,,0.502,11.6,19.7,0.19,,75.0,,,,,12.0,1153.1999999999998,114.29784219356576,114.27840785235804,1.802157806434224,-4.678407852358035,6.480565658792258,0.583,,,,
2021,2020-21,Playoffs,3.0,Milwaukee Bucks,29.2,16.0,7.0,15.0,8.0,,,,112.9,107.6,5.3,96.9,0.228,0.384,0.55,,0.523,12.2,27.8,0.16,,81.6,,,,,23.0,2228.7000000000003,114.29784219356576,114.27840785235804,-1.397842193565765,-6.678407852358035,5.28056565879227,0.696,,,,
2021,2020-21,Playoffs,4.0,Phoenix Suns,26.6,14.0,8.0,14.0,8.0,,,,114.7,110.0,4.7,95.1,0.219,0.35,0.585,,0.507,10.9,19.6,0.194,,76.1,,,,,22.0,2092.2,114.29784219356576,114.27840785235804,0.4021578064342321,-4.278407852358029,4.680565658792261,0.636,,,,
2021,2020-21,Playoffs,5.0,Los Angeles Clippers,29.3,10.0,9.0,12.0,7.0,,,,120.2,115.9,4.3,92.8,0.29,0.444,0.604,,0.543,11.1,21.5,0.173,,76.9,,,,,19.0,1763.2,114.29784219356576,114.27840785235804,5.902157806434232,1.6215921476419766,4.280565658792256,0.526,,,,
2021,2020-21,Playoffs,6.0,Utah Jazz,28.6,6.0,5.0,5.0,6.0,,,,121.4,122.3,-0.9,96.3,0.288,0.518,0.616,,0.562,9.6,23.7,0.208,,76.7,,,,,11.0,1059.3,114.29784219356576,114.27840785235804,7.102157806434235,8.021592147641968,-0.919434341207733,0.545,,,,
2021,2020-21,Playoffs,7.0,Portland Trail Blazers,28.5,2.0,4.0,3.0,3.0,,,,121.6,122.9,-1.3,95.0,0.257,0.443,0.608,,0.555,9.9,22.2,0.216,,73.5,,,,,6.0,570.0,114.29784219356576,114.27840785235804,7.302157806434224,8.621592147641977,-1.319434341207753,0.333,,,,
2021,2020-21,Playoffs,8.0,Atlanta Hawks,25.6,10.0,8.0,8.0,10.0,,,,109.8,111.3,-1.5,96.8,0.241,0.394,0.554,,0.52,11.6,20.9,0.197,,75.0,,,,,18.0,1742.4,114.29784219356576,114.27840785235804,-4.4978421935657735,-2.978407852358032,-1.5194343412077416,0.556,,,,
2021,2020-21,Playoffs,9.0,Dallas Mavericks,26.2,3.0,4.0,2.0,5.0,,,,115.5,121.1,-5.6,91.8,0.233,0.407,0.559,,0.571,10.9,23.7,0.246,,77.4,,,,,7.0,642.6,114.29784219356576,114.27840785235804,1.202157806434229,6.821592147641965,-5.619434341207736,0.429,,,,
2021,2020-21,Playoffs,10.0,Denver Nuggets,26.3,4.0,6.0,3.0,7.0,,,,116.8,122.4,-5.6,96.3,0.227,0.418,0.566,,0.576,10.6,25.1,0.223,,79.6,,,,,10.0,963.0,114.29784219356576,114.27840785235804,2.5021578064342265,8.121592147641977,-5.61943434120775,0.4,,,,
2021,2020-21,Playoffs,11.0,Los Angeles Lakers,29.1,2.0,4.0,2.0,4.0,,,,104.0,110.9,-6.9,93.8,0.295,0.396,0.52,,0.53,12.1,23.7,0.212,,80.3,,,,,6.0,562.8,114.29784219356576,114.27840785235804,-10.29784219356577,-3.3784078523580234,-6.919434341207747,0.333,,,,
2021,2020-21,Playoffs,12.0,New York Knicks,27.3,1.0,4.0,1.0,4.0,,,,103.5,111.0,-7.5,93.7,0.252,0.352,0.505,,0.519,10.4,24.6,0.189,,81.2,,,,,5.0,468.5,114.29784219356576,114.27840785235804,-10.79784219356577,-3.278407852358029,-7.519434341207742,0.2,,,,
2021,2020-21,Playoffs,13.0,Memphis Grizzlies,24.0,1.0,4.0,1.0,4.0,,,,115.6,124.0,-8.4,99.5,0.216,0.335,0.556,,0.586,12.2,23.8,0.257,,75.4,,,,,5.0,497.5,114.29784219356576,114.27840785235804,1.3021578064342236,9.72159214764197,-8.419434341207747,0.2,,,,
2021,2020-21,Playoffs,14.0,Boston Celtics,25.0,1.0,4.0,1.0,4.0,,,,117.1,128.7,-11.6,95.8,0.311,0.415,0.56,,0.582,10.6,28.8,0.296,,73.5,,,,,5.0,479.0,114.29784219356576,114.27840785235804,2.802157806434224,14.42159214764196,-11.619434341207736,0.2,,,,
2021,2020-21,Playoffs,15.0,Washington Wizards,27.4,1.0,4.0,1.0,4.0,,,,107.6,121.3,-13.7,102.2,0.327,0.273,0.543,,0.575,10.3,23.1,0.234,,77.4,,,,,5.0,511.0,114.29784219356576,114.27840785235804,-6.697842193565776,7.021592147641968,-13.719434341207744,0.2,,,,
2021,2020-21,Playoffs,16.0,Miami Heat,28.8,0.0,4.0,0.0,4.0,,,,96.6,116.8,-20.2,98.9,0.227,0.401,0.499,,0.538,12.6,17.1,0.177,,68.6,,,,,4.0,395.6,114.29784219356576,114.27840785235804,-17.697842193565776,2.521592147641968,-20.219434341207744,0.0,,,,
2022,2021-22,Regular Season,1.0,Boston Celtics*,26.1,51.0,31.0,59.0,23.0,7.28,-0.26,7.02,114.4,106.9,7.5,96.6,0.239,0.425,0.578,,0.502,12.5,24.0,0.183,,77.3,,TD Garden,785396.0,19156.0,82.0,7921.2,111.96684878512286,111.96437830867382,2.4331512148771424,-5.06437830867381,7.497529523550952,,,,,
2022,2021-22,Regular Season,2.0,Phoenix Suns*,27.5,64.0,18.0,59.0,23.0,7.5,-0.56,6.94,114.8,107.3,7.5,99.8,0.221,0.354,0.581,,0.51,13.0,22.3,0.195,,77.1,,Phoenix Suns Arena,663171.0,16175.0,82.0,8183.599999999999,111.96684878512286,111.96437830867382,2.833151214877134,-4.664378308673818,7.497529523550952,,,,,
2022,2021-22,Regular Season,3.0,Utah Jazz*,29.3,49.0,33.0,56.0,26.0,6.04,-0.37,5.67,116.7,110.5,6.2,97.1,0.271,0.468,0.589,,0.521,10.9,25.4,0.164,,78.3,,Vivint Smart Home Arena,750546.0,18306.0,82.0,7962.2,111.96684878512286,111.96437830867382,4.73315121487714,-1.4643783086738154,6.197529523550955,,,,,
2022,2021-22,Regular Season,4.0,Memphis Grizzlies*,24.0,56.0,26.0,55.0,27.0,5.68,-0.32,5.37,114.6,109.0,5.6,100.3,0.245,0.346,0.553,,0.523,13.3,30.0,0.195,,77.8,,FedEx Forum,646785.0,15775.0,82.0,8224.6,111.96684878512286,111.96437830867382,2.633151214877131,-2.964378308673816,5.597529523550946,,,,,
2022,2021-22,Regular Season,5.0,Golden State Warriors*,27.6,53.0,29.0,55.0,27.0,5.54,-0.02,5.52,112.5,106.9,5.6,98.4,0.235,0.456,0.582,,0.509,13.0,22.8,0.201,,78.7,,Chase Center,740624.0,18064.0,82.0,8068.8,111.96684878512286,111.96437830867382,0.5331512148771367,-5.06437830867381,5.597529523550946,,,,,
2022,2021-22,Regular Season,6.0,Miami Heat*,28.2,53.0,29.0,53.0,29.0,4.45,-0.22,4.23,113.7,109.1,4.6,95.9,0.252,0.422,0.584,,0.524,13.8,23.5,0.209,,78.0,,FTX Arena,804761.0,19628.0,82.0,7863.8,111.96684878512286,111.96437830867382,1.7331512148771395,-2.864378308673821,4.597529523550961,,,,,
2022,2021-22,Regular Season,7.0,Dallas Mavericks*,26.7,52.0,30.0,50.0,32.0,3.3,-0.18,3.12,112.8,109.4,3.4,95.4,0.249,0.439,0.572,,0.521,12.2,21.3,0.185,,78.0,,American Airlines Center,808037.0,19708.0,82.0,7822.8,111.96684878512286,111.96437830867382,0.8331512148771338,-2.5643783086738097,3.3975295235509435,,,,,
2022,2021-22,Regular Season,8.0,Milwaukee Bucks*,28.5,51.0,31.0,49.0,33.0,3.35,-0.14,3.22,115.1,111.8,3.3,99.9,0.257,0.43,0.58,,0.536,11.6,23.0,0.165,,78.6,,Fiserv Forum,715581.0,17453.0,82.0,8191.8,111.96684878512286,111.96437830867382,3.133151214877131,-0.1643783086738182,3.297529523550949,,,,,
2022,2021-22,Regular Season,9.0,Philadelphia 76ers*,26.8,51.0,31.0,48.0,34.0,2.61,-0.04,2.57,113.5,110.8,2.7,96.2,0.282,0.376,0.578,,0.524,12.1,20.1,0.192,,76.8,,Wells Fargo Center,846867.0,20655.0,82.0,7888.400000000001,111.96684878512286,111.96437830867382,1.533151214877137,-1.1643783086738182,2.697529523550955,,,,,
2022,2021-22,Regular Season,10.0,Minnesota Timberwolves*,24.2,46.0,36.0,48.0,34.0,2.63,-0.1,2.53,114.3,111.7,2.6,100.9,0.254,0.454,0.573,,0.535,14.2,24.4,0.227,,74.9,,Target Center,657148.0,16028.0,82.0,8273.800000000001,111.96684878512286,111.96437830867382,2.333151214877134,-0.2643783086738125,2.5975295235509464,,,,,
2022,2021-22,Regular Season,11.0,Denver Nuggets*,27.7,48.0,34.0,47.0,35.0,2.3,-0.15,2.16,114.5,112.1,2.4,97.8,0.244,0.416,0.59,,0.537,11.7,21.9,0.188,,78.3,,Ball Arena,695262.0,16958.0,82.0,8019.599999999999,111.96684878512286,111.96437830867382,2.5331512148771367,0.1356216913261789,2.3975295235509577,,,,,
2022,2021-22,Regular Season,12.0,Toronto Raptors*,24.8,48.0,34.0,47.0,35.0,2.29,0.08,2.38,112.9,110.5,2.4,96.0,0.234,0.375,0.543,,0.535,14.4,28.4,0.199,,75.6,,Scotiabank Arena,547343.0,13350.0,82.0,7872.0,111.96684878512286,111.96437830867382,0.9331512148771424,-1.4643783086738154,2.3975295235509577,,,,,
2022,2021-22,Regular Season,13.0,Cleveland Cavaliers,24.7,44.0,38.0,47.0,35.0,2.12,-0.08,2.04,111.9,109.7,2.2,96.1,0.261,0.387,0.571,,0.52,12.3,24.0,0.172,,76.5,,Rocket Mortgage Fieldhouse,758228.0,18493.0,82.0,7880.2,111.96684878512286,111.96437830867382,-0.0668487851228576,-2.2643783086738125,2.197529523550955,,,,,
2022,2021-22,Regular Season,14.0,Atlanta Hawks*,26.1,43.0,39.0,45.0,37.0,1.56,-0.01,1.55,116.5,114.9,1.6,97.7,0.253,0.39,0.581,,0.543,11.5,23.0,0.177,,76.9,,State Farm Arena,672742.0,16408.0,82.0,8011.400000000001,111.96684878512286,111.96437830867382,4.533151214877137,2.9356216913261903,1.5975295235509464,,,,,
2022,2021-22,Regular Season,15.0,Brooklyn Nets*,29.1,44.0,38.0,43.0,39.0,0.78,0.04,0.82,113.6,112.8,0.8,99.0,0.246,0.359,0.576,,0.521,11.7,23.9,0.201,,75.1,,Barclays Center,711539.0,17355.0,82.0,8118.0,111.96684878512286,111.96437830867382,1.633151214877131,0.8356216913261818,0.7975295235509492,,,,,
2022,2021-22,Regular Season,16.0,Charlotte Hornets,25.5,43.0,39.0,42.0,40.0,0.44,0.09,0.53,114.1,113.7,0.4,100.0,0.234,0.418,0.572,,0.544,13.1,23.3,0.187,,74.8,,Spectrum Center,700755.0,17092.0,82.0,8200.0,111.96684878512286,111.96437830867382,2.133151214877131,1.7356216913261877,0.3975295235509435,,,,,
2022,2021-22,Regular Season,17.0,San Antonio Spurs,24.5,34.0,48.0,41.0,41.0,0.12,-0.1,0.02,112.4,112.3,0.1,100.0,0.22,0.345,0.556,,0.532,12.1,23.7,0.176,,75.1,,AT&T Center,615588.0,15014.0,82.0,8200.0,111.96684878512286,111.96437830867382,0.4331512148771423,0.3356216913261818,0.0975295235509605,,,,,
2022,2021-22,Regular Season,18.0,Los Angeles Clippers,27.5,42.0,40.0,41.0,41.0,0.02,0.06,0.09,110.1,110.1,0.0,98.0,0.224,0.391,0.564,,0.514,12.0,20.6,0.167,,74.4,,Crypto.com Arena,694005.0,16927.0,82.0,8036.0,111.96684878512286,111.96437830867382,-1.866848785122869,-1.864378308673821,-0.0024704764490479,,,,,
2022,2021-22,Regular Season,19.0,New York Knicks,26.0,37.0,45.0,41.0,41.0,-0.12,0.11,-0.01,110.4,110.5,-0.1,95.9,0.28,0.428,0.55,,0.521,11.7,25.1,0.198,,78.8,,Madison Square Garden (IV),763484.0,18622.0,82.0,7863.8,111.96684878512286,111.96437830867382,-1.5668487851228576,-1.4643783086738154,-0.1024704764490422,,,,,
2022,2021-22,Regular Season,20.0,Chicago Bulls*,26.3,46.0,36.0,40.0,42.0,-0.39,0.02,-0.38,113.2,113.6,-0.4,98.3,0.248,0.332,0.579,,0.541,11.9,20.4,0.199,,78.3,,United Center,856148.0,20882.0,82.0,8060.599999999999,111.96684878512286,111.96437830867382,1.2331512148771395,1.635621691326179,-0.4024704764490394,,,,,
2022,2021-22,Regular Season,21.0,New Orleans Pelicans*,25.6,36.0,46.0,38.0,44.0,-0.99,0.15,-0.84,112.0,113.0,-1.0,97.2,0.264,0.365,0.557,,0.547,13.0,26.9,0.196,,78.2,,Smoothie King Center,635941.0,15511.0,82.0,7970.400000000001,111.96684878512286,111.96437830867382,0.0331512148771366,1.0356216913261846,-1.002470476449048,,,,,
2022,2021-22,Regular Season,22.0,Los Angeles Lakers,30.2,33.0,49.0,33.0,49.0,-3.05,-0.03,-3.08,110.3,113.3,-3.0,100.1,0.259,0.388,0.567,,0.54,12.2,21.1,0.192,,75.8,,Crypto.com Arena,764631.0,18650.0,82.0,8208.199999999999,111.96684878512286,111.96437830867382,-1.6668487851228662,1.3356216913261818,-3.002470476449048,,,,,
2022,2021-22,Regular Season,23.0,Washington Wizards,25.9,35.0,47.0,32.0,50.0,-3.38,0.15,-3.23,111.1,114.5,-3.4,97.0,0.252,0.356,0.568,,0.529,10.7,20.9,0.202,,76.9,,Capital One Arena,637215.0,15542.0,82.0,7954.0,111.96684878512286,111.96437830867382,-0.866848785122869,2.5356216913261846,-3.4024704764490536,,,,,
2022,2021-22,Regular Season,24.0,Indiana Pacers,26.0,25.0,57.0,32.0,50.0,-3.48,0.22,-3.26,112.6,116.1,-3.5,98.0,0.239,0.395,0.564,,0.552,11.9,25.5,0.204,,76.2,,Gainbridge Fieldhouse,588743.0,14360.0,82.0,8036.0,111.96684878512286,111.96437830867382,0.633151214877131,4.135621691326179,-3.502470476449048,,,,,
2022,2021-22,Regular Season,25.0,Sacramento Kings,25.8,30.0,52.0,28.0,54.0,-5.46,0.2,-5.26,109.9,115.3,-5.4,99.8,0.264,0.377,0.561,,0.551,11.9,21.3,0.176,,76.0,,Golden 1 Center,577583.0,14087.0,82.0,8183.599999999999,111.96684878512286,111.96437830867382,-2.0668487851228576,3.335621691326182,-5.402470476449039,,,,,
2022,2021-22,Regular Season,26.0,Detroit Pistons,23.6,23.0,59.0,22.0,60.0,-7.72,0.37,-7.36,106.0,113.8,-7.8,98.4,0.249,0.391,0.533,,0.541,13.1,23.4,0.226,,75.6,,Little Caesars Arena,663556.0,16184.0,82.0,8068.8,111.96684878512286,111.96437830867382,-5.966848785122863,1.8356216913261816,-7.802470476449045,,,,,
2022,2021-22,Regular Season,27.0,Orlando Magic,23.3,22.0,60.0,21.0,61.0,-8.0,0.33,-7.67,104.5,112.5,-8.0,99.2,0.223,0.417,0.538,,0.532,11.7,19.8,0.196,,77.2,,Amway Center,622881.0,15192.0,82.0,8134.400000000001,111.96684878512286,111.96437830867382,-7.466848785122863,0.5356216913261846,-8.002470476449048,,,,,
2022,2021-22,Regular Season,28.0,Oklahoma City Thunder,22.4,24.0,58.0,21.0,61.0,-8.1,0.2,-7.9,104.6,112.8,-8.2,98.6,0.223,0.419,0.53,,0.533,11.8,21.8,0.169,,76.1,,Paycom Center,595112.0,14515.0,82.0,8085.2,111.96684878512286,111.96437830867382,-7.366848785122869,0.8356216913261818,-8.20247047644905,,,,,
2022,2021-22,Regular Season,29.0,Houston Rockets,24.1,20.0,62.0,21.0,61.0,-8.48,0.22,-8.26,108.4,116.7,-8.3,100.9,0.284,0.448,0.565,,0.554,12.3,21.7,0.206,,74.4,,Toyota Center,638977.0,15585.0,82.0,8273.800000000001,111.96684878512286,111.96437830867382,-3.5668487851228576,4.735621691326188,-8.302470476449045,,,,,
2022,2021-22,Regular Season,30.0,Portland Trail Blazers,25.6,27.0,55.0,20.0,62.0,-8.88,0.33,-8.55,107.8,116.9,-9.1,98.3,0.248,0.422,0.55,,0.559,12.7,22.9,0.222,,76.9,,Moda Center,705608.0,17210.0,82.0,8060.599999999999,111.96684878512286,111.96437830867382,-4.166848785122866,4.93562169132619,-9.102470476449056,,,,,
2022,2021-22,Playoffs,1.0,Golden State Warriors,28.2,16.0,6.0,14.0,8.0,,,,115.2,110.0,5.2,97.1,0.23,0.433,0.59,,0.522,12.7,23.6,0.205,,77.5,,,,,22.0,2136.2,111.18900524190396,111.1923213028328,4.010994758096047,-1.1923213028328092,5.203316060928856,0.727,,,,
2022,2021-22,Playoffs,2.0,Miami Heat,28.3,11.0,7.0,11.0,7.0,,,,110.6,106.6,4.0,94.2,0.253,0.408,0.55,,0.52,14.9,23.3,0.251,,79.4,,,,,18.0,1695.6,111.18900524190396,111.1923213028328,-0.589005241903962,-4.592321302832815,4.003316060928853,0.611,,,,
2022,2021-22,Playoffs,3.0,Boston Celtics,26.3,14.0,10.0,15.0,9.0,,,,110.7,107.0,3.7,95.3,0.283,0.448,0.574,,0.501,12.3,21.9,0.181,,76.9,,,,,24.0,2287.2,111.18900524190396,111.1923213028328,-0.4890052419039534,-4.192321302832809,3.703316060928856,0.583,,,,
2022,2021-22,Playoffs,4.0,Memphis Grizzlies,23.9,6.0,6.0,7.0,5.0,,,,110.2,107.8,2.4,102.1,0.297,0.392,0.545,,0.53,15.6,25.8,0.211,,77.7,,,,,12.0,1225.1999999999998,111.18900524190396,111.1923213028328,-0.9890052419039534,-3.392321302832812,2.403316060928858,0.5,,,,
2022,2021-22,Playoffs,5.0,Milwaukee Bucks,29.5,7.0,5.0,7.0,5.0,,,,104.4,102.8,1.6,98.5,0.236,0.367,0.529,,0.499,11.9,21.6,0.168,,83.8,,,,,12.0,1182.0,111.18900524190396,111.1923213028328,-6.789005241903951,-8.392321302832812,1.6033160609288617,0.583,,,,
2022,2021-22,Playoffs,6.0,Dallas Mavericks,27.1,9.0,9.0,9.0,9.0,,,,114.9,114.1,0.8,92.6,0.289,0.513,0.584,,0.539,12.8,15.7,0.214,,74.7,,,,,18.0,1666.8,111.18900524190396,111.1923213028328,3.7109947580960494,2.907678697167185,0.8033160609288643,0.5,,,,
2022,2021-22,Playoffs,7.0,Philadelphia 76ers,27.4,6.0,6.0,6.0,6.0,,,,112.3,112.0,0.3,92.2,0.29,0.426,0.592,,0.512,11.0,20.4,0.207,,75.8,,,,,12.0,1106.4,111.18900524190396,111.1923213028328,1.1109947580960409,0.8076786971671908,0.3033160609288501,0.5,,,,
2022,2021-22,Playoffs,8.0,Phoenix Suns,27.8,7.0,6.0,6.0,7.0,,,,115.6,116.7,-1.1,93.1,0.229,0.328,0.591,,0.539,12.2,24.2,0.237,,73.8,,,,,13.0,1210.3,111.18900524190396,111.1923213028328,4.410994758096038,5.507678697167194,-1.0966839390711556,0.538,,,,
2022,2021-22,Playoffs,9.0,New Orleans Pelicans,25.5,2.0,4.0,3.0,3.0,,,,117.6,119.2,-1.6,93.4,0.342,0.312,0.566,,0.575,10.7,35.0,0.193,,80.3,,,,,6.0,560.4000000000001,111.18900524190396,111.1923213028328,6.410994758096038,8.007678697167194,-1.5966839390711556,0.333,,,,
2022,2021-22,Playoffs,10.0,Brooklyn Nets,29.5,0.0,4.0,1.0,3.0,,,,116.3,121.1,-4.8,93.8,0.33,0.349,0.61,,0.562,12.9,23.0,0.223,,69.9,,,,,4.0,375.2,111.18900524190396,111.1923213028328,5.110994758096041,9.907678697167183,-4.796683939071144,0.0,,,,
2022,2021-22,Playoffs,11.0,Minnesota Timberwolves,24.8,2.0,4.0,2.0,4.0,,,,106.4,111.8,-5.4,102.6,0.341,0.435,0.579,,0.519,13.6,17.1,0.268,,72.5,,,,,6.0,615.5999999999999,111.18900524190396,111.1923213028328,-4.789005241903951,0.6076786971671879,-5.3966839390711385,0.333,,,,
2022,2021-22,Playoffs,12.0,Utah Jazz,29.1,2.0,4.0,2.0,4.0,,,,108.8,115.0,-6.2,91.0,0.335,0.378,0.546,,0.54,8.7,22.8,0.217,,85.5,,,,,6.0,546.0,111.18900524190396,111.1923213028328,-2.389005241903959,3.807678697167191,-6.19668393907115,0.333,,,,
2022,2021-22,Playoffs,13.0,Denver Nuggets,28.1,1.0,4.0,1.0,4.0,,,,113.6,121.8,-8.2,96.9,0.304,0.379,0.586,,0.608,12.2,28.0,0.23,,81.4,,,,,5.0,484.5,111.18900524190396,111.1923213028328,2.410994758096038,10.607678697167188,-8.19668393907115,0.2,,,,
2022,2021-22,Playoffs,14.0,Toronto Raptors,25.3,2.0,4.0,2.0,4.0,,,,111.2,120.2,-9.0,91.2,0.244,0.382,0.542,,0.576,14.0,23.0,0.275,,76.7,,,,,6.0,547.2,111.18900524190396,111.1923213028328,0.0109947580960465,9.007678697167194,-8.996683939071147,0.333,,,,
2022,2021-22,Playoffs,15.0,Atlanta Hawks,25.5,1.0,4.0,1.0,4.0,,,,102.3,114.9,-12.6,95.2,0.281,0.448,0.554,,0.542,12.2,21.3,0.194,,79.0,,,,,5.0,476.0,111.18900524190396,111.1923213028328,-8.88900524190396,3.707678697167197,-12.596683939071156,0.2,,,,
2022,2021-22,Playoffs,16.0,Chicago Bulls,26.4,1.0,4.0,1.0,4.0,,,,94.9,109.4,-14.5,100.3,0.16,0.408,0.493,,0.553,13.9,15.8,0.17,,81.4,,,,,5.0,501.5,111.18900524190396,111.1923213028328,-16.28900524190395,-1.7923213028328036,-14.496683939071149,0.2,,,,
2023,2022-23,Regular Season,1.0,Boston Celtics*,27.4,57.0,25.0,57.0,25.0,6.52,-0.15,6.38,118.0,111.5,6.5,98.5,0.243,0.48,0.6,,0.528,11.3,22.1,0.18,,78.5,,TD Garden,785396.0,19156.0,82.0,8077.0,114.79613380400065,114.80065221045552,3.2038661959993533,-3.3006522104555103,6.504518406454864,,,,,
2023,2022-23,Regular Season,2.0,Cleveland Cavaliers*,25.4,51.0,31.0,55.0,27.0,5.38,-0.15,5.23,116.1,110.6,5.5,95.7,0.264,0.371,0.59,,0.535,14.4,23.6,0.21,,76.3,,Rocket Mortgage Fieldhouse,777280.0,18958.0,82.0,7847.400000000001,114.79613380400065,114.80065221045552,1.3038661959993476,-4.200652210455516,5.504518406454864,,,,,
2023,2022-23,Regular Season,3.0,Philadelphia 76ers*,28.2,54.0,28.0,52.0,30.0,4.32,0.06,4.37,117.7,113.3,4.4,96.9,0.3,0.389,0.608,,0.541,13.0,21.6,0.217,,77.2,,Wells Fargo Center,839261.0,20470.0,82.0,7945.8,114.79613380400065,114.80065221045552,2.903866195999356,-1.5006522104555131,4.404518406454869,,,,,
2023,2022-23,Regular Season,4.0,Memphis Grizzlies*,24.4,51.0,31.0,51.0,31.0,3.94,-0.34,3.6,115.1,111.2,3.9,101.1,0.259,0.372,0.57,,0.526,13.1,26.5,0.206,,75.9,,FedEx Forum,707836.0,17264.0,82.0,8290.199999999999,114.79613380400065,114.80065221045552,0.3038661959993476,-3.6006522104555074,3.904518406454855,,,,,
2023,2022-23,Regular Season,5.0,Milwaukee Bucks*,29.8,58.0,24.0,50.0,32.0,3.63,-0.02,3.61,115.4,111.9,3.5,100.5,0.248,0.446,0.583,,0.52,10.4,25.0,0.175,,77.8,,Fiserv Forum,718786.0,17531.0,82.0,8241.0,114.79613380400065,114.80065221045552,0.603866195999359,-2.9006522104555046,3.504518406454864,,,,,
2023,2022-23,Regular Season,6.0,Denver Nuggets*,26.6,53.0,29.0,49.0,33.0,3.33,-0.29,3.04,117.6,114.2,3.4,98.1,0.259,0.361,0.601,,0.543,12.2,24.8,0.201,,76.4,,Ball Arena,788635.0,19235.0,82.0,8044.2,114.79613380400065,114.80065221045552,2.803866195999348,-0.6006522104555074,3.404518406454855,,,,,
2023,2022-23,Regular Season,7.0,New York Knicks*,24.5,47.0,35.0,48.0,34.0,2.93,0.06,2.99,117.8,114.8,3.0,97.1,0.285,0.4,0.577,,0.536,11.4,28.3,0.21,,77.1,,Madison Square Garden (IV),795110.0,19393.0,82.0,7962.2,114.79613380400065,114.80065221045552,3.0038661959993505,-0.0006522104555131,3.004518406454864,,,,,
2023,2022-23,Regular Season,8.0,Sacramento Kings*,25.4,48.0,34.0,47.0,35.0,2.65,-0.35,2.3,119.4,116.8,2.6,100.3,0.284,0.423,0.608,,0.563,12.6,22.7,0.203,,77.2,,Golden 1 Center,715491.0,17451.0,82.0,8224.6,114.79613380400065,114.80065221045552,4.603866195999359,1.9993477895444869,2.604518406454872,,,,,
2023,2022-23,Regular Season,9.0,Phoenix Suns*,28.1,45.0,37.0,46.0,36.0,2.07,0.01,2.08,115.1,113.0,2.1,98.2,0.241,0.362,0.57,,0.532,12.9,26.6,0.234,,76.0,,Footprint Center,699911.0,17071.0,82.0,8052.400000000001,114.79613380400065,114.80065221045552,0.3038661959993476,-1.8006522104555105,2.104518406454858,,,,,
2023,2022-23,Regular Season,10.0,New Orleans Pelicans,25.9,42.0,40.0,46.0,36.0,1.89,-0.26,1.63,114.4,112.5,1.9,99.1,0.279,0.344,0.582,,0.543,13.4,24.7,0.212,,77.4,,Smoothie King Center,687691.0,16773.0,82.0,8126.2,114.79613380400065,114.80065221045552,-0.396133804000641,-2.3006522104555103,1.9045184064548693,,,,,
2023,2022-23,Regular Season,11.0,Golden State Warriors*,27.3,44.0,38.0,45.0,37.0,1.8,-0.15,1.66,116.1,114.4,1.7,101.6,0.224,0.479,0.6,,0.54,12.3,24.4,0.214,,76.0,,Chase Center,740624.0,18064.0,82.0,8331.199999999999,114.79613380400065,114.80065221045552,1.3038661959993476,-0.4006522104555046,1.7045184064548522,,,,,
2023,2022-23,Regular Season,12.0,Toronto Raptors,25.8,41.0,41.0,45.0,37.0,1.48,0.12,1.59,115.5,114.0,1.5,97.1,0.257,0.351,0.555,,0.565,15.3,27.8,0.223,,76.7,,Scotiabank Arena,811261.0,19787.0,82.0,7962.2,114.79613380400065,114.80065221045552,0.7038661959993533,-0.8006522104555103,1.5045184064548636,,,,,
2023,2022-23,Regular Season,13.0,Chicago Bulls,27.5,40.0,42.0,44.0,38.0,1.29,0.07,1.37,113.5,112.2,1.3,98.5,0.251,0.333,0.587,,0.544,13.5,20.1,0.197,,77.8,,United Center,841632.0,20528.0,82.0,8077.0,114.79613380400065,114.80065221045552,-1.2961338040006467,-2.6006522104555074,1.3045184064548607,,,,,
2023,2022-23,Regular Season,14.0,Oklahoma City Thunder,22.8,40.0,42.0,44.0,38.0,1.09,-0.12,0.96,115.2,114.2,1.0,101.1,0.256,0.369,0.57,,0.547,14.4,24.7,0.222,,72.9,,Paycom Center,636903.0,15534.0,82.0,8290.199999999999,114.79613380400065,114.80065221045552,0.4038661959993561,-0.6006522104555074,1.0045184064548636,,,,,
2023,2022-23,Regular Season,15.0,Brooklyn Nets*,28.0,45.0,37.0,43.0,39.0,0.85,0.18,1.03,115.0,114.1,0.9,98.3,0.26,0.397,0.598,,0.53,12.2,19.6,0.212,,73.7,,Barclays Center,724439.0,17669.0,82.0,8060.599999999999,114.79613380400065,114.80065221045552,0.2038661959993533,-0.700652210455516,0.9045184064548693,,,,,
2023,2022-23,Regular Season,16.0,Los Angeles Lakers*,27.9,43.0,39.0,42.0,40.0,0.57,-0.15,0.43,114.5,113.9,0.6,101.3,0.299,0.351,0.582,,0.535,10.9,22.8,0.171,,76.3,,Crypto.com Arena,763168.0,18614.0,82.0,8306.6,114.79613380400065,114.80065221045552,-0.2961338040006467,-0.9006522104555046,0.6045184064548579,,,,,
2023,2022-23,Regular Season,17.0,Los Angeles Clippers*,29.7,44.0,38.0,42.0,40.0,0.5,-0.19,0.31,115.0,114.5,0.5,98.0,0.278,0.387,0.588,,0.543,11.7,22.9,0.195,,76.6,,Crypto.com Arena,720543.0,17574.0,82.0,8036.0,114.79613380400065,114.80065221045552,0.2038661959993533,-0.3006522104555102,0.5045184064548636,,,,,
2023,2022-23,Regular Season,18.0,Atlanta Hawks*,24.9,41.0,41.0,42.0,40.0,0.29,0.02,0.32,116.6,116.3,0.3,100.7,0.244,0.331,0.579,,0.552,12.4,25.1,0.206,,75.8,,State Farm Arena,719787.0,17556.0,82.0,8257.4,114.79613380400065,114.80065221045552,1.803866195999348,1.4993477895444869,0.3045184064548607,,,,,
2023,2022-23,Regular Season,19.0,Dallas Mavericks,27.8,38.0,44.0,41.0,41.0,0.07,-0.22,-0.14,116.8,116.7,0.1,96.6,0.298,0.487,0.599,,0.549,11.9,18.0,0.226,,75.5,,American Airlines Center,827282.0,20178.0,82.0,7921.2,114.79613380400065,114.80065221045552,2.0038661959993505,1.8993477895444928,0.1045184064548578,,,,,
2023,2022-23,Regular Season,20.0,Minnesota Timberwolves*,25.8,42.0,40.0,41.0,41.0,-0.04,-0.18,-0.22,113.7,113.8,-0.1,101.0,0.271,0.381,0.592,,0.54,13.3,21.5,0.225,,74.3,,Target Center,687510.0,16769.0,82.0,8282.0,114.79613380400065,114.80065221045552,-1.096133804000644,-1.0006522104555131,-0.0954815935451307,,,,,
2023,2022-23,Regular Season,21.0,Miami Heat*,27.7,44.0,38.0,40.0,42.0,-0.32,0.18,-0.13,113.0,113.3,-0.3,96.3,0.27,0.408,0.574,,0.561,14.5,22.8,0.198,,77.7,,Kaseya Center,807190.0,19688.0,82.0,7896.599999999999,114.79613380400065,114.80065221045552,-1.7961338040006467,-1.5006522104555131,-0.2954815935451336,,,,,
2023,2022-23,Regular Season,22.0,Utah Jazz,26.5,37.0,45.0,39.0,43.0,-0.94,-0.09,-1.03,115.8,116.7,-0.9,100.5,0.265,0.421,0.584,,0.541,10.9,26.8,0.205,,75.2,,Vivint Arena,728240.0,17762.0,82.0,8241.0,114.79613380400065,114.80065221045552,1.0038661959993505,1.8993477895444928,-0.8954815935451421,,,,,
2023,2022-23,Regular Season,23.0,Washington Wizards,26.2,35.0,47.0,38.0,44.0,-1.21,0.15,-1.06,114.4,115.6,-1.2,98.6,0.258,0.365,0.585,,0.54,11.0,22.6,0.194,,76.1,,Capital One Arena,710481.0,17329.0,82.0,8085.2,114.79613380400065,114.80065221045552,-0.396133804000641,0.799347789544484,-1.195481593545125,,,,,
2023,2022-23,Regular Season,24.0,Orlando Magic,23.1,34.0,48.0,35.0,47.0,-2.56,0.17,-2.39,111.6,114.2,-2.6,99.3,0.29,0.361,0.573,,0.55,13.1,23.8,0.211,,77.7,,Amway Center,728405.0,17766.0,82.0,8142.599999999999,114.79613380400065,114.80065221045552,-3.1961338040006524,-0.6006522104555074,-2.595481593545145,,,,,
2023,2022-23,Regular Season,25.0,Indiana Pacers,24.5,35.0,47.0,33.0,49.0,-3.18,0.28,-2.91,114.6,117.7,-3.1,101.1,0.265,0.413,0.581,,0.554,13.0,23.4,0.229,,72.2,,Gainbridge Fieldhouse,641562.0,15648.0,82.0,8290.199999999999,114.79613380400065,114.80065221045552,-0.1961338040006524,2.899347789544493,-3.095481593545145,,,,,
2023,2022-23,Regular Season,26.0,Portland Trail Blazers,25.1,33.0,49.0,31.0,51.0,-4.01,0.05,-3.96,114.8,118.8,-4.0,98.6,0.289,0.413,0.589,,0.563,12.1,22.4,0.217,,74.9,,Moda Center,767374.0,18716.0,82.0,8085.2,114.79613380400065,114.80065221045552,0.0038661959993504,3.999347789544487,-3.995481593545136,,,,,
2023,2022-23,Regular Season,27.0,Charlotte Hornets,25.3,27.0,55.0,26.0,56.0,-6.24,0.35,-5.89,109.2,115.3,-6.1,100.8,0.261,0.36,0.55,,0.544,12.5,23.8,0.211,,75.5,,Spectrum Center,702052.0,17123.0,82.0,8265.6,114.79613380400065,114.80065221045552,-5.596133804000644,0.4993477895444869,-6.095481593545131,,,,,
2023,2022-23,Regular Season,28.0,Houston Rockets,22.1,22.0,60.0,23.0,59.0,-7.85,0.24,-7.62,111.4,119.3,-7.9,99.0,0.285,0.359,0.554,,0.564,11.8,30.2,0.218,,75.8,,Toyota Center,668865.0,16314.0,82.0,8118.0,114.79613380400065,114.80065221045552,-3.396133804000641,4.499347789544487,-7.895481593545128,,,,,
2023,2022-23,Regular Season,29.0,Detroit Pistons,24.1,17.0,65.0,22.0,60.0,-8.22,0.49,-7.73,110.7,118.9,-8.2,99.0,0.295,0.372,0.561,,0.557,11.9,24.9,0.231,,74.0,,Little Caesars Arena,759715.0,18596.0,82.0,8118.0,114.79613380400065,114.80065221045552,-4.096133804000644,4.099347789544495,-8.19548159354514,,,,,
2023,2022-23,Regular Season,30.0,San Antonio Spurs,23.9,22.0,60.0,19.0,63.0,-10.04,0.22,-9.82,110.2,120.0,-9.8,101.6,0.229,0.348,0.554,,0.576,12.0,25.6,0.201,,74.9,,AT&T Center,694434.0,15508.0,82.0,8331.199999999999,114.79613380400065,114.80065221045552,-4.596133804000644,5.19934778954449,-9.795481593545134,,,,,
2023,2022-23,Playoffs,1.0,Denver Nuggets,26.8,16.0,4.0,15.0,5.0,,,,119.5,110.8,8.7,94.4,0.257,0.349,0.593,,0.515,10.4,25.2,0.198,,80.7,,,,,20.0,1888.0,113.48962323186636,113.49216847688028,6.010376768133625,-2.692168476880269,8.702545245013894,0.8,,,,
2023,2022-23,Playoffs,2.0,Boston Celtics,27.7,11.0,9.0,12.0,8.0,,,,117.2,113.7,3.5,95.0,0.234,0.452,0.594,,0.527,11.4,23.0,0.185,,77.5,,,,,20.0,1900.0,113.48962323186636,113.49216847688028,3.710376768133628,0.2078315231197365,3.5025452450138914,0.55,,,,
2023,2022-23,Playoffs,3.0,Los Angeles Lakers,27.8,8.0,8.0,9.0,7.0,,,,113.7,111.3,2.4,98.1,0.285,0.347,0.573,,0.513,11.4,21.1,0.148,,74.0,,,,,16.0,1569.6,113.48962323186636,113.49216847688028,0.2103767681336279,-2.192168476880269,2.402545245013897,0.5,,,,
2023,2022-23,Playoffs,4.0,Miami Heat,29.0,13.0,10.0,13.0,10.0,,,,114.1,112.5,1.6,94.5,0.228,0.388,0.567,,0.534,12.6,21.5,0.213,,74.9,,,,,23.0,2173.5,113.48962323186636,113.49216847688028,0.6103767681336194,-0.9921684768802664,1.6025452450138855,0.565,,,,
2023,2022-23,Playoffs,5.0,New York Knicks,24.7,6.0,5.0,6.0,5.0,,,,108.9,108.5,0.4,91.9,0.329,0.402,0.537,,0.502,12.2,30.8,0.206,,76.8,,,,,11.0,1010.9,113.48962323186636,113.49216847688028,-4.589623231866369,-4.992168476880266,0.4025452450138971,0.545,,,,
2023,2022-23,Playoffs,6.0,Golden State Warriors,28.6,6.0,7.0,6.0,7.0,,,,111.9,112.1,-0.2,101.0,0.21,0.454,0.553,,0.511,11.0,26.6,0.222,,75.3,,,,,13.0,1313.0,113.48962323186636,113.49216847688028,-1.5896232318663692,-1.392168476880272,-0.1974547549860972,0.462,,,,
2023,2022-23,Playoffs,7.0,Philadelphia 76ers,28.3,7.0,4.0,5.0,6.0,,,,111.2,112.8,-1.6,91.4,0.227,0.404,0.555,,0.54,11.4,23.5,0.197,,81.4,,,,,11.0,1005.4,113.48962323186636,113.49216847688028,-2.289623231866372,-0.6921684768802692,-1.597454754986103,0.636,,,,
2023,2022-23,Playoffs,8.0,Sacramento Kings,25.3,3.0,4.0,3.0,4.0,,,,110.7,112.8,-2.1,102.7,0.269,0.416,0.532,,0.527,12.3,28.9,0.205,,73.8,,,,,7.0,718.9,113.48962323186636,113.49216847688028,-2.789623231866372,-0.6921684768802692,-2.097454754986103,0.429,,,,
2023,2022-23,Playoffs,9.0,Phoenix Suns,29.1,6.0,5.0,5.0,6.0,,,,117.0,119.4,-2.4,97.6,0.269,0.297,0.588,,0.543,11.1,22.9,0.231,,73.4,,,,,11.0,1073.6,113.48962323186636,113.49216847688028,3.510376768133625,5.907831523119739,-2.3974547549861143,0.545,,,,
2023,2022-23,Playoffs,10.0,Milwaukee Bucks,30.8,1.0,4.0,2.0,3.0,,,,114.0,118.9,-4.9,102.1,0.231,0.445,0.582,,0.605,13.0,22.5,0.171,,82.2,,,,,5.0,510.5,113.48962323186636,113.49216847688028,0.5103767681336251,5.407831523119739,-4.897454754986114,0.2,,,,
2023,2022-23,Playoffs,11.0,Atlanta Hawks,25.2,2.0,4.0,2.0,4.0,,,,115.0,120.3,-5.3,100.7,0.176,0.388,0.558,,0.6,11.6,25.1,0.144,,78.5,,,,,6.0,604.2,113.48962323186636,113.49216847688028,1.510376768133625,6.807831523119731,-5.297454754986106,0.333,,,,
2023,2022-23,Playoffs,12.0,Cleveland Cavaliers,25.0,1.0,4.0,2.0,3.0,,,,103.4,109.3,-5.9,91.1,0.237,0.39,0.544,,0.48,13.8,23.2,0.229,,65.1,,,,,5.0,455.5,113.48962323186636,113.49216847688028,-10.08962323186637,-4.192168476880269,-5.8974547549861,0.2,,,,
2023,2022-23,Playoffs,13.0,Los Angeles Clippers,30.2,1.0,4.0,2.0,3.0,,,,117.1,123.6,-6.5,98.7,0.298,0.381,0.577,,0.57,10.9,26.8,0.268,,72.7,,,,,5.0,493.5,113.48962323186636,113.49216847688028,3.6103767681336194,10.107831523119728,-6.497454754986109,0.2,,,,
2023,2022-23,Playoffs,14.0,Memphis Grizzlies,24.1,2.0,4.0,2.0,4.0,,,,104.0,111.4,-7.4,99.0,0.201,0.404,0.504,,0.523,12.9,25.6,0.191,,74.6,,,,,6.0,594.0,113.48962323186636,113.49216847688028,-9.489623231866377,-2.0921684768802606,-7.397454754986114,0.333,,,,
2023,2022-23,Playoffs,15.0,Minnesota Timberwolves,27.4,1.0,4.0,1.0,4.0,,,,109.7,118.9,-9.2,94.1,0.293,0.39,0.565,,0.552,11.0,19.5,0.196,,75.1,,,,,5.0,470.5,113.48962323186636,113.49216847688028,-3.789623231866372,5.407831523119739,-9.197454754986111,0.2,,,,
2023,2022-23,Playoffs,16.0,Brooklyn Nets,27.3,0.0,4.0,1.0,3.0,,,,103.1,115.6,-12.5,89.7,0.236,0.447,0.542,,0.529,12.6,14.0,0.155,,68.8,,,,,4.0,358.8,113.48962323186636,113.49216847688028,-10.38962323186638,2.107831523119728,-12.497454754986109,0.0,,,,
2023,2022-23,Playoffs,17.0,Chicago Bulls,,0.0,0.0,,,,,,,,,,,,,,,,,,,,,,,,0.0,,113.48962323186636,113.49216847688028,,,,,,,,
2023,2022-23,Playoffs,18.0,New Orleans Pelicans,,0.0,0.0,,,,,,,,,,,,,,,,,,,,,,,,0.0,,113.48962323186636,113.49216847688028,,,,,,,,
2023,2022-23,Playoffs,19.0,Oklahoma City Thunder,,0.0,0.0,,,,,,,,,,,,,,,,,,,,,,,,0.0,,113.48962323186636,113.49216847688028,,,,,,,,
2023,2022-23,Playoffs,20.0,Toronto Raptors,,0.0,0.0,,,,,,,,,,,,,,,,,,,,,,,,0.0,,113.48962323186636,113.49216847688028,,,,,,,,
2024,2023-24,Regular Season,1.0,Boston Celtics*,28.2,64.0,18.0,66.0,16.0,11.34,-0.6,10.75,123.2,111.6,11.6,97.2,0.224,0.471,0.609,,0.523,10.8,24.9,0.145,,76.3,,TD Garden,785396.0,19156.0,82.0,7970.400000000001,115.27990796508088,115.28265886174462,7.920092034919136,-3.682658861744628,11.602750896663764,,,,,
2024,2023-24,Regular Season,2.0,Oklahoma City Thunder*,23.4,57.0,25.0,58.0,24.0,7.41,-0.05,7.36,119.5,112.1,7.4,99.8,0.24,0.383,0.608,,0.53,13.6,21.1,0.202,,73.8,,Paycom Center,715509.0,17451.0,82.0,8183.599999999999,115.27990796508088,115.28265886174462,4.2200920349191335,-3.182658861744628,7.402750896663761,,,,,
2024,2023-24,Regular Season,3.0,Minnesota Timberwolves*,27.2,56.0,26.0,57.0,25.0,6.45,-0.07,6.39,115.6,109.0,6.6,97.1,0.27,0.384,0.594,,0.515,12.9,23.2,0.197,,76.9,,Target Center,738984.0,18024.0,82.0,7962.2,115.27990796508088,115.28265886174462,0.3200920349191278,-6.282658861744622,6.60275089666375,,,,,
2024,2023-24,Regular Season,4.0,Denver Nuggets*,27.1,57.0,25.0,54.0,28.0,5.26,-0.03,5.23,118.5,113.0,5.5,96.8,0.224,0.352,0.589,,0.526,11.2,25.5,0.195,,75.6,,Ball Arena,807062.0,19684.0,82.0,7937.599999999999,115.27990796508088,115.28265886174462,3.220092034919133,-2.282658861744622,5.502750896663756,,,,,
2024,2023-24,Regular Season,5.0,New York Knicks*,26.4,50.0,32.0,53.0,29.0,4.59,-0.23,4.36,118.2,113.4,4.8,95.2,0.246,0.404,0.574,,0.543,12.3,29.4,0.176,,76.1,,Madison Square Garden (IV),808885.0,19729.0,82.0,7806.400000000001,115.27990796508088,115.28265886174462,2.9200920349191364,-1.8826588617446165,4.802750896663753,,,,,
2024,2023-24,Regular Season,6.0,New Orleans Pelicans*,26.0,49.0,33.0,52.0,30.0,4.41,0.05,4.46,117.4,112.9,4.5,97.9,0.261,0.373,0.591,,0.541,12.9,24.4,0.186,,76.9,,Smoothie King Center,692054.0,17301.0,82.0,8027.8,115.27990796508088,115.28265886174462,2.1200920349191392,-2.3826588617446163,4.502750896663756,,,,,
2024,2023-24,Regular Season,7.0,Los Angeles Clippers*,30.4,51.0,31.0,49.0,33.0,3.28,0.13,3.41,118.8,115.4,3.4,97.2,0.256,0.383,0.599,,0.541,11.7,24.4,0.183,,74.8,,Crypto.com Arena,776782.0,18946.0,82.0,7970.400000000001,115.27990796508088,115.28265886174462,3.5200920349191307,0.1173411382553837,3.402750896663747,,,,,
2024,2023-24,Regular Season,8.0,Philadelphia 76ers*,28.4,47.0,35.0,49.0,33.0,3.05,-0.54,2.51,116.9,113.8,3.1,97.5,0.264,0.373,0.574,,0.537,13.1,24.8,0.215,,74.3,,Wells Fargo Center,821714.0,20042.0,82.0,7995.0,115.27990796508088,115.28265886174462,1.6200920349191392,-1.4826588617446248,3.102750896663764,,,,,
2024,2023-24,Regular Season,9.0,Phoenix Suns*,29.3,49.0,33.0,49.0,33.0,3.06,0.02,3.08,117.6,114.6,3.0,98.3,0.271,0.378,0.603,,0.536,11.3,25.0,0.178,,75.6,,Footprint Center,699911.0,17071.0,82.0,8060.599999999999,115.27990796508088,115.28265886174462,2.320092034919128,-0.6826588617446276,3.0027508966637555,,,,,
2024,2023-24,Regular Season,10.0,Indiana Pacers*,25.3,47.0,35.0,48.0,34.0,3.05,-0.3,2.75,121.0,118.0,3.0,101.7,0.222,0.38,0.606,,0.556,12.1,23.8,0.228,,74.1,,Gainbridge Fieldhouse,677554.0,16526.0,82.0,8339.4,115.27990796508088,115.28265886174462,5.7200920349191335,2.717341138255378,3.0027508966637555,,,,,
2024,2023-24,Regular Season,11.0,Golden State Warriors,28.4,46.0,36.0,47.0,35.0,2.61,0.16,2.77,117.8,115.2,2.6,99.2,0.219,0.425,0.586,,0.539,11.5,27.5,0.195,,76.1,,Chase Center,740624.0,18064.0,82.0,8134.400000000001,115.27990796508088,115.28265886174462,2.5200920349191307,-0.0826588617446191,2.60275089666375,,,,,
2024,2023-24,Regular Season,12.0,Milwaukee Bucks*,30.2,49.0,33.0,47.0,35.0,2.62,-0.18,2.44,118.4,115.8,2.6,99.9,0.27,0.43,0.601,,0.539,10.6,21.8,0.189,,77.2,,Fiserv Forum,740850.0,17659.0,82.0,8191.8,115.27990796508088,115.28265886174462,3.1200920349191392,0.5173411382553752,2.602750896663764,,,,,
2024,2023-24,Regular Season,13.0,Cleveland Cavaliers*,26.2,48.0,34.0,47.0,35.0,2.41,-0.44,1.98,115.2,112.7,2.5,97.2,0.234,0.422,0.586,,0.535,12.3,23.2,0.19,,76.9,,Rocket Mortgage Fieldhouse,793167.0,19432.0,82.0,7970.400000000001,115.27990796508088,115.28265886174462,-0.0799079650808636,-2.582658861744619,2.5027508966637555,,,,,
2024,2023-24,Regular Season,14.0,Dallas Mavericks*,26.5,50.0,32.0,46.0,36.0,2.21,0.09,2.3,117.6,115.4,2.2,100.1,0.251,0.441,0.592,,0.548,12.1,22.2,0.184,,75.2,,American Airlines Center,828897.0,20217.0,82.0,8208.199999999999,115.27990796508088,115.28265886174462,2.320092034919128,0.1173411382553837,2.202750896663744,,,,,
2024,2023-24,Regular Season,15.0,Orlando Magic*,24.0,47.0,35.0,46.0,36.0,2.02,-0.55,1.48,113.4,111.3,2.1,96.9,0.287,0.369,0.577,,0.543,13.8,25.3,0.206,,78.1,,Kia Center,773939.0,18849.0,82.0,7945.8,115.27990796508088,115.28265886174462,-1.8799079650808608,-3.982658861744625,2.102750896663764,,,,,
2024,2023-24,Regular Season,16.0,Miami Heat*,28.0,46.0,36.0,46.0,36.0,1.76,-0.66,1.1,114.0,112.2,1.8,96.2,0.257,0.394,0.578,,0.543,12.7,21.8,0.174,,78.1,,Kaseya Center,809743.0,19750.0,82.0,7888.400000000001,115.27990796508088,115.28265886174462,-1.2799079650808665,-3.082658861744619,1.8027508966637529,,,,,
2024,2023-24,Regular Season,17.0,Sacramento Kings,26.4,46.0,36.0,45.0,37.0,1.74,0.55,2.29,116.9,115.2,1.7,98.8,0.229,0.432,0.582,,0.555,12.5,24.5,0.213,,78.4,,Golden 1 Center,735015.0,17927.0,82.0,8101.599999999999,115.27990796508088,115.28265886174462,1.6200920349191392,-0.0826588617446191,1.7027508966637583,,,,,
2024,2023-24,Regular Season,18.0,Houston Rockets,25.1,41.0,41.0,44.0,38.0,1.12,0.12,1.24,114.5,113.4,1.1,99.0,0.257,0.397,0.565,,0.533,12.2,25.1,0.219,,76.0,,Toyota Center,720045.0,17562.0,82.0,8118.0,115.27990796508088,115.28265886174462,-0.7799079650808665,-1.8826588617446165,1.1027508966637498,,,,,
2024,2023-24,Regular Season,19.0,Los Angeles Lakers*,28.0,47.0,35.0,42.0,40.0,0.6,0.48,1.07,115.9,115.3,0.6,100.9,0.276,0.358,0.601,,0.55,11.7,19.9,0.153,,76.2,,Crypto.com Arena,793945.0,18925.0,82.0,8273.800000000001,115.27990796508088,115.28265886174462,0.6200920349191392,0.0173411382553752,0.602750896663764,,,,,
2024,2023-24,Regular Season,20.0,Chicago Bulls,28.1,39.0,43.0,37.0,45.0,-1.44,-0.33,-1.77,114.9,116.3,-1.4,96.3,0.236,0.358,0.568,,0.556,12.7,25.1,0.195,,76.4,,United Center,845620.0,20625.0,82.0,7896.599999999999,115.27990796508088,115.28265886174462,-0.3799079650808608,1.0173411382553752,-1.397249103336236,,,,,
2024,2023-24,Regular Season,21.0,Atlanta Hawks,26.2,36.0,46.0,36.0,46.0,-2.18,-0.19,-2.38,117.2,119.4,-2.2,100.1,0.251,0.408,0.576,,0.572,12.4,27.1,0.192,,75.2,,State Farm Arena,696418.0,16986.0,82.0,8208.199999999999,115.27990796508088,115.28265886174462,1.9200920349191364,4.117341138255384,-2.197249103336248,,,,,
2024,2023-24,Regular Season,22.0,Brooklyn Nets,26.1,32.0,50.0,34.0,48.0,-2.89,-0.13,-3.02,113.2,116.1,-2.9,96.9,0.234,0.412,0.561,,0.543,11.4,25.2,0.193,,76.0,,Barclays Center,720291.0,17568.0,82.0,7945.8,115.27990796508088,115.28265886174462,-2.079907965080864,0.8173411382553724,-2.897249103336236,,,,,
2024,2023-24,Regular Season,23.0,Utah Jazz,25.1,31.0,51.0,29.0,53.0,-4.89,0.68,-4.22,115.5,120.4,-4.9,99.5,0.251,0.406,0.579,,0.567,10.9,28.1,0.182,,75.2,,Delta Center,746446.0,18206.0,82.0,8159.0,115.27990796508088,115.28265886174462,0.2200920349191335,5.117341138255384,-4.89724910333625,,,,,
2024,2023-24,Regular Season,24.0,San Antonio Spurs,23.0,22.0,60.0,26.0,56.0,-6.49,0.69,-5.8,110.0,116.4,-6.4,101.1,0.22,0.401,0.563,,0.555,11.7,22.9,0.174,,76.4,,Frost Bank Center,742522.0,18211.0,82.0,8290.199999999999,115.27990796508088,115.28265886174462,-5.2799079650808665,1.1173411382553835,-6.39724910333625,,,,,
2024,2023-24,Regular Season,25.0,Toronto Raptors,25.9,25.0,57.0,26.0,56.0,-6.44,-0.01,-6.45,112.3,118.8,-6.5,99.4,0.241,0.369,0.566,,0.566,12.2,24.2,0.172,,73.9,,Scotiabank Arena,800129.0,19515.0,82.0,8150.8,115.27990796508088,115.28265886174462,-2.9799079650808693,3.517341138255375,-6.4972491033362445,,,,,
2024,2023-24,Regular Season,26.0,Memphis Grizzlies,24.4,27.0,55.0,24.0,58.0,-7.0,0.43,-6.57,107.2,114.3,-7.1,98.2,0.238,0.428,0.543,,0.551,13.5,23.8,0.195,,74.8,,FedEx Forum,681875.0,16631.0,82.0,8052.400000000001,115.27990796508088,115.28265886174462,-8.079907965080864,-0.9826588617446248,-7.097249103336239,,,,,
2024,2023-24,Regular Season,27.0,Detroit Pistons,23.8,14.0,68.0,20.0,62.0,-9.11,0.05,-9.06,109.7,118.8,-9.1,99.8,0.246,0.36,0.562,,0.558,11.1,23.9,0.221,,77.3,,Little Caesars Arena,726378.0,18159.0,82.0,8183.599999999999,115.27990796508088,115.28265886174462,-5.579907965080864,3.517341138255375,-9.09724910333624,,,,,
2024,2023-24,Regular Season,28.0,Washington Wizards,24.9,15.0,67.0,20.0,62.0,-9.29,0.0,-9.29,110.5,119.6,-9.1,102.7,0.221,0.389,0.567,,0.562,12.0,20.0,0.201,,72.5,,Capital One Arena,692851.0,16899.0,82.0,8421.4,115.27990796508088,115.28265886174462,-4.7799079650808665,4.317341138255372,-9.09724910333624,,,,,
2024,2023-24,Regular Season,29.0,Portland Trail Blazers,24.1,21.0,61.0,20.0,62.0,-9.02,0.74,-8.29,108.3,117.5,-9.2,97.2,0.228,0.37,0.539,,0.558,12.8,27.5,0.216,,74.0,,Moda Center,751395.0,18327.0,82.0,7970.400000000001,115.27990796508088,115.28265886174462,-6.979907965080869,2.217341138255378,-9.197249103336247,,,,,
2024,2023-24,Regular Season,30.0,Charlotte Hornets,25.1,21.0,61.0,18.0,64.0,-10.24,0.13,-10.12,109.3,119.8,-10.5,97.3,0.212,0.391,0.56,,0.572,12.3,21.1,0.188,,74.5,,Spectrum Center,674400.0,16449.0,82.0,7978.599999999999,115.27990796508088,115.28265886174462,-5.979907965080869,4.517341138255375,-10.497249103336245,,,,,
2024,2023-24,Playoffs,1.0,Boston Celtics,29.0,16.0,3.0,14.0,5.0,,,,117.7,109.0,8.7,91.9,0.23,0.48,0.589,,0.528,11.3,23.7,0.125,,80.6,,,,,19.0,1746.1,113.53621956035278,113.55013360537052,4.163780439647226,-4.550133605370533,8.71391404501776,0.842,,,,
2024,2023-24,Playoffs,2.0,Oklahoma City Thunder,23.0,6.0,4.0,7.0,3.0,,,,112.0,105.4,6.6,94.3,0.216,0.396,0.563,,0.501,14.4,20.8,0.17,,72.9,,,,,10.0,943.0,113.53621956035278,113.55013360537052,-1.5362195603527766,-8.150133605370527,6.613914045017751,0.6,,,,
2024,2023-24,Playoffs,3.0,Orlando Magic,24.1,3.0,4.0,5.0,2.0,,,,106.0,101.3,4.7,94.6,0.299,0.396,0.527,,0.493,14.0,26.7,0.195,,80.2,,,,,7.0,662.1999999999999,113.53621956035278,113.55013360537052,-7.536219560352777,-12.250133605370536,4.713914045017759,0.429,,,,
2024,2023-24,Playoffs,4.0,Minnesota Timberwolves,27.0,9.0,7.0,10.0,6.0,,,,117.0,112.5,4.5,91.8,0.285,0.393,0.576,,0.538,12.8,26.3,0.222,,78.4,,,,,16.0,1468.8,113.53621956035278,113.55013360537052,3.463780439647224,-1.050133605370533,4.513914045017756,0.563,,,,
2024,2023-24,Playoffs,5.0,Dallas Mavericks,25.8,13.0,9.0,13.0,9.0,,,,114.7,111.9,2.8,92.4,0.273,0.398,0.569,,0.515,11.1,26.1,0.191,,76.3,,,,,22.0,2032.8,113.53621956035278,113.55013360537052,1.1637804396472262,-1.6501336053705271,2.8139140450177536,0.591,,,,
2024,2023-24,Playoffs,6.0,Indiana Pacers,25.5,8.0,9.0,9.0,8.0,,,,120.1,119.0,1.1,93.7,0.184,0.372,0.596,,0.542,10.5,25.4,0.21,,73.5,,,,,17.0,1592.9,113.53621956035278,113.55013360537052,6.563780439647218,5.449866394629467,1.1139140450177507,0.471,,,,
2024,2023-24,Playoffs,7.0,Philadelphia 76ers,29.6,2.0,4.0,3.0,3.0,,,,116.9,117.1,-0.2,90.9,0.296,0.428,0.574,,0.507,9.8,25.6,0.196,,67.8,,,,,6.0,545.4000000000001,113.53621956035278,113.55013360537052,3.363780439647229,3.5498663946294613,-0.1860859549822322,0.333,,,,
2024,2023-24,Playoffs,8.0,Denver Nuggets,27.3,7.0,5.0,5.0,7.0,,,,110.6,112.8,-2.2,92.4,0.196,0.371,0.552,,0.541,11.1,22.8,0.188,,79.5,,,,,12.0,1108.8000000000002,113.53621956035278,113.55013360537052,-2.9362195603527823,-0.7501336053705359,-2.1860859549822464,0.583,,,,
2024,2023-24,Playoffs,9.0,New York Knicks,26.4,7.0,6.0,6.0,7.0,,,,118.7,120.9,-2.2,91.9,0.278,0.362,0.558,,0.567,11.2,31.4,0.189,,74.2,,,,,13.0,1194.7,113.53621956035278,113.55013360537052,5.163780439647226,7.349866394629473,-2.1860859549822464,0.538,,,,
2024,2023-24,Playoffs,10.0,Los Angeles Lakers,29.3,1.0,4.0,2.0,3.0,,,,111.7,114.0,-2.3,95.3,0.222,0.348,0.573,,0.521,10.2,17.5,0.149,,74.8,,,,,5.0,476.5,113.53621956035278,113.55013360537052,-1.8362195603527736,0.449866394629467,-2.2860859549822408,0.2,,,,
2024,2023-24,Playoffs,11.0,Milwaukee Bucks,31.1,2.0,4.0,2.0,4.0,,,,116.0,119.0,-3.0,93.3,0.245,0.365,0.576,,0.556,9.1,22.1,0.14,,76.2,,,,,6.0,559.8,113.53621956035278,113.55013360537052,2.463780439647224,5.449866394629467,-2.986085954982244,0.333,,,,
2024,2023-24,Playoffs,12.0,Cleveland Cavaliers,26.2,5.0,7.0,4.0,8.0,,,,105.8,111.8,-6.0,92.7,0.204,0.394,0.54,,0.518,12.4,18.6,0.21,,73.7,,,,,12.0,1112.4,113.53621956035278,113.55013360537052,-7.7362195603527795,-1.750133605370536,-5.986085954982244,0.417,,,,
2024,2023-24,Playoffs,13.0,Los Angeles Clippers,30.5,2.0,4.0,2.0,4.0,,,,110.3,117.7,-7.4,90.9,0.264,0.385,0.547,,0.535,10.9,26.9,0.231,,72.0,,,,,6.0,545.4000000000001,113.53621956035278,113.55013360537052,-3.2362195603527795,4.14986639462947,-7.386085954982249,0.333,,,,
2024,2023-24,Playoffs,14.0,Phoenix Suns,30.3,0.0,4.0,1.0,3.0,,,,110.4,126.4,-16.0,93.5,0.37,0.343,0.586,,0.548,12.3,18.2,0.287,,64.7,,,,,4.0,374.0,113.53621956035278,113.55013360537052,-3.136219560352771,12.849866394629473,-15.986085954982244,0.0,,,,
2024,2023-24,Playoffs,15.0,New Orleans Pelicans,26.9,0.0,4.0,0.0,4.0,,,,94.9,111.7,-16.8,94.3,0.189,0.388,0.489,,0.563,12.7,25.7,0.159,,81.6,,,,,4.0,377.2,113.53621956035278,113.55013360537052,-18.63621956035277,-1.8501336053705304,-16.78608595498224,0.0,,,,
2024,2023-24,Playoffs,16.0,Miami Heat,26.3,1.0,4.0,1.0,4.0,,,,101.6,118.8,-17.2,90.8,0.148,0.419,0.533,,0.566,11.0,13.3,0.192,,77.3,,,,,5.0,454.0,113.53621956035278,113.55013360537052,-11.936219560352782,5.249866394629464,-17.186085954982246,0.2,,,,
2025,2024-25,Regular Season,1.0,Oklahoma City Thunder*,24.8,68.0,14.0,68.0,14.0,12.87,-0.16,12.7,120.3,107.5,12.8,100.0,0.22,0.419,0.593,,0.513,14.9,24.2,0.211,,74.6,,Paycom Center,754832.0,17973.0,82.0,8200.0,114.53903689215625,114.5402744992244,5.760963107843764,-7.040274499224395,12.80123760706816,,,,,
2025,2024-25,Regular Season,2.0,Boston Celtics*,28.9,61.0,21.0,62.0,20.0,9.11,-0.83,8.28,120.6,111.1,9.5,95.7,0.212,0.536,0.591,,0.522,11.6,25.7,0.154,,76.0,,TD Garden,785396.0,19156.0,82.0,7847.400000000001,114.53903689215625,114.5402744992244,6.060963107843762,-3.440274499224401,9.501237607068164,,,,,
2025,2024-25,Regular Season,3.0,Cleveland Cavaliers*,26.6,64.0,18.0,62.0,20.0,9.54,-0.73,8.81,121.7,112.2,9.5,99.8,0.241,0.457,0.607,,0.528,12.6,25.9,0.181,,74.8,,Rocket Arena,796712.0,19432.0,82.0,8183.599999999999,114.53903689215625,114.5402744992244,7.16096310784377,-2.3402744992243925,9.501237607068164,,,,,
2025,2024-25,Regular Season,4.0,Minnesota Timberwolves*,27.2,49.0,33.0,53.0,29.0,5.0,0.15,5.15,116.6,111.5,5.1,97.3,0.249,0.455,0.588,,0.532,13.2,25.8,0.178,,75.1,,Target Center,772249.0,18835.0,82.0,7978.599999999999,114.53903689215625,114.5402744992244,2.0609631078437616,-3.0402744992243957,5.101237607068157,,,,,
2025,2024-25,Regular Season,5.0,Los Angeles Clippers*,29.7,50.0,32.0,53.0,29.0,4.66,0.18,4.84,115.1,110.3,4.8,97.5,0.251,0.387,0.589,,0.536,13.7,24.4,0.189,,77.5,,Intuit Dome,679593.0,16575.0,82.0,7995.0,114.53903689215625,114.5402744992244,0.5609631078437616,-4.240274499224398,4.80123760706816,,,,,
2025,2024-25,Regular Season,6.0,Memphis Grizzlies*,24.7,48.0,34.0,52.0,30.0,4.85,-0.06,4.79,117.7,113.0,4.7,103.3,0.249,0.406,0.588,,0.533,12.9,28.7,0.206,,74.9,,FedEx Forum,683067.0,16660.0,82.0,8470.6,114.53903689215625,114.5402744992244,3.16096310784377,-1.5402744992243953,4.701237607068165,,,,,
2025,2024-25,Regular Season,7.0,Houston Rockets*,24.9,52.0,30.0,52.0,30.0,4.51,0.45,4.97,115.3,110.8,4.5,98.6,0.242,0.384,0.553,,0.528,12.8,31.7,0.186,,76.2,,Toyota Center,716853.0,17484.0,82.0,8085.2,114.53903689215625,114.5402744992244,0.7609631078437644,-3.740274499224398,4.501237607068163,,,,,
2025,2024-25,Regular Season,8.0,New York Knicks*,27.5,51.0,31.0,51.0,31.0,4.1,-0.51,3.59,118.5,114.3,4.2,96.7,0.232,0.382,0.589,,0.549,13.1,26.0,0.176,,74.5,,Madison Square Garden (IV),811794.0,19800.0,82.0,7929.400000000001,114.53903689215625,114.5402744992244,3.9609631078437673,-0.2402744992243981,4.201237607068165,,,,,
2025,2024-25,Regular Season,9.0,Denver Nuggets*,27.0,50.0,32.0,50.0,32.0,3.89,0.08,3.97,119.9,116.0,3.9,99.8,0.259,0.356,0.604,,0.542,11.3,26.7,0.173,,74.6,,Ball Arena,811211.0,19786.0,82.0,8183.599999999999,114.53903689215625,114.5402744992244,5.360963107843773,1.4597255007756047,3.901237607068168,,,,,
2025,2024-25,Regular Season,10.0,Golden State Warriors*,28.6,48.0,34.0,49.0,33.0,3.3,0.25,3.56,115.0,111.7,3.3,98.7,0.244,0.469,0.568,,0.541,14.1,27.3,0.189,,75.6,,Chase Center,740624.0,18064.0,82.0,8093.400000000001,114.53903689215625,114.5402744992244,0.4609631078437672,-2.8402744992243925,3.30123760706816,,,,,
2025,2024-25,Regular Season,11.0,Milwaukee Bucks*,29.3,48.0,34.0,47.0,35.0,2.48,-0.36,2.12,115.9,113.4,2.5,99.3,0.268,0.424,0.598,,0.533,11.4,19.3,0.174,,76.2,,Fiserv Forum,732014.0,17437.0,82.0,8142.599999999999,114.53903689215625,114.5402744992244,1.360963107843773,-1.1402744992243896,2.5012376070681626,,,,,
2025,2024-25,Regular Season,12.0,Indiana Pacers*,25.8,50.0,32.0,46.0,36.0,2.23,-0.55,1.68,116.5,114.3,2.2,99.9,0.241,0.4,0.594,,0.546,13.1,21.3,0.19,,74.5,,Gainbridge Fieldhouse,685434.0,16737.0,82.0,8191.8,114.53903689215625,114.5402744992244,1.9609631078437677,-0.2402744992243981,2.2012376070681654,,,,,
2025,2024-25,Regular Season,13.0,Detroit Pistons*,25.8,44.0,38.0,46.0,36.0,1.9,-0.17,1.73,115.0,113.1,1.9,99.8,0.248,0.394,0.58,,0.539,13.3,26.2,0.214,,76.0,,Little Caesars Arena,781929.0,19071.0,82.0,8183.599999999999,114.53903689215625,114.5402744992244,0.4609631078437672,-1.440274499224401,1.901237607068168,,,,,
2025,2024-25,Regular Season,14.0,Los Angeles Lakers*,27.9,50.0,32.0,44.0,38.0,1.22,0.23,1.45,115.9,114.7,1.2,97.6,0.271,0.425,0.593,,0.539,12.2,23.3,0.178,,74.5,,Crypto.com Arena,767626.0,18723.0,82.0,8003.2,114.53903689215625,114.5402744992244,1.360963107843773,0.1597255007756075,1.2012376070681654,,,,,
2025,2024-25,Regular Season,15.0,Miami Heat*,26.8,37.0,45.0,42.0,40.0,0.56,-0.45,0.11,113.5,112.9,0.6,96.2,0.232,0.429,0.576,,0.543,12.5,22.3,0.157,,75.8,,Kaseya Center,808337.0,19716.0,82.0,7888.400000000001,114.53903689215625,114.5402744992244,-1.0390368921562327,-1.6402744992243896,0.6012376070681569,,,,,
2025,2024-25,Regular Season,16.0,Sacramento Kings,27.8,40.0,42.0,42.0,40.0,0.48,0.11,0.58,116.7,116.2,0.5,98.2,0.235,0.391,0.582,,0.557,12.5,25.4,0.2,,76.9,,Golden 1 Center,696409.0,16986.0,82.0,8052.400000000001,114.53903689215625,114.5402744992244,2.16096310784377,1.6597255007756075,0.5012376070681626,,,,,
2025,2024-25,Regular Season,17.0,Orlando Magic*,24.9,41.0,41.0,41.0,41.0,-0.12,-0.58,-0.7,109.4,109.6,-0.2,96.1,0.269,0.411,0.55,,0.538,15.0,25.3,0.22,,77.0,,Kia Center,762121.0,18588.0,82.0,7880.2,114.53903689215625,114.5402744992244,-5.139036892156227,-4.940274499224401,-0.198762392931826,,,,,
2025,2024-25,Regular Season,18.0,Atlanta Hawks,24.9,40.0,42.0,38.0,44.0,-1.13,-0.28,-1.41,114.6,115.7,-1.1,102.6,0.252,0.41,0.579,,0.56,13.8,26.3,0.202,,76.0,,State Farm Arena,657613.0,16440.0,82.0,8413.199999999999,114.53903689215625,114.5402744992244,0.0609631078437615,1.1597255007756075,-1.098762392931846,,,,,
2025,2024-25,Regular Season,19.0,Dallas Mavericks,27.5,39.0,43.0,38.0,44.0,-1.2,0.46,-0.74,114.8,116.0,-1.2,99.2,0.263,0.389,0.583,,0.54,11.6,23.3,0.179,,73.1,,American Airlines Center,803174.0,20079.0,82.0,8134.400000000001,114.53903689215625,114.5402744992244,0.2609631078437644,1.4597255007756047,-1.1987623929318405,,,,,
2025,2024-25,Regular Season,20.0,Chicago Bulls,25.2,39.0,43.0,37.0,45.0,-1.56,-0.27,-1.83,114.1,115.6,-1.5,102.8,0.214,0.457,0.585,,0.539,10.8,22.3,0.178,,76.6,,United Center,825659.0,20138.0,82.0,8429.6,114.53903689215625,114.5402744992244,-0.4390368921562384,1.059725500775599,-1.4987623929318374,,,,,
2025,2024-25,Regular Season,21.0,San Antonio Spurs,26.0,34.0,48.0,34.0,48.0,-2.76,0.31,-2.45,114.4,117.2,-2.8,99.3,0.234,0.441,0.575,,0.551,12.0,24.3,0.158,,73.0,,Frost Bank Center,731474.0,17976.0,82.0,8142.599999999999,114.53903689215625,114.5402744992244,-0.139036892156227,2.6597255007756075,-2.7987623929318346,,,,,
2025,2024-25,Regular Season,22.0,Portland Trail Blazers,23.8,36.0,46.0,33.0,49.0,-2.98,0.31,-2.67,111.7,114.7,-3.0,98.8,0.246,0.418,0.555,,0.543,13.6,29.2,0.204,,72.5,,Moda Center,719369.0,17546.0,82.0,8101.599999999999,114.53903689215625,114.5402744992244,-2.83903689215623,0.1597255007756075,-2.998762392931837,,,,,
2025,2024-25,Regular Season,23.0,Phoenix Suns,29.1,36.0,46.0,34.0,48.0,-3.0,0.45,-2.55,116.2,119.3,-3.1,97.1,0.241,0.44,0.595,,0.552,10.9,22.6,0.191,,74.1,,Footprint Center,699911.0,17071.0,82.0,7962.2,114.53903689215625,114.5402744992244,1.66096310784377,4.759725500775602,-3.098762392931832,,,,,
2025,2024-25,Regular Season,24.0,Toronto Raptors,24.5,30.0,52.0,30.0,52.0,-4.29,-0.11,-4.4,110.5,114.8,-4.3,99.7,0.232,0.373,0.553,,0.541,13.2,27.3,0.222,,73.9,,Scotiabank Arena,768573.0,18746.0,82.0,8175.400000000001,114.53903689215625,114.5402744992244,-4.039036892156233,0.2597255007756018,-4.298762392931835,,,,,
2025,2024-25,Regular Season,25.0,Philadelphia 76ers,27.1,24.0,58.0,26.0,56.0,-6.23,-0.06,-6.29,111.9,118.2,-6.3,97.4,0.257,0.426,0.563,,0.57,14.3,23.4,0.194,,71.8,,Wells Fargo Center,813621.0,19844.0,82.0,7986.8,114.53903689215625,114.5402744992244,-2.639036892156227,3.659725500775608,-6.298762392931835,,,,,
2025,2024-25,Regular Season,26.0,Brooklyn Nets,24.7,26.0,56.0,23.0,59.0,-7.11,0.16,-6.95,108.5,115.8,-7.3,96.4,0.24,0.458,0.552,,0.557,13.7,24.5,0.218,,75.0,,Barclays Center,713304.0,17398.0,82.0,7904.8,114.53903689215625,114.5402744992244,-6.039036892156233,1.259725500775602,-7.298762392931835,,,,,
2025,2024-25,Regular Season,27.0,Utah Jazz,23.9,17.0,65.0,20.0,62.0,-9.34,0.83,-8.51,111.2,120.4,-9.2,100.0,0.252,0.449,0.568,,0.559,10.3,26.9,0.185,,74.1,,Delta Center,745175.0,18175.0,82.0,8200.0,114.53903689215625,114.5402744992244,-3.33903689215623,5.85972550077561,-9.19876239293184,,,,,
2025,2024-25,Regular Season,28.0,Charlotte Hornets,25.1,19.0,63.0,20.0,62.0,-9.11,0.01,-9.1,107.3,116.6,-9.3,97.6,0.222,0.43,0.537,,0.547,11.9,26.5,0.19,,74.5,,Spectrum Center,703935.0,17169.0,82.0,8003.2,114.53903689215625,114.5402744992244,-7.239036892156236,2.059725500775599,-9.298762392931836,,,,,
2025,2024-25,Regular Season,29.0,New Orleans Pelicans,25.9,21.0,61.0,20.0,62.0,-9.43,0.84,-8.59,110.4,119.9,-9.5,99.1,0.244,0.385,0.552,,0.564,12.3,26.3,0.19,,72.7,,Smoothie King Center,689400.0,16815.0,82.0,8126.2,114.53903689215625,114.5402744992244,-4.139036892156227,5.35972550077561,-9.498762392931836,,,,,
2025,2024-25,Regular Season,30.0,Washington Wizards,23.5,18.0,64.0,15.0,67.0,-12.44,0.3,-12.14,106.8,119.1,-12.3,100.9,0.229,0.435,0.546,,0.548,11.4,22.7,0.202,,71.9,,Capital One Arena,663691.0,16084.0,82.0,8273.800000000001,114.53903689215625,114.5402744992244,-7.739036892156236,4.559725500775599,-12.298762392931836,,,,,
2025,2024-25,Playoffs,1.0,Cleveland Cavaliers,26.5,5.0,4.0,7.0,2.0,,,,123.5,111.4,12.1,96.7,0.318,0.467,0.597,,0.561,14.2,28.2,0.174,,79.5,,,,,9.0,870.3000000000001,113.02998113571698,113.036618499449,10.47001886428302,-1.6366184994489856,12.106637363732004,0.556,,,,
2025,2024-25,Playoffs,2.0,Oklahoma City Thunder,24.7,16.0,7.0,17.0,6.0,,,,115.4,107.0,8.4,98.9,0.29,0.39,0.566,,0.507,15.8,25.6,0.228,,73.1,,,,,23.0,2274.7000000000003,113.02998113571698,113.036618499449,2.3700188642830256,-6.036618499448991,8.406637363732017,0.696,,,,
2025,2024-25,Playoffs,3.0,Boston Celtics,29.9,6.0,5.0,7.0,4.0,,,,114.4,108.4,6.0,91.5,0.273,0.474,0.569,,0.491,11.4,26.0,0.192,,72.3,,,,,11.0,1006.5,113.02998113571698,113.036618499449,1.3700188642830256,-4.636618499448986,6.006637363732011,0.545,,,,
2025,2024-25,Playoffs,4.0,Minnesota Timberwolves,27.6,9.0,6.0,9.0,6.0,,,,114.6,111.8,2.8,95.1,0.256,0.434,0.574,,0.527,13.9,28.9,0.219,,73.0,,,,,15.0,1426.5,113.02998113571698,113.036618499449,1.5700188642830142,-1.2366184994489942,2.8066373637320083,0.6,,,,
2025,2024-25,Playoffs,5.0,Indiana Pacers,26.2,15.0,8.0,13.0,10.0,,,,115.3,113.3,2.0,98.0,0.292,0.4,0.599,,0.515,12.4,20.5,0.265,,73.5,,,,,23.0,2254.0,113.02998113571698,113.036618499449,2.270018864283017,0.2633815005510058,2.006637363732011,0.652,,,,
2025,2024-25,Playoffs,6.0,Los Angeles Clippers,31.3,3.0,4.0,4.0,3.0,,,,115.6,115.0,0.6,92.3,0.231,0.39,0.581,,0.549,12.9,23.8,0.166,,72.3,,,,,7.0,646.1,113.02998113571698,113.036618499449,2.570018864283014,1.963381500551009,0.6066373637320055,0.429,,,,
2025,2024-25,Playoffs,7.0,Houston Rockets,25.2,3.0,4.0,4.0,4.0,,,,112.1,112.1,0.0,92.8,0.347,0.344,0.548,,0.522,11.6,31.5,0.155,,76.2,,,,,7.0,649.6,113.02998113571698,113.036618499449,-0.9299811357169858,-0.936618499448997,0.0066373637320111,0.429,,,,
2025,2024-25,Playoffs,8.0,New York Knicks,27.7,10.0,8.0,9.0,9.0,,,,113.3,113.3,0.0,95.6,0.3,0.366,0.559,,0.53,12.8,27.5,0.233,,75.1,,,,,18.0,1720.8,113.02998113571698,113.036618499449,0.270018864283017,0.2633815005510058,0.0066373637320111,0.556,,,,
2025,2024-25,Playoffs,9.0,Detroit Pistons,26.7,2.0,4.0,3.0,3.0,,,,109.7,111.0,-1.3,97.3,0.337,0.379,0.562,,0.512,11.7,27.3,0.205,,75.5,,,,,6.0,583.8,113.02998113571698,113.036618499449,-3.3299811357169773,-2.0366184994489918,-1.293362636267986,0.333,,,,
2025,2024-25,Playoffs,10.0,Golden State Warriors,29.0,5.0,7.0,5.0,7.0,,,,109.7,112.9,-3.2,93.9,0.24,0.453,0.545,,0.534,14.3,27.3,0.221,,70.5,,,,,12.0,1126.8000000000002,113.02998113571698,113.036618499449,-3.3299811357169773,-0.1366184994489856,-3.193362636267992,0.417,,,,
2025,2024-25,Playoffs,11.0,Denver Nuggets,27.3,7.0,7.0,5.0,9.0,,,,110.1,115.1,-5.0,95.7,0.273,0.396,0.552,,0.537,10.5,27.9,0.188,,75.6,,,,,14.0,1339.8,113.02998113571698,113.036618499449,-2.929981135716986,2.063381500551003,-4.993362636267989,0.5,,,,
2025,2024-25,Playoffs,12.0,Los Angeles Lakers,29.0,1.0,4.0,1.0,4.0,,,,109.9,117.6,-7.7,91.3,0.269,0.492,0.57,,0.51,10.3,23.8,0.214,,69.3,,,,,5.0,456.5,113.02998113571698,113.036618499449,-3.1299811357169744,4.563381500551003,-7.6933626362679775,0.2,,,,
2025,2024-25,Playoffs,13.0,Milwaukee Bucks,28.1,1.0,4.0,1.0,4.0,,,,112.2,119.9,-7.7,96.2,0.255,0.433,0.564,,0.581,10.3,23.0,0.185,,83.4,,,,,5.0,481.0,113.02998113571698,113.036618499449,-0.8299811357169773,6.863381500551014,-7.693362636267992,0.2,,,,
2025,2024-25,Playoffs,14.0,Orlando Magic,25.8,1.0,4.0,1.0,4.0,,,,103.0,117.1,-14.1,90.9,0.244,0.37,0.501,,0.545,12.7,25.4,0.274,,76.3,,,,,5.0,454.5,113.02998113571698,113.036618499449,-10.02998113571698,4.063381500551003,-14.093362636267983,0.2,,,,
2025,2024-25,Playoffs,15.0,Memphis Grizzlies,25.0,0.0,4.0,0.0,4.0,,,,99.4,118.7,-19.3,101.1,0.236,0.398,0.525,,0.525,9.0,23.6,0.204,,72.3,,,,,4.0,404.4,113.02998113571698,113.036618499449,-13.629981135716974,5.663381500551012,-19.293362636267982,0.0,,,,
2025,2024-25,Playoffs,16.0,Miami Heat,25.9,0.0,4.0,0.0,4.0,,,,104.2,137.4,-33.2,91.7,0.163,0.488,0.547,,0.63,9.5,23.3,0.213,,72.7,,,,,4.0,366.8,113.02998113571698,113.036618499449,-8.829981135716977,24.36338150055101,-33.19336263626799,0.0,,,,
2026,2025-26,Regular Season,1.0,Oklahoma City Thunder*,25.2,64.0,18.0,65.0,17.0,11.15,-0.11,11.04,118.9,107.7,11.2,99.3,0.261,0.426,0.599,,0.519,14.6,22.3,0.184,,74.4,,Paycom Center,764842.0,18203.0,82.0,8142.599999999999,115.75171777494468,115.75041266859024,3.14828222505534,-8.050412668590226,11.198694893645566,,,,,
2026,2025-26,Regular Season,2.0,San Antonio Spurs*,25.4,62.0,20.0,60.0,22.0,8.3,-0.03,8.28,119.6,111.3,8.3,99.9,0.274,0.422,0.595,,0.522,11.5,26.2,0.18,,77.3,,Frost Bank Center,743129.0,18703.0,82.0,8191.8,115.75171777494468,115.75041266859024,3.848282225055328,-4.450412668590232,8.29869489364556,,,,,
2026,2025-26,Regular Season,3.0,Detroit Pistons*,26.1,60.0,22.0,60.0,22.0,8.16,-0.63,7.53,117.9,109.7,8.2,99.3,0.292,0.345,0.583,,0.517,14.8,30.9,0.251,,74.2,,Little Caesars Arena,806422.0,19651.0,82.0,8142.599999999999,115.75171777494468,115.75041266859024,2.14828222505534,-6.050412668590226,8.198694893645566,,,,,
2026,2025-26,Regular Season,4.0,Boston Celtics*,26.9,56.0,26.0,59.0,23.0,7.7,-0.33,7.37,120.8,112.7,8.1,94.8,0.207,0.467,0.583,,0.523,11.4,29.2,0.189,,75.7,,TD Garden,785396.0,19156.0,82.0,7773.599999999999,115.75171777494468,115.75041266859024,5.048282225055331,-3.0504126685902264,8.098694893645558,,,,,
2026,2025-26,Regular Season,5.0,New York Knicks*,28.1,53.0,29.0,56.0,26.0,6.33,-0.28,6.05,119.8,113.3,6.5,96.8,0.238,0.428,0.59,,0.541,13.1,29.3,0.206,,76.7,,Madison Square Garden (IV),792480.0,19812.0,82.0,7937.599999999999,115.75171777494468,115.75041266859024,4.048282225055331,-2.450412668590232,6.498694893645563,,,,,
2026,2025-26,Regular Season,6.0,Houston Rockets*,26.5,52.0,30.0,54.0,28.0,5.22,-0.35,4.87,118.6,113.2,5.4,96.1,0.26,0.35,0.576,,0.53,12.1,34.8,0.189,,74.5,,Toyota Center,740378.0,18058.0,82.0,7880.2,115.75171777494468,115.75041266859024,2.8482822250553284,-2.5504126685902264,5.398694893645555,,,,,
2026,2025-26,Regular Season,7.0,Denver Nuggets*,27.8,54.0,28.0,53.0,29.0,5.15,-0.17,4.97,122.6,117.4,5.2,98.4,0.294,0.408,0.616,,0.543,10.4,23.6,0.196,,75.3,,Ball Arena,812868.0,19826.0,82.0,8068.8,115.75171777494468,115.75041266859024,6.848282225055328,1.6495873314097764,5.198694893645552,,,,,
2026,2025-26,Regular Season,8.0,Charlotte Hornets,24.0,44.0,38.0,53.0,29.0,4.83,-0.35,4.48,119.4,114.4,5.0,96.8,0.244,0.487,0.589,,0.54,11.6,30.5,0.186,,76.6,,Spectrum Center,767319.0,18715.0,82.0,7937.599999999999,115.75171777494468,115.75041266859024,3.64828222505534,-1.3504126685902236,4.998694893645563,,,,,
2026,2025-26,Regular Season,9.0,Cleveland Cavaliers*,27.2,52.0,30.0,51.0,31.0,4.11,-0.34,3.78,119.2,115.1,4.1,99.9,0.265,0.442,0.595,,0.543,13.1,26.9,0.209,,74.4,,Rocket Arena,796712.0,19432.0,82.0,8191.8,115.75171777494468,115.75041266859024,3.448282225055337,-0.6504126685902349,4.098694893645572,,,,,
2026,2025-26,Regular Season,10.0,Minnesota Timberwolves*,27.9,49.0,33.0,49.0,33.0,3.35,-0.28,3.07,116.8,113.5,3.3,100.5,0.285,0.42,0.592,,0.529,13.0,25.7,0.22,,73.7,,Target Center,732465.0,17865.0,82.0,8241.0,115.75171777494468,115.75041266859024,1.0482822250553312,-2.2504126685902293,3.2986948936455605,,,,,
2026,2025-26,Regular Season,11.0,Toronto Raptors*,24.8,46.0,36.0,48.0,34.0,2.83,-0.08,2.75,115.9,113.0,2.9,98.4,0.265,0.363,0.581,,0.54,14.3,25.5,0.222,,74.0,,Scotiabank Arena,772141.0,18833.0,82.0,8068.8,115.75171777494468,115.75041266859024,0.1482822250553397,-2.7504126685902293,2.898694893645569,,,,,
2026,2025-26,Regular Season,12.0,Atlanta Hawks*,25.2,46.0,36.0,47.0,35.0,2.41,-0.03,2.38,116.1,113.7,2.4,101.7,0.234,0.429,0.584,,0.546,13.9,24.4,0.206,,74.5,,State Farm Arena,670581.0,16356.0,82.0,8339.4,115.75171777494468,115.75041266859024,0.3482822250553283,-2.0504126685902264,2.3986948936455548,,,,,
2026,2025-26,Regular Season,13.0,Miami Heat,26.2,43.0,39.0,47.0,35.0,2.33,0.02,2.35,116.7,114.5,2.2,103.4,0.268,0.406,0.58,,0.54,12.8,25.4,0.193,,74.9,,Kaseya Center,808063.0,19709.0,82.0,8478.800000000001,115.75171777494468,115.75041266859024,0.9482822250553368,-1.2504126685902293,2.198694893645566,,,,,
2026,2025-26,Regular Season,14.0,Los Angeles Lakers*,28.0,53.0,29.0,45.0,37.0,1.76,-0.07,1.68,118.2,116.4,1.8,98.3,0.32,0.394,0.609,,0.555,13.0,23.9,0.191,,74.3,,Crypto.com Arena,773047.0,18855.0,82.0,8060.599999999999,115.75171777494468,115.75041266859024,2.448282225055337,0.6495873314097764,1.7986948936455605,,,,,
2026,2025-26,Regular Season,15.0,Phoenix Suns*,26.8,45.0,37.0,45.0,37.0,1.46,0.28,1.75,115.4,113.9,1.5,97.2,0.225,0.453,0.568,,0.541,14.5,28.9,0.217,,71.9,,Mortgage Matchup Center,699911.0,17071.0,82.0,7970.400000000001,115.75171777494468,115.75041266859024,-0.3517177749446603,-1.850412668590224,1.4986948936455633,,,,,
2026,2025-26,Regular Season,16.0,Los Angeles Clippers,30.0,42.0,40.0,44.0,38.0,1.13,-0.17,0.96,117.3,116.1,1.2,96.5,0.295,0.404,0.602,,0.545,12.9,23.7,0.197,,72.9,,Intuit Dome,722504.0,17622.0,82.0,7913.0,115.75171777494468,115.75041266859024,1.5482822250553312,0.349587331409765,1.198694893645566,,,,,
2026,2025-26,Regular Season,17.0,Orlando Magic*,24.7,45.0,37.0,43.0,39.0,0.63,0.17,0.81,114.9,114.3,0.6,100.0,0.311,0.386,0.576,,0.545,13.1,25.0,0.223,,75.6,,Kia Center,768906.0,18462.0,82.0,8200.0,115.75171777494468,115.75041266859024,-0.8517177749446603,-1.450412668590232,0.5986948936455718,,,,,
2026,2025-26,Regular Season,18.0,Philadelphia 76ers*,25.5,45.0,37.0,41.0,41.0,-0.18,-0.09,-0.27,115.4,115.5,-0.1,99.4,0.275,0.391,0.572,,0.541,13.3,26.2,0.212,,72.5,,Xfinity Mobile Arena,778871.0,18997.0,82.0,8150.8,115.75171777494468,115.75041266859024,-0.3517177749446603,-0.2504126685902292,-0.101305106354431,,,,,
2026,2025-26,Regular Season,19.0,Portland Trail Blazers*,25.2,42.0,40.0,40.0,42.0,-0.29,0.01,-0.29,114.4,114.7,-0.3,100.5,0.28,0.469,0.57,,0.541,13.5,31.3,0.215,,72.7,,Moda Center,718863.0,17533.0,82.0,8241.0,115.75171777494468,115.75041266859024,-1.3517177749446605,-1.0504126685902264,-0.3013051063544338,,,,,
2026,2025-26,Regular Season,20.0,Golden State Warriors,28.6,37.0,45.0,40.0,42.0,-0.56,0.22,-0.34,115.0,115.6,-0.6,99.0,0.238,0.497,0.584,,0.553,14.0,25.8,0.198,,72.9,,Chase Center,740624.0,18064.0,82.0,8118.0,115.75171777494468,115.75041266859024,-0.751717774944666,-0.1504126685902349,-0.601305106354431,,,,,
2026,2025-26,Regular Season,21.0,New Orleans Pelicans,24.1,26.0,56.0,30.0,52.0,-4.5,0.24,-4.26,114.4,118.9,-4.5,100.3,0.284,0.355,0.568,,0.555,12.4,27.0,0.199,,71.4,,Smoothie King Center,675507.0,16476.0,82.0,8224.6,115.75171777494468,115.75041266859024,-1.3517177749446605,3.1495873314097764,-4.501305106354437,,,,,
2026,2025-26,Regular Season,22.0,Chicago Bulls,25.3,31.0,51.0,29.0,53.0,-5.21,0.12,-5.09,113.0,118.1,-5.1,102.5,0.246,0.443,0.58,,0.553,11.1,23.1,0.19,,75.5,,United Center,829997.0,20244.0,82.0,8405.0,115.75171777494468,115.75041266859024,-2.751717774944666,2.349587331409765,-5.101305106354431,,,,,
2026,2025-26,Regular Season,23.0,Dallas Mavericks,26.2,26.0,56.0,28.0,54.0,-5.51,0.18,-5.33,111.2,116.5,-5.3,101.7,0.287,0.355,0.564,,0.546,11.4,23.2,0.183,,74.1,,American Airlines Center,790821.0,19288.0,82.0,8339.4,115.75171777494468,115.75041266859024,-4.551717774944663,0.7495873314097707,-5.301305106354434,,,,,
2026,2025-26,Regular Season,24.0,Memphis Grizzlies,24.6,25.0,57.0,27.0,55.0,-6.01,0.18,-5.83,112.9,118.8,-5.9,101.3,0.251,0.436,0.57,,0.562,13.3,24.7,0.203,,70.9,,FedExForum,632000.0,15339.0,82.0,8306.6,115.75171777494468,115.75041266859024,-2.8517177749446603,3.049587331409768,-5.901305106354428,,,,,
2026,2025-26,Regular Season,25.0,Milwaukee Bucks,27.1,32.0,50.0,26.0,56.0,-6.21,0.09,-6.12,112.9,119.3,-6.4,97.6,0.223,0.457,0.589,,0.558,11.7,21.1,0.215,,74.1,,Fiserv Forum,682644.0,16650.0,82.0,8003.2,115.75171777494468,115.75041266859024,-2.8517177749446603,3.549587331409768,-6.401305106354428,,,,,
2026,2025-26,Regular Season,26.0,Indiana Pacers,26.1,19.0,63.0,23.0,59.0,-7.99,0.35,-7.64,110.9,118.8,-7.9,101.0,0.252,0.422,0.568,,0.556,11.7,21.7,0.218,,74.1,,Gainbridge Fieldhouse,682287.0,16641.0,82.0,8282.0,115.75171777494468,115.75041266859024,-4.85171777494466,3.049587331409768,-7.901305106354428,,,,,
2026,2025-26,Regular Season,27.0,Utah Jazz,24.1,22.0,60.0,23.0,59.0,-8.43,0.38,-8.05,114.1,122.3,-8.2,102.3,0.277,0.402,0.575,,0.578,12.4,26.2,0.227,,72.9,,Delta Center,745626.0,18186.0,82.0,8388.6,115.75171777494468,115.75041266859024,-1.6517177749446716,6.549587331409768,-8.20130510635444,,,,,
2026,2025-26,Regular Season,28.0,Sacramento Kings,28.3,22.0,60.0,19.0,63.0,-10.0,0.42,-9.58,111.4,121.5,-10.1,99.2,0.256,0.339,0.56,,0.572,12.3,25.9,0.216,,73.5,,Golden 1 Center,661735.0,16140.0,82.0,8134.400000000001,115.75171777494468,115.75041266859024,-4.35171777494466,5.749587331409771,-10.101305106354433,,,,,
2026,2025-26,Regular Season,29.0,Brooklyn Nets,23.5,20.0,62.0,18.0,64.0,-9.99,0.29,-9.7,108.7,119.0,-10.3,97.1,0.272,0.455,0.559,,0.571,13.2,23.6,0.225,,74.0,,Barclays Center,713896.0,17412.0,82.0,7962.2,115.75171777494468,115.75041266859024,-7.051717774944663,3.2495873314097707,-10.301305106354434,,,,,
2026,2025-26,Regular Season,30.0,Washington Wizards,23.5,17.0,65.0,16.0,66.0,-11.98,0.36,-11.62,111.0,122.7,-11.7,101.4,0.235,0.403,0.566,,0.563,11.7,24.1,0.232,,70.2,,Capital One Arena,660376.0,16107.0,82.0,8314.800000000001,115.75171777494468,115.75041266859024,-4.751717774944666,6.949587331409774,-11.70130510635444,,,,,
2026,2025-26,Playoffs,1.0,New York Knicks,28.4,16.0,3.0,17.0,2.0,,,,120.4,104.9,15.5,95.7,0.297,0.395,0.6,,0.502,13.5,27.3,0.215,,78.4,,,,,19.0,1818.3,111.96694845436885,112.0086669699727,8.433051545631173,-7.108666969972688,15.54171851560386,0.842,,,,
2026,2025-26,Playoffs,2.0,San Antonio Spurs,24.3,13.0,10.0,17.0,6.0,,,,114.3,106.7,7.6,97.4,0.3,0.414,0.575,,0.482,12.0,27.1,0.204,,75.1,,,,,23.0,2240.2000000000003,111.96694845436885,112.0086669699727,2.3330515456311645,-5.308666969972691,7.641718515603856,0.565,,,,
2026,2025-26,Playoffs,3.0,Oklahoma City Thunder,25.2,11.0,4.0,11.0,4.0,,,,119.3,112.0,7.3,95.5,0.254,0.416,0.588,,0.521,14.9,27.3,0.225,,71.1,,,,,15.0,1432.5,111.96694845436885,112.0086669699727,7.3330515456311645,-0.008666969972694,7.341718515603858,0.733,,,,
2026,2025-26,Playoffs,4.0,Boston Celtics,28.0,3.0,4.0,4.0,3.0,,,,113.7,110.7,3.0,93.7,0.228,0.525,0.551,,0.514,10.2,27.0,0.19,,80.7,,,,,7.0,655.9,111.96694845436885,112.0086669699727,1.73305154563117,-1.3086669699726912,3.0417185156038613,0.429,,,,
2026,2025-26,Playoffs,5.0,Detroit Pistons,26.5,7.0,7.0,8.0,6.0,,,,110.7,109.0,1.7,94.1,0.303,0.358,0.554,,0.5,13.8,30.6,0.27,,73.2,,,,,14.0,1317.4,111.96694845436885,112.0086669699727,-1.26694845436883,-3.008666969972694,1.741718515603864,0.5,,,,
2026,2025-26,Playoffs,6.0,Toronto Raptors,24.2,3.0,4.0,3.0,4.0,,,,111.7,113.4,-1.7,97.2,0.301,0.343,0.561,,0.547,15.2,26.4,0.23,,69.2,,,,,7.0,680.4,111.96694845436885,112.0086669699727,-0.2669484543688298,1.3913330300273117,-1.6582814843961415,0.429,,,,
2026,2025-26,Playoffs,7.0,Houston Rockets,24.3,2.0,4.0,2.0,4.0,,,,105.8,108.5,-2.7,91.6,0.285,0.386,0.51,,0.538,16.8,29.9,0.254,,74.0,,,,,6.0,549.5999999999999,111.96694845436885,112.0086669699727,-6.166948454368836,-3.508666969972694,-2.658281484396141,0.333,,,,
2026,2025-26,Playoffs,8.0,Cleveland Cavaliers,28.9,8.0,10.0,7.0,11.0,,,,111.5,114.7,-3.2,95.2,0.339,0.464,0.572,,0.539,13.6,28.1,0.208,,71.0,,,,,18.0,1713.6,111.96694845436885,112.0086669699727,-0.4669484543688327,2.691333030027309,-3.158281484396141,0.444,,,,
2026,2025-26,Playoffs,9.0,Denver Nuggets,28.2,2.0,4.0,2.0,4.0,,,,109.1,113.7,-4.6,98.5,0.362,0.386,0.556,,0.526,11.9,16.6,0.206,,72.3,,,,,6.0,591.0,111.96694845436885,112.0086669699727,-2.8669484543688384,1.6913330300273088,-4.558281484396147,0.333,,,,
2026,2025-26,Playoffs,10.0,Orlando Magic,24.7,3.0,4.0,2.0,5.0,,,,102.4,107.4,-5.0,95.4,0.341,0.408,0.509,,0.499,14.9,24.5,0.262,,71.1,,,,,7.0,667.8000000000001,111.96694845436885,112.0086669699727,-9.566948454368829,-4.608666969972688,-4.958281484396139,0.429,,,,
2026,2025-26,Playoffs,11.0,Los Angeles Lakers,29.5,4.0,6.0,3.0,7.0,,,,109.0,114.2,-5.2,92.8,0.315,0.348,0.579,,0.526,12.4,26.4,0.198,,71.4,,,,,10.0,928.0,111.96694845436885,112.0086669699727,-2.9669484543688327,2.191333030027309,-5.1582814843961415,0.4,,,,
2026,2025-26,Playoffs,12.0,Minnesota Timberwolves,28.0,6.0,6.0,4.0,8.0,,,,108.3,114.1,-5.8,99.9,0.264,0.342,0.532,,0.531,11.8,25.7,0.273,,78.2,,,,,12.0,1198.8000000000002,111.96694845436885,112.0086669699727,-3.666948454368836,2.0913330300273003,-5.758281484396136,0.5,,,,
2026,2025-26,Playoffs,13.0,Philadelphia 76ers,26.9,4.0,7.0,2.0,9.0,,,,109.9,120.5,-10.6,93.8,0.268,0.395,0.555,,0.562,11.5,20.1,0.19,,71.4,,,,,11.0,1031.8,111.96694845436885,112.0086669699727,-2.066948454368827,8.491333030027306,-10.558281484396131,0.364,,,,
2026,2025-26,Playoffs,14.0,Portland Trail Blazers,26.4,1.0,4.0,1.0,4.0,,,,104.3,117.3,-13.0,95.9,0.248,0.432,0.508,,0.561,13.9,26.2,0.22,,73.0,,,,,5.0,479.5,111.96694845436885,112.0086669699727,-7.6669484543688355,5.291333030027303,-12.95828148439614,0.2,,,,
2026,2025-26,Playoffs,15.0,Atlanta Hawks,26.1,2.0,4.0,1.0,5.0,,,,103.9,122.0,-18.1,96.6,0.265,0.434,0.537,,0.569,12.0,20.6,0.256,,72.5,,,,,6.0,579.5999999999999,111.96694845436885,112.0086669699727,-8.066948454368827,9.991333030027306,-18.058281484396133,0.333,,,,
2026,2025-26,Playoffs,16.0,Phoenix Suns,26.5,0.0,4.0,0.0,4.0,,,,110.8,129.0,-18.2,95.2,0.229,0.435,0.556,,0.567,9.7,27.9,0.241,,68.5,,,,,4.0,380.8,111.96694845436885,112.0086669699727,-1.1669484543688355,16.991333030027306,-18.15828148439614,0.0,,,,
