Player_ID,Player,Career_G,Career_MP,Qualified_Career,Current_Scoring,RouteB_Scoring,Current_Efficiency,RouteB_Efficiency,Current_Creation,RouteB_Creation,Current_Rebounding,RouteB_Rebounding,Current_Defense,RouteB_Defense,Current_Impact,RouteB_Impact,Current_Overall_SDI,RouteB_Overall_SDI,RouteB_Shift_Scoring,RouteB_Shift_Efficiency,RouteB_Shift_Creation,RouteB_Shift_Rebounding,RouteB_Shift_Defense,RouteB_Shift_Impact,RouteB_Shift_Overall_SDI
a-c-green,A.C. Green,1278.0,36552.0,True,30.90113827993255,27.5716694772344,68.97402424636752,76.47554806070826,30.272384687751156,20.657672849915684,82.4043661055958,83.38954468802699,51.89692104961806,53.05084745762712,52.514919011082696,52.514919011082696,50.16593798163521,55.227655986509276,-3.3294688026981483,7.501523814340743,-9.614711837835472,0.9851785824311889,1.1539264080090632,0.0,5.061718004874066
aaron-brooks,Aaron Brooks,645.0,13439.0,True,63.37921585160203,65.09274873524451,39.07058781158951,36.42495784148398,70.11590466617048,81.87183811129849,11.18327456402752,7.841483979763912,21.570632772072397,9.491525423728813,30.861040068201195,30.861040068201195,41.98402260916173,27.82462057335582,1.7135328836424861,-2.6456299701055315,11.755933445128008,-3.3417905842636086,-12.079107348343584,0.0,-14.159402035805908
aaron-gordon,Aaron Gordon,756.0,22081.0,True,60.51876053962901,61.63575042158516,65.8522427735574,72.59696458684654,64.22392910289875,72.00674536256324,64.06259598389397,63.57504215851602,44.56720565453124,41.440677966101696,47.05882352941177,47.05882352941177,57.51041793137361,73.44013490725126,1.116989881956151,6.744721813289132,7.782816259664486,-0.487553825377951,-3.1265276884295474,0.0,15.929716975877653
aaron-mckie,Aaron McKie,793.0,19156.0,True,18.275716694772346,12.647554806070826,38.521482402937664,35.58178752107926,54.89581621555048,54.974704890387855,38.93906848855645,39.96627318718381,69.58485403086702,80.59322033898304,73.06052855924979,73.06052855924979,48.33900144325289,50.0,-5.62816188870152,-2.939694881858408,0.07888867483737272,1.027204698627358,11.008366308116024,0.0,1.66099855674711
aaron-williams,Aaron Williams,715.0,12000.0,True,35.930860033726816,34.654300168634066,62.10187594205671,67.79089376053963,13.602831430231946,5.39629005059022,77.71910320533016,77.48735244519393,67.60196462588974,77.45762711864407,28.55924978687127,28.55924978687127,46.34941681672255,42.58010118043845,-1.27655986509275,5.689017818482924,-8.206541379641727,-0.2317507601362223,9.855662492754334,0.0,-3.769315636284105
adam-keefe,Adam Keefe,617.0,10334.0,True,27.840430016863408,23.355817875210793,67.43343158326039,75.04215851602024,26.049694789140283,15.430016863406408,82.58822540599702,83.72681281618887,48.472557500455615,48.47457627118644,42.028985507246375,42.028985507246375,46.43523696160388,42.917369308600335,-4.484612141652615,7.608726932759851,-10.619677925733875,1.138587410191846,0.0020187707308281233,0.0,-3.5178676530035418
adonal-foyle,Adonal Foyle,733.0,13060.0,True,4.326096121416526,1.433389544688027,14.826846660436946,5.902192242833053,4.601120320695697,1.0118043844856661,84.32160516084315,85.91905564924114,64.3287988401727,72.20338983050847,2.0460358056265986,2.0460358056265986,26.357996424569844,1.5177065767284992,-2.892706576728499,-8.924654417603893,-3.5893159362100313,1.597450488397996,7.874590990335776,0.0,-24.840289847841344
adrian-dantley,Adrian Dantley,955.0,34151.0,True,91.64523608768972,94.60370994940978,84.78384804422987,95.10961214165262,61.42691430708929,67.53794266441821,48.21066651662245,48.14502529510961,15.11581819964324,4.406779661016949,80.13640238704177,80.13640238704177,63.55068238720004,85.91905564924114,2.9584738617200514,10.325764097422748,6.1110283573289195,-0.06564122151284124,-10.709038538626292,0.0,22.368373262041104
adrian-smith,Adrian Smith,719.0,18324.0,True,46.99241146711636,47.807757166947724,43.4833073622644,41.65261382799326,49.01545217158974,45.61551433389545,2.43486095956089,0.42158516020236086,9.377664109121907,1.9491525423728813,14.066496163682864,14.066496163682864,30.07842921419248,4.3844856661045535,0.8153456998313615,-1.8306935342711412,-3.3999378376942957,-2.013275799358529,-7.428511566749026,0.0,-25.693943548087926
al-attles,Al Attles,711.0,17826.0,True,16.947723440134908,11.129848229342327,34.458248245470486,29.84822934232715,62.02311769116364,68.54974704890388,22.01414752624949,20.741989881956155,66.75191815856778,76.1864406779661,62.148337595907925,62.148337595907925,44.808085254038446,37.01517706576728,-5.817875210792581,-4.6100189031433345,6.526629357740241,-1.2721576442933369,9.434522519398328,0.0,-7.792908188271163
al-bianchi,Al Bianchi,687.0,13649.0,True,35.19034569983137,33.642495784148394,3.104580395282041,0.5902192242833052,39.22798343887378,31.02866779089376,17.875210792580102,16.020236087689714,38.78942881500426,33.13559322033898,12.27621483375959,12.27621483375959,25.95000252889363,1.1804384485666104,-1.5478499156829741,-2.514361170998736,-8.199315647980018,-1.8549747048903882,-5.653835594665274,0.0,-24.76956408032702
al-harrington,Al Harrington,981.0,28009.0,True,72.40177065767286,77.74030354131534,44.25775453737302,42.58010118043845,39.726373594613,31.618887015177066,62.03912325389268,61.88870151770658,36.486145389405976,28.305084745762713,36.99914748508099,36.99914748508099,48.40371912531791,50.33726812816189,5.338532883642486,-1.6776533569345702,-8.107486579435935,-0.15042173618610377,-8.181060643643264,0.0,1.933549002843975
al-horford,Al Horford,1183.0,36887.0,True,36.46121416526138,35.24451939291737,82.09749485438192,92.83305227655987,72.32312023125908,85.07588532883642,73.89156747789171,73.60876897133221,75.02418727813057,89.23728813559322,93.94714407502131,93.94714407502131,70.53427003940028,93.84485666104553,-1.2166947723440131,10.735557422177948,12.752765097577338,-0.28279850655950156,14.21310085746265,0.0,23.310586621645243
al-jefferson,Al Jefferson,915.0,26299.0,True,83.49515177065767,88.53288364249579,39.8588500825654,37.18381112984823,45.14926815597632,38.44856661045531,88.0039987378381,89.54468802698145,53.76352889576761,56.016949152542374,46.80306905370844,46.80306905370844,58.3120316059462,75.80101180438449,5.037731871838119,-2.6750389527171663,-6.700701545521014,1.5406892891433444,2.253420256774767,0.0,17.488980198438284
al-farouq-aminu,Al-Farouq Aminu,711.0,17698.0,True,15.144814502529512,9.780775716694773,28.78312453139393,21.922428330522767,23.0327924841083,12.225969645868465,71.8955126099345,71.75379426644182,73.21262388921853,86.27118644067797,40.92071611253197,40.92071611253197,40.07167824037495,21.753794266441822,-5.3640387858347385,-6.860696200871164,-10.806822838239833,-0.14171834349268408,13.058562551459431,0.0,-18.317883973933128
alan-henderson,Alan Henderson,652.0,13780.0,True,53.00295109612142,53.37268128161889,29.689897494775952,22.681281618887017,27.192558065118583,16.69477234401349,80.0446541258901,80.43844856661046,35.71055674563442,27.28813559322034,10.144927536231885,10.144927536231885,37.75579746974195,17.284991568296796,0.36973018549746683,-7.008615875888935,-10.497785721105092,0.39379444072035596,-8.422421152414081,0.0,-20.470805901445154
albert-king,Albert King,534.0,12836.0,True,67.05227655986509,70.99494097807757,23.28096756294712,15.177065767284992,37.02745078021659,28.246205733558178,54.16034509607009,54.72175379426644,35.396323665333696,26.694915254237287,5.115089514066496,5.115089514066496,37.72260866629557,17.032040472175378,3.9426644182124733,-8.103901795662127,-8.781245046658412,0.5614086981963524,-8.70140841109641,0.0,-20.690568194120193
alec-burks,Alec Burks,791.0,17576.0,True,72.85370994940978,78.24620573355818,43.82608040597157,41.989881956155145,60.30724045140066,64.92411467116358,40.30281377272968,40.89376053962901,40.82934964368816,36.101694915254235,47.14407502131287,47.14407502131287,52.07685524696044,60.45531197301855,5.392495784148409,-1.8361984498164219,4.61687421976292,0.5909467668993287,-4.727654728433926,0.0,8.378456726058111
alex-caruso,Alex Caruso,473.0,10307.0,True,9.437605396290053,4.2158516020236085,58.43775100329245,61.973018549747046,49.096571359454,45.78414839797639,35.0848188527995,35.83473861720068,89.26157065477678,98.98305084745763,86.78601875532821,86.78601875532821,54.496031747020986,66.3575042158516,-5.221753794266444,3.535267546454598,-3.3124229614776155,0.7499197644011772,9.721480192680858,0.0,11.86147246883062
alex-english,Alex English,1193.0,38063.0,True,87.97027824620574,91.8212478920742,64.66582582456033,71.16357504215851,73.15166098954639,85.83473861720067,50.03811224802013,50.252951096121414,33.15441582636571,23.389830508474578,66.92242114237,66.92242114237,63.320615081315566,85.24451939291737,3.85096964586846,6.497749217598184,12.683077627654285,0.21483884810128728,-9.764585317891129,0.0,21.923904311601802
alex-len,Alex Len,690.0,11754.0,True,37.69814502529511,37.268128161888704,66.4590995780831,73.60876897133221,13.749039588479606,5.564924114671164,90.4896919228397,91.56829679595278,63.09287825988301,70.08474576271186,14.322250639386189,14.322250639386189,46.03059119523221,41.73693086003372,-0.4300168634064079,7.149669393249113,-8.184115473808443,1.078604873113079,6.991867502828853,0.0,-4.2936603351984886
allan-bristow,Allan Bristow,648.0,13277.0,True,33.685286677908934,31.70320404721754,42.38214662707812,40.21922428330523,66.27875750642445,75.46374367622259,59.11728526248193,59.10623946037099,17.28310478762043,6.440677966101695,13.213981244671782,13.213981244671782,37.74384345772763,17.200674536256322,-1.9820826306913943,-2.162922343772891,9.184986169798137,-0.011045802110935199,-10.842426821518735,0.0,-20.543168921471306
allan-houston,Allan Houston,839.0,28311.0,True,81.52803541315346,86.00337268128162,69.18981760417701,77.06576728499157,45.86167382654972,40.13490725126476,11.383433904617684,8.263069139966273,19.56632521876585,8.135593220338983,20.801364023870416,20.801364023870416,44.93158528712204,37.436762225969645,4.475337268128158,7.875949680814557,-5.726766575284962,-3.120364764651411,-11.430731998426868,0.0,-7.494823061152395
allen-iverson,Allen Iverson,914.0,37584.0,True,98.79510961214166,99.57841483979765,36.377246277007295,32.715008431703204,82.19293121734977,94.77234401349072,16.834142602371127,14.33389544688027,35.682626017992604,27.203389830508474,82.86445012787723,82.86445012787723,61.19246481552352,81.11298482293424,0.7833052276559869,-3.662237845304091,12.579412796140957,-2.5002471554908574,-8.47923618748413,0.0,19.920520007410715
allen-leavell,Allen Leavell,700.0,16248.0,True,43.78709949409781,44.09780775716695,35.43620347579113,31.281618887015178,65.28893978836517,73.94603709949409,6.473619750014381,3.372681281618887,60.38271370952151,66.35593220338983,59.67604433077579,59.67604433077579,47.70048448667824,47.8920741989882,0.310708263069138,-4.154584588775954,8.657097311128922,-3.1009384683954937,5.973218493868316,0.0,0.19158971230995547
alonzo-mourning,Alonzo Mourning,838.0,25975.0,True,87.19435075885329,91.06239460370995,79.79522982429926,90.3035413153457,25.06427875538357,14.080944350758854,87.48396127027503,89.03878583473862,76.06221806802606,90.42372881355932,94.11764705882354,94.11764705882354,73.41772359603883,95.61551433389545,3.8680438448566576,10.508311491046442,-10.983334404624715,1.554824564463587,14.361510745533266,0.0,22.19779073785662
alton-lister,Alton Lister,953.0,18965.0,True,25.73946037099494,20.82630691399663,51.20087626770284,51.93929173693086,11.405149716222905,4.2158516020236085,91.6042857840771,93.25463743676222,74.49919252202028,88.22033898305085,70.50298380221653,70.50298380221653,50.45316807633701,56.57672849915683,-4.913153456998312,0.7384154692280234,-7.189298114199296,1.6503516526851172,13.721146461030571,0.0,6.123560422819821
alvan-adams,Alvan Adams,988.0,27203.0,True,65.8218802698145,69.73018549747049,60.07409952858646,63.91231028667791,56.77487521035384,58.010118043844855,73.08422228584847,72.76559865092749,79.65966268418369,93.64406779661017,74.33930093776641,74.33930093776641,67.83877301042145,91.31534569983137,3.908305227655987,3.8382107580914493,1.2352428334910144,-0.3186236349209821,13.984405112426487,0.0,23.47657268940992
alvin-robertson,Alvin Robertson,779.0,24669.0,True,52.70320404721754,53.035413153457,44.20094387070161,42.49578414839797,68.11104322521581,79.25801011804384,52.77761495472002,53.119730185497474,73.1558928261096,86.01694915254237,84.14322250639387,84.14322250639387,62.28896166053934,83.89544688026982,0.33220910623946054,-1.7051597223036339,11.146966892828033,0.342115230777452,12.86105632643276,0.0,21.606485219730473
alvin-scott,Alvin Scott,627.0,10853.0,True,12.633431703204046,6.745362563237774,47.43887980908956,46.880269814502526,43.71598884489197,36.930860033726816,55.02662298044041,55.31197301854975,64.02417516137777,71.69491525423729,57.971014492753625,57.971014492753625,45.34328010010102,38.785834738617204,-5.888069139966272,-0.5586099945870373,-6.785128811165151,0.28535003810934256,7.670740092859518,0.0,-6.557445361483815
alvin-williams,Alvin Williams,460.0,12610.0,True,30.659780775716698,27.06576728499157,17.922133710754146,8.937605396290051,66.4319394172661,75.71669477234401,18.127736174168067,16.357504215851602,43.64714570819242,39.66101694915254,11.423699914748507,11.423699914748507,33.49073024660416,8.600337268128161,-3.5940134907251284,-8.984528314464095,9.28475535507792,-1.7702319583164652,-3.986128759039879,0.0,-24.890392978475997
amar-e-stoudemire,Amar'e Stoudemire,846.0,26254.0,True,92.07672849915684,95.02529510961214,82.99729667496338,93.59190556492412,36.008813406417616,26.81281618887015,79.01027633478449,78.92074198988196,48.62987011765011,48.728813559322035,65.21739130434783,65.21739130434783,66.6628463792493,90.05059021922429,2.948566610455302,10.594608889960739,-9.195997217547465,-0.08953434490253187,0.0989434416719277,0.0,23.387743839974988
amir-johnson,Amir Johnson,870.0,18323.0,True,18.169898819561556,12.478920741989882,86.87637472296637,96.71163575042158,36.39754117688615,27.234401349072513,83.3176779512438,84.82293423271501,77.6954596852116,92.03389830508475,78.60187553282182,78.60187553282182,60.72198594473963,80.18549747048904,-5.690978077571675,9.835261027455203,-9.163139827813637,1.505256281471219,14.338438619873145,0.0,19.46351152574941
anderson-varej-o,Anderson Varejão,632.0,15087.0,True,24.8206155143339,19.898819561551434,52.41446793345112,53.79426644182125,35.20318078622823,25.801011804384487,93.91412890905592,95.7841483979764,81.98050625450429,95.67796610169492,82.18243819266837,82.18243819266837,58.08701381477103,75.04215851602024,-4.921795952782464,1.3797985083701292,-9.402168981843744,1.8700194889204766,13.697459847190629,0.0,16.955144701249203
andray-blatche,Andray Blatche,564.0,12462.0,True,73.44034569983137,78.75210792580101,25.71824678669186,18.29679595278246,25.920650659309928,15.345699831365936,79.88960868366645,80.10118043844857,80.01357853654113,94.32203389830508,23.444160272804773,23.444160272804773,51.53915693616844,59.10623946037099,5.311762225969645,-7.4214508339094,-10.574950827943992,0.21157175478211343,14.308455361763947,0.0,7.567082524202554
andre-drummond,Andre Drummond,967.0,25451.0,True,68.58115514333895,73.35581787521079,47.76108663565768,47.38617200674536,35.455280438611645,26.0539629005059,99.95782292782572,100.0,81.05653694220926,94.83050847457628,74.2540494458653,74.2540494458653,65.42635257309163,89.03878583473862,4.774662731871842,-0.37491462891232175,-9.401317538105744,0.042177072174283126,13.773971532367014,0.0,23.612433261646984
andre-iguodala,Andre Iguodala,1231.0,39507.0,True,32.25231871838111,29.63743676222597,67.28823426881398,74.95784148397976,67.9953452051816,78.92074198988196,44.03594077817965,44.18212478920742,76.87624324186751,91.1864406779661,84.22847399829497,84.22847399829497,62.17137446884762,83.47386172006745,-2.6148819561551413,7.669607215165783,10.925396784700368,0.14618401102777057,14.31019743609859,0.0,21.30248725121983
andre-miller,Andre Miller,1304.0,40268.0,True,57.80649241146712,58.600337268128165,48.87843655613486,49.156829679595276,78.61658107288072,92.24283305227657,36.20795038084337,37.268128161888704,36.10095456217883,27.71186440677966,50.63938618925831,50.63938618925831,52.36874449349042,61.804384485666105,0.7938448566610461,0.2783931234604182,13.626251979395846,1.0601777810453328,-8.389090155399167,0.0,9.435639992175687
andrea-bargnani,Andrea Bargnani,550.0,15806.0,True,78.20636593591907,83.05227655986509,47.06849942476861,46.45868465430017,38.05759021423258,29.51096121416526,49.32920232061532,49.07251264755481,31.716161833302813,21.440677966101696,18.24381926683717,18.24381926683717,44.94968353355222,37.60539629005059,4.8459106239460255,-0.6098147704684393,-8.546629000067323,-0.2566896730605137,-10.275483867201118,0.0,-7.3442872435016255
andrei-kirilenko,Andrei Kirilenko,797.0,23916.0,True,53.71774873524453,54.468802698145026,77.44251372022909,87.18381112984822,63.52838646769231,70.99494097807757,61.0054367127708,60.96121416526138,92.76038643398084,99.49152542372882,96.67519181585678,96.67519181585678,74.12711081765252,95.7841483979764,0.7510539629004995,9.741297409619136,7.466554510385258,-0.04422254750942045,6.731138989747976,0.0,21.657037580323873
andrew-bogut,Andrew Bogut,706.0,19862.0,True,24.536256323777405,19.30860033726813,57.19602535773468,60.286677908937605,34.61517677263966,24.957841483979763,91.73202802674618,93.50758853288364,77.53700106608414,91.86440677966101,84.39897698209718,84.39897698209718,57.96639269683116,74.62057335581788,-5.227655986509276,3.090652551202922,-9.657335288659894,1.7755605061374666,14.327405713576866,0.0,16.654180658986725
andrew-bynum,Andrew Bynum,418.0,10690.0,True,64.40303541315345,67.45362563237774,78.94951545484396,89.3760539629005,27.500462937066143,17.284991568296796,92.45627763259172,94.35075885328837,66.92153953313051,76.35593220338983,69.39471440750214,69.39471440750214,64.50210669623553,87.43676222596964,3.05059021922429,10.426538508056538,-10.215471368769347,1.8944812206966475,9.434392670259314,0.0,22.934655529734115
andrew-lang,Andrew Lang,737.0,15344.0,True,13.797428330522768,7.925801011804385,30.223216488571715,23.440134907251263,8.490266704833136,2.4451939291736933,73.72691201972631,73.18718381112984,72.2856650783807,85.0,32.22506393861892,32.22506393861892,36.276755050378384,13.996627318718382,-5.871627318718383,-6.783081581320452,-6.045072775659443,-0.5397282085964719,12.714334921619297,0.0,-22.280127731660002
andrew-toney,Andrew Toney,468.0,12608.0,True,87.86024451939291,91.56829679595278,77.38526350158013,87.09949409780776,70.64981887191095,82.71500843170321,8.644729851468922,5.227655986509275,37.7637931540435,30.76271186440678,88.23529411764706,88.23529411764706,64.59058370220227,87.68971332209107,3.7080522765598687,9.714230596227637,12.065189559792259,-3.4170738649596473,-7.001081289636719,0.0,23.0991296198888
andrew-wiggins,Andrew Wiggins,834.0,27951.0,True,83.0330944350759,87.77403035413154,43.25563726515272,41.14671163575042,46.96322010125726,41.65261382799326,39.82928773675602,40.472175379426645,37.087017955085,29.322033898305083,7.672634271099744,7.672634271099744,45.48129764294382,39.37605396290051,4.740935919055644,-2.1089256294023,-5.310606273264,0.6428876426706225,-7.7649840567799195,0.0,-6.105243680043316
andris-biedri,Andris Biedriņš,516.0,11146.0,True,8.723861720067454,3.6256323777403034,76.88351695593789,86.6779089376054,21.037868640379447,10.286677908937605,94.994804274487,96.88026981450253,65.28250269367568,73.8135593220339,37.169650468883205,37.169650468883205,47.41947955220611,46.45868465430017,-5.0982293423271505,9.794391981667502,-10.751190731441842,1.885465540015531,8.531056628358215,0.0,-0.9607948979059415
andr-s-nocioni,Andrés Nocioni,514.0,12013.0,True,63.63279932546375,65.68296795952783,56.47174615779496,59.359190556492415,27.86888082178185,17.622259696458684,54.334879563934855,54.974704890387855,38.6392052850621,32.71186440677966,18.15856777493606,18.15856777493606,43.792282782258525,34.654300168634066,2.050168634064079,2.887444398697454,-10.246621125323166,0.6398253264529998,-5.927340878282436,0.0,-9.137982613624459
andy-phillip,Andy Phillip,478.0,15378.0,True,17.881323777403036,12.225969645868465,24.12626920258145,16.188870151770658,74.24483864134342,86.84654300168634,34.232715008431704,35.07588532883643,37.51065643648764,30.338983050847457,45.69479965899403,45.69479965899403,38.548428484534135,18.802698145025296,-5.655354131534571,-7.937399050810793,12.601704360342922,0.8431703204047238,-7.171673385640187,0.0,-19.74573033950884
anfernee-hardaway,Anfernee Hardaway,704.0,23711.0,True,70.41104553119729,75.63237774030354,57.793517852106014,60.79258010118044,74.84927789936978,87.60539629005059,43.12873920878834,43.00168634064081,74.80113326332088,88.89830508474576,92.8388746803069,92.8388746803069,69.97990469293349,93.67622259696459,5.221332209106251,2.999062249074427,12.756118390680811,-0.1270528681475298,14.09717182142488,0.0,23.696317904031105
anfernee-simons,Anfernee Simons,444.0,11792.0,True,69.80860033726813,74.95784148397976,59.485136865106185,63.40640809443508,80.53147873109893,93.84485666104553,11.371794062175772,8.178752107925801,7.710299901008764,1.1864406779661016,35.12361466325661,35.12361466325661,46.6424972110404,43.59190556492411,5.149241146711631,3.9212712293288945,13.313377929946597,-3.1930419542499706,-6.5238592230426615,0.0,-3.0505916461162883
antawn-jamison,Antawn Jamison,1083.0,37638.0,True,87.72238617200675,91.48397976391232,45.71144284428424,44.60370994940978,49.54237197458824,46.79595278246206,69.33377080804814,69.05564924114671,25.487343670578024,13.64406779661017,21.48337595907928,21.483375959079282,49.96793432523476,54.468802698145026,3.761593591905566,-1.1077328948744594,-2.746419192126183,-0.27812156690143297,-11.843275873967855,3.552713678800501e-15,4.5008683729102685
anthony-carter,Anthony Carter,623.0,12184.0,True,8.035623946037099,3.372681281618887,8.738073363078087,3.0354131534569984,55.1154874855571,55.31197301854975,25.052886025131787,24.873524451939293,61.99828890857873,68.55932203389831,18.584825234441603,18.584825234441603,30.639927962965952,5.311973018549747,-4.662942664418212,-5.702660209621088,0.1964855329926536,-0.17936157319249446,6.561033125319582,0.0,-25.327954944416206
anthony-davis,Anthony Davis,807.0,27741.0,True,97.61846543001688,98.56661045531197,80.3355058502932,91.14671163575042,64.61143381003922,72.42833052276559,86.75486774796482,88.53288364249579,87.30199472579291,98.13559322033899,96.16368286445012,96.16368286445012,85.16589947025886,99.32546374367622,0.9481450252950907,10.811205785457219,7.8168967127263755,1.7780158945309665,10.83359849454608,0.0,14.15956427341736
anthony-edwards,Anthony Edwards,442.0,15400.0,True,95.38764755480608,97.47048903878583,67.16192379431033,74.70489038785834,61.69689057260905,67.8752107925801,36.01114092907132,37.09949409780776,47.46939740048943,46.016949152542374,25.319693094629155,25.319693094629155,58.965323942432015,76.81281618887016,2.082841483979749,7.542966593548016,6.178320219971056,1.0883531687364396,-1.4524482479470535,0.0,17.847492246438144
anthony-johnson,Anthony Johnson,793.0,15552.0,True,14.570615514333896,9.021922428330523,19.18467066832611,10.45531197301855,57.52831188696767,59.61214165261383,15.665818592234835,12.816188870151771,49.62118791384779,49.74576271186441,26.257459505541348,26.257459505541348,31.83636553102196,6.57672849915683,-5.548693086003373,-8.72935869530756,2.0838297656461577,-2.8496297220830638,0.1245747980166172,0.0,-25.259637031865132
anthony-mason,Anthony Mason,882.0,30605.0,True,29.94245362563238,26.39123102866779,70.85675818045922,79.0893760539629,60.83007145021098,66.44182124789208,74.5401134041731,74.19898819561551,43.05707129986414,38.813559322033896,72.2080136402387,72.2080136402387,55.87832806749034,69.73018549747049,-3.551222596964589,8.23261787350367,5.6117497976810995,-0.3411252085575853,-4.243511977830245,0.0,13.85185742998015
anthony-morrow,Anthony Morrow,564.0,12280.0,True,44.34085160202361,44.94097807757167,77.93474931002723,88.02698145025295,36.478690131142784,27.318718381112983,22.444707037860933,21.33220910623946,20.833286415160227,8.983050847457626,15.174765558397272,15.174765558397272,38.0345342922064,17.537942664418214,0.6001264755480591,10.092232140225718,-9.1599717500298,-1.1124979316214727,-11.850235567702601,0.0,-20.496591627788188
anthony-parker,Anthony Parker,494.0,13752.0,True,17.618465430016865,12.057335581787521,67.17389786638577,74.78920741989882,56.19728863413229,56.99831365935919,26.80774815641376,27.318718381112983,44.75626713288837,41.610169491525426,40.83546462063086,40.83546462063086,43.009361362882906,31.45025295109612,-5.561129848229344,7.615309553513043,0.8010250252268989,0.5109702246992249,-3.1460976413629425,0.0,-11.559108411786784
anthony-peeler,Anthony Peeler,827.0,20464.0,True,41.43844856661046,41.48397976391231,42.99828514491952,40.80944350758853,58.35458852095489,61.045531197301855,27.14619512574721,27.90893760539629,30.38881322204486,19.661016949152543,10.059676044330775,10.059676044330775,36.81737637177657,15.345699831365936,0.04553119730184818,-2.188841637330988,2.690942676346964,0.7627424796490807,-10.727796272892316,0.0,-21.471676540410634
anthony-tolliver,Anthony Tolliver,730.0,14197.0,True,11.75885328836425,5.564924114671164,76.91445273823305,86.76222596964587,45.78492657801939,39.88195615514334,50.22405695399719,50.843170320404724,37.31608386097149,29.661016949152543,55.413469735720376,55.413469735720376,44.65522010128454,36.76222596964587,-6.193929173693086,9.847773231412816,-5.902970422876045,0.6191133664075323,-7.655066911818945,0.0,-7.892994131638673
antoine-carr,Antoine Carr,987.0,19780.0,True,67.84569983136593,72.17537942664418,62.5385574153876,68.38111298482293,46.23073797410797,40.72512647554806,55.94707209529292,56.57672849915683,50.362036504605314,50.932203389830505,70.67348678601876,70.67348678601876,58.63538372342174,76.30691399662732,4.32967959527825,5.8425555694353335,-5.505611498559908,0.6296564038639119,0.5701668852251913,0.0,17.671530273205576
antoine-walker,Antoine Walker,893.0,31531.0,True,79.88806913996628,84.48566610455312,16.890122357152887,7.419898819561552,59.715836683954855,63.490725126475546,68.41053435567116,67.79089376053963,44.123017455979735,40.50847457627118,40.153452685422,40.153452685421996,51.19511216646604,58.51602023608769,4.597596964586842,-9.470223537591334,3.774888442520691,-0.6196405951315285,-3.6145428797085515,-7.105427357601002e-15,7.320908069621652
antonio-daniels,Antonio Daniels,872.0,19671.0,True,35.41252107925801,33.895446880269816,64.47570064881992,70.82630691399663,80.10709598653311,93.59190556492412,8.14709962184121,4.8903878583473865,17.913113095262094,6.864406779661017,23.6999147485081,23.6999147485081,40.744964180609486,23.60876897133221,-1.5170741989881975,6.350606265176708,13.484809578391008,-3.256711763493824,-11.048706315601077,0.0,-17.136195209277275
antonio-davis,Antonio Davis,903.0,26084.0,True,45.29658516020237,46.290050590219224,30.933103986936224,24.198988195615513,14.080093377730346,5.81787521079258,85.51564483465306,87.60539629005059,65.03711105207138,73.47457627118644,33.75959079283887,33.75959079283887,43.70580223276655,34.48566610455312,0.9934654300168546,-6.734115791320711,-8.262218166937767,2.0897514553975327,8.437465219115055,0.0,-9.220136128213433
antonio-mcdyess,Antonio McDyess,1015.0,28053.0,True,67.8043844856661,71.92242833052276,46.58666190043445,45.531197301854974,23.382479268173974,12.731871838111298,88.02158384236922,89.62900505902192,68.00170594910594,77.96610169491525,30.17902813299233,30.17902813299233,53.07209859870666,63.322091062394605,4.118043844856658,-1.0554645985794764,-10.650607430062676,1.6074212166526962,9.964395745809313,0.0,10.249992463687946
archie-clark,Archie Clark,725.0,23581.0,True,55.11762225969646,56.07082630691399,65.64074421936184,72.17537942664418,72.13668605886247,84.90725126475549,11.744734213380443,8.684654300168635,20.44046805417984,8.474576271186441,67.26342710997443,67.26342710997443,50.22531526510713,55.564924114671165,0.9532040472175325,6.534635207282349,12.770565205893021,-3.0600799132118084,-11.965891782993397,0.0,5.339608849564037
armen-gilliam,Armen Gilliam,929.0,26421.0,True,75.51728499156829,80.6070826306914,55.63020653406813,58.26306913996628,21.447173877008893,10.708263069139965,76.84789398172717,76.30691399662732,50.06472702048845,50.33898305084746,24.63768115942029,24.63768115942029,50.38544670100831,56.40809443507589,5.0897976391231055,2.632862605898147,-10.738910807868928,-0.5409799850998525,0.27425603035901247,0.0,6.022647734067576
armond-hill,Armond Hill,468.0,11785.0,True,14.079258010118044,8.347386172006745,10.50330896099494,3.5413153456998314,50.37919325093216,48.06070826306914,8.387457559644716,5.143338954468803,50.18081063532495,50.59322033898305,10.74168797953964,10.741687979539641,26.141675048236024,1.349072512647555,-5.731871838111299,-6.961993615295108,-2.318484987863023,-3.244118605175913,0.41240970365809915,1.7763568394002505e-15,-24.79260253558847
arnie-risen,Arnie Risen,449.0,12690.0,True,54.95910623946037,55.98650927487353,28.29993857071365,20.9106239460371,23.35581787521079,12.647554806070826,94.2664418212479,96.3743676222597,,,,,45.39523879607444,39.03878583473862,1.0274030354131582,-7.389314624676551,-10.708263069139964,2.1079258010118025,,,-6.356452961335819
arron-afflalo,Arron Afflalo,762.0,20829.0,True,39.5725126475548,38.785834738617204,72.41985054886533,80.94435075885329,59.4469713919439,62.98482293423272,20.343224193194928,19.139966273187184,14.818021546951645,4.067796610169491,32.05456095481671,32.05456095481671,41.07753905743267,25.042158516020237,-0.7866779089375981,8.524500209987963,3.53785154228882,-1.2032579200077436,-10.750224936782153,0.0,-16.035380541412437
artis-gilmore,Artis Gilmore,909.0,29685.0,True,65.3231450252951,68.71838111298483,82.47168473745874,92.91736930860034,40.36986104725636,32.377740303541316,87.94202069067032,89.46037099494097,72.13791236611878,84.91525423728814,97.7834612105712,97.78346121057119,72.03836915547899,95.10961214165262,3.3952360876897245,10.445684571141598,-7.992120743715041,1.5183503042706548,12.777341871169355,-1.4210854715202004e-14,23.07124298617363
arvydas-sabonis,Arvydas Sabonis,470.0,11375.0,True,81.50147554806071,85.91905564924114,82.57380023825792,93.17032040472175,50.42292944825293,48.229342327150086,85.25284457752423,87.09949409780776,86.55266778340108,97.71186440677967,95.56692242114237,95.56692242114237,79.40332321735858,97.97639123102867,4.417580101180434,10.596520166463833,-2.193587121102844,1.8466495202835347,11.159196623378591,0.0,18.573068013670095
austin-carr,Austin Carr,682.0,19660.0,True,73.57335581787521,79.00505902192243,21.054918432768957,12.731871838111298,56.11675424357704,56.74536256323778,26.017119061496956,26.475548060708263,28.33208400916415,17.11864406779661,44.3307757885763,44.3307757885763,42.98844128006513,31.365935919055648,5.431703204047224,-8.32304659465766,0.628608319660735,0.4584289992113071,-11.21343994136754,0.0,-11.622505361009484
austin-croshere,Austin Croshere,659.0,11480.0,True,52.64692242833053,52.951096121416526,52.90126294625689,54.30016863406408,35.22038924219787,25.885328836424957,72.83262101512574,72.68128161888701,47.377048391023166,45.932203389830505,43.73401534526855,43.734015345268546,49.41820883599205,52.951096121416526,0.30417369308599973,1.3989056878071864,-9.33506040577291,-0.1513393962387255,-1.444845001192661,-7.105427357601002e-15,3.5328872854244793
austin-rivers,Austin Rivers,707.0,16858.0,True,26.378583473861724,21.753794266441822,27.770330256706195,20.57335581787521,59.07625883182739,62.22596964586847,7.88261640169484,4.63743676222597,21.194180686605804,9.322033898305085,9.121909633418586,9.121909633418586,27.206071390719018,1.7706576728499157,-4.6247892074199015,-7.196974438830985,3.1497108140410788,-3.24517963946887,-11.87214678830072,0.0,-25.435413717869103
avery-bradley,Avery Bradley,660.0,18151.0,True,38.41357504215852,37.85834738617201,33.99547845989692,29.0893760539629,34.619666057665945,25.042158516020237,21.940299583915348,20.657672849915684,55.51580610400524,58.389830508474574,36.82864450127877,36.828644501278774,38.41220070637782,18.381112984822934,-0.5552276559865135,-4.906102405934021,-9.577507541645708,-1.2826267339996633,2.8740244044693313,7.105427357601002e-15,-20.031087721554883
avery-johnson,Avery Johnson,1054.0,26615.0,True,26.978709949409783,22.344013490725125,35.016335940502074,30.69139966273187,71.60100703503822,83.97976391231029,4.491253886701737,1.854974704890388,45.88816046297117,43.13559322033898,46.97357203751066,46.97357203751066,40.57750970124107,23.018549747048905,-4.634696458684658,-4.3249362777702025,12.378756877272068,-2.636279181811349,-2.752567242632189,0.0,-17.558959954192165
b-j-armstrong,B.J. Armstrong,747.0,17790.0,True,45.46690556492412,46.54300168634064,76.95094796009127,86.84654300168634,82.12665709311781,94.60370994940978,4.386033582450357,1.7706576728499157,25.177066043885677,13.389830508474576,66.58141517476555,66.58141517476555,52.21178780609023,61.214165261382796,1.0760961214165192,9.895595041595072,12.477052856291962,-2.615375909600441,-11.787235535411101,0.0,9.002377455292567
bailey-howell,Bailey Howell,950.0,30627.0,True,70.05016863406408,75.29510961214166,72.94291345585985,81.87183811129849,52.408825901502176,50.5902192242833,73.47943776621487,73.01854974704891,33.589087809036656,24.23728813559322,89.94032395566923,89.94032395566923,63.14844907241322,84.73861720067454,5.2449409780775795,8.928924655438635,-1.8186066772188738,-0.46088801916596367,-9.351799673443434,0.0,21.59016812826132
bam-adebayo,Bam Adebayo,640.0,19719.0,True,78.08263069139966,82.71500843170321,72.49819086814807,81.02866779089376,59.7603814488109,63.57504215851602,83.26663966377683,84.73861720067454,79.44076268043743,93.30508474576271,82.3529411764706,82.3529411764706,75.17186591494013,96.29005059021922,4.6323777403035535,8.530476922745692,3.814660709705123,1.471977536897711,13.864322065325283,0.0,21.118184675279096
baron-davis,Baron Davis,835.0,28592.0,True,76.42306070826307,81.36593591905564,23.075804675120267,14.586846543001686,87.15466840969852,98.31365935919055,29.741234697941533,31.281618887015178,56.6550083669144,60.08474576271186,91.38959931798806,91.38959931798806,61.917524521515126,82.71500843170321,4.942875210792579,-8.488958132118581,11.158990949492036,1.5403841890736452,3.42973739579746,0.0,20.797483910188085
barry-clemens,Barry Clemens,790.0,12585.0,True,31.685919055649244,28.66779089376054,26.704893945539027,19.477234401349072,29.96355167994457,20.236087689713322,49.7853284743254,49.747048903878586,42.01319747054439,37.11864406779661,,,34.875841627317854,11.382799325463743,-3.018128161888704,-7.2276595441899545,-9.727463990231247,-0.03827957044681085,-4.894553402747782,,-23.49304230185411
ben-gordon,Ben Gordon,744.0,20366.0,True,86.02213322091063,90.3035413153457,61.713098536583566,66.94772344013491,62.60241305379692,69.64586846543001,14.686219431559868,11.720067453625632,15.464006083479932,4.830508474576271,33.41858482523444,33.41858482523444,48.72758193886704,51.011804384485664,4.281408094435065,5.234624903551342,7.04345541163309,-2.9661519779342367,-10.63349760890366,0.0,2.2842224456186244
ben-mclemore,Ben McLemore,556.0,12534.0,True,34.21290050590219,32.46205733558179,52.22084403137099,53.288364249578414,20.83581288233919,9.780775716694773,17.71482829403756,15.767284991568296,32.73664142739821,22.627118644067796,6.308610400682012,6.308610400682012,29.25182600609393,3.5413153456998314,-1.750843170320401,1.0675202182074273,-11.055037165644418,-1.9475433024692634,-10.109522783330416,0.0,-25.710510660394096
ben-poquette,Ben Poquette,718.0,15763.0,True,11.903246205733558,5.81787521079258,49.07241339285676,49.494097807757164,28.811766852940817,18.718381112984822,68.86555692927675,68.38111298482293,60.14185717744226,66.1864406779661,30.26427962489344,30.264279624893437,39.7447343478134,20.994940978077572,-6.085370994940978,0.42168441490040465,-10.093385739955995,-0.48444394445381533,6.044583500523842,-3.552713678800501e-15,-18.749793369735826
ben-wallace,Ben Wallace,1088.0,32085.0,True,11.765177065767285,5.649241146711636,13.987538836571437,5.227655986509275,28.472523783358305,18.128161888701516,97.50284293075096,98.65092748735245,95.69361191642464,99.91525423728814,94.7996589940324,94.7996589940324,52.17032153994896,61.12984822934233,-6.115935919055649,-8.759882850062162,-10.344361894656789,1.1480845566014892,4.221642320863495,0.0,8.959526689393371
beno-udrih,Beno Udrih,831.0,18185.0,True,35.543844856661046,34.14839797639123,59.35229833626247,63.15345699831366,71.29824618374691,83.55817875210792,15.899248489097346,13.406408094435076,28.82060209698946,17.71186440677966,39.30093776641091,39.30093776641091,43.36503509415249,33.136593591905566,-1.395446880269816,3.8011586620511864,12.259932568361009,-2.49284039466227,-11.1087376902098,0.0,-10.228441502246923
benoit-benjamin,Benoit Benjamin,807.0,21911.0,True,52.50147554806071,52.61382799325464,54.257003283813454,56.323777403035415,9.87833719809541,3.5413153456998314,78.56178594607897,78.24620573355818,66.9704420698765,76.52542372881356,8.439897698209718,8.439897698209718,44.827118523927645,37.09949409780776,0.11235244519392751,2.066774119221961,-6.337021852395579,-0.3155802125207856,9.554981658937066,0.0,-7.727624426119888
bernard-king,Bernard King,874.0,29417.0,True,95.61698988195616,97.72344013490725,70.85427606755557,79.00505902192243,59.35047357204441,62.731871838111296,52.43383758189204,52.69814502529511,25.28877403244219,13.559322033898304,63.9386189258312,63.9386189258312,61.75527421909354,82.29342327150084,2.106450252951092,8.15078295436686,3.3813982660668884,0.26430744340306944,-11.729451998543887,0.0,20.5381490524073
bill-bradley,Bill Bradley,742.0,22799.0,True,31.498524451939296,28.41483979763912,28.226004036781674,20.82630691399663,46.103213264842935,40.640809443507585,12.784414643634843,9.696458684654301,22.91140513758505,10.677966101694915,17.22080136402387,17.22080136402387,27.928416753922185,2.2765598650927488,-3.083684654300175,-7.399697122785046,-5.46240382133535,-3.087955958980542,-12.233439035890134,0.0,-25.651856888829435
bill-bridges,Bill Bridges,926.0,30878.0,True,23.04953625632378,17.875210792580102,31.7390773273754,25.716694772344013,55.3894212322901,55.733558178752105,81.12154604402288,81.61888701517707,50.96433814069645,51.69491525423729,73.99829497016198,73.99829497016198,48.9934367757381,51.770657672849914,-5.174325463743678,-6.022382555031388,0.3441369464620081,0.4973409711541876,0.7305771135408392,0.0,2.7772208971118175
bill-cartwright,Bill Cartwright,963.0,27491.0,True,61.01306913996628,62.31028667790894,76.73145456844955,86.42495784148397,36.53872149165986,27.403035413153457,67.5747375316607,66.61045531197301,46.55131226570897,44.83050847457627,72.29326513213981,72.29326513213981,58.75644620561799,76.47554806070826,1.2972175379426645,9.693503273034423,-9.1356860785064,-0.9642822196876892,-1.7208037911327025,0.0,17.719101855090273
bill-hanzlik,Bill Hanzlik,748.0,15534.0,True,30.47807757166948,26.897133220910625,28.538623449756543,21.33220910623946,46.87704674686984,41.399662731871835,35.949018851593785,37.01517706576728,57.76439220801746,61.86440677966102,21.568627450980397,21.568627450980394,37.90972627662984,17.36930860033727,-3.5809443507588554,-7.206414343517082,-5.477384014998002,1.0661582141734982,4.100014571643555,-3.552713678800501e-15,-20.54041767629257
bill-laimbeer,Bill Laimbeer,1068.0,33956.0,True,37.112352445193935,36.677908937605395,69.80723977701517,77.65598650927487,49.35337046129307,46.45868465430017,86.77914476154027,88.70151770657672,54.76435143986829,57.28813559322034,64.8763853367434,64.8763853367434,57.69437284033002,74.03035413153457,-0.43444350758854,7.848746732259698,-2.8946858069928965,1.9223729450364573,2.5237841533520466,0.0,16.335981291204547
bill-robinzine,Bill Robinzine,529.0,11432.0,True,64.15134907251266,66.94772344013491,52.9139224035716,54.38448566610455,24.981569939270926,13.91231028667791,81.28330936952622,81.95615514333896,33.98360831640754,24.83050847457627,21.909633418584825,21.909633418584825,45.1407280948049,38.195615514333895,2.7963743676222492,1.4705632625329557,-11.069259652593017,0.6728457738127389,-9.15309984183127,0.0,-6.9451125804710045
bill-russell,Bill Russell,963.0,40726.0,True,20.470699831365938,15.261382799325464,26.166367821489818,18.802698145025296,60.845621176184736,66.61045531197301,99.74704890387858,99.83136593591905,92.58312020460356,99.40677966101696,92.58312020460356,92.58312020460357,61.24508338930406,81.19730185497471,-5.209317032040474,-7.3636696764645215,5.764834135788277,0.0843170320404738,6.823659456413395,1.4210854715202004e-14,19.952218465670654
bill-sharman,Bill Sharman,680.0,21793.0,True,76.55059021922429,81.45025295109612,52.9884102622485,54.806070826306915,69.33022933156066,81.02866779089376,20.23608768971332,18.887015177065766,11.423699914748507,2.3728813559322033,71.78175618073317,71.78175618073317,51.427539445499086,59.02192242833052,4.899662731871828,1.8176605640584143,11.698438459333104,-1.3490725126475525,-9.050818558816303,0.0,7.5943829828314335
bill-walton,Bill Walton,468.0,13250.0,True,56.42643338954469,57.16694772344014,67.23719666506193,74.87352445193929,49.21728691869412,46.12141652613828,89.48014955169023,90.64080944350759,81.71623715064788,95.42372881355932,94.45865302642795,94.45865302642797,70.73767501460985,94.18212478920742,0.7405143338954474,7.636327786877359,-3.095870392555838,1.1606598918173603,13.707491662911437,1.4210854715202004e-14,23.444449774597572
billy-cunningham,Billy Cunningham,654.0,22406.0,True,83.6247892074199,88.70151770657672,38.26630662938218,35.413153456998316,77.3768855891525,90.47217537942664,66.31423949576491,65.51433389544688,56.72376402896968,60.33898305084746,97.0161977834612,97.01619778346121,68.94566709443674,92.58010118043845,5.076728499156829,-2.8531531723838626,13.095289790274151,-0.7999056003180272,3.6152190218777775,1.4210854715202004e-14,23.634434086001704
billy-knight,Billy Knight,671.0,18412.0,True,81.95130691399663,86.25632377740304,78.44353425523968,88.53288364249579,51.78802679860351,49.83136593591905,49.55080334706893,49.325463743676224,18.651841305500312,7.627118644067797,40.57971014492754,40.57971014492754,54.24340585459862,65.68296795952783,4.305016863406408,10.089349387256107,-1.9566608626844584,-0.22533960339270465,-11.024722661432516,0.0,11.439562104929209
billy-owens,Billy Owens,600.0,17619.0,True,49.89397133220911,50.084317032040474,36.80857511553789,33.05227655986509,48.92692849623797,45.36256323777403,73.91458738732896,73.69308600337268,67.36230000047887,77.11864406779661,70.24722932651322,70.24722932651322,56.12805255140608,70.48903878583474,0.19034569983136151,-3.7562985556727995,-3.564365258463937,-0.22150138395628005,9.756344067317741,0.0,14.360986234428658
billy-paultz,Billy Paultz,637.0,13630.0,True,32.5006323777403,30.101180438448566,32.719429607761924,27.15008431703204,34.51039476306343,24.70489038785835,72.1198241773906,72.25969645868466,66.84573379585959,76.27118644067797,64.45012787723785,64.45012787723785,48.24399042352167,49.66273187183811,-2.399451939291737,-5.569345290729885,-9.805504375205082,0.13987228129406049,9.425452644818378,0.0,1.418741448316439
bimbo-coles,Bimbo Coles,852.0,20319.0,True,25.176011804384487,20.48903878583474,20.402490112915697,11.97301854974705,60.15467771319358,64.67116357504216,17.27222614851187,14.924114671163576,43.277841928271215,39.067796610169495,20.28985507246377,20.28985507246377,32.743775135607166,7.672849915682968,-4.686973018549747,-8.429471563168647,4.5164858618485795,-2.3481114773482936,-4.21004531810172,0.0,-25.0709252199242
bingo-smith,Bingo Smith,865.0,22407.0,True,55.42495784148398,56.323777403035415,19.060638052753266,10.118043844856661,48.23202252033088,44.51939291736931,42.82705365323956,42.58010118043845,33.032365530597815,23.220338983050848,22.16538789428815,22.16538789428815,37.29331157689056,16.020236087689714,0.8988195615514343,-8.942594207896605,-3.71262960296157,-0.24695247280111232,-9.812026547546967,0.0,-21.273075489200846
bismack-biyombo,Bismack Biyombo,892.0,17053.0,True,16.94329679595278,11.045531197301855,54.03144887616047,55.98650927487353,6.241626454691381,1.6863406408094435,91.53319962234066,93.00168634064082,54.51830756549258,56.94915254237288,0.6820119352088662,0.6820119352088662,34.84453200344137,11.298482293423271,-5.897765598650924,1.9550603987130586,-4.555285813881937,1.4684867183001558,2.4308449768803015,0.0,-23.546049710018103
bison-dele,Bison Dele,413.0,10004.0,True,68.8054384485666,73.69308600337268,71.25387472231279,79.59527824620574,11.707443086845672,4.4688026981450255,83.44068213837903,84.90725126475549,63.653644683817184,71.01694915254237,13.29923273657289,13.29923273657289,51.981521876092415,60.286677908937605,4.88764755480608,8.34140352389295,-7.238640388700646,1.4665691263764558,7.3633044687251825,0.0,8.30515603284519
blair-rasmussen,Blair Rasmussen,532.0,11409.0,True,44.03941821247892,44.51939291736931,22.9573682453237,14.165261382799326,25.291259147148605,14.502529510961214,74.11340637122416,73.77740303541316,50.6446686555967,51.52542372881356,20.03410059676044,20.034100596760442,38.10808155380133,17.79089376053963,0.4799747048903882,-8.792106862524374,-10.78872963618739,-0.33600333581100017,0.8807550732168536,3.552713678800501e-15,-20.3171877932617
blake-griffin,Blake Griffin,765.0,24384.0,True,93.73650927487353,96.45868465430017,69.06363274017858,76.89713322091062,76.7464642333674,89.62900505902192,75.28002689516202,74.87352445193929,53.995729600845095,56.186440677966104,86.53026427962489,86.53026427962489,75.37825373212337,96.45868465430017,2.722175379426645,7.833500480732042,12.882540825654516,-0.40650244322273466,2.1907110771210085,0.0,21.080430922176802
blue-edwards,Blue Edwards,704.0,18409.0,True,49.3924957841484,49.57841483979764,59.0922158038648,62.98482293423272,40.39925897039455,32.46205733558179,40.39027904077152,40.97807757166948,48.29063365910963,47.88135593220339,15.430520034100596,15.430520034100597,43.76919085190288,34.56998313659359,0.1859190556492365,3.8926071303679137,-7.937201634812759,0.5877985308979632,-0.40927772690623954,1.7763568394002505e-15,-9.199207715309285
bo-outlaw,Bo Outlaw,914.0,20740.0,True,13.360244519392916,7.588532883642496,75.50867465004558,84.82293423271501,36.86912653822986,27.993254637436763,72.06967489671318,72.00674536256324,93.11511715780831,99.57627118644068,91.47485080988918,91.47485080988918,61.43949727281975,81.78752107925801,-5.77171163575042,9.314259582669436,-8.875871900793094,-0.06292953414994429,6.4611540286323645,0.0,20.348023806438263
bob-boozer,Bob Boozer,874.0,25549.0,True,57.16252107925801,57.75716694772344,56.0008348690655,58.85328836424958,43.43594758684424,36.42495784148398,68.18444839226508,67.36930860033726,14.748508098891731,3.8983050847457625,65.13213981244672,65.13213981244672,48.23303263356184,49.494097807757164,0.5946458684654274,2.852453495184079,-7.010989745360263,-0.8151397919278196,-10.850203014145968,0.0,1.2610651741953234
bob-cousy,Bob Cousy,855.0,30165.0,True,74.31408094435076,79.67959527824621,22.995039407242963,14.33389544688027,93.81012909366216,99.91568296795953,30.775716694772346,32.04047217537943,13.72549019607843,3.4745762711864407,86.35976129582268,86.35976129582268,53.52286258613592,64.2495784148398,5.365514333895447,-8.661143960362693,6.105553874297371,1.2647554806070822,-10.25091392489199,0.0,10.726715828703881
bob-dandridge,Bob Dandridge,839.0,29502.0,True,65.83705733558179,69.81450252951096,54.69993205854463,56.82967959527824,62.24130251394482,69.13996627318718,51.85014899232179,52.02360876897133,58.95339397201016,64.23728813559322,89.769820971867,89.769820971867,63.57070395996233,86.00337268128162,3.977445193929171,2.1297475367336105,6.898663759242368,0.17345977664953693,5.2838941635830565,0.0,22.43266872131929
bob-ferry,Bob Ferry,634.0,12828.0,True,43.94898819561551,44.18212478920742,27.1221090879767,20.06745362563238,41.92356718576988,34.90725126475548,63.06913996627319,62.731871838111296,57.54475703324808,61.779661016949156,61.46632566069906,61.46632566069906,47.64718443570016,47.55480607082631,0.23313659359190808,-7.054655462344321,-7.016315921014403,-0.3372681281618952,4.234903983701074,0.0,-0.09237836487385209
bob-gross,Bob Gross,513.0,12575.0,True,19.76327993254637,14.33389544688027,72.93843432882186,81.78752107925801,60.08602491141126,64.33389544688028,55.56529487452775,55.64924114671164,80.83855521915063,94.7457627118644,90.7075873827792,90.7075873827792,62.14464995208197,83.38954468802699,-5.429384485666102,8.849086750436157,4.247870535469019,0.08394627218388706,13.907207492713766,0.0,21.244894735945017
bob-hansen,Bob Hansen,575.0,11104.0,True,22.23882799325464,17.032040472175378,33.61479826851815,28.077571669477233,44.99169150935588,38.195615514333895,30.502138232143327,31.956155143338954,46.14088119571754,43.813559322033896,46.46206308610401,46.46206308610401,37.30021302881085,16.104553119730184,-5.206787521079264,-5.537226599040917,-6.796075995021987,1.4540169111956267,-2.327321873683644,0.0,-21.195659909080668
bob-harrison,Bob Harrison,481.0,12926.0,True,18.839797639123105,13.322091062394604,1.8803409681160657,0.25295109612141653,57.51486428667873,59.527824620573355,7.75716694772344,4.5531197301854975,50.12787723785166,50.50847457627118,51.83290707587383,51.83290707587383,32.29661690601195,7.251264755480607,-5.517706576728502,-1.6273898719946491,2.0129603338946254,-3.2040472175379424,0.3805973384195198,0.0,-25.045352150531343
bob-kauffman,Bob Kauffman,525.0,13568.0,True,45.04574198988196,46.03709949409781,65.88729149026501,72.68128161888701,53.52608664486022,52.86677908937605,68.09998583980321,67.28499156829679,37.88247281237901,31.35593220338983,49.190110826939474,49.190110826939474,51.871214499590906,59.527824620573355,0.9913575042158485,6.793990128621999,-0.659307555484169,-0.8149942715064213,-6.526540608989176,0.0,7.6566101209824495
bob-lanier,Bob Lanier,959.0,32103.0,True,84.06387015177066,88.87015177065767,73.84541017539212,82.79932546374367,57.70615183565734,60.20236087689713,79.6831740774411,79.76391231028668,70.73926612964414,82.79661016949153,92.49786871270248,92.49786871270247,75.49385397261801,96.62731871838112,4.806281618887013,8.953915288351553,2.496209041239794,0.08073823284559012,12.057344039847393,-1.4210854715202004e-14,21.133464745763106
bob-love,Bob Love,789.0,25120.0,True,82.23967116357505,86.76222596964587,23.260620269767067,15.09274873524452,35.5729527923156,26.222596964586845,49.55768130671332,49.4097807757167,12.215985309524054,2.6271186440677967,19.69309462915601,19.69309462915601,37.343298757935656,16.188870151770658,4.522554806070815,-8.167871534522547,-9.350355827728752,-0.1479005309966226,-9.588866665456258,0.0,-21.154428606165
bob-mcadoo,Bob McAdoo,852.0,28327.0,True,92.87352445193928,95.69983136593592,63.345825816363885,69.05564924114671,45.50808562639615,39.29173693086003,75.7703284141185,75.46374367622259,47.74701476050065,46.610169491525426,67.68968456947997,67.68968456947997,64.81180380254703,88.02698145025295,2.826306913996646,5.709823424782826,-6.216348695536119,-0.30658473789590346,-1.1368452689752218,0.0,23.215177647705914
bob-pettit,Bob Pettit,792.0,30690.0,True,92.99346543001688,95.7841483979764,52.01437658761501,53.035413153457,65.03765685192089,73.44013490725126,98.22934232715006,98.98819561551433,1.7050298380221651,0.2542372881355932,91.64535379369138,91.64535379369138,62.69526877922336,84.14839797639124,2.790682967959512,1.0210365658419889,8.402478055330377,0.7588532883642642,-1.450792549886572,0.0,21.453129197167875
bob-rule,Bob Rule,403.0,11862.0,True,80.0522765598651,84.65430016863407,39.88253724298722,37.268128161888704,48.21837794914823,44.435075885328835,60.18233095719985,59.94940978077572,22.947750968490407,10.76271186440678,61.29582267689685,61.29582267689685,51.05225105214255,58.010118043844855,4.60202360876896,-2.6144090810985148,-3.7833020638193915,-0.232921176424135,-12.185039104083627,0.0,6.9578669917023035
bob-sura,Bob Sura,657.0,15597.0,True,50.72807757166948,50.843170320404724,31.987395932275803,26.138279932546375,61.313040166407085,67.28499156829679,46.39280594766192,46.711635750421586,56.82965581171696,60.42372881355932,48.4228473998295,48.4228473998295,49.713954197921694,53.79426644182125,0.11509274873524333,-5.8491159997294275,5.971951401889704,0.3188298027596659,3.594073001842361,0.0,4.080312243899556
bob-weiss,Bob Weiss,783.0,17277.0,True,19.198988195615517,13.659359190556492,25.493746783263724,18.043844856661046,74.71005443656304,87.43676222596964,4.641851572569331,2.0236087689713322,42.83189902304008,38.559322033898304,37.34015345268542,37.34015345268542,35.97117679453225,13.237774030354132,-5.539629005059025,-7.449901926602678,12.726707789406603,-2.6182428035979983,-4.2725769891417755,0.0,-22.733402764178116
bob-wilkerson,Bob Wilkerson,536.0,14883.0,True,28.84380269814503,25.042158516020237,8.307288630648143,2.6138279932546373,39.89433115004714,31.871838111298484,42.457989621212704,42.32715008431703,48.15910697962355,47.3728813559322,7.246376811594203,7.246376811594203,29.513223275871415,3.709949409780776,-3.801644182124793,-5.693460637393506,-8.022493038748653,-0.13083953689567096,-0.786225623691351,0.0,-25.803273866090638
bobby-jackson,Bobby Jackson,755.0,16790.0,True,62.4274873524452,63.827993254637434,31.701613251677248,25.632377740303543,54.9792354493238,55.227655986509276,44.36732976798493,44.51939291736931,45.05725879459423,42.20338983050848,21.994884910485933,21.994884910485933,44.727381084142095,36.930860033726816,1.4005059021922364,-6.069235511373705,0.2484205371854742,0.15206314938438226,-2.8538689640857555,0.0,-7.796521050415279
bobby-jones,Bobby Jones,865.0,21044.0,True,44.00737774030354,44.435075885328835,84.24933841801153,94.43507588532884,57.6251897503873,59.86509274873524,61.04568448841262,61.12984822934233,89.05218086645623,98.8135593220339,95.39641943734016,95.39641943734016,71.43764028698799,94.5193929173693,0.42769814502529613,10.18573746731731,2.2399029983479437,0.08416374092971068,9.76137845557767,0.0,23.081752630381317
bobby-phills,Bobby Phills,467.0,13426.0,True,54.54342327150085,55.564924114671165,42.21514798676221,39.88195615514334,61.63226770719552,67.79089376053963,34.34463158367477,35.32883642495784,68.38963574331925,78.8135593220339,72.46376811594203,72.46376811594203,56.66794163981444,71.66947723440136,1.0215008431703154,-2.333191831618869,6.158626053344115,0.9842048412830735,10.42392357871465,0.0,15.001535594586919
bobby-portis,Bobby Portis,721.0,16526.0,True,62.11382799325463,63.490725126475546,60.39533204879511,64.67116357504216,49.18191925341313,46.03709949409781,86.44735767868586,88.44856661045532,31.677584813999644,21.35593220338983,25.404944586530263,25.404944586530263,50.98882787129194,57.841483979763915,1.3768971332209148,4.275831526247046,-3.144819759315318,2.0012089317694546,-10.321652610609814,0.0,6.852656108471976
bobby-simmons,Bobby Simmons,466.0,11513.0,True,36.60897976391231,35.66610455311973,54.55895563721994,56.6610455311973,43.71781062582765,37.01517706576728,52.83347175457441,53.37268128161889,37.72608065226257,30.508474576271187,21.6538789428815,21.6538789428815,41.02761820210286,24.873524451939293,-0.9428752107925789,2.1020898939773645,-6.70263356006037,0.539209527044477,-7.21760607599138,0.0,-16.154093750163565
bogdan-bogdanovi,Bogdan Bogdanović,526.0,14750.0,True,55.44034569983137,56.40809443507589,64.33490685981388,70.48903878583474,69.57292782577785,81.45025295109612,23.86360838669076,22.765598650927487,39.075626800749454,33.898305084745765,37.85166240409208,37.851662404092075,50.62225804867764,57.251264755480605,0.9677487352445198,6.1541319260208525,11.877325125318265,-1.0980097357632737,-5.177321716003689,-7.105427357601002e-15,6.6290067068029686
bojan-bogdanovi,Bojan Bogdanović,719.0,20890.0,True,71.91673693086003,77.15008431703204,87.70523946805163,96.88026981450253,47.69777318489491,43.42327150084317,27.183456143912025,28.077571669477233,5.470607172429298,0.5084745762711864,24.978687127024724,24.978687127024724,46.07639675544734,41.8212478920742,5.233347386172014,9.175030346450896,-4.274501684051742,0.8941155255652085,-4.962132596158112,0.0,-4.255148863373144
bonzi-wells,Bonzi Wells,591.0,15133.0,True,80.96711635750421,85.49747048903879,40.63082168426087,38.27993254637437,53.571215350387725,53.035413153457,60.112822306023865,59.86509274873524,58.16760196580034,62.71186440677966,65.64364876385336,65.64364876385336,59.95704925615037,78.75210792580101,4.53035413153458,-2.3508891378865044,-0.5358021969307245,-0.247729557288622,4.544262440979324,0.0,18.795058669650643
boris-diaw,Boris Diaw,1064.0,28768.0,True,14.846964586846545,9.612141652613827,66.55632377669644,73.77740303541316,57.70070351642144,60.03372681281619,52.15479042644259,52.529510961214164,55.3683474115273,58.05084745762712,61.97783461210571,61.97783461210571,50.25258797984673,55.64924114671164,-5.234822934232717,7.221079258716713,2.3330232963947495,0.3747205347715763,2.6825000460998183,0.0,5.396653166864908
brad-daugherty,Brad Daugherty,548.0,20029.0,True,77.29468802698146,82.04047217537942,79.21196524393991,89.79763912310287,58.62062652953372,61.38279932546374,75.9945965954017,75.88532883642496,53.07711265971376,54.74576271186441,76.04433077578858,76.04433077578858,69.12964395381294,92.7487352445194,4.745784148397959,10.585673879162954,2.76217279593002,-0.1092677589767419,1.668650052150646,0.0,23.61909129070645
brad-davis,Brad Davis,961.0,22302.0,True,22.689924114671165,17.36930860033727,85.82438391163238,95.86846543001687,83.02479752570481,95.95278246205734,5.334068813812192,2.6138279932546373,34.680130579894524,25.93220338983051,78.51662404092072,78.51662404092072,53.02668506860841,63.069139966273184,-5.320615514333895,10.044081518384488,12.92798493635253,-2.720240820557555,-8.747927190064015,0.0,10.042454897664776
brad-lohaus,Brad Lohaus,656.0,10378.0,True,30.308178752107928,26.559865092748737,37.94639104455957,34.822934232715006,41.018898805844735,33.473861720067454,55.66706751214086,55.98650927487353,52.87247646015659,54.57627118644068,17.561807331628305,17.561807331628305,39.06576929407029,19.561551433389546,-3.748313659359191,-3.1234568118445623,-7.545037085777281,0.3194417627326658,1.7037947262840873,0.0,-19.504217860680747
brad-miller,Brad Miller,868.0,24537.0,True,51.349704890387855,51.5177065767285,75.57195556846166,84.90725126475549,58.680773213992445,61.46711635750422,78.09026579520703,77.99325463743676,61.14753993059296,67.54237288135593,62.40409207161125,62.40409207161125,63.28897048320216,84.99156829679595,0.16800168634064505,9.335295696293826,2.786343143511772,-0.09701115777026814,6.394832950762968,0.0,21.70259781359379
bradley-beal,Bradley Beal,807.0,27681.0,True,88.69413996627318,92.4114671163575,74.20650895238585,83.47386172006745,77.86149208798369,90.97807757166947,28.644731221142315,29.93254637436762,40.5363480431657,35.76271186440678,76.98209718670077,76.98209718670077,66.61861768757885,89.96627318718382,3.7173271500843157,9.2673527676816,13.116585483685782,1.2878151532253064,-4.77363617875892,0.0,23.34765549960497
brandon-bass,Brandon Bass,758.0,16410.0,True,48.71100337268128,48.988195615514336,67.83913558901877,75.63237774030354,21.099972316649392,10.45531197301855,68.77897550921196,68.21247892074199,59.86203032678264,65.9322033898305,38.27791986359761,38.27791986359761,50.112957772965984,55.1433389544688,0.27719224283305266,7.7932421512847725,-10.644660343630843,-0.566496588469974,6.070173063047868,0.0,5.030381181502818
brandon-ingram,Brandon Ingram,572.0,18920.0,True,89.06766441821247,92.7487352445194,60.80985147499286,65.17706576728499,58.895738852505744,61.88870151770658,38.88246611311243,39.713322091062395,34.58828289922394,25.677966101694917,15.856777493606138,15.856777493606138,52.50151962595066,62.22596964586847,3.6810708263069216,4.367214292292125,2.992962665200835,0.830855977949966,-8.910316797529024,0.0,9.72445001991781
brandon-jennings,Brandon Jennings,555.0,16844.0,True,71.40472175379426,76.47554806070826,18.40257888535102,9.443507588532883,72.81390175322193,85.41315345699832,19.381433432001334,17.622259696458684,54.3642192448187,56.779661016949156,60.44330775788576,60.44330775788576,51.76765177234044,59.359190556492415,5.070826306914,-8.959071296818136,12.599251703776389,-1.7591737355426496,2.415441772130457,0.0,7.591538784151972
brandon-knight,Brandon Knight,451.0,13202.0,True,70.80354131534571,75.96964586846543,32.503078849360854,26.81281618887015,52.812803283489686,51.34907251264755,21.443523753467872,20.236087689713322,26.27451286617819,14.576271186440678,9.633418584825234,9.633418584825234,38.32455112328341,18.128161888701516,5.166104553119723,-5.690262660490703,-1.4637307708421332,-1.2074360637545496,-11.69824167973751,0.0,-20.196389234581897
brandon-rush,Brandon Rush,481.0,10564.0,True,11.04279089376054,5.311973018549747,47.84870326990848,47.639123102866776,29.897352733636158,20.15177065767285,30.948935844629425,32.377740303541316,46.736965726416926,45.16949152542373,24.12617220801364,24.12617220801364,32.05691291644146,6.829679595278246,-5.730817875210793,-0.20958016704170745,-9.74558207596331,1.4288044589118911,-1.5674742009931961,0.0,-25.227233321163215
brendan-haywood,Brendan Haywood,816.0,18680.0,True,28.416736930860036,24.114671163575043,64.66248537084886,71.07925801011804,11.712718418861137,4.5531197301854975,84.88338234113552,86.59359190556492,69.40468183443048,80.16949152542372,56.43648763853368,56.43648763853368,49.84350141222718,54.047217537942664,-4.302065767284994,6.416772639269183,-7.159598688675639,1.7102095644294053,10.764809690993246,0.0,4.203716125715488
brent-barry,Brent Barry,912.0,23643.0,True,26.152824620573355,21.500843170320405,95.26537312859548,99.6627318718381,74.2588630451848,86.93086003372682,30.1711117100062,31.534569983136592,53.190023168199744,55.08474576271186,79.88064791133844,79.88064791133844,60.33478626661641,79.51096121416526,-4.651981450252951,4.39735874324262,12.67199698854202,1.3634582731303908,1.8947225945121176,0.0,19.17617494754885
brevin-knight,Brevin Knight,729.0,18176.0,True,23.721121416526135,18.381112984822934,8.379128307750078,2.69814502529511,60.7938398059255,66.27318718381113,17.63360376713895,15.598650927487352,64.69792360192376,72.71186440677967,58.39727195225917,58.39727195225917,39.87010337325616,21.163575042158516,-5.3400084317032,-5.680983282454967,5.479347377885631,-2.0349528396515986,8.013940804855906,0.0,-18.70652833109764
brian-grant,Brian Grant,756.0,21417.0,True,46.52424114671164,47.38617200674536,58.69627183752624,62.14165261382799,15.401133010895151,6.57672849915683,85.978826158878,88.11129848229342,65.90171731846374,74.91525423728814,41.85848252344416,41.85848252344416,50.50139645309808,56.82967959527824,0.8619308600337234,3.4453807763017537,-8.824404511738322,2.1324723234154277,9.0135369188244,0.0,6.328283142180162
brian-shaw,Brian Shaw,943.0,21666.0,True,16.95004215851602,11.2141652613828,12.60372043167251,4.1315345699831365,56.442754891471054,57.41989881956155,45.30389229039242,45.952782462057336,40.41476336359446,35.42372881355932,8.013640238704177,8.013640238704177,29.740076785304208,3.9629005059021924,-5.73587689713322,-8.472185861689374,0.9771439280904985,0.6488901716649167,-4.991034550035138,0.0,-25.777176279402013
brian-skinner,Brian Skinner,608.0,10910.0,True,12.970699831365938,6.913996627318719,41.33141425607657,39.12310286677909,7.4028451491512595,2.0236087689713322,83.53093548278518,85.07588532883642,47.7891999655411,46.69491525423729,4.603580562659847,4.603580562659847,30.31637825397394,4.5531197301854975,-6.056703204047219,-2.208311389297478,-5.379236380179927,1.5449498460512388,-1.094284711303814,0.0,-25.763258523788444
brian-winters,Brian Winters,650.0,19938.0,True,64.33431703204047,67.28499156829679,53.47980831442622,55.1433389544688,62.93825813457933,69.98313659359191,12.326094989306943,9.106239460370995,37.50584996561479,30.25423728813559,33.67433930093777,33.67433930093777,47.16356113985588,45.69983136593592,2.950674536256315,1.6635306400425804,7.04487845901258,-3.2198555289359483,-7.251612677479201,0.0,-1.4637297739199582
brook-lopez,Brook Lopez,1180.0,35157.0,True,72.02381956155143,77.23440134907251,80.83476159550766,91.48397976391232,30.88176298959981,20.994940978077572,62.0880290380826,61.973018549747046,60.46703168475889,66.44067796610169,37.68115942028985,37.68115942028985,58.21334424531921,75.29510961214166,5.210581787521079,10.649218168404659,-9.886822011522238,-0.11501048833555672,5.973646281342802,0.0,17.081765366822445
bruce-bowen,Bruce Bowen,873.0,24052.0,True,3.1053962900505905,0.6745362563237775,31.02805879509997,24.45193929173693,31.800491973886597,21.66947723440135,23.17863215850386,22.17537942664418,70.94450329952232,82.96610169491525,88.32054560954816,88.32054560954816,40.47614909026407,22.765598650927487,-2.430860033726813,-6.576119503363039,-10.131014739485249,-1.0032527318596784,12.021598395392928,0.0,-17.710550439336586
bruce-brown,Bruce Brown,539.0,13374.0,True,18.787521079258013,13.237774030354132,49.641898563677046,49.83136593591905,58.572896599829626,61.29848229342327,51.00108910301328,51.602023608768974,59.61603178280933,65.0,42.19948849104859,42.19948849104859,46.21141900395262,42.07419898819562,-5.549747048903882,0.1894673722420066,2.7255856935936436,0.6009345057556956,5.38396821719067,0.0,-4.137220015757002
bryant-stith,Bryant Stith,586.0,16417.0,True,41.37921585160203,41.31534569983137,45.94412721850625,44.772344013490724,41.70985268488226,34.56998313659359,36.51254312689233,37.60539629005059,52.51330073312954,53.983050847457626,30.349531116794545,30.349531116794545,42.487223428647205,29.342327150084316,-0.06387015177065791,-1.1717832050155295,-7.139869548288665,1.09285316315826,1.469750114328086,0.0,-13.14489627856289
bryon-russell,Bryon Russell,841.0,19805.0,True,32.57251264755481,30.26981450252951,65.89853428643565,72.76559865092749,47.87157722968035,44.09780775716695,48.99162675929493,48.81956155143339,71.24908529126049,83.72881355932203,87.21227621483376,87.21227621483376,58.16071775939246,75.21079258010118,-2.3026981450252997,6.8670643644918385,-3.7737694725134006,-0.172065207861543,12.47972826806155,0.0,17.050074820708723
buck-johnson,Buck Johnson,505.0,11849.0,True,36.13448566610456,34.822934232715006,38.95578817581969,36.08768971332209,31.380124200419065,21.247892074198987,45.66724972570535,46.290050590219224,69.89437891339468,81.27118644067797,20.460358056265985,20.460358056265985,41.42344670241779,26.0539629005059,-1.3115514333895533,-2.868098462497599,-10.132232126220078,0.6228008645138772,11.37680752728329,0.0,-15.36948380191189
buck-williams,Buck Williams,1307.0,42464.0,True,41.87963743676223,41.8212478920742,78.91492625952512,89.12310286677909,24.200172458597336,13.406408094435076,90.8983316339259,91.90556492411467,62.76577090706101,69.83050847457628,75.2770673486786,75.2770673486786,59.196528351660525,77.40303541315346,-0.05838954468803337,10.208176607253975,-10.79376436416226,1.0072332901887648,7.064737567515266,0.0,18.206507061492935
bucky-bockhorn,Bucky Bockhorn,474.0,14791.0,True,17.154932546374372,11.382799325463743,9.14224911828814,3.204047217537943,56.583121929760246,57.58853288364249,32.88364249578415,33.895446880269816,,,,,28.14185828568559,2.6138279932546373,-5.772133220910629,-5.938201900750197,1.0054109538822473,1.0118043844856643,,,-25.52803029243095
buddy-hield,Buddy Hield,765.0,20999.0,True,59.79426644182125,60.70826306913997,68.4548221471621,75.96964586846543,57.42391621553144,59.359190556492415,38.664071007064535,39.54468802698145,31.32663457309164,20.847457627118644,17.135549872122763,17.135549872122763,47.25537979674576,45.86846543001686,0.913996627318717,7.51482372130333,1.935274340960973,0.8806170199169117,-10.479176945972995,0.0,-1.3869143667288952
butch-beard,Butch Beard,605.0,14283.0,True,29.061973018549747,25.21079258010118,60.51656337533768,64.75548060708263,56.35946090484981,57.251264755480605,41.16315697189145,41.399662731871835,38.084780081551145,31.864406779661017,29.83802216538789,29.838022165387894,42.81729946482989,30.94435075885329,-3.8511804384485657,4.238917231744949,0.8918038506307937,0.23650575998038192,-6.2203733018901275,3.552713678800501e-15,-11.872948705976597
byron-scott,Byron Scott,1073.0,30152.0,True,67.16884485666105,71.24789207419899,76.25774066347826,85.66610455311972,66.77565306968657,76.55986509274874,20.13036360292008,18.634064080944352,57.00871057629254,60.847457627118644,79.28388746803068,79.28388746803068,63.39853494505114,85.58178752107926,4.0790472175379335,9.408363889641464,9.784212023062167,-1.496299521975729,3.8387470508261003,0.0,22.183252576028124
c-j-miles,C.J. Miles,849.0,17284.0,True,61.93697301854975,63.23777403035413,45.53186078986998,44.35075885328836,49.144083032998935,45.86846543001686,29.096491916697623,30.26981450252951,51.96845922336708,53.30508474576271,54.30520034100597,54.30520034100597,50.209090033788826,55.48060708263069,1.3008010118043813,-1.1811019365816193,-3.2756176029820736,1.1733225858318868,1.3366255223956358,0.0,5.271517048841865
c-j-watson,C.J. Watson,600.0,12093.0,True,32.097175379426645,29.342327150084316,47.5663945178734,47.048903878583474,65.85393853649248,75.04215851602024,16.479298461272407,13.996627318718382,44.28386197821331,40.847457627118644,44.671781756180735,44.671781756180735,43.452884296831854,33.305227655986506,-2.754848229342329,-0.5174906392899246,9.188219979527759,-2.4826711425540253,-3.436404351094666,0.0,-10.147656640845348
cj-mccollum,CJ McCollum,863.0,27528.0,True,77.23566610455313,81.87183811129849,59.01433129519567,62.731871838111296,82.90932575082829,95.53119730185497,24.22457622899244,23.440134907251263,35.73901682670864,27.372881355932204,84.05797101449275,84.05797101449275,62.0326014455374,82.96795952782462,4.636172006745355,3.7175405429156285,12.621871551026686,-0.784441321741177,-8.366135470776438,0.0,20.935358082287216
calbert-cheaney,Calbert Cheaney,825.0,22007.0,True,32.32293423271501,29.763912310286678,28.36142887817948,20.994940978077572,39.92481434505516,31.956155143338954,35.64115425513966,36.42495784148398,37.911107186685385,31.440677966101696,14.919011082693949,14.919011082693947,32.09471975701566,6.913996627318719,-2.559021922428336,-7.366487900101909,-7.968659201716207,0.7838035863443196,-6.470429220583689,-1.7763568394002505e-15,-25.180723129696943
caldwell-jones,Caldwell Jones,1068.0,26474.0,True,5.728288364249579,2.1922428330522767,37.91081470060789,34.73861720067454,9.495647230726616,3.204047217537943,80.73407567566333,81.02866779089376,61.98700765867185,68.38983050847457,13.981244671781756,13.981244671781756,32.44076832885968,7.504215851602024,-3.5360455311973022,-3.172197499933347,-6.291600013188674,0.2945921152304294,6.402822849802725,0.0,-24.93655247725766
calvin-murphy,Calvin Murphy,1002.0,30607.0,True,80.6424957841484,85.24451939291737,57.81120274712019,60.87689713322091,78.97778391896207,92.58010118043845,7.682949451809098,4.4688026981450255,29.618550398727702,18.389830508474578,62.65984654731458,62.65984654731458,55.940015812797455,69.98313659359191,4.602023608768974,3.0656943861007164,13.602317261476372,-3.214146753664073,-11.228719890253124,0.0,14.043120780794453
calvin-natt,Calvin Natt,599.0,18818.0,True,76.13785834738617,81.11298482293424,78.41150608126335,88.44856661045532,52.36904044678644,50.505902192242836,64.35810675028152,63.99662731871838,30.77883117352306,20.423728813559322,70.1619778346121,70.1619778346121,61.153304495683,80.94435075885329,4.975126475548066,10.037060529191962,-1.8631382545436068,-0.36147943156314,-10.355102359963738,0.0,19.791046263170287
campy-russell,Campy Russell,566.0,16781.0,True,82.40682967959529,86.93086003372682,50.50727714220125,51.18043844856661,59.55826764797396,63.322091062394605,48.47652011735966,48.397976391231026,30.83541742088523,20.508474576271187,63.00085251491901,63.00085251491901,56.05539718416447,70.40472175379426,4.524030354131526,0.6731613063653654,3.763823414420642,-0.07854372612863614,-10.326942844614042,0.0,14.349324569629793
caris-levert,Caris LeVert,584.0,15706.0,True,65.87352445193929,69.98313659359191,35.12408578647075,30.860033726812816,72.08980775147161,84.82293423271501,34.22205596039179,34.991568296795954,48.21251132875868,47.45762711864407,41.34697357203751,41.34697357203751,51.290865301035424,58.85328836424958,4.109612141652619,-4.264052059657935,12.733126481243403,0.7695123364041621,-0.7548842101146107,0.0,7.562423063214155
carl-braun,Carl Braun,617.0,18409.0,True,57.34464586846544,58.09443507588533,41.05048230291042,38.61720067453626,82.03213444284413,94.5193929173693,19.898819561551434,18.29679595278246,9.036658141517476,1.7796610169491525,74.76555839727195,74.76555839727195,47.61385825382701,47.13322091062395,0.7497892074198873,-2.4332816283741607,12.487258474525177,-1.6020236087689739,-7.256997124568324,0.0,-0.48063734320306395
carl-landry,Carl Landry,513.0,11524.0,True,72.05712478920742,77.31871838111299,84.8195954359571,95.19392917369309,28.05429917471535,17.706576728499158,75.10126652768278,74.62057335581788,38.35119248898248,32.11864406779661,42.369991474850806,42.369991474850806,56.004546320070574,70.06745362563238,5.261593591905566,10.374333737735995,-10.347722446216192,-0.4806931718648997,-6.232548421185868,0.0,14.062907305561808
carlos-arroyo,Carlos Arroyo,569.0,10651.0,True,41.41736930860034,41.399662731871835,31.00058095123648,24.367622259696457,71.24761097131096,83.47386172006745,18.861487684584297,17.284991568296796,20.65314103765564,8.559322033898304,27.02472293265132,27.024722932651322,36.44757041809901,14.418212478920742,-0.017706576728507173,-6.632958691540022,12.226250748756485,-1.576496116287501,-12.093819003757336,3.552713678800501e-15,-22.02935793917827
carlos-boozer,Carlos Boozer,861.0,26901.0,True,83.26686340640809,88.1956155143339,64.56741739522985,70.9106239460371,47.49185129566757,42.83305227655986,88.7648522532563,90.05059021922429,37.12008178187483,29.406779661016948,27.365728900255757,27.365728900255753,57.26274029014456,72.93423271500843,4.928752107925803,6.343206550807253,-4.658799019107711,1.2857379659679964,-7.7133021208578825,-3.552713678800501e-15,15.671492424863871
carlos-delfino,Carlos Delfino,507.0,11580.0,True,30.945826306913997,27.655986509274875,34.56279760025359,30.101180438448566,60.117578136513416,64.41821247892074,44.75039946030114,44.772344013490724,57.798649194832834,61.94915254237288,71.95225916453538,71.95225916453538,49.203709663511326,52.529510961214164,-3.2898397976391216,-4.461617161805023,4.300634342407321,0.021944553189584326,4.150503347540045,0.0,3.3258012977028386
carmelo-anthony,Carmelo Anthony,1260.0,43514.0,True,97.29258010118043,98.39797639123103,56.844911810395445,59.86509274873524,65.9296371104808,75.21079258010118,55.67212695196322,56.15514333895447,30.386214045594325,19.576271186440678,71.27024722932651,71.27024722932651,63.102234341027895,84.65430016863407,1.1053962900505923,3.0201809383397986,9.281155469620387,0.4830163869912454,-10.809942859153647,0.0,21.55206582760617
caron-butler,Caron Butler,881.0,28333.0,True,66.13026981450253,70.23608768971332,40.158773678281534,37.68971332209106,49.79094970352927,47.21753794266442,50.14404356277619,50.674536256323776,48.405065196930494,48.220338983050844,43.22250639386189,43.22250639386189,50.198180148275405,55.31197301854975,4.105817875210789,-2.469060356190475,-2.5734117608648504,0.5304926935475862,-0.1847262138796495,0.0,5.113792870274345
cazzie-russell,Cazzie Russell,817.0,22213.0,True,69.13132377740304,74.03035413153457,43.73723682057194,41.90556492411467,66.5107318256463,75.88532883642496,29.550361264911828,31.02866779089376,16.799854618495853,5.8474576271186445,66.24040920716112,66.24040920716112,49.07611321128156,52.192242833052276,4.899030354131526,-1.8316718964572658,9.374597010778658,1.4783065259819317,-10.95239699137721,0.0,3.1161296217707175
cedi-osman,Cedi Osman,476.0,10815.0,True,36.36951939291737,35.07588532883643,51.42392272598863,52.192242833052276,52.857108107331534,51.433389544688026,31.28278931341304,32.546374367622256,18.857268887480306,7.711864406779661,1.4492753623188406,1.4492753623188406,33.296288257898574,8.431703204047217,-1.2936340640809405,0.7683201070636443,-1.4237185626435078,1.2635850542092157,-11.145404480700645,0.0,-24.864585053851357
cedric-ceballos,Cedric Ceballos,609.0,14712.0,True,91.72428330522766,94.68802698145025,74.20433749531098,83.38954468802699,45.5192777436421,39.37605396290051,72.58592991635167,72.42833052276559,39.07762487874896,33.983050847457626,72.03751065643648,72.03751065643648,65.05721895964273,88.1956155143339,2.9637436762225917,9.185207192716007,-6.143223780741593,-0.15759939358608221,-5.094574031291337,0.0,23.13839655469117
cedric-maxwell,Cedric Maxwell,835.0,23769.0,True,48.6610455311973,48.90387858347386,81.90673245104408,92.49578414839797,47.56153140706898,43.08600337268128,69.36931046669392,69.13996627318718,42.228678161689885,37.45762711864407,70.41773231031543,70.41773231031543,58.27240369393324,75.63237774030354,0.24283305227655916,10.589051697353895,-4.4755280343877,-0.22934419350673352,-4.771051043045816,0.0,17.359974046370297
chandler-parsons,Chandler Parsons,440.0,13246.0,True,42.50674536256324,42.24283305227656,76.30799893378395,85.83473861720067,62.73227379623697,69.73018549747049,41.62200887573532,41.90556492411467,50.60062663696573,51.440677966101696,59.16453537936914,59.16453537936914,56.006246699476605,70.15177065767286,-0.2639123102866776,9.526739683416722,6.9979117012335195,0.2835560483793529,0.8400513291359673,0.0,14.14552395819625
channing-frye,Channing Frye,890.0,19772.0,True,36.81808600337269,36.00337268128162,64.61695085257396,70.99494097807757,44.38775060958088,37.436762225969645,60.50389138966455,60.37099494097808,56.50356906618093,59.74576271186441,72.54901960784314,72.54901960784314,54.43220352007219,66.27318718381113,-0.8147133220910732,6.377990125503601,-6.950988383611232,-0.13289644868647343,3.2421936456834786,0.0,11.840983663738939
charles-barkley,Charles Barkley,1073.0,39330.0,True,88.18887015177066,91.98988195615514,85.58009291333539,95.7841483979764,67.79599009304778,78.07757166947724,94.8579452709621,96.79595278246205,59.74199434122274,65.50847457627118,99.14748508098891,99.14748508098891,80.53886257913217,98.39797639123103,3.801011804384487,10.204055484641003,10.28158157642946,1.938007511499947,5.766480235048441,0.0,17.859113812098855
charles-jones,Charles Jones,1012.0,18242.0,True,1.977866779089376,0.25295109612141653,28.701035084405397,21.753794266441822,18.266499395901292,7.841483979763912,69.00552234580536,68.54974704890388,84.29668081469077,96.52542372881356,61.55157715260017,61.55157715260017,41.26410848712182,25.716694772344013,-1.7249156829679595,-6.947240817963575,-10.42501541613738,-0.45577529690147855,12.22874291412279,0.0,-15.547413714777804
charles-oakley,Charles Oakley,1282.0,40280.0,True,21.316610455311974,15.767284991568296,42.0959310258492,39.79763912310287,38.57534630924875,30.18549747048904,92.73054356754729,94.77234401349072,63.36833140603253,70.42372881355932,79.3691389599318,79.3691389599318,51.90935912676979,59.61214165261383,-5.549325463743678,-2.298291902746328,-8.389848838759711,2.041800445943437,7.05539740752679,0.0,7.702782525844036
charles-smith,Charles Smith,779.0,18939.0,True,76.2301854974705,81.19730185497471,48.6188639874088,48.735244519392914,36.914856677121605,28.077571669477233,61.035756923117845,61.045531197301855,69.57086160074505,80.50847457627118,69.22421142369991,69.22421142369991,60.31030215838545,79.34232715008432,4.96711635750421,0.11638053198411313,-8.837285007644372,0.009774274184010778,10.937612975526136,0.0,19.03202499169887
charlie-scott,Charlie Scott,560.0,19278.0,True,70.46859190556492,75.71669477234401,19.23477933939586,10.623946037099493,57.53887326784731,59.6964586846543,19.881160592650083,18.21247892074199,37.8054346327874,31.016949152542374,38.44842284739983,38.44842284739983,42.75212172360147,30.18549747048904,5.248102866779092,-8.610833302296367,2.1575854168069952,-1.668681671908093,-6.788485480245029,0.0,-12.56662425311243
charlie-villanueva,Charlie Villanueva,656.0,13578.0,True,71.30227655986509,76.39123102866779,39.27318732512913,36.76222596964587,42.63011763932708,35.66610455311973,70.3573667543107,69.98313659359191,34.65514808884498,25.847457627118644,16.538789428815004,16.538789428815004,45.554339905436784,39.62900505902192,5.088954468802697,-2.5109613554832606,-6.964013086207352,-0.37423016071879545,-8.807690461726338,0.0,-5.925334846414863
charlie-ward,Charlie Ward,630.0,14080.0,True,10.591483979763913,4.974704890387859,55.35076535744937,58.09443507588533,66.4081261625447,75.63237774030354,29.31924917251104,30.775716694772346,75.28347226252258,89.32203389830508,90.36658141517476,90.36658141517476,54.36960137621848,65.93591905564924,-5.616779089376054,2.74366971843596,9.224251577758835,1.4564675222613062,14.0385616357825,0.0,11.566317679430753
chauncey-billups,Chauncey Billups,1043.0,33008.0,True,77.44413996627318,82.20910623946037,76.5555876229653,86.17200674536257,83.49485333831433,96.29005059021922,14.68081532523576,11.63575042158516,40.26399994145511,35.25423728813559,78.26086956521739,78.26086956521739,64.45741035503009,87.35244519392917,4.764966273187184,9.61641912239726,12.795197251904895,-3.0450649036505997,-5.00976265331952,0.0,22.89503483889908
chet-walker,Chet Walker,1032.0,33433.0,True,72.70657672849916,78.16188870151771,66.41822196606921,73.52445193929174,50.03486037926184,47.639123102866776,50.10750507293582,50.505902192242836,24.668032414418896,12.796610169491526,77.83461210571186,77.83461210571186,56.20543731767256,70.65767284991568,5.455311973018553,7.106229973222526,-2.3957372763950673,0.39839711930701327,-11.87142224492737,0.0,14.452235532243122
chris-andersen,Chris Andersen,695.0,12273.0,True,31.148608768971336,27.90893760539629,78.81106990466624,89.03878583473862,11.782514485210893,4.63743676222597,90.9008198505846,91.98988195615514,77.09492657242834,91.44067796610169,50.38363171355499,50.38363171355499,54.301928624099126,65.7672849915683,-3.2396711635750464,10.227715930072378,-7.145077722984923,1.089062105570548,14.345751393673353,0.0,11.465356367469177
chris-bosh,Chris Bosh,893.0,31936.0,True,88.23798482293424,92.07419898819562,78.92353957755824,89.20741989881957,50.1261185094716,47.807757166947724,74.18951789692332,73.86172006745363,56.1485896475851,59.23728813559322,74.08354646206308,74.08354646206308,69.8974315013247,93.42327150084317,3.8362141652613815,10.283880321261321,-2.318361342523879,-0.32779782946968794,3.08869848800812,0.0,23.525839999518467
chris-childs,Chris Childs,541.0,13617.0,True,13.133010118043844,7.251264755480607,32.84509567218073,27.318718381112983,58.19884221762664,60.87689713322091,16.907619378059415,14.502529510961214,48.14601619800686,47.28813559322034,32.73657289002558,32.73657289002558,34.838451458225165,11.129848229342327,-5.881745362563237,-5.5263772910677496,2.6780549155942666,-2.4050898670982015,-0.8578806047865228,0.0,-23.708603228882836
chris-dudley,Chris Dudley,886.0,16321.0,True,14.09949409780776,8.431703204047217,1.6020510491918285,0.16863406408094436,4.188787925919885,0.7588532883642496,95.85538299632567,97.63912310286678,71.66049189455765,84.49152542372882,11.84995737425405,11.84995737425405,29.85890767413169,4.2158516020236085,-5.667790893760543,-1.4334169851108842,-3.4299346375556357,1.783740106541103,12.831033529171165,0.0,-25.64305607210808
chris-duhon,Chris Duhon,606.0,15526.0,True,5.070826306913997,1.7706576728499157,35.634894377194854,31.618887015177066,60.91044988006395,66.69477234401349,10.424183068724023,6.745362563237774,36.16281369135162,27.796610169491526,35.97612958226769,35.97612958226769,31.57620668178187,6.155143338954469,-3.300168634064081,-4.016007362017788,5.784322463949536,-3.6788205054862493,-8.366203521860097,0.0,-25.421063342827402
chris-ford,Chris Ford,794.0,22043.0,True,13.031197301854974,7.082630691399663,32.43882141295857,26.559865092748737,54.61018813515557,54.806070826306915,25.281623066401337,25.21079258010118,65.74601407040383,74.57627118644068,67.77493606138107,67.77493606138107,43.22845078337089,32.546374367622256,-5.948566610455311,-5.878956320209831,0.19588269115134693,-0.07083048630015654,8.830257116036847,0.0,-10.682076415748632
chris-gatling,Chris Gatling,700.0,13760.0,True,85.03393760539629,89.79763912310287,70.16724973060725,78.16188870151771,23.112874408321552,12.39460370994941,85.14506086652935,86.84654300168634,51.855185967060855,52.88135593220339,31.202046035805623,31.202046035805626,57.32075466531795,73.01854974704891,4.763701517706579,7.994638970910458,-10.718270698372143,1.7014821351569935,1.026169965142536,3.552713678800501e-15,15.697795081730959
chris-kaman,Chris Kaman,735.0,19642.0,True,56.37752951096121,56.99831365935919,36.83183474425579,33.136593591905566,11.365758606807848,4.1315345699831365,86.44566223608638,88.36424957841484,64.94724495839156,73.22033898305085,11.679454390451832,11.679454390451832,43.59404257456208,34.064080944350756,0.6207841483979806,-3.6952411523502207,-7.2342240368247115,1.9185873423284647,8.273094024659287,0.0,-9.529961630211325
chris-mills,Chris Mills,568.0,17282.0,True,47.27466273187184,47.97639123102867,37.66861543483546,34.48566610455312,41.87753323373176,34.73861720067454,55.45467106858429,55.564924114671165,63.41087533991338,70.59322033898304,63.68286445012788,63.68286445012788,50.87534153766776,57.58853288364249,0.7017284991568289,-3.182949330282341,-7.138916033057221,0.11025304608687492,7.182344999069663,0.0,6.713191345974735
chris-morris,Chris Morris,747.0,18748.0,True,58.83979763912311,59.61214165261383,32.47862970463259,26.72849915682968,38.14380210393451,29.679595278246207,63.04969907569986,62.64755480607083,71.92793337477309,84.83050847457628,49.4458653026428,49.445865302642794,52.16099414712658,61.045531197301855,0.7723440134907165,-5.750130547802907,-8.464206825688304,-0.4021442696290336,12.902575099803187,-7.105427357601002e-15,8.884537050175275
chris-mullin,Chris Mullin,986.0,32163.0,True,78.02634907251264,82.63069139966274,93.82871879185376,99.15682967959528,69.50821343740918,81.36593591905564,33.99637994732435,34.56998313659359,47.57806309499672,46.440677966101696,77.74936061381074,77.74936061381074,68.5873138121027,91.98988195615514,4.604342327150093,5.328110887741516,11.857722481646462,0.5736031892692424,-1.1373851288950263,0.0,23.402568144052438
chris-paul,Chris Paul,1370.0,45836.0,True,75.09654300168634,80.18549747048904,84.40595596162247,94.77234401349072,90.41628379881784,99.74704890387858,30.93271458618102,32.20910623946037,64.97502014894738,73.30508474576271,96.50468883205455,96.50468883205455,75.75838381088238,96.79595278246205,5.088954468802697,10.366388051868256,9.330765105060735,1.2763916532793473,8.330064596815333,0.0,21.037568971579674
chris-webber,Chris Webber,831.0,30847.0,True,88.87584317032041,92.49578414839797,37.98870881536816,34.991568296795954,71.35536720834627,83.6424957841484,80.32545939298635,80.77571669477234,82.42060357208791,95.84745762711864,91.90110826939473,91.90110826939471,74.78204588538212,96.12141652613828,3.6199409780775653,-2.997140518572209,12.287128575802129,0.4502573017859959,13.42685405503073,-1.4210854715202004e-14,21.339370640756158
chris-whitney,Chris Whitney,579.0,10052.0,True,39.32883642495784,38.53288364249578,57.51450354770717,60.62394603709949,75.04245910274817,87.85834738617201,7.889845501651811,4.721753794266442,29.351441523389056,18.305084745762713,43.989769820971865,43.989769820971865,44.36336157025598,35.919055649241145,-0.7959527824620594,3.109442489392322,12.815888283423845,-3.1680917073853694,-11.046356777626343,0.0,-8.444305921014838
chris-wilcox,Chris Wilcox,628.0,12474.0,True,54.668001686340645,55.733558178752105,70.42383615104822,78.33052276559864,21.95102513050781,11.129848229342327,79.39368797388494,79.34232715008432,46.26133230755105,44.067796610169495,28.900255754475705,28.900255754475705,49.051213593570566,52.1079258010118,1.06555649241146,7.9066866145504235,-10.821176901165481,-0.05136082380062135,-2.193535697381556,0.0,3.0567122074412367
christian-laettner,Christian Laettner,868.0,25760.0,True,65.70320404721754,69.30860033726813,68.80794298245438,76.30691399662732,37.02475021510444,28.161888701517707,72.05178142611615,71.83811129848229,67.57119038099893,77.37288135593221,26.93947144075021,26.939471440750214,56.90702935544736,72.42833052276559,3.6053962900505923,7.4989710141729375,-8.862861513586733,-0.21367012763386128,9.80169097493328,3.552713678800501e-15,15.521301167318235
chuck-hayes,Chuck Hayes,644.0,11815.0,True,1.619308600337268,0.08431703204047218,29.812466515141267,22.84991568296796,33.66468300877885,23.69308600337268,87.74849045021583,89.20741989881957,82.0931185008817,95.76271186440678,75.02131287297527,75.02131287297527,47.50984106967374,46.711635750421586,-1.5349915682967958,-6.9625508321733065,-9.97159700540617,1.4589294486037403,13.669593363525081,0.0,-0.7982053192521548
chuck-person,Chuck Person,943.0,28941.0,True,59.93760539629005,60.79258010118044,53.8174453814935,55.64924114671164,57.7578068642742,60.286677908937605,50.29130379580196,51.011804384485664,19.26867956686813,7.88135593220339,32.48081841432225,32.48081841432225,45.59029978136253,39.713322091062395,0.8549747048903882,1.8317957652181391,2.528871044663404,0.7205005886837057,-11.387323634664739,0.0,-5.876977690300137
chuck-share,Chuck Share,596.0,13023.0,True,42.400927487352455,42.07419898819562,43.02214300453248,40.89376053962901,28.499156829679595,18.21247892074199,98.56661045531196,99.24114671163575,,,,,47.67445648937807,47.639123102866776,-0.326728499156836,-2.128382464903474,-10.286677908937605,0.6745362563237904,,,-0.03533338651129725
chucky-atkins,Chucky Atkins,696.0,17304.0,True,45.86951939291737,46.880269814502526,44.71945456805387,43.17032040472176,74.867080465388,87.68971332209107,3.126094126604777,0.6745362563237775,12.257853674866666,2.711864406779661,23.017902813299237,23.017902813299234,36.58670768266524,14.924114671163576,1.0107504215851577,-1.5491341633321127,12.822632856703066,-2.4515578702809995,-9.545989268087006,-3.552713678800501e-15,-21.662593011501666
chucky-brown,Chucky Brown,694.0,11962.0,True,29.57967959527825,26.0539629005059,46.80941379194586,46.20573355817875,21.43648590357022,10.623946037099493,58.4664606548857,58.600337268128165,39.047651398903085,33.813559322033896,5.029838022165388,5.029838022165388,32.82773464578449,7.841483979763912,-3.525716694772349,-0.6036802337671077,-10.812539866470726,0.1338766132424638,-5.234092076869189,0.0,-24.986250666020577
clarence-weatherspoon,Clarence Weatherspoon,915.0,27736.0,True,48.71690556492411,49.07251264755481,41.062799705891806,38.70151770657673,22.85497986923461,11.97301854974705,78.75469822149562,78.58347386172007,48.26886041352113,47.79661016949152,2.557544757033248,2.557544757033248,39.516865374668335,20.48903878583474,0.35560708263069785,-2.361281999315075,-10.881961319487562,-0.17122435977555028,-0.4722502440296097,0.0,-19.027826588833594
clem-haskins,Clem Haskins,681.0,17624.0,True,56.89017706576729,57.67284991568297,34.74957485715912,30.354131534569984,65.96266835270299,75.37942664418212,24.078425221040057,23.18718381112985,35.54562565909167,26.949152542372882,38.95993179880648,38.95993179880648,44.403189763795055,36.00337268128162,0.7826728499156772,-4.395443322589134,9.416758291479127,-0.891241409910208,-8.596473116718787,0.0,-8.399817082513437
clemon-johnson,Clemon Johnson,761.0,13310.0,True,14.586424957841484,9.106239460370995,31.543299510494933,25.21079258010118,22.06864413873097,11.2141652613828,79.77442840149801,79.93254637436762,70.5807687618203,82.11864406779661,53.28218243819267,53.28218243819267,42.25299821210632,28.66779089376054,-5.480185497470488,-6.332506930393752,-10.854478877348171,0.15811797286960427,11.537875305976314,0.0,-13.58520731834578
cliff-hagan,Cliff Hagan,745.0,21731.0,True,81.73882799325463,86.08768971332209,54.631074443282266,56.74536256323778,73.01994952909361,85.58178752107926,58.600337268128165,58.85328836424958,8.525149190110827,1.4406779661016949,88.74680306905371,88.74680306905371,59.16383357917646,77.31871838111299,4.348861720067461,2.1142881199555106,12.561837991985655,0.2529510961214143,-7.084471224009133,0.0,18.154884801936525
cliff-levingston,Cliff Levingston,830.0,16962.0,True,27.260961214165263,22.84991568296796,63.408291033146014,69.22428330522766,36.71899102945852,27.82462057335582,79.96691056108776,80.35413153456999,64.88312910529692,73.05084745762711,76.21483375959079,76.21483375959079,55.13725700162023,67.8752107925801,-4.411045531197303,5.815992272081644,-8.894370456102703,0.38722097348222917,8.167718352330198,0.0,12.737953790959878
cliff-robinson,Cliff Robinson,629.0,19284.0,True,86.41420741989883,90.47217537942664,20.92298100049428,12.563237774030354,27.52119707379324,17.36930860033727,78.34878915226201,78.16188870151771,56.71169432269542,60.25423728813559,18.755328218243815,18.755328218243818,48.10372457234103,48.988195615514336,4.057967959527815,-8.359743226463925,-10.15188847345597,-0.18690045074430373,3.5425429654401697,3.552713678800501e-15,0.8844710431733063
clifford-ray,Clifford Ray,784.0,19940.0,True,13.835160202360877,8.094435075885329,64.00071051511281,70.23608768971332,26.52446407757351,16.104553119730184,91.36681877717828,92.66441821247892,75.88187431106478,90.08474576271186,63.171355498721226,63.171355498721226,52.35958729329976,61.72006745362563,-5.740725126475548,6.235377174600501,-10.419910957843324,1.29759943530064,14.202871451647084,0.0,9.36048016032587
clifford-robinson,Clifford Robinson,1380.0,42561.0,True,74.01327993254638,79.42664418212479,33.63095395437691,28.161888701517707,49.8067181866769,47.30185497470489,47.99130412178916,47.807757166947724,76.01296225237873,90.33898305084746,75.10656436487639,75.10656436487639,60.20250254442089,79.17369308600337,5.413364249578407,-5.469065252859206,-2.5048632119720153,-0.18354695484143946,14.326020798468733,0.0,18.97119054158248
clint-capela,Clint Capela,739.0,18329.0,True,46.7141652613828,47.55480607082631,78.9490631630486,89.29173693086004,45.41228402495904,39.12310286677909,99.0320549201449,99.49409780775717,75.46142080999947,89.57627118644068,95.22591645353792,95.22591645353793,70.07402419596066,93.76053962900505,0.8406408094435065,10.342673767811434,-6.28918115817995,0.4620428876122702,14.114850376441211,1.4210854715202004e-14,23.68651543304439
clint-richardson,Clint Richardson,586.0,11818.0,True,19.57314502529511,14.080944350758854,19.722158444230693,11.045531197301855,60.36256023757427,65.26138279932546,31.83582458529728,33.05227655986509,40.55847360738316,35.847457627118644,49.87212276214834,49.87212276214834,36.51707124360679,14.671163575042158,-5.492200674536255,-8.676627246928838,4.898822561751189,1.2164519745678106,-4.71101598026452,0.0,-21.845907668564635
clyde-drexler,Clyde Drexler,1086.0,37537.0,True,90.43064924114672,93.67622259696459,63.5050159128662,69.47723440134908,84.19671805378024,96.62731871838112,56.66469278305709,57.16694772344014,76.18092715612248,90.67796610169492,98.72122762148338,98.72122762148338,79.18578586457146,97.8920741989882,3.245573355817868,5.972218488482881,12.430600664600874,0.5022549403830467,14.497038945572442,0.0,18.70628833441674
clyde-lee,Clyde Lee,742.0,19885.0,True,11.9822934232715,6.155143338954469,10.12231899113663,3.288364249578415,20.015130870605034,9.359190556492411,91.56978222481806,93.08600337268128,35.63262986007307,27.11864406779661,45.012787723785166,45.012787723785166,30.63927910809931,5.227655986509275,-5.827150084317031,-6.833954741558216,-10.655940314112623,1.5162211478632202,-8.513985792276458,0.0,-25.411623121590033
clyde-lovellette,Clyde Lovellette,704.0,19075.0,True,87.27424114671163,91.14671163575042,48.31011353744933,48.31365935919056,48.66686157579021,45.10961214165261,89.03878583473862,90.38785834738617,12.958226768968457,3.135593220338983,67.0929241261722,67.0929241261722,55.90896637319994,69.89881956155143,3.8724704890387898,0.0035458217412269732,-3.5572494341375958,1.3490725126475525,-9.822633548629474,0.0,13.989853188351496
coby-white,Coby White,472.0,13815.0,True,67.13364249578414,71.07925801011804,60.553772269588364,64.8397976391231,72.25768410916226,84.99156829679595,23.002553968874693,21.922428330522767,14.766444776453447,3.983050847457627,19.863597612958227,19.863597612958227,45.38293344710383,38.87015177065767,3.9456155143338947,4.286025369534741,12.733884187633691,-1.0801256383519267,-10.783393928995821,0.0,-6.51278167644616
cody-zeller,Cody Zeller,552.0,11510.0,True,41.141441821247895,40.640809443507585,71.69556233283714,80.10118043844857,34.559295027741705,24.78920741989882,84.3566430591178,86.00337268128162,77.19644114314274,91.52542372881356,77.2378516624041,77.2378516624041,62.07800841341424,83.22091062394604,-0.5006323777403097,8.405618105611424,-9.770087607842886,1.646729622163818,14.328982585670829,0.0,21.1429022105318
collin-sexton,Collin Sexton,475.0,13771.0,True,91.74009274873526,94.77234401349072,72.98726057436144,82.04047217537942,58.14890283423456,60.79258010118044,19.862571287133974,18.128161888701516,12.398967037447006,2.8813559322033897,0.2557544757033248,0.2557544757033248,46.55241821015275,43.3389544688027,3.032251264755459,9.053211601017978,2.643677266945879,-1.734409398432458,-9.517611105243617,0.0,-3.213463741350054
connie-dierking,Connie Dierking,706.0,15474.0,True,48.03056492411467,48.397976391231026,8.410760323796376,2.782462057335582,48.94808011942365,45.531197301854974,77.17289199905012,76.55986509274874,6.393861892583121,0.6779661016949152,29.752770673486783,29.752770673486786,33.32925434394014,8.516020236087689,0.3674114671163551,-5.628298266460794,-3.416882817568677,-0.6130269063013856,-5.715895790888206,3.552713678800501e-15,-24.813234107852452
connie-hawkins,Connie Hawkins,499.0,17234.0,True,54.65893760539629,55.64924114671164,61.84085664207124,67.11635750421586,77.65620857597415,90.80944350758853,59.13397104729256,59.19055649241147,50.107859722217256,50.42372881355932,85.33674339300937,85.33674339300937,63.79235852279286,86.34064080944351,0.9903035413153489,5.275500862144618,13.153234931614378,0.0565854451189054,0.31586909134206564,0.0,22.548282286650654
corey-brewer,Corey Brewer,819.0,18771.0,True,40.6245784148398,40.05059021922428,24.00676747529746,16.020236087689714,37.39290654949685,28.752107925801013,33.99646098866503,34.654300168634066,56.54920492378666,59.91525423728814,14.578005115089514,14.578005115089514,36.024357086535176,13.406408094435076,-0.5739881956155202,-7.986531387607744,-8.640798623695837,0.657839179969038,3.3660493135014775,0.0,-22.6179489921001
corey-maggette,Corey Maggette,827.0,23358.0,True,88.39776559865093,92.24283305227657,75.8646477736794,85.32883642495784,49.28764173928143,46.290050590219224,53.85969707924174,54.38448566610455,17.70246811080782,6.779661016949152,27.28047740835465,27.280477408354646,53.08559149767296,63.40640809443508,3.8450674536256315,9.464188651278448,-2.9975911490622096,0.5247885868628117,-10.922807093858669,-3.552713678800501e-15,10.320816596762121
corky-calhoun,Corky Calhoun,542.0,10901.0,True,3.7856239460371,0.927487352445194,38.57583077773272,35.66610455311973,25.47640819112332,14.671163575042158,51.91153001152861,52.1079258010118,45.92013968512384,43.389830508474574,7.331628303495311,7.331628303495311,27.911036212808646,2.1922428330522767,-2.858136593591906,-2.9097262246129887,-10.805244616081161,0.1963957894831907,-2.5303091766492685,0.0,-25.71879337975637
corliss-williamson,Corliss Williamson,822.0,18749.0,True,81.41547217537942,85.7504215851602,54.3554668801586,56.492411467116355,21.95031185918636,11.045531197301855,57.31670161148146,57.75716694772344,33.32086144371734,23.728813559322035,4.43307757885763,4.43307757885763,43.29902603925278,32.88364249578415,4.334949409780776,2.1369445869577532,-10.904780661884505,0.4404653362419779,-9.592047884395306,0.0,-10.415383543468629
cornell-warner,Cornell Warner,445.0,10508.0,True,6.014755480607082,2.4451939291736933,17.094483697521245,7.925801011804385,6.230504226460687,1.6020236087689714,84.6774397142969,86.25632377740304,60.69873836187456,66.94915254237289,30.946291560102303,30.946291560102303,30.610077125428063,5.059021922428331,-3.569561551433389,-9.16868268571686,-4.628480617691716,1.5788840631061447,6.250414180498325,0.0,-25.551055202999734
cory-joseph,Cory Joseph,866.0,18296.0,True,14.22828836424958,8.516020236087689,35.580582241045875,31.534569983136592,66.48395950913266,75.80101180438449,27.44593971693817,28.58347386172007,58.97085834526652,64.32203389830508,61.80733162830349,61.807331628303494,44.23726029703484,35.58178752107926,-5.712268128161892,-4.0460122579092825,9.317052295251827,1.137534144781899,5.3511755530385585,7.105427357601002e-15,-8.65547277595558
courtney-lee,Courtney Lee,811.0,21938.0,True,24.02339797639123,18.634064080944352,67.83067531484785,75.54806070826307,51.14737430238253,49.24114671163575,17.233211140414934,14.839797639123104,45.70288364249615,42.96610169491525,35.890878090366584,35.890878090366584,42.016060966822,27.993254637436763,-5.389333895446878,7.7173853934152135,-1.9062275907467807,-2.39341350129183,-2.7367819475808943,0.0,-14.02280632938524
craig-ehlo,Craig Ehlo,873.0,21071.0,True,26.558389544688023,21.922428330522767,44.68024531985341,43.00168634064081,51.9303576714832,50.0,48.14839015035114,48.06070826306914,62.68762389219119,69.66101694915254,37.084398976982094,37.084398976982094,45.30108605349589,38.70151770657673,-4.635961214165256,-1.6785589792126032,-1.9303576714832005,-0.08768188728200244,6.973393056961349,0.0,-6.599568346919156
craig-hodges,Craig Hodges,695.0,15077.0,True,29.25147554806071,25.463743676222595,65.77982889315354,72.34401349072513,52.099574918682336,50.42158516020236,8.33379298456833,5.059021922428331,27.52545654948562,15.59322033898305,7.502131287297527,7.502131287297527,34.46151509280456,10.623946037099493,-3.7877318718381154,6.564184597571597,-1.6779897584799741,-3.2747710621399992,-11.932236210502571,0.0,-23.837569055705067
curtis-perry,Curtis Perry,480.0,13656.0,True,15.54279089376054,10.03372681281619,19.103897320592093,10.286677908937605,25.171837825794988,14.249578414839798,87.17505477432499,88.95446880269814,79.78745575948633,93.89830508474576,83.71696504688832,83.71696504688832,47.49085268963309,46.62731871838111,-5.50906408094435,-8.817219411654488,-10.92225941095519,1.7794140283731537,14.110849325259423,0.0,-0.8635339712519752
curtis-rowe,Curtis Rowe,590.0,18277.0,True,25.4108347386172,20.657672849915684,60.07464014059955,63.99662731871838,14.901533736891404,6.492411467116358,64.6653146184031,64.33389544688028,33.63150920923405,24.322033898305083,17.81756180733163,17.81756180733163,34.49940896644072,10.708263069139965,-4.753161888701516,3.921987178118833,-8.409122269775047,-0.33141917152282474,-9.30947531092897,0.0,-23.79114589730075
cuttino-mobley,Cuttino Mobley,747.0,27618.0,True,62.28794266441821,63.65935919055649,60.19735022106057,64.2495784148398,60.29076676935681,64.8397976391231,24.741886547618503,24.03035413153457,48.50192516811848,48.559322033898304,74.42455242966751,74.42455242966751,56.491047290287526,71.33220910623946,1.3714165261382831,4.052228193779236,4.549030869766298,-0.7115324160839336,0.05739686577982184,0.0,14.841161815951935
d-angelo-russell,D'Angelo Russell,655.0,19240.0,True,77.86867622259696,82.46205733558179,45.6203575173019,44.51939291736931,69.70264508164001,81.61888701517707,21.01308181704032,19.645868465430016,35.7968507306763,27.45762711864407,18.32907075873828,18.32907075873828,48.1720440016831,49.4097807757167,4.593381112984829,-1.1009645999325883,11.916241933537052,-1.367213351610303,-8.339223612032228,0.0,1.2377367740335998
d-j-augustin,D.J. Augustin,976.0,22851.0,True,46.66252107925801,47.470489038785836,62.31110918047169,68.21247892074199,65.62590995165645,74.95784148397976,6.746325883564284,3.4569983136593594,15.117908660383634,4.491525423728813,14.407502131287298,14.407502131287298,38.03812639720943,17.622259696458684,0.8079679595278222,5.901369740270297,9.33193153232331,-3.2893275699049243,-10.62638323665482,0.0,-20.415866700750747
dale-davis,Dale Davis,1094.0,29606.0,True,21.286677908937605,15.598650927487352,61.27142511085354,66.02023608768971,27.44983508156245,17.032040472175378,92.34888742409775,94.2664418212479,71.84913028449289,84.7457627118644,73.48678601875532,73.48678601875532,54.21433776538321,65.51433389544688,-5.688026981450253,4.748810976836168,-10.417794609387073,1.9175543971501412,12.896632427371514,0.0,11.299996130063668
dale-ellis,Dale Ellis,1209.0,34778.0,True,75.93191399662733,80.94435075885329,84.01646320442794,94.18212478920742,52.49389883257473,50.75885328836425,36.80401659313876,37.94266441821248,14.089270038095652,3.6440677966101696,50.72463768115942,50.72463768115942,53.28834980284117,63.91231028667791,5.01243676222596,10.165661584779485,-1.7350455442104789,1.1386478250737184,-10.445202241485482,0.0,10.62396048383674
damian-lillard,Damian Lillard,900.0,32614.0,True,97.02318718381112,98.22934232715008,83.15767839664723,93.84485666104553,89.81162443445345,99.57841483979765,23.993150899164373,22.93423271500843,23.712991098510365,11.94915254237288,88.15004262574595,88.15004262574595,69.70124676495038,93.17032040472175,1.206155143338961,10.687178264398298,9.766790405344196,-1.0589181841559423,-11.763838556137484,0.0,23.469073639771366
damien-wilkins,Damien Wilkins,582.0,10991.0,True,27.01939291736931,22.596964586846543,23.648955535965584,15.51433389544688,39.25124685055639,31.112984822934234,38.893365290237725,39.79763912310287,35.845660156311325,27.54237288135593,0.4262574595055413,0.42625745950554134,28.03639515681829,2.4451939291736933,-4.4224283305227665,-8.134621640518704,-8.138262027622158,0.9042738328651438,-8.303287274955395,5.551115123125783e-17,-25.591201227644596
damon-jones,Damon Jones,657.0,13461.0,True,16.440134907251263,10.79258010118044,63.78439147907002,69.98313659359191,73.13999132064079,85.7504215851602,6.932452368999329,3.5413153456998314,6.024863968599041,0.5932203389830508,12.617220801364024,12.617220801364024,31.57062098604708,6.070826306913997,-5.647554806070824,6.198745114521891,12.610430264519408,-3.391137023299498,-5.43164362961599,0.0,-25.499794679133082
damon-stoudamire,Damon Stoudamire,878.0,29106.0,True,53.51623102866779,54.13153456998314,29.104741139797653,22.259696458684655,82.14211677987787,94.68802698145025,27.014615381614693,27.82462057335582,22.97968021540196,10.847457627118644,54.04944586530264,54.049445865302644,45.45682648124095,39.29173693086003,0.6153035413153489,-6.845044681112999,12.545910201572383,0.8100051917411264,-12.132222588283316,7.105427357601002e-15,-6.1650895503809195
dan-issel,Dan Issel,718.0,22342.0,True,89.97217537942664,93.50758853288364,76.85134430197023,86.50927487352445,63.58061410466402,71.16357504215851,70.18936273498565,69.81450252951096,45.09935087232732,42.28813559322034,87.89428815004263,87.89428815004263,71.52766975097421,94.68802698145025,3.535413153457,9.657930571554218,7.582960937494491,-0.3748602054746897,-2.8112152791069818,0.0,23.160357230476038
dan-majerle,Dan Majerle,955.0,30206.0,True,29.38827993254637,25.801011804384487,59.44986301233578,63.23777403035413,77.7512491523326,90.893760539629,43.75643038149582,43.92917369308601,66.43706558903497,75.33898305084746,94.8849104859335,94.8849104859335,61.265157399614665,81.28161888701517,-3.5872681281618846,3.787911018018349,13.142511387296395,0.17274331159018885,8.901917461812488,0.0,20.016461487400505
dan-roundfield,Dan Roundfield,746.0,23443.0,True,69.44730185497471,74.45193929173693,52.94173924812196,54.72175379426644,41.82501292510718,34.654300168634066,90.25501775322265,91.14671163575042,70.61662063936821,82.37288135593221,79.62489343563513,79.62489343563513,65.29693736794896,88.70151770657672,5.0046374367622235,1.7800145461444785,-7.170712756473115,0.8916938825277754,11.756260716564,0.0,23.404580338627767
dana-barros,Dana Barros,850.0,19480.0,True,53.58642495784149,54.38448566610455,84.32285972279894,94.5193929173693,80.02305419779168,93.50758853288364,7.34240606622517,3.9629005059021924,37.30154228596183,29.576271186440678,81.24467178175618,81.24467178175618,59.4988412819577,77.90893760539629,0.7980607082630655,10.196533194570364,13.484534335091965,-3.3795055603229773,-7.7252710995211515,0.0,18.410096323438587
danilo-gallinari,Danilo Gallinari,777.0,22410.0,True,76.7493676222597,81.61888701517707,80.24451277923492,90.97807757166947,61.7002637273485,67.95952782462058,41.387681897588735,41.56829679595278,42.82107979307812,38.47457627118644,75.61807331628303,75.61807331628303,64.0182957511976,86.76222596964587,4.869519392917368,10.73356479243455,6.25926409727208,0.18061489836404832,-4.346503521891677,0.0,22.74393021844827
danny-ainge,Danny Ainge,1042.0,27755.0,True,40.805860033726816,40.21922428330523,76.63342884239776,86.34064080944351,82.57304146492689,95.27824620573355,19.778943527440354,17.959527824620572,34.72978560018531,26.10169491525424,78.85763000852515,78.85763000852515,56.486862903633,71.24789207419899,-0.5866357504215856,9.707211967045751,12.705204740806664,-1.8194157028197822,-8.62809068493107,0.0,14.761029170565983
danny-ferry,Danny Ferry,917.0,18133.0,True,31.46058178752108,28.33052276559865,60.778330781024245,65.09274873524451,47.23887381774513,42.32715008431703,46.47536701809,46.79595278246206,35.58822792786758,27.033898305084747,21.39812446717817,21.398124467178175,40.62151911082472,23.18718381112985,-3.1300590219224276,4.314417954220268,-4.911723733428097,0.320585764372062,-8.55432962278283,3.552713678800501e-15,-17.434335299694872
danny-granger,Danny Granger,586.0,18487.0,True,84.93465430016863,89.62900505902192,69.99482745732732,77.90893760539629,47.83961111188972,43.92917369308601,47.748983997643776,47.470489038785836,68.24471604553756,78.55932203389831,77.06734867860187,77.06734867860187,67.26380840296416,90.64080944350759,4.69435075885329,7.914110148068971,-3.91043741880371,-0.27849495885794084,10.314605988360753,0.0,23.377001040543433
danny-green,Danny Green,832.0,20899.0,True,16.73777403035413,10.961214165261383,70.69384668990881,78.83642495784149,48.930207425817656,45.4468802698145,35.521806923888306,36.25632377740303,86.03569831431614,97.37288135593221,92.07161125319692,92.07161125319693,58.24648145595467,75.46374367622259,-5.776559865092748,8.142578267932677,-3.4833271560031562,0.7345168535147266,11.337183041616072,1.4210854715202004e-14,17.21726222026792
danny-manning,Danny Manning,883.0,24202.0,True,78.41441821247892,83.38954468802699,66.883919496731,74.36762225969646,47.303001631523045,42.49578414839797,60.7646770027136,60.79258010118044,73.47102175299737,86.77966101694915,60.61381074168798,60.61381074168798,65.49388933159379,89.12310286677909,4.975126475548066,7.483702762965464,-4.807217483125072,0.0279030984668438,13.308639263951775,0.0,23.6292135351853
danny-schayes,Danny Schayes,1138.0,21975.0,True,42.90935919055649,42.748735244519395,66.36227877876969,73.44013490725126,21.073260063501493,10.370994940978077,76.0136238670793,75.96964586846543,49.91970342795716,50.25423728813559,14.492753623188406,14.492753623188406,44.2421617604853,35.750421585160204,-0.16062394603709862,7.077856128481571,-10.702265122523416,-0.04397799861386886,0.334533860178432,0.0,-8.491740175325099
danny-vranes,Danny Vranes,510.0,10624.0,True,9.095067453625632,3.794266441821248,32.37207462463802,26.475548060708263,20.532480779573465,9.527824620573355,60.410864656879454,60.20236087689713,73.18626102435535,86.10169491525424,65.0468883205456,65.0468883205456,41.10355638060027,25.126475548060707,-5.300801011804383,-5.896526563929754,-11.00465615900011,-0.2085037799823226,12.915433890898896,0.0,-15.97708083253956
dante-cunningham,Dante Cunningham,715.0,14875.0,True,7.457209106239459,3.204047217537943,34.03960616100415,29.17369308600337,28.848893236899947,18.802698145025296,57.18645356403718,57.41989881956155,52.0323002002406,53.389830508474574,10.997442455242966,10.997442455242966,30.707064108600456,5.480607082630692,-4.253161888701516,-4.86591307500078,-10.046195091874651,0.2334452555243729,1.3575303082339758,0.0,-25.226457025969765
dario-ari,Dario Šarić,498.0,11120.0,True,51.55754637436763,51.68634064080944,65.44639727668341,71.92242833052276,48.87682313151647,45.27824620573356,68.7674604730088,68.12816188870151,34.32529710194832,25.423728813559322,41.773231031543055,41.773231031543055,50.614717907663405,57.082630691399665,0.12879426644180825,6.47603105383935,-3.5985769257829077,-0.6392985843072836,-8.901568288389,0.0,6.46791278373626
darius-garland,Darius Garland,427.0,14037.0,True,76.34633220910624,81.28161888701517,65.02449846471063,71.58516020236088,66.57513141451265,75.96964586846543,7.026407524931659,3.794266441821248,28.477205240270653,17.372881355932204,19.77834612105712,19.77834612105712,48.06049038459611,48.81956155143339,4.935286677908934,6.56066173765025,9.39451445395278,-3.232141083110411,-11.104323884338449,0.0,0.7590711668372805
darius-miles,Darius Miles,446.0,11730.0,True,55.68549747048904,56.74536256323778,24.591722437992438,16.947723440134908,29.970106290710103,20.320404721753793,60.59223637233371,60.53962900505902,79.67416091871547,93.72881355932203,49.95737425404945,49.95737425404945,49.99949119239908,54.63743676222597,1.059865092748737,-7.64399899785753,-9.64970156895631,-0.052607367274688954,14.054652640606562,0.0,4.63794556982689
darnell-valentine,Darnell Valentine,620.0,14395.0,True,38.43296795952783,37.94266441821248,20.338667377750586,11.804384485666105,60.59198879898161,65.59865092748736,15.877089667488663,13.322091062394604,48.845830246601935,49.067796610169495,29.497016197783463,29.497016197783463,37.67246935482483,16.947723440134908,-0.4903035413153489,-8.53428289208448,5.006662128505745,-2.5549986050940596,0.22196636356756017,0.0,-20.72474591468992
darrall-imhoff,Darrall Imhoff,801.0,17874.0,True,13.8210370994941,8.010118043844857,33.39601373739099,27.5716694772344,31.491473668175114,21.500843170320405,80.82520222560893,81.19730185497471,27.63735211926718,15.932203389830509,12.958226768968457,12.958226768968457,30.207432424253835,4.4688026981450255,-5.810919055649244,-5.824344260156586,-9.99063049785471,0.3720996293657777,-11.705148729436672,0.0,-25.738629726108808
darrell-armstrong,Darrell Armstrong,840.0,19915.0,True,44.5716694772344,45.4468802698145,56.46817247285452,59.27487352445194,70.15487557396123,81.95615514333896,33.138208075162865,34.064080944350756,61.75497581629072,68.22033898305085,80.3921568627451,80.3921568627451,58.38993073149455,76.05396290050591,0.8752107925800985,2.806701051597422,11.801279569377726,0.9258728691878915,6.465363166760135,0.0,17.664032169011357
darrell-griffith,Darrell Griffith,765.0,21403.0,True,76.02129005059022,81.02866779089376,31.14788232820305,24.620573355817875,40.51680622054408,32.63069139966273,30.26542314477804,31.618887015177066,35.473623697178475,26.779661016949152,6.223358908780904,6.223358908780904,39.21664957121534,19.898819561551434,5.007377740303539,-6.527308972385175,-7.886114820881353,1.3534638703990254,-8.693962680229323,0.0,-19.317830009663908
darrell-walker,Darrell Walker,720.0,18601.0,True,31.322723440134904,28.161888701517707,7.980174359845531,2.4451939291736933,60.69818897612805,65.85160202360876,52.65397849985276,53.035413153457,68.0179471110048,78.05084745762711,58.22676896845695,58.226768968456945,45.61952106392941,39.88195615514334,-3.160834738617197,-5.534980430671838,5.153413047480711,0.3814346536042379,10.032900346622313,-7.105427357601002e-15,-5.737564908786069
darren-collison,Darren Collison,711.0,20833.0,True,48.17980607082631,48.65092748735245,80.19985954827828,90.80944350758853,77.50113671610784,90.64080944350759,12.235098146206932,8.937605396290051,34.090144601319984,25.0,54.6462063086104,54.6462063086104,53.502092619032894,64.08094435075886,0.47112141652613815,10.609583959310243,13.139672727399756,-3.2974927499168807,-9.090144601319984,0.0,10.578851731725962
darryl-dawkins,Darryl Dawkins,726.0,17235.0,True,62.770446880269816,64.41821247892074,81.43697584226004,91.98988195615514,32.57313300283228,22.681281618887017,71.41228764360497,70.9106239460371,65.75106964724294,74.66101694915254,86.10400682011935,86.10400682011935,65.3484540209138,88.7858347386172,1.6477655986509205,10.552906113895105,-9.891851383945262,-0.5016636975678637,8.909947301909597,0.0,23.43738071770339
darwin-cook,Darwin Cook,612.0,14156.0,True,38.9454047217538,38.27993254637437,16.016528687656674,6.913996627318719,54.050886415693405,53.96290050590219,18.386869109279417,16.863406408094434,65.68583873409763,74.40677966101696,27.62148337595908,27.62148337595908,39.19790492200212,19.81450252951096,-0.6654721753794348,-9.102532060337955,-0.08798590979121457,-1.5234627011849824,8.720940926919326,0.0,-19.383402392491156
dave-bing,Dave Bing,901.0,32769.0,True,80.11003372681282,84.73861720067454,35.5539486697832,31.45025295109612,70.83959733631507,82.96795952782462,18.799712339294267,17.032040472175378,24.657077505827854,12.711864406779661,72.1227621483376,72.1227621483376,51.814803213277294,59.44350758853288,4.628583473861724,-4.1036957186870815,12.128362191509552,-1.7676718671188887,-11.945213099048193,0.0,7.628704375255587
dave-corzine,Dave Corzine,891.0,20772.0,True,28.571669477234405,24.367622259696457,38.91580951116359,35.83473861720068,41.24525051747457,33.895446880269816,76.88590046951921,76.47554806070826,46.32705627853102,44.32203389830509,44.927536231884055,44.927536231884055,43.54697289691182,33.81112984822934,-4.204047217537948,-3.0810708939629095,-7.349803637204751,-0.4103524088109509,-2.005022380225931,0.0,-9.735843048682476
dave-cowens,Dave Cowens,766.0,29565.0,True,45.00906408094436,45.86846543001686,25.20714174613101,17.706576728499158,60.8427386811573,66.52613827993255,85.49460446771073,87.43676222596964,69.71464594006773,80.9322033898305,92.41261722080137,92.41261722080137,59.886357275032125,78.66779089376054,0.859401349072499,-7.500565017631853,5.683399598775253,1.9421577582589151,11.21755744976278,0.0,18.781433618728414
dave-debusschere,Dave DeBusschere,875.0,31202.0,True,46.34464586846543,47.21753794266442,13.255603940012762,4.806070826306914,52.691595298016246,51.011804384485664,72.78744511291931,72.59696458684654,56.96107381575584,60.76271186440678,88.40579710144928,88.40579710144928,52.10910414524166,60.87689713322091,0.8728920741989938,-8.449533113705847,-1.6797909135305815,-0.19048052607277555,3.8016380486509433,0.0,8.767792987979249
dave-gambee,Dave Gambee,750.0,14665.0,True,64.10328836424958,66.69477234401349,41.89331464365085,39.54468802698145,32.51962567500296,22.4283305227656,63.490725126475546,62.98482293423272,27.706734867860188,16.016949152542374,39.130434782608695,39.130434782608695,43.70546873771175,34.401349072512645,2.5914839797639075,-2.3486266166693994,-10.091295152237365,-0.5059021922428286,-11.689785715317814,0.0,-9.304119665199103
dave-greenwood,Dave Greenwood,823.0,23370.0,True,28.3931281618887,23.9460370994941,42.93291438410715,40.72512647554806,41.41543708626404,34.232715008431704,81.49137394504064,82.46205733558179,53.3496852467926,55.42372881355932,60.35805626598466,60.35805626598466,48.23619780654027,49.57841483979764,-4.447091062394602,-2.207787908559091,-7.182722077832338,0.9706833905411543,2.0740435667667185,0.0,1.34221703325737
dave-robisch,Dave Robisch,508.0,10556.0,True,41.376264755480605,41.231028667790895,34.65240290381077,30.18549747048904,59.79173845353431,63.65935919055649,69.28902043427998,68.97133220910624,32.60895461957429,22.372881355932204,63.51236146632566,63.51236146632566,47.64650526288646,47.470489038785836,-0.1452360876897103,-4.4669054333217275,3.867620737022186,-0.3176882251737396,-10.236073263642087,0.0,-0.17601622410062134
dave-stallworth,Dave Stallworth,522.0,10494.0,True,52.61193086003373,52.78246205733558,27.19241478761832,20.15177065767285,51.8922137981619,49.915682967959526,77.31477550538764,76.81281618887016,53.53579413318228,55.59322033898305,51.06564364876385,51.06564364876385,50.47669146473247,56.6610455311973,0.17053119730184818,-7.04064412994547,-1.9765308302023712,-0.5019593165174854,2.0574262058007733,0.0,6.184354066464834
david-lee,David Lee,829.0,24293.0,True,62.693296795952776,64.2495784148398,74.27830855523564,83.55817875210792,57.70536606876605,60.11804384485666,90.43289709075742,91.48397976391232,33.58458307673553,24.152542372881356,58.312020460358056,58.312020460358056,60.38021436353584,79.67959527824621,1.5562816188870272,9.279870196872281,2.412677776090611,1.0510826731548946,-9.43204070385417,0.0,19.29938091471037
david-robinson,David Robinson,987.0,34271.0,True,92.72786677908938,95.53119730185497,79.79111126660801,90.21922428330522,59.1846633910489,62.47892074198988,92.13687510740944,94.09780775716695,94.4677627335703,99.83050847457628,99.9147485080989,99.9147485080989,85.61762827578153,99.6627318718381,2.8033305227655916,10.42811301669721,3.294257350940981,1.9609326497575097,5.3627457410059804,0.0,14.045103596056578
david-thompson,David Thompson,509.0,16305.0,True,94.69013490725128,97.04890387858347,74.2015734529952,83.30522765598651,63.85124959353894,71.50084317032041,29.471882034396117,30.94435075885329,41.89010448731484,36.86440677966102,78.00511508951406,78.00511508951406,65.79079417798536,89.3760539629005,2.3587689713321964,9.103654202991308,7.64959357678147,1.4724687244571726,-5.025697707653819,0.0,23.585259784915138
david-wesley,David Wesley,949.0,30272.0,True,49.62921585160203,50.0,49.17846071374055,49.66273187183811,69.92406446983307,81.78752107925801,10.61045821030968,6.998313659359191,52.42232199243005,53.813559322033896,66.41091219096334,66.41091219096334,51.92833335971224,59.78077571669477,0.37078414839797347,0.48427115809756316,11.863456609424944,-3.6121445509504895,1.3912373296038467,0.0,7.852442356982529
david-west,David West,1034.0,29144.0,True,75.00737774030355,80.10118043844857,59.030356184178544,62.81618887015177,59.87523896947121,64.08094435075886,71.60916608924839,71.24789207419899,66.58771518440378,75.84745762711864,79.02813299232737,79.02813299232737,67.9097861059337,91.56829679595278,5.093802698145012,3.785832685973226,4.205705381287643,-0.3612740150494034,9.259742442714867,0.0,23.65851069001907
david-wingate,David Wingate,740.0,13243.0,True,18.33747892074199,12.731871838111298,17.721189091067135,8.684654300168635,38.93568688234331,30.69139966273187,27.70946915202188,29.005059021922428,57.19774211698084,61.440677966101696,10.571184995737426,10.571184995737426,29.641886118145298,3.794266441821248,-5.6056070826306925,-9.0365347908985,-8.24428721961144,1.295589869900546,4.242935849120855,0.0,-25.84761967632405
de-aaron-fox,De'Aaron Fox,603.0,19892.0,True,93.74409780775716,96.54300168634065,53.85808665446005,55.733558178752105,83.01002537066385,95.86846543001687,24.69602756191886,23.9460370994941,38.99689769271843,33.728813559322035,44.41602728047741,44.41602728047741,59.77370584148336,78.33052276559864,2.798903878583488,1.8754715242920525,12.858440059353015,-0.749990462424762,-5.268084133396393,0.0,18.55681692411528
deandre-jordan,DeAndre Jordan,1123.0,28066.0,True,32.113195615514336,29.42664418212479,82.88356630065093,93.50758853288364,25.602940139571963,15.008431703204048,98.76896049066303,99.4097807757167,69.70191698464328,80.76271186440678,78.94288150042625,78.94288150042625,60.91862353334881,80.6070826306914,-2.686551433389546,10.624022232232718,-10.594508436367915,0.640820285053664,11.060794879763506,0.0,19.688459097342587
demar-derozan,DeMar DeRozan,1264.0,43634.0,True,94.88933389544688,97.21753794266442,58.95761948046599,62.64755480607083,78.15407568232492,91.39966273187184,30.49163019715984,31.871838111298484,30.940184882441823,20.593220338983052,50.554134697357206,50.554134697357206,59.87243823972511,78.58347386172007,2.3282040472175396,3.6899353256048357,13.245587049546927,1.3802079141386443,-10.346964543458771,0.0,18.711035621994952
demarcus-cousins,DeMarcus Cousins,654.0,19509.0,True,98.1412310286678,98.8195615514334,49.94855865071891,50.42158516020236,44.78385196424029,38.026981450252954,92.14395432315064,94.18212478920742,79.82666111117172,93.98305084745763,61.04006820119352,61.04006820119352,70.5609367497525,93.929173693086,0.6783305227655916,0.4730265094834536,-6.756870513987337,2.0381704660567834,14.156389736285917,0.0,23.3682369433335
demarre-carroll,DeMarre Carroll,578.0,13675.0,True,34.889966273187184,33.05227655986509,56.51561927099032,59.527824620573355,49.16497773532178,45.952782462057336,55.67317766774677,56.23946037099494,62.17704765371715,68.89830508474576,74.59505541346974,74.59505541346974,54.35192638244887,65.85160202360876,-1.8376897133220922,3.0122053495830343,-3.2121952732644417,0.5662827032481701,6.721257431028604,0.0,11.49967564115989
deshawn-stevenson,DeShawn Stevenson,824.0,18396.0,True,27.23777403035413,22.765598650927487,15.757422712107669,6.492411467116358,41.06599377289636,33.55817875210793,23.147344266876708,22.09106239460371,18.1718737423888,7.11864406779661,0.1705029838022165,0.17050298380221654,21.763633572684665,0.08431703204047218,-4.472175379426645,-9.26501124499131,-7.507815020788435,-1.0562818722729972,-11.053229674592192,2.7755575615628914e-17,-21.67931654064419
deandre-ayton,Deandre Ayton,470.0,14230.0,True,57.81007588532884,58.68465430016863,82.52051997788911,93.08600337268128,29.99279715275972,20.404721753794266,94.07504635520569,96.12141652613828,58.18286654595062,62.88135593220339,42.45524296675192,42.45524296675192,59.06032323758079,77.06576728499157,0.8745784148397888,10.565483394792167,-9.588075398965454,2.0463701709325903,4.698489386252774,0.0,18.005444047410776
dee-brown,Dee Brown,676.0,17554.0,True,41.15472175379426,40.72512647554806,47.350529589562285,46.711635750421586,59.829723389737815,63.74367622259697,16.47081103135285,13.91231028667791,68.02284310320461,78.13559322033899,46.54731457800512,46.547314578005114,49.14128113399653,52.360876897133224,-0.4295952782462038,-0.6388938391406995,3.9139528328591524,-2.558500744674939,10.112750117134382,-7.105427357601002e-15,3.219595763136695
dejounte-murray,Dejounte Murray,517.0,15134.0,True,70.00906408094436,75.21079258010118,34.32963492465811,29.51096121416526,76.59020723095112,89.54468802698145,52.82761732780165,53.288364249578414,63.20722155261444,70.2542372881356,70.92924126172208,70.92924126172208,61.73117610447308,82.1247892074199,5.201728499156829,-4.818673710492849,12.954480796030325,0.46074692177676724,7.047015735521157,0.0,20.393613102946816
dell-curry,Dell Curry,1083.0,23549.0,True,68.28056492411467,72.84991568296796,63.29188728614727,68.97133220910624,65.45793669522715,74.53625632377741,27.895939162276665,29.17369308600337,52.77402333301758,54.49152542372882,75.3623188405797,75.3623188405797,60.48887262359116,79.93254637436762,4.56935075885329,5.6794449229589645,9.078319628550261,1.2777539237267064,1.7175020907112355,0.0,19.443673750776455
delon-wright,Delon Wright,548.0,11175.0,True,15.098229342327151,9.696458684654301,49.00146068405671,49.325463743676224,79.19432394930612,92.66441821247892,44.03021154676826,44.09780775716695,76.00251983127974,90.2542372881356,85.93350383631713,85.93350383631713,57.51958629904017,73.52445193929174,-5.40177065767285,0.32400305961951403,13.470094263172797,0.06759621039869046,14.251717456855857,0.0,16.004865640251566
delonte-west,Delonte West,432.0,11842.0,True,29.13743676222597,25.29510961214165,58.17426874488071,61.46711635750422,59.84595483324618,63.91231028667791,24.010825728438007,23.018549747048905,66.19589081364703,75.16949152542372,49.70161977834612,49.70161977834612,49.54116113080016,53.37268128161889,-3.8423271500843192,3.292847612623504,4.066355453431726,-0.9922759813891027,8.973600711776697,0.0,3.8315201508187258
deni-avdija,Deni Avdija,425.0,11878.0,True,61.72786677908937,62.90050590219224,66.66076948414697,73.94603709949409,47.71639220021241,43.59190556492411,60.07634965529641,59.78077571669477,52.94539826409861,54.66101694915254,19.011082693947145,19.011082693947145,52.39705498931127,61.973018549747046,1.1726391231028757,7.285267615347124,-4.124486635288299,-0.29557393860164183,1.7156186850539328,0.0,9.575963560435774
dennis-awtrey,Dennis Awtrey,733.0,14159.0,True,6.928962900505902,2.782462057335582,33.78574579660028,28.41483979763912,34.098544637257376,24.198988195615513,62.40571918118035,62.39460370994941,56.70968527215917,60.16949152542373,53.87894288150043,53.87894288150043,38.77315971565389,19.224283305227654,-4.146500843170321,-5.37090599896116,-9.899556441641863,-0.011115471230944252,3.45980625326456,0.0,-19.548876410426235
dennis-johnson,Dennis Johnson,1100.0,35954.0,True,56.81323777403036,57.50421585160203,24.65048171031694,17.116357504215852,70.35883220711536,82.29342327150084,31.568136865459067,32.96795952782462,71.02093449459184,83.13559322033899,81.67092924126172,81.67092924126172,57.00874077730579,72.59696458684654,0.6909780775716641,-7.534124206101087,11.934591064385486,1.3998226623655512,12.114658725747148,0.0,15.58822380954075
dennis-rodman,Dennis Rodman,911.0,28839.0,True,5.295741989881956,1.854974704890388,63.215722977912,68.88701517706576,40.56712164597032,32.79932546374368,99.83926725587504,99.91568296795953,63.70811010674509,71.10169491525424,94.7144075021313,94.7144075021313,55.75125052627882,69.05564924114671,-3.4407672849915683,5.671292199153761,-7.76779618222664,0.07641571208448283,7.393584808509154,0.0,13.304398714867894
dennis-schr-der,Dennis Schröder,912.0,24721.0,True,71.56450252951096,76.72849915682968,33.945873764148466,28.920741989881957,62.85991002587794,69.81450252951096,17.664261864452897,15.682967959527824,38.06477058301389,31.779661016949152,34.52685421994885,34.52685421994885,45.866768520170375,40.640809443507585,5.163996627318724,-5.025131774266509,6.954592503633023,-1.9812939049250726,-6.285109566064737,0.0,-5.2259590766627895
dennis-scott,Dennis Scott,629.0,17983.0,True,55.81218381112984,56.82967959527824,48.24277067804384,48.06070826306914,55.75050542072122,56.23946037099494,20.58660027072844,19.30860033726813,47.80811790247928,46.779661016949156,50.468883205456095,50.468883205456095,48.41774230166259,50.42158516020236,1.0174957841484016,-0.18206241497470188,0.4889549502737225,-1.2779999334603112,-1.028456885530126,0.0,2.0038428585397696
derek-anderson,Derek Anderson,615.0,17975.0,True,62.79510961214166,64.50252951096121,54.3940847831836,56.57672849915683,55.434925924910175,55.81787521079258,30.3964955655628,31.78752107925801,55.1114053845668,57.79661016949152,45.3537936913896,45.3537936913896,52.66491910952026,62.47892074198988,1.707419898819552,2.182643715973228,0.38294928588240396,1.391025513695208,2.6852047849247214,0.0,9.814001632469619
derek-fisher,Derek Fisher,1287.0,32719.0,True,23.72470489038786,18.465430016863408,34.3915104920808,29.595278246205734,69.15584667479736,80.69139966273187,7.551480388575184,4.1315345699831365,59.51774919189369,64.91525423728814,88.6615515771526,88.6615515771526,48.04923001021037,48.735244519392914,-5.2592748735244506,-4.796232245875064,11.535552987934508,-3.4199458185920477,5.397505045394446,0.0,0.6860145091825416
derek-harper,Derek Harper,1199.0,37786.0,True,51.24051433389545,51.34907251264755,58.89474159392306,62.47892074198988,81.70416598710753,94.43507588532884,9.340083188525943,5.733558178752108,49.27033672200798,49.32203389830509,70.076726342711,70.076726342711,55.851040366827405,69.64586846543001,0.10855817875210505,3.5841791480668235,12.730909898221313,-3.6065250097738355,0.05169717629710391,0.0,13.794828098602608
deron-williams,Deron Williams,845.0,28865.0,True,75.63849072512647,80.86003372681282,66.83848164350178,74.19898819561551,87.25898675833815,98.56661045531197,12.747694419742244,9.527824620573355,26.39831589642897,14.661016949152541,76.55583972719522,76.55583972719522,59.81845191388657,78.49915682967959,5.221543001686342,7.360506552113733,11.30762369697382,-3.2198697991688885,-11.737298947276427,0.0,18.680704915793022
derrick-coleman,Derrick Coleman,781.0,25903.0,True,83.47322934232716,88.36424957841484,43.93470857158047,42.07419898819562,40.75981262989016,33.136593591905566,85.23342918877132,87.01517706576729,66.59431613131477,75.9322033898305,62.91560102301791,62.915601023017906,62.70163911392151,84.2327150084317,4.891020236087684,-1.8605095833848537,-7.623219037984597,1.781747876995965,9.337887258515735,-7.105427357601002e-15,21.531075894510188
derrick-favors,Derrick Favors,790.0,19202.0,True,58.54363406408095,59.44350758853288,69.23106412447737,77.15008431703204,24.22670049504629,13.490725126475548,91.1841058354535,92.58010118043845,77.78385093391873,92.11864406779661,53.96419437340153,53.96419437340153,60.94739198424602,80.69139966273187,0.8998735244519338,7.919020192554669,-10.735975368570744,1.3959953449849536,14.33479313387788,0.0,19.74400767848585
derrick-jones-jr,Derrick Jones Jr.,547.0,11434.0,True,20.35560708263069,14.924114671163576,79.02999663585433,89.62900505902192,26.407493089005012,15.85160202360877,49.85343660858937,49.83136593591905,73.09990990214209,85.9322033898305,40.66496163682864,40.66496163682864,48.39423221230299,50.16863406408095,-5.431492411467115,10.59900842316759,-10.555891065396242,-0.022070672670317038,12.832293487688418,0.0,1.7744018517779594
derrick-mckey,Derrick McKey,937.0,27229.0,True,40.64165261382799,40.13490725126476,66.99561954825623,74.53625632377741,53.73936387884357,53.37268128161889,53.36702037704632,53.79426644182125,74.27733426217496,87.71186440677967,81.58567774936061,81.58567774936061,61.3336980278321,81.61888701517707,-0.5067453625632368,7.540636775521179,-0.3666825972246812,0.427246064774927,13.434530144604707,0.0,20.285188987344966
derrick-rose,Derrick Rose,723.0,22054.0,True,86.85940134907253,90.97807757166947,39.00519647134321,36.172006745362566,74.19041408049694,86.76222596964587,25.624914819090478,25.632377740303543,39.847373686796736,35.0,51.15089514066496,51.150895140664964,55.31255180649935,68.38111298482293,4.118676222596946,-2.8331897259806453,12.571811889148933,0.007462921213065243,-4.847373686796736,7.105427357601002e-15,13.068561178323584
derrick-white,Derrick White,571.0,16706.0,True,51.61677908937605,51.85497470489039,70.54234827783206,78.49915682967959,82.31222157533078,94.94097807757167,32.27604501787622,33.642495784148394,72.56905086251976,85.42372881355932,87.12702472293265,87.12702472293265,67.50212162842138,90.97807757166947,0.23819561551433566,7.95680855184753,12.62875650224089,1.3664507662721732,12.854677951039562,0.0,23.475955943248096
desmond-mason,Desmond Mason,643.0,19641.0,True,61.10876897133221,62.47892074198988,27.11333038077634,19.983136593591905,38.02011069822049,29.42664418212479,47.54194534325235,47.30185497470489,23.529288504706184,11.525423728813559,6.564364876385337,6.564364876385337,34.52972440878062,10.79258010118044,1.370151770657671,-7.130193787184435,-8.593466516095702,-0.24009036854746313,-12.003864775892625,0.0,-23.737144307600182
detlef-schrempf,Detlef Schrempf,1136.0,33597.0,True,67.13975548060708,71.16357504215851,88.88308335698113,97.47048903878583,71.9585250088818,84.48566610455312,64.27810405276048,63.827993254637434,30.25589712911217,19.406779661016948,83.97271952259165,83.97271952259165,66.5161380888889,89.88195615514334,4.023819561551434,8.587405681804697,12.527141095671325,-0.450110798123049,-10.849117468095223,0.0,23.365818066254448
devean-george,Devean George,630.0,11682.0,True,17.412942664418214,11.804384485666105,15.908687801098758,6.829679595278246,32.52084245280755,22.512647554806072,54.71507671084364,55.1433389544688,71.10286611192646,83.47457627118644,53.53793691389599,53.53793691389599,39.39318173898661,20.320404721753793,-5.608558178752109,-9.07900820582051,-10.008194898001477,0.42826224362516285,12.371710159259976,0.0,-19.07277701723282
devin-booker,Devin Booker,737.0,25295.0,True,97.34464586846543,98.4822934232715,76.29090535921458,85.7504215851602,79.775434806193,93.17032040472175,24.774854942457644,24.114671163575043,17.18919933117868,6.186440677966102,31.54305200341006,31.54305200341006,57.8583820591206,74.36762225969646,1.1376475548060654,9.45951622594562,13.394885598528745,-0.660183778882601,-11.00275865321258,0.0,16.50924020057586
devin-harris,Devin Harris,985.0,23963.0,True,68.47217537942666,73.10286677908938,61.44068446822675,66.44182124789208,79.80456714075059,93.25463743676222,12.29352914737003,9.021922428330523,49.399919361926855,49.49152542372882,79.53964194373401,79.53964194373401,61.02723646076457,80.77571669477234,4.630691399662723,5.00113677966533,13.450070296011631,-3.2716067190395073,0.0916060618019614,0.0,19.748480234007772
dick-barnett,Dick Barnett,971.0,28937.0,True,65.85434232715008,69.89881956155143,48.32951475607355,48.4822934232715,65.32678799659918,74.11467116357504,5.51985333412132,2.782462057335582,14.981188301994145,4.237288135593221,72.80477408354646,72.80477408354646,47.03346972267145,45.193929173693085,4.044477234401356,0.15277866719794986,8.78788316697586,-2.7373912767857385,-10.743900166400923,0.0,-1.8395405489783627
dick-garmaker,Dick Garmaker,421.0,12155.0,True,51.31302698145026,51.433389544688026,39.18443135217955,36.677908937605395,61.51967224793673,67.62225969645868,30.26981450252951,31.70320404721754,15.26001705029838,4.661016949152542,53.70843989769821,53.70843989769821,41.87031736332551,27.234401349072513,0.1203625632377694,-2.5065224145741567,6.102587448521952,1.4333895446880298,-10.599000101145837,0.0,-14.635916014252999
dick-mcguire,Dick McGuire,606.0,17170.0,True,22.59043001686341,17.116357504215852,31.644893660924566,25.463743676222595,62.269970585134416,69.22428330522766,37.18381112984823,38.11129848229342,58.22676896845695,63.220338983050844,35.0383631713555,35.0383631713555,41.70259455812175,26.559865092748737,-5.47407251264756,-6.181149984701971,6.954312720093242,0.9274873524451905,4.993570014593892,0.0,-15.142729465373016
dick-snyder,Dick Snyder,964.0,25676.0,True,41.25548060708263,40.89376053962901,71.24907796775793,79.51096121416526,52.88905458113408,51.5177065767285,15.269770280670508,12.225969645868465,46.00251348271915,43.559322033898304,55.15771526001705,55.15771526001705,48.84608011633362,51.264755480607086,-0.36172006745362495,8.261883246407336,-1.3713480044055828,-3.043800634802043,-2.4431914488208477,0.0,2.4186753642734686
dick-van-arsdale,Dick Van Arsdale,921.0,31771.0,True,52.38069139966274,52.44519392917369,61.75888174980966,67.03204047217538,59.54325590769354,63.23777403035413,11.98417181418817,8.853288364249579,20.942317504132618,9.152542372881356,42.88150042625746,42.88150042625746,43.54632715714416,33.72681281618887,0.06450252951095337,5.2731587223657215,3.6945181226605897,-3.1308834499385902,-11.789775131251261,0.0,-9.819514340955294
dikembe-mutombo,Dikembe Mutombo,1196.0,36791.0,True,33.77908937605397,31.871838111298484,72.08340168708396,80.43844856661046,17.338202526273392,7.082630691399663,96.96679296009114,98.31365935919055,75.98484286336081,90.16949152542372,95.99317988064792,95.99317988064792,61.18926775098432,81.02866779089376,-1.9072512647554838,8.355046879526498,-10.255571834873729,1.3468663990994116,14.184648662062912,0.0,19.839400039909442
dillon-brooks,Dillon Brooks,548.0,16205.0,True,63.660413153457,65.7672849915683,29.483516046556566,22.512647554806072,37.68350042714598,29.0893760539629,25.644040505387785,25.801011804384487,48.74274069861486,48.983050847457626,23.614663256606992,23.614663256606992,40.451297528388494,22.681281618887017,2.106871838111303,-6.970868491750494,-8.594124373183078,0.1569712989967016,0.24031014884276658,0.0,-17.770015909501478
dion-waiters,Dion Waiters,419.0,11835.0,True,66.69666947723441,70.74198988195616,18.211621611555582,9.190556492411467,63.34578972005799,70.57335581787521,13.011337137244588,10.118043844856661,32.97293483313465,23.135593220338983,34.10059676044331,34.10059676044331,40.58402586383478,23.102866779089375,4.04532040472175,-9.021065119144115,7.227566097817224,-2.893293292387927,-9.837341612795669,0.0,-17.481159084745407
dirk-nowitzki,Dirk Nowitzki,1522.0,51368.0,True,95.00274030354132,97.3018549747049,85.88390591253813,95.95278246205734,69.02678278626097,80.52276559865092,61.362174696252815,61.29848229342327,57.0308476693457,60.932203389830505,94.9701619778346,94.97016197783461,77.55464177047546,97.21753794266442,2.2991146711635793,10.068876549519217,11.495982812389954,-0.06369240282954536,3.9013557204848084,1.4210854715202004e-14,19.662896172188965
doc-rivers,Doc Rivers,864.0,23567.0,True,49.27487352445195,49.325463743676224,46.71681562043263,45.86846543001686,81.21564945348005,94.18212478920742,27.440834392388243,28.499156829679595,76.16173047239937,90.59322033898304,91.13384484228474,91.13384484228474,63.29952117758376,85.07588532883642,0.050590219224275756,-0.8483501904157649,12.966475335727367,1.058322437291352,14.431489866583675,0.0,21.776364151252658
dolph-schayes,Dolph Schayes,866.0,29800.0,True,77.15261382799326,81.78752107925801,46.80481140734732,46.12141652613828,69.16212886976959,80.77571669477234,88.95446880269814,90.3035413153457,15.68627450980392,5.0,97.10144927536231,97.10144927536231,61.890741793897696,82.54637436762226,4.63490725126475,-0.6833948812090398,11.613587825002753,1.3490725126475525,-10.68627450980392,0.0,20.655632573724567
domantas-sabonis,Domantas Sabonis,665.0,20463.0,True,70.88532883642496,76.05396290050591,86.62870118292423,96.29005059021922,74.3437808760473,87.01517706576729,91.7714186155769,93.59190556492412,63.43945635228936,70.67796610169492,96.24893435635124,96.24893435635124,78.46960890110074,97.5548060708263,5.168634064080948,9.661349407294992,12.671396189719985,1.8204869493472131,7.238509749405559,0.0,19.08519716972556
dominique-wilkins,Dominique Wilkins,1074.0,38113.0,True,98.50990725126476,99.4097807757167,51.88364296213355,52.951096121416526,62.01389036395946,68.46543001686341,62.15157136654781,62.14165261382799,37.319429271782674,29.74576271186441,78.17561807331629,78.17561807331629,64.74704673669144,87.94266441821247,0.8998735244519338,1.0674531592829766,6.451539652903946,-0.009918752719819679,-7.573666559918266,0.0,23.19561768152103
don-adams,Don Adams,487.0,12407.0,True,21.661677908937605,16.273187183811128,4.543970561378293,0.927487352445194,24.79128306040022,13.743676222596964,57.45377169023664,57.92580101180438,57.05419065557763,61.101694915254235,33.07757885763001,33.07757885763001,31.52163853807808,5.902192242833053,-5.388490725126477,-3.616483208933099,-11.047606837803258,0.4720293215677387,4.047504259676607,0.0,-25.619446295245027
don-buse,Don Buse,648.0,17070.0,True,3.4110455311973022,0.7588532883642496,24.5839491035588,16.863406408094434,63.1287939600444,70.48903878583474,11.866399734597175,8.768971332209107,67.53817489105445,77.28813559322033,85.84825234441603,85.84825234441603,42.81362387452779,30.775716694772346,-2.6521922428330527,-7.720542695464367,7.360244825790339,-3.0974284023880685,9.749960702165879,0.0,-12.037907179755447
don-chaney,Don Chaney,742.0,17406.0,True,18.555016863406408,12.900505902192243,20.2360852095824,11.551433389544687,32.530085146580745,22.596964586846543,43.08027866303282,42.748735244519395,73.95464607677336,87.37288135593221,18.84057971014493,18.840579710144926,35.066750772633334,11.720067453625632,-5.654510961214164,-8.684651820037711,-9.933120559734203,-0.3315434185134265,13.41823527915885,-3.552713678800501e-15,-23.346683319007703
don-kojis,Don Kojis,814.0,19241.0,True,61.85961214165262,63.15345699831366,29.98645116608913,22.93423271500843,33.765186129694044,23.9460370994941,54.40957856392057,55.05902192242833,31.664850744761228,21.271186440677965,27.10997442455243,27.10997442455243,39.55303958704998,20.657672849915684,1.293844856661039,-7.052218451080698,-9.819149030199945,0.6494433585077601,-10.393664304083263,0.0,-18.895366737134296
don-nelson,Don Nelson,1053.0,21685.0,True,56.483347386172014,57.251264755480605,67.72794060096342,75.37942664418212,46.0216143871266,40.472175379426645,58.157616164366296,58.51602023608769,36.98819367381028,28.8135593220339,76.72634271099744,76.72634271099744,55.63383407309578,68.80269814502529,0.7679173693085914,7.651486043218696,-5.549439007699952,0.3584040717213952,-8.17463435177638,0.0,13.168864071929512
don-ohl,Don Ohl,727.0,22413.0,True,57.87689713322091,58.85328836424958,23.121479378496904,14.75548060708263,51.424184662784285,49.494097807757164,3.962900505902192,1.349072512647555,7.672634271099744,1.1016949152542372,11.167945439045184,11.167945439045184,28.451902995685572,2.866779089376054,0.9763912310286713,-8.365998771414274,-1.9300868550271204,-2.6138279932546373,-6.570939355845507,0.0,-25.58512390630952
donovan-mitchell,Donovan Mitchell,609.0,20585.0,True,95.71795952782462,97.80775716694772,72.1564544273082,80.6070826306914,82.51145076476965,95.19392917369309,32.2134628416158,33.473861720067454,60.09365937248432,66.10169491525424,95.48167092924126,95.48167092924126,75.27498588845303,96.3743676222597,2.0897976391231055,8.45062820338319,12.682478408923444,1.260398878451653,6.008035542769925,0.0,21.099381733806666
donte-divincenzo,Donte DiVincenzo,498.0,13105.0,True,32.34822934232715,29.84822934232715,63.38669780863192,69.13996627318718,70.2489598815728,82.1247892074199,45.184526892712384,45.61551433389545,61.28064325419479,67.71186440677967,72.97527706734869,72.97527706734869,57.37623063136811,73.18718381112984,-2.5,5.753268464555262,11.875829325847093,0.4309874411830634,6.431221152584875,0.0,15.810953179761732
donyell-marshall,Donyell Marshall,957.0,25027.0,True,60.00969645868466,60.87689713322091,40.05188651864921,37.436762225969645,28.74249093294825,18.54974704890388,81.38742541038648,82.20910623946037,68.62699197276343,79.23728813559322,22.59164535379369,22.59164535379369,49.70587741842989,53.709949409780776,0.8672006745362495,-2.6151242926795675,-10.192743884044372,0.821680829073884,10.610296162829783,0.0,4.004071991350884
dorell-wright,Dorell Wright,549.0,12280.0,True,34.76454468802698,32.88364249578415,55.23620163088463,57.92580101180438,52.94339449828831,51.770657672849914,50.063532145507445,50.33726812816189,62.18157331823056,68.98305084745763,44.16027280477408,44.16027280477408,50.07985860842543,54.974704890387855,-1.8809021922428286,2.689599380919752,-1.172736825438399,0.27373598265444343,6.801477529227071,0.0,4.8948462819624226
dorian-finney-smith,Dorian Finney-Smith,628.0,17141.0,True,6.536045531197303,2.6138279932546373,60.8172013641681,65.26138279932546,39.18994293918501,30.94435075885329,51.17776894934131,51.770657672849914,54.296967408609646,56.610169491525426,38.70417732310315,38.70417732310315,40.76661824086472,23.777403035413155,-3.9222175379426654,4.444181435157361,-8.24559218033172,0.5928887235086009,2.3132020829157796,0.0,-16.98921520545157
doug-christie,Doug Christie,827.0,26079.0,True,34.28098650927487,32.546374367622256,57.9326959912683,61.045531197301855,55.84980824867104,56.323777403035415,38.1280472845779,39.03878583473862,64.02057997427794,71.61016949152543,45.26854219948849,45.26854219948849,50.25586222171127,55.733558178752105,-1.7346121416526117,3.1128352060335587,0.4739691543643758,0.9107385501607155,7.589589517247489,0.0,5.477695957040837
doug-collins,Doug Collins,415.0,13945.0,True,69.62921585160203,74.78920741989882,65.02342274855357,71.50084317032041,43.436467509228,36.509274873524454,19.130847727177564,17.537942664418214,41.399590048452566,36.440677966101696,29.66751918158568,29.66751918158568,47.742395527279314,48.229342327150086,5.159991568296789,6.477420421766837,-6.927192635703548,-1.5929050627593497,-4.958912082350871,0.0,0.48694679987077194
doug-mcdermott,Doug McDermott,726.0,14011.0,True,38.20657672849916,37.52107925801012,87.72321958343593,97.04890387858347,39.94508493645765,32.04047217537943,20.10703447904575,18.465430016863408,6.924069352623197,0.847457627118644,5.370843989769821,5.370843989769821,34.84272658872405,11.2141652613828,-0.6854974704890395,9.32568429514754,-7.904612761078219,-1.6416044621823431,-6.076611725504552,0.0,-23.62856132734125
doug-west,Doug West,676.0,16649.0,True,44.45931703204048,45.27824620573356,46.47145181359644,45.193929173693085,47.23969652596907,42.41146711635751,26.355205798595374,26.81281618887015,25.17453674536252,13.305084745762711,1.7050298380221651,1.7050298380221653,33.7922530935879,9.527824620573355,0.8189291736930784,-1.2775226399033528,-4.828229409611566,0.4576103902747768,-11.869451999599809,2.220446049250313e-16,-24.264428473014547
draymond-green,Draymond Green,949.0,27151.0,True,10.186551433389546,4.63743676222597,47.8826407560677,47.72344013490725,72.74267505923376,85.32883642495784,63.83340737783153,63.23777403035413,89.50860475535913,99.15254237288136,96.07843137254902,96.07843137254902,61.32468409447043,81.53456998313659,-5.549114671163577,-0.1592006211604513,12.586161365724081,-0.5956333474773956,9.643937617522226,0.0,20.209885888666165
drew-gooden,Drew Gooden,790.0,20127.0,True,66.11424957841484,70.15177065767286,31.239414230667595,24.78920741989882,29.310157006541267,19.477234401349072,89.55550460743498,90.72512647554807,39.44551632641971,34.40677966101695,8.184143222506394,8.184143222506394,42.51906332248354,29.51096121416526,4.037521079258013,-6.450206810768776,-9.832922605192195,1.169621868113083,-5.038736665402759,0.0,-13.00810210831828
dudley-bradley,Dudley Bradley,600.0,10192.0,True,13.795741989881956,7.841483979763912,20.303631352577128,11.63575042158516,39.6631931765948,31.534569983136592,25.460497821316565,25.29510961214165,81.69468708120276,95.33898305084746,56.52173913043478,56.52173913043478,40.195901283314825,22.17537942664418,-5.954258010118044,-8.667880930991968,-8.12862319345821,-0.16538820917491392,13.644295969644702,0.0,-18.020521856670644
duncan-robinson,Duncan Robinson,500.0,13127.0,True,36.22955311973018,34.90725126475548,93.58240216606012,98.98819561551433,64.85588474729968,73.10286677908938,14.81246652288893,11.804384485666105,26.55540976980173,14.745762711864407,58.90878090366581,58.908780903665814,50.58387862920937,56.99831365935919,-1.3223018549746968,5.405793449454208,8.246982031789699,-3.008082037222824,-11.809647057937324,7.105427357601002e-15,6.414435030149818
dwight-howard,Dwight Howard,1242.0,39457.0,True,68.77951096121416,73.60876897133221,82.00978150915712,92.7487352445194,24.96284381687336,13.827993254637438,97.7215340264388,98.90387858347385,71.40847814297267,84.0677966101695,70.75873827791986,70.75873827791986,67.1058611198181,90.47217537942664,4.829258010118053,10.738953735362273,-11.134850562235922,1.1823445570350515,12.659318467196826,0.0,23.366314259608544
dwight-jones,Dwight Jones,766.0,16452.0,True,32.03077571669478,29.258010118043845,60.92929047828208,65.59865092748736,22.808764819780773,11.63575042158516,79.92940333076507,80.18549747048904,47.12881172637209,45.59322033898305,31.37254901960784,31.372549019607842,43.53264890964208,33.642495784148394,-2.772765598650931,4.6693604492052785,-11.173014398195614,0.2560941397239702,-1.53559138738904,3.552713678800501e-15,-9.890153125493683
dwight-powell,Dwight Powell,768.0,13469.0,True,32.174536256323776,29.51096121416526,87.71984138721933,96.964586846543,47.97326404609685,44.35075885328836,76.46994079939569,76.13827993254637,65.0443605879217,73.55932203389831,66.06990622335891,66.06990622335891,60.81731947093601,80.43844856661046,-2.6635750421585165,9.244745459323667,-3.6225051928084895,-0.33166086684931884,8.51496144597661,0.0,19.621129095674448
dwyane-wade,Dwyane Wade,1054.0,35773.0,True,98.43001686340642,99.15682967959528,65.79479086939025,72.51264755480607,79.76994957122034,93.08600337268128,43.611756379909565,43.76053962900506,70.07523130169702,81.61016949152543,90.45183290707588,90.45183290707587,76.69293477467635,97.04890387858347,0.7268128161888541,6.717856685415811,13.316053801460939,0.14878324909549434,11.53493818982841,-1.4210854715202004e-14,20.355969103907128
e-twaun-moore,E'Twaun Moore,598.0,12564.0,True,27.586635750421586,23.102866779089375,49.77889006821116,50.084317032040474,45.94973473322236,40.3035413153457,17.56607352016354,15.51433389544688,47.60704684142843,46.52542372881356,7.161125319693094,7.161125319693094,35.08107862040377,11.804384485666105,-4.483768971332211,0.3054269638293121,-5.64619341787666,-2.0517396247166584,-1.0816231126148708,0.0,-23.276694134737667
earl-boykins,Earl Boykins,652.0,12964.0,True,67.52445193929174,71.66947723440136,35.51058889775966,31.365935919055648,78.61526116200577,92.15851602023609,10.431619718756291,6.829679595278246,15.54995959110848,4.915254237288136,12.78772378516624,12.787723785166241,39.97919809830467,21.500843170320405,4.145025295109619,-4.144652978704013,13.543254858230327,-3.6019401234780455,-10.634705353820344,1.7763568394002505e-15,-18.478354927984267
earl-cureton,Earl Cureton,674.0,12420.0,True,11.921795952782462,5.902192242833053,13.018947186262151,4.5531197301854975,18.859619194215583,8.431703204047217,77.7803377945377,77.57166947723441,41.79918614421968,36.779661016949156,6.138107416879795,6.138107416879795,25.47791833759165,0.927487352445194,-6.0196037099494095,-8.465827456076653,-10.427915990168366,-0.20866831730329238,-5.019525127270526,0.0,-24.550430985146455
earl-lloyd,Earl Lloyd,553.0,14477.0,True,25.153035413153464,20.320404721753793,6.581110375857106,1.7706576728499157,41.91618030418227,34.822934232715006,66.94772344013491,66.27318718381113,67.94543904518329,77.71186440677967,77.49360613810742,77.49360613810742,44.84035500393311,37.18381112984823,-4.832630691399672,-4.81045270300719,-7.093246071467263,-0.6745362563237762,9.766425361596376,0.0,-7.656543874084882
earl-monroe,Earl Monroe,926.0,29636.0,True,80.99325463743676,85.58178752107926,47.72117507820968,47.30185497470489,75.37693062846208,88.36424957841484,8.888040101346425,5.39629005059022,42.669737903827816,38.389830508474574,81.92668371696504,81.92668371696504,58.88360404788549,76.72849915682968,4.5885328836425,-0.41932010350479487,12.987318949952765,-3.491750050756205,-4.279907395353241,0.0,17.844895108944193
earl-watson,Earl Watson,878.0,19494.0,True,13.267284991568298,7.504215851602024,17.525067329725076,8.347386172006745,61.20371530426627,67.03204047217538,24.124788303756095,23.27150084317032,56.89616122068575,60.59322033898305,34.78260869565217,34.78260869565217,35.43262506237669,12.647554806070826,-5.763069139966274,-9.17768115771833,5.828325167909114,-0.8532874605857756,3.697059118297304,0.0,-22.78507025630586
ed-conlin,Ed Conlin,486.0,11392.0,True,44.82230185497471,45.69983136593592,8.610458869653696,2.866779089376054,47.2283170237295,42.24283305227656,50.75885328836424,51.5177065767285,74.16879795396419,87.62711864406779,71.86700767263427,71.86700767263427,48.88092525368063,51.34907251264755,0.8775295109612102,-5.743679780277642,-4.985483971452943,0.7588532883642571,13.458320690103605,0.0,2.4681472589669227
ed-davis,Ed Davis,722.0,13756.0,True,20.41947723440135,15.09274873524452,73.37388631434577,82.29342327150084,23.03993731840274,12.310286677908937,97.38597226944312,98.4822934232715,49.84168954385348,50.16949152542373,15.26001705029838,15.26001705029838,43.69235099962751,34.31703204047218,-5.326728499156829,8.919536957155074,-10.729650640493801,1.0963211538283844,0.32780198157025353,0.0,-9.37531895915533
ed-macauley,Ed Macauley,506.0,18071.0,True,67.38596121416526,71.50084317032041,57.93495611007938,61.12984822934233,64.78815154846504,72.84991568296796,57.84148397976392,58.09443507588533,8.951406649616368,1.6101694915254237,41.60272804774083,41.60272804774083,49.04735705561455,52.02360876897133,4.114881956155145,3.1948921192629456,8.061764134502923,0.2529510961214072,-7.341237158090944,0.0,2.976251713356781
ed-pinckney,Ed Pinckney,793.0,15698.0,True,30.366779089376053,26.72849915682968,78.96486688229392,89.46037099494097,19.899487587891,9.190556492411467,79.41058528459268,79.51096121416526,61.55154522933067,67.79661016949153,26.854219948849103,26.854219948849106,48.14267981635149,49.07251264755481,-3.6382799325463715,10.495504112647055,-10.708931095479532,0.10037592957257857,6.245064940160859,3.552713678800501e-15,0.9298328312033206
eddie-house,Eddie House,717.0,12405.0,True,53.76117200674537,54.5531197301855,31.403128895011164,24.957841483979763,58.01101662598214,60.62394603709949,17.27625487875465,15.008431703204048,33.69011405065575,24.406779661016948,15.77152600170503,15.77152600170503,37.52796617775844,16.779089376053964,0.7919477234401313,-6.445287411031401,2.6129294111173564,-2.2678231755506015,-9.283334389638803,0.0,-20.748876801704473
eddie-johnson,Eddie Johnson,1874.0,52579.0,True,83.125,87.85834738617201,56.46547272316333,59.19055649241147,68.17981631394402,79.42664418212479,36.67263219048098,37.68971332209106,16.731662864527742,5.762711864406779,53.79369138959932,53.79369138959932,53.520259317181285,64.16526138279933,4.733347386172014,2.725083769248137,11.246827868180773,1.0170811316100767,-10.968951000120963,0.0,10.645002065618044
eddie-jones,Eddie Jones,954.0,32778.0,True,61.49114671163575,62.563237774030355,73.18611688141951,82.1247892074199,71.8027242888143,84.40134907251264,32.27578705819773,33.55817875210793,84.32121983747761,96.61016949152543,98.03921568627452,98.03921568627452,71.88471647922258,94.94097807757167,1.0720910623946054,8.938672326000386,12.598624783698341,1.2823916939101991,12.288949654047812,0.0,23.056261598349096
eddie-miles,Eddie Miles,605.0,15681.0,True,58.09591062394604,59.27487352445194,26.070832236381797,18.54974704890388,30.903313538000084,21.079258010118043,12.982831489180066,9.949409780775717,7.075873827791988,0.9322033898305084,2.898550724637681,2.898550724637681,25.044204783926336,0.8431703204047217,1.1789629005059012,-7.521085187477919,-9.824055527882042,-3.033421708404349,-6.14367043796148,0.0,-24.201034463521616
eddy-curry,Eddy Curry,527.0,13109.0,True,83.19203204047218,87.94266441821247,91.04319371277344,98.4822934232715,4.277640444784792,0.8431703204047217,69.20670242167635,68.80269814502529,35.150811933505985,26.610169491525422,1.3640238704177323,1.3640238704177323,48.277165919938525,49.83136593591905,4.750632377740288,7.439099710498056,-3.4344701243800704,-0.4040042766510652,-8.540642441980562,0.0,1.554200015980527
eduardo-n-jera,Eduardo Nájera,619.0,11213.0,True,9.98545531197302,4.4688026981450255,57.09957535565837,60.03372681281619,29.54446357462908,19.81450252951096,68.44767807893089,67.8752107925801,72.37023305415225,85.16949152542372,51.91815856777494,51.91815856777494,46.26302228561416,42.41146711635751,-5.516652613827994,2.9341514571578244,-9.72996104511812,-0.5724672863507863,12.799258471271472,0.0,-3.851555169256656
elden-campbell,Elden Campbell,1044.0,25776.0,True,66.70151770657674,70.82630691399663,26.03529297662889,18.465430016863408,28.31479150288819,17.875210792580102,75.57275588048569,75.29510961214166,68.10559059960974,78.30508474576271,39.38618925831202,39.38618925831202,49.99671178487349,54.5531197301855,4.124789207419894,-7.569862959765484,-10.439580710308089,-0.2776462683440286,10.199494146152972,0.0,4.55640794531201
elfrid-payton,Elfrid Payton,524.0,13894.0,True,34.94266441821248,33.22091062394604,16.12338254570205,7.166947723440135,65.95771090559691,75.29510961214166,45.06613901297507,45.193929173693085,51.50972950091739,52.28813559322034,24.467178175618077,24.467178175618074,40.10008925513061,21.838111298482293,-1.7217537942664407,-8.956434822261915,9.337398706544747,0.12779016071801408,0.7784060923029514,-3.552713678800501e-15,-18.26197795664832
elgin-baylor,Elgin Baylor,846.0,33863.0,True,93.37394603709949,96.12141652613828,39.0161471266985,36.25632377740303,75.12429518929045,88.02698145025295,78.17135745912653,78.07757166947724,55.49872122762148,58.30508474576271,95.82267689684568,95.82267689684569,71.46386698410465,94.60370994940978,2.7474704890387898,-2.7598233492954662,12.902686260962497,-0.09378578964928863,2.8063635181412323,1.4210854715202004e-14,23.13984296530512
elmore-smith,Elmore Smith,562.0,17879.0,True,42.671374367622256,42.49578414839797,38.13021348455848,35.160202360876895,10.868842549777249,3.9629005059021924,84.16997362458523,85.83473861720067,71.16835681364277,83.55932203389831,25.916453537936917,25.916453537936913,43.92434478063637,34.991568296795954,-0.17559021922428286,-2.970011123681587,-6.905942043875056,1.6647649926154457,12.390965220255538,-3.552713678800501e-15,-8.932776483840414
elton-brand,Elton Brand,1058.0,34910.0,True,80.15261382799325,84.82293423271501,61.3371830370605,66.27318718381113,47.900045292183634,44.266441821247895,85.51364079983395,87.52107925801012,61.657676884522736,68.13559322033899,54.21994884910486,54.21994884910486,64.32338462037886,87.18381112984822,4.670320404721764,4.9360041467506335,-3.633603470935739,2.0074384581761677,6.4779163358162535,0.0,22.860426509469363
elvin-hayes,Elvin Hayes,1303.0,50000.0,True,79.70636593591905,84.2327150084317,19.225133191686066,10.539629005059021,38.990410050401806,30.775716694772346,84.04730634361923,85.66610455311972,65.1987672289228,73.64406779661017,86.87127024722933,86.87127024722933,60.01241306600016,78.83642495784149,4.5263490725126445,-8.685504186627044,-8.21469335562946,1.618798209500497,8.445300567687369,0.0,18.82401189184133
em-bryant,Em Bryant,566.0,11451.0,True,13.902824620573355,8.178752107925801,4.770719339314981,1.0118043844856661,45.62350794174928,39.54468802698145,26.143916097789724,26.72849915682968,64.62063086104007,72.54237288135593,17.306052855924978,17.306052855924978,29.85708033273205,4.1315345699831365,-5.724072512647554,-3.758914954829315,-6.078819914767834,0.5845830590399572,7.921742020315861,0.0,-25.725545762748915
emeka-okafor,Emeka Okafor,616.0,19055.0,True,52.88174536256324,53.20404721753794,46.47073349772997,45.10961214165261,14.353390483706365,6.155143338954469,95.79260490762609,97.47048903878583,64.92634292834282,73.13559322033899,34.271099744245525,34.271099744245525,49.19478195561364,52.44519392917369,0.32230185497470387,-1.361121356077355,-8.198247144751896,1.6778841311597432,8.20925029199617,0.0,3.2504119735600483
enes-freedom,Enes Freedom,748.0,16101.0,True,73.68697301854975,79.0893760539629,81.98387947759285,92.66441821247892,15.454963989879424,6.745362563237774,98.30058151395056,99.0725126475548,47.09174528069293,45.50847457627118,,,60.13444687047209,78.92074198988196,5.402403035413144,10.68053873488607,-8.709601426641651,0.7719311336042409,-1.58327070442175,,18.78629511940987
eric-bledsoe,Eric Bledsoe,756.0,21021.0,True,71.49915682967959,76.55986509274874,62.035133700642845,67.53794266441821,66.86087166384894,76.89713322091062,37.79790222118204,38.70151770657673,74.16058313571281,87.54237288135593,77.3231031543052,77.3231031543052,66.74062761774232,90.13490725126475,5.060708263069145,5.502808963775365,10.036261557061678,0.9036154853946883,13.381789745643118,0.0,23.39427963352243
eric-gordon,Eric Gordon,931.0,28958.0,True,66.6966694772344,70.65767284991568,70.64610294025738,78.66779089376054,59.84293419862578,63.827993254637434,3.643718610280811,1.0118043844856661,29.005536211882664,17.796610169491526,25.14919011082694,25.14919011082694,46.4061989418635,42.83305227655986,3.96100337268129,8.02168795350316,3.985059056011657,-2.631914225795145,-11.208926042391138,0.0,-3.5731466653036392
eric-money,Eric Money,426.0,10827.0,True,51.516441821247895,51.602023608768974,61.51387021106534,66.61045531197301,61.4257328437288,67.45362563237774,16.1989060067281,13.743676222596964,27.38858621497295,15.508474576271187,26.427962489343564,26.427962489343564,43.17879422387495,32.1247892074199,0.08558178752107892,5.096585100907674,6.027892788648934,-2.455229784131138,-11.880111638701763,0.0,-11.05400501645505
eric-murdock,Eric Murdock,508.0,11882.0,True,62.645446880269816,64.08094435075886,40.333279554768026,38.026981450252954,65.34893142618975,74.19898819561551,28.44683280843462,29.763912310286678,63.10255460012708,70.16949152542372,63.08610400682012,63.08610400682012,55.675939758458135,68.88701517706576,1.4354974704890395,-2.306298104515072,8.850056769425763,1.3170795018520565,7.066936925296645,0.0,13.211075418607628
eric-piatkowski,Eric Piatkowski,789.0,14613.0,True,44.36846543001686,45.193929173693085,78.4930615122565,88.7858347386172,50.86670053150306,48.735244519392914,35.430866756265225,36.08768971332209,21.44625087662848,9.40677966101695,19.607843137254903,19.607843137254903,42.815000262143045,30.860033726812816,0.8254637436762238,10.292773226360694,-2.1314560121101422,0.6568229570568676,-12.03947121561153,0.0,-11.954966535330229
eric-snow,Eric Snow,846.0,23132.0,True,14.69983136593592,9.27487352445194,15.82688329006282,6.661045531197302,63.35795565166912,70.65767284991568,17.74424319139061,15.935919055649242,59.79130622498828,65.76271186440678,68.45694799658995,68.45694799658995,40.25633204233225,22.344013490725125,-5.42495784148398,-9.165837758865518,7.299717198246562,-1.8083241357413673,5.971405639418499,0.0,-17.91231855160712
eric-williams,Eric Williams,658.0,15731.0,True,46.31028667790894,47.13322091062395,29.744252679921008,22.765598650927487,31.95370268453003,21.753794266441822,44.30390270602558,44.435075885328835,40.43714886723114,35.59322033898305,15.004262574595057,15.004262574595055,35.132604306332226,11.97301854974705,0.8229342327150064,-6.978654028993521,-10.199908418088206,0.13117317930325356,-4.843928528248085,-1.7763568394002505e-15,-23.159585756585177
erick-dampier,Erick Dampier,987.0,24003.0,True,29.486509274873523,25.96964586846543,54.14900125940483,56.07082630691399,5.050673092853172,1.1804384485666104,91.66237514437064,93.3389544688027,67.02760258731733,76.61016949152543,16.624040920716112,16.624040920716112,41.8275586703002,27.06576728499157,-3.516863406408092,1.9218250475091665,-3.870234644286562,1.6765793244320548,9.582566904208093,0.0,-14.76179138530863
erick-strickland,Erick Strickland,501.0,10189.0,True,44.23629848229342,44.772344013490724,27.02005753946127,19.898819561551434,51.997657272115234,50.084317032040474,34.187811728647034,34.90725126475548,38.55579031994548,32.54237288135593,17.050298380221655,17.050298380221655,36.673116939369415,15.177065767284992,0.5360455311973027,-7.121237977909836,-1.91334024007476,0.719439536108446,-6.013417438589549,0.0,-21.49605117208442
ernie-grunfeld,Ernie Grunfeld,693.0,12916.0,True,36.46669477234401,35.413153456998316,46.35468937324739,45.025295109612145,50.889342608291024,48.81956155143339,41.02130173607598,41.31534569983137,59.6627193833998,65.16949152542372,60.52855924978687,60.52855924978687,49.208400768834885,52.61382799325464,-1.0535413153456972,-1.329394263635244,-2.069781056857636,0.2940439637553851,5.5067721420239195,0.0,3.4054272244197534
ersan-i-lyasova,Ersan İlyasova,825.0,18957.0,True,53.91547217537943,54.72175379426644,56.182255610813954,59.02192242833052,34.31256810740124,24.45193929173693,75.9044363255766,75.71669477234401,42.32448937286118,37.6271186440678,17.73231031543052,17.73231031543052,45.90088828569552,40.89376053962901,0.806281618887013,2.839666817516566,-9.86062881566431,-0.18774155323258412,-4.697370728793381,0.0,-5.007127746066516
ervin-johnson,Ervin Johnson,845.0,16989.0,True,5.695615514333897,2.1079258010118043,54.971421914240366,57.41989881956155,6.983418854338193,1.854974704890388,94.23304480692826,96.29005059021922,81.65006573878061,95.16949152542372,67.43393009377664,67.43393009377664,47.61905785635436,47.21753794266442,-3.587689713322093,2.4484769053211863,-5.128444149447805,2.057005783290961,13.519425786643112,0.0,-0.40151991368993833
evan-fournier,Evan Fournier,704.0,19514.0,True,62.73039629005059,64.33389544688028,69.00770451963301,76.55986509274874,54.21170982136409,54.30016863406408,13.427457338943658,10.708263069139965,32.28329035263557,22.11864406779661,28.644501278772378,28.644501278772378,46.45912260314007,43.08600337268128,1.6034991568296846,7.552160573115728,0.08845881269999012,-2.719194269803692,-10.164646284838959,0.0,-3.3731192304587836
evan-turner,Evan Turner,705.0,18938.0,True,33.04848229342328,31.281618887015178,17.774822137693803,8.768971332209107,49.47745462633914,46.62731871838111,43.2201220001719,43.17032040472176,54.05253143073827,56.271186440677965,30.605285592497868,30.605285592497868,38.195438927363504,17.875210792580102,-1.766863406408099,-9.005850805484696,-2.850135907958027,-0.04980159545014118,2.2186550099396953,0.0,-20.320228134783402
fat-lever,Fat Lever,752.0,23814.0,True,49.91188870151772,50.16863406408095,19.17172103216096,10.370994940978077,87.77552393152808,98.8195615514334,56.26670955204271,56.82967959527824,55.855702228947145,58.898305084745765,,,53.53991535551617,64.33389544688028,0.25674536256322966,-8.800726091182883,11.04403761990531,0.5629700432355307,3.04260285579862,,10.793980091364105
felton-spencer,Felton Spencer,640.0,12298.0,True,24.736298482293428,19.645868465430016,48.30134520534555,48.229342327150086,4.612546492479596,1.0961214165261384,89.60790147375654,90.80944350758853,52.11348078127608,53.559322033898304,8.695652173913043,8.695652173913043,35.477199056545125,12.900505902192243,-5.090430016863412,-0.07200287819546247,-3.5164250759534577,1.2015420338319842,1.4458412526222233,0.0,-22.57669315435288
flynn-robinson,Flynn Robinson,494.0,11569.0,True,82.47744519392919,87.18381112984822,52.91629014546171,54.468802698145026,66.92275316996749,76.98145025295109,11.33440345324087,8.094435075885329,16.28303495311168,5.423728813559322,31.28729752770673,31.287297527706734,46.73702135501613,43.76053962900506,4.706365935919038,1.552512552683318,10.058697082983599,-3.2399683773555417,-10.85930613955236,3.552713678800501e-15,-2.976481726011073
foots-walker,Foots Walker,658.0,15036.0,True,14.40219224283305,8.853288364249579,22.97216718651553,14.249578414839798,71.01374102812368,83.13659359190557,25.757439160198235,25.96964586846543,65.84344740200511,74.83050847457628,89.00255754475704,89.00255754475704,47.6864677879657,47.72344013490725,-5.548903878583472,-8.722588771675733,12.12285256378189,0.21220670826719612,8.987061072571166,0.0,0.03697234694155327
francisco-garc-a,Francisco García,549.0,11853.0,True,27.95910623946037,23.524451939291737,58.91777808151727,62.563237774030355,42.93806274740818,36.08768971332209,31.34351234449844,32.63069139966273,66.53780872026063,75.76271186440678,40.2387041773231,40.2387041773231,45.95672820126174,41.231028667790895,-4.434654300168635,3.6454596925130858,-6.85037303408609,1.287179055164291,9.224903144146154,0.0,-4.725699533470845
frank-brickowski,Frank Brickowski,731.0,16278.0,True,56.37774030354132,57.082630691399665,77.48924113201457,87.35244519392917,38.6503886111084,30.354131534569984,64.0447196158071,63.490725126475546,65.00003713442409,73.38983050847457,58.14151747655584,58.14151747655584,59.75448926035,78.24620573355818,0.7048903878583417,9.863204061914601,-8.296257076538414,-0.5539944893315507,8.389793374050484,0.0,18.491716473208186
frank-johnson,Frank Johnson,596.0,12897.0,True,41.007377740303546,40.55649241146712,14.860196857247349,5.986509274873525,66.60171728225276,76.13827993254637,13.02063908670038,10.202360876897133,48.68937377671834,48.898305084745765,62.74509803921568,62.745098039215684,42.440250187912056,29.17369308600337,-0.45088532883642785,-8.873687582373824,9.536562650293604,-2.818278209803246,0.20893130802742377,7.105427357601002e-15,-13.266557101908685
frank-ramsey,Frank Ramsey,623.0,15330.0,True,64.7683389544688,67.8752107925801,37.167706695317854,33.72681281618887,33.09916902540391,23.018549747048905,51.93929173693086,52.192242833052276,92.32736572890026,99.32203389830508,80.64791133844842,80.64791133844842,60.40827222947201,79.84822934232714,3.106871838111303,-3.4408938791289856,-10.080619278355005,0.2529510961214143,6.994668169404818,0.0,19.439957112855133
frank-selvy,Frank Selvy,565.0,14908.0,True,41.37563237774031,41.14671163575042,20.197356406078416,11.467116357504215,49.93834453777465,47.55480607082631,29.679595278246207,31.197301854974704,51.23614663256607,51.94915254237288,43.56351236146632,43.56351236146632,40.14421364496863,22.006745362563237,-0.22892074198988865,-8.7302400485742,-2.3835384669483375,1.5177065767284965,0.7130059098068102,0.0,-18.137468282405393
fred-brown,Fred Brown,963.0,24422.0,True,72.27550590219225,77.65598650927487,57.42496230359986,60.53962900505902,63.56799966950501,71.07925801011804,22.324255237103365,20.994940978077572,63.48994518601366,70.84745762711864,78.43137254901961,78.43137254901961,61.86410546681356,82.37774030354132,5.380480607082617,3.114666701459157,7.511258340613033,-1.329314259025793,7.357512441104987,0.0,20.513634836727753
fred-carter,Fred Carter,611.0,18328.0,True,65.20594435075886,68.63406408094436,5.260137611088579,1.433389544688027,45.64986443196336,39.713322091062395,24.379192923174983,23.524451939291737,27.954341253064666,16.271186440677965,9.377664109121907,9.377664109121909,31.621657400178883,6.239460370994941,3.4281197301855,-3.826748066400552,-5.936542340900964,-0.8547409838832465,-11.6831548123867,1.7763568394002505e-15,-25.382197029183942
fred-jones,Fred Jones,430.0,10299.0,True,23.82483136593592,18.54974704890388,46.57586614491778,45.36256323777403,44.27815582840165,37.35244519392917,16.685811403037363,14.165261382799326,38.2894363428401,32.03389830508475,1.0230179028132993,1.0230179028132993,30.66669511115142,5.39629005059022,-5.275084317032043,-1.213302907143749,-6.92571063447248,-2.520550020238037,-6.2555380377553504,0.0,-25.2704050605612
fred-roberts,Fred Roberts,818.0,14703.0,True,43.078625632377744,42.917369308600335,76.02645232739336,85.49747048903879,40.41376453197597,32.546374367622256,49.70848107960416,49.57841483979764,43.099883344784864,38.898305084745765,45.43904518329071,45.43904518329071,49.54860244322168,53.45699831365936,-0.16125632377740828,9.471018161645432,-7.867390164353715,-0.1300662398065242,-4.201578260039099,0.0,3.9083958704376798
fred-vanvleet,Fred VanVleet,550.0,17193.0,True,59.24599494097808,59.94940978077572,36.1413883067706,32.20910623946037,88.05156529096709,99.15682967959528,18.71300386168796,16.947723440134908,75.32006270403447,89.40677966101696,93.17988064791132,93.17988064791133,63.81209246954056,86.42495784148397,0.7034148397976381,-3.9322820673102328,11.105264388628186,-1.7652804215530509,14.086716956982485,1.4210854715202004e-14,22.612865371943414
gail-goodrich,Gail Goodrich,1031.0,33527.0,True,77.55122259696459,82.29342327150084,48.22561862137502,47.97639123102867,68.14174196359897,79.34232715008432,16.637124193685715,14.080944350758854,23.74219101403897,12.033898305084746,35.208866155157715,35.208866155157715,47.70490259877932,48.06070826306914,4.7422006745362495,-0.24922739034634844,11.200585186485341,-2.556179842926861,-11.708292708954223,0.0,0.35580566428981797
gar-heard,Gar Heard,787.0,19571.0,True,24.035413153457,18.718381112984822,2.531925605371164,0.42158516020236086,32.10012992989283,21.922428330522767,81.5297181766725,82.54637436762226,86.49319542286048,97.54237288135593,73.82779198635976,73.82779198635976,46.8668640383202,44.266441821247895,-5.317032040472178,-2.110340445168803,-10.177701599370064,1.0166561909497602,11.04917745849545,0.0,-2.600422217072307
garrett-temple,Garrett Temple,793.0,15534.0,True,9.837900505902192,4.3844856661045535,25.16658977554229,17.622259696458684,43.38082506245022,36.34064080944351,24.47227931763253,23.69308600337268,62.41534391494385,69.15254237288136,21.14236999147485,21.14236999147485,32.21299283220838,7.082630691399663,-5.453414839797639,-7.544330079083604,-7.040184253006714,-0.7791933142598495,6.7371984579375095,0.0,-25.130362140808714
gary-grant,Gary Grant,552.0,12602.0,True,22.808389544688023,17.622259696458684,18.983096635927105,9.949409780775717,60.43037830957213,65.43001686340641,22.391238860880108,21.079258010118043,57.180442788878224,61.355932203389834,43.13725490196079,43.13725490196079,38.46680144906024,18.465430016863408,-5.1861298482293385,-9.033686855151387,4.999638553834281,-1.3119808507620654,4.17548941451161,0.0,-20.001371432196834
gary-harris,Gary Harris,666.0,17326.0,True,25.79384485666105,20.994940978077572,68.74599302523592,76.22259696458684,58.99680523440678,62.05733558178752,13.141647297091325,10.370994940978077,37.35513242689788,30.0,36.57289002557545,36.57289002557545,41.940712263094746,27.740303541315345,-4.798903878583477,7.476603939350923,3.060530347380741,-2.7706523561132474,-7.355132426897882,0.0,-14.2004087217794
gary-payton,Gary Payton,1335.0,47117.0,True,67.83726812816188,72.09106239460371,53.68685591097199,55.31197301854975,89.66514918160645,99.49409780775717,31.47201736271984,32.715008431703204,62.29905720187416,69.0677966101695,97.8687127024723,97.8687127024723,68.34746402059066,91.8212478920742,4.25379426644183,1.6251171075777577,9.82894862615072,1.2429910689833648,6.768739408295332,0.0,23.473783871483533
gary-trent-jr,Gary Trent Jr.,480.0,13075.0,True,52.63701517706576,52.86677908937605,44.36247992021355,42.748735244519395,56.155714678094,56.82967959527824,5.295070470762454,2.4451939291736933,26.97749370264998,15.084745762711865,15.515771526001704,15.515771526001705,36.6667883590788,15.09274873524452,0.2297639123102897,-1.6137446756941571,0.673964917184243,-2.8498765415887606,-11.892747939938115,1.7763568394002505e-15,-21.57403962383428
gene-banks,Gene Banks,468.0,13074.0,True,35.31682124789208,33.72681281618887,74.52332352565207,83.97976391231029,63.47353372243784,70.9106239460371,64.35384829878356,63.91231028667791,34.182265414656385,25.16949152542373,75.87382779198636,75.87382779198636,55.73937246045631,68.97133220910624,-1.590008431703211,9.456440386658215,7.437090223599263,-0.4415380121056529,-9.012773889232655,0.0,13.231959748649928
gene-shue,Gene Shue,699.0,23338.0,True,41.582419898819566,41.56829679595278,28.90451896599569,22.006745362563237,65.39135824323141,74.28330522765599,17.959527824620572,16.104553119730184,44.16027280477408,40.59322033898305,67.0076726342711,67.0076726342711,45.05358266559136,38.11129848229342,-0.0141231028667832,-6.8977736034324515,8.891946984424578,-1.8549747048903882,-3.567052465791029,0.0,-6.942284183297936
geoff-huston,Geoff Huston,496.0,12252.0,True,24.607715008431704,19.392917369308602,33.842981166260294,28.58347386172007,57.02512129377016,58.51602023608769,3.97864768058572,1.5177065767284992,9.003757244241012,1.694915254237288,0.0852514919011082,0.08525149190110827,23.507819851208176,0.42158516020236086,-5.214797639123102,-5.259507304540225,1.4908989423175285,-2.4609411038572206,-7.308841990003724,6.938893903907228e-17,-23.086234691005814
geoff-petrie,Geoff Petrie,446.0,16787.0,True,78.29574198988196,83.22091062394604,37.447482703742445,34.232715008431704,75.64444140828064,88.53288364249579,3.9694386584399046,1.433389544688027,9.702509242160144,2.0338983050847457,17.647058823529413,17.647058823529413,40.75534058688524,23.69308600337268,4.925168634064079,-3.2147676953107407,12.888442234215148,-2.5360491137518775,-7.668610937075398,0.0,-17.06225458351256
george-gervin,George Gervin,791.0,26536.0,True,98.16209949409782,98.90387858347385,77.92820601454076,87.94266441821247,61.41898451929342,67.36930860033726,37.62409899593281,38.44856661045531,41.70575482728614,36.610169491525426,86.27450980392157,86.27450980392157,68.6536543784693,92.07419898819562,0.7417790893760383,10.01445840367171,5.950324081043846,0.8244676145224972,-5.095585335760717,0.0,23.42054460972632
george-hill,George Hill,915.0,24501.0,True,37.34064080944351,37.01517706576728,81.38208029240843,91.90556492411467,77.0145370643163,89.96627318718382,26.62428537786093,27.15008431703204,59.79340027935008,65.84745762711864,87.46803069053709,87.46803069053709,62.541933449867074,83.97976391231029,-0.32546374367622377,10.52348463170624,12.951736122867516,0.5257989391711106,6.054057347768563,0.0,21.437830462443216
george-johnson,George Johnson,1437.0,28724.0,True,7.377318718381113,3.1197301854974704,22.88881857493981,13.996627318718382,25.050608156681445,13.996627318718382,85.96784011741715,88.02698145025295,73.71086783339051,87.11864406779661,68.79795396419438,68.79795396419438,43.1610811195412,31.956155143338954,-4.257588532883642,-8.892191256221427,-11.053980837963064,2.059141332835793,13.4077762344061,0.0,-11.204925976202247
george-king,George King,416.0,13433.0,True,32.44371838111299,30.016863406408095,19.687556346578354,10.961214165261383,52.711212750533576,51.18043844856661,42.39485090418002,42.24283305227656,4.493112150402413,0.423728813559322,42.62574595055413,42.62574595055413,30.625079592046937,5.143338954468803,-2.4268549747048915,-8.726342181316971,-1.5307743019669644,-0.15201785190345873,-4.069383336843091,0.0,-25.481740637578135
george-lynch,George Lynch,774.0,17683.0,True,16.53351602023609,10.876897133220911,19.86031209501132,11.2141652613828,32.71730382337515,22.765598650927487,74.60432484581604,74.36762225969646,63.46423151468973,70.76271186440678,26.00170502983802,26.00170502983802,36.80720466013354,15.261382799325464,-5.656618887015178,-8.64614683362852,-9.95170517244766,-0.23670258611957706,7.298480349717053,0.0,-21.54582186080808
george-mccloud,George McCloud,766.0,17429.0,True,44.6072934232715,45.61551433389545,34.89259787757179,30.522765598650928,64.83288080499386,73.01854974704891,41.54843152230468,41.73693086003372,31.545675519840916,21.1864406779661,31.88405797101449,31.884057971014492,41.848113087413246,27.15008431703204,1.0082209106239475,-4.36983227892086,8.185668942055045,0.18849933772904137,-10.359234841874816,3.552713678800501e-15,-14.698028770381207
george-mcginnis,George McGinnis,528.0,16194.0,True,86.61467116357505,90.64080944350759,16.992821889920947,7.588532883642496,54.22411522217067,54.38448566610455,88.22725654094273,89.88195615514334,70.46931748134594,81.94915254237289,82.09718670076727,82.09718670076727,64.58282855056326,87.52107925801012,4.026138279932539,-9.40428900627845,0.16037044393388555,1.6546996142006094,11.479835061026947,0.0,22.938250707446855
george-yardley,George Yardley,472.0,15767.0,True,84.55059021922429,89.29173693086004,49.86703761417191,50.33726812816189,50.67436153698993,48.566610455311974,71.41652613827993,70.99494097807757,22.84739982949701,10.59322033898305,93.00937766410912,93.00937766410912,59.63205108612752,77.99325463743676,4.74114671163575,0.47023051398997495,-2.1077510816779537,-0.421585160202369,-12.25417949051396,0.0,18.361203551309245
gerald-green,Gerald Green,658.0,13026.0,True,65.78246205733558,69.56155143338954,49.74221183954158,50.0,29.700905974152136,19.983136593591905,33.668238343189124,34.232715008431704,38.05081446497435,31.694915254237287,16.36828644501279,16.36828644501279,40.81130020703844,24.03035413153457,3.7790893760539603,0.2577881604584178,-9.717769380560231,0.5644766652425801,-6.355899210737064,0.0,-16.780946075503874
gerald-henderson,Gerald Henderson,1406.0,32710.0,True,52.47491568296796,52.529510961214164,40.18186246766794,37.77403035413153,53.99058349257024,53.79426644182125,20.954407438631076,19.561551433389546,48.22539915270325,47.54237288135593,20.20460358056266,20.20460358056266,42.01893750440934,28.077571669477233,0.054595278246203804,-2.407832113536408,-0.19631705074898775,-1.39285600524153,-0.6830262713473161,0.0,-13.941365834932103
gerald-wallace,Gerald Wallace,832.0,24731.0,True,57.57251264755481,58.34738617200674,63.6334204551744,69.56155143338954,42.552583181975805,35.49747048903878,61.85208829358915,61.72006745362563,86.791312397226,97.79661016949153,82.01193520886615,82.01193520886615,65.55232618766699,89.20741989881957,0.7748735244519338,5.928130978215137,-7.055112692937023,-0.13202083996351632,11.005297772265536,0.0,23.655093711152574
gerald-wilkins,Gerald Wilkins,900.0,26084.0,True,62.060708263069145,63.40640809443508,25.62253607207337,18.21247892074199,50.89376125558558,48.90387858347386,26.996462086261975,27.740303541315345,34.315500977050725,25.338983050847457,11.3384484228474,11.3384484228474,37.41349442314449,16.61045531197302,1.345699831365934,-7.4100571513313795,-1.9898826721117189,0.7438414550533707,-8.976517926203268,0.0,-20.803039111171472
giannis-antetokounmpo,Giannis Antetokounmpo,895.0,29273.0,True,97.72449409780776,98.65092748735245,83.3748993665682,93.929173693086,77.36997381748603,90.38785834738617,79.51438065511533,79.59527824620574,81.20736242524686,95.0,96.9309462915601,96.9309462915601,86.15513619588842,99.91568296795953,0.9264333895446839,10.554274326517799,13.017884529900144,0.08089759109040529,13.792637574753144,0.0,13.760546772071109
gilbert-arenas,Gilbert Arenas,552.0,19351.0,True,95.05564924114672,97.38617200674537,61.12124456332868,65.93591905564924,78.93017841500702,92.49578414839797,28.217940556311422,29.595278246205734,30.37682822431342,19.491525423728813,79.96589940323956,79.96589940323956,64.05403180704249,86.84654300168634,2.3305227655986442,4.814674492320556,13.565605733390953,1.3773376898943113,-10.885302800584608,0.0,22.79251119464385
glen-davis,Glen Davis,514.0,10865.0,True,53.96016020236088,54.974704890387855,13.037712291345828,4.63743676222597,18.35290629148493,7.925801011804385,68.3262315962669,67.62225969645868,65.59102105114691,74.15254237288136,13.384484228473998,13.384484228473998,38.54170728406311,18.634064080944352,1.014544688026973,-8.40027552911986,-10.427105279680546,-0.7039718998082094,8.561521321734446,0.0,-19.907643203118756
glen-rice,Glen Rice,1000.0,34985.0,True,79.51538785834738,84.06408094435076,74.38922792726055,83.81112984822934,55.860398527000974,56.40809443507589,35.75804743095359,36.677908937605395,28.21589185428893,16.694915254237287,60.954816709292416,60.954816709292416,56.97468394029894,72.51264755480607,4.548693086003382,9.421901920968793,0.547695908074914,0.9198615066518059,-11.520976600051643,0.0,15.537963614507127
glenn-robinson,Glenn Robinson,688.0,25346.0,True,89.70046374367622,93.17032040472175,54.85807643716856,57.16694772344014,52.08595950722871,50.33726812816189,53.374792033302974,53.87858347386172,42.84130857352187,38.644067796610166,51.23614663256607,51.23614663256607,58.27951389232436,75.71669477234401,3.469856661045526,2.3088712862715752,-1.7486913790668197,0.5037914405587429,-4.1972407769117055,0.0,17.437180880019653
goran-dragi,Goran Dragić,946.0,25604.0,True,70.95067453625633,76.13827993254637,69.26569429848355,77.23440134907251,79.24306359088894,92.83305227655987,26.874479059741667,27.403035413153457,36.58211882723128,28.389830508474578,78.09036658141517,78.09036658141517,61.60215488254849,81.95615514333896,5.187605396290039,7.968707050588961,13.589988685670932,0.5285563534117905,-8.192288318756699,0.0,20.35400026079047
gordon-hayward,Gordon Hayward,835.0,25654.0,True,75.46648397976392,80.52276559865092,74.17032774265897,83.22091062394604,71.67684158915307,84.14839797639124,39.038031485448165,40.13490725126476,50.36615636116802,51.016949152542374,71.09974424552429,71.09974424552429,65.1164773270304,88.44856661045532,5.056281618886999,9.05058288128707,12.471556387238167,1.0968757658165913,0.6507927913743572,0.0,23.33208928342492
gorgui-dieng,Gorgui Dieng,628.0,12625.0,True,28.615514333895447,24.536256323777405,78.26716919559823,88.36424957841484,34.07290327698062,24.114671163575043,84.92316704458403,86.76222596964587,69.08582702214699,79.83050847457628,33.16283034953112,33.16283034953112,53.15539595314071,63.65935919055649,-4.079258010118043,10.097080382816614,-9.958232113405575,1.8390589250618348,10.74468145242929,0.0,10.503963237415782
grant-hill,Grant Hill,1026.0,34776.0,True,82.11825463743678,86.50927487352445,66.33191501641335,73.18718381112984,74.75207035761728,87.52107925801012,53.819987994265446,54.21585160202361,59.09935097647799,64.66101694915254,84.73998294970161,84.73998294970161,70.72963492771606,94.09780775716695,4.39102023608767,6.855268794716494,12.769008900392834,0.39586360775816587,5.561665972674547,0.0,23.368172829450884
grant-long,Grant Long,1003.0,28514.0,True,32.80923271500843,30.775716694772346,50.80248527418734,51.433389544688026,29.009813013265667,19.05564924114671,70.65660178059231,70.23608768971332,62.63988555818021,69.57627118644068,41.94373401534527,41.94373401534527,46.53738462541308,43.25463743676222,-2.033516020236082,0.630904270500686,-9.954163772118957,-0.4205140908789957,6.936385628260467,0.0,-3.282747188650859
grayson-allen,Grayson Allen,454.0,11694.0,True,35.68739460370995,34.48566610455312,89.97554952334957,97.97639123102867,64.65093434039657,72.51264755480607,26.049103786795023,26.644182124789207,33.23204534510708,23.47457627118644,32.13981244671782,32.13981244671782,48.69068566315809,50.92748735244519,-1.2017284991568289,8.0008417076791,7.861713214409491,0.5950783379941846,-9.757469073920642,0.0,2.2368016892870983
greg-anderson,Greg Anderson,680.0,14040.0,True,34.58326306913997,32.63069139966273,28.924654495328795,22.09106239460371,4.457774163350134,0.927487352445194,90.5796081349228,91.65261382799325,54.251619101357775,56.52542372881356,1.8755328218243816,1.8755328218243819,33.53986937777494,8.684654300168635,-1.952571669477237,-6.833592100725085,-3.53028681090494,1.0730056930704563,2.2738046274557817,2.220446049250313e-16,-24.855215077606307
greg-anthony,Greg Anthony,757.0,15850.0,True,36.63722596964587,35.750421585160204,28.571651402662063,21.500843170320405,65.44141810959039,74.45193929173693,14.835923666229473,11.888701517706577,62.054209690269616,68.8135593220339,64.10912190963342,64.10912190963342,46.873143086943145,44.51939291736931,-0.8868043844856643,-7.070808232341658,9.010521182146547,-2.9472221485228953,6.75934963176428,0.0,-2.3537501695738356
greg-ballard,Greg Ballard,802.0,22073.0,True,50.7497892074199,50.92748735244519,33.929395141926626,28.836424957841484,62.91601072769302,69.89881956155143,64.71526303653786,64.50252951096121,62.041108162992046,68.72881355932203,84.99573742540494,84.99573742540494,58.25987970188007,75.54806070826307,0.17769814502528902,-5.092970184085143,6.982808833858414,-0.21273352557665248,6.687705396329989,0.0,17.288181006383
greg-buckner,Greg Buckner,570.0,10895.0,True,6.417369308600337,2.5295109612141653,54.77938041341126,57.082630691399665,49.60429086298669,46.880269814502526,47.78584949576533,47.55480607082631,59.48607077668585,64.7457627118644,54.987212276214834,54.987212276214834,44.410536701153234,36.08768971332209,-3.887858347386172,2.303250277988404,-2.724021048484161,-0.23104342493902408,5.259691935178552,0.0,-8.322846987831142
greg-kite,Greg Kite,680.0,10080.0,True,2.552698145025296,0.5059021922428331,6.762276854725102,1.854974704890388,4.128551307570657,0.6745362563237775,79.66824349053907,79.67959527824621,64.47287380372617,72.37288135593221,29.58226768968457,29.58226768968457,27.724235163577557,2.0236087689713322,-2.046795952782463,-4.907302149834714,-3.4540150512468792,0.011351787707141625,7.900007552206034,0.0,-25.700626394606225
greg-monroe,Greg Monroe,646.0,17670.0,True,75.22196458684654,80.35413153456999,60.37923228600231,64.58684654300168,52.97724436897979,51.93929173693086,93.16562275105916,95.02529510961214,57.07315232595933,61.186440677966104,52.17391304347826,52.17391304347826,63.68905783018872,86.08768971332209,5.132166947723448,4.207614256999371,-1.0379526320489276,1.8596723585529844,4.1132883520067764,0.0,22.39863188313337
greg-ostertag,Greg Ostertag,756.0,14753.0,True,18.273187183811128,12.563237774030354,37.10752478292018,33.642495784148394,20.76334256779454,9.696458684654301,92.11546616775334,94.01349072512647,73.37981064324119,86.52542372881356,86.01875532821825,86.01875532821825,50.03201160546268,54.806070826306915,-5.709949409780775,-3.4650289987717855,-11.066883883140237,1.8980245573731338,13.145613085572379,0.0,4.7740592208442365
greg-smith,Greg Smith,673.0,14103.0,True,11.333263069139967,5.39629005059022,52.91762088290583,54.5531197301855,34.59023860176615,24.873524451939293,71.789064026718,71.41652613827993,66.50279830508579,75.59322033898304,70.33248081841433,70.33248081841433,48.35136361537743,50.084317032040474,-5.936973018549748,1.6354988472796705,-9.71671414982686,-0.37253788843806035,9.090422033897255,0.0,1.7329534166630438
gus-johnson,Gus Johnson,581.0,20140.0,True,51.66673693086004,51.93929173693086,19.044365463933417,10.03372681281619,44.192005617714536,37.268128161888704,91.52741581072104,92.91736930860034,35.0383631713555,26.52542372881356,43.307757885763,43.307757885763,44.180492789843456,35.413153456998316,0.27255480607082205,-9.010638651117228,-6.923877455825831,1.3899534978793042,-8.512939442541938,0.0,-8.76733933284514
gus-williams,Gus Williams,825.0,25645.0,True,80.58220910623946,85.07588532883642,25.961008862002387,18.381112984822934,83.88757789560407,96.45868465430017,18.249266102793836,16.69477234401349,72.93828122250811,85.76271186440678,94.28815004262574,94.28815004262574,65.12191687866651,88.53288364249579,4.49367622259696,-7.579895877179453,12.571106758696104,-1.554493758780346,12.824430641898672,0.0,23.41096676382928
guy-rodgers,Guy Rodgers,892.0,28663.0,True,19.80438448566611,14.418212478920742,3.1117016861034625,0.6745362563237775,73.89517536327689,86.42495784148397,20.15177065767285,18.718381112984822,21.6538789428815,9.661016949152541,23.358908780903665,23.358908780903665,27.42227915907563,1.93929173693086,-5.386172006745367,-2.437165429779685,12.529782478207082,-1.4333895446880263,-11.99286199372896,0.0,-25.48298742214477
hakeem-olajuwon,Hakeem Olajuwon,1238.0,44222.0,True,94.089586846543,96.88026981450253,65.72769694399894,72.25969645868466,50.93046298658576,48.988195615514336,90.96490942181576,92.32715008431703,96.69847832713252,100.0,99.0622335890878,99.06223358908781,82.08079884605786,98.90387858347385,2.790682967959526,6.531999514685722,-1.9422673710714236,1.3622406625012644,3.30152167286748,1.4210854715202004e-14,16.823079737415995
hakim-warrick,Hakim Warrick,526.0,10624.0,True,73.85328836424958,79.17369308600337,61.54761481817316,66.69477234401349,14.40622033323454,6.239460370994941,65.554295457586,64.8397976391231,29.873571118242744,18.728813559322035,1.5345268542199488,1.5345268542199488,41.50742437211808,26.138279932546375,5.320404721753789,5.147157525840328,-8.166759962239599,-0.7144978184628883,-11.144757558920709,0.0,-15.369144439571706
hal-greer,Hal Greer,1122.0,39788.0,True,59.40767284991568,60.11804384485666,49.01729744345066,49.4097807757167,69.40443024639109,81.11298482293424,23.585547970529618,22.512647554806072,20.11935208866155,8.389830508474576,61.72208013640239,61.72208013640239,48.0302793272069,48.566610455311974,0.7103709949409804,0.39248333226603904,11.70855457654315,-1.072900415723545,-11.729521580186974,0.0,0.5363311281050755
happy-hairston,Happy Hairston,776.0,24330.0,True,50.09991568296795,50.42158516020236,66.35990565030846,73.35581787521079,42.70706717039142,35.83473861720068,95.13773825853488,97.04890387858347,18.069986195721743,7.033898305084746,65.38789428815004,65.38789428815004,52.082863729510336,60.62394603709949,0.3216694772344084,6.995912224902327,-6.872328553190741,1.9111656200485925,-11.036087890636997,0.0,8.541082307589157
harrison-barnes,Harrison Barnes,1070.0,33015.0,True,49.061551433389546,49.24114671163575,77.83239440593539,87.85834738617201,53.33817456348714,52.360876897133224,43.10267870293399,42.83305227655986,28.014605715750427,16.440677966101696,56.265984654731454,56.265984654731454,51.14762303652087,58.34738617200674,0.1795952782462038,10.025952980236625,-0.9772976663539126,-0.26962642637413126,-11.573927749648732,0.0,7.199763135485874
harry-gallatin,Harry Gallatin,496.0,15813.0,True,57.20636593591906,57.92580101180438,52.1312641862517,53.20404721753794,57.509976867475,59.44350758853288,98.73524451939292,99.32546374367622,13.384484228473998,3.389830508474576,93.691389599318,93.69138959931799,56.8691316929936,72.17537942664418,0.7194350758853219,1.0727830312862423,1.9335307210578847,0.5902192242833024,-9.994653719999421,-1.4210854715202004e-14,15.306247733650586
harvey-catchings,Harvey Catchings,725.0,13182.0,True,2.058811129848229,0.3372681281618887,5.139417369340397,1.1804384485666104,9.8498718923991,3.4569983136593594,81.20412568730283,81.87183811129849,76.26956399588649,90.84745762711864,77.91986359761296,77.91986359761296,37.4093618751046,16.526138279932546,-1.7215430016863402,-3.958978920773787,-6.392873578739741,0.6677124239956527,14.577893631232158,0.0,-20.883223595172055
harvey-grant,Harvey Grant,783.0,20510.0,True,36.65556492411467,35.83473861720068,23.313936236484142,15.261382799325464,54.51819454914566,54.5531197301855,53.84792480980856,54.30016863406408,57.03966519419494,61.016949152542374,64.19437340153452,64.19437340153452,47.06910207931234,45.36256323777403,-0.8208263069139932,-8.052553437158679,0.03492518103983855,0.45224382425551823,3.977283958347435,0.0,-1.706538841538304
hassan-whiteside,Hassan Whiteside,511.0,12645.0,True,73.90830522765599,79.25801011804384,83.15036321517303,93.76053962900505,18.65357512070116,8.094435075885329,99.53156256152548,99.74704890387858,75.6016336300786,89.7457627118644,74.68030690537084,74.68030690537084,68.75935217318951,92.32715008431703,5.349704890387855,10.610176413832022,-10.55914004481583,0.2154863423531026,14.144129081785806,0.0,23.567797911127514
hedo-t-rko-lu,Hedo Türkoğlu,997.0,26695.0,True,53.93191399662732,54.806070826306915,57.96226239153428,61.214165261382796,68.77631057677576,80.10118043844857,41.378421215035736,41.48397976391231,56.565152189707696,60.0,85.67774936061382,85.67774936061382,60.823586762824426,80.52276559865092,0.8741568296795919,3.2519028698485144,11.32486986167281,0.1055585488765729,3.434847810292304,0.0,19.699178835826494
henry-bibby,Henry Bibby,675.0,15475.0,True,32.828414839797645,30.860033726812816,19.427772708818846,10.708263069139965,60.7733439505192,66.02023608768971,19.64302220557296,17.875210792580102,34.0598527468826,24.915254237288135,39.98294970161978,39.98294970161978,35.27407005732073,12.225969645868465,-1.9683811129848294,-8.719509639678881,5.246892137170512,-1.7678114129928595,-9.144598509594463,0.0,-23.04810041145226
herb-williams,Herb Williams,1102.0,28484.0,True,51.011804384485664,51.18043844856661,17.030763558047255,7.672849915682968,26.855385380073745,16.61045531197302,66.75890649355252,66.02023608768971,69.53570961748305,80.42372881355932,41.1764705882353,41.1764705882353,44.5775183204903,36.59359190556492,0.1686340640809476,-9.357913642364288,-10.244930068100725,-0.7386704058628055,10.888019196076272,0.0,-7.983926414925378
herm-gilliam,Herm Gilliam,578.0,15026.0,True,33.013279932546375,31.197301854974704,16.13135431416218,7.251264755480607,57.09594717570288,58.600337268128165,34.11680886500126,34.822934232715006,51.1838331387476,51.86440677966102,37.25490196078432,37.254901960784316,38.63201357796552,19.139966273187184,-1.8159780775716712,-8.880089558681574,1.5043900924252824,0.7061253677137458,0.6805736409134155,-7.105427357601002e-15,-19.49204730477834
hersey-hawkins,Hersey Hawkins,983.0,32034.0,True,61.96585160202361,63.322091062394605,87.25785774190919,96.79595278246205,63.02644404405101,70.06745362563238,28.508047279912937,29.84822934232715,58.16089021214585,62.6271186440678,76.64109121909634,76.64109121909634,64.41641496327559,87.2681281618887,1.3562394603709933,9.53809504055286,7.0410095815813705,1.3401820624142147,4.466228431921948,0.0,22.851713198613112
horace-grant,Horace Grant,1165.0,38621.0,True,24.84886172006745,19.983136593591905,56.09504546012849,58.93760539629005,67.11658163044407,77.48735244519393,80.27088077602087,80.69139966273187,75.00814351527409,89.0677966101695,95.31116794543904,95.31116794543904,63.44494407748783,85.7504215851602,-4.865725126475546,2.842559936161564,10.37077081474986,0.4205188867109939,14.05965309489541,0.0,22.305477507672364
hot-rod-williams,Hot Rod Williams,887.0,26327.0,True,44.35096964586847,45.10961214165261,45.04106445678664,43.59190556492411,44.69422691017082,37.94266441821248,73.80677506488905,73.27150084317032,74.73763642536649,88.8135593220339,71.61125319693095,71.61125319693095,57.387304223698365,73.27150084317032,0.7586424957841444,-1.449158891862531,-6.751562491958339,-0.535274221718737,14.075922896667407,0.0,15.88419661947195
howard-eisley,Howard Eisley,786.0,16013.0,True,22.695826306914,17.45362563237774,31.16376881386863,24.70489038785835,63.75684631654591,71.33220910623946,9.580442254348169,5.81787521079258,35.98892037555192,27.627118644067796,29.326513213981244,29.326513213981244,33.78768578056182,9.443507588532883,-5.24220067453626,-6.45887842601028,7.57536278969355,-3.762567043555589,-8.361801731484125,0.0,-24.34417819202894
howard-komives,Howard Komives,742.0,20213.0,True,26.21732715008432,21.58516020236088,7.711314373267115,2.2765598650927488,45.82161105644093,39.96627318718381,1.0075186348096905,0.16863406408094436,24.05750180160296,12.372881355932204,2.6427962489343564,2.6427962489343564,20.15345931794606,0.0,-4.632166947723441,-5.4347545081743664,-5.85533786925712,-0.8388845707287461,-11.684620445670756,0.0,-20.15345931794606
hubert-davis,Hubert Davis,685.0,15143.0,True,29.35750421585161,25.716694772344013,78.56115885198258,88.87015177065767,51.47507787215634,49.57841483979764,4.810181604970815,2.1922428330522767,6.835413449503719,0.7627118644067796,2.813299232736573,2.813299232736573,31.529970608357445,5.986509274873525,-3.640809443507596,10.308992918675088,-1.8966630323587026,-2.617938771918538,-6.072701585096939,0.0,-25.54346133348392
ian-mahinmi,Ian Mahinmi,618.0,10353.0,True,28.830311973018556,24.957841483979763,70.02923330313862,78.07757166947724,5.313884970576684,1.349072512647555,82.62964145846797,83.81112984822934,86.1712428982838,97.45762711864407,61.12531969309463,61.12531969309463,53.49010277523614,63.99662731871838,-3.8724704890387933,8.048338366338612,-3.9648124579291286,1.1814883897613697,11.286384220360276,0.0,10.506524543482243
iman-shumpert,Iman Shumpert,461.0,11470.0,True,10.78899662731872,5.143338954468803,17.926317041551176,9.021922428330523,36.697390458557486,27.655986509274875,38.469760861927305,39.37605396290051,71.37252955672889,83.98305084745763,53.111679454390455,53.111679454390455,37.47397420367416,16.69477234401349,-5.645657672849918,-8.904394613220653,-9.04140394928261,0.9062931009732011,12.610521290728741,0.0,-20.77920185966067
isaiah-rider,Isaiah Rider,563.0,17851.0,True,82.81661045531197,87.43676222596964,50.155087165049046,50.674536256323776,43.57281682474436,36.677908937605395,37.89606748586057,38.87015177065767,15.381206528207786,4.745762711864407,3.154305200341006,3.154305200341006,40.91550440292816,24.367622259696457,4.620151770657671,0.5194490912747298,-6.894907887138963,0.974084284797101,-10.635443816343379,0.0,-16.5478821432317
isaiah-thomas,Isaiah Thomas,556.0,15582.0,True,94.05733558178753,96.79595278246205,77.1167496758006,86.93086003372682,84.27166309011503,96.71163575042158,10.85880869203947,7.166947723440135,16.405191417468313,5.593220338983051,53.02642796248934,53.02642796248934,59.44116238531618,77.82462057335582,2.7386172006745255,9.81411035792621,12.439972660306552,-3.691860968599336,-10.81197107848526,0.0,18.383458188039633
ish-smith,Ish Smith,805.0,15494.0,True,33.18043844856662,31.45025295109612,13.983817258809935,5.143338954468803,75.24294178600387,88.1956155143339,26.876027068855365,27.487352445193928,38.64546123561707,32.79661016949152,22.93265132139813,22.932651321398126,36.343887335521785,14.080944350758854,-1.7301854974704973,-8.840478304341133,12.952673728330026,0.6113253763385629,-5.8488510661255475,-3.552713678800501e-15,-22.26294298476293
isiah-thomas,Isiah Thomas,979.0,35516.0,True,84.6623102866779,89.46037099494097,30.006712848824144,23.018549747048905,78.5094467681512,91.98988195615514,20.170837513880432,18.802698145025296,58.22165081261464,63.13559322033898,80.30690537084399,80.30690537084399,61.069071114935454,80.86003372681282,4.79806070826308,-6.988163101775239,13.480435188003952,-1.368139368855136,4.913942407724342,0.0,19.79096261187736
ivica-zubac,Ivica Zubac,632.0,14880.0,True,44.11150927487353,44.60370994940978,81.84099501594727,92.4114671163575,30.17270432698017,20.48903878583474,97.40263669901508,98.56661045531197,65.6311902157559,74.23728813559322,54.56095481670929,54.56095481670929,59.70401153350517,78.07757166947724,0.4922006745362566,10.570472100410228,-9.68366554114543,1.1639737562968975,8.606097919837325,0.0,18.37356013597207
j-j-barea,J.J. Barea,831.0,16287.0,True,59.1779089376054,59.86509274873524,30.88079265930992,24.114671163575043,79.2340171678916,92.7487352445194,21.02171615986537,19.73018549747049,13.323410398809786,3.305084745762712,47.74083546462063,47.74083546462063,42.97322262068896,31.281618887015178,0.6871838111298416,-6.766121495734875,13.514718076627801,-1.2915306623948801,-10.018325653047075,0.0,-11.69160373367378
j-j-hickson,J.J. Hickson,534.0,11925.0,True,63.28815345699832,64.92411467116358,45.37084093968642,44.18212478920742,15.445451063791284,6.661045531197302,93.47586264554326,95.36256323777403,40.42352171266849,35.50847457627118,7.928388746803069,7.928388746803069,42.5745656531598,29.679595278246207,1.6359612141652562,-1.1887161504789958,-8.784405532593983,1.886700592230767,-4.915047136397305,0.0,-12.894970374913594
j-r-reid,J.R. Reid,672.0,15370.0,True,42.54426644182125,42.32715008431703,36.52880740247996,32.88364249578415,10.18150870948737,3.794266441821248,68.61146228200776,67.95952782462058,59.78247088680775,65.67796610169492,2.9838022165387894,2.9838022165387894,36.48022120472347,14.502529510961214,-0.2171163575042172,-3.645164906695811,-6.387242267666121,-0.6519344573871848,5.89549521488717,0.0,-21.977691693762257
j-r-smith,J.R. Smith,977.0,26275.0,True,60.41399662731872,61.46711635750422,50.30744766992655,50.92748735244519,66.81325673540607,76.81281618887016,28.012506802251306,29.42664418212479,31.393695845053525,20.93220338983051,48.59335038363172,48.593350383631716,48.94468080346099,51.5177065767285,1.0531197301855002,0.6200396825186374,9.999559453464087,1.414137379873484,-10.461492455223016,-7.105427357601002e-15,2.57302577326751
jj-redick,JJ Redick,940.0,23964.0,True,64.2483136593592,67.03204047217538,87.93795816135021,97.21753794266442,71.10213995316896,83.30522765598651,5.90384816455,3.0354131534569984,9.8931472969468,2.1186440677966103,72.71952259164536,72.71952259164536,53.89254945902452,64.92411467116358,2.783726812816184,9.279579781314212,12.203087702817555,-2.868435011093002,-7.77450322915019,0.0,11.031565212139057
jamychal-green,JaMychal Green,544.0,10933.0,True,29.475969645868467,25.885328836424957,78.75093022750849,88.95446880269814,18.161502046955505,7.75716694772344,83.03008552903032,84.14839797639124,37.028042105241234,29.06779661016949,1.278772378516624,1.278772378516624,39.63583341127339,20.9106239460371,-3.59064080944351,10.203538575189654,-10.404335099232064,1.1183124473609212,-7.960245495071742,0.0,-18.72520946523629
javale-mcgee,JaVale McGee,909.0,14676.0,True,59.62542158516021,60.45531197301855,78.4920833337838,88.70151770657672,14.01318033131336,5.649241146711636,93.32006543044147,95.19392917369309,64.18428374070945,71.94915254237289,30.093776641091218,30.093776641091218,55.27415524163509,68.29679595278246,0.8298903878583417,10.209434372792927,-8.363939184601723,1.8738637432516185,7.7648688016634395,0.0,13.022640711147368
jack-coleman,Jack Coleman,498.0,16479.0,True,22.036256323777405,16.69477234401349,30.433177269740977,23.777403035413155,66.75259499923044,76.39123102866779,81.87183811129849,82.96795952782462,12.872975277067347,3.0508474576271185,60.10230179028133,60.10230179028133,41.18563907195812,25.54806070826307,-5.341483979763915,-6.655774234327822,9.63863602943735,1.096121416526131,-9.82212781944023,0.0,-15.637578363695052
jack-george,Jack George,506.0,15860.0,True,27.02276559865093,22.681281618887017,7.765788393896915,2.360876897133221,70.25826602677625,82.20910623946037,30.94435075885329,32.29342327150084,55.24296675191817,57.96610169491525,66.83716965046888,66.83716965046888,42.76965099832788,30.438448566610454,-4.341483979763915,-5.4049114967636935,11.950840212684113,1.3490725126475525,2.723134942997085,0.0,-12.33120243171743
jack-marin,Jack Marin,849.0,24590.0,True,55.19350758853288,56.15514333895447,55.19862531218648,57.75716694772344,37.15189156345188,28.499156829679595,39.89563879486779,40.72512647554806,33.469113041747285,23.983050847457626,47.911338448422846,47.911338448422846,45.01268992766914,37.85834738617201,0.9616357504215856,2.5585416355369617,-8.652734733772288,0.8294876806802662,-9.486062194289659,0.0,-7.154342541497137
jack-mcmahon,Jack McMahon,524.0,14228.0,True,25.973650927487355,21.33220910623946,0.8768971332209106,0.08431703204047218,53.472685276552845,52.69814502529511,9.190556492411469,5.564924114671164,88.91730605285592,98.72881355932203,69.82097186700767,69.82097186700767,43.15195586357717,31.871838111298484,-4.641441821247895,-0.7925801011804384,-0.7745402512577328,-3.6256323777403052,9.811507506466114,0.0,-11.280117752278688
jack-sikma,Jack Sikma,1107.0,36943.0,True,65.09422428330522,68.38111298482293,55.72891938003765,58.43170320404722,46.061049206724704,40.55649241146712,81.1535057625293,81.70320404721754,75.82653608545698,90.0,84.31372549019608,84.31372549019608,66.40981746561171,89.7133220910624,3.286888701517711,2.7027838240095647,-5.504556795257585,0.5496982846882332,14.17346391454302,0.0,23.303504625450685
jack-twyman,Jack Twyman,823.0,26147.0,True,80.41715851602024,84.90725126475549,52.31764514744215,53.54131534569983,59.36265349998556,62.81618887015177,52.10792580101181,52.44519392917369,12.44671781756181,2.9661016949152543,91.21909633418583,91.21909633418585,56.461139237474725,71.16357504215851,4.49009274873525,1.223670198257679,3.4535353701662075,0.337268128161881,-9.480616122646556,1.4210854715202004e-14,14.702435804683788
jacque-vaughn,Jacque Vaughn,776.0,12658.0,True,15.989881956155145,10.370994940978077,26.220869034058325,18.887015177065766,54.21016955038386,54.21585160202361,8.137245736268422,4.806070826306914,23.664056289019957,11.694915254237289,5.626598465473146,5.626598465473146,24.02237618938167,0.5902192242833052,-5.618887015177068,-7.333853856992558,0.005682051639752217,-3.3311749099615087,-11.969141034782668,0.0,-23.432156965098365
jaden-mcdaniels,Jaden McDaniels,439.0,12765.0,True,21.505059021922428,16.104553119730184,72.6764881546863,81.53456998313659,38.42937351778393,30.016863406408095,41.9699227300062,41.989881956155145,59.4894915720599,64.83050847457628,28.47399829497016,28.473998294970162,44.44879687631273,36.42495784148398,-5.4005059021922435,8.858081828450295,-8.412510111375834,0.01995922614894141,5.34101690251638,3.552713678800501e-15,-8.023839034828747
jae-crowder,Jae Crowder,812.0,20161.0,True,25.954258010118046,21.247892074198987,60.91981085263884,65.51433389544688,61.26335033734056,67.20067453625633,45.12775356485558,45.531197301854974,61.92732025069435,68.30508474576271,80.22165387894289,80.22165387894289,55.1376220643259,67.95952782462058,-4.7063659359190595,4.594523042808042,5.937324198915768,0.4034437369993924,6.377764495068362,0.0,12.821905760294676
jakob-poeltl,Jakob Poeltl,641.0,14469.0,True,28.07525295109612,23.69308600337268,94.5924515046258,99.4097807757167,59.17479040521174,62.39460370994941,90.91468656732876,92.15851602023609,72.9857289962992,85.84745762711864,90.02557544757033,90.02557544757033,69.58979470824134,93.08600337268128,-4.382166947723441,4.817329271090898,3.21981330473767,1.2438294529073346,12.861728630819442,0.0,23.496208664439934
jalen-brunson,Jalen Brunson,561.0,16830.0,True,91.42854131534573,94.43507588532884,80.39037410457293,91.31534569983137,89.4887374379518,99.4097807757167,18.80208475742864,17.116357504215852,17.25850710498341,6.3559322033898304,71.35549872122762,71.35549872122762,63.92286098861601,86.59359190556492,3.006534569983117,10.924971595258441,9.9210433377649,-1.6857272532127894,-10.902574901593578,0.0,22.670730916948912
jalen-rose,Jalen Rose,923.0,27925.0,True,78.42390387858347,83.47386172006745,55.110548535925375,57.58853288364249,68.80762778716795,80.18549747048904,27.62465238494679,28.836424957841484,28.46572839705003,17.28813559322034,34.35635123614663,34.35635123614663,51.22189411058271,58.68465430016863,5.049957841483973,2.4779843477171184,11.377869683321094,1.211772572894695,-11.17759280382969,0.0,7.4627601895859215
jamaal-magloire,Jamaal Magloire,680.0,14621.0,True,42.88279932546374,42.66441821247892,45.36641518492446,44.09780775716695,3.00728031985398,0.42158516020236086,94.8488249785822,96.71163575042158,55.37772455221672,58.13559322033898,4.859335038363171,4.859335038363171,38.97450681932637,19.392917369308602,-0.21838111298482232,-1.268607427757516,-2.585695159651619,1.8628107718393778,2.7578686681222635,0.0,-19.58158945001777
jamaal-tinsley,Jamaal Tinsley,547.0,14443.0,True,28.30860033726813,23.861720067453625,11.254741679985711,3.794266441821248,64.90958322819246,73.27150084317032,29.23947240103386,30.607082630691398,62.57710408327294,69.49152542372882,46.12105711849957,46.12105711849957,41.18320668068628,25.463743676222595,-4.446880269814503,-7.460475238164463,8.361917614977855,1.3676102296575365,6.914421340455874,0.0,-15.719463004463687
jamaal-wilkes,Jamaal Wilkes,828.0,27275.0,True,68.68549747048903,73.44013490725126,58.05713347938125,61.38279932546374,45.29614593679703,38.785834738617204,55.09700538640966,55.48060708263069,49.33230595315522,49.40677966101695,50.21312872975277,50.21312872975277,54.77110892373058,67.28499156829679,4.754637436762238,3.3256658460824937,-6.510311198179828,0.383601696221028,0.07447370786172769,0.0,12.513882644566209
jamal-crawford,Jamal Crawford,1327.0,38994.0,True,77.93844856661045,82.54637436762226,43.31540092337323,41.399662731871835,74.17565480754185,86.6779089376054,5.22541183182717,2.360876897133221,22.64949242495676,10.423728813559322,26.768968456947995,26.768968456947995,45.42845721390799,39.20741989881956,4.607925801011817,-1.9157381915013971,12.502254130063548,-2.8645349346939493,-12.22576361139744,0.0,-6.221037315088431
jamal-mashburn,Jamal Mashburn,611.0,22762.0,True,89.09844013490725,92.83305227655987,26.897138485006167,19.81450252951096,56.08404462013412,56.6610455311973,44.120193634191416,44.266441821247895,24.89426233285597,13.05084745762712,16.794543904518328,16.794543904518328,44.635037211177966,36.677908937605395,3.734612141652619,-7.082635955495206,0.5770009110631804,0.14624818705647868,-11.84341487522885,0.0,-7.957128273572572
jamal-murray,Jamal Murray,611.0,19448.0,True,79.27634907251266,83.81112984822934,73.55420260056636,82.63069139966274,84.78412086230715,97.13322091062395,29.307472969771016,30.69139966273187,33.5606135308987,24.06779661016949,66.32566069906224,66.32566069906224,63.09953960019886,84.56998313659359,4.534780775716683,9.076488799096381,12.3491000483168,1.3839266929608556,-9.492816920729208,0.0,21.470443536394733
jameer-nelson,Jameer Nelson,878.0,24539.0,True,43.3745784148398,43.17032040472176,50.50279640767097,51.09612141652614,76.8296969703211,89.79763912310287,22.058980948059418,20.82630691399663,27.27971396490233,15.423728813559322,55.6692242114237,55.6692242114237,46.88224555207543,44.60370994940978,-0.20425801011804623,0.5933250088551674,12.967942152781774,-1.2326740340627893,-11.85598515134301,0.0,-2.2785356026656487
james-bailey,James Bailey,595.0,11625.0,True,60.52803541315346,61.72006745362563,39.58592897935257,37.01517706576728,8.694908028926308,2.6138279932546373,77.47789308960684,77.23440134907251,53.60259385819064,55.847457627118644,12.190963341858485,12.190963341858483,41.29763534131863,25.801011804384487,1.1920320404721707,-2.5707519135852905,-6.081080035671671,-0.2434917405343242,2.244863768928006,-1.7763568394002505e-15,-15.496623536934145
james-donaldson,James Donaldson,957.0,26222.0,True,19.38975548060708,13.996627318718382,93.76244891763494,99.0725126475548,16.252539940245175,6.913996627318719,83.49594040955081,84.99156829679595,53.58294394856104,55.67796610169491,48.76385336743393,48.76385336743393,49.74743182785846,53.96290050590219,-5.393128161888697,5.310063729919861,-9.338543312926456,1.495627887245135,2.0950221531338755,0.0,4.215468678043727
james-edwards,James Edwards,1168.0,28356.0,True,79.98756323777403,84.56998313659359,52.27250765620302,53.45699831365936,29.24907704149837,19.30860033726813,62.95138490271231,62.47892074198988,43.49433956925049,39.49152542372882,25.83120204603581,25.831202046035806,49.46737349799078,53.119730185497474,4.582419898819566,1.1844906574563439,-9.940476704230242,-0.47246416072243136,-4.0028141455216755,-3.552713678800501e-15,3.652356687506696
james-harden,James Harden,1221.0,42449.0,True,96.09401349072512,97.8920741989882,88.93841184866082,97.5548060708263,84.13314700436604,96.54300168634065,39.8913201598639,40.640809443507585,58.31359853029842,63.30508474576271,98.12446717817562,98.12446717817562,79.46979468358896,98.14502529510962,1.7980607082630797,8.616394222165482,12.409854681974608,0.7494892836436833,4.991486215464292,0.0,18.67523061152066
james-johnson,James Johnson,786.0,15561.0,True,33.89839797639123,32.20910623946037,49.7020849782307,49.915682967959526,42.479983522601536,35.32883642495784,53.00926006765974,53.54131534569983,77.55817015743276,91.94915254237289,32.90707587382779,32.90707587382779,48.89251350698562,51.433389544688026,-1.689291736930862,0.21359798972882515,-7.151147097643694,0.5320552780400902,14.39098238494013,0.0,2.540876037702404
james-jones,James Jones,709.0,11098.0,True,19.09801854974705,13.406408094435076,69.02417466630774,76.72849915682968,40.59092559126951,32.88364249578415,29.219156392128603,30.438448566610454,47.04188670346282,45.42372881355932,47.99658994032396,47.99658994032396,42.50625016012312,29.42664418212479,-5.691610455311974,7.704324490521941,-7.707283095485359,1.2192921744818506,-1.6181578899035003,0.0,-13.079605977998334
james-posey,James Posey,864.0,23260.0,True,20.45678752107926,15.177065767284992,61.87706726242945,67.36930860033726,35.85319511370401,26.644182124789207,52.47293650483425,52.86677908937605,68.02339804372293,78.22033898305085,40.40920716112532,40.40920716112532,46.25238564042398,42.24283305227656,-5.279721753794268,5.492241337907814,-9.209012988914804,0.393842584541801,10.196940939327916,0.0,-4.009552588147422
james-worthy,James Worthy,926.0,30001.0,True,74.51580944350759,79.84822934232714,71.51720295823515,79.84822934232714,65.43656302459632,74.36762225969646,48.81684140122525,48.65092748735245,46.4315592537468,44.66101694915254,59.93179880647912,59.931798806479115,62.05771280236387,83.13659359190557,5.332419898819552,8.331026384091999,8.931059235100136,-0.1659139138727994,-1.770542304594258,-7.105427357601002e-15,21.078880789541692
jan-van-breda-kolff,Jan van Breda Kolff,434.0,10155.0,True,8.6783305227656,3.5413153456998314,38.26117831924383,35.32883642495784,28.88813254905151,18.887015177065766,50.17928908522419,50.75885328836425,69.06045189612533,79.7457627118644,27.195225916453538,27.195225916453538,36.57481329274111,14.839797639123104,-5.137015177065769,-2.9323418942859902,-10.001117371985742,0.579564203140059,10.685310815739072,0.0,-21.735015653618007
jared-dudley,Jared Dudley,904.0,20117.0,True,14.771922428330525,9.527824620573355,85.34780552257604,95.61551433389545,57.10870552598061,58.68465430016863,43.60884264485695,43.676222596964585,46.2272052209935,43.983050847457626,58.8235294117647,58.8235294117647,50.36210246690322,56.07082630691399,-5.24409780775717,10.267708811319409,1.5759487741880207,0.06737995210763614,-2.2441543735358707,0.0,5.7087238400107765
jared-jeffries,Jared Jeffries,629.0,13579.0,True,9.198777403035416,3.9629005059021924,10.6082037876517,3.709949409780776,22.40695150876829,11.298482293423271,65.80640965882004,65.26138279932546,71.6071610375456,84.40677966101696,36.40238704177323,36.40238704177323,33.927910906287295,9.865092748735245,-5.235876897133224,-6.8982543778709235,-11.10846921534502,-0.545026859494584,12.79961862347136,0.0,-24.06281815755205
jaren-jackson-jr,Jaren Jackson Jr.,455.0,13093.0,True,92.6245784148398,95.36256323777403,69.11074299656073,76.98145025295109,25.32544331586767,14.586846543001686,56.03815798064574,56.6610455311973,78.64162560952236,92.79661016949153,35.37936913895993,35.37936913895993,61.91197576283694,82.63069139966274,2.737984822934223,7.870707256390361,-10.738596772865984,0.6228875505515603,14.154984559969165,0.0,20.7187156368258
jarrett-allen,Jarrett Allen,624.0,17540.0,True,51.57862563237774,51.770657672849914,83.94597263728791,94.09780775716695,50.83553179478222,48.65092748735245,93.5353251104704,95.4468802698145,67.26990052850995,76.86440677966101,85.42199488491049,85.42199488491049,69.38355447601248,92.91736930860034,0.1920320404721778,10.151835119879038,-2.1846043074297725,1.911555159344104,9.59450625115106,0.0,23.533814832587865
jarrett-jack,Jarrett Jack,867.0,24140.0,True,45.98903878583474,46.964586846543,52.49500798400778,53.87858347386172,66.76755505125168,76.47554806070826,18.0032963401655,16.188870151770658,19.391068652361746,7.966101694915254,15.68627450980392,15.686274509803921,38.551276008526905,18.887015177065766,0.9755480607082632,1.3835754898539392,9.707993009456587,-1.8144261883948438,-11.424966957446491,1.7763568394002505e-15,-19.66426083146114
jason-collins,Jason Collins,735.0,14974.0,True,10.13933389544688,4.5531197301854975,7.276512763802994,2.1079258010118043,12.200627544230462,4.806070826306914,60.960168589557966,60.87689713322091,71.5138808161342,84.15254237288136,40.75021312872976,40.750213128729754,31.73862467204434,6.323777403035413,-5.586214165261382,-5.168586962791189,-7.394556717923549,-0.08327145633705868,12.638661556747152,-7.105427357601002e-15,-25.41484726900893
jason-kidd,Jason Kidd,1391.0,50111.0,True,33.973861720067454,32.29342327150084,26.787399302003543,19.561551433389546,82.47509265403374,95.10961214165262,53.06721677132991,53.6256323777403,70.07375626827665,81.52542372881356,93.43563512361466,93.43563512361466,58.662640652433154,76.39123102866779,-1.680438448566612,-7.225847868613997,12.634519487618874,0.5584156064103922,11.45166746053691,0.0,17.728590376234635
jason-maxiell,Jason Maxiell,618.0,11379.0,True,30.316821247892072,26.644182124789207,30.322730423893876,23.60876897133221,14.807119983131212,6.408094435075886,78.57263742327427,78.33052276559864,51.81405522198456,52.79661016949152,15.601023017902811,15.601023017902813,34.90581340410052,11.467116357504215,-3.672639123102865,-6.713961452561666,-8.399025548055327,-0.24211465767562856,0.9825549475069622,1.7763568394002505e-15,-23.438697046596303
jason-richardson,Jason Richardson,857.0,29241.0,True,73.96100337268129,79.34232715008432,50.59928459387118,51.34907251264755,68.86331902116102,80.35413153456999,45.12323033514826,45.4468802698145,41.73421652432616,36.69491525423729,74.16879795396419,74.16879795396419,59.39303953908302,77.74030354131534,5.381323777403026,0.7497879187763701,11.490812513408969,0.3236499346662427,-5.03930127008887,0.0,18.347264002232322
jason-smith,Jason Smith,616.0,10029.0,True,39.602023608768974,38.87015177065767,33.46953409299249,27.655986509274875,20.849231207971503,9.865092748735245,67.68247228921518,66.77908937605396,44.091709623979625,40.42372881355932,3.92156862745098,3.9215686274509802,34.15219575579672,10.286677908937605,-0.731871838111303,-5.8135475837176145,-10.984138459236258,-0.9033829131612237,-3.6679808104203033,4.440892098500626e-16,-23.865517846859113
jason-terry,Jason Terry,1410.0,42034.0,True,58.050168634064086,59.10623946037099,75.21771562178716,84.56998313659359,74.67289652428366,87.2681281618887,6.365692009522296,3.288364249578415,34.99016232046346,26.440677966101696,42.11423699914749,42.11423699914749,51.94219603308301,59.94940978077572,1.0560708263069074,9.352267514806428,12.595231637605039,-3.077327759943881,-8.549484354361766,0.0,8.00721374769271
jason-thompson,Jason Thompson,588.0,14819.0,True,33.07483136593592,31.365935919055648,42.34289856588868,40.05059021922428,26.121906801142902,15.51433389544688,82.58806132215241,83.6424957841484,32.613746308240785,22.45762711864407,6.649616368286445,6.649616368286445,35.030825149445704,11.63575042158516,-1.7088954468802733,-2.2923083466643988,-10.607572905696022,1.0544344619959816,-10.156119189596716,0.0,-23.395074727860546
jason-williams,Jason Williams,788.0,23188.0,True,30.85750421585161,27.487352445193928,31.796912536600395,25.801011804384487,76.54816777138642,89.3760539629005,5.859920117925202,2.866779089376054,24.04302588213084,12.288135593220339,22.762148337595907,22.762148337595907,34.17040211299171,10.370994940978077,-3.3701517706576816,-5.995900732215908,12.827886191514082,-2.993141028549148,-11.754890288910502,0.0,-23.79940717201363
jay-humphries,Jay Humphries,788.0,23062.0,True,32.53035413153457,30.18549747048904,51.67530793033449,52.69814502529511,69.13168131838195,80.6070826306914,14.513247510872928,11.551433389544687,42.52721912443199,38.05084745762712,37.42540494458653,37.42540494458653,43.33309337212311,32.96795952782462,-2.344856661045533,1.0228370949606216,11.475401312309444,-2.9618141213282403,-4.476371666804866,0.0,-10.36513384429849
jay-vincent,Jay Vincent,576.0,15556.0,True,86.0366779089376,90.38785834738617,33.5656782970463,27.993254637436763,44.52838276711537,37.77403035413153,61.499349762022376,61.46711635750422,29.11396003402176,18.050847457627118,23.955669224211423,23.955669224211423,46.77850565042186,43.92917369308601,4.351180438448566,-5.572423659609534,-6.754352412983835,-0.03223340451815915,-11.06311257639464,0.0,-2.849331957335856
jaylen-brown,Jaylen Brown,674.0,20908.0,True,92.3891231028668,95.19392917369309,67.05102513243847,74.62057335581788,60.8037085424634,66.3575042158516,49.87285822848898,49.915682967959526,54.21487323336029,56.440677966101696,69.30946291560102,69.30946291560102,66.92807893632524,90.21922428330522,2.804806070826288,7.569548223379414,5.553795673388208,0.04282473947054655,2.225804732741409,0.0,23.291145346979988
jayson-tatum,Jayson Tatum,601.0,20707.0,True,95.5128583473862,97.5548060708263,76.54235176132079,86.08768971332209,77.35729143229668,90.3035413153457,54.00911687512121,54.468802698145026,71.19043724266152,83.64406779661017,97.69820971867009,97.69820971867007,79.90281047676888,98.31365935919055,2.041947723440103,9.545337952001304,12.94624988304902,0.45968582302381833,12.453630553948656,-1.4210854715202004e-14,18.410848882421675
jeff-foster,Jeff Foster,764.0,15750.0,True,11.957841483979765,5.986509274873525,48.3563363921544,48.566610455311974,28.53118129296403,18.29679595278246,96.59934834454909,97.97639123102867,72.47336712196453,85.33898305084746,75.53282182438193,75.53282182438193,51.06585742697939,58.09443507588533,-5.97133220910624,0.21027406315757702,-10.234385340181568,1.377042886479586,12.865615928882931,0.0,7.028577648905937
jeff-green,Jeff Green,1247.0,33432.0,True,54.53962900505903,55.48060708263069,60.87560550788888,65.43001686340641,27.464140174210858,17.116357504215852,42.73865217555708,42.49578414839797,38.64923424537934,32.88135593220339,4.177323103154305,4.177323103154305,39.59042397022496,20.741989881956155,0.9409780775716641,4.55441135551753,-10.347782669995006,-0.24286802715910483,-5.767878313175949,0.0,-18.848434088268807
jeff-hornacek,Jeff Hornacek,1077.0,33964.0,True,56.74156829679596,57.33558178752108,91.514563226299,98.56661045531197,82.99777794167503,95.7841483979764,26.963945891833948,27.655986509274875,55.23600329914218,57.88135593220339,89.42881500426257,89.42881500426257,68.71184007364097,92.24283305227657,0.5940134907251178,7.05204722901297,12.78637045630137,0.6920406174409273,2.645352633061208,0.0,23.530992978635595
jeff-malone,Jeff Malone,905.0,29660.0,True,84.12120573355818,88.95446880269814,50.48138576954722,51.011804384485664,60.66808052321055,65.68296795952783,10.010478342744385,6.323777403035413,7.891088155002079,1.271186440677966,29.241261722080136,29.241261722080136,43.40803326887743,33.22091062394604,4.83326306913996,0.5304186149384478,5.014887436317281,-3.686700939708972,-6.619901714324112,0.0,-10.187122644931392
jeff-mcinnis,Jeff McInnis,576.0,15927.0,True,30.653667790893763,26.981450252951095,23.65849491439263,15.598650927487352,81.45183472282258,94.2664418212479,7.676411972191768,4.3844856661045535,8.922955918807476,1.5254237288135593,28.21824381926684,28.21824381926684,31.450670249320144,5.81787521079258,-3.672217537942668,-8.059843986905278,12.814607098425313,-3.2919263060872144,-7.3975321899939175,0.0,-25.632795038527565
jeff-mullins,Jeff Mullins,804.0,24574.0,True,58.97765598650928,59.78077571669477,47.06177675316575,46.3743676222597,62.13539460172665,68.80269814502529,25.097476145368702,25.042158516020237,56.540741326001466,59.83050847457627,83.46121057118499,83.46121057118499,56.66166872875647,71.58516020236088,0.803119730185486,-0.6874091309060546,6.667303543298637,-0.0553176293484654,3.2897671485748035,0.0,14.923491473604415
jeff-teague,Jeff Teague,826.0,22164.0,True,64.57251264755482,67.70657672849916,60.6029169081173,64.92411467116358,77.99367420538883,91.06239460370995,10.096369853031486,6.408094435075886,51.48039141029649,52.11864406779661,56.86274509803921,56.86274509803921,56.89455663480496,72.34401349072513,3.1340640809443414,4.321197763046278,13.068720398321119,-3.6882754179556008,0.638252657500118,0.0,15.449456855920175
jeff-turner,Jeff Turner,612.0,11244.0,True,16.135118043844855,10.45531197301855,33.549595245107135,27.90893760539629,20.90856104467276,9.949409780775717,55.61078315677096,55.733558178752105,17.609203482954694,6.694915254237288,4.6888320545609545,4.6888320545609545,23.02345699634697,0.16863406408094436,-5.679806070826306,-5.640657639710845,-10.959151263897041,0.12277502198114831,-10.914288228717407,0.0,-22.854822932266025
jeff-wilkins,Jeff Wilkins,454.0,10004.0,True,21.58473861720068,16.188870151770658,12.477244053368544,4.0472175379426645,12.495944302936252,4.974704890387859,69.97765266192908,69.73018549747049,34.301693477041006,25.25423728813559,3.239556692242114,3.239556692242114,23.45745400593844,0.3372681281618887,-5.3958684654300235,-8.43002651542588,-7.521239412548393,-0.24746716445859818,-9.047456188905414,0.0,-23.120185877776553
jerami-grant,Jerami Grant,776.0,21749.0,True,68.18718381112984,72.68128161888701,64.85480685796757,71.33220910623946,36.6215795515889,27.5716694772344,38.704400646873005,39.62900505902192,51.93980565074715,53.13559322033898,19.26683716965047,19.26683716965047,48.95613253192004,51.68634064080944,4.494097807757171,6.477402248271886,-9.0499100743545,0.9246044121489163,1.195787569591836,0.0,2.7302081088894
jeremy-lamb,Jeremy Lamb,573.0,11896.0,True,64.0183389544688,66.52613827993255,53.36337682670386,55.05902192242833,67.02807514565549,77.23440134907251,45.60784499981696,46.20573355817875,65.35374629417026,73.98305084745763,81.75618073316284,81.75618073316284,63.37078652871026,85.49747048903879,2.5077993254637505,1.6956450957244655,10.20632620341702,0.5978885583617881,8.62930455328737,0.0,22.126683960328528
jeremy-lin,Jeremy Lin,480.0,12218.0,True,65.72618043844858,69.47723440134908,59.47707265583095,63.322091062394605,66.78642524971085,76.72849915682968,20.5776667736888,19.224283305227654,51.75331178771127,52.54237288135593,46.71781756180733,46.71781756180733,54.69088845031081,66.94772344013491,3.7510539629004995,3.8450184065636535,9.94207390711884,-1.3533834684611463,0.789061093644662,0.0,12.2568349898241
jermaine-o-neal,Jermaine O'Neal,1011.0,27364.0,True,85.53520236087691,90.13490725126475,31.50399149514353,25.126475548060707,26.36790830939672,15.767284991568296,83.55206940894612,85.24451939291737,74.9265773661802,88.98305084745763,80.05115089514067,80.05115089514067,62.089170569012,83.30522765598651,4.599704890387841,-6.3775159470828235,-10.600623317828425,1.692449983971244,14.056473481277436,0.0,21.216057086974516
jerome-kersey,Jerome Kersey,1153.0,28115.0,True,53.98798482293424,55.05902192242833,23.522308304198333,15.430016863406408,53.85934644174807,53.54131534569983,70.7555642214548,70.32040472175379,85.44348628686664,97.11864406779661,89.08780903665814,89.08780903665814,61.27118053943214,81.36593591905564,1.0710370994940916,-8.092291440791925,-0.3180310960482444,-0.4351594997010153,11.675157780929965,0.0,20.094755379623507
jerome-whitehead,Jerome Whitehead,679.0,11828.0,True,28.15155986509275,23.777403035413155,44.83890719793134,43.3389544688027,22.937863205010128,12.057335581787521,83.11187847121356,84.31703204047217,22.30164186985388,10.169491525423728,5.541346973572037,5.541346973572037,31.76528810042844,6.492411467116358,-4.374156829679595,-1.499952729128644,-10.880527623222607,1.2051535692586128,-12.132150344430153,0.0,-25.27287663331208
jerome-williams,Jerome Williams,587.0,12755.0,True,31.126053962900507,27.82462057335582,63.72294792784248,69.81450252951096,31.44720886889797,21.41652613827993,92.68001839171154,94.68802698145025,58.65731035812851,63.728813559322035,64.62063086104007,64.62063086104007,53.54248818498921,64.41821247892074,-3.3014333895446875,6.091554601668477,-10.03068273061804,2.008008589738708,5.071503201193522,0.0,10.875724293931526
jerry-lucas,Jerry Lucas,829.0,32131.0,True,31.8210370994941,29.005059021922428,79.70544775783105,90.13490725126475,66.58072017168708,76.05396290050591,65.76034190592432,65.17706576728499,28.12649186688682,16.52542372881356,85.76300085251492,85.76300085251492,56.803857035801016,72.00674536256324,-2.815978077571671,10.429459493433697,9.473242728818832,-0.5832761386393344,-11.60106813807326,0.0,15.20288832676222
jerry-sichting,Jerry Sichting,598.0,12732.0,True,10.21817032040472,4.721753794266442,63.95288945391594,70.15177065767286,58.75201136057056,61.63575042158516,3.63788834147533,0.927487352445194,30.658372060860877,20.338983050847457,16.453537936913897,16.453537936913897,32.86539652019898,8.010118043844857,-5.496416526138279,6.198881203756919,2.8837390610145945,-2.710400989030136,-10.31938901001342,0.0,-24.855278476354123
jerry-sloan,Jerry Sloan,755.0,25750.0,True,40.25674536256324,39.79763912310287,14.615610391273725,5.733558178752108,40.96017473948167,33.305227655986506,58.61714362700332,58.93760539629005,62.03681754102404,68.64406779661017,75.78857630008525,75.78857630008525,46.84861178560028,44.09780775716695,-0.4591062394603682,-8.882052212521618,-7.654947083495166,0.3204617692867302,6.6072502555861305,0.0,-2.750804028433336
jerry-stackhouse,Jerry Stackhouse,970.0,30222.0,True,93.20320404721754,96.0370994940978,41.193489773632365,38.785834738617204,57.15584796177748,58.85328836424958,26.711640386663056,27.234401349072513,32.17357896298054,21.864406779661017,15.089514066496164,15.089514066496164,47.62004403398999,47.30185497470489,2.8338954468802626,-2.4076550350151606,1.6974404024720968,0.5227609624094569,-10.309172183319525,0.0,-0.3181890592851033
jerry-west,Jerry West,932.0,36571.0,True,89.88469645868464,93.42327150084317,73.87719597839776,82.88364249578414,89.86603794570233,99.6627318718381,24.98604501854512,24.70489038785835,71.06061843887954,83.30508474576271,98.8917306052856,98.89173060528559,77.63676344451164,97.3018549747049,3.538575042158527,9.00644651738638,9.796693926135774,-0.28115463068677116,12.244466306883169,-1.4210854715202004e-14,19.66509153019325
jerryd-bayless,Jerryd Bayless,586.0,12486.0,True,49.36150927487353,49.4097807757167,34.69950597063962,30.26981450252951,65.17651389370732,73.77740303541316,17.095789941582723,14.671163575042158,24.424945464037023,12.457627118644067,19.18158567774936,19.18158567774936,37.11954653372691,15.935919055649242,0.04827150084317111,-4.429691468110111,8.600889141705835,-2.424626366540565,-11.967318345392956,0.0,-21.183627478077668
jim-barnett,Jim Barnett,732.0,17410.0,True,55.4449831365936,56.492411467116355,26.452861916925787,19.05564924114671,45.22718402394115,38.61720067453626,25.88131980173685,26.222596964586845,28.351466037404226,17.203389830508474,10.91219096334186,10.912190963341859,33.852382463389134,9.696458684654301,1.0474283305227559,-7.397212675779077,-6.609983349404892,0.34127716284999465,-11.148076206895752,-1.7763568394002505e-15,-24.15592377873483
jim-brewer,Jim Brewer,703.0,15936.0,True,5.579468802698146,2.0236087689713322,18.2931389750122,9.359190556492411,23.547973884472437,12.816188870151771,82.95922011611168,84.06408094435076,67.26219378265232,76.77966101694915,34.185848252344414,34.185848252344414,35.42554045803555,12.563237774030354,-3.5558600337268134,-8.93394841851979,-10.731785014320666,1.104860828239083,9.51746723429683,0.0,-22.862302684005193
jim-chones,Jim Chones,623.0,19125.0,True,37.59970489038786,37.18381112984823,26.823619844063074,19.73018549747049,21.741778262997865,10.79258010118044,76.7447065753889,76.22259696458684,57.39097277499755,61.69491525423729,39.64194373401534,39.64194373401534,41.14976378685596,25.379426644182125,-0.4158937605396318,-7.093434346592584,-10.949198161817426,-0.5221096108020618,4.303942479239737,0.0,-15.770337142673831
jim-cleamons,Jim Cleamons,652.0,16994.0,True,12.313870151770658,6.57672849915683,31.879645612891828,25.885328836424957,53.66738478115299,53.288364249578414,28.747254041312964,30.18549747048904,57.91787617449155,62.20338983050848,67.51918158567774,67.51918158567774,41.57836592458487,26.30691399662732,-5.737141652613828,-5.994316776466871,-0.37902053157457516,1.438243429176076,4.285513656016924,0.0,-15.271451927957553
jim-davis,Jim Davis,597.0,10027.0,True,34.97491568296796,33.305227655986506,45.17299815237783,43.84485666104553,41.23310662529103,33.81112984822934,83.24112110547738,84.56998313659359,68.26875145113263,78.72881355932203,52.00341005967604,52.00341005967604,51.96261036093191,60.03372681281619,-1.6696880269814542,-1.3281414913322962,-7.421976777061687,1.3288620311162163,10.460062108189405,0.0,8.07111645188428
jim-fox,Jim Fox,743.0,17294.0,True,31.86741146711636,29.0893760539629,69.03219819601873,76.81281618887016,35.6218750905283,26.30691399662732,82.44904531619146,83.47386172006745,25.028860471550768,13.220338983050848,10.656436487638532,10.656436487638533,40.3127562633432,22.512647554806072,-2.7780354131534573,7.7806179928514325,-9.31496109390098,1.0248164038759882,-11.80852148849992,1.7763568394002505e-15,-17.80010870853713
jim-jackson,Jim Jackson,885.0,29067.0,True,62.40050590219225,63.74367622259697,35.37837757706712,31.112984822934234,46.60767747310376,41.06239460370995,46.04943340880944,46.54300168634064,20.80537503296888,8.898305084745763,8.269394714407502,8.269394714407502,37.35022489043299,16.273187183811128,1.3431703204047167,-4.265392754132886,-5.545282869393816,0.49356827753119603,-11.907069948223116,0.0,-21.077037706621862
jim-king,Jim King,607.0,11187.0,True,26.733136593591908,22.09106239460371,17.5072576685807,8.263069139966273,49.82773198784545,47.38617200674536,20.28234181914372,18.97133220910624,87.7237851662404,98.30508474576271,69.9914748508099,69.9914748508099,46.5901774859926,43.42327150084317,-4.6420741989881975,-9.244188528614426,-2.4415599811000916,-1.3110096100374804,10.581299579522309,0.0,-3.166905985149427
jim-krebs,Jim Krebs,515.0,10661.0,True,23.31218381112985,18.043844856661046,12.776408070717205,4.4688026981450255,6.565524425117512,1.7706576728499157,73.86172006745363,73.44013490725126,70.33248081841433,81.86440677966101,29.156010230179028,29.156010230179028,33.902022763315884,9.780775716694773,-5.268338954468803,-8.30760537257218,-4.7948667522675965,-0.421585160202369,11.531925961246685,0.0,-24.12124704662111
jim-mcelroy,Jim McElroy,418.0,10178.0,True,36.246205733558185,34.991568296795954,33.51984389137431,27.82462057335582,46.26847336308853,40.80944350758853,11.163261687061896,7.75716694772344,46.29075705491416,44.23728813559322,7.075873827791987,7.075873827791987,32.9966751073912,8.094435075885329,-1.2546374367622306,-5.695223318018488,-5.459029855499999,-3.4060947393384557,-2.0534689193209417,0.0,-24.90224003150587
jim-mcmillian,Jim McMillian,631.0,20227.0,True,31.893971332209105,29.17369308600337,58.88611389796097,62.39460370994941,55.688718270368526,56.15514333895447,45.374752382342265,46.03709949409781,47.92424994779044,46.94915254237288,80.90366581415175,80.90366581415175,52.27345793135565,61.29848229342327,-2.7202782462057336,3.50848981198844,0.46642506858594146,0.662347111755544,-0.9750974054175643,0.0,9.025024362067619
jim-paxson,Jim Paxson,922.0,24426.0,True,67.61867622259697,71.83811129848229,52.760324384024685,54.21585160202361,71.6137067374396,84.06408094435076,12.588434366813736,9.27487352445194,40.51793356846342,35.67796610169491,65.81415174765559,65.81415174765559,54.2213436545246,65.59865092748736,4.219435075885315,1.4555272179989274,12.450374206911164,-3.313560842361797,-4.839967466768506,0.0,11.377307272962753
jim-price,Jim Price,510.0,12815.0,True,30.67158516020236,27.15008431703204,20.623999402309643,12.057335581787521,44.88965304006752,38.11129848229342,27.43730753296053,28.41483979763912,68.47351408390686,78.98305084745763,40.068201193520885,40.068201193520885,39.91160174053591,21.41652613827993,-3.521500843170319,-8.566663820522121,-6.778354557774101,0.9775322646785902,10.50953676355077,0.0,-18.495075602255977
jim-washington,Jim Washington,774.0,22668.0,True,19.90767284991568,14.671163575042158,29.514797579828425,22.596964586846543,21.03760522314477,10.202360876897133,74.48610101786835,74.11467116357504,49.74930438253937,50.0,45.609548167092925,45.609548167092925,37.009157560459904,15.682967959527824,-5.236509274873523,-6.917832992981882,-10.835244346247636,-0.37142985429331077,0.25069561746062874,0.0,-21.326189600932082
jimmy-butler,Jimmy Butler,907.0,29972.0,True,84.38933389544688,89.12310286677909,80.3678057081266,91.2310286677909,87.05690147131114,98.22934232715008,51.99538737253293,52.360876897133224,76.21047990928584,90.76271186440678,96.845694799659,96.845694799659,80.79009452531525,98.4822934232715,4.733768971332211,10.863222959664299,11.172440855838943,0.36548952460029227,14.552231955120945,0.0,17.692198897956246
jimmy-walker,Jimmy Walker,698.0,23590.0,True,57.164207419898815,57.841483979763915,49.09749349537383,49.57841483979764,65.4753431133556,74.62057335581788,4.770490462825393,2.1079258010118043,18.61777114237197,7.5423728813559325,48.25234441602728,48.25234441602728,42.79447429678581,30.69139966273187,0.6772765598650992,0.4809213444238054,9.145230242462276,-2.6625646618135885,-11.075398261016039,0.0,-12.103074634053936
jo-jo-white,Jo Jo White,837.0,29941.0,True,51.10181281618887,51.264755480607086,18.68543806746729,9.780775716694773,52.91701495875564,51.602023608768974,17.437056910471192,15.430016863406408,38.506564901970265,32.28813559322034,36.65814151747656,36.65814151747656,37.58985716881077,16.863406408094434,0.16294266441821748,-8.904662350772519,-1.3149913499866628,-2.007040047064784,-6.218429308749926,0.0,-20.726450760716332
joakim-noah,Joakim Noah,672.0,18646.0,True,27.859401349072517,23.440134907251263,46.73364254206579,45.952782462057336,47.84283743011822,44.01349072512647,96.71243842779418,98.14502529510962,74.72604293046187,88.72881355932203,55.75447570332481,55.75447570332481,55.22251550576724,68.12816188870151,-4.419266441821254,-0.780860080008452,-3.8293467049917496,1.432586867315436,14.002770628860162,0.0,12.905646382934272
jodie-meeks,Jodie Meeks,539.0,12110.0,True,43.75653456998314,43.92917369308601,74.0135668707984,82.96795952782462,51.497259905505615,49.66273187183811,11.53479929512735,8.347386172006745,39.71318373361006,34.74576271186441,73.231031543052,73.231031543052,50.38323566475376,56.323777403035415,0.17263912310286855,8.954392657026219,-1.8345280336675032,-3.1874131231206047,-4.9674210217456505,0.0,5.940541738281652
joe-barry-carroll,Joe Barry Carroll,705.0,22838.0,True,82.75189713322091,87.35244519392917,27.8990462320922,20.657672849915684,28.62231142314556,18.381112984822934,69.88811811109895,69.56155143338954,55.08986381611136,57.71186440677966,32.310315430520035,32.310315430520035,49.44234155259484,53.035413153457,4.600548060708263,-7.241373382176516,-10.241198438322627,-0.3265666777094083,2.6220005906683,0.0,3.59307160086216
joe-bryant,Joe Bryant,606.0,12845.0,True,43.77655986509275,44.01349072512647,23.0355989159694,14.418212478920742,33.832782724191745,24.03035413153457,57.31462006684576,57.58853288364249,38.81399266115952,33.30508474576271,6.734867860187554,6.734867860187554,33.68166146862359,9.021922428330523,0.23693086003372343,-8.617386437048657,-9.802428592657176,0.27391281679673085,-5.508907915396804,0.0,-24.659739040293065
joe-caldwell,Joe Caldwell,468.0,13874.0,True,61.63343170320405,62.731871838111296,31.276964254796347,24.873524451939293,42.51770748967637,35.413153456998316,41.39966273187183,41.65261382799326,56.86274509803921,60.50847457627118,43.64876385336744,43.648763853367434,47.22182398130489,45.78414839797639,1.0984401349072428,-6.403439802857054,-7.1045540326780525,0.2529510961214285,3.6457294782319707,-7.105427357601002e-15,-1.4376755833284989
joe-dumars,Joe Dumars,1018.0,35139.0,True,69.34569983136595,74.28330522765599,72.62054610264138,81.45025295109612,81.20000743660071,94.09780775716695,8.28922553525598,4.974704890387859,27.10069711244878,15.338983050847459,85.5072463768116,85.5072463768116,59.39082596789797,77.65598650927487,4.937605396290039,8.829706848454734,12.897800320566233,-3.3145206448681215,-11.761714061601323,0.0,18.2651605413769
joe-ellis,Joe Ellis,524.0,10374.0,True,45.328625632377744,46.3743676222597,3.408619785922496,0.7588532883642496,27.223563940082794,16.779089376053964,64.50892879338925,64.2495784148398,73.42245664173129,86.69491525423729,53.6231884057971,53.6231884057971,43.27657748359124,32.79932546374368,1.0457419898819538,-2.6497664975582462,-10.44447456402883,-0.259350378549442,13.272458612506,0.0,-10.477252019847562
joe-graboski,Joe Graboski,743.0,22665.0,True,55.36150927487353,56.23946037099494,5.254474969344652,1.349072512647555,18.45327364375219,8.010118043844857,73.69308600337268,73.10286677908938,53.111679454390455,54.91525423728814,7.587382779198636,7.587382779198636,34.72410320175617,11.045531197301855,0.8779510961214143,-3.9054024566970966,-10.443155599907334,-0.5902192242833024,1.8035747828976838,0.0,-23.678572004454317
joe-harris,Joe Harris,504.0,12298.0,True,28.579679595278247,24.45193929173693,94.58410215801986,99.32546374367622,45.39809502321855,38.954468802698145,28.345955805633977,29.679595278246207,23.032852585203145,10.932203389830509,26.683716965046887,26.683716965046887,42.09792907859209,28.33052276559865,-4.127740303541316,4.741361585656364,-6.443626220520407,1.33363947261223,-12.100649195372636,0.0,-13.767406312993437
joe-ingles,Joe Ingles,750.0,17638.0,True,10.849072512647556,5.227655986509275,89.40016065524975,97.72344013490725,58.008192778774,60.53962900505902,25.04600264778798,24.78920741989882,51.947789752732405,53.220338983050844,50.98039215686274,50.98039215686274,48.60505929039448,50.75885328836425,-5.621416526138281,8.3232794796575,2.5314362262850167,-0.2567952278891603,1.2725492303184396,0.0,2.153793997969771
joe-johnson,Joe Johnson,1277.0,44236.0,True,63.97660202360876,66.44182124789208,51.446149199998445,52.27655986509275,78.64937978412578,92.32715008431703,30.87780700292364,32.1247892074199,25.778394021356068,13.898305084745763,70.58823529411765,70.58823529411765,54.1397759261482,65.34569983136593,2.4652192242833166,0.8304106650943055,13.677770300191241,1.2469822044962626,-11.880088936610305,0.0,11.205923905217738
joe-kleine,Joe Kleine,965.0,14712.0,True,17.24662731871838,11.551433389544687,19.97347384101698,11.298482293423271,18.82141729769059,8.347386172006745,82.68472530230616,83.89544688026982,30.03347713427318,18.983050847457626,7.41687979539642,7.41687979539642,26.12227622468634,1.2647554806070826,-5.695193929173694,-8.674991547593708,-10.474031125683846,1.2107215779636533,-11.050426286815554,0.0,-24.857520744079256
joe-meriweather,Joe Meriweather,670.0,14807.0,True,25.77424114671164,20.9106239460371,73.55265218664488,82.54637436762226,12.618391796141648,5.059021922428331,74.66826087315611,74.45193929173693,49.008834263308174,49.23728813559322,19.522591645353792,19.522591645353792,40.94312026270969,24.45193929173693,-4.86361720067454,8.993722180977386,-7.559369873713317,-0.21632158141918012,0.2284538722850442,0.0,-16.49118097097276
joe-smith,Joe Smith,1030.0,27022.0,True,63.19793423271501,64.8397976391231,30.151530042578337,23.27150084317032,24.03240796900526,13.237774030354132,80.93166055487654,81.28161888701517,42.46803617867011,37.79661016949152,10.485933503836318,10.485933503836318,40.79972830564201,23.9460370994941,1.641863406408092,-6.880029199408018,-10.794633938651128,0.3499583321386268,-4.671426009178589,0.0,-16.853691206147914
joel-embiid,Joel Embiid,490.0,15608.0,True,99.84928330522766,100.0,86.65258321144833,96.45868465430017,67.58092120567954,77.90893760539629,85.30737051421697,87.18381112984822,78.3811486155364,92.28813559322033,97.27195225916454,97.27195225916454,85.49710463821583,99.49409780775717,0.15071669477234195,9.80610144285184,10.328016399716745,1.8764406156312532,13.906986977683928,0.0,13.99699316954134
joel-przybilla,Joel Przybilla,592.0,11733.0,True,9.427065767284992,4.1315345699831365,70.71262732230785,78.92074198988196,2.593406628540318,0.08431703204047218,95.79806677154316,97.5548060708263,61.06001041668817,67.37288135593221,14.151747655583971,14.151747655583973,39.26178429246317,20.06745362563238,-5.295531197301855,8.208114667574108,-2.509089596499846,1.75673929928314,6.312870939244036,1.7763568394002505e-15,-19.19433066683079
john-bagley,John Bagley,665.0,17120.0,True,22.079679595278247,16.863406408094434,15.170759748255266,6.239460370994941,63.46848446341208,70.82630691399663,20.12911923108791,18.54974704890388,43.67476046922923,39.83050847457627,36.48763853367434,36.48763853367434,34.345340692311886,10.539629005059021,-5.216273187183813,-8.931299377260325,7.35782245058455,-1.5793721821840307,-3.844251994652957,0.0,-23.805711687252867
john-barnhill,John Barnhill,426.0,10054.0,True,20.02845699831366,14.75548060708263,6.243741446742706,1.6863406408094435,44.45173037148699,37.60539629005059,15.008431703204048,12.057335581787521,61.551577152600174,67.88135593220339,31.62830349531117,31.62830349531117,31.286898058167544,5.733558178752108,-5.2729763912310315,-4.557400805933263,-6.846334081436396,-2.9510961214165263,6.329778779603217,0.0,-25.553339879415436
john-battle,John Battle,612.0,10910.0,True,76.90472175379426,81.70320404721754,40.30288802342447,37.94266441821248,73.94831970303663,86.59359190556492,6.961581212402696,3.709949409780776,14.852367625771985,4.1525423728813555,50.29838022165388,50.29838022165388,46.43788262390181,43.00168634064081,4.798482293423277,-2.360223605211992,12.64527220252829,-3.25163180262192,-10.69982525289063,0.0,-3.4361962832609976
john-block,John Block,597.0,14316.0,True,59.66357504215851,60.53962900505902,34.51921503333547,30.016863406408095,26.414201565227085,15.935919055649242,66.91065148978002,66.18887015177066,61.22889431329321,67.62711864406779,46.3768115942029,46.3768115942029,48.4329968304759,50.505902192242836,0.8760539629005066,-4.502351626927375,-10.478282509577843,-0.7217813380093645,6.398224330774582,0.0,2.072905361766935
john-brown,John Brown,486.0,10108.0,True,27.58347386172007,23.018549747048905,37.63921797435149,34.31703204047218,26.795564545076893,16.526138279932546,63.59955982406974,63.15345699831366,30.4308362277256,19.83050847457627,23.529411764705884,23.529411764705884,33.05554724114886,8.178752107925801,-4.5649241146711645,-3.322185933879311,-10.269426265144347,-0.4461028257560855,-10.60032775314933,0.0,-24.876795133223055
john-collins,John Collins,541.0,15611.0,True,67.18739460370995,71.33220910623946,93.38601463148645,98.90387858347385,37.4668059394197,28.836424957841484,78.08127202212171,77.82462057335582,41.518415434830544,36.52542372881356,27.536231884057973,27.536231884057973,57.210594577141805,72.84991568296796,4.144814502529513,5.517863951987408,-8.630380981578217,-0.2566514487658935,-4.992991706016987,0.0,15.639321105826156
john-drew,John Drew,739.0,21828.0,True,98.20025295109612,99.0725126475548,53.32021892037894,54.974704890387855,43.98005595194654,37.09949409780776,72.09275864431886,72.17537942664418,41.91306340995296,37.03389830508475,75.70332480818415,75.70332480818415,63.32640125598675,85.32883642495784,0.8722596964586842,1.6544859700089134,-6.880561854138783,0.08262078232532133,-4.879165104868214,0.0,22.00243516897109
john-gianelli,John Gianelli,541.0,13650.0,True,9.190345699831369,3.87858347386172,22.948920006735875,14.080944350758854,23.61187726197405,12.900505902192243,66.62047951621547,65.85160202360876,64.16668418024724,71.86440677966101,52.34441602728048,52.34441602728048,37.113995997269,15.85160202360877,-5.311762225969648,-8.867975655977022,-10.711371359781808,-0.7688774926067055,7.6977225994137655,0.0,-21.26239397366023
john-havlicek,John Havlicek,1270.0,46471.0,True,73.19772344013491,78.58347386172007,30.320867220241777,23.524451939291737,70.71306703221225,82.88364249578414,37.0685793347843,38.026981450252954,46.39126039736148,44.57627118644068,90.537084398977,90.53708439897699,58.218612156955245,75.37942664418212,5.385750421585158,-6.79641528095004,12.170575463571893,0.9584021154686511,-1.8149892109207997,-1.4210854715202004e-14,17.160814487226872
john-johnson,John Johnson,869.0,25681.0,True,48.60476391231028,48.81956155143339,17.68546087265971,8.516020236087689,52.03990325927375,50.16863406408095,53.57912776204411,54.047217537942664,32.795784770431844,22.796610169491526,27.96248934356351,27.96248934356351,38.23141975669216,18.043844856661046,0.21479763912310545,-9.169440636572022,-1.8712691951928022,0.46808977589855516,-9.999174600940318,0.0,-20.187574900031116
john-long,John Long,893.0,22680.0,True,69.93570826306913,75.12647554806071,31.92794105742057,25.96964586846543,45.23592972913725,38.70151770657673,28.736298426746444,30.016863406408095,31.03749831987012,20.677966101694917,15.942028985507246,15.942028985507246,39.25362330602011,19.983136593591905,5.19076728499158,-5.958295188955137,-6.534412022560517,1.2805649796616514,-10.359532218175204,0.0,-19.270486712428205
john-lucas,John Lucas,928.0,25556.0,True,36.71058178752107,35.919055649241145,29.159184320129025,22.344013490725125,78.39806361924143,91.8212478920742,9.829982897235896,6.155143338954469,39.5885627450948,34.49152542372882,56.010230179028135,56.010230179028135,43.21366281398842,32.46205733558179,-0.7915261382799272,-6.8151708294039,13.42318427283277,-3.674839558281427,-5.097037321365981,0.0,-10.751605478406631
john-mengelt,John Mengelt,636.0,12788.0,True,63.66905564924115,65.85160202360876,61.10339585248767,65.85160202360876,59.30877320587992,62.64755480607083,13.315948336710363,10.623946037099493,17.243660567523598,6.271186440677966,22.506393861892583,22.506393861892583,42.2932714205692,28.752107925801013,2.182546374367611,4.74820617112109,3.338781600190906,-2.69200229961087,-10.972474126845633,0.0,-13.541163494768185
john-paxson,John Paxson,772.0,17257.0,True,12.323566610455313,6.661045531197302,71.4969133640173,79.76391231028668,83.31061035998134,96.12141652613828,0.4523777077939759,0.0,23.392157678673065,11.186440677966102,54.39045183290708,54.390451832907075,42.39870978490625,29.005059021922428,-5.662521079258011,8.266998946269382,12.810806166156937,-0.4523777077939759,-12.205717000706963,-7.105427357601002e-15,-13.393650762983825
john-salley,John Salley,748.0,16524.0,True,30.095067453625635,26.475548060708263,71.16081954958179,79.42664418212479,19.295482859239893,8.684654300168635,66.29787336128571,65.43001686340641,81.41125311083235,95.08474576271186,77.57885763000853,77.57885763000853,56.01782102946565,70.32040472175379,-3.619519392917372,8.265824632543001,-10.610828559071258,-0.867856497879302,13.673492651879513,0.0,14.302583692288138
john-salmons,John Salmons,895.0,23672.0,True,31.178541315345704,27.993254637436763,45.23660150430044,44.01349072512647,47.63149835543481,43.25463743676222,25.97325330223167,26.39123102866779,44.42607837871169,41.016949152542374,16.965046888320547,16.965046888320547,36.85465484022142,15.430016863406408,-3.185286677908941,-1.2231107791739646,-4.376860918672584,0.41797772643612063,-3.40912922616932,0.0,-21.424637976815013
john-starks,John Starks,866.0,23514.0,True,69.23081787521079,74.19898819561551,32.46038501368668,26.644182124789207,72.50162869012686,85.24451939291737,15.711049560780872,12.984822934232715,56.377625594057406,59.40677966101695,81.07416879795396,81.07416879795396,56.60952415214585,71.50084317032041,4.968170320404724,-5.816202888897475,12.742890702790504,-2.726226626548156,3.029154066959542,0.0,14.891319018174556
john-stockton,John Stockton,1504.0,47764.0,True,47.78393760539629,48.229342327150086,94.9793673669334,99.57841483979765,87.0136386842144,98.06070826306915,13.99121011934854,11.129848229342327,69.32132974527529,80.08474576271186,99.23273657289002,99.23273657289002,71.04529105921267,94.35075885328837,0.4454047217537962,4.5990474728642425,11.047069578854746,-2.861361890006213,10.763416017436569,0.0,23.305467794075696
john-tresvant,John Tresvant,559.0,12296.0,True,36.46184654300169,35.32883642495784,40.56296739029892,38.195615514333895,40.74593740558663,32.96795952782462,70.93252984161624,70.40472175379426,34.61210571184996,25.76271186440678,46.20630861040068,46.20630861040068,42.53616061000353,29.595278246205734,-1.133010118043849,-2.367351875965028,-7.777977877762012,-0.5278080878219811,-8.849393847443185,0.0,-12.940882363797794
john-wall,John Wall,647.0,22588.0,True,88.92537942664418,92.58010118043845,26.613727229986928,19.392917369308602,68.07600699115599,79.17369308600337,25.54389935900536,25.463743676222595,63.80070198920784,71.35593220338983,38.78942881500426,38.789428815004264,55.50805076569727,68.71838111298483,3.654721753794263,-7.220809860678326,11.097686094847376,-0.0801556827827632,7.555230214181989,7.105427357601002e-15,13.21033034728756
john-williams,John Williams,435.0,10952.0,True,47.136593591905566,47.8920741989882,19.083770746109657,10.202360876897133,68.07457361204172,79.0893760539629,60.75522257951018,60.70826306913997,80.35785521466069,94.49152542372882,95.05541346973573,95.05541346973573,60.399170935043394,79.76391231028668,0.7554806070826316,-8.881409869212524,11.014802441921177,-0.04695951037021473,14.133670209068129,0.0,19.36474137524329
johnny-davis,Johnny Davis,862.0,22478.0,True,59.506534569983145,60.286677908937605,24.36318513236837,16.441821247892076,75.09461911053224,87.94266441821247,13.244112053098036,10.45531197301855,33.28401745323409,23.559322033898304,59.846547314578,59.846547314578004,45.93043082140888,41.06239460370995,0.7801433389544599,-7.921363884476293,12.848045307680238,-2.7888000800794863,-9.724695419335788,7.105427357601002e-15,-4.868036217698936
johnny-dawkins,Johnny Dawkins,541.0,14859.0,True,41.352023608768974,40.97807757166948,40.64397440499239,38.36424957841484,69.28016597240563,80.86003372681282,15.28674756965088,12.310286677908937,22.04089221313221,10.0,9.207161125319692,9.207161125319693,35.31300367904338,12.310286677908937,-0.37394603709949337,-2.2797248265775494,11.57986775440719,-2.976460891741942,-12.04089221313221,1.7763568394002505e-15,-23.002717001134446
johnny-egan,Johnny Egan,712.0,14448.0,True,23.44182124789208,18.21247892074199,34.39254974230533,29.679595278246207,59.90525770771193,64.16526138279933,2.1536914627877826,0.3372681281618887,23.870417732310315,12.11864406779661,22.25063938618926,22.25063938618926,29.666027057771853,3.87858347386172,-5.229342327150089,-4.71295446405912,4.260003675087397,-1.8164233346258938,-11.751773664513705,0.0,-25.787443583910132
johnny-green,Johnny Green,1057.0,24624.0,True,55.6433389544688,56.6610455311973,62.04175294042308,67.62225969645868,41.405275799820245,34.14839797639123,87.5769900172241,89.12310286677909,23.18840579710145,11.101694915254237,47.82608695652174,47.82608695652174,50.038919814496815,54.89038785834739,1.0177065767285,5.580506756035604,-7.256877823429015,1.5461128495549872,-12.086710881847212,0.0,4.8514680438505735
johnny-moore,Johnny Moore,520.0,13430.0,True,24.21901349072513,18.887015177065766,24.73422839350396,17.200674536256322,84.52825140661734,96.88026981450253,26.88098634982848,27.5716694772344,70.71938817590392,82.62711864406779,96.76044330775788,96.76044330775788,54.54009011062695,66.69477234401349,-5.331998313659362,-7.5335538572476395,12.352018407885183,0.6906831274059222,11.907730468163876,0.0,12.154682233386538
johnny-newman,Johnny Newman,1159.0,28435.0,True,64.90935919055649,68.29679595278246,72.01981823862417,80.35413153456999,41.20989435773026,33.642495784148394,21.35288377113496,20.06745362563238,33.832082196301165,24.661016949152543,25.745950554134694,25.745950554134698,45.84739266549269,40.55649241146712,3.387436762225974,8.334313295945819,-7.567398573581869,-1.2854301455025805,-9.171065247148622,3.552713678800501e-15,-5.290900254025573
jon-barry,Jon Barry,821.0,13880.0,True,22.82672849915683,17.706576728499158,81.04086235791331,91.65261382799325,71.08259085278061,83.22091062394604,27.32525691908561,28.161888701517707,60.95394181633871,67.20338983050847,81.50042625745951,81.50042625745951,58.01006516228504,74.70489038785834,-5.120151770657671,10.611751470079938,12.138319771165428,0.8366317824320966,6.249448014169758,0.0,16.694825225573304
jon-koncak,Jon Koncak,784.0,16409.0,True,3.972596964586847,1.0961214165261384,20.729045608809148,12.39460370994941,17.692163289091646,7.419898819561552,70.56665907613741,70.06745362563238,84.58036325470127,96.77966101694915,59.7612958226769,59.7612958226769,40.103683784535576,21.922428330522767,-2.876475548060709,-8.334441898859739,-10.272264469530093,-0.4992054505050305,12.19929776224788,0.0,-18.18125545401281
jon-mcglocklin,Jon McGlocklin,792.0,20930.0,True,29.762647554806072,26.138279932546375,68.29500525350846,75.88532883642496,54.95446595681927,55.1433389544688,3.836796063505676,1.2647554806070826,29.6968887724597,18.559322033898304,55.24296675191816,55.24296675191816,41.9374761814892,27.5716694772344,-3.6243676222596974,7.590323582916497,0.1888729976495327,-2.5720405828985933,-11.137566738561397,0.0,-14.365806704254801
jonas-jerebko,Jonas Jerebko,635.0,11323.0,True,22.63827993254637,17.284991568296796,70.6016092467251,78.58347386172007,24.713246281519595,13.659359190556492,70.29980079788439,69.89881956155143,47.55871109095646,46.271186440677965,9.46291560102302,9.462915601023019,39.85504488970058,21.079258010118043,-5.353288364249575,7.9818646149949615,-11.053887090963103,-0.400981236332953,-1.2875246502784918,-1.7763568394002505e-15,-18.775786879582537
jonas-valan-i-nas,Jonas Valančiūnas,1002.0,24429.0,True,72.2150084317032,77.57166947723441,89.17892889674513,97.63912310286678,40.96000920033335,33.22091062394604,97.683873538101,98.8195615514334,52.51923086647298,54.067796610169495,66.75191815856778,66.75191815856778,67.64017239001662,91.06239460370995,5.356661045531212,8.460194206121642,-7.739098576387313,1.1356880133323983,1.5485657436965141,0.0,23.42222221369333
jordan-clarkson,Jordan Clarkson,825.0,22102.0,True,77.63743676222597,82.37774030354132,44.94756868279194,43.507588532883645,63.89221050793753,71.58516020236088,32.11563234048192,33.38954468802698,17.084874848587432,6.101694915254237,6.052855924978688,6.0528559249786875,42.72489952211671,29.93254637436762,4.740303541315342,-1.439980149908294,7.692949694423355,1.2739123475450569,-10.983179933333195,-8.881784197001252e-16,-12.792353147749086
jordan-poole,Jordan Poole,451.0,12283.0,True,84.74156829679595,89.54468802698145,53.77618660185654,55.48060708263069,54.0933898942061,54.047217537942664,11.133413137713838,7.672849915682968,29.136413271372025,18.220338983050848,3.665814151747656,3.6658141517476555,43.85601337287076,34.73861720067454,4.8031197301855,1.7044204807741536,-0.0461723562634333,-3.4605632220308697,-10.916074288321177,-4.440892098500626e-16,-9.117396172196223
josh-hart,Josh Hart,596.0,18123.0,True,15.716273187183813,10.202360876897133,74.9934130089876,84.31703204047217,64.04912856401411,71.75379426644182,64.69365423946627,64.41821247892074,52.530211687987865,54.152542372881356,57.45950554134697,57.45950554134697,53.22682140140044,63.74367622259697,-5.513912310286679,9.323619031484569,7.704665702427704,-0.27544176054553304,1.622330684893491,0.0,10.516854821196524
josh-howard,Josh Howard,507.0,15350.0,True,78.34506745362565,83.30522765598651,38.61102546298126,35.750421585160204,53.46298927244771,52.61382799325464,61.438563392144445,61.38279932546374,69.05393591288215,79.57627118644068,89.51406649616368,89.51406649616368,64.58857145883604,87.60539629005059,4.960160202360868,-2.860603877821056,-0.8491612791930692,-0.055764066680701774,10.522335273558525,0.0,23.01682483121455
josh-richardson,Josh Richardson,554.0,15815.0,True,35.97322934232715,34.73861720067454,45.56123277542895,44.435075885328835,57.8215369995567,60.37099494097808,23.340050665090327,22.344013490725125,57.98632938329722,62.3728813559322,33.930093776641094,33.930093776641094,44.43207828430332,36.25632377740303,-1.2346121416526117,-1.1261568901001127,2.5494579414213803,-0.9960371743652026,4.386551972634983,0.0,-8.17575450690029
josh-smith,Josh Smith,894.0,29000.0,True,75.59612141652613,80.77571669477234,24.61155255086164,17.032040472175378,47.34487362208389,42.66441821247892,71.79000689776475,71.50084317032041,78.52111357895285,92.62711864406779,49.78687127024723,49.78687127024723,58.03478205597467,74.78920741989882,5.179595278246211,-7.57951207868626,-4.680455409604967,-0.2891637274443468,14.106005065114942,0.0,16.75442536392415
jos-calder-n,José Calderón,895.0,23643.0,True,17.024662731871835,11.298482293423271,86.6511402663337,96.3743676222597,82.62122505439397,95.36256323777403,12.8318504641494,9.780775716694773,16.9984408704377,5.932203389830509,34.44160272804774,34.44160272804774,43.270607145215024,32.715008431703204,-5.726180438448564,9.723227355926,12.741338183380051,-3.051074747454626,-11.066237480607192,0.0,-10.55559871351182
jrue-holiday,Jrue Holiday,1090.0,35720.0,True,58.74093591905565,59.527824620573355,58.21720409655165,61.55143338954469,80.57366832593239,93.929173693086,35.85318904345032,36.930860033726816,69.1029609765916,79.91525423728814,87.97953964194373,87.97953964194373,66.19295911640127,89.62900505902192,0.7868887015177037,3.3342292929930437,13.355505367153611,1.077670990276495,10.812293260696535,0.0,23.43604594262065
julius-erving,Julius Erving,836.0,28677.0,True,92.74430860033726,95.61551433389545,72.1626371605138,80.69139966273187,68.02937566868343,79.00505902192243,59.85308604724172,59.6964586846543,89.46546792451846,99.0677966101695,98.38022165387896,98.38022165387895,81.24242157246069,98.65092748735245,2.8712057335581846,8.528762502218072,10.975683353239006,-0.1566273625874146,9.602328685651031,-1.4210854715202004e-14,17.408505914891762
julius-randle,Julius Randle,789.0,25348.0,True,91.7689713322091,94.8566610455312,59.65952982144393,63.57504215851602,56.692094540356806,57.841483979763915,77.39057986681894,76.89713322091062,32.779257699835775,22.71186440677966,30.52003410059676,30.52003410059676,58.09915368112966,75.12647554806071,3.087689713322092,3.9155123370720872,1.1493894394071091,-0.4934466459083211,-10.067393293056114,0.0,17.027321866931054
junior-bridgeman,Junior Bridgeman,849.0,21257.0,True,72.8564502529511,78.33052276559864,41.878009408344845,39.46037099494098,58.45545354164275,61.214165261382796,40.41812599026704,41.06239460370995,32.211395715345674,22.033898305084747,31.798806479113384,31.798806479113384,47.61033462831547,47.048903878583474,5.474072512647538,-2.417638413403864,2.758711719740049,0.6442686134429039,-10.177497410260926,0.0,-0.561430749731997
justin-holiday,Justin Holiday,680.0,15717.0,True,17.314924114671165,11.720067453625632,37.88532519748643,34.654300168634066,39.33338711751512,31.197301854974704,22.405494042669787,21.163575042158516,58.18387479647426,62.96610169491525,10.230179028132993,10.230179028132993,32.732779042207646,7.588532883642496,-5.594856661045533,-3.2310250288523648,-8.13608526254042,-1.2419190005112704,4.782226898440996,0.0,-25.14424615856515
jusuf-nurki,Jusuf Nurkić,631.0,15430.0,True,71.58368465430017,76.81281618887016,47.58889436449037,47.13322091062395,50.95419586061241,49.07251264755481,96.23637446095532,97.72344013490725,85.71434367710343,97.28813559322033,86.44501278772378,86.44501278772378,70.97225795154225,94.2664418212479,5.229131534569987,-0.45567345386642444,-1.881683213057599,1.487065673951932,11.573791916116903,0.0,23.29418386970565
juwan-howard,Juwan Howard,1208.0,36654.0,True,68.46290050590218,73.01854974704891,30.49198525555809,23.9460370994941,38.21160700033808,29.763912310286678,66.35790583656213,65.59865092748736,34.586757170695975,25.593220338983052,26.08695652173913,26.08695652173913,43.46589738465475,33.473861720067454,4.555649241146725,-6.545948156063993,-8.4476946900514,-0.7592549090747696,-8.993536831712923,0.0,-9.992035664587299
k-c-jones,K.C. Jones,676.0,17501.0,True,9.27866779089376,4.0472175379426645,3.072448609302623,0.5059021922428331,64.66108547424069,72.59696458684654,21.163575042158516,19.983136593591905,91.56010230179028,99.23728813559322,83.12020460358056,83.12020460358056,45.803193154484624,40.3035413153457,-5.231450252951095,-2.56654641705979,7.935879112605846,-1.180438448566612,7.6771858338029375,0.0,-5.499651839138927
kareem-abdul-jabbar,Kareem Abdul-Jabbar,1560.0,57446.0,True,90.3210370994941,93.59190556492412,80.18115450334506,90.72512647554807,63.850858164448375,71.41652613827993,77.82817050054993,77.74030354131534,79.26851217943236,93.13559322033899,99.48849104859336,99.48849104859335,81.44657633010596,98.73524451939292,3.270868465430013,10.54397197220301,7.565667973831559,-0.08786695923458865,13.867081040906626,-1.4210854715202004e-14,17.288668189286966
karl-malone,Karl Malone,1476.0,54852.0,True,98.17348229342328,98.98819561551433,78.98504883105741,89.54468802698145,68.73239751131085,80.01686340640809,81.07617067495808,81.53456998313659,74.32435263353835,87.96610169491525,98.80647911338448,98.80647911338448,82.94057992819612,99.0725126475548,0.8147133220910519,10.559639195924035,11.284465895097242,0.4583993081785138,13.641749061376899,0.0,16.131932719358687
karl-anthony-towns,Karl-Anthony Towns,720.0,24294.0,True,93.0883220910624,95.95278246205734,96.2369008582221,99.91568296795953,65.2118798650401,73.86172006745363,90.25339964160123,91.06239460370995,49.51248076528505,49.57627118644068,87.6385336743393,87.6385336743393,78.88875010986062,97.72344013490725,2.864460370994948,3.6787821097374263,8.649840202413529,0.8089949621087129,0.06379042115563038,0.0,18.834690025046626
kawhi-leonard,Kawhi Leonard,798.0,25368.0,True,92.72154300168634,95.4468802698145,93.38570425829364,98.8195615514334,78.28101006998946,91.56829679595278,57.70582198884537,58.010118043844855,82.7917867913007,96.10169491525424,98.63597612958226,98.63597612958226,85.37764262401073,99.4097807757167,2.7253372681281576,5.433857293139752,13.287286725963313,0.3042960549994831,13.309908123953548,0.0,14.032138151705965
keith-bogans,Keith Bogans,671.0,14527.0,True,13.134907251264757,7.335581787521079,32.55080975320599,26.897133220910625,41.22683748912454,33.72681281618887,36.128620601246304,37.18381112984823,18.232022528129843,7.203389830508475,4.94458653026428,4.94458653026428,24.014386804214958,0.5059021922428331,-5.799325463743678,-5.653676532295364,-7.500024672935673,1.0551905286019263,-11.028632697621369,0.0,-23.508484611972126
keith-erickson,Keith Erickson,766.0,18841.0,True,24.150084317032043,18.802698145025296,14.498758369443792,5.480607082630692,52.71354514626384,51.264755480607086,50.70828103811611,51.433389544688026,46.747686498362576,45.25423728813559,61.38107416879795,61.38107416879795,39.88858331769622,21.33220910623946,-5.347386172006747,-9.0181512868131,-1.4487896656567543,0.7251085065719138,-1.4934492102269843,0.0,-18.556374211456756
keith-van-horn,Keith Van Horn,575.0,18150.0,True,83.65324620573357,88.7858347386172,61.28618494935449,66.10455311973018,35.11263785416074,25.632377740303543,68.96402586728578,68.46543001686341,37.877491829613454,31.271186440677965,27.706734867860188,27.706734867860188,52.63956763492828,62.39460370994941,5.132588532883631,4.818368170375692,-9.480260113857195,-0.498595850422376,-6.606305388935489,0.0,9.755036075021131
keldon-johnson,Keldon Johnson,452.0,12511.0,True,74.16821247892074,79.59527824620574,66.5575117170111,73.86172006745363,55.59184256296427,56.07082630691399,56.78410478564408,57.33558178752108,19.03435036876128,7.796610169491525,12.361466325660698,12.361466325660698,48.25852529638879,49.747048903878586,5.427065767285001,7.304208350442536,0.4789837439497262,0.5514770018769966,-11.237740199269755,0.0,1.488523607489796
kelly-olynyk,Kelly Olynyk,842.0,18360.0,True,48.38195615514334,48.735244519392914,89.61730212672921,97.80775716694772,59.057171660248805,62.14165261382799,66.38327902690529,65.68296795952783,62.79800570497036,70.0,67.34867860187553,67.34867860187553,65.05971356275704,88.27993254637437,0.3532883642495719,8.19045504021851,3.084480953579188,-0.7003110673774557,7.2019942950296425,0.0,23.22021898361733
kelly-oubre-jr,Kelly Oubre Jr.,705.0,19316.0,True,63.90851602023609,66.18887015177066,45.06757394377848,43.676222596964585,30.46173133282599,20.82630691399663,49.6263862370654,49.494097807757164,55.68537012511416,58.559322033898304,24.38192668371697,24.381926683716966,46.016382836052514,41.56829679595278,2.2803541315345655,-1.3913513468138916,-9.635424418829363,-0.13228842930823248,2.873951908784143,-3.552713678800501e-15,-4.4480860400997315
kelly-tripucka,Kelly Tripucka,707.0,20959.0,True,86.6245784148398,90.72512647554807,67.74655700418047,75.46374367622259,56.01246333118662,56.57672849915683,36.31820310833047,37.35244519392917,20.914297234985888,9.067796610169491,24.296675191815854,24.296675191815858,50.877861267601055,57.67284991568297,4.100548060708263,7.717186672042118,0.5642651679702055,1.0342420855986987,-11.846500624816397,3.552713678800501e-15,6.794988648081912
kelvin-cato,Kelvin Cato,541.0,10617.0,True,22.024451939291737,16.61045531197302,64.36711738700585,70.65767284991568,7.4253011241175475,2.1079258010118043,86.92857748706847,88.87015177065767,80.60069150614862,94.57627118644068,37.93691389599318,37.93691389599318,47.69664803319155,47.807757166947724,-5.413996627318717,6.290555462909836,-5.317375323105743,1.9415742835892047,13.975579680292057,0.0,0.11110913375617315
kelvin-ransey,Kelvin Ransey,474.0,11586.0,True,59.77487352445195,60.62394603709949,17.43040063010305,8.178752107925801,77.30937961185846,90.21922428330522,8.722511019470383,5.311973018549747,19.548440714166656,8.05084745762712,11.764705882352942,11.764705882352942,35.42192224243883,12.478920741989882,0.8490725126475454,-9.25164852217725,12.909844671446763,-3.4105380009206367,-11.497593256539536,0.0,-22.94300150044895
kemba-walker,Kemba Walker,750.0,24810.0,True,90.77023608768972,94.09780775716695,45.900285470841226,44.68802698145025,82.96501925355136,95.69983136593592,23.72687157029917,22.681281618887017,51.56300235622283,52.3728813559322,64.79113384484228,64.79113384484228,62.9005271231083,84.40134907251264,3.327571669477223,-1.212258489390976,12.73481211238456,-1.045589951412154,0.8098789997093689,0.0,21.500821949404347
ken-norman,Ken Norman,646.0,18992.0,True,60.49768128161889,61.55143338954469,36.41387206963258,32.79932546374368,37.81765036508131,29.258010118043845,65.31102988385953,64.75548060708263,44.24443211426176,40.76271186440678,12.446717817561808,12.446717817561808,42.84806176060072,31.112984822934234,1.0537521079258028,-3.614546605888904,-8.559640247037468,-0.555549276776901,-3.4817202498549804,0.0,-11.735076937666488
kendall-gill,Kendall Gill,966.0,29481.0,True,66.52782462057337,70.48903878583474,18.52092770151988,9.612141652613827,63.63650678983667,71.24789207419899,43.15795469771765,43.08600337268128,62.44986845590559,69.23728813559322,56.692242114237,56.692242114237,52.76891475242232,62.81618887015177,3.9612141652613673,-8.908786048906054,7.6113852843623135,-0.07195132503636614,6.7874196796876305,0.0,10.047274117729451
kendrick-perkins,Kendrick Perkins,782.0,17162.0,True,10.248735244519397,4.806070826306914,60.716732885808895,65.00843170320405,9.116283674762174,2.9510961214165263,83.05558264975193,84.2327150084317,72.45812316878094,85.2542372881356,38.87468030690537,38.87468030690537,43.08023268321904,31.618887015177066,-5.442664418212483,4.291698817395158,-6.165187553345648,1.1771323586797706,12.796114119354655,0.0,-11.461345668041972
kenneth-faried,Kenneth Faried,478.0,11728.0,True,63.54047217537943,65.43001686340641,76.51689293480442,86.00337268128162,39.78940282071228,31.70320404721754,95.705790494694,97.38617200674537,64.61795307052724,72.45762711864407,83.29070758738278,83.29070758738278,67.86017181141388,91.48397976391232,1.8895446880269802,9.486479746477201,-8.086198773494743,1.680381512051369,7.839674048116834,0.0,23.62380795249844
kenny-anderson,Kenny Anderson,858.0,25868.0,True,61.63553962900505,62.81618887015177,24.48654476688949,16.61045531197302,84.34159218463634,96.79595278246205,24.92071246040606,24.620573355817875,46.55988220206413,44.91525423728814,75.1918158567775,75.1918158567775,53.995718966496085,65.17706576728499,1.1806492411467175,-7.876089454916471,12.454360597825712,-0.3001391045881867,-1.6446279647759923,0.0,11.181346800788901
kenny-carr,Kenny Carr,674.0,17167.0,True,56.77740303541315,57.41989881956155,61.86898943363187,67.28499156829679,26.446428568038097,16.020236087689714,84.10876772906184,85.7504215851602,37.8161324998736,31.10169491525424,33.333333333333336,33.333333333333336,48.14690295890944,49.156829679595276,0.6424957841484016,5.416002134664922,-10.426192480348384,1.6416538560983582,-6.714437584619365,0.0,1.009926720685833
kenny-sears,Kenny Sears,529.0,14923.0,True,51.906197301854974,52.1079258010118,68.71411189617265,76.13827993254637,50.55087746725342,48.397976391231026,69.56155143338954,69.30860033726813,1.3640238704177323,0.1694915254237288,66.49616368286445,66.49616368286445,48.40268731756384,50.252951096121414,0.2017284991568289,7.424168036373715,-2.1529010760223954,-0.2529510961214072,-1.1945323449940035,0.0,1.8502637785575757
kenny-smith,Kenny Smith,737.0,22213.0,True,44.90556492411467,45.78414839797639,84.88546639890015,95.27824620573355,65.14679440245934,73.69308600337268,2.785417791349192,0.5902192242833052,22.42095693155696,10.254237288135593,14.83375959079284,14.83375959079284,42.76613772822773,30.354131534569984,0.8785834738617169,10.392779806833403,8.54629160091335,-2.195198567065887,-12.166719643421368,0.0,-12.41200619365775
kenny-thomas,Kenny Thomas,632.0,17306.0,True,35.17242833052276,33.55817875210793,35.38401815436048,31.197301854974704,25.766807183767583,15.177065767284992,81.84359016083785,82.88364249578414,54.88996692051577,57.45762711864407,30.690537084398976,30.690537084398976,41.7564270843526,26.72849915682968,-1.6142495784148352,-4.186716299385779,-10.58974141648259,1.0400523349462958,2.5676601981283014,0.0,-15.02792792752292
kent-bazemore,Kent Bazemore,657.0,13546.0,True,39.998946037099486,39.20741989881956,28.551944805258746,21.41652613827993,33.400380479345706,23.355817875210793,33.945614266121936,34.48566610455312,73.29399677048977,86.44067796610169,8.35464620630861,8.35464620630861,38.50217384854112,18.54974704890388,-0.7915261382799272,-7.135418666978815,-10.044562604134914,0.5400518384311823,13.146681195611919,0.0,-19.95242679963724
kent-benson,Kent Benson,680.0,15719.0,True,28.408305227655987,24.03035413153457,48.27679737825714,48.14502529510961,33.37975192851448,23.27150084317032,71.83714027914246,71.58516020236088,74.31280749738659,87.88135593220339,50.04262574595055,50.04262574595055,49.54105562524069,53.288364249578414,-4.377951096121418,-0.1317720831475313,-10.108251085344161,-0.2519800767815781,13.568548434816805,0.0,3.7473086243377267
kentavious-caldwell-pope,Kentavious Caldwell-Pope,963.0,28124.0,True,26.67348229342327,22.006745362563237,55.77299463450173,58.51602023608769,46.920034844836856,41.56829679595278,18.15375219932649,16.526138279932546,61.99551694336064,68.47457627118644,58.05626598465473,58.05626598465473,45.9622850424954,41.31534569983137,-4.666736930860033,2.7430256015859626,-5.351738048884073,-1.6276139193939443,6.479059327825794,0.0,-4.646939342664034
kenyon-martin,Kenyon Martin,757.0,23134.0,True,54.135750421585165,55.227655986509276,35.24331687918386,31.02866779089376,29.08594619272783,19.224283305227654,68.68242956729091,68.04384485666104,82.73057239432173,96.01694915254237,31.03154305200341,31.03154305200341,50.35344533271149,55.98650927487353,1.0919055649241116,-4.214649088290098,-9.861662887500177,-0.6385847106298712,13.28637675822064,0.0,5.633063942162039
kermit-washington,Kermit Washington,507.0,12815.0,True,30.712478920741987,27.234401349072513,72.96903648404714,81.95615514333896,32.82196618490949,22.84991568296796,92.49104899415784,94.43507588532884,58.13450145287928,62.54237288135593,59.249786871270246,59.249786871270246,54.5220579271445,66.61045531197301,-3.4780775716694734,8.987118659291824,-9.972050501941531,1.9440268911710064,4.407871428476653,0.0,12.088397384828511
kerry-kittles,Kerry Kittles,507.0,16929.0,True,53.08621416526138,53.6256323777403,52.2666815955003,53.37268128161889,67.0653712690538,77.31871838111299,34.36254132228652,35.413153456998316,64.31728795930331,72.11864406779661,69.0537084398977,69.0537084398977,57.89078741875896,74.45193929173693,0.5394182124789211,1.1059996861185866,10.253347112059188,1.0506121347117983,7.8013561084932945,0.0,16.561151872977973
kevin-duckworth,Kevin Duckworth,684.0,17462.0,True,64.90451096121417,68.21247892074199,27.641218961876977,20.48903878583474,11.031305844490555,4.0472175379426645,69.11794097682426,68.63406408094436,39.07989290317136,34.067796610169495,9.974424552429667,9.974424552429667,36.36186635516781,14.165261382799326,3.307967959527815,-7.152180176042236,-6.984088306547891,-0.48387689587990224,-5.012096293001868,0.0,-22.196604972368487
kevin-durant,Kevin Durant,1201.0,44077.0,True,98.43444350758854,99.24114671163575,96.38642682076603,100.0,73.54884184355572,86.17200674536257,43.579604775119954,43.59190556492411,60.97025144271734,67.28813559322033,91.8158567774936,91.81585677749361,79.44028651598832,98.06070826306915,0.80670320404721,3.613573179233967,12.623164901806845,0.01230078980415783,6.317884150502991,1.4210854715202004e-14,18.620421747080826
kevin-edwards,Kevin Edwards,604.0,15332.0,True,57.988406408094434,59.02192242833052,15.786490779173546,6.57672849915683,42.264654497369605,35.24451939291737,27.815195770274823,29.0893760539629,67.96347399602496,77.88135593220339,20.37510656436488,20.375106564364877,41.310817172669765,25.96964586846543,1.0335160202360854,-9.209762280016715,-7.020135104452237,1.2741802836880787,9.917881936178432,-3.552713678800501e-15,-15.341171304204334
kevin-gamble,Kevin Gamble,649.0,14508.0,True,43.65029510961215,43.76053962900506,77.4563860074914,87.2681281618887,67.08239373113167,77.40303541315346,22.91011495358104,21.838111298482293,51.39991825017568,52.03389830508475,62.57459505541347,62.57459505541347,55.88015542751655,69.81450252951096,0.11024451939290714,9.811742154397294,10.320641682021787,-1.0720036550987473,0.6339800549090668,0.0,13.934347101994412
kevin-garnett,Kevin Garnett,1462.0,50418.0,True,85.06028667790895,89.88195615514334,65.97841775589458,72.84991568296796,76.56318397066545,89.46037099494097,83.53099829527835,85.1602023608769,88.6280317733185,98.64406779661017,99.40323955669224,99.40323955669224,82.58534416218397,98.98819561551433,4.821669477234394,6.871497927073378,12.897187024275524,1.6292040655985431,10.016036023291676,0.0,16.402851453330356
kevin-grevey,Kevin Grevey,672.0,15246.0,True,65.1787521079258,68.54974704890388,23.508822708915293,15.345699831365936,47.76375868321474,43.76053962900506,24.77832238894924,24.198988195615513,25.877221710560978,14.152542372881356,18.414322250639387,18.414322250639387,36.12791676895675,13.827993254637438,3.370994940978079,-8.163122877549357,-4.00321905420968,-0.5793341933337253,-11.724679337679621,0.0,-22.299923514319314
kevin-huerter,Kevin Huerter,551.0,15115.0,True,33.21859190556492,31.534569983136592,59.33801201905359,63.069139966273184,67.27166523113047,77.65598650927487,27.63247859342253,28.920741989881957,49.54147072733706,49.66101694915254,50.89514066496164,50.89514066496164,49.11400867369272,52.27655986509275,-1.6840219224283288,3.7311279472195906,10.384321278144398,1.2882633964594277,0.11954622181548302,0.0,3.162551191400027
kevin-johnson,Kevin Johnson,735.0,25061.0,True,76.65725126475549,81.53456998313659,81.61162274704571,92.07419898819562,86.36484847275995,97.72344013490725,15.591350907572007,12.731871838111298,44.02660097472774,40.25423728813559,86.18925831202046,86.18925831202046,67.64517698487948,91.14671163575042,4.877318718381105,10.462576241149904,11.358591662147305,-2.8594790694607095,-3.7723636865921506,0.0,23.501534650870937
kevin-kunnert,Kevin Kunnert,555.0,12104.0,True,26.99093591905565,22.4283305227656,25.539243589652365,18.128161888701516,25.19648677599949,14.33389544688027,93.79219402457257,95.61551433389545,59.07997022553838,64.57627118644068,42.54049445865303,42.54049445865303,41.937759819234415,27.655986509274875,-4.562605396290053,-7.411081700950849,-10.862591329119219,1.823320309322881,5.496300960902296,0.0,-14.28177330995954
kevin-loughery,Kevin Loughery,755.0,22208.0,True,62.67242833052276,64.16526138279933,16.073607227309708,7.082630691399663,47.73143301240277,43.676222596964585,6.272413150451043,3.204047217537943,40.2387041773231,35.16949152542373,21.057118499573743,21.057118499573743,35.56844812295724,13.069139966273188,1.4928330522765663,-8.990976535910045,-4.055210415438182,-3.0683659329131,-5.06921265189937,0.0,-22.499308156684055
kevin-love,Kevin Love,989.0,28118.0,True,87.29827150084317,91.2310286677909,75.35620073747222,84.73861720067454,66.32045291845887,75.54806070826307,90.64447083278634,91.73693086003372,38.03966451115321,31.610169491525422,89.25831202046035,89.25831202046035,72.13692642067159,95.19392917369309,3.9327571669477237,9.382416463202318,9.227607789804196,1.092460027247384,-6.42949501962779,0.0,23.057002753021507
kevin-martin,Kevin Martin,714.0,21559.0,True,89.51159359190558,93.00168634064082,80.04189839904157,90.47217537942664,59.53602432504011,63.15345699831366,22.32261429481997,20.9106239460371,15.23890660400879,4.576271186440678,57.6300085251492,57.630008525149194,56.19805178136882,70.57335581787521,3.4900927487352362,10.430276980385074,3.617432673273548,-1.4119903487828722,-10.662635417568112,-7.105427357601002e-15,14.375304036506392
kevin-mchale,Kevin McHale,971.0,30118.0,True,82.41884485666105,87.01517706576729,85.92272825678234,96.0370994940978,48.43960073815183,44.8566610455312,72.50815254202706,72.34401349072513,48.44839502093944,48.30508474576271,81.15942028985508,81.15942028985508,68.92854495065153,92.49578414839797,4.596332209106237,10.114371237315467,-3.5829396926206343,-0.1641390513019303,-0.14331027517672368,0.0,23.567239197746446
kevin-ollie,Kevin Ollie,662.0,10297.0,True,17.525716694772346,11.97301854974705,20.3046363355417,11.720067453625632,56.22636156402936,57.082630691399665,17.405234158470005,15.261382799325464,37.333290752591424,29.915254237288135,13.640238704177325,13.640238704177323,28.416362923098838,2.782462057335582,-5.552698145025296,-8.58456888191607,0.8562691273703038,-2.1438513591445414,-7.418036515303289,-1.7763568394002505e-15,-25.633900865763255
kevin-porter,Kevin Porter,659.0,19107.0,True,30.37373524451939,26.81281618887015,48.371423533744654,48.65092748735245,73.1834386906763,86.08768971332209,5.882301236141695,2.9510961214165263,40.663304251083616,35.932203389830505,51.40664961636829,51.406649616368284,43.64482242752097,34.232715008431704,-3.56091905564924,0.2795039536077937,12.904251022645795,-2.9312051147251683,-4.731100861253111,-7.105427357601002e-15,-9.412107419089267
kevin-restani,Kevin Restani,550.0,10114.0,True,12.17664418212479,6.492411467116358,38.9429122511239,35.919055649241145,37.04425677056318,28.33052276559865,63.98723866849281,63.40640809443508,28.709651744508182,17.627118644067796,18.92583120204604,18.925831202046037,31.12859688169823,5.649241146711636,-5.684232715008432,-3.0238566018827555,-8.713734004964529,-0.5808305740577282,-11.082533100440386,-3.552713678800501e-15,-25.479355734986594
kevin-willis,Kevin Willis,1424.0,38362.0,True,64.58663575042158,67.79089376053963,42.08404062462924,39.713322091062395,26.57214139526416,16.188870151770658,94.02214636429616,96.0370994940978,36.44866952239113,28.135593220338983,28.729752770673485,28.729752770673485,46.316015810435374,42.49578414839797,3.2042580101180533,-2.370718533566844,-10.383271243493503,2.01495312980164,-8.313076302052146,0.0,-3.8202316620374006
kevon-looney,Kevon Looney,620.0,10617.0,True,7.313870151770659,3.0354131534569984,71.07222135229216,79.34232715008432,62.15440567769257,68.97133220910624,94.30351532156166,96.45868465430017,68.55648172363694,79.15254237288136,68.71270247229326,68.71270247229326,58.33294718300233,75.88532883642496,-4.27845699831366,8.270105797792155,6.816926531413664,2.1551693327385095,10.596060649244421,0.0,17.55238165342263
keyon-dooling,Keyon Dooling,728.0,14134.0,True,40.33368465430017,39.88195615514334,33.80656914537522,28.499156829679595,66.61080113999081,76.22259696458684,3.189812033161117,0.7588532883642496,36.64716064016604,28.47457627118644,51.74765558397272,51.74765558397272,40.79215947757736,23.861720067453625,-0.4517284991568289,-5.307412315695625,9.61179582459603,-2.4309587447968672,-8.172584368979603,0.0,-16.930439410123732
khris-middleton,Khris Middleton,839.0,25262.0,True,71.90408937605397,77.06576728499157,75.68038947128039,85.24451939291737,65.57020970294168,74.78920741989882,37.72810908284123,38.53288364249578,34.10016515027727,25.084745762711865,29.07075873827792,29.07075873827792,54.51196263999207,66.52613827993255,5.161677908937591,9.564129921636976,9.218997716957134,0.8047745596545539,-9.015419387565405,0.0,12.014175639940483
kiki-vandeweghe,Kiki Vandeweghe,810.0,24521.0,True,89.0543844856661,92.66441821247892,92.047798217142,98.65092748735245,62.14211980660066,68.88701517706576,27.160935114137796,27.993254637436763,12.358384686206184,2.7966101694915255,65.9846547314578,65.9846547314578,59.79656565437941,78.41483979763912,3.6100337268128158,6.603129270210445,6.744895370465102,0.8323195232989669,-9.561774516714658,0.0,18.61827414325971
kirk-hinrich,Kirk Hinrich,879.0,27015.0,True,30.785413153457,27.318718381112983,33.90340843614907,28.752107925801013,59.44696784133308,62.90050590219224,13.53873032472133,10.961214165261383,62.68994568975986,69.7457627118644,49.61636828644501,49.61636828644501,43.61791590135598,34.14839797639123,-3.4666947723440167,-5.151300510348058,3.4535380608591666,-2.5775161594599467,7.0558170221045415,0.0,-9.469517924964748
klay-thompson,Klay Thompson,934.0,29306.0,True,69.20257166947724,74.11467116357504,75.9535328041158,85.41315345699832,62.19123352830722,69.05564924114671,18.250264265027653,16.779089376053964,33.440734160864345,23.89830508474576,55.32821824381927,55.328218243819265,54.780306316647966,67.36930860033726,4.912099494097802,9.45962065288252,6.864415712839488,-1.4711748889736889,-9.542429076118584,-7.105427357601002e-15,12.589002283689297
kobe-bryant,Kobe Bryant,1346.0,48637.0,True,99.1254215851602,99.74704890387858,65.79363803246707,72.42833052276559,80.21290908070897,93.67622259696459,43.4821889594688,43.42327150084317,43.47336634039313,39.40677966101695,93.26513213981244,93.26513213981245,71.95735874510126,95.02529510961214,0.6216273187183816,6.634692490298519,13.463313516255624,-0.05891745862562914,-4.066586679376179,1.4210854715202004e-14,23.067936364510885
kosta-koufos,Kosta Koufos,686.0,11271.0,True,21.346121416526135,15.935919055649242,53.522060156854366,55.227655986509276,20.97083857410239,10.03372681281619,93.32604504803786,95.27824620573355,64.62100265584382,72.62711864406779,39.045183290707584,39.045183290707584,45.672481060335706,39.96627318718381,-5.410202360876893,1.7055958296549107,-10.937111761286202,1.952201157695697,8.006115988223968,0.0,-5.706207873151897
kris-dunn,Kris Dunn,489.0,11727.0,True,12.824198988195617,6.829679595278246,28.19447260500029,20.741989881956155,56.45360183637464,57.50421585160203,35.41953662075154,36.00337268128162,73.78755577918614,87.20338983050847,34.86786018755328,34.86786018755328,40.98521682342244,24.536256323777405,-5.994519392917371,-7.452482723044135,1.0506140152273886,0.583836060530075,13.415834051322335,0.0,-16.448960499645036
kris-humphries,Kris Humphries,800.0,14232.0,True,49.97175379426644,50.33726812816189,28.75686546343292,21.838111298482293,22.75675123529785,11.551433389544687,94.01485628668397,95.95278246205734,61.622296479227856,68.05084745762711,41.43222506393862,41.43222506393862,47.056171354203926,45.27824620573356,0.3655143338954474,-6.918754164950627,-11.20531784575316,1.9379261753733772,6.428550978399258,0.0,-1.7779251484703664
kristaps-porzi-is,Kristaps Porziņģis,533.0,16175.0,True,94.4093591905565,96.964586846543,75.05937690264815,84.40134907251264,52.92704631493498,51.68634064080944,71.78766684119657,71.33220910623946,68.42577726952996,78.89830508474576,82.6086956521739,82.6086956521739,74.29446240255137,95.95278246205734,2.5552276559864993,9.34197216986449,-1.240705674125536,-0.4554577349571076,10.472527815215798,0.0,21.658320059505968
kurt-nimphius,Kurt Nimphius,564.0,11441.0,True,17.684865092748733,12.141652613827993,33.67284735782715,28.33052276559865,26.6528039129732,16.441821247892076,67.79844029309282,66.86340640809443,60.824317050888936,67.11864406779661,27.45098039215686,27.45098039215686,37.38517224118752,16.441821247892076,-5.54321247892074,-5.3423245922285005,-10.210982665081126,-0.9350338849983899,6.294327016907673,0.0,-20.943350993295443
kurt-rambis,Kurt Rambis,880.0,16299.0,True,12.08368465430017,6.323777403035413,71.58448322200972,79.93254637436762,32.154477643645926,22.006745362563237,89.40630390044244,90.55649241146712,72.80747778049736,85.67796610169492,71.18499573742541,71.18499573742541,54.64888177687641,66.77908937605396,-5.759907251264757,8.348063152357895,-10.147732281082689,1.1501885110246803,12.870488321197556,0.0,12.130207599177552
kurt-thomas,Kurt Thomas,1110.0,27160.0,True,24.32799325463744,19.05564924114671,43.38967620562467,41.48397976391231,24.137792458669686,13.322091062394604,83.66103049367412,85.32883642495784,72.30530467168944,85.08474576271186,59.59079283887468,59.59079283887468,48.31076917992223,49.915682967959526,-5.272344013490731,-1.905696441712358,-10.815701396275083,1.6678059312837235,12.77944109102242,0.0,1.604913788037294
kwame-brown,Kwame Brown,607.0,13389.0,True,32.99704890387859,31.112984822934234,40.20810547483813,37.85834738617201,9.740701706960568,3.372681281618887,81.37930026486504,82.1247892074199,59.73150723001105,65.33898305084746,6.3938618925831205,6.3938618925831205,36.944494402811245,15.51433389544688,-1.8840640809443592,-2.349758088666121,-6.3680204253416814,0.7454889425548572,5.607475820836413,0.0,-21.430160507364363
kyle-anderson,Kyle Anderson,757.0,16177.0,True,13.610033726812816,7.672849915682968,47.84342555484645,47.55480607082631,57.17463872364301,58.93760539629005,55.66789571250701,56.07082630691399,87.80080246217294,98.38983050847457,79.71014492753623,79.71014492753623,55.79141742295588,69.30860033726813,-5.937183811129848,-0.2886194840201384,1.762966672647046,0.40293059440698187,10.589028046301635,0.0,13.51718291431225
kyle-korver,Kyle Korver,1232.0,31183.0,True,26.41336424957841,21.838111298482293,84.36186772356703,94.68802698145025,56.177618227564935,56.91399662731872,22.726794727970788,21.500843170320405,47.82887340805093,46.86440677966102,63.42710997442455,63.42710997442455,51.09452829571387,58.26306913996628,-4.575252951096118,10.32615925788322,0.7363783997537823,-1.225951557650383,-0.9644666283899141,0.0,7.168540844252405
kyle-kuzma,Kyle Kuzma,610.0,18661.0,True,72.51264755480608,77.90893760539629,45.20318021746961,43.92917369308601,44.40239719247143,37.52107925801012,53.77357653763959,54.13153456998314,37.73649287507285,30.593220338983052,17.391304347826086,17.391304347826086,46.172883643173854,41.989881956155145,5.39629005059021,-1.2740065243836014,-6.881317934461315,0.3579580323435465,-7.143272536089796,0.0,-4.1830016870187094
kyle-lowry,Kyle Lowry,1187.0,36798.0,True,60.5345699831366,61.804384485666105,71.27323297437641,79.67959527824621,78.06823080877655,91.14671163575042,36.51170368500374,37.52107925801012,59.73967070587493,65.42372881355932,76.38533674339301,76.38533674339301,65.08206096605329,88.36424957841484,1.2698145025295062,8.406362303869798,13.078480826973873,1.0093755730063805,5.684058107684393,0.0,23.28218861236155
kyle-macy,Kyle Macy,551.0,14246.0,True,19.14671163575042,13.57504215851602,76.86755162542657,86.59359190556492,78.15116299060809,91.31534569983137,12.703676204577269,9.359190556492411,50.2061866802362,50.67796610169491,79.79539641943734,79.79539641943734,53.88021281218822,64.8397976391231,-5.571669477234401,9.72604028013835,13.164182709223283,-3.3444856480848575,0.471779421458713,0.0,10.959584826934886
kyrie-irving,Kyrie Irving,779.0,26879.0,True,91.26159359190557,94.2664418212479,86.00665987577145,96.12141652613828,88.19869992718499,99.24114671163575,29.11820163623161,30.354131534569984,45.550677403993326,42.88135593220339,91.56010230179028,91.56010230179028,74.13744394625795,95.86846543001687,3.004848229342329,10.114756650366829,11.04244678445076,1.235929898338373,-2.669321471789935,0.0,21.731021483758923
lamarcus-aldridge,LaMarcus Aldridge,1076.0,36242.0,True,89.83241989881955,93.25463743676222,57.71941721770618,60.70826306913997,58.02669221293668,60.70826306913997,77.61374074282165,77.31871838111299,63.77888949836516,71.1864406779661,90.11082693947144,90.11082693947144,71.87096599177758,94.8566610455312,3.4222175379426716,2.988845851433787,2.6815708562032867,-0.2950223617086607,7.407551179600944,0.0,22.985695053753616
laphonso-ellis,LaPhonso Ellis,624.0,17616.0,True,60.82335581787521,62.05733558178752,33.504673718392525,27.740303541315345,31.717260068716698,21.58516020236088,73.81915865237353,73.35581787521079,46.26642912037956,44.152542372881356,13.81074168797954,13.81074168797954,42.773366855707074,30.522765598650928,1.2339797639123091,-5.764370177077179,-10.13209986635582,-0.4633407771627418,-2.1138867474982064,0.0,-12.250601257056147
lasalle-thompson,LaSalle Thompson,985.0,21238.0,True,29.31365935919056,25.632377740303543,47.51341097231258,46.964586846543,22.452298243859225,11.382799325463743,91.89752165594189,93.76053962900505,73.20082986269836,86.1864406779661,57.28900255754476,57.289002557544755,50.47998062243114,56.74536256323778,-3.6812816188870165,-0.5488241257695776,-11.069498918395482,1.8630179730631653,12.985610815267748,-7.105427357601002e-15,6.265381940806634
lamar-odom,Lamar Odom,961.0,32131.0,True,53.49683811129848,53.96290050590219,55.96397506325164,58.68465430016863,61.99585375459529,68.29679595278246,75.581301345405,75.37942664418212,71.3049634801207,83.8135593220339,86.70076726342711,86.70076726342711,65.83376972732647,89.46037099494097,0.4660623946037106,2.720679236916993,6.3009421981871725,-0.2018747012228772,12.508595841913191,0.0,23.626601267614504
lamond-murray,Lamond Murray,736.0,18477.0,True,69.11867622259697,73.94603709949409,32.11480347255354,26.30691399662732,29.66382937607863,19.898819561551434,54.33338152909592,54.89038785834739,57.34018233949725,61.52542372881356,28.303495311167943,28.303495311167946,45.93790255273538,41.14671163575042,4.827360876897117,-5.8078894759262205,-9.765009814527197,0.5570063292514718,4.18524138931631,3.552713678800501e-15,-4.791190916984959
lance-stephenson,Lance Stephenson,554.0,12680.0,True,35.438237774030355,33.97976391231029,30.965067977809426,24.283305227655987,46.74237506235379,41.231028667790895,49.25472943965657,48.988195615514336,48.336962794182,47.96610169491525,25.49019607843137,25.49019607843137,39.35530292262403,20.236087689713322,-1.4584738617200657,-6.681762750153439,-5.511346394562892,-0.26653382414223614,-0.3708610992667474,0.0,-19.119215232910705
larry-bird,Larry Bird,897.0,34443.0,True,88.4260118043845,92.32715008431703,82.48972541467242,93.00168634064082,84.77106213205539,97.04890387858347,72.07188680317005,72.09106239460371,81.1459155605194,94.91525423728814,100.0,100.0,85.08887534572465,99.24114671163575,3.9011382799325247,10.511960925968395,12.277841746528082,0.019175591433665318,13.76933867676874,0.0,14.152271365911105
larry-costello,Larry Costello,706.0,21198.0,True,27.49114671163575,22.93423271500843,57.347926939469616,60.45531197301855,77.49631435704025,90.55649241146712,18.802698145025296,17.200674536256322,60.52855924978687,66.52542372881356,82.26768968456948,82.26768968456948,54.95632603830084,67.53794266441821,-4.556913996627319,3.107385033548937,13.06017805442687,-1.6020236087689739,5.996864479026691,0.0,12.581616626117373
larry-drew,Larry Drew,714.0,18370.0,True,49.57293423271501,49.66273187183811,33.637999087749904,28.246205733558178,57.2361109339312,59.02192242833052,3.545345366008254,0.8431703204047217,36.28052366326762,27.88135593220339,11.508951406649617,11.508951406649617,35.45400108642769,12.731871838111298,0.08979763912309835,-5.3917933541917265,1.7858114943993186,-2.7021750456035325,-8.399167731064232,0.0,-22.722129248316392
larry-foust,Larry Foust,749.0,21890.0,True,66.82693929173695,70.9106239460371,46.589204099396845,45.61551433389545,55.21089237474772,55.39629005059022,92.49578414839796,94.5193929173693,0.8525149190110827,0.0847457627118644,57.7152600170503,57.7152600170503,49.363525645379205,52.78246205733558,4.083684654300157,-0.9736897655013976,0.1853976758424949,2.023608768971343,-0.7677691562992183,0.0,3.4189364119563734
larry-hughes,Larry Hughes,727.0,22368.0,True,79.27171163575042,83.72681281618887,15.080821760925884,6.155143338954469,49.7052387333466,47.048903878583474,42.085307197016746,42.07419898819562,58.488487324049466,63.559322033898304,25.06393861892583,25.06393861892583,47.01611965017077,44.94097807757167,4.455101180438447,-8.925678421971416,-2.6563348547631236,-0.011108208821127619,5.070834709848839,0.0,-2.075141572599101
larry-johnson,Larry Johnson,711.0,25723.0,True,64.51391231028668,67.62225969645868,69.59652097550939,77.57166947723441,67.01005258926521,77.15008431703204,67.84721805089112,66.94772344013491,29.647501242502507,18.47457627118644,67.94543904518329,67.94543904518329,59.71805811866058,78.16188870151771,3.1083473861719995,7.975148501725016,10.140031727766825,-0.8994946107562072,-11.172924971316068,0.0,18.44383058285713
larry-kenon,Larry Kenon,503.0,15517.0,True,70.14818718381115,75.37942664418212,48.31121979007112,48.397976391231026,53.39852461197985,52.529510961214164,73.35883082957989,72.93423271500843,44.91690287057939,42.03389830508475,82.94970161977835,82.94970161977835,60.22165895902325,79.25801011804384,5.231239460370972,0.08675660115990524,-0.8690136507656874,-0.42459811457145236,-2.8830045654946446,0.0,19.03635115902059
larry-nance,Larry Nance,920.0,30697.0,True,70.27255480607083,75.46374367622259,79.4041090801995,89.88195615514334,65.30403167722073,74.03035413153457,73.30122543144755,72.84991568296796,79.34881305651358,93.22033898305085,97.44245524296676,97.44245524296676,76.82309903695503,97.13322091062395,5.191188870151763,10.477847074943838,8.72632245431383,-0.4513097484795878,13.871525926537274,0.0,20.31012187366892
larry-nance-jr,Larry Nance Jr.,581.0,13036.0,True,12.124578414839798,6.408094435075886,82.77868419614721,93.42327150084317,44.038597192913485,37.18381112984823,78.70843127905451,78.49915682967959,81.87035780641969,95.50847457627118,56.94799658994032,56.947996589940324,57.57846271822549,73.86172006745363,-5.716483979763912,10.64458730469596,-6.854786063065255,-0.20927444937491657,13.638116769851493,7.105427357601002e-15,16.283257349228144
larry-siegfried,Larry Siegfried,550.0,13632.0,True,38.71479763912311,38.11129848229342,28.38227516051069,21.079258010118043,46.69271630985464,41.14671163575042,11.538545358354902,8.431703204047217,87.04177323103154,97.88135593220339,55.49872122762148,55.49872122762148,47.368687267052856,46.290050590219224,-0.6034991568296917,-7.303017150392648,-5.546004674104218,-3.106842154307685,10.83958270117185,0.0,-1.0786366768336322
larry-smith,Larry Smith,883.0,22879.0,True,5.963954468802699,2.360876897133221,52.6281857714437,54.047217537942664,21.11380369339652,10.539629005059021,95.10954813823396,96.964586846543,43.87035953320208,40.0,36.0613810741688,36.0613810741688,38.095209903599546,17.706576728499158,-3.6030775716694783,1.4190317664989678,-10.574174688337498,1.8550387083090385,-3.870359533202077,0.0,-20.388633175100388
larry-steele,Larry Steele,610.0,14777.0,True,14.410413153457,8.937605396290051,54.27734509149976,56.40809443507589,57.59807010806559,59.78077571669477,25.833845861080604,26.138279932546375,67.95059042647571,77.79661016949153,84.5694799658994,84.5694799658994,50.73920906271819,57.41989881956155,-5.472807757166949,2.1307493435761273,2.1827056086291776,0.30443407146577073,9.846019743015816,0.0,6.680689756843364
latrell-sprewell,Latrell Sprewell,913.0,35270.0,True,78.13322091062395,82.88364249578414,37.06678868204197,33.473861720067454,64.67795280868708,72.68128161888701,24.919272157721128,24.536256323777405,47.1331096411208,45.67796610169491,57.37425404944587,57.37425404944587,53.72936745191609,64.58684654300168,4.750421585160197,-3.592926961974513,8.003328810199932,-0.3830158339437233,-1.4551435394258831,0.0,10.857479091085594
lauri-markkanen,Lauri Markkanen,492.0,15401.0,True,83.52255480607081,88.61720067453625,84.67751408097863,95.02529510961214,45.39185872382463,38.87015177065767,64.47932628857058,64.08094435075886,38.81041011037675,33.220338983050844,53.452685421994886,53.452685421994886,61.86552188042332,82.46205733558179,5.0946458684654345,10.34778102863352,-6.521706953166962,-0.3983819378117204,-5.590071127325906,0.0,20.596535455158467
lebron-james,LeBron James,1622.0,61030.0,True,98.83579258010118,99.6627318718381,85.4921646410957,95.69983136593592,87.86066081184035,99.0725126475548,55.70699337449464,56.323777403035415,78.25541708441786,92.20338983050847,99.65899403239555,99.65899403239557,85.92494901312764,99.83136593591905,0.8269392917369203,10.207666724840223,11.211851835714455,0.6167840285407777,13.947972746090613,1.4210854715202004e-14,13.906416922791408
leandro-barbosa,Leandro Barbosa,850.0,18386.0,True,63.18781618887016,64.75548060708263,78.21315677019885,88.27993254637437,67.17406254860126,77.57166947723441,14.449083926425391,11.382799325463743,28.277859980296878,16.779661016949152,36.31713554987212,36.31713554987212,50.88280182272483,57.75716694772344,1.5676644182124733,10.066775776175518,10.397606928633152,-3.066284600961648,-11.498198963347726,0.0,6.8743651249986115
lee-mayberry,Lee Mayberry,496.0,10337.0,True,4.31070826306914,1.2647554806070826,34.40553734237381,29.763912310286678,59.92273958517581,64.2495784148398,3.782638809248716,1.1804384485666104,23.04952780418717,11.016949152542374,4.092071611253197,4.092071611253197,23.400743802900493,0.25295109612141653,-3.045952782462057,-4.641625032087134,4.326838829663991,-2.6022003606821054,-12.032578651644798,0.0,-23.147792706779075
len-chappell,Len Chappell,591.0,10596.0,True,65.8024873524452,69.64586846543001,37.64986136904296,34.401349072512645,39.046190547142565,30.860033726812816,72.67898957835472,72.51264755480607,32.05456095481671,21.694915254237287,69.90622335890878,69.90622335890878,50.44533306554571,56.492411467116355,3.843381112984815,-3.248512296530315,-8.18615682032975,-0.16634202354865124,-10.35964570057942,0.0,6.047078401570644
lenny-wilkens,Lenny Wilkens,1077.0,38064.0,True,53.00168634064081,53.288364249578414,43.15454209092009,41.06239460370995,73.15657311373303,85.91905564924114,25.08112596512974,24.957841483979763,51.5038524039727,52.20338983050848,83.80221653878942,83.80221653878942,55.78392594483546,69.22428330522766,0.28667790893760525,-2.0921474872101413,12.762482535508113,-0.1232844811499767,0.6995374265357768,0.0,13.440357360392198
leon-douglas,Leon Douglas,456.0,10111.0,True,29.83052276559865,26.30691399662732,51.07013865352082,51.68634064080944,10.051580133340869,3.6256323777403034,83.8697822756684,85.49747048903879,36.44099997219406,28.050847457627118,4.774083546462063,4.774083546462063,33.70704234691121,9.190556492411467,-3.5236087689713322,0.6162019872886191,-6.425947755600565,1.6276882133703907,-8.390152514566939,0.0,-24.51648585449974
leroy-ellis,Leroy Ellis,1048.0,27520.0,True,18.54658516020236,12.816188870151771,23.13922034613861,14.839797639123104,38.889804188737045,30.607082630691398,81.04238511485697,81.36593591905564,52.25427487138203,53.644067796610166,65.72890025575448,65.72890025575448,42.70824839418134,29.84822934232715,-5.730396290050587,-8.299422707015507,-8.282721558045647,0.32355080419867477,1.3897929252281358,0.0,-12.860019051854188
lester-conner,Lester Conner,687.0,14970.0,True,15.252951096121418,9.865092748735245,23.769446503388835,15.767284991568296,60.14856996164664,64.50252951096121,35.30219476074659,35.919055649241145,58.72003101322579,63.898305084745765,52.85592497868713,52.85592497868713,40.74211970757698,23.524451939291737,-5.387858347386173,-8.002161511820539,4.353959549314567,0.616860888494557,5.178274071519972,0.0,-17.217667768285246
lindsey-hunter,Lindsey Hunter,937.0,23253.0,True,32.89059865092749,30.94435075885329,17.579782017265995,8.431703204047217,57.28389894086887,59.19055649241147,15.80126723849737,13.15345699831366,53.99222864593968,56.101694915254235,29.923273657289,29.923273657289002,36.550803035613946,14.75548060708263,-1.9462478920741972,-9.148078813218778,1.9066575515425939,-2.647810240183711,2.1094662693145523,3.552713678800501e-15,-21.795322428531314
lionel-hollins,Lionel Hollins,673.0,18453.0,True,48.16926644182125,48.566610455311974,14.668869001724769,5.81787521079258,54.039731682940086,53.87858347386172,11.033718092259711,7.335581787521079,59.62661734272304,65.08474576271186,41.2617220801364,41.2617220801364,40.65559776065422,23.440134907251263,0.39734401349072357,-8.85099379093219,-0.16114820907836958,-3.6981363047386324,5.4581284199888245,0.0,-17.215462853402954
lionel-simmons,Lionel Simmons,454.0,13472.0,True,64.35645025295109,67.36930860033726,16.477405509184763,7.335581787521079,45.89469917111271,40.21922428330523,63.92450668802438,63.322091062394605,71.84680018270559,84.66101694915254,35.72037510656436,35.72037510656436,50.00195277121363,54.72175379426644,3.012858347386171,-9.141823721663684,-5.675474887807482,-0.6024156256297744,12.814216766446947,0.0,4.71980102305281
lloyd-neal,Lloyd Neal,435.0,11015.0,True,46.37268128161888,47.30185497470489,60.37127362596443,64.50252951096121,22.819996372435927,11.720067453625632,80.375386923394,80.86003372681282,64.21143108990995,72.03389830508475,52.42966751918159,52.429667519181585,52.60867181606371,62.31028667790894,0.9291736930860068,4.131255884996783,-11.099928918810296,0.48464680341881206,7.822467215174797,-7.105427357601002e-15,9.70161486184523
lonnie-shelton,Lonnie Shelton,673.0,18530.0,True,44.47470489038786,45.36256323777403,41.43198126134611,39.20741989881956,39.81760811897469,31.78752107925801,66.71688167259103,65.93591905564924,77.22265323426808,91.61016949152543,76.81159420289855,76.81159420289855,56.3392355064023,71.07925801011804,0.887858347386171,-2.2245613625265506,-8.03008703971668,-0.7809626169417925,14.387516257257346,0.0,14.740022503715743
lorenzen-wright,Lorenzen Wright,778.0,18535.0,True,35.33600337268128,33.81112984822934,14.346638052173857,5.311973018549747,14.524223391761812,6.323777403035413,86.77510515299929,88.61720067453625,50.58487812056865,51.355932203389834,5.967604433077579,5.967604433077579,32.297943998088805,7.335581787521079,-1.524873524451941,-9.03466503362411,-8.200445988726399,1.8420955215369617,0.7710540828211805,0.0,-24.962362210567726
lou-hudson,Lou Hudson,890.0,29794.0,True,78.74662731871838,83.55817875210792,70.00769051972972,77.99325463743676,60.31064794816497,65.00843170320405,25.70574594075005,25.885328836424957,32.00494962770361,21.610169491525422,62.8303495311168,62.830349531116795,56.788816823984966,71.83811129848229,4.811551433389539,7.985564117707042,4.697783755039083,0.17958289567490837,-10.394780136178188,-7.105427357601002e-15,15.049294474497323
lou-williams,Lou Williams,1123.0,27104.0,True,92.3031197301855,95.10961214165262,54.91434141144477,57.33558178752108,82.72252976249965,95.4468802698145,13.123010964706229,10.286677908937605,25.8963219020148,14.23728813559322,60.01705029838022,60.01705029838022,57.894743079325536,74.53625632377741,2.8064924114671186,2.4212403760763124,12.724350507314853,-2.8363330557686233,-11.659033766421581,0.0,16.641513244451872
louis-orr,Louis Orr,569.0,13353.0,True,50.79932546374368,51.011804384485664,34.24781580134086,29.42664418212479,40.74985920933537,33.05227655986509,50.39511181627582,51.09612141652614,47.53191228447734,46.101694915254235,47.3998294970162,47.3998294970162,44.85629277437207,37.268128161888704,0.2124789207419866,-4.821171619216074,-7.697582649470277,0.7010096002503161,-1.430217369223108,0.0,-7.588164612483368
loy-vaught,Loy Vaught,689.0,16993.0,True,43.57525295109612,43.676222596964585,48.68328704850833,48.81956155143339,17.458958312094136,7.166947723440135,87.80524518502583,89.29173693086004,38.78663660176864,33.05084745762712,2.47229326513214,2.47229326513214,37.93129241070194,17.45362563237774,0.10096964586846724,0.13627450292505472,-10.292010588654001,1.4864917458342148,-5.7357891441415205,0.0,-20.477666778324203
luc-longley,Luc Longley,567.0,12006.0,True,31.687394603709954,28.752107925801013,18.67154322585202,9.696458684654301,21.883567454962545,10.876897133220911,74.5484417770935,74.28330522765599,74.31026922457463,87.79661016949153,33.248081841432224,33.248081841432224,40.8155301233917,24.114671163575043,-2.935286677908941,-8.975084541197718,-11.006670321741634,-0.2651365494375142,13.486340944916904,0.0,-16.70085895981666
luc-mbah-a-moute,Luc Mbah a Moute,689.0,16038.0,True,12.053119730185497,6.239460370994941,31.632473635166114,25.379426644182125,14.325943823567863,6.070826306913997,57.315878646726006,57.67284991568297,77.40129317913082,91.77966101694915,57.03324808184144,57.033248081841435,39.8810534733902,21.247892074198987,-5.813659359190556,-6.253046990983989,-8.255117516653867,0.3569712689569613,14.378367837818331,-7.105427357601002e-15,-18.633161399191216
lucious-harris,Lucious Harris,800.0,15701.0,True,40.06977234401349,39.37605396290051,31.672122272828435,25.54806070826307,53.55018897155853,52.951096121416526,35.45258278685371,36.172006745362566,39.61772418663544,34.57627118644068,28.98550724637681,28.985507246376812,38.91308000099996,19.30860033726813,-0.6937183811129799,-6.124061564565366,-0.5990928501420072,0.7194239585088553,-5.041453000194764,3.552713678800501e-15,-19.604479663731833
lucius-allen,Lucius Allen,702.0,20159.0,True,52.07230185497471,52.27655986509275,44.06733622217004,42.24283305227656,60.3779289153335,65.34569983136593,21.52316366578043,20.320404721753793,57.15463360946466,61.271186440677965,64.9616368286445,64.9616368286445,51.67528797441246,59.27487352445194,0.20425801011803912,-1.8245031698934824,4.9677709160324355,-1.2027589440266375,4.116552831213305,0.0,7.599585550039478
luguentz-dort,Luguentz Dort,432.0,12468.0,True,33.84464586846543,32.04047217537943,35.15084974125416,30.94435075885329,32.27219953395439,22.17537942664418,37.31459715765421,38.195615514333895,65.70338604861438,74.49152542372882,39.55669224211424,39.55669224211424,41.30394140719262,25.885328836424957,-1.8041736930859997,-4.206498982400873,-10.096820107310212,0.8810183566796823,8.78813937511444,0.0,-15.41861257076766
luis-scola,Luis Scola,743.0,19001.0,True,69.48545531197303,74.53625632377741,54.15947514550932,56.15514333895447,40.307897674749576,32.29342327150084,80.6261125157491,80.94435075885329,36.84162883174331,28.728813559322035,26.17220801364024,26.17220801364024,50.26853383238495,55.90219224283305,5.050801011804381,1.9956681934451481,-8.014474403248734,0.31823824310419013,-8.112815272421273,0.0,5.633658410448099
luka-don-i,Luka Dončić,514.0,18001.0,True,99.693718381113,99.91568296795953,79.41419357868385,89.96627318718382,87.68421759371225,98.73524451939292,60.393273024831245,60.11804384485666,48.60173139265815,48.644067796610166,96.58994032395567,96.58994032395567,79.11773957712683,97.80775716694772,0.22196458684652498,10.552079608499966,11.051026925680674,-0.2752291799745876,0.04233640395201377,0.0,18.690017589820897
luke-jackson,Luke Jackson,595.0,14507.0,True,22.83410623946037,17.79089376053963,21.48086978926172,13.237774030354132,19.80386073129772,9.106239460370995,48.8065923903884,48.566610455311974,37.41135735035471,30.084745762711865,11.594202898550725,11.594202898550725,26.170253803958843,1.433389544688027,-5.0432124789207435,-8.24309575890759,-10.697621270926726,-0.23998193507642895,-7.326611587642848,0.0,-24.736864259270817
luke-kennard,Luke Kennard,538.0,12440.0,True,28.80480607082631,24.78920741989882,90.51937406908092,98.31365935919055,68.47391917968834,79.67959527824621,22.535767015575978,21.41652613827993,24.5319602471658,12.542372881355933,44.84228473998295,44.84228473998295,47.70611002491007,48.14502529510961,-4.01559865092749,7.794285290109627,11.205676098557873,-1.119240877296047,-11.989587365809866,0.0,0.43891527019954424
luke-ridnour,Luke Ridnour,830.0,21623.0,True,32.25231871838111,29.63743676222597,37.10228285664193,33.55817875210793,75.5354167948455,88.44856661045532,12.756669675257015,9.612141652613827,32.89866509779838,22.966101694915253,26.342710997442456,26.342710997442456,38.20069900106035,17.959527824620572,-2.6148819561551413,-3.544104104534,12.913149815609813,-3.144528022643188,-9.932563402883126,0.0,-20.241171176439778
luol-deng,Luol Deng,902.0,30941.0,True,61.54763912310287,62.64755480607083,44.12314915549034,42.32715008431703,56.73471202508617,57.92580101180438,56.65314503883007,57.082630691399665,65.24862849836029,73.72881355932203,87.80903665814152,87.80903665814152,61.31646871472267,81.45025295109612,1.0999156829679606,-1.7959990711733056,1.1910889867182135,0.42948565256959625,8.480185060961745,0.0,20.13378423637345
m-l-carr,M.L. Carr,604.0,14216.0,True,39.09612141652614,38.36424957841484,37.88050793533432,34.56998313659359,43.58229380517351,36.76222596964587,54.163089867547455,54.806070826306915,53.58542179730311,55.76271186440678,44.58653026427962,44.586530264279624,44.90591897782749,37.35244519392917,-0.7318718381112959,-3.3105247987407296,-6.820067835527638,0.642980958759459,2.1772900671036695,7.105427357601002e-15,-7.553473783898319
magic-johnson,Magic Johnson,906.0,33245.0,True,72.95678752107926,78.41483979763912,87.83386982239372,97.13322091062395,87.02533884508196,98.14502529510962,57.92736556079864,58.26306913996628,70.60839979965526,82.28813559322033,99.74424552429667,99.74424552429667,79.73554155395644,98.22934232715008,5.4580522765598545,9.299351088230225,11.119686450027658,0.33570357916763527,11.679735793565072,0.0,18.49380077319364
mahmoud-abdul-rauf,Mahmoud Abdul-Rauf,586.0,15628.0,True,72.12036256323778,77.40303541315346,30.698358150505467,24.03035413153457,64.87615889654808,73.18718381112984,4.1082432847903805,1.6863406408094435,14.179120110678811,3.8135593220338984,1.7902813299232736,1.7902813299232736,35.13636312769559,12.057335581787521,5.282672849915684,-6.668004018970898,8.311024914581765,-2.4219026439809372,-10.365560788644913,0.0,-23.07902754590807
malcolm-brogdon,Malcolm Brogdon,463.0,13481.0,True,68.01285834738617,72.34401349072513,72.74799784365689,81.61888701517707,83.19266092526692,96.0370994940978,38.08622540575502,38.954468802698145,38.46089435471567,32.20338983050848,70.84398976982096,70.84398976982096,62.92706140535677,84.48566610455312,4.331155143338961,8.870889171520176,12.844438568830881,0.8682433969431216,-6.257504524207192,0.0,21.55860469919635
malik-beasley,Malik Beasley,578.0,13739.0,True,52.0185497470489,52.192242833052276,62.27627338170803,68.12816188870151,45.976481471738765,40.38785834738617,23.31576247398993,22.259696458684655,24.84111098275291,12.88135593220339,23.870417732310315,23.870417732310315,40.52808947321162,22.84991568296796,0.17369308600337519,5.8518885069934825,-5.588623124352594,-1.0560660153052766,-11.95975505054952,0.0,-17.67817379024366
malik-monk,Malik Monk,585.0,13307.0,True,69.73608768971332,74.87352445193929,55.66281051177276,58.34738617200674,74.36989094486707,87.18381112984822,20.66603872429178,19.392917369308602,29.037805699981355,17.88135593220339,16.70929241261722,16.70929241261722,47.58635348188806,46.964586846543,5.137436762225974,2.684575660233982,12.813920184981157,-1.2731213549831786,-11.156449767777964,0.0,-0.621766635345061
malik-rose,Malik Rose,813.0,13404.0,True,55.48608768971332,56.57672849915683,23.697557382651283,15.682967959527824,22.96498447729032,12.141652613827993,83.77731331286765,85.41315345699832,72.73758439152374,85.50847457627118,55.83972719522592,55.83972719522592,50.37897302024351,56.15514333895447,1.0906408094435065,-8.014589423123459,-10.823331863462325,1.6358401441306682,12.770890184747444,0.0,5.77617031871096
malik-sealy,Malik Sealy,493.0,11720.0,True,65.481239460371,68.88701517706576,20.719676497375687,12.310286677908937,34.826536207118735,25.21079258010118,44.70753482142607,44.68802698145025,73.68424756711626,87.03389830508475,41.005967604433074,41.005967604433074,48.06151247515465,48.90387858347386,3.4057757166947624,-8.40938981946675,-9.615743627017554,-0.01950783997582306,13.349650737968489,0.0,0.8423661083192115
manu-gin-bili,Manu Ginóbili,1057.0,26859.0,True,84.54553119730187,89.20741989881957,84.91098528556697,95.36256323777403,76.54086022317948,89.29173693086004,39.87739963544394,40.55649241146712,69.71267326870557,80.84745762711864,92.15686274509804,92.15686274509804,76.54127651708569,96.964586846543,4.661888701517697,10.45157795220706,12.750876707680561,0.6790927760231753,11.134784358413071,0.0,20.42331032945731
manute-bol,Manute Bol,624.0,11698.0,True,0.2027824620573356,0.0,6.987406372143135,2.0236087689713322,0.7094304087653589,0.0,64.48168846088102,64.16526138279933,75.81725936053176,89.83050847457628,52.94117647058823,52.94117647058823,30.50707509700327,4.8903878583473865,-0.2027824620573356,-4.963797603171803,-0.7094304087653589,-0.3164270780816878,14.013249114044513,0.0,-25.616687238655885
marc-gasol,Marc Gasol,891.0,28719.0,True,63.125,64.67116357504216,69.82400559274468,77.74030354131534,57.24324392871716,59.10623946037099,69.43221422112289,69.22428330522766,79.96129096559133,94.15254237288136,87.7237851662404,87.7237851662404,70.62245659764176,94.01349072512647,1.5461635750421578,7.916297948570659,1.86299553165383,-0.20793091589523272,14.191251407290025,0.0,23.391034127484716
marcin-gortat,Marcin Gortat,806.0,20691.0,True,32.75147554806071,30.607082630691398,74.60183206635033,84.14839797639124,27.599586874448487,17.45362563237774,90.41584922960764,91.39966273187184,70.58214586120255,82.20338983050847,77.4083546462063,77.4083546462063,59.00677173754309,76.98145025295109,-2.144392917369313,9.546565910040911,-10.145961242070747,0.9838135022641978,11.621243969305922,0.0,17.974678515408
marco-belinelli,Marco Belinelli,860.0,19548.0,True,48.132588532883645,48.4822934232715,61.64676214633696,66.77908937605396,53.59027173210853,53.20404721753794,11.081532363409323,7.504215851602024,11.815826947668734,2.457627118644068,9.718670076726342,9.718670076726342,35.207930552746696,12.141652613827993,0.349704890387855,5.132327229716999,-0.3862245145705927,-3.5773165118072994,-9.358199829024667,0.0,-23.066277938918702
marcus-camby,Marcus Camby,973.0,28684.0,True,27.728709949409783,23.27150084317032,22.285972106780136,13.743676222596964,39.614197812754654,31.45025295109612,93.9802568240044,95.86846543001687,87.57278755088532,98.22033898305085,78.77237851662404,78.77237851662404,54.70452815184,67.03204047217538,-4.457209106239464,-8.542295884183172,-8.163944861658532,1.8882086060124692,10.647551432165528,0.0,12.32751232033538
marcus-morris,Marcus Morris,832.0,22093.0,True,53.06618887015178,53.54131534569983,49.564914674628696,49.747048903878586,38.71738538550417,30.522765598650928,47.03418487318493,47.048903878583474,39.31552425840914,34.32203389830509,25.57544757033248,25.575447570332482,42.758431470215406,30.26981450252951,0.475126475548052,0.18213422924988976,-8.194619786853245,0.01471900539854687,-4.993490360104055,3.552713678800501e-15,-12.488616967685896
marcus-smart,Marcus Smart,697.0,20495.0,True,26.83790050590219,22.17537942664418,24.2246076724355,16.273187183811128,68.68601345090745,79.93254637436762,27.975111438171137,29.258010118043845,66.51016325990932,75.67796610169492,68.1159420289855,68.1159420289855,47.52656343028504,46.79595278246206,-4.66252107925801,-7.951420488624372,11.246532923460165,1.2828986798727087,9.167802841785601,0.0,-0.7306106478229779
marcus-thornton,Marcus Thornton,483.0,11299.0,True,71.11635750421586,76.22259696458684,49.84211527200533,50.252951096121414,53.89911990737002,53.6256323777403,34.34338078901598,35.24451939291737,27.58037996280317,15.76271186440678,32.39556692242114,32.39556692242114,46.3922263430649,42.748735244519395,5.106239460370986,0.4108358241160843,-0.273487529629719,0.9011386039013871,-11.81766809839639,0.0,-3.6434910985455033
mario-chalmers,Mario Chalmers,646.0,17245.0,True,26.30838954468803,21.66947723440135,59.70676071040474,63.65935919055649,54.42134699436112,54.468802698145026,13.44267958341496,10.79258010118044,60.55766510555248,66.69491525423729,49.27536231884058,49.27536231884058,45.979925586208005,41.399662731871835,-4.638912310286681,3.9525984801517566,0.0474557037839034,-2.6500994822345216,6.137250148684807,0.0,-4.580262854336169
mario-elie,Mario Elie,732.0,18654.0,True,23.55649241146712,18.29679595278246,92.3623610753076,98.73524451939292,58.41451716064411,61.12984822934233,27.583752711993977,28.752107925801013,55.83708673266537,58.728813559322035,73.31628303495312,73.31628303495312,55.81254615577584,69.47723440134908,-5.259696458684658,6.372883444085318,2.7153310686982195,1.168355213807036,2.891726826656665,0.0,13.664688245573238
mark-aguirre,Mark Aguirre,923.0,27730.0,True,97.0170741989882,98.14502529510962,58.328288326623664,61.72006745362563,67.88044383271102,78.49915682967959,52.81969110132235,53.20404721753794,20.73136474998848,8.728813559322035,54.13469735720375,54.13469735720375,59.12151128733693,77.23440134907251,1.1279510961214214,3.3917791270019677,10.618712996968569,0.3843561162155922,-12.002551190666445,0.0,18.112890061735584
mark-blount,Mark Blount,605.0,13981.0,True,32.77719224283305,30.69139966273187,69.41504167040365,77.48735244519393,7.513902862719508,2.1922428330522767,65.92286824202489,65.34569983136593,49.79254029345381,50.08474576271186,3.4100596760443307,3.4100596760443307,37.74341574489814,17.116357504215852,-2.085792580101181,8.072310774790282,-5.321660029667232,-0.5771684106589561,0.29220546925805024,0.0,-20.627058240682285
mark-bryant,Mark Bryant,797.0,13479.0,True,21.33389544688027,15.85160202360877,53.77994877321383,55.564924114671165,11.674789042006845,4.3844856661045535,72.05592259718489,71.92242833052276,39.30447398174905,34.23728813559322,6.479113384484228,6.479113384484228,32.35007887207537,7.419898819561552,-5.4822934232715,1.7849753414573328,-7.290303375902291,-0.13349426666212594,-5.06718584615583,0.0,-24.93018005251382
mark-eaton,Mark Eaton,875.0,25169.0,True,3.777824620573356,0.8431703204047217,11.445747906336718,3.9629005059021924,3.8054058948189367,0.5902192242833052,79.16229944549374,79.0893760539629,75.82353977739544,89.91525423728814,67.86018755328219,67.86018755328219,36.13864732527171,13.91231028667791,-2.9346543001686345,-7.482847400434526,-3.2151866705356316,-0.07292339153084981,14.0917144598927,0.0,-22.226337038593805
mark-jackson,Mark Jackson,1296.0,39121.0,True,19.21943507588533,13.743676222596964,42.46452960921962,40.38785834738617,82.455650891817,95.02529510961214,38.19553245439771,39.20741989881956,38.97706771625965,33.644067796610166,77.15260017050298,77.15260017050298,48.55106497934525,50.674536256323776,-5.475758853288365,-2.0766712618334466,12.569644217795144,1.011887444421852,-5.332999919649481,0.0,2.1234712769785276
mark-olberding,Mark Olberding,865.0,21637.0,True,33.38933389544688,31.618887015177066,72.58770527243401,81.36593591905564,40.209211502394325,32.1247892074199,59.2490930748235,59.359190556492415,32.20390328648305,21.949152542372882,20.971867007672635,20.971867007672635,42.47444927474736,29.258010118043845,-1.770446880269816,8.778230646621637,-8.084422294974424,0.11009748166891598,-10.254750744110165,0.0,-13.216439156703512
mark-price,Mark Price,722.0,21560.0,True,72.47217537942664,77.82462057335582,90.16490334304478,98.06070826306915,86.2970264723221,97.63912310286678,13.301303128562504,10.539629005059021,29.066396787731826,17.966101694915253,83.20545609548167,83.20545609548167,64.70023520158682,87.85834738617201,5.352445193929171,7.895804920024361,11.342096630544674,-2.7616741235034823,-11.100295092816573,0.0,23.158112184585192
mark-west,Mark West,1090.0,20213.0,True,19.81049747048904,14.502529510961214,77.22561641445891,87.01517706576729,2.8473876671314846,0.3372681281618887,81.1676161349858,81.78752107925801,73.38346559783473,86.61016949152543,58.994032395566926,58.994032395566926,49.53872741592607,53.20404721753794,-5.307967959527826,9.789560651308378,-2.510119538969596,0.6199049442722071,13.226703893690697,0.0,3.665319801611872
markieff-morris,Markieff Morris,791.0,18460.0,True,52.5183389544688,52.69814502529511,37.956106007069984,34.90725126475548,32.05352094814941,21.838111298482293,62.2455185201398,62.22596964586847,64.00377331960195,71.52542372881356,28.132992327365727,28.132992327365727,46.23988871556269,42.158516020236085,0.1798060708263094,-3.0488547423145036,-10.21540964966712,-0.019548874271329453,7.521650409211617,0.0,-4.081372695326607
marko-jari,Marko Jarić,447.0,11246.0,True,14.752318718381112,9.443507588532883,17.31075355725496,8.094435075885329,58.80340409400041,61.804384485666105,28.09421520487794,29.51096121416526,70.9810268066198,83.05084745762711,62.06308610400682,62.06308610400682,42.175626702779255,28.41483979763912,-5.308811129848229,-9.21631848136963,3.000980391665692,1.4167460092873192,12.06982065100732,0.0,-13.760786905140133
marques-johnson,Marques Johnson,691.0,23694.0,True,84.59612141652615,89.3760539629005,66.99247331493952,74.45193929173693,70.42171380801571,82.37774030354132,63.51190657550622,63.069139966273184,50.90061740991202,51.610169491525426,76.89684569479967,76.89684569479967,68.88372580664569,92.4114671163575,4.779932546374354,7.459465976797418,11.956026495525606,-0.4427666092330327,0.7095520816134027,0.0,23.527741309711814
marquis-daniels,Marquis Daniels,548.0,11707.0,True,40.125210792580106,39.54468802698145,21.4489296528671,13.15345699831366,47.57230339206115,43.17032040472176,42.55176235634976,42.41146711635751,65.67909273451107,74.32203389830508,52.68542199488491,52.68542199488491,45.16514967023151,38.27993254637437,-0.5805227655986585,-8.295472654553441,-4.4019829873393945,-0.14029523999225546,8.642941163794006,0.0,-6.885217123857139
marreese-speights,Marreese Speights,705.0,10640.0,True,82.87331365935918,87.52107925801012,44.38627055485341,42.83305227655986,26.584113187893085,16.273187183811128,84.91261874644674,86.6779089376054,52.109803366314594,53.47457627118644,,,56.28568491006477,70.9106239460371,4.647765598650935,-1.5532182782935493,-10.310926004081956,1.7652901911586554,1.3647729048718489,,14.62493903597234
martell-webster,Martell Webster,580.0,13914.0,True,34.81007588532884,32.96795952782462,65.53836029797381,72.00674536256324,25.54359320232976,14.839797639123104,37.84613610042875,38.785834738617204,23.3964445779168,11.271186440677965,1.1082693947144076,1.1082693947144076,32.159516381535234,6.998313659359191,-1.8421163575042243,6.468385064589427,-10.703795563206656,0.9396986381884531,-12.125258137238834,0.0,-25.161202722176043
marvin-webster,Marvin Webster,579.0,12966.0,True,24.421795952782464,19.139966273187184,51.255863349223766,52.1079258010118,13.6345253562641,5.480607082630692,90.4119037675632,91.31534569983137,70.79645716232969,82.88135593220339,51.32139812446718,51.32139812446718,47.14555923240745,45.531197301854974,-5.28182967959528,0.8520624517880364,-8.153918273633408,0.9034419322681657,12.084898769873703,0.0,-1.6143619305524766
marvin-williams,Marvin Williams,1072.0,30159.0,True,33.85012647554806,32.1247892074199,63.17133713827812,68.80269814502529,36.56582027518186,27.487352445193928,57.416267679976194,57.841483979763915,50.29697645548504,50.847457627118644,28.8150042625746,28.815004262574597,44.70084260247449,36.84654300168634,-1.7253372681281576,5.63136100674717,-9.078467829987936,0.4252162997877207,0.5504811716336064,-3.552713678800501e-15,-7.854299600788146
mason-plumlee,Mason Plumlee,880.0,18969.0,True,37.10813659359191,36.59359190556492,78.04307541547475,88.11129848229342,56.327826020648914,57.16694772344014,90.90236294289366,92.07419898819562,69.79491043689387,81.01694915254237,68.20119352088662,68.20119352088662,64.31928089892294,87.09949409780776,-0.5145446880269873,10.068223066818675,0.8391217027912248,1.1718360453019585,11.222038715648495,0.0,22.780213198884823
matt-barnes,Matt Barnes,929.0,21967.0,True,21.875843170320405,16.441821247892076,62.56111829371628,68.46543001686341,56.97670238518555,58.34738617200674,60.43336145429144,60.286677908937605,43.29459300230673,39.152542372881356,44.24552429667519,44.24552429667519,46.86954368947951,44.435075885328835,-5.434021922428329,5.904311723147131,1.3706837868211963,-0.14668354535383799,-4.142050629425377,0.0,-2.434467804150671
matt-bonner,Matt Bonner,792.0,13356.0,True,20.083263069139967,14.839797639123104,90.17652893552848,98.14502529510962,52.65608645703756,50.92748735244519,57.30465002081199,57.50421585160203,39.16577974176162,34.152542372881356,61.892583120204606,61.892583120204606,51.93216630625509,59.86509274873524,-5.2434654300168635,7.968496359581138,-1.7285991045923694,0.19956583079003565,-5.013237368880262,0.0,7.932926442480152
matt-geiger,Matt Geiger,552.0,12221.0,True,57.47112141652615,58.26306913996628,61.090371833592656,65.7672849915683,13.375622305788935,5.311973018549747,85.17856349906569,86.93086003372682,46.91332564200202,45.33898305084746,8.86615515771526,8.86615515771526,44.421448470487775,36.172006745362566,0.7919477234401242,4.6769131579756476,-8.063649287239189,1.7522965346611272,-1.5743425911545614,0.0,-8.249441725125209
matt-guokas,Matt Guokas,735.0,16603.0,True,2.5794688026981456,0.5902192242833052,63.7831664781096,69.89881956155143,63.98520166908277,71.66947723440136,4.079765109657788,1.6020236087689714,44.46678180747237,41.186440677966104,73.40153452685422,73.40153452685422,42.745138886168114,30.101180438448566,-1.9892495784148405,6.115653083441835,7.684275565318586,-2.4777415008888166,-3.2803411295062688,0.0,-12.643958447719548
matt-harpring,Matt Harpring,665.0,17584.0,True,69.552065767285,74.62057335581788,66.15337724196681,73.01854974704891,39.41454427899764,31.365935919055648,66.81713872324767,66.10455311973018,26.575803398303854,14.830508474576272,30.00852514919011,30.00852514919011,49.29475016797304,52.69814502529511,5.068507588532881,6.8651725050821,-8.04860835994199,-0.712585603517482,-11.745294923727583,0.0,3.40339485732207
maurice-cheeks,Maurice Cheeks,1101.0,34845.0,True,19.70657672849916,14.249578414839798,77.69291481427915,87.52107925801012,76.79370374550138,89.7133220910624,12.993821729113176,10.03372681281619,69.69834026559526,80.67796610169492,89.17306052855925,89.17306052855925,59.09128919249176,77.15008431703204,-5.456998313659364,9.82816444373097,12.91961834556102,-2.9600949162969865,10.979625836099657,0.0,18.058795124540282
maurice-evans,Maurice Evans,562.0,10918.0,True,24.70699831365936,19.561551433389546,57.18435040287324,60.20236087689713,49.41975785886468,46.54300168634064,41.549741296515,41.8212478920742,30.41875115051716,19.74576271186441,59.33503836317136,59.33503836317136,42.58684239511034,29.763912310286678,-5.145446880269812,3.018010474023889,-2.87675617252404,0.2715065955591953,-10.672988438652752,0.0,-12.82293008482366
maurice-harkless,Maurice Harkless,621.0,14019.0,True,10.522344013490724,4.8903878583473865,56.65495933585119,59.6964586846543,19.969026781939693,9.27487352445194,49.72525157551576,49.66273187183811,67.0591209818079,76.69491525423729,6.990622335890878,6.990622335890878,35.4734959310365,12.816188870151771,-5.631956155143337,3.0414993488031143,-10.694153257487754,-0.06251970367765125,9.635794272429393,0.0,-22.657307060884733
maurice-lucas,Maurice Lucas,855.0,24787.0,True,70.63680438448566,75.88532883642496,38.30017825075405,35.49747048903878,49.35148949966922,46.3743676222597,85.90358832796862,87.94266441821247,37.48851326100668,30.16949152542373,55.58397271952259,55.58397271952259,53.92607681574691,65.09274873524451,5.2485244519393035,-2.8027077617152685,-2.977121877409523,2.039076090243853,-7.31902173558295,0.0,11.166671919497603
maurice-taylor,Maurice Taylor,534.0,13324.0,True,69.35497470489038,74.36762225969646,24.469604101930216,16.526138279932546,19.332857685179324,8.768971332209107,61.07789547283955,61.214165261382796,26.856995410834426,15.0,0.3410059676044331,0.3410059676044331,33.58605197509943,8.853288364249579,5.01264755480608,-7.94346582199767,-10.563886352970217,0.13626978854324534,-11.856995410834426,0.0,-24.73276361084985
maxi-kleber,Maxi Kleber,483.0,10288.0,True,4.764544688026982,1.5177065767284992,74.51923642181492,83.89544688026982,36.098901433728535,26.981450252951095,59.14653955504579,59.27487352445194,68.91288008604182,79.40677966101696,69.65046888320546,69.65046888320546,50.259949721324126,55.81787521079258,-3.2468381112984828,9.376210458454892,-9.11745118077744,0.1283339694061496,10.493899574975131,0.0,5.557925489468452
mccoy-mclemore,McCoy McLemore,580.0,12221.0,True,40.2316610455312,39.62900505902192,7.645337185115613,2.1922428330522767,12.69736961144718,5.143338954468803,65.5789619235706,65.00843170320405,34.44160272804774,25.508474576271187,2.7280477408354646,2.7280477408354646,25.850417425084792,1.0961214165261384,-0.6026559865092764,-5.453094352063337,-7.554030656978377,-0.5705302203665497,-8.933128151776554,0.0,-24.754296008558654
mehmet-okur,Mehmet Okur,634.0,18429.0,True,74.75358347386171,80.01686340640809,74.34990412315547,83.72681281618887,46.99620375280681,41.73693086003372,77.78582180438633,77.65598650927487,53.25691418686198,55.16949152542373,63.59761295822677,63.59761295822677,64.19758798863913,86.93086003372682,5.263279932546382,9.3769086930334,-5.259272892773083,-0.1298352951114623,1.9125773385617535,0.0,22.733272045087688
mel-counts,Mel Counts,789.0,13723.0,True,50.33726812816189,50.505902192242836,19.50501395796719,10.79258010118044,53.49133296087158,52.78246205733558,81.66902755629316,82.79932546374367,65.82249251204264,74.7457627118644,72.63427109974424,72.63427109974424,54.75216906530814,67.11635750421586,0.1686340640809476,-8.71243385678675,-0.7088709035360026,1.1302979074505117,8.923270199821758,0.0,12.364188438907718
mel-hutchins,Mel Hutchins,437.0,16574.0,True,23.330101180438447,18.128161888701516,14.5396124025492,5.564924114671164,68.51024946111677,79.76391231028668,77.40303541315346,76.98145025295109,32.90707587382779,23.050847457627118,83.63171355498721,83.63171355498721,45.61401059461751,39.79763912310287,-5.201939291736931,-8.974688287878035,11.253662849169913,-0.421585160202369,-9.856228416200675,0.0,-5.816371471514643
metta-world-peace,Metta World Peace,991.0,31440.0,True,63.4451939291737,65.17706576728499,26.565822582725385,19.224283305227654,49.22568993909908,46.20573355817875,45.08820743408009,45.27824620573356,81.95357684878145,95.59322033898304,78.68712702472293,78.68712702472293,58.07925033843544,74.87352445193929,1.7318718381112888,-7.341539277497731,-3.019956380920327,0.1900387716534695,13.639643490201593,0.0,16.794274113503846
michael-adams,Michael Adams,653.0,20446.0,True,60.18128161888702,61.214165261382796,51.48157872161292,52.360876897133224,87.24358916852606,98.4822934232715,12.840004865153311,9.865092748735245,48.385574734279686,48.13559322033898,91.04859335038364,91.04859335038363,60.32366210400125,79.42664418212479,1.0328836424957757,0.8792981755203044,11.238704254745443,-2.974912116418066,-0.24998151394070334,-1.4210854715202004e-14,19.10298207812354
michael-beasley,Michael Beasley,609.0,13903.0,True,82.393760539629,86.84654300168634,37.31203944507615,33.81112984822934,37.14445262149021,28.41483979763912,63.477176349738365,62.90050590219224,38.878809268715415,33.389830508474574,18.49957374254049,18.499573742540495,46.81922850561632,44.01349072512647,4.452782462057343,-3.5009095968468102,-8.729612823851088,-0.5766704475461211,-5.48897876024084,3.552713678800501e-15,-2.8057377804898493
michael-cage,Michael Cage,1140.0,29716.0,True,13.151349072512648,7.419898819561552,58.34970120110479,61.804384485666105,19.649555713185357,8.937605396290051,90.33231016036515,91.2310286677909,58.75776288816585,63.983050847457626,22.08013640238704,22.08013640238704,40.88739961786852,24.283305227655987,-5.731450252951096,3.4546832845613125,-10.711950316895306,0.8987185074257411,5.2252879592917765,0.0,-16.60409439021253
michael-cooper,Michael Cooper,873.0,23635.0,True,11.794055649241146,5.733558178752108,64.43867498631177,70.74198988195616,72.00048754756835,84.56998313659359,29.39485345480459,30.860033726812816,54.45960490243478,56.86440677966102,56.60699062233589,56.60699062233589,48.53818471320344,50.5902192242833,-6.060497470489039,6.303314895644391,12.569495589025237,1.4651802720082259,2.404801877226234,0.0,2.05203451107986
michael-curry,Michael Curry,667.0,13208.0,True,7.036677908937606,2.866779089376054,49.96670047275888,50.505902192242836,35.01239940774147,25.463743676222595,9.058320020971468,5.480607082630692,40.0239055672043,35.08474576271186,26.59846547314578,26.59846547314578,29.25027111479513,3.4569983136593594,-4.169898819561553,0.5392017194839553,-9.548655731518874,-3.5777129383407766,-4.939159804492441,0.0,-25.79327280113577
michael-finley,Michael Finley,1103.0,37996.0,True,63.55965430016863,65.59865092748736,53.95127294203241,55.90219224283305,64.29684298868227,72.17537942664418,37.47122233324882,38.27993254637437,38.52189710818836,32.3728813559322,46.888320545609545,46.888320545609545,51.96537276784846,60.11804384485666,2.038996627318724,1.950919300800642,7.8785364379619125,0.8087102131255506,-6.149015752256162,0.0,8.1526710770082
michael-jordan,Michael Jordan,1072.0,41011.0,True,99.52171163575042,99.83136593591905,79.05598249019093,89.7133220910624,86.73609932399107,97.8920741989882,51.469580516473336,51.85497470489039,85.43755411450499,97.03389830508475,99.82949701619778,99.82949701619778,85.71571592802024,99.74704890387858,0.3096543001686314,10.657339600871467,11.155974874997128,0.3853941884170524,11.596344190579757,0.0,14.031332975858334
michael-kidd-gilchrist,Michael Kidd-Gilchrist,446.0,10978.0,True,31.074620573355823,27.740303541315345,32.9895372992153,27.403035413153457,33.250584987132065,23.18718381112985,67.89564334621556,67.11635750421586,70.26554261427515,81.77966101694915,61.63682864450128,61.63682864450128,47.64126906742903,47.38617200674536,-3.3343170320404774,-5.586501886061843,-10.063401176002216,-0.7792858419997089,11.514118402674,0.0,-0.2550970606836671
michael-olowokandi,Michael Olowokandi,500.0,13129.0,True,28.74430860033727,24.70489038785835,5.212755233941222,1.2647554806070826,3.203773078190168,0.5059021922428331,82.15389459887515,83.13659359190557,60.75868765705631,67.03389830508475,0.5115089514066496,0.5115089514066496,28.11078698898416,2.5295109612141653,-4.039418212478921,-3.9479997533341398,-2.697870885947335,0.9826989930304109,6.275210648028434,0.0,-25.581276027769995
michael-ray-richardson,Michael Ray Richardson,556.0,18589.0,True,53.50484822934233,54.047217537942664,21.143000981870408,12.900505902192243,75.8851942350496,88.70151770657672,50.44555371085002,51.264755480607086,71.76414203038571,84.57627118644068,91.7306052855925,91.7306052855925,60.19928804418545,79.0893760539629,0.5423693086003354,-8.242495079678164,12.816323471527127,0.8192017697570648,12.812129156054965,0.0,18.890088009777443
michael-redd,Michael Redd,629.0,20104.0,True,94.79342327150084,97.13322091062395,75.28924652612268,84.65430016863407,67.56483275062249,77.82462057335582,36.42959356142637,37.436762225969645,18.59151692922886,7.4576271186440675,88.83205456095482,88.83205456095482,64.20815699963873,87.01517706576729,2.3397976391231055,9.365053642511384,10.25978782273333,1.007168664543272,-11.133889810584792,0.0,22.80702006612856
michael-smith,Michael Smith,590.0,11880.0,True,21.29595278246206,15.682967959527824,62.067764687750426,67.70657672849916,37.17969927347146,28.58347386172007,91.58877214856452,93.17032040472175,65.93878966655453,75.0,57.54475703324808,57.54475703324808,52.69685527791103,62.64755480607083,-5.612984822934235,5.638812040748732,-8.596225411751394,1.5815482561572338,9.061210333445473,0.0,9.950699528159802
micheal-williams,Micheal Williams,413.0,10403.0,True,57.439713322091066,58.1787521079258,72.18221638800276,80.77571669477234,80.38369270507819,93.76053962900505,23.89460512852815,22.84991568296796,56.00807359684667,59.152542372881356,80.4774083546462,80.4774083546462,63.52480468691481,85.83473861720067,0.7390387858347367,8.593500306769585,13.376846923926863,-1.0446894455601878,3.144468776034685,0.0,22.309933930285858
micka-l-pi-trus,Mickaël Piétrus,557.0,11950.0,True,40.9454047217538,40.472175379426645,60.07490536975689,64.08094435075886,17.292766457537226,6.998313659359191,44.87024739085299,45.025295109612145,71.09050238968761,83.38983050847457,58.56777493606138,58.56777493606138,48.95138794360908,51.602023608768974,-0.4732293423271585,4.006038981001964,-10.294452798178035,0.1550477187591568,12.29932811878696,0.0,2.6506356651598963
mickey-johnson,Mickey Johnson,904.0,25005.0,True,77.28246205733558,81.95615514333896,31.96973865079903,26.0539629005059,47.53029789932457,42.917369308600335,77.26300087339283,76.72849915682968,69.53119638168799,80.33898305084746,63.34185848252344,63.34185848252344,60.33650425367387,79.59527824620574,4.673693086003382,-5.915775750293129,-4.612928590724238,-0.5345017165631418,10.80778666915947,0.0,19.258773992531864
mikal-bridges,Mikal Bridges,638.0,21206.0,True,39.69814502529511,39.03878583473862,84.16229661946073,94.35075885328837,67.80632170577465,78.16188870151771,30.08702148785474,31.45025295109612,59.75167503974255,65.59322033898304,62.23358908780904,62.23358908780904,58.80498709462887,76.55986509274874,-0.6593591905564935,10.188462233827636,10.355566995743061,1.3632314632413802,5.841545299240494,0.0,17.754877998119866
mike-bantom,Mike Bantom,706.0,19725.0,True,50.33958684654301,50.5902192242833,36.2487360076366,32.377740303541316,40.26987423733733,32.20910623946037,67.0729637293465,66.44182124789208,55.924559811807725,58.983050847457626,45.18329070758738,45.18329070758738,48.168584612871136,49.325463743676224,0.25063237774029545,-3.870995704095286,-8.060767997876965,-0.6311424814544182,3.058491035649901,0.0,1.1568791308050876
mike-bibby,Mike Bibby,1001.0,33962.0,True,57.74599494097808,58.51602023608769,59.60300444048717,63.490725126475546,79.8910330929502,93.3389544688027,14.453164853737809,11.467116357504215,32.733731185873765,22.54237288135593,59.50554134697357,59.50554134697357,52.755702372873,62.731871838111296,0.7700252951096118,3.887720685988377,13.447921375852502,-2.986048496233593,-10.191358304517834,0.0,9.976169465238293
mike-bratz,Mike Bratz,586.0,10613.0,True,34.200463743676224,32.377740303541316,13.185906677958824,4.721753794266442,63.12835869550111,70.40472175379426,18.93996425793612,17.45362563237774,33.305936707951155,23.64406779661017,18.67007672634271,18.67007672634271,31.747004462687823,6.408094435075886,-1.822723440134908,-8.464152883692382,7.27636305829315,-1.4863386255583784,-9.661868911340985,0.0,-25.338910027611938
mike-brown,Mike Brown,626.0,10961.0,True,23.2856239460371,17.959527824620572,23.86751400657469,15.935919055649242,17.50070145080295,7.251264755480607,79.73260041176977,79.84822934232714,45.99963414569376,43.47457627118644,47.31457800511509,47.31457800511509,36.06272147460051,13.490725126475548,-5.326096121416526,-7.931594950925449,-10.249436695322343,0.11562893055737788,-2.5250578745073184,0.0,-22.571996348124962
mike-conley,Mike Conley,1226.0,37588.0,True,57.94730185497471,58.93760539629005,62.84389477300538,68.54974704890388,82.28958409039,94.8566610455312,14.854608461098293,11.97301854974705,54.72575475578052,57.11864406779661,73.65728900255755,73.65728900255755,60.162105421322806,79.00505902192243,0.9903035413153418,5.705852275898501,12.567076955141204,-2.8815899113512433,2.392889312016088,0.0,18.84295360059963
mike-dunleavy,Mike Dunleavy,1424.0,35768.0,True,43.36551433389545,43.08600337268128,71.60559571801369,80.01686340640809,60.693964988574606,65.7672849915683,35.65552312596536,36.509274873524454,39.73783766193127,34.91525423728814,42.710997442455245,42.710997442455245,49.94440590930906,54.21585160202361,-0.2795109612141644,8.411267688394403,5.073320002993697,0.8537517475590946,-4.822583424643135,0.0,4.2714456927145505
mike-gale,Mike Gale,453.0,11189.0,True,5.855607082630692,2.2765598650927488,39.76311167315164,37.09949409780776,62.13245965051025,68.71838111298483,14.306005223383975,11.298482293423271,78.7049390746341,92.96610169491525,90.96334185848252,90.96334185848252,49.03549376906256,51.93929173693086,-3.579047217537943,-2.663617575343885,6.58592146247458,-3.007522929960704,14.261162620281155,0.0,2.9037979678683
mike-gminski,Mike Gminski,938.0,24058.0,True,60.90240303541316,62.22596964586847,36.90622824608102,33.305227655986506,28.35877269538585,17.959527824620572,81.36940853045071,82.04047217537942,48.38130425742165,48.05084745762712,24.808184143222505,24.808184143222505,45.49733438306336,39.46037099494098,1.323566610455309,-3.6010005900945146,-10.399244870765276,0.671063644928708,-0.3304567997945256,0.0,-6.0369633881223805
mike-james,Mike James,644.0,15287.0,True,53.89797639123103,54.63743676222597,36.37030530206698,32.63069139966273,71.57834220846692,83.89544688026982,15.28683640523855,12.39460370994941,32.34425386539411,22.203389830508474,51.5771526001705,51.5771526001705,45.2472360267942,38.44856661045531,0.7394603709949337,-3.739613902404251,12.317104671802895,-2.89223269528914,-10.140864034885634,0.0,-6.798669416338889
mike-miller,Mike Miller,1032.0,27812.0,True,36.38069139966274,35.160202360876895,86.80983399395612,96.62731871838112,64.47755183981128,72.34401349072513,43.10294357635514,42.917369308600335,20.970937098682803,9.23728813559322,47.4850809889173,47.485080988917304,49.63835015876836,53.6256323777403,-1.2204890387858427,9.817484724425,7.866461650913848,-0.18557426775480224,-11.733648963089584,7.105427357601002e-15,3.9872822189719415
mike-mitchell,Mike Mitchell,759.0,24537.0,True,83.20489038785834,88.02698145025295,44.825910605327394,43.25463743676222,42.10352676792073,35.07588532883643,52.241784318023846,52.61382799325464,21.651031853810498,9.576271186440678,21.82438192668372,21.824381926683717,45.050162089013234,38.026981450252954,4.822091062394605,-1.5712731685651704,-7.027641439084299,0.37204367523079185,-12.07476066736982,-3.552713678800501e-15,-7.02318063876028
mike-newlin,Mike Newlin,837.0,24574.0,True,68.47702360876897,73.18718381112984,61.08414892367935,65.68296795952783,64.23017951975297,72.09106239460371,17.72242529308164,15.85160202360877,17.5919765613112,6.610169491525424,33.50383631713555,33.50383631713555,46.15425171242072,41.90556492411467,4.710160202360868,4.598819035848479,7.860882874850745,-1.8708232694728686,-10.981807069785775,0.0,-4.2486867883060455
mike-riordan,Mike Riordan,639.0,15890.0,True,26.88617200674537,22.259696458684655,40.1470270834371,37.60539629005059,49.66345559394799,46.964586846543,25.157173808532026,25.126475548060707,48.04504025606154,47.11864406779661,82.5234441602728,82.5234441602728,44.93429754602339,37.52107925801012,-4.626475548060714,-2.54163079338651,-2.698868747404987,-0.030698260471318406,-0.9263961882649312,0.0,-7.413218288013269
mike-sanders,Mike Sanders,648.0,12391.0,True,43.43655143338955,43.3389544688027,36.08777936899492,32.04047217537943,37.64253838174328,29.005059021922428,48.83741557530844,48.735244519392914,51.88457941524774,52.96610169491525,21.312872975277067,21.312872975277067,40.34084985193012,22.596964586846543,-0.09759696458685596,-4.047307193615495,-8.637479359820851,-0.10217105591552667,1.0815222796675101,0.0,-17.74388526508358
mike-woodson,Mike Woodson,786.0,20021.0,True,80.6427065767285,85.32883642495784,36.88936688878394,33.22091062394604,52.58462925826136,50.843170320404724,19.42424313945714,17.706576728499158,51.565127370158685,52.45762711864407,32.651321398124466,32.651321398124466,48.99436001423539,51.85497470489039,4.686129848229342,-3.6684562648379,-1.7414589378566347,-1.7176664109579818,0.8924997484853847,0.0,2.860614690654998
mikki-moore,Mikki Moore,564.0,10257.0,True,22.197723440134908,16.947723440134908,81.73269929386998,92.32715008431703,18.78104586896046,8.263069139966273,70.97993477758799,70.48903878583474,40.301478671919696,35.33898305084746,19.096334185848253,19.096334185848253,40.62321281845665,23.355817875210793,-5.25,10.594450790447041,-10.517976728994189,-0.4908959917532485,-4.962495621072236,0.0,-17.267394943245858
miles-bridges,Miles Bridges,501.0,15457.0,True,66.34422428330522,70.32040472175379,61.29893890248356,66.18887015177066,62.39737741273073,69.3929173693086,55.65627327017692,55.90219224283305,36.78219196696082,28.64406779661017,24.893435635123616,24.893435635123616,52.09514269090205,60.70826306913997,3.9761804384485657,4.889931249287095,6.995539956577879,0.24591897265613483,-8.138124170350654,0.0,8.613120378237916
mitch-richmond,Mitch Richmond,976.0,34309.0,True,92.0179173693086,94.94097807757167,74.5848326413662,84.06408094435076,67.54253085967943,77.74030354131534,26.547823062469572,27.06576728499157,42.66826264502692,38.30508474576271,82.69394714407503,82.69394714407503,66.47136571906475,89.79763912310287,2.9230607082630655,9.479248302984558,10.19777268163591,0.5179442225219972,-4.363177899264208,0.0,23.32627340403812
mo-williams,Mo Williams,818.0,23872.0,True,60.65767284991568,61.88870151770658,50.88790653682453,51.602023608768974,73.16801868240364,86.00337268128162,18.03157119886586,16.273187183811128,21.916161103959887,9.915254237288135,23.785166240409207,23.785166240409207,43.94914574857234,35.07588532883643,1.231028667790902,0.7141170719444432,12.835353998877977,-1.7583840150547303,-12.000906866671752,0.0,-8.873260419735914
monta-ellis,Monta Ellis,833.0,29011.0,True,79.3031197301855,83.89544688026982,39.02678324115761,36.34064080944351,72.04579671477356,84.73861720067454,17.37750388150586,15.177065767284992,42.35085466696978,37.71186440677966,57.11849957374254,57.11849957374254,53.85949462151203,64.75548060708263,4.592327150084316,-2.686142431714103,12.692820485900981,-2.2004381142208675,-4.63899026019012,0.0,10.895985985570604
montrezl-harrell,Montrezl Harrell,515.0,10545.0,True,81.46016020236088,85.83473861720067,81.94294744637206,92.58010118043845,57.6281949831666,59.94940978077572,75.46321396003832,75.04215851602024,68.48243114182493,79.0677966101695,93.09462915601024,93.09462915601023,75.60273630801953,96.71163575042158,4.374578414839789,10.637153734066388,2.321214797609116,-0.42105544401808004,10.585365468344563,-1.4210854715202004e-14,21.10889944240205
mookie-blaylock,Mookie Blaylock,889.0,31026.0,True,42.42179595278246,42.158516020236085,17.960163402330366,9.106239460370995,68.95271161593264,80.43844856661046,34.27272066997895,35.160202360876895,74.64891006441967,88.64406779661017,82.4381926683717,82.4381926683717,53.786250387305735,64.67116357504216,-0.26327993254637505,-8.853923941959371,11.485736950677818,0.8874816908979426,13.995157732190506,0.0,10.884913187736423
morris-peterson,Morris Peterson,711.0,19366.0,True,46.807546374367625,47.639123102866776,51.176064289006845,51.85497470489039,53.573742117257126,53.119730185497474,38.98132124203472,40.05059021922428,34.79607214804801,26.35593220338983,42.2847399829497,42.2847399829497,44.9771674857225,37.68971332209106,0.8315767284991509,0.6789104158835428,-0.45401193175965204,1.0692689771895658,-8.440139944658181,0.0,-7.287454163631438
moses-malone,Moses Malone,1329.0,45071.0,True,89.87942664418213,93.3389544688027,67.53612568941722,75.29510961214166,34.749855159902616,25.126475548060707,96.36662828942951,97.8920741989882,44.876610477192486,41.94915254237288,76.30008525149191,76.30008525149191,65.781691456494,89.29173693086004,3.459527824620565,7.75898392272444,-9.623379611841909,1.5254459095586839,-2.927457934819607,0.0,23.510045474366038
muggsy-bogues,Muggsy Bogues,889.0,25429.0,True,6.549114671163575,2.69814502529511,27.489792367608366,20.404721753794266,72.34410389111983,85.1602023608769,15.68134586599674,12.900505902192243,42.59984442448581,38.220338983050844,43.81926683716965,43.81926683716965,35.36203548464851,12.39460370994941,-3.850969645868465,-7.0850706138141,12.816098469757065,-2.780839963804496,-4.379505441434965,0.0,-22.9674317746991
mychal-thompson,Mychal Thompson,935.0,27764.0,True,61.75231871838112,62.98482293423272,48.74013121107895,48.988195615514336,50.25197412710363,47.97639123102867,75.56324186545764,75.21079258010118,59.01319574538345,64.49152542372882,80.73316283034953,80.73316283034953,60.804799231596014,80.35413153456999,1.2325042158515984,0.24806440443538236,-2.2755828960749582,-0.3524492853564567,5.478329678345368,0.0,19.549332302973973
myles-turner,Myles Turner,713.0,20366.0,True,60.33684654300168,61.29848229342327,84.53375963392193,94.8566610455312,35.19558328660275,25.716694772344013,66.47795889359521,65.7672849915683,76.32101888176472,90.9322033898305,84.4842284739983,84.4842284739983,67.26841133846499,90.72512647554807,0.9616357504215927,10.322901411609266,-9.478888514258735,-0.7106739020269117,14.61118450806579,0.0,23.45671513708308
nat-clifton,Nat Clifton,479.0,14369.0,True,41.662099494097816,41.65261382799326,5.733795357463896,1.5177065767284992,69.32305324648827,80.94435075885329,81.53456998313659,82.63069139966274,71.35549872122762,83.89830508474576,93.77664109121908,93.77664109121909,57.3347287873204,73.10286677908938,-0.009485666104559698,-4.216088780735396,11.621297512365018,1.0961214165261453,12.542806363518139,1.4210854715202004e-14,15.768137991768981
nate-mcmillan,Nate McMillan,796.0,20462.0,True,3.925801011804385,1.0118043844856661,28.582245518588916,21.58516020236088,81.14965981910541,94.01349072512647,49.97925450110424,50.16863406408095,81.67782923460912,95.2542372881356,94.54390451832909,94.54390451832907,54.88371784265805,67.45362563237774,-2.913996627318719,-6.997085316228038,12.863830906021064,0.1893795629767041,13.576408053526478,-1.4210854715202004e-14,12.569907789719686
nate-robinson,Nate Robinson,618.0,13878.0,True,73.50801011804386,78.92074198988196,46.67398478402232,45.69983136593592,68.81282256974784,80.26981450252951,27.551062174834158,28.66779089376054,27.759620090109912,16.10169491525424,21.73913043478261,21.73913043478261,46.868795502362616,44.35075885328836,5.412731871838105,-0.9741534180864022,11.456991932781676,1.1167287189263817,-11.657925174855674,0.0,-2.5180366490742543
nate-thurmond,Nate Thurmond,964.0,35881.0,True,37.18844856661046,36.76222596964587,11.40456047227025,3.87858347386172,47.20411146388325,42.158516020236085,91.9471120527702,93.84485666104553,73.623355565222,86.94915254237289,93.60613810741688,93.60613810741688,55.003197184916274,67.70657672849916,-0.4262225969645925,-7.525976998408529,-5.045595443647166,1.8977446082753318,13.325796977150887,0.0,12.703379543582884
nate-williams,Nate Williams,703.0,15511.0,True,64.06197301854974,66.61045531197301,37.4025634816889,34.064080944350756,32.882445751608415,22.93423271500843,47.02214292591372,46.964586846543,44.5533938424749,41.355932203389834,19.94884910485933,19.948849104859335,42.00479467057539,27.90893760539629,2.5484822934232767,-3.3384825373381446,-9.948213036599984,-0.057556079370719715,-3.1974616390850628,3.552713678800501e-15,-14.095857065179104
naz-reid,Naz Reid,483.0,10479.0,True,68.08326306913997,72.42833052276559,75.64705089787557,84.99156829679595,43.26548680895462,36.25632377740303,66.9872616786796,66.3575042158516,77.04807525585275,91.35593220338983,71.01449275362319,71.01449275362319,67.05114345022847,90.38785834738617,4.345067453625617,9.344517398920374,-7.009163031551587,-0.629757462827996,14.307856947537076,0.0,23.336714897157705
nazr-mohammed,Nazr Mohammed,1005.0,15891.0,True,45.2152192242833,46.20573355817875,31.613730914853807,25.29510961214165,10.127450625416063,3.709949409780776,93.06848283235456,94.94097807757167,45.71993252584335,43.05084745762712,3.836317135549872,3.836317135549872,35.990536537970364,13.322091062394604,0.9905143338954474,-6.318621302712156,-6.417501215635287,1.8724952452171095,-2.6690850682162264,0.0,-22.66844547557576
neal-walk,Neal Walk,568.0,13832.0,True,63.49852445193929,65.26138279932546,39.95079727623968,37.35244519392917,62.560244085742674,69.47723440134908,82.39918201629071,83.30522765598651,54.55254783964799,57.03389830508475,84.91048593350384,84.91048593350384,62.17703161620782,83.55817875210792,1.762858347386171,-2.5983520823105124,6.916990315606405,0.9060456396958045,2.481350465436755,0.0,21.3811471359001
neil-johnston,Neil Johnston,516.0,18298.0,True,81.96163575042158,86.34064080944351,61.93872250802257,67.45362563237774,64.19482515332565,71.92242833052276,91.06239460370996,92.4114671163575,7.161125319693094,1.0169491525423728,89.6845694799659,89.6845694799659,62.19755910625056,83.72681281618887,4.379005059021935,5.514903124355165,7.7276031771971105,1.3490725126475382,-6.144176167150722,0.0,21.52925370993831
nenad-krsti,Nenad Krstić,419.0,10547.0,True,52.36256323777403,52.360876897133224,45.1196469880573,43.76053962900506,23.920714569427343,12.984822934232715,71.5010465784236,71.07925801011804,46.54336883442418,44.74576271186441,31.11679454390452,31.11679454390452,43.91682864894847,34.90725126475548,-0.0016863406408091919,-1.3591073590522385,-10.935891635194627,-0.42178856830555844,-1.7976061225597704,0.0,-9.009577384192987
nen,Nenê,965.0,25237.0,True,58.07440978077572,59.19055649241147,77.76816354085028,87.60539629005059,35.931071449027215,26.72849915682968,71.50476080344976,71.16357504215851,78.48621803135262,92.45762711864407,,,63.91443669938248,86.50927487352445,1.11614671163575,9.83723274920031,-9.202572292197534,-0.3411857612912428,13.971409087291448,,22.59483817414197
nerlens-noel,Nerlens Noel,467.0,10281.0,True,18.765598650927487,13.15345699831366,71.82844228551991,80.18549747048904,11.656588739281585,4.300168634064081,83.25427968154624,84.65430016863407,94.0903525998772,99.66101694915254,8.951406649616368,8.951406649616368,47.548635098885775,46.880269814502526,-5.612141652613827,8.357055184969127,-7.356420105217504,1.4000204870878292,5.570664349275333,0.0,-0.668365284383249
nick-anderson,Nick Anderson,800.0,24922.0,True,64.87647554806071,68.04384485666104,48.86381429777386,49.07251264755481,63.04599008170678,70.23608768971332,50.5933804681942,51.34907251264755,69.05477965772405,79.66101694915254,80.81841432225065,80.81841432225065,63.1528067121277,84.82293423271501,3.1673693086003283,0.2086983497809527,7.190097608006532,0.7556920444533546,10.606237291428485,0.0,21.670127520587315
nick-collison,Nick Collison,910.0,18603.0,True,10.76939291736931,5.059021922428331,74.30813093186285,83.6424957841484,25.48730101855518,14.75548060708263,82.52852212470076,83.55817875210792,42.47826254635312,37.88135593220339,13.72549019607843,13.72549019607843,39.1311448433839,19.645868465430016,-5.710370994940979,9.334364852285546,-10.73182041147255,1.0296566274071637,-4.596906614149731,0.0,-19.485276377953884
nick-van-exel,Nick Van Exel,880.0,28969.0,True,60.05860033726813,60.96121416526138,30.165456871523148,23.355817875210793,87.00469844272243,97.97639123102867,10.422901082623328,6.661045531197302,9.954315908564572,2.2033898305084745,17.476555839727194,17.476555839727194,38.54695085776937,18.718381112984822,0.9026138279932496,-6.809638996312355,10.971692788306243,-3.7618555514260263,-7.750926078056098,0.0,-19.828569744784545
nick-young,Nick Young,720.0,16419.0,True,73.00737774030355,78.49915682967959,49.97933022502977,50.5902192242833,30.26595744959031,20.57335581787521,11.2593392994652,7.925801011804385,18.052586369503643,6.9491525423728815,2.131287297527707,2.131287297527707,34.12609901500314,10.202360876897133,5.491779089376038,0.6108889992535325,-9.6926016317151,-3.333538287660815,-11.103433827130761,0.0,-23.92373813810601
nickeil-alexander-walker,Nickeil Alexander-Walker,459.0,10545.0,True,49.57651770657673,49.747048903878586,51.63034544259728,52.61382799325464,65.14309059586556,73.60876897133221,24.621705720577456,23.861720067453625,58.4379933255979,63.389830508474574,58.7382779198636,58.7382779198636,53.13706731320045,63.57504215851602,0.1705311973018553,0.9834825506573566,8.465678375466652,-0.7599856531238309,4.951837182876673,0.0,10.437974845315573
nicolas-batum,Nicolas Batum,1205.0,33931.0,True,17.43191399662732,11.888701517706577,77.67641937521518,87.43676222596964,72.02193724944614,84.65430016863407,48.74123793338843,48.4822934232715,46.1500674990548,43.898305084745765,67.60443307757886,67.60443307757886,53.90652894005439,65.00843170320405,-5.543212478920742,9.76034285075447,12.632362919187926,-0.2589445101169332,-2.2517624143090345,0.0,11.10190276314966
nikola-joki,Nikola Jokić,810.0,25914.0,True,93.46268971332208,96.20573355817875,94.47817054478236,99.24114671163575,87.85029366485966,98.98819561551433,91.16451462144823,92.49578414839797,78.38517231546845,92.37288135593221,98.29497016197784,98.29497016197783,90.03079097061274,100.0,2.743043844856672,4.762976166853392,11.137901950654665,1.3312695269497397,13.987709040463756,-1.4210854715202004e-14,9.969209029387258
nikola-vu-evi,Nikola Vučević,1036.0,32321.0,True,67.28204047217538,71.41652613827993,57.904282611638905,60.96121416526138,59.29586647005952,62.563237774030355,88.84991184257339,90.13490725126475,66.4461368230181,75.50847457627118,65.89940323955669,65.89940323955669,66.06732247455477,89.54468802698145,4.134485666104553,3.0569315536224764,3.267371303970833,1.2849954086913584,9.06233775325309,0.0,23.477365552426676
norm-nixon,Norm Nixon,768.0,27250.0,True,43.464586846543,43.42327150084317,35.75218443889974,31.78752107925801,82.937974656985,95.61551433389545,6.052910097538471,3.1197301854974704,20.77602814818345,8.813559322033898,46.63256606990623,46.632566069906225,41.14330361588343,25.21079258010118,-0.041315345699828754,-3.9646633596417296,12.677539676910442,-2.933179912041001,-11.962468826149552,-7.105427357601002e-15,-15.932511035782252
norm-van-lier,Norm Van Lier,746.0,26171.0,True,22.61909780775717,17.200674536256322,13.70093661873285,4.974704890387859,70.4715885826185,82.54637436762226,33.68995773580124,34.31703204047218,52.45177954777582,53.898305084745765,69.56521739130434,69.56521739130434,43.09397991743506,31.70320404721754,-5.418423271500849,-8.726231728344992,12.074785785003769,0.6270743046709413,1.4465255369699435,0.0,-11.390775870217517
norman-powell,Norman Powell,675.0,16655.0,True,78.16715851602024,82.96795952782462,88.28486142148371,97.3018549747049,55.47876798322473,55.90219224283305,20.01751900563123,18.381112984822934,44.07838761856723,40.33898305084746,68.37169650468883,68.37169650468883,61.658581043489285,82.04047217537942,4.800801011804381,9.016993553221184,0.42342425960832486,-1.6364060208082947,-3.7394045677197667,0.0,20.381891131890136
o-j-mayo,O.J. Mayo,547.0,16919.0,True,59.35096964586846,60.03372681281619,47.38223882294203,46.79595278246206,53.19154720405705,52.192242833052276,19.545831684057053,17.79089376053963,33.758557765734444,24.491525423728813,20.886615515771528,20.886615515771528,41.59719238863556,26.39123102866779,0.6827571669477308,-0.586286040479969,-0.9993043710047758,-1.7549379235174243,-9.267032342005631,0.0,-15.205961359967773
og-anunoby,OG Anunoby,559.0,17078.0,True,39.14966273187184,38.44856661045531,81.3088290851835,91.8212478920742,45.62950181689047,39.62900505902192,43.47141916897984,43.3389544688027,79.910885943662,94.0677966101695,84.65473145780051,84.65473145780051,62.65389705702604,84.06408094435076,-0.7010961214165334,10.512418806890693,-6.000496757868547,-0.1324647001771453,14.1569106665075,0.0,21.41018388732472
olden-polynice,Olden Polynice,1058.0,24884.0,True,27.011382799325464,22.512647554806072,38.23231572148559,35.24451939291737,12.34476041781672,4.8903878583473865,89.82300890991687,90.893760539629,45.01920601191882,42.11864406779661,8.098891730605285,8.098891730605285,34.03475778649626,10.03372681281619,-4.498735244519391,-2.9877963285682227,-7.454372559469334,1.0707516297121344,-2.9005619441222095,0.0,-24.001030973680066
oliver-miller,Oliver Miller,493.0,11338.0,True,18.16315345699832,12.39460370994941,67.85772141455334,75.71669477234401,33.169604069790275,23.102866779089375,81.06708787027993,81.45025295109612,71.03104222931402,83.22033898305085,10.3154305200341,10.3154305200341,45.92838507102832,40.97807757166948,-5.76854974704891,7.858973357790674,-10.0667372907009,0.38316508081618394,12.189296753736826,0.0,-4.950307499358843
ollie-johnson,Ollie Johnson,690.0,14554.0,True,17.308178752107928,11.63575042158516,66.73906604077771,74.11467116357504,42.71702465718244,35.919055649241145,43.57600181364815,43.507588532883645,47.569513237164266,46.355932203389834,27.877237851662404,27.877237851662404,41.01654202389475,24.70489038785835,-5.672428330522768,7.3756051227973245,-6.7979690079412975,-0.06841328076450282,-1.2135810337744317,0.0,-16.3116516360364
omri-casspi,Omri Casspi,588.0,11959.0,True,38.25779932546374,37.68971332209106,65.5636617386324,72.09106239460371,40.53621190993361,32.715008431703204,57.89810120430266,58.1787521079258,32.6003934966428,22.28813559322034,22.421142369991475,22.421142369991475,42.37577066756382,28.920741989881957,-0.5680860033726844,6.527400655971306,-7.821203478230409,0.2806509036231404,-10.312257903422463,0.0,-13.455028677681863
orlando-woolridge,Orlando Woolridge,851.0,24041.0,True,85.4295952782462,90.05059021922429,69.85300689412095,77.82462057335582,45.00311652255304,38.27993254637437,47.72718083438852,47.38617200674536,29.936787005511285,18.89830508474576,12.020460358056264,12.020460358056265,50.3814948077012,56.23946037099494,4.620994940978093,7.9716136792348635,-6.7231839761786745,-0.341008827643158,-11.038481920765523,1.7763568394002505e-15,5.857965563293739
oscar-robertson,Oscar Robertson,1040.0,43886.0,True,77.33516020236087,82.1247892074199,81.6760055784433,92.15851602023609,95.58373538665592,100.0,27.374172041871685,28.33052276559865,30.463165157408017,19.915254237288135,98.9769820971867,98.9769820971867,69.70259909318837,93.25463743676222,4.789629005059027,10.482510441792797,4.416264613344083,0.9563507237269668,-10.547910920119882,0.0,23.552038343573855
othella-harrington,Othella Harrington,709.0,13924.0,True,45.61973018549746,46.711635750421586,66.4591603624883,73.69308600337268,8.73420141310033,2.69814502529511,75.49900262816402,75.12647554806071,38.57541013003224,32.6271186440678,9.036658141517476,9.036658141517476,39.521177307773975,20.57335581787521,1.0919055649241258,7.2339256408843795,-6.036056387805219,-0.3725270801033105,-5.94829148596444,0.0,-18.947821489898764
otis-birdsong,Otis Birdsong,696.0,21627.0,True,82.10961214165263,86.42495784148397,52.9218890610307,54.63743676222597,64.119634230744,71.83811129848229,24.204240410397745,23.355817875210793,37.74372272338432,30.677966101694917,53.19693094629156,53.19693094629156,54.76117208636797,67.20067453625633,4.31534569983134,1.7155477011952698,7.7184770677382915,-0.8484225351869519,-7.065756621689406,0.0,12.439502449888359
otis-thorpe,Otis Thorpe,1257.0,39822.0,True,58.535413153457,59.359190556492415,76.62444027914347,86.25632377740304,45.445434595151056,39.20741989881956,81.44801786057859,82.37774030354132,37.192306485474845,29.491525423728813,64.36487638533674,64.36487638533674,58.3594215925406,75.96964586846543,0.8237774030354146,9.631883498259569,-6.238014696331497,0.9297224429627278,-7.7007810617460315,0.0,17.610224275924836
otto-moore,Otto Moore,682.0,16893.0,True,15.44983136593592,9.949409780775717,20.873956117194744,12.478920741989882,38.10959432972484,29.595278246205734,81.62301032997306,82.71500843170321,68.26828544523124,78.64406779661017,69.13895993179881,69.13895993179881,45.264838118118966,38.53288364249578,-5.500421585160202,-8.395035375204863,-8.514316083519109,1.0919981017301552,10.37578235137893,0.0,-6.7319544756231835
otto-porter-jr,Otto Porter Jr.,527.0,13400.0,True,30.81724283305228,27.403035413153457,84.99278330657371,95.4468802698145,49.49102759895534,46.711635750421586,58.00608890514396,58.34738617200674,73.90652933483267,87.28813559322033,68.96845694799659,68.96845694799659,60.55322141959187,80.10118043844857,-3.4142074198988226,10.454096963240787,-2.7793918485337556,0.3412972668627816,13.381606258387663,0.0,19.547959018856695
p-j-brown,P.J. Brown,1089.0,33823.0,True,20.407672849915684,15.008431703204048,31.46826296936945,25.042158516020237,27.289005466354254,16.863406408094434,82.86699795085912,83.97976391231029,74.58879772296267,88.30508474576271,52.770673486786016,52.770673486786016,45.400678138562256,39.12310286677909,-5.399241146711637,-6.426104453349215,-10.42559905825982,1.1127659614511742,13.716287022800046,0.0,-6.277575271783164
p-j-tucker,P.J. Tucker,886.0,24993.0,True,1.852866779089376,0.16863406408094436,47.687612947970734,47.21753794266442,28.94703767198287,18.97133220910624,58.06393640436388,58.43170320404722,61.59404316086527,67.96610169491525,44.50127877237852,44.50127877237852,38.588005056311886,18.97133220910624,-1.6842327150084317,-0.4700750053063132,-9.975705462876629,0.3677667996833378,6.372058534049984,0.0,-19.616672847205646
p-j-washington,P.J. Washington,446.0,13653.0,True,43.26096121416526,43.00168634064081,46.57848245339525,45.4468802698145,46.99779611163098,41.8212478920742,56.06476603011791,56.74536256323778,66.19243201571047,75.08474576271186,55.072463768115945,55.072463768115945,52.0559918295379,60.37099494097808,-0.2592748735244541,-1.1316021835807533,-5.176548219556786,0.6805965331198678,8.892313747001396,0.0,8.315003111440177
pascal-siakam,Pascal Siakam,691.0,21694.0,True,86.77466273187184,90.893760539629,68.46123368481028,76.05396290050591,78.2817450925729,91.65261382799325,61.597594941294815,61.55143338954469,61.10076748801493,67.45762711864407,91.30434782608695,91.30434782608695,74.78265664926403,96.20573355817875,4.119097807757157,7.592729215695627,13.370868735420345,-0.046161551750124374,6.356859630629138,0.0,21.423076908914723
pat-connaughton,Pat Connaughton,637.0,11736.0,True,7.591694772344013,3.288364249578415,68.82836680404262,76.39123102866779,54.5940016054553,54.63743676222597,49.12796518937657,48.90387858347386,51.78446792483194,52.6271186440678,52.6001705029838,52.6001705029838,46.35071821593217,42.66441821247892,-4.303330522765599,7.562864224625173,0.04343515677066989,-0.22408660590270557,0.8426507192358628,0.0,-3.6863000034532476
pat-cummings,Pat Cummings,683.0,14516.0,True,53.40240303541316,53.709949409780776,42.79847771472004,40.640809443507585,29.051562340038597,19.139966273187184,78.70541054882386,78.41483979763912,30.130640562635996,19.23728813559322,30.775788576300084,30.775788576300084,42.0584154948934,28.161888701517707,0.3075463743676181,-2.157668271212458,-9.911596066851413,-0.2905707511847453,-10.893352427042775,0.0,-13.896526793375696
pat-garrity,Pat Garrity,552.0,11062.0,True,28.54848229342327,24.283305227655987,57.218123596257385,60.37099494097808,34.17826910649294,24.367622259696457,39.17446105563585,40.21922428330523,25.288361366797908,13.474576271186441,21.22762148337596,21.22762148337596,34.19776672963681,10.45531197301855,-4.265177065767283,3.152871344720694,-9.810646846796484,1.0447632276693781,-11.813785095611467,0.0,-23.74245475661826
patrick-beverley,Patrick Beverley,666.0,17689.0,True,9.69962057335582,4.300168634064081,47.2157571804012,46.54300168634064,71.46761480942031,83.72681281618887,45.96214025444165,46.3743676222597,76.62171633356343,91.10169491525424,85.25149190110827,85.25149190110827,54.96225047291771,67.62225969645868,-5.399451939291739,-0.67275549406056,12.259198006768557,0.4122273678180477,14.479978581690816,0.0,12.660009223540975
patrick-ewing,Patrick Ewing,1190.0,40613.0,True,95.61256323777404,97.63912310286678,64.18119298423674,70.32040472175379,29.50883180253135,19.73018549747049,83.2204215073195,84.48566610455312,82.907423340776,96.1864406779661,86.95652173913044,86.95652173913044,73.04547647037943,95.36256323777403,2.026559865092736,6.139211737517044,-9.77864630506086,1.2652445972336182,13.279017337190098,0.0,22.3170867673946
patrick-patterson,Patrick Patterson,719.0,14923.0,True,13.953625632377742,8.263069139966273,60.20865607450092,64.33389544688028,42.96413069969018,36.172006745362566,58.59136806187453,58.768971332209105,45.46439384664742,42.79661016949152,32.9923273657289,32.9923273657289,41.06076335602966,24.957841483979763,-5.690556492411469,4.125239372379355,-6.792123954327614,0.17760327033457202,-2.667783677155896,0.0,-16.102921872049897
patty-mills,Patty Mills,921.0,18316.0,True,43.5718802698145,43.59190556492411,67.91845149712185,75.80101180438449,71.68466069705619,84.2327150084317,7.60677551518699,4.2158516020236085,34.739439106192776,26.1864406779661,57.80051150895141,57.80051150895141,49.39260455295658,52.86677908937605,0.020025295109611818,7.8825603072626365,12.548054311375509,-3.3909239131633813,-8.552998428226676,0.0,3.4741745364194756
pau-gasol,Pau Gasol,1226.0,41001.0,True,82.92263912310287,87.60539629005059,80.22905510891175,90.893760539629,67.935468848534,78.75210792580101,84.37415497860883,86.08768971332209,52.62864583974366,54.23728813559322,79.45439045183291,79.45439045183291,73.36550028866091,95.53119730185497,4.682757166947724,10.664705430717248,10.816639077267013,1.7135347347132637,1.608642295849556,0.0,22.165697013194062
paul-arizin,Paul Arizin,648.0,24897.0,True,84.17010961214166,89.03878583473862,52.52866897678732,53.96290050590219,54.706798763717465,54.89038785834739,55.81787521079258,56.40809443507589,22.762148337595907,10.508474576271187,94.20289855072464,94.20289855072464,59.26710398471942,77.48735244519393,4.86867622259696,1.434231529114868,0.183589094629923,0.5902192242833095,-12.25367376132472,0.0,18.220248460474515
paul-george,Paul George,945.0,31651.0,True,90.45678752107926,93.76053962900505,72.20864939015948,80.86003372681282,69.47819492013713,81.28161888701517,48.10965081085623,47.97639123102867,79.52993431631242,93.47457627118644,97.9539641943734,97.9539641943734,77.77627484471203,97.38617200674537,3.3037521079257886,8.651384336653337,11.803423966878043,-0.1332595798275591,13.944641954874015,0.0,19.609897162033334
paul-griffin,Paul Griffin,480.0,10053.0,True,14.309232715008433,8.684654300168635,83.81450371540451,94.01349072512647,44.68877305487075,37.85834738617201,75.10377648462443,74.70489038785834,74.63871775939165,88.55932203389831,72.37851662404093,72.37851662404093,58.57717618866066,76.22259696458684,-5.624578414839798,10.19898700972196,-6.830425668698744,-0.3988860967660912,13.920604274506658,0.0,17.645420775926183
paul-millsap,Paul Millsap,1085.0,30499.0,True,73.46543001686341,78.83642495784149,70.687297621582,78.75210792580101,61.97121412630463,68.21247892074199,78.84034922090949,78.66779089376054,84.03627221544453,96.27118644067797,93.8618925831202,93.86189258312021,76.32846472799791,96.88026981450253,5.370994940978079,8.064810304219009,6.241264794437356,-0.17255832714894836,12.234914225233439,1.4210854715202004e-14,20.551805086504615
paul-neumann,Paul Neumann,451.0,11003.0,True,36.96543001686341,36.25632377740303,50.596225775159326,51.264755480607086,74.35937028129906,87.09949409780776,12.731871838111298,9.443507588532883,58.56777493606138,63.644067796610166,84.82523444160273,84.82523444160273,54.386901473365526,66.10455311973018,-0.7091062394603753,0.6685297054477601,12.7401238165087,-3.2883642495784144,5.076292860548783,0.0,11.717651646364658
paul-pierce,Paul Pierce,1343.0,45880.0,True,93.07398819561551,95.86846543001687,77.81200278718667,87.68971332209107,69.5868923562588,81.53456998313659,45.2950856489982,45.86846543001686,76.06998261265774,90.50847457627118,97.52770673486786,97.52770673486786,78.28281968982681,97.47048903878583,2.7944772344013558,9.877710534904395,11.947677626877791,0.5733797810186587,14.438491963613444,0.0,19.18766934895902
paul-pressey,Paul Pressey,724.0,19659.0,True,42.04194772344014,41.90556492411467,60.27643623657247,64.41821247892074,76.99162451501596,89.88195615514334,43.64766173163605,43.84485666104553,84.08022892134713,96.35593220338983,97.61295822676897,97.61295822676897,67.69344010667896,91.2310286677909,-0.13638279932546737,4.141776242348264,12.890331640127386,0.19719492940948413,12.275703282042699,0.0,23.53758856111193
paul-seymour,Paul Seymour,487.0,14667.0,True,37.0168634064081,36.42495784148398,20.341626286990987,11.888701517706577,77.06576728499157,90.05059021922429,16.104553119730184,13.57504215851602,,,,,40.04162646888744,21.58516020236088,-0.5919055649241187,-8.45292476928441,12.984822934232724,-2.5295109612141644,,,-18.456466266526565
paul-silas,Paul Silas,1254.0,34989.0,True,25.21037099494098,20.57335581787521,22.11688522684958,13.57504215851602,36.75331001061146,27.90893760539629,91.46024255959556,92.7487352445194,50.4803219563043,51.186440677966104,91.98635976129582,91.98635976129582,47.75625776952451,48.31365935919056,-4.63701517706577,-8.54184306833356,-8.844372405215168,1.2884926849238383,0.7061187216618023,0.0,0.5574015896660498
paul-westphal,Paul Westphal,823.0,20947.0,True,86.41483979763912,90.55649241146712,73.50319326748043,82.46205733558179,76.37785538010016,89.12310286677909,6.961478526040853,3.6256323777403034,62.79198875317282,69.91525423728814,85.08098891730606,85.08098891730606,69.0368432157975,92.66441821247892,4.1416526138280005,8.958864068101363,12.745247486678934,-3.3358461483005497,7.123265484115322,0.0,23.627574996681417
peja-stojakovi,Peja Stojaković,804.0,26966.0,True,70.59464586846543,75.80101180438449,86.4976665642323,96.20573355817875,58.72520451334096,61.55143338954469,40.299511534638704,40.80944350758853,25.512898347035406,13.728813559322035,92.24211423699914,92.24211423699914,62.0457597701953,83.05227655986509,5.206365935919052,9.708066993946446,2.8262288762037286,0.5099319729498291,-11.784084787713372,0.0,21.00651678966979
pervis-ellison,Pervis Ellison,474.0,11593.0,True,40.24557335581788,39.713322091062395,57.9914476783491,61.29848229342327,17.58191372455091,7.335581787521079,84.80974543789517,86.50927487352445,60.556725441495146,66.61016949152543,3.751065643648764,3.7510656436487637,43.17508194485618,32.04047217537943,-0.5322512647554873,3.3070346150741727,-10.24633193702983,1.6995294356292732,6.053444050030279,-4.440892098500626e-16,-11.134609769476754
pete-maravich,Pete Maravich,658.0,24316.0,True,93.48693086003374,96.29005059021922,44.319411775549966,42.66441821247892,47.64479386037603,43.3389544688027,21.767548181157792,20.48903878583474,20.667082227811203,8.64406779661017,1.619778346121057,1.619778346121057,41.88862226778358,27.403035413153457,2.803119730185486,-1.654993563071045,-4.305839391573336,-1.2785093953230522,-12.023014431201034,0.0,-14.485586854630125
phil-chenier,Phil Chenier,578.0,19116.0,True,68.77845699831366,73.52445193929174,32.69076964941838,27.06576728499157,46.909454489899446,41.48397976391231,20.297037267338045,19.05564924114671,71.57641809716374,84.32203389830508,64.70588235294117,64.70588235294117,53.26549839489024,63.827993254637434,4.745994940978079,-5.625002364426809,-5.4254747259871365,-1.2413880261913341,12.74561580114134,0.0,10.562494859747197
phil-ford,Phil Ford,482.0,13503.0,True,42.97828836424958,42.83305227655986,46.30922384642062,44.94097807757167,67.82561465360986,78.24620573355818,1.1087087215474305,0.25295109612141653,33.77249268270849,24.576271186440678,36.91389599317988,36.91389599317988,40.99421751423886,24.620573355817875,-0.1452360876897174,-1.3682457688489507,10.420591079948323,-0.855757625426014,-9.19622149626781,0.0,-16.373644158420987
phil-hubbard,Phil Hubbard,665.0,15863.0,True,60.75042158516021,61.973018549747046,56.9374333804862,59.94940978077572,24.02010275700317,13.069139966273188,70.9851239896566,70.57335581787521,27.088979581882327,15.254237288135593,16.027280477408354,16.027280477408354,41.75735762152066,26.81281618887015,1.2225969645868346,3.0119764002895195,-10.950962790729982,-0.41176817178138947,-11.834742293746734,0.0,-14.94454143265051
phil-jackson,Phil Jackson,807.0,14201.0,True,32.66231028667791,30.438448566610454,33.97944270002681,29.005059021922428,27.675374254982117,17.537942664418214,63.13504337861994,62.81618887015177,53.32419430771509,55.33898305084746,34.69735720375107,34.69735720375107,39.608490748041696,20.82630691399663,-2.223861720067454,-4.974383678104381,-10.137431590563903,-0.31885450846817065,2.014788743132371,0.0,-18.782183834045068
phil-jordon,Phil Jordon,442.0,10792.0,True,43.99789207419899,44.35075885328836,8.052940660258097,2.5295109612141653,29.39138865383979,19.561551433389546,67.8752107925801,67.03204047217538,15.089514066496164,4.322033898305085,9.2924126172208,9.292412617220801,26.93883334122237,1.6020236087689714,0.3528667790893749,-5.523429699043931,-9.829837220450244,-0.8431703204047238,-10.76748016819108,1.7763568394002505e-15,-25.3368097324534
phil-smith,Phil Smith,659.0,19166.0,True,71.13090219224284,76.30691399662732,47.79457439141032,47.470489038785836,60.15466715058249,64.58684654300168,21.35663577574551,20.15177065767285,45.35667165112555,42.71186440677966,49.36061381074169,49.36061381074169,51.6345078671358,59.19055649241147,5.176011804384473,-0.32408535262448623,4.432179392419194,-1.2048651180726608,-2.644807244345891,0.0,7.556048625275665
pooh-richardson,Pooh Richardson,639.0,19399.0,True,35.581155143338954,34.232715008431704,18.28091914739996,9.27487352445194,78.31144191524575,91.73693086003372,18.89012499866771,17.36930860033727,33.065088005260044,23.305084745762713,25.234441602728047,25.234441602728047,36.50598636222442,14.586846543001686,-1.34844013490725,-9.00604562294802,13.425488944787972,-1.5208163983304388,-9.760003259497331,0.0,-21.919139819222735
popeye-jones,Popeye Jones,535.0,12579.0,True,15.640598650927489,10.118043844856661,14.88714651801596,6.070826306913997,29.848015537171527,20.06745362563238,94.22722453796676,96.20573355817875,36.48246751503574,28.220338983050848,15.345268542199488,15.345268542199488,30.442412232809836,4.806070826306914,-5.522554806070827,-8.816320211101964,-9.780561911539149,1.9785090202119875,-8.262128531984889,0.0,-25.636341406502922
purvis-short,Purvis Short,842.0,24549.0,True,85.60118043844857,90.21922428330522,41.28484949777737,38.954468802698145,59.08216078344232,62.31028667790894,43.96494172095522,44.01349072512647,21.83099315276652,9.830508474576272,13.469735720375107,13.469735720375107,45.9872297718135,41.48397976391231,4.618043844856658,-2.330380695079228,3.228125894466622,0.04854900417125663,-12.000484678190249,0.0,-4.503250007901194
quentin-richardson,Quentin Richardson,783.0,20785.0,True,44.17010961214165,44.68802698145025,24.488374400450432,16.69477234401349,53.968404870445084,53.709949409780776,56.35984989925636,56.91399662731872,26.184545766060623,14.491525423728813,47.65558397271952,47.65558397271952,40.54443942014071,22.93423271500843,0.5179173693085986,-7.793602056436942,-0.25845546066430813,0.5541467280623564,-11.69302034233181,0.0,-17.61020670513228
quinn-buckner,Quinn Buckner,719.0,16245.0,True,24.96268971332209,20.15177065767285,15.623456306632704,6.408094435075886,57.14190267810125,58.768971332209105,31.01393865016209,32.46205733558179,60.57510208233703,66.77966101694915,62.48934356351237,62.489343563512364,41.89784791572512,27.487352445193928,-4.81091905564924,-9.21536187155682,1.6270686541078518,1.4481186854197006,6.204558934612116,-7.105427357601002e-15,-14.410495470531195
quintin-dailey,Quintin Dailey,528.0,12170.0,True,93.81618887015176,96.71163575042158,20.6287233133232,12.141652613827993,47.89543028812028,44.18212478920742,26.0335380853173,26.559865092748737,30.5441073114608,20.25423728813559,17.988064791133844,17.988064791133844,42.368317130343726,28.836424957841484,2.895446880269816,-8.487070699495206,-3.7133054989128595,0.526327007431437,-10.289870023325207,0.0,-13.531892172502243
rj-barrett,RJ Barrett,444.0,14540.0,True,90.45720910623947,93.84485666104553,36.270026995341816,32.46205733558179,58.963144902009326,61.973018549747046,45.9696646822032,46.45868465430017,28.570430677025783,17.54237288135593,32.82182438192668,32.82182438192668,50.205259981367696,55.39629005059022,3.387647554806051,-3.807969659760026,3.00987364773772,0.489019972096969,-11.028057795669852,0.0,5.191030069222521
raef-lafrentz,Raef LaFrentz,563.0,14545.0,True,40.88174536256324,40.3035413153457,71.01838833362808,79.25801011804384,45.73518677273709,39.79763912310287,74.26486878572265,73.94603709949409,60.59825867494257,66.86440677966101,73.1457800511509,73.1457800511509,58.98413585605314,76.89713322091062,-0.5782040472175396,8.23962178441576,-5.937547649634219,-0.31883168622856317,6.2661481047184395,0.0,17.912997364857475
rafer-alston,Rafer Alston,671.0,19392.0,True,35.691610455311974,34.56998313659359,16.96499529089558,7.504215851602024,70.6957828240505,82.79932546374367,16.868934319505314,14.418212478920742,52.417316463508726,53.728813559322035,59.42028985507246,59.42028985507246,43.19370267843728,32.377740303541316,-1.1216273187183816,-9.460779439293557,12.103542639693174,-2.4507218405845723,1.3114970958133085,0.0,-10.815962374895967
raja-bell,Raja Bell,706.0,19813.0,True,25.868887015177062,21.079258010118043,62.10704228440209,67.8752107925801,48.39446706355149,44.68802698145025,21.7922413545298,20.57335581787521,39.71713655702223,34.83050847457627,47.570332480818415,47.570332480818415,41.71765662420762,26.644182124789207,-4.78962900505902,5.7681685081780145,-3.7064400821012384,-1.2188855366545894,-4.886628082445959,0.0,-15.073474499418413
rajon-rondo,Rajon Rondo,957.0,28571.0,True,20.93570826306914,15.51433389544688,24.11033835012944,16.104553119730184,66.77791414971428,76.64418212478921,45.27396688343758,45.78414839797639,58.94369918369407,64.15254237288136,62.31884057971015,62.31884057971015,45.50257694034632,39.54468802698145,-5.421374367622262,-8.005785230399255,9.866267975074933,0.5101815145388073,5.208843189187284,0.0,-5.957888913364876
ralph-sampson,Ralph Sampson,456.0,13591.0,True,75.2306070826307,80.43844856661046,30.14682797226185,23.18718381112985,41.28063815112941,33.97976391231029,84.48484476896428,86.17200674536257,60.2587747488496,66.27118644067797,58.48252344416027,58.48252344416027,56.72086963420937,71.75379426644182,5.207841483979763,-6.959644161132001,-7.3008742388191195,1.6871619763982864,6.012411691828362,0.0,15.032924632232444
ramon-sessions,Ramon Sessions,691.0,16119.0,True,69.07356661045532,73.86172006745363,39.56284833341597,36.930860033726816,68.23092196378822,79.51096121416526,28.746970350791344,30.101180438448566,17.328411697333138,6.52542372881356,8.610400682011935,8.610400682011935,40.86411029395915,24.198988195615513,4.788153456998316,-2.631988299689155,11.280039250377044,1.354210087657222,-10.802987968519577,0.0,-16.665122098343637
randy-breuer,Randy Breuer,681.0,12499.0,True,38.75590219224284,38.195615514333895,13.612603130079256,4.8903878583473865,20.427740818919453,9.443507588532883,75.81418951465352,75.54806070826307,70.51962592688915,82.03389830508475,37.59590792838875,37.59590792838875,41.01830500401727,24.78920741989882,-0.5602866779089481,-8.72221527173187,-10.98423323038657,-0.266128806390455,11.5142723781956,0.0,-16.229097584118453
randy-brown,Randy Brown,655.0,11533.0,True,14.612774030354132,9.190556492411467,6.9149793103027255,1.93929173693086,45.06352393588235,38.36424957841484,25.768362220231083,26.0539629005059,68.83400349218034,79.32203389830508,3.3248081841432224,3.3248081841432224,29.200013226803808,3.372681281618887,-5.4222175379426645,-4.975687573371865,-6.699274357467509,0.28560068027481833,10.488030406124736,0.0,-25.82733194518492
randy-foye,Randy Foye,752.0,19279.0,True,44.60328836424958,45.531197301854974,37.04334881987846,33.38954468802698,61.02723509614681,66.86340640809443,10.2250066870461,6.57672849915683,29.890648175435427,18.8135593220339,14.23699914748508,14.236999147485081,35.54711299987188,12.984822934232715,0.9279089376053946,-3.65380413185148,5.8361713119476235,-3.6482781878892707,-11.077088853401527,1.7763568394002505e-15,-22.56229006563916
randy-smith,Randy Smith,976.0,31444.0,True,67.59443507588533,71.75379426644182,39.1719524262559,36.59359190556492,68.38440923764111,79.59527824620574,23.581018387015312,22.4283305227656,37.79191930552227,30.93220338983051,52.088661551577154,52.088661551577154,49.94539221588251,54.30016863406408,4.159359190556486,-2.5783605206909783,11.210869008564629,-1.1526878642497138,-6.859715915691762,0.0,4.354776418181572
randy-wittman,Randy Wittman,543.0,11594.0,True,19.343170320404724,13.827993254637438,43.495308768774194,41.73693086003372,65.4843233332828,74.70489038785834,4.605310283900577,1.93929173693086,26.023797140810697,14.322033898305085,35.549872122762146,35.549872122762146,33.97251758699579,9.949409780775717,-5.515177065767286,-1.7583779087404707,9.22056705457554,-2.666018546969717,-11.701763242505612,0.0,-24.023107806220075
rashard-lewis,Rashard Lewis,1049.0,33541.0,True,65.51075042158516,68.97133220910624,80.06751546638965,90.64080944350759,55.24214898486078,55.48060708263069,52.95364205547213,53.45699831365936,58.9810282624411,64.40677966101696,90.62233589087808,90.62233589087809,67.04824309912344,90.3035413153457,3.460581787521079,10.573293977117942,0.23845809776990734,0.5033562581872317,5.425751398575855,1.4210854715202004e-14,23.255298216222258
rasheed-wallace,Rasheed Wallace,1109.0,36243.0,True,64.88448566610455,68.12816188870151,63.0089358233763,68.63406408094436,47.009637147036905,41.90556492411467,64.78441284246885,64.58684654300168,82.42395125421599,95.9322033898305,90.19607843137256,90.19607843137256,68.24386445543301,91.65261382799325,3.24367622259696,5.625128257568058,-5.104072222922234,-0.19756629946716942,13.508252135614512,0.0,23.408749372560237
rasho-nesterovi,Rasho Nesterović,811.0,17983.0,True,16.15872681281619,10.623946037099493,32.74054578156687,27.234401349072513,25.73779708548357,15.09274873524452,77.2132193599417,76.64418212478921,74.58893291879818,88.38983050847457,77.66410912190963,77.66410912190963,47.26767642664363,45.952782462057336,-5.534780775716698,-5.506144432494359,-10.645048350239051,-0.5690372351524928,13.800897589676396,0.0,-1.3148939645862967
rasual-butler,Rasual Butler,809.0,17219.0,True,32.9287521079258,31.02866779089376,25.029353836794684,17.537942664418214,27.48880847988673,17.200674536256322,26.523862592766825,26.981450252951095,48.45249796535069,48.389830508474574,16.28303495311168,16.28303495311168,30.712734522568542,5.564924114671164,-1.900084317032043,-7.49141117237647,-10.288133943630406,0.4575876601842701,-0.06266745687611319,0.0,-25.147810407897378
ray-allen,Ray Allen,1300.0,46344.0,True,79.84401349072513,84.31703204047217,86.73328784448198,96.54300168634065,74.69998656553287,87.35244519392917,32.891991180770056,33.97976391231029,23.68020171206185,11.779661016949152,89.34356351236147,89.34356351236147,65.27787258250973,88.61720067453625,4.473018549747039,9.809713841858667,12.652458628396303,1.087772731540234,-11.9005406951127,0.0,23.33932809202652
ray-felix,Ray Felix,637.0,15187.0,True,58.87710792580101,59.6964586846543,40.1010322017537,37.52107925801012,14.039949843273607,5.733558178752108,95.61551433389543,97.3018549747049,44.671781756180735,41.52542372881356,27.791986359761296,27.791986359761296,44.246701868128056,35.83473861720068,0.8193507588532896,-2.579952943743585,-8.306391664521499,1.6863406408094619,-3.146358027367178,0.0,-8.411963250927379
ray-scott,Ray Scott,684.0,21339.0,True,53.95446880269815,54.89038785834739,9.124122735239776,3.1197301854974704,53.24946224379732,52.27655986509275,82.20910623946037,83.22091062394604,23.444160272804773,11.35593220338983,58.65302642796249,58.65302642796249,43.25708583424554,32.63069139966273,0.9359190556492365,-6.004392549742306,-0.9729023787045676,1.0118043844856714,-12.088228069414942,0.0,-10.626394434582807
ray-williams,Ray Williams,655.0,18462.0,True,82.9818718381113,87.68971332209107,26.100031996515213,18.718381112984822,75.31546297417688,88.27993254637437,35.82211008140993,36.76222596964587,44.867243406634906,41.86440677966102,63.853367433930096,63.853367433930096,56.206138305802426,70.74198988195616,4.707841483979763,-7.381650883530391,12.964469572197487,0.9401158882359368,-3.002836626973888,0.0,14.535851576153732
raymond-felton,Raymond Felton,971.0,28829.0,True,42.58600337268128,42.41146711635751,18.95728725597729,9.865092748735245,71.56673680904775,83.81112984822934,21.134948683099644,19.898819561551434,48.63180607837924,48.813559322033896,50.12787723785166,50.12787723785166,43.52431926075205,33.55817875210793,-0.17453625632377623,-9.092194507242043,12.244393039181588,-1.2361291215482098,0.18175324365465428,0.0,-9.966140508644123
red-kerr,Red Kerr,905.0,27784.0,True,42.27508431703204,41.989881956155145,26.565693759590918,19.139966273187184,36.03038345919789,26.897133220910625,88.1956155143339,89.7133220910624,,,,,43.58323367186985,33.97976391231029,-0.28520236087689455,-7.4257274864037335,-9.133250238287268,1.5177065767285,,,-9.603469759559559
reggie-bullock,Reggie Bullock,556.0,12556.0,True,11.411888701517707,5.480607082630692,73.32876539499756,82.20910623946037,45.84028595655505,40.05059021922428,23.076296332747575,22.006745362563237,45.299090678719935,42.54237288135593,59.07928388746803,59.07928388746803,43.19133955907368,32.29342327150084,-5.931281618887016,8.880340844462808,-5.789695737330767,-1.0695509701843378,-2.7567177973640042,0.0,-10.89791628757284
reggie-evans,Reggie Evans,809.0,15572.0,True,24.8575042158516,20.06745362563238,17.06173246174891,7.75716694772344,7.535019258269886,2.2765598650927488,99.13925817557376,99.57841483979765,52.716736884106126,54.40677966101695,31.9693094629156,31.9693094629156,34.66774241552378,10.961214165261383,-4.79005059021922,-9.30456551402547,-5.258459393177137,0.4391566642238871,1.690042776910822,0.0,-23.7065282502624
reggie-jackson,Reggie Jackson,884.0,21859.0,True,67.41420741989882,71.58516020236088,31.138210661995203,24.536256323777405,78.10204666898117,91.2310286677909,24.54116120799984,23.777403035413155,23.69829142801237,11.864406779661017,48.16709292412617,48.16709292412617,46.965125560755006,44.772344013490724,4.1709527824620665,-6.601954338217798,13.12898199880972,-0.7637581725866838,-11.833884648351354,0.0,-2.192781547264282
reggie-king,Reggie King,438.0,11345.0,True,24.818296795952783,19.81450252951096,64.35290311371392,70.57335581787521,34.888648893772675,25.29510961214165,71.21044535698263,70.74198988195616,53.10506890538608,54.83050847457627,64.27962489343564,64.27962489343564,49.60299862471235,53.54131534569983,-5.0037942664418225,6.220452704161289,-9.593539281631024,-0.4684554750264738,1.7254395691901934,0.0,3.93831672098748
reggie-lewis,Reggie Lewis,450.0,14676.0,True,81.75548060708263,86.17200674536257,54.70481643968134,56.99831365935919,67.6629304646384,77.99325463743676,39.7144175220899,40.38785834738617,66.43744142917603,75.42372881355932,83.88746803069054,83.88746803069054,67.15960087399195,90.55649241146712,4.416526138279934,2.293497219677853,10.330324172798356,0.673440825296268,8.986287384383289,0.0,23.39689153747517
reggie-miller,Reggie Miller,1389.0,47619.0,True,80.85223440134908,85.41315345699832,94.94456500047583,99.49409780775717,73.88302754743243,86.34064080944351,14.171006270568018,11.2141652613828,38.8939386480037,33.47457627118644,92.66837169650468,92.66837169650469,68.33638710593183,91.73693086003372,4.5609190556492365,4.549532807281338,12.45761326201108,-2.9568410091852186,-5.419362376817254,1.4210854715202004e-14,23.40054375410189
reggie-theus,Reggie Theus,1026.0,34603.0,True,83.23313659359191,88.11129848229342,58.74036556931897,62.22596964586847,70.97440792067769,83.05227655986509,21.76073935291464,20.404721753794266,22.616993881381603,10.338983050847459,22.6768968456948,22.6768968456948,49.864944029418936,54.13153456998314,4.878161888701513,3.4856040765494996,12.0778686391874,-1.3560175991203742,-12.278010830534145,0.0,4.266590540564202
reggie-williams,Reggie Williams,805.0,19749.0,True,59.46880269814503,60.20236087689713,30.38169638086083,23.69308600337268,47.44341317764562,42.748735244519395,44.683677937143685,44.60370994940978,72.74045670752223,85.59322033898304,43.47826086956522,43.47826086956522,51.011723002456,57.92580101180438,0.733558178752098,-6.68861037748815,-4.694677933126222,-0.07996798773390168,12.852763631460817,0.0,6.91407800934838
rex-chapman,Rex Chapman,666.0,19542.0,True,72.61762225969646,77.99325463743676,35.07613531684736,30.775716694772346,56.79872392527314,58.09443507588533,12.340539953970003,9.190556492411467,19.831439028853563,8.220338983050848,2.387041773231032,2.3870417732310316,36.64529425584473,15.008431703204048,5.375632377740303,-4.300418622075018,1.2957111506121919,-3.149983461558536,-11.611100045802715,-4.440892098500626e-16,-21.636862552640686
rich-kelley,Rich Kelley,814.0,17711.0,True,27.727655986509276,23.18718381112985,65.42903748019772,71.83811129848229,55.36905158442767,55.64924114671164,89.2296894247282,90.47217537942664,76.90251063456502,91.27118644067797,88.57630008525149,88.57630008525149,63.99660725695284,86.6779089376054,-4.540472175379428,6.409073818284568,0.2801895622839652,1.242485954698438,14.368675806112947,0.0,22.681301680652552
richard-hamilton,Richard Hamilton,921.0,29559.0,True,91.44224283305228,94.5193929173693,46.86642358981257,46.290050590219224,69.43592847030267,81.19730185497471,25.52947348844012,25.379426644182125,19.842053748089576,8.305084745762711,44.75703324808184,44.75703324808184,51.914076891826376,59.6964586846543,3.077150084317026,-0.576372999593346,11.76137338467204,-0.15004684425799653,-11.536969002326865,0.0,7.782381792827927
richard-jefferson,Richard Jefferson,1181.0,34293.0,True,64.1089797639123,66.77908937605396,79.54256106034627,90.05059021922429,49.898873379999046,47.470489038785836,40.44221813976761,41.14671163575042,45.91348885290776,43.30508474576271,60.69906223358909,60.69906223358909,57.7447582288363,74.11467116357504,2.6701096121416583,10.508029158878017,-2.42838434121321,0.7044934959828097,-2.6084041071450486,0.0,16.369912934738743
richie-guerin,Richie Guerin,848.0,27449.0,True,67.98018549747049,72.25969645868466,41.24793358047355,38.87015177065767,86.21882919724399,97.5548060708263,35.58178752107926,36.34064080944351,15.942028985507246,5.254237288135593,92.92412617220802,92.92412617220802,56.00930491954611,70.23608768971332,4.2795109612141715,-2.377781809815879,11.335976873582311,0.75885328836425,-10.687791697371653,0.0,14.226782770167205
rick-adelman,Rick Adelman,462.0,10427.0,True,19.66631534569984,14.165261382799326,8.731117609807814,2.9510961214165263,44.52488712580116,37.68971332209106,15.456962836919509,12.563237774030354,53.64619848415865,55.932203389830505,10.82693947144075,10.82693947144075,27.33320154490236,1.854974704890388,-5.501053962900514,-5.780021488391288,-6.835173803710099,-2.893725062889155,2.2860049056718523,0.0,-25.47822684001197
rick-barry,Rick Barry,794.0,28825.0,True,87.320826306914,91.31534569983137,47.93120748876308,47.807757166947724,76.38577365699513,89.20741989881957,35.740781944020746,36.59359190556492,59.6981363317606,65.2542372881356,87.38277919863597,87.38277919863597,67.33030642990943,90.80944350758853,3.9945193929173684,-0.12345032181535487,12.821646241824439,0.8528099615441747,5.556100956374998,0.0,23.4791370776791
rick-fox,Rick Fox,930.0,23723.0,True,35.67495784148398,34.401349072512645,63.16947374384673,68.71838111298483,61.01086390218369,66.77908937605396,47.14688256445306,47.13322091062395,46.1024520714429,43.728813559322035,37.76641091219096,37.76641091219096,48.75683090128421,51.09612141652614,-1.2736087689713358,5.5489073691380995,5.768225473870274,-0.013661653829110776,-2.3736385121208627,0.0,2.3392905152419274
rick-mahorn,Rick Mahorn,1117.0,25779.0,True,15.830522765598651,10.286677908937605,46.67729655371254,45.78414839797639,8.760950751222534,2.782462057335582,79.40124088402148,79.42664418212479,74.49294755664931,88.13559322033899,68.88320545609548,68.88320545609548,45.67994160873305,40.05059021922428,-5.543844856661046,-0.8931481557361494,-5.978488693886952,0.025403298103313432,13.642645663689677,0.0,-5.62935138950877
rick-roberson,Rick Roberson,423.0,10356.0,True,33.80185497470489,31.956155143338954,12.607785865571852,4.2158516020236085,17.838962480707288,7.588532883642496,91.7235900013026,93.42327150084317,55.40169835902472,58.220338983050844,23.10315430520034,23.10315430520034,36.07102815041498,13.57504215851602,-1.845699831365934,-8.391934263548244,-10.250429597064791,1.6996814995405742,2.8186406240261235,0.0,-22.495985991898962
rickey-green,Rickey Green,946.0,23271.0,True,29.305227655986517,25.54806070826307,34.469923222707266,29.93254637436762,75.97670137421395,88.87015177065767,9.287330855580867,5.649241146711636,41.19106018531425,36.355932203389834,49.01960784313726,49.01960784313726,41.57246679436549,26.222596964586845,-3.757166947723448,-4.537376848339644,12.893450396443725,-3.6380897088692317,-4.8351279819244155,0.0,-15.349869829778644
ricky-davis,Ricky Davis,736.0,21927.0,True,69.03815345699832,73.77740303541316,48.706301494027336,48.90387858347386,55.50953404937325,55.98650927487353,32.615694745087616,33.72681281618887,28.567695284528,17.45762711864407,5.285592497868713,5.285592497868713,42.418223081563845,29.0893760539629,4.739249578414842,0.19757708944652563,0.4769752255002757,1.1111180711012523,-11.11006816588393,0.0,-13.328847027600943
ricky-pierce,Ricky Pierce,969.0,23665.0,True,92.55354131534573,95.27824620573355,79.93312833249486,90.38785834738617,65.60598186674915,74.87352445193929,24.778547735906308,24.283305227655987,22.22729278030277,10.084745762711865,73.91304347826087,73.91304347826087,61.733215036829,82.20910623946037,2.7247048903878266,10.454730014891311,9.267542585190142,-0.4952425082503211,-12.142547017590903,0.0,20.475891202631367
ricky-rubio,Ricky Rubio,698.0,20694.0,True,39.37689713322092,38.61720067453626,19.50516513407648,10.876897133220911,67.8506340750246,78.33052276559864,33.999685414603086,34.73861720067454,65.36335398961211,74.0677966101695,81.84143222506394,81.84143222506394,51.29065440112176,58.768971332209105,-0.7596964586846653,-8.62826800085557,10.479888690574043,0.7389317860714542,8.704442620557387,0.0,7.478316931087342
ricky-sobers,Ricky Sobers,821.0,22992.0,True,61.82904721753795,63.069139966273184,42.31967881357772,39.96627318718381,54.10717076921036,54.13153456998314,18.213740802617373,16.61045531197302,46.71568364838523,45.0,36.231884057971016,36.231884057971016,45.86952623018741,40.72512647554806,1.2400927487352362,-2.353405626393908,0.024363800772775335,-1.6032854906443532,-1.7156836483852302,0.0,-5.144399754639352
rik-smits,Rik Smits,867.0,23100.0,True,87.90430016863405,91.73693086003372,62.22738560631079,67.95952782462058,41.64796489966778,34.48566610455312,71.89311620225824,71.66947723440136,58.04896132195168,62.45762711864407,69.73572037510657,69.73572037510657,64.8513148410698,88.11129848229342,3.8326306913996717,5.732142218309789,-7.162298795114658,-0.22363896785688553,4.4086657966923894,0.0,23.259983641223627
robert-covington,Robert Covington,614.0,17334.0,True,26.0529089376054,21.41652613827993,63.71555252367206,69.73018549747049,24.020915700757605,13.15345699831366,52.65064055391975,52.951096121416526,87.99536456841211,98.47457627118644,60.869565217391305,60.869565217391305,52.34792754411024,61.55143338954469,-4.636382799325471,6.014632973798427,-10.867458702443946,0.30045556749677615,10.479211702774322,0.0,9.20350584543445
robert-horry,Robert Horry,1107.0,27069.0,True,11.968802698145025,6.070826306913997,40.95775694755153,38.53288364249578,57.00242056210256,58.43170320404722,63.04416486603836,62.563237774030355,89.14167700046309,98.89830508474576,93.35038363171356,93.35038363171356,57.07686699267472,72.76559865092749,-5.897976391231028,-2.4248733050557476,1.4292826419446598,-0.48092709200800243,9.756628084282667,0.0,15.68873165825277
robert-pack,Robert Pack,552.0,11462.0,True,68.08410623946037,72.51264755480607,24.887531606035907,17.36930860033727,62.04535294202911,68.63406408094436,20.7205804898956,19.477234401349072,45.32671805337362,42.6271186440678,35.294117647058826,35.294117647058826,45.27045091101048,38.61720067453626,4.428541315345697,-7.518223005698637,6.588711138915244,-1.2433460885465273,-2.6995994093058187,0.0,-6.653250236474221
robert-parish,Robert Parish,1611.0,45704.0,True,70.39797639123103,75.54806070826307,72.58333764883179,81.28161888701517,34.40750666971312,24.620573355817875,92.9885635680508,94.8566610455312,74.06935216268943,87.45762711864407,88.49104859335038,88.49104859335038,69.86190842286982,93.3389544688027,5.150084317032039,8.698281238183384,-9.786933313895247,1.8680974774804042,13.388274955954643,0.0,23.47704604593288
robert-reid,Robert Reid,919.0,25109.0,True,43.52740303541315,43.507588532883645,18.50370713859474,9.527824620573355,61.20529201351884,67.11635750421586,50.28734868128369,50.92748735244519,56.48751025626444,59.57627118644068,51.66240409207161,51.66240409207161,46.60519866968042,43.507588532883645,-0.019814502529506228,-8.975882518021386,5.911065490697013,0.6401386711615018,3.0887609301762353,0.0,-3.0976101367967743
robin-lopez,Robin Lopez,992.0,20937.0,True,36.87015177065767,36.08768971332209,76.10104508053419,85.58178752107926,22.847487790853528,11.888701517706577,73.88457512097948,73.52445193929174,65.2961210785756,73.89830508474576,60.78431372549019,60.78431372549019,54.20775322734047,65.43001686340641,-0.7824620573355787,9.480742440545072,-10.95878627314695,-0.36012318168774016,8.602184006170162,0.0,11.22226363606594
rod-higgins,Rod Higgins,779.0,17189.0,True,39.67137436762226,38.954468802698145,73.64573838574299,82.71500843170321,50.56306667138629,48.4822934232715,49.521010836751415,49.24114671163575,43.23171569640853,38.983050847457626,33.589087809036656,33.589087809036656,48.67243591516828,50.843170320404724,-0.7169055649241187,9.069270045960224,-2.080773248114788,-0.2798641251156653,-4.248664848950902,0.0,2.170734405236445
rod-strickland,Rod Strickland,1094.0,33634.0,True,66.45805227655987,70.40472175379426,32.26874049632026,26.39123102866779,79.96417733194968,93.42327150084317,35.83929749645603,36.84654300168634,47.55373791439242,46.186440677966104,66.66666666666667,66.66666666666667,55.76740948440693,69.13996627318718,3.946669477234394,-5.877509467652473,13.459094168893486,1.0072455052303155,-1.3672972364263174,0.0,13.372556788780251
rod-thorn,Rod Thorn,466.0,10376.0,True,53.40767284991568,53.79426644182125,27.275332465259247,20.236087689713322,38.23160142610013,29.84822934232715,28.010689175256186,29.342327150084316,69.47996589940324,80.2542372881356,20.545609548167093,20.545609548167093,42.083555502712926,28.246205733558178,0.38659359190557296,-7.039244775545924,-8.383372083772976,1.33163797482813,10.774271388732359,0.0,-13.837349769154748
rodney-hood,Rodney Hood,448.0,10977.0,True,46.889966273187184,47.72344013490725,42.39930473804564,40.3035413153457,53.37073665946244,52.44519392917369,19.85330246750156,18.043844856661046,48.26037677097526,47.71186440677966,64.02387041773231,64.02387041773231,46.99649532586548,44.8566610455312,0.8334738617200657,-2.095763422699946,-0.9255427302887469,-1.8094576108405143,-0.5485123641956022,0.0,-2.1398342803342842
rodney-mccray,Rodney McCray,768.0,24876.0,True,28.0716694772344,23.60876897133221,67.48489828499089,75.21079258010118,59.51910304631459,63.069139966273184,62.33364383626972,62.31028667790894,46.355152930472784,44.40677966101695,52.25916453537937,52.25916453537937,51.34610453626096,58.93760539629005,-4.462900505902191,7.725894295110294,3.5500369199585933,-0.023357158360781227,-1.9483732694558356,0.0,7.591500860029093
rodney-rogers,Rodney Rogers,866.0,21873.0,True,62.61403878583474,63.99662731871838,52.38308829604527,53.709949409780776,50.49003939232996,48.31365935919056,58.5522217546988,58.68465430016863,49.65512046230847,49.83050847457627,38.61892583120205,38.61892583120205,52.33253310499184,61.46711635750422,1.382588532883645,1.3268611137355037,-2.1763800331394023,0.13243254546983252,0.17538801226780265,0.0,9.134583252512378
rodney-stuckey,Rodney Stuckey,651.0,17890.0,True,79.46732715008433,83.97976391231029,24.293648652514843,16.357504215851602,62.00841425456887,68.38111298482293,27.369539741178123,28.246205733558178,33.97457436847141,24.74576271186441,22.84739982949701,22.847399829497014,44.18095227679201,35.49747048903878,4.51243676222596,-7.936144436663241,6.372698730254065,0.8766659923800546,-9.228811656607,3.552713678800501e-15,-8.68348178775323
rolando-blackman,Rolando Blackman,980.0,32087.0,True,83.44013490725126,88.27993254637437,72.1197053983201,80.52276559865092,67.86851312028416,78.41483979763912,24.79716938092171,24.367622259696457,17.029234087721065,6.016949152542373,35.46462063086104,35.46462063086104,52.68317970250625,62.563237774030355,4.8397976391231055,8.403060200330827,10.546326677354955,-0.4295471212252515,-11.012284935178691,0.0,9.880058071524104
ron-anderson,Ron Anderson,664.0,15112.0,True,61.07904721753795,62.39460370994941,36.3668312533832,32.546374367622256,47.31882079245568,42.58010118043845,48.41179695349443,48.31365935919056,30.517542226862048,20.0,34.61210571184996,34.612105711849956,43.138608208347655,31.78752107925801,1.31555649241146,-3.8204568857609402,-4.738719612017235,-0.09813759430387137,-10.517542226862048,-7.105427357601002e-15,-11.351087129089645
ron-brewer,Ron Brewer,501.0,12892.0,True,56.83284148397976,57.58853288364249,22.040318622772418,13.490725126475548,37.46819289835948,28.920741989881957,13.521201068040876,10.876897133220911,44.47774155203418,41.271186440677965,5.882352941176471,5.882352941176471,33.187492440209645,8.263069139966273,0.7556913996627301,-8.54959349629687,-8.547450908477526,-2.6443039348199644,-3.2065551113562165,0.0,-24.924423300243372
ron-harper,Ron Harper,1009.0,31199.0,True,66.67369308600337,70.57335581787521,29.218365857706605,22.4283305227656,62.56279479912947,69.56155143338954,42.94253303985406,42.66441821247892,85.27332749743688,96.94915254237289,87.04177323103154,87.04177323103154,63.16961839029248,84.90725126475549,3.8996627318718424,-6.790035334941006,6.998756634260069,-0.27811482737514126,11.675825044936005,0.0,21.73763287446301
ron-mercer,Ron Mercer,432.0,13418.0,True,63.829258010118046,65.93591905564924,12.756320707269465,4.3844856661045535,42.088732459765545,34.991568296795954,25.56101007696026,25.54806070826307,41.91222325078738,36.94915254237288,9.803921568627452,9.803921568627452,35.02784129209292,11.551433389544687,2.1066610455311903,-8.37183504116491,-7.097164162969591,-0.012949368697192654,-4.963070708414499,0.0,-23.476407902548235
ron-williams,Ron Williams,516.0,11478.0,True,34.61361720067454,32.715008431703204,36.15927024853957,32.29342327150084,46.82137848139684,41.31534569983137,5.219209935420897,2.2765598650927488,30.049472703980165,19.06779661016949,3.495311167945439,3.495311167945439,28.88901880321132,3.204047217537943,-1.8986087689713358,-3.8658469770387285,-5.506032781565473,-2.9426500703281486,-10.981676093810673,0.0,-25.684971585673377
ronald-murray,Ronald Murray,487.0,11077.0,True,71.50885328836425,76.64418212478921,17.062141640955094,7.841483979763912,60.31828179859636,65.09274873524451,16.721657633250924,14.249578414839798,53.46251600809809,55.50847457627118,,,47.02719552589951,45.10961214165261,5.135328836424961,-9.220657661191183,4.774466936648153,-2.4720792184111264,2.0459585681730914,,-1.9175833842468961
ronnie-brewer,Ronnie Brewer,502.0,11539.0,True,31.510539629005063,28.499156829679595,54.9104127392186,57.251264755480605,57.9855655713961,60.45531197301855,39.23134635221926,40.3035413153457,67.66149160593363,77.54237288135593,65.47314578005115,65.47314578005115,53.11384839018832,63.490725126475546,-3.0113827993254674,2.340852016262005,2.4697464016224515,1.0721949631264351,9.880881275422297,0.0,10.376876736287223
rony-seikaly,Rony Seikaly,678.0,21395.0,True,72.6410202360877,78.07757166947724,50.21365462645071,50.75885328836425,6.114242322293323,1.5177065767284992,92.00914487421684,93.929173693086,56.00007609158394,59.067796610169495,2.216538789428815,2.216538789428815,45.82743366467391,40.38785834738617,5.436551433389539,0.5451986619135383,-4.5965357455648235,1.9200288188691559,3.0677205185855527,0.0,-5.439575317287741
rory-sparrow,Rory Sparrow,836.0,22550.0,True,18.73060708263069,13.069139966273188,25.223543593815837,17.875210792580102,56.36820529799751,57.33558178752108,9.816068062678058,6.070826306913997,40.78120370059194,36.016949152542374,8.525149190110827,8.525149190110827,28.770459244417086,3.0354131534569984,-5.661467116357503,-7.348332801235735,0.9673764895235664,-3.745241755764061,-4.764254548049564,0.0,-25.73504609096009
roy-hibbert,Roy Hibbert,662.0,16389.0,True,54.69919898819562,55.81787521079258,26.099661796346677,18.634064080944352,20.97151782023508,10.118043844856661,82.01325174256587,83.05227655986509,70.22843309120618,81.69491525423729,39.21568627450981,39.21568627450981,47.36384782689332,46.12141652613828,1.1186762225969602,-7.465597715402325,-10.853473975378417,1.0390248172992216,11.466482163031102,0.0,-1.2424313007550367
roy-hinson,Roy Hinson,507.0,15543.0,True,64.48988195615514,67.53794266441821,56.19505237976439,59.10623946037099,21.910333477634467,10.961214165261383,67.3129837570755,66.52613827993255,57.833218017898254,62.11864406779661,53.367433930093775,53.367433930093775,52.79605632419806,62.90050590219224,3.0480607082630655,2.9111870806066023,-10.949119312373083,-0.786845477142947,4.285426049898355,0.0,10.104449577994181
royce-o-neale,Royce O'Neale,678.0,17930.0,True,4.118043844856661,1.1804384485666104,70.90814469482297,79.17369308600337,60.34600792130021,65.17706576728499,46.62432737437179,46.880269814502526,63.51782736025743,70.9322033898305,73.57203751065644,73.57203751065644,51.98070115017265,60.20236087689713,-2.937605396290051,8.265548391180403,4.831057845984773,0.2559424401307382,7.414376029573077,0.0,8.221659726724482
ruben-patterson,Ruben Patterson,649.0,15955.0,True,68.18865935919055,72.76559865092749,70.46941105447486,78.41483979763912,50.40560950648408,48.14502529510961,60.63928950613251,60.62394603709949,54.95484594565125,57.6271186440678,63.76811594202898,63.768115942028984,61.3620258122588,81.70320404721754,4.5769392917369345,7.945428743164257,-2.2605842113744714,-0.015343469033020085,2.672272698416549,7.105427357601002e-15,20.34117823495874
rudy-gay,Rudy Gay,1120.0,34561.0,True,78.24367622259697,83.13659359190557,48.93607497886572,49.24114671163575,45.20716819121041,38.53288364249578,55.86902304726733,56.492411467116355,56.45164958561493,59.49152542372882,40.32395566922421,40.32395566922421,55.19483036756442,68.04384485666104,4.8929173693085914,0.3050717327700312,-6.674284548714624,0.6233884198490216,3.039875838113886,0.0,12.849014489096618
rudy-gobert,Rudy Gobert,905.0,27811.0,True,45.09822934232715,46.12141652613828,80.79013851121358,91.39966273187184,27.36035284452134,16.947723440134908,98.32425743741632,99.15682967959528,78.70064394599231,92.88135593220339,95.14066496163684,95.14066496163683,67.39489990244587,90.893760539629,1.0231871838111317,10.609524220658258,-10.412629404386433,0.832572242178955,14.18071198621108,-1.4210854715202004e-14,23.498860637183128
rudy-larusso,Rudy LaRusso,736.0,24487.0,True,49.37900505902192,49.494097807757164,43.67178142558636,41.8212478920742,38.64284035585952,30.26981450252951,69.81450252951096,69.47723440134908,41.1764705882353,36.271186440677965,48.84910485933504,48.849104859335036,46.852878971720585,44.18212478920742,0.11509274873524333,-1.8505335335121629,-8.37302585333001,-0.337268128161881,-4.905284147557332,-7.105427357601002e-15,-2.670754182513164
rudy-tomjanovich,Rudy Tomjanovich,768.0,25714.0,True,62.48714165261383,63.91231028667791,63.681806297295466,69.64586846543001,51.61229498927336,49.747048903878586,62.13084510800213,62.05733558178752,13.927862595377626,3.559322033898305,34.0153452685422,34.0153452685422,47.151749428774096,45.61551433389545,1.4251686340640788,5.9640621681345465,-1.865246085394773,-0.07350952621460749,-10.368540561479321,0.0,-1.5362350948786485
rui-hachimura,Rui Hachimura,405.0,11272.0,True,41.800168634064086,41.73693086003372,78.48649529499026,88.61720067453625,41.38041191838887,34.064080944350756,46.2956143998551,46.62731871838111,26.719570946993173,14.915254237288135,24.55242966751918,24.55242966751918,43.45560873171957,33.38954468802698,-0.06323777403036246,10.130705379545986,-7.316330974038117,0.3317043185260147,-11.804316709705038,0.0,-10.066064043692592
russell-westbrook,Russell Westbrook,1301.0,43026.0,True,96.74367622259696,97.97639123102867,32.014805084991934,26.222596964586845,81.48512056236663,94.35075885328837,61.93737576789526,61.804384485666105,57.82509148017383,62.03389830508475,86.615515771526,86.615515771526,69.54025924186372,93.00168634064082,1.2327150084317111,-5.792208120405089,12.865638290921737,-0.13299128222915613,4.208806824910916,0.0,23.461427098777094
ryan-anderson,Ryan Anderson,649.0,16769.0,True,62.99620573355818,64.58684654300168,71.8763913843587,80.26981450252951,46.34189452448437,40.89376053962901,67.59644638324423,66.69477234401349,25.83508363866089,13.983050847457626,68.54219948849105,68.54219948849105,55.3963731392225,68.46543001686341,1.5906408094435065,8.393423118170816,-5.44813398485536,-0.9016740392307412,-11.852032791203264,0.0,13.06905687764091
ryan-gomes,Ryan Gomes,487.0,13463.0,True,34.92242833052276,33.136593591905566,40.74169501488103,38.44856661045531,35.68949837515325,26.39123102866779,54.13332505538747,54.5531197301855,24.548975234398185,12.627118644067796,11.253196930946292,11.253196930946292,32.8550762396838,7.925801011804385,-1.785834738617197,-2.2931284044257225,-9.29826734648546,0.4197946747980268,-11.921856590330389,0.0,-24.929275227879412
sam-bowie,Sam Bowie,511.0,14098.0,True,46.033094435075895,47.048903878583474,24.95459918621888,17.45362563237774,28.67581934035224,18.465430016863408,81.40800781250441,82.29342327150084,56.93343548133879,60.67796610169491,10.400682011935208,10.400682011935208,40.19871420998996,22.259696458684655,1.0158094435075782,-7.500973553841138,-10.210389323488833,0.8854154589964338,3.744530620356123,0.0,-17.939017751305304
sam-cassell,Sam Cassell,993.0,29812.0,True,87.88469645868466,91.65261382799325,63.9049525119582,70.06745362563238,85.3486290043885,97.38617200674537,26.358999914910967,26.897133220910625,30.18601716249501,19.322033898305083,74.50980392156863,74.50980392156863,63.30630591765576,85.1602023608769,3.7679173693085914,6.162501113674182,12.03754300235687,0.5381333059996578,-10.863983264189926,0.0,21.85389644322113
sam-jones,Sam Jones,871.0,24285.0,True,74.11340640809443,79.51096121416526,50.86595726513971,51.5177065767285,58.79339156702496,61.72006745362563,38.61720067453626,39.46037099494098,85.5072463768116,97.20338983050847,89.85507246376811,89.85507246376811,67.84805420020585,91.39966273187184,5.397554806070829,0.6517493115887874,2.9266758866006697,0.8431703204047238,11.696143453696877,0.0,23.55160853166599
sam-lacey,Sam Lacey,1002.0,31873.0,True,13.048271500843173,7.166947723440135,14.540363558363808,5.649241146711636,56.62474031098333,57.75716694772344,79.17815687491358,79.17369308600337,79.46225575529003,93.38983050847457,74.85080988917306,74.85080988917306,49.730389954613415,53.87858347386172,-5.881323777403038,-8.891122411652173,1.1324266367401137,-0.0044637889102148165,13.927574753184544,0.0,4.148193519248302
sam-mitchell,Sam Mitchell,994.0,22257.0,True,54.44329679595278,55.39629005059022,28.944526328804866,22.17537942664418,33.714134542799506,23.777403035413155,55.6520758740512,55.81787521079258,28.309005556114712,16.864406779661017,3.0690537084398977,3.0690537084398977,34.08680964471705,10.118043844856661,0.952993254637434,-6.769146902160685,-9.936731507386352,0.16579933674137948,-11.444598776453695,0.0,-23.96876579986039
sam-perkins,Sam Perkins,1286.0,36598.0,True,53.017284991568296,53.45699831365936,69.3884204044059,77.40303541315346,47.13071782762246,41.989881956155145,65.58755949144468,65.09274873524451,70.72323865960206,82.71186440677967,82.77919863597613,82.77919863597613,63.78343517445765,86.25632377740304,0.43971332209106606,8.014615008747555,-5.140835871467317,-0.4948107562001667,11.988625747177608,0.0,22.47288860294539
samuel-dalembert,Samuel Dalembert,886.0,21646.0,True,19.872892074198987,14.586846543001686,64.84037597950952,71.24789207419899,2.738445658744657,0.16863406408094436,96.6386203624224,98.06070826306915,71.54999733587961,84.23728813559322,17.902813299232736,17.902813299232736,43.01270071035224,31.534569983136592,-5.286045531197301,6.40751609468947,-2.5698115946637126,1.4220879006467442,12.687290799713608,0.0,-11.47813072721565
scott-skiles,Scott Skiles,600.0,16789.0,True,39.93064924114671,39.12310286677909,66.32943320381044,73.10286677908938,73.61321600495388,86.25632377740304,11.71309483324234,8.600337268128161,15.808745197012076,5.169491525423729,26.51321398124467,26.51321398124467,41.14671459016781,25.29510961214165,-0.8075463743676181,6.773433575278943,12.643107772449156,-3.1127575651141797,-10.639253671588346,0.0,-15.85160497802616
scott-wedman,Scott Wedman,906.0,25927.0,True,47.83157672849916,48.31365935919056,44.87356733488672,43.42327150084317,50.0742885702005,47.72344013490725,50.116677573982926,50.5902192242833,44.2340696831633,40.67796610169491,48.93435635123615,48.93435635123615,47.37213259793328,46.3743676222597,0.48208263069140145,-1.4502958340435512,-2.3508484352932513,0.4735416503003762,-3.556103581468385,0.0,-0.9977649756735829
scott-williams,Scott Williams,746.0,12220.0,True,20.93402192242833,15.430016863406408,23.240676041434355,14.924114671163576,17.716931039883793,7.504215851602024,90.9609371819423,92.24283305227657,66.96354399579474,76.44067796610169,28.38874680306905,28.388746803069054,38.335261680800144,18.21247892074199,-5.504005059021921,-8.31656137027078,-10.21271518828177,1.2818958703342673,9.477133970306951,3.552713678800501e-15,-20.122782760058154
scottie-pippen,Scottie Pippen,1178.0,41069.0,True,69.56408094435076,74.70489038785834,59.81657495446363,63.827993254637434,77.11167673168374,90.13490725126475,58.712539085161175,59.02192242833052,87.04771001756862,97.96610169491525,98.55072463768116,98.55072463768116,75.43860792591929,96.54300168634065,5.140809443507578,4.011418300173801,13.023230519581006,0.309383343169344,10.918391677346634,0.0,21.10439376042136
sean-elliott,Sean Elliott,742.0,24502.0,True,57.875,58.768971332209105,72.87741887221495,81.70320404721754,48.2794457629908,44.60370994940978,38.90887980482018,39.88195615514334,43.43261583524257,39.32203389830509,45.95055413469736,45.950554134697356,52.35851598907581,61.63575042158516,0.8939713322091052,8.825785175002594,-3.6757358135810136,0.9730763503231614,-4.110581936937486,-7.105427357601002e-15,9.277234432509346
sean-rooks,Sean Rooks,749.0,13560.0,True,40.93296795952783,40.38785834738617,28.609682881911,21.66947723440135,14.099038432574972,5.902192242833053,69.12866601957363,68.71838111298483,43.495742381957,39.57627118644068,0.9377664109121908,0.9377664109121909,31.958420302432817,6.661045531197302,-0.5451096121416583,-6.94020564750965,-8.196846189741919,-0.41028490658879946,-3.919471195516323,1.1102230246251565e-16,-25.297374771235514
sebastian-telfair,Sebastian Telfair,564.0,12149.0,True,36.54932546374368,35.49747048903878,12.748383323834291,4.300168634064081,53.15505449322063,52.02360876897133,5.306647653282562,2.5295109612141653,23.48339045447045,11.440677966101696,0.0,0.0,24.42635999430738,0.7588532883642496,-1.051854974704895,-8.44821468977021,-1.1314457242493035,-2.777136692068397,-12.042712488368753,0.0,-23.66750670594313
sedale-threatt,Sedale Threatt,951.0,22436.0,True,43.970699831365934,44.266441821247895,51.603394587691554,52.529510961214164,78.77210240364406,92.4114671163575,7.498034476642199,4.0472175379426645,37.01968272624195,28.983050847457626,42.966751918158565,42.966751918158565,46.25347109896082,42.32715008431703,0.2957419898819609,0.9261163735226106,13.639364712713444,-3.4508169386995347,-8.036631878784327,0.0,-3.92632101464379
serge-ibaka,Serge Ibaka,919.0,25126.0,True,45.02381956155144,45.952782462057336,80.88397262170054,91.56829679595278,31.17203980092056,21.163575042158516,79.05382168000517,79.00505902192243,70.03736281844671,81.35593220338983,83.54646206308611,83.54646206308611,62.76174236698859,84.31703204047217,0.9289629005058941,10.68432417425224,-10.008464758762045,-0.04876265808273672,11.318569384943117,0.0,21.55528967348358
seth-curry,Seth Curry,560.0,12512.0,True,38.47154300168634,38.026981450252954,90.45403673350872,98.22934232715008,64.41638653376813,72.25969645868466,10.135305558298208,6.492411467116358,36.71622481424366,28.559322033898304,60.18755328218244,60.187553282182435,52.10375652801178,60.79258010118044,-0.44456155143338805,7.775305593641363,7.843309924916525,-3.6428940911818506,-8.156902780345355,-7.105427357601002e-15,8.688823573168662
shai-gilgeous-alexander,Shai Gilgeous-Alexander,530.0,17550.0,True,98.50632377740304,99.32546374367622,89.69980981140782,97.8920741989882,87.80791259927526,98.90387858347385,34.64983964919209,35.49747048903878,77.24911449733438,91.69491525423729,96.41943734015344,96.41943734015345,83.75733489295632,99.15682967959528,0.819139966273184,8.19226438758038,11.0959659841986,0.8476308398466941,14.445800756902912,1.4210854715202004e-14,15.399494786638954
shandon-anderson,Shandon Anderson,719.0,15946.0,True,29.79173693086004,26.222596964586845,61.85092761524524,67.20067453625633,36.233184323925215,27.06576728499157,45.57970130123733,46.12141652613828,48.90283292178776,49.152542372881356,38.192668371696506,38.192668371696506,43.33593298638919,33.05227655986509,-3.5691399662731946,5.349746921011089,-9.167417038933646,0.5417152249009547,0.24970945109359377,0.0,-10.283656426524097
shane-battier,Shane Battier,977.0,30004.0,True,8.738195615514336,3.709949409780776,75.67462426210895,85.1602023608769,54.94760040323633,55.05902192242833,45.00728170389089,45.10961214165261,79.96992845567996,94.23728813559322,87.29752770673487,87.29752770673487,57.76455607331876,74.19898819561551,-5.028246205733559,9.485578098767945,0.11142151919199961,0.10233043776172224,14.267359679913255,0.0,16.434432122296755
shaquille-o-neal,Shaquille O'Neal,1207.0,41918.0,True,97.78182967959528,98.73524451939292,77.81651216687575,87.77403035413154,60.77338407782881,66.10455311973018,94.68501538993227,96.54300168634065,69.81888008587246,81.1864406779661,98.46547314578004,98.46547314578005,81.70108876776357,98.8195615514334,0.9534148397976452,9.957518187255786,5.331169041901376,1.8579862964083702,11.36756059209364,1.4210854715202004e-14,17.11847278366983
shareef-abdur-rahim,Shareef Abdur-Rahim,830.0,28882.0,True,88.00906408094434,91.90556492411467,66.35311707623342,73.27150084317032,48.510847761257,45.025295109612145,69.89412564077153,69.64586846543001,43.99685220750428,40.16949152542373,32.56606990622336,32.56606990622336,58.81199955805916,76.64418212478921,3.8965008431703296,6.918383766936898,-3.485552651644852,-0.24825717534152147,-3.8273606820805526,0.0,17.832182566730047
shaun-livingston,Shaun Livingston,833.0,17188.0,True,14.236720067453629,8.600337268128161,42.07377517551042,39.62900505902192,55.26302727152326,55.564924114671165,31.845781647022896,33.22091062394604,66.60668999430827,76.01694915254237,38.107416879795394,38.107416879795394,42.17761480452823,28.499156829679595,-5.636382799325467,-2.444770116488499,0.301896843147901,1.3751289769231434,9.410259158234098,0.0,-13.678457974848637
shawn-bradley,Shawn Bradley,832.0,19531.0,True,37.00885328836425,36.34064080944351,17.833608716189055,8.853288364249579,8.516153908941348,2.5295109612141653,85.83183768491128,87.85834738617201,85.00242780568863,96.86440677966101,33.84484228473998,33.84484228473998,42.72661015668963,30.016863406408095,-0.6682124789207435,-8.980320351939476,-5.986642947727183,2.0265097012607356,11.861978973972384,0.0,-12.709746750281536
shawn-kemp,Shawn Kemp,1051.0,29293.0,True,85.20004215851603,89.96627318718382,66.87914102990312,74.28330522765599,35.84032201981277,26.559865092748737,93.76916926186874,95.53119730185497,84.1313148363802,96.44067796610169,83.37595907928389,83.37595907928389,73.45729199612765,95.69983136593592,4.766231028667789,7.404164197752863,-9.28045692706403,1.7620280399862338,12.30936312972149,0.0,22.24253936980827
shawn-marion,Shawn Marion,1163.0,40097.0,True,53.58136593591906,54.21585160202361,67.4840466921176,75.12647554806071,50.164899717379775,47.8920741989882,77.45221221314358,77.06576728499157,87.1470034084022,98.05084745762711,92.7536231884058,92.7536231884058,69.97670563538864,93.59190556492412,0.6344856661045526,7.642428855943109,-2.2728255183915778,-0.3864449281520166,10.903844049224915,0.0,23.61519992953548
sherman-douglas,Sherman Douglas,765.0,21148.0,True,49.59422428330522,49.83136593591905,51.2042207454444,52.02360876897133,75.64932898016593,88.61720067453625,15.99579189228016,13.490725126475548,28.322316900127205,16.949152542372882,41.68797953964194,41.687979539641944,45.724382573837424,40.13490725126476,0.23714165261382902,0.8193880235269262,12.967871694370317,-2.505066765804612,-11.373164357754323,7.105427357601002e-15,-5.589475322572667
si-green,Si Green,504.0,13132.0,True,24.655564924114675,19.477234401349072,6.199181496265622,1.6020236087689714,47.708898713817,43.507588532883645,37.77403035413153,38.61720067453626,64.8763853367434,72.96610169491525,39.812446717817565,39.812446717817565,36.95079798407567,15.598650927487352,-5.178330522765602,-4.5971578874966506,-4.201310180933355,0.8431703204047238,8.089716358171856,0.0,-21.35214705658832
sidney-green,Sidney Green,679.0,13247.0,True,40.07314502529511,39.46037099494098,15.900682274123472,6.745362563237774,19.05939364887216,8.516020236087689,90.80049537042257,91.8212478920742,38.55532667908036,32.45762711864407,22.335890878090368,22.335890878090368,34.56790528945088,10.876897133220911,-0.6127740303541316,-9.1553197108857,-10.54337341278447,1.0207525216516302,-6.09769956043629,0.0,-23.691008156229966
sidney-moncrief,Sidney Moncrief,767.0,23150.0,True,71.75274030354132,76.98145025295109,82.71623001276801,93.25463743676222,73.92694757407004,86.50927487352445,47.898573299251886,47.72344013490725,63.37649325865214,70.50847457627118,95.9079283887468,95.9079283887468,73.1985392069718,95.4468802698145,5.228709949409776,10.538407423994215,12.582327299454406,-0.17513316434463633,7.131981317619044,0.0,22.248341062842698
sidney-wicks,Sidney Wicks,760.0,25762.0,True,69.89734401349074,75.04215851602024,26.790757547651356,19.645868465430016,33.510786958308984,23.60876897133221,71.21179646179007,70.82630691399663,46.731861055176445,45.08474576271186,20.6308610400682,20.6308610400682,44.442523893703466,36.34064080944351,5.144814502529499,-7.14488908222134,-9.902017986976773,-0.3854895477934406,-1.6471152924645835,0.0,-8.10188308425996
slater-martin,Slater Martin,610.0,21889.0,True,20.80206576728499,15.345699831365936,19.85406393863712,11.129848229342327,79.75315683994238,93.00168634064082,7.67284991568297,4.300168634064081,25.66069906223359,13.813559322033898,78.3461210571185,78.3461210571185,38.60422828990573,19.05564924114671,-5.456365935919054,-8.724215709294791,13.248529500698439,-3.372681281618889,-11.847139740199692,0.0,-19.548579048759017
sleepy-floyd,Sleepy Floyd,957.0,26383.0,True,63.95446880269816,66.3575042158516,44.028180653612296,42.158516020236085,70.58264557051166,82.63069139966274,15.836792607562211,13.237774030354132,53.31902643406272,55.25423728813559,66.15515771526002,66.15515771526002,54.67845728304862,66.86340640809443,2.4030354131534466,-1.8696646333762104,12.048045829151079,-2.5990185772080796,1.9352108540728707,0.0,12.184949125045812
slick-leonard,Slick Leonard,426.0,11632.0,True,28.82651770657673,24.873524451939293,3.4921778460852466,0.8431703204047217,63.069139966273184,70.32040472175379,7.251264755480608,3.87858347386172,,,,,27.831163228368915,2.1079258010118043,-3.9529932546374376,-2.649007525680525,7.251264755480605,-3.372681281618888,,,-25.723237427357112
slick-watts,Slick Watts,437.0,11513.0,True,25.929384485666105,21.163575042158516,2.4915682967959527,0.3372681281618887,56.94708235973255,58.26306913996628,29.771688526680386,31.365935919055648,68.23064071027736,78.47457627118644,54.73145780051151,54.73145780051151,40.04573625573432,21.66947723440135,-4.765809443507589,-2.154300168634064,1.3159867802337288,1.5942473923752623,10.24393556090908,0.0,-18.37625902133297
sonny-parker,Sonny Parker,452.0,10916.0,True,36.57736087689713,35.58178752107926,53.1020403761498,54.89038785834739,62.292013531585845,69.30860033726813,51.73042892605525,51.93929173693086,63.84311447892921,71.44067796610169,90.28132992327366,90.28132992327366,58.47469935143543,76.13827993254637,-0.995573355817875,1.7883474821975867,7.016586805682287,0.20886281087561542,7.597563487172479,0.0,17.663580581110935
spencer-dinwiddie,Spencer Dinwiddie,621.0,17219.0,True,65.95215008431704,70.06745362563238,44.19717646704531,42.41146711635751,78.50729515394967,91.90556492411467,17.182622426662565,14.75548060708263,39.6967173093116,34.66101694915254,54.81670929241262,54.81670929241262,52.421009479780096,62.05733558178752,4.115303541315342,-1.785709350687803,13.398269770165001,-2.4271418195799352,-5.035700360159062,0.0,9.636326102007423
spencer-hawes,Spencer Hawes,684.0,15541.0,True,37.26201517706577,36.84654300168634,34.20402735175995,29.342327150084316,37.81763133039472,29.17369308600337,75.84186665965302,75.63237774030354,50.26257739278267,50.76271186440678,12.702472293265131,12.702472293265131,40.14704683561189,22.09106239460371,-0.4154721753794277,-4.861700201675632,-8.643938244391347,-0.20948891934948222,0.500134471624115,0.0,-18.055984441008178
spencer-haywood,Spencer Haywood,760.0,25600.0,True,82.15535413153458,86.59359190556492,45.4222275777034,44.266441821247895,34.37484812865576,24.536256323777405,75.28567354305555,74.95784148397976,64.46189517114087,72.28813559322033,87.5532821824382,87.5532821824382,63.41161230432973,85.66610455311972,4.438237774030341,-1.1557857564555079,-9.838591804878359,-0.3278320590757886,7.826240422079465,0.0,22.254492248789994
spud-webb,Spud Webb,814.0,20288.0,True,44.31408094435076,44.8566610455312,58.49272591733347,62.05733558178752,76.14562089515051,89.03878583473862,9.781823580965645,5.986509274873525,30.111731880802477,19.152542372881356,29.41176470588235,29.41176470588235,44.11774470257328,35.160202360876895,0.5425801011804339,3.5646096644540464,12.893164939588104,-3.79531430609212,-10.95918950792112,0.0,-8.957542341696389
stacey-augmon,Stacey Augmon,1001.0,21658.0,True,47.55607082630691,48.06070826306914,37.40750149300702,34.14839797639123,47.15199822411512,42.07419898819562,49.95935973284415,50.084317032040474,68.94078892698211,79.49152542372882,68.62745098039215,68.62745098039215,53.03052055404137,63.15345699831366,0.5046374367622306,-3.259103516615788,-5.0777992359195,0.12495729919632481,10.550736496746708,0.0,10.122936444272291
stephen-curry,Stephen Curry,1069.0,36304.0,True,91.2120573355818,94.18212478920742,96.09494135115708,99.83136593591905,85.25715755561956,97.3018549747049,31.47820168054454,32.79932546374368,55.70471820850605,58.644067796610166,98.20971867007673,98.20971867007673,78.5902561089549,97.63912310286678,2.9700674536256173,3.736424584761977,12.044697419085338,1.3211237831991376,2.9393495881041147,0.0,19.048866993911872
stephen-jackson,Stephen Jackson,858.0,27398.0,True,75.5870573355818,80.69139966273187,35.67392561064233,31.70320404721754,56.82654944859018,58.1787521079258,33.64538676868432,34.14839797639123,55.61881753882969,58.47457627118644,65.30264279624893,65.30264279624893,55.23988287374961,68.21247892074199,5.104342327150064,-3.9707215634247888,1.3522026593356244,0.503011207706912,2.8557587323567546,0.0,12.97259604699238
stephon-marbury,Stephon Marbury,846.0,31891.0,True,88.3560286677909,92.15851602023609,49.8397635638201,50.16863406408095,87.59963579399752,98.65092748735245,11.117590133198927,7.588532883642496,18.284691195181136,7.372881355932203,71.52600170502984,71.52600170502984,56.8905930511665,72.25969645868466,3.8024873524451976,0.3288705002608481,11.051291693354926,-3.5290572495564314,-10.911809839248932,0.0,15.36910340751816
steve-blake,Steve Blake,870.0,20823.0,True,7.212900505902192,2.9510961214165263,36.60250563387176,32.96795952782462,64.98415244976013,73.35581787521079,10.737477179920386,7.082630691399663,24.01253239324465,12.203389830508474,23.18840579710145,23.18840579710145,28.788554921383444,3.1197301854974704,-4.261804384485665,-3.6345461060471393,8.371665425450658,-3.6548464885207235,-11.809142562736177,0.0,-25.668824735885973
steve-francis,Steve Francis,576.0,21632.0,True,83.47744519392917,88.44856661045532,53.74219742863842,55.39629005059022,74.88873857566116,87.77403035413154,50.10609371781856,50.42158516020236,57.98093996858228,62.28813559322034,88.91730605285592,88.91730605285592,68.71022167078272,92.15851602023609,4.971121416526145,1.654092621951797,12.885291778470375,0.3154914423838022,4.307195624638062,0.0,23.448294349453377
steve-hawes,Steve Hawes,688.0,15831.0,True,25.097175379426645,20.236087689713322,56.499694226708144,59.44350758853288,43.53478192548726,36.59359190556492,78.08831721911596,77.90893760539629,49.72387818364998,49.91525423728814,34.95311167945439,34.95311167945439,45.88835980474401,40.80944350758853,-4.861087689713322,2.9438133618247377,-6.941190019922338,-0.17937961371967504,0.1913760536381588,0.0,-5.07891629715548
steve-johnson,Steve Johnson,626.0,13618.0,True,72.15788364249579,77.48735244519393,78.19943544235824,88.1956155143339,15.70417291551551,6.829679595278246,75.91142540296687,75.80101180438449,51.02111268950146,51.779661016949156,19.437340153452684,19.437340153452684,52.13318935884436,60.96121416526138,5.329468802698145,9.996180071975658,-8.874493320237264,-0.11041359858238309,0.7585483274476985,0.0,8.82802480641702
steve-kerr,Steve Kerr,910.0,16207.0,True,16.224283305227658,10.708263069139965,90.72256406222324,98.39797639123103,69.74323096080391,81.70320404721754,2.5974132006522126,0.5059021922428331,37.94004158020369,31.52542372881356,54.47570332480819,54.47570332480819,47.34365641614875,46.03709949409781,-5.516020236087693,7.675412329007784,11.959973086413626,-2.0915110084093795,-6.41461785139013,0.0,-1.3065569220509374
steve-mix,Steve Mix,787.0,18827.0,True,45.81977234401349,46.79595278246206,74.61613528519213,84.2327150084317,37.308278602238666,28.66779089376054,64.2343121365548,63.65935919055649,67.35065370496929,77.03389830508475,72.89002557544757,72.89002557544757,59.365235936557774,77.57166947723441,0.9761804384485728,9.616579723239568,-8.640487708478126,-0.5749529459983123,9.683244600115458,0.0,18.206433540676635
steve-nash,Steve Nash,1217.0,38069.0,True,53.42306070826307,53.87858347386172,95.40273800588729,99.74704890387858,87.19979432829581,98.39797639123103,15.76212916308156,13.069139966273188,12.174099791191692,2.542372881355932,97.18670076726345,97.18670076726343,60.76311608574803,80.26981450252951,0.45552276559864424,4.344310897991292,11.198182062935217,-2.692989196808373,-9.63172690983576,-1.4210854715202004e-14,19.506698416781482
steve-smith,Steve Smith,942.0,28855.0,True,75.1439713322091,80.26981450252951,72.54566406095351,81.19730185497471,73.09223605712697,85.66610455311972,31.84566275725945,33.136593591905566,33.35249704199313,23.8135593220339,79.11338448422848,79.11338448422848,61.93821719097802,82.79932546374367,5.125843170320408,8.651637794021198,12.573868495992755,1.2909308346461152,-9.538937719959232,0.0,20.861108272765648
steve-stipanovich,Steve Stipanovich,403.0,12591.0,True,48.93170320404722,49.156829679595276,55.62224545867008,58.1787521079258,32.1700109410694,22.09106239460371,70.58814019274375,70.15177065767286,76.3681750734127,91.01694915254237,61.210571184995736,61.210571184995736,56.53776363765761,71.41652613827993,0.2251264755480591,2.5565066492557236,-10.07894854646569,-0.43636953507089515,14.648774079129666,0.0,14.878762500622322
steven-adams,Steven Adams,796.0,20468.0,True,24.77466273187184,19.73018549747049,72.5344645669737,81.11298482293424,34.122640178999745,24.283305227655987,88.85239900382697,90.21922428330522,74.61566554184307,88.47457627118644,71.69650468883205,71.69650468883205,58.08487453741236,74.95784148397976,-5.044477234401349,8.578520255960541,-9.839334951343758,1.366825279478249,13.858910729343364,0.0,16.872966946567402
stromile-swift,Stromile Swift,547.0,10804.0,True,67.82588532883643,72.00674536256324,42.34477097640853,40.13490725126476,8.279929135199906,2.360876897133221,77.68293429774039,77.40303541315346,75.47635909200032,89.66101694915254,14.663256606990622,14.663256606990622,47.90914264746335,48.397976391231026,4.180860033726802,-2.2098637251437765,-5.919052238066685,-0.27989888458692747,14.184657857152217,0.0,0.4888337437676782
stu-lantz,Stu Lantz,547.0,15267.0,True,43.4283305227656,43.25463743676222,41.28872238943322,39.03878583473862,38.5248899213105,30.101180438448566,25.62652271383965,25.716694772344013,42.271928715123394,37.54237288135593,35.80562659846547,35.80562659846547,39.03104653925767,19.477234401349072,-0.17369308600337519,-2.2499365546945995,-8.423709482861938,0.09017205850436483,-4.7295558337674635,0.0,-19.5538121379086
swen-nater,Swen Nater,489.0,13868.0,True,38.2150084317032,37.60539629005059,81.73031050384128,92.24283305227657,43.615838507587824,36.84654300168634,96.79224467550728,98.22934232715008,27.823489085098345,16.1864406779661,68.0306905370844,68.0306905370844,55.117335238852206,67.79089376053963,-0.6096121416526046,10.512522548435285,-6.769295505901482,1.4370976516428016,-11.637048407132244,0.0,12.673558521687426
t-j-ford,T.J. Ford,429.0,11882.0,True,55.94793423271501,56.91399662731872,21.06010616712675,12.816188870151771,61.80974832394698,68.12816188870151,29.23102904951809,30.522765598650928,54.92378559082418,57.54237288135593,50.809889173060526,50.809889173060526,47.01951086166368,45.025295109612145,0.9660623946037035,-8.24391729697498,6.318413564754536,1.291736549132839,2.6185872905317495,0.0,-1.994215752051538
t-j-mcconnell,T.J. McConnell,762.0,15884.0,True,21.772765598650928,16.357504215851602,54.70232524003022,56.91399662731872,68.59698240788046,79.84822934232714,34.95811749394538,35.66610455311973,55.84806391114088,58.813559322033896,39.72719522591645,39.727195225916454,46.75181497094527,43.84485666104553,-5.415261382799326,2.211671387288497,11.251246934446684,0.70798705917435,2.9654954108930127,7.105427357601002e-15,-2.9069583098997356
t-r-dunn,T.R. Dunn,993.0,23080.0,True,2.2247048903878586,0.42158516020236086,16.033812539848583,6.998313659359191,51.22130209686088,49.325463743676224,56.48242722973548,56.99831365935919,64.79702338931408,72.88135593220339,75.95907928388746,75.95907928388746,41.69539685299512,26.475548060708263,-1.8031197301854978,-9.035498880489392,-1.8958383531846579,0.5158864296237127,8.084332542889314,0.0,-15.219848792286854
taj-gibson,Taj Gibson,1012.0,23166.0,True,31.31682124789208,28.077571669477233,62.51946130468298,68.29679595278246,30.77239872264566,20.9106239460371,80.24118946873207,80.6070826306914,69.8008484826073,81.10169491525424,73.74254049445865,73.74254049445865,55.396636611987816,68.54974704890388,-3.239249578414846,5.777334648099483,-9.861774776608563,0.3658931619593204,11.30084643264695,0.0,13.153110436916066
taurean-prince,Taurean Prince,608.0,15013.0,True,28.44392917369309,24.198988195615513,59.05924421211106,62.90050590219224,31.43641504842239,21.33220910623946,31.47892526384908,32.88364249578415,45.24011464136533,42.45762711864407,5.711849957374254,5.711849957374254,35.102414326857385,11.888701517706577,-4.244940978077576,3.8412616900811827,-10.10420594218293,1.40471723193507,-2.7824875227212615,0.0,-23.213712809150806
tayshaun-prince,Tayshaun Prince,1017.0,31576.0,True,37.31998313659359,36.930860033726816,36.00910737989664,31.956155143338954,64.73759124101538,72.76559865092749,45.22202508756904,45.69983136593592,45.90307057975623,43.220338983050844,55.92497868712702,55.92497868712702,47.07720125199103,45.4468802698145,-0.3891231028667761,-4.052952236557687,8.028007409912107,0.4778062783668844,-2.6827315967053877,0.0,-1.6303209821765279
terance-mann,Terance Mann,475.0,10630.0,True,17.207630691399665,11.467116357504215,81.25481677990443,91.73693086003372,67.9132023694944,78.66779089376054,48.05280629821941,47.8920741989882,30.53215265104777,20.16949152542373,40.49445865302643,40.49445865302643,46.91049669485288,44.68802698145025,-5.740514333895449,10.482114080129293,10.75458852426614,-0.16073209923121112,-10.36266112562404,0.0,-2.2224697134026314
terrell-brandon,Terrell Brandon,724.0,21545.0,True,73.42306070826308,78.66779089376054,43.13333601060287,40.97807757166948,91.35331435939698,99.83136593591905,24.063869478888407,23.102866779089375,70.064539688335,81.44067796610169,96.33418584825236,96.33418584825235,68.43693853071694,91.90556492411467,5.24473018549746,-2.1552584389333873,8.478051576522077,-0.9610026997990317,11.376138277766685,-1.4210854715202004e-14,23.468626393397727
terrence-ross,Terrence Ross,733.0,17956.0,True,49.9274873524452,50.252951096121414,47.22818637769792,46.62731871838111,52.409976549955374,50.674536256323776,22.43951620222916,21.247892074198987,38.90150714126409,33.559322033898304,51.4919011082694,51.491901108269396,45.00822407656988,37.77403035413153,0.32546374367621667,-0.6008676593168047,-1.7354402936315978,-1.191624128030174,-5.342185107365786,-7.105427357601002e-15,-7.234193722438349
terry-catledge,Terry Catledge,515.0,13541.0,True,71.73714165261383,76.89713322091062,34.87012333747586,30.438448566610454,12.738537410142332,5.227655986509275,76.86423146147446,76.39123102866779,13.16442171753534,3.2203389830508473,0.5967604433077579,0.5967604433077579,33.701178571902474,9.106239460370995,5.159991568296789,-4.431674770865406,-7.510881423633057,-0.47300043280667126,-9.944082734484493,0.0,-24.59493911153148
terry-cummings,Terry Cummings,1183.0,33898.0,True,89.68950252951097,93.08600337268128,37.40066174415087,33.97976391231029,53.79154802686738,53.45699831365936,79.93971383244636,80.26981450252951,54.77730380703172,57.3728813559322,71.44075021312872,71.44075021312872,63.34613025727107,85.41315345699832,3.396500843170301,-3.420897831840577,-0.33454971320801974,0.330100670083155,2.5955775489004793,0.0,22.067023199727245
terry-davis,Terry Davis,480.0,10369.0,True,22.071458684654303,16.779089376053964,23.24601292987638,15.008431703204048,7.059274015648081,1.93929173693086,86.79884762425041,88.7858347386172,25.018868759032493,13.135593220338983,0.8525149190110827,0.8525149190110827,24.10198565354455,0.6745362563237775,-5.292369308600339,-8.237581226672331,-5.119982278717221,1.9869871143667837,-11.88327553869351,0.0,-23.427449397220773
terry-dischinger,Terry Dischinger,652.0,17841.0,True,54.10961214165262,55.1433389544688,84.07711391456348,94.2664418212479,49.78724917190118,47.13322091062395,51.06910539779303,51.68634064080944,24.84582970796469,12.966101694915254,56.351236146632566,56.351236146632566,52.85634667205076,62.98482293423272,1.0337268128161838,10.189327906684412,-2.654028261277233,0.6172352430164096,-11.879728013049435,0.0,10.128476262181955
terry-mills,Terry Mills,678.0,16422.0,True,54.78878583473862,55.90219224283305,55.21348498478928,57.841483979763915,36.6976475553607,27.740303541315345,69.80255163324688,69.3929173693086,28.15024733340511,16.610169491525422,1.1935208866155158,1.1935208866155158,40.62220373203976,23.27150084317032,1.1134064080944341,2.6279989949746323,-8.957344014045358,-0.4096342639382726,-11.54007784187969,0.0,-17.35070288886944
terry-porter,Terry Porter,1274.0,35354.0,True,51.748313659359184,52.02360876897133,84.99312045246181,95.53119730185497,83.33932668075727,96.20573355817875,22.857930886205637,21.753794266441822,47.28418085051564,45.847457627118644,89.5993179880648,89.5993179880648,64.60233005739474,87.77403035413154,0.275295109612145,10.538076849393164,12.866406877421483,-1.104136619763814,-1.4367232233969958,0.0,23.1717002967368
terry-rozier,Terry Rozier,665.0,18357.0,True,63.52403035413154,65.34569983136593,34.900803277661886,30.607082630691398,70.44068948008655,82.46205733558179,36.69090959376308,37.85834738617201,36.283934785222826,27.966101694915253,24.04092071611253,24.04092071611253,46.02113152828591,41.65261382799326,1.8216694772343942,-4.293720646970488,12.021367855495242,1.1674377924089256,-8.317833090307573,0.0,-4.3685177002926565
terry-teagle,Terry Teagle,687.0,14509.0,True,79.52150084317032,84.14839797639124,25.26185670924204,17.959527824620572,33.44547267212356,23.524451939291737,35.036299351765734,35.750421585160204,28.32629148056153,17.033898305084747,4.518329070758738,4.518329070758738,36.42566360988001,14.33389544688027,4.626897133220922,-7.302328884621467,-9.92102073283182,0.7141222333944697,-11.292393175476782,0.0,-22.09176816299974
terry-tyler,Terry Tyler,871.0,21740.0,True,35.05501686340641,33.473861720067454,27.457319833309484,20.320404721753793,23.154770388460665,12.478920741989882,64.24547262757864,63.74367622259697,75.01816625328706,89.15254237288136,36.74339300937766,36.74339300937766,42.83094554541906,31.02866779089376,-1.581155143338954,-7.136915111555691,-10.675849646470784,-0.5017964049816683,14.134376119594293,0.0,-11.802277754525303
thabo-sefolosha,Thabo Sefolosha,869.0,19062.0,True,4.827150084317032,1.6020236087689714,54.212845958920255,56.23946037099494,33.73615309772036,23.861720067453625,49.92695863301826,50.0,80.62456345237888,94.66101694915254,56.77749360613811,56.77749360613811,45.82845483083005,40.472175379426645,-3.225126475548061,2.026614412074686,-9.874433030266736,0.07304136698174091,14.03645349677366,0.0,-5.3562794514034024
thaddeus-young,Thaddeus Young,1172.0,33012.0,True,47.6066610455312,48.14502529510961,55.24659305440255,58.010118043844855,48.491387529036174,44.94097807757167,65.01521308821387,64.67116357504216,67.44416008527593,77.20338983050847,63.25660699062234,63.25660699062234,57.04924004917687,72.68128161888701,0.5383642495784144,2.7635249894423026,-3.5504094514645033,-0.3440495131717114,9.759229745232545,0.0,15.63204156971014
theo-ratliff,Theo Ratliff,810.0,20500.0,True,21.48102866779089,16.020236087689714,60.10939410210877,64.16526138279933,5.193650793357249,1.2647554806070826,75.20891249035823,74.78920741989882,78.49773563738967,92.54237288135593,81.32992327365729,81.32992327365729,50.62677639565135,57.33558178752108,-5.460792580101177,4.055867280690556,-3.9288953127501665,-0.41970507045941474,14.044637243966264,0.0,6.708805391869731
thurl-bailey,Thurl Bailey,928.0,24873.0,True,65.52360876897133,69.05564924114671,34.07607353615025,29.258010118043845,35.49239632946264,26.138279932546375,56.679846571182026,57.251264755480605,46.3852241343259,44.49152542372882,36.146632566069904,36.146632566069904,45.73527044286332,40.21922428330523,3.5320404721753818,-4.8180634181064015,-9.354116396916268,0.5714181842985795,-1.8936987105970857,0.0,-5.516046159558087
tim-duncan,Tim Duncan,1392.0,47368.0,True,93.59295952782465,96.3743676222597,65.11444346494582,71.66947723440136,64.81422268029198,72.93423271500843,91.77789961079093,93.67622259696459,79.00701944178579,93.05084745762711,99.31798806479114,99.31798806479114,80.95176354794474,98.56661045531197,2.7814080944350508,6.555033769455534,8.120010034716458,1.8983229861736675,14.043828015841328,0.0,17.614846907367237
tim-hardaway,Tim Hardaway,867.0,30626.0,True,74.48376897133221,79.76391231028668,51.13950076462578,51.770657672849914,88.96522795701145,99.32546374367622,15.317992348736658,12.478920741989882,27.62160148110428,15.847457627118644,76.47058823529412,76.47058823529412,57.571843868764056,73.69308600337268,5.280143338954474,0.6311569082241348,10.360235786664774,-2.839071606746776,-11.774143853985635,0.0,16.12124213460863
tim-hardaway-jr,Tim Hardaway Jr.,893.0,24389.0,True,65.36951939291737,68.80269814502529,58.36981850394871,61.88870151770658,56.00452547993896,56.492411467116355,16.15918669545089,13.659359190556492,16.2763764054048,5.338983050847458,24.21142369991475,24.21142369991475,41.88181787927505,27.318718381112983,3.4331787521079207,3.518883013757872,0.4878859871773926,-2.4998275048944,-10.937393354557344,0.0,-14.563099498162064
tim-mccormick,Tim McCormick,483.0,10390.0,True,40.04658516020236,39.29173693086003,74.03587740782115,83.05227655986509,18.778611001484656,8.178752107925801,71.12179268074294,70.65767284991568,32.13146394185172,21.779661016949152,12.531969309462916,12.531969309462916,40.30182182234136,22.4283305227656,-0.7548482293423291,9.016399152043945,-10.599858893558855,-0.46411983082725783,-10.351802924902568,0.0,-17.87349129957576
tim-thomas,Tim Thomas,824.0,21336.0,True,63.83220910623946,66.02023608768971,59.79026997581704,63.74367622259697,40.99793371078889,33.38954468802698,50.40789328712537,51.18043844856661,34.70862606895274,26.016949152542374,13.895993179880648,13.895993179880648,45.01883157305956,37.94266441821248,2.1880269814502498,3.9534062467799274,-7.608389022761912,0.7725451614412435,-8.691676916410366,0.0,-7.076167154847077
tiny-archibald,Tiny Archibald,876.0,31159.0,True,74.65809443507588,79.93254637436762,65.19458520718354,71.75379426644182,75.13208838153095,88.11129848229342,3.720108391766813,1.0961214165261384,23.63481421448668,11.610169491525424,,,52.379184227764895,61.88870151770658,5.274451939291737,6.559209059258279,12.979210100762472,-2.6239869752406744,-12.024644722961257,,9.509517289941684
tobias-harris,Tobias Harris,1033.0,32474.0,True,65.54258010118045,69.13996627318718,75.06031948664938,84.48566610455312,56.59220877094317,57.67284991568297,53.49780800748613,53.96290050590219,47.92530393616701,47.03389830508475,41.091219096334186,41.091219096334186,57.55561631262731,73.60876897133221,3.597386172006736,9.425346617903742,1.0806411447398006,0.4650924984160625,-0.8914056310822644,0.0,16.053152658704903
toby-kimball,Toby Kimball,571.0,10439.0,True,18.60855817875211,12.984822934232715,5.067708592747549,1.0961214165261384,23.23766092555725,12.563237774030354,91.51876902834138,92.83305227655987,37.00824769534355,28.89830508474576,25.66069906223359,25.66069906223359,29.291992809491376,3.6256323777403034,-5.623735244519393,-3.971587176221411,-10.674423151526897,1.3142832482184872,-8.109942610597788,0.0,-25.666360431751073
todd-day,Todd Day,483.0,12214.0,True,80.47723440134908,84.99156829679595,26.570067199606527,19.30860033726813,35.058362303810306,25.54806070826307,43.45531315057328,43.25463743676222,50.51411048882184,51.271186440677965,6.90537084398977,6.90537084398977,42.78641923339802,30.607082630691398,4.5143338954468675,-7.261466862338398,-9.510301595547237,-0.20067571381105864,0.7570759518561232,0.0,-12.179336602706623
tom-boerwinkle,Tom Boerwinkle,635.0,14387.0,True,14.347175379426645,8.768971332209107,22.77487233855838,13.91231028667791,51.23022241125363,49.4097807757167,94.81509267771872,96.62731871838112,62.54039267556226,69.40677966101696,69.47996589940324,69.47996589940324,48.03381079354385,48.65092748735245,-5.578204047217538,-8.862562051880472,-1.8204416355369304,1.8122260406623951,6.866386985454696,0.0,0.6171166938085975
tom-chambers,Tom Chambers,1107.0,33922.0,True,91.26475548060708,94.35075885328837,55.14453182324875,57.67284991568297,42.563071198829824,35.58178752107926,59.47455755030877,59.44350758853288,30.525200615624307,20.084745762711865,13.128729752770674,13.128729752770674,49.96256682262688,54.38448566610455,3.08600337268129,2.528318092434219,-6.981283677750568,-0.031049961775885038,-10.440454852912442,0.0,4.42191884347767
tom-gola,Tom Gola,698.0,22529.0,True,16.15155986509275,10.539629005059021,42.57985214279106,40.472175379426645,61.728874088779634,68.04384485666104,60.53962900505902,60.45531197301855,80.13640238704177,94.40677966101696,74.93606138107417,74.93606138107417,54.50619250408584,66.44182124789208,-5.611930860033729,-2.1076767633644167,6.314970767881405,-0.0843170320404667,14.270377273975186,0.0,11.935628743806241
tom-gugliotta,Tom Gugliotta,763.0,23556.0,True,60.12752951096122,61.12984822934233,28.385628801546968,21.163575042158516,45.40245954670284,39.03878583473862,74.69155028317734,74.53625632377741,63.32176830818748,70.33898305084746,31.71355498721228,31.713554987212277,50.09565816952198,55.05902192242833,1.0023187183811118,-7.2220537593884515,-6.363673711964225,-0.15529395939992696,7.017214742659981,-3.552713678800501e-15,4.963363752906346
tom-hammonds,Tom Hammonds,687.0,10419.0,True,34.73355817875211,32.79932546374368,35.99137516101685,31.871838111298484,22.577182761830628,11.467116357504215,69.22993557278235,68.88701517706576,18.24210927781675,7.288135593220339,2.301790281329924,2.3017902813299234,28.717358840548005,2.9510961214165263,-1.9342327150084344,-4.119537049718364,-11.110066404326412,-0.3429203957165896,-10.95397368459641,-4.440892098500626e-16,-25.76626271913148
tom-hawkins,Tom Hawkins,764.0,18465.0,True,19.10349915682968,13.490725126475548,23.05646869359593,14.502529510961214,22.831311291266854,11.804384485666105,61.804384485666105,61.63575042158516,54.73145780051152,57.20338983050848,48.67860187553282,48.67860187553282,36.08786341293541,13.659359190556492,-5.612774030354133,-8.553939182634718,-11.026926805600748,-0.1686340640809476,2.4719320299969567,0.0,-22.42850422237892
tom-heinsohn,Tom Heinsohn,654.0,19254.0,True,80.62247048903879,85.1602023608769,22.271887444470536,13.659359190556492,54.595971161047125,54.72175379426644,68.38111298482293,67.70657672849916,94.45865302642795,99.7457627118644,97.35720375106564,97.35720375106564,69.1756786218868,92.83305227655987,4.537731871838105,-8.612528253914045,0.12578263321931615,-0.6745362563237762,5.287109685436448,0.0,23.657373654673066
tom-henderson,Tom Henderson,650.0,17690.0,True,24.511382799325467,19.224283305227654,10.567043471331989,3.6256323777403034,61.03566979915327,66.94772344013491,10.970285605150533,7.251264755480607,44.33559132992554,40.932203389830505,43.05200341005968,43.052003410059676,33.62178366343641,8.937605396290051,-5.287099494097813,-6.941411093591685,5.9120536409816395,-3.719020849669926,-3.403387940095037,-7.105427357601002e-15,-24.684178267146358
tom-mcmillen,Tom McMillen,729.0,14770.0,True,37.36762225969646,37.09949409780776,46.77789114778883,46.03709949409781,26.21783383507881,15.598650927487352,59.6290310843728,59.61214165261383,32.88627955119346,22.88135593220339,16.879795396419436,16.879795396419436,35.729831501469924,13.15345699831366,-0.26812816188870414,-0.7407916536910193,-10.619182907591458,-0.016889431758968954,-10.00492361899007,0.0,-22.576374503156266
tom-meschery,Tom Meschery,778.0,23459.0,True,29.137647554806072,25.379426644182125,33.86896587709873,28.66779089376054,28.81112514497376,18.634064080944352,68.31325355529303,67.53794266441821,74.42455242966751,88.05084745762711,65.55839727195226,65.55839727195226,48.01813163588709,48.4822934232715,-3.7582209106239475,-5.201174983338191,-10.17706106402941,-0.7753108908748203,13.6262950279596,0.0,0.4641617873844126
tom-owens,Tom Owens,488.0,11471.0,True,65.71100337268129,69.3929173693086,69.2966683638252,77.31871838111299,34.98706111715997,25.379426644182125,78.91659976986475,78.83642495784149,56.20459621663666,59.32203389830509,46.03580562659847,46.03580562659847,57.65526795986752,73.94603709949409,3.6819139966273156,8.022050017287782,-9.607634472977843,-0.08017481202325882,3.1174376816684273,0.0,16.29076913962657
tom-sanders,Tom Sanders,916.0,22164.0,True,22.719856661045533,17.537942664418214,24.860272091418164,17.284991568296796,10.361278191239975,3.87858347386172,60.25045615364036,60.03372681281619,79.71014492753623,93.8135593220339,45.52429667519181,45.52429667519181,39.29795731587795,20.15177065767285,-5.181913996627319,-7.575280523121368,-6.482694717378255,-0.21672934082416617,14.103414394497662,0.0,-19.146186658205103
tom-van-arsdale,Tom Van Arsdale,929.0,28682.0,True,63.35139123102867,65.00843170320405,21.884402653555423,13.406408094435076,32.501734604102204,22.344013490725125,24.3875289771264,23.60876897133221,11.401974948786464,2.288135593220339,12.105711849957377,12.105711849957375,28.93513958468392,3.288364249578415,1.6570404721753818,-8.477994559120347,-10.157721113377079,-0.7787600057941901,-9.113839355566125,-1.7763568394002505e-15,-25.646775335105506
toni-kuko,Toni Kukoč,846.0,22212.0,True,68.29679595278246,72.93423271500843,56.629482332306914,59.61214165261383,78.52744976336753,92.07419898819562,53.28814191543405,53.709949409780776,68.12976302716312,78.38983050847457,94.37340153452683,94.37340153452685,69.94922368149221,93.50758853288364,4.637436762225974,2.982659320306915,13.54674922482809,0.42180749434672293,10.260067481311452,1.4210854715202004e-14,23.55836485139143
tony-allen,Tony Allen,820.0,18055.0,True,43.73081787521079,43.84485666104553,43.29183304829846,41.231028667790895,28.174316750833317,17.79089376053963,54.13729300220819,54.63743676222597,86.50924036962235,97.62711864406779,83.03495311167946,83.03495311167946,55.80605304811893,69.3929173693086,0.1140387858347438,-2.0608043805075624,-10.383422990293688,0.500143760017778,11.117878274445445,0.0,13.586864321189672
tony-battie,Tony Battie,837.0,17649.0,True,13.023397976391232,6.998313659359191,41.81426782857479,39.37605396290051,11.909953981826732,4.721753794266442,78.89111011937442,78.75210792580101,69.2526396478757,80.0,14.748508098891731,14.748508098891731,36.40018260661036,14.249578414839798,-6.025084317032041,-2.4382138656742853,-7.18820018756029,-0.13900219357340404,10.747360352124304,0.0,-22.15060419177056
tony-campbell,Tony Campbell,690.0,15180.0,True,86.75274030354133,90.80944350758853,25.221774189986945,17.79089376053963,47.54609640006575,43.00168634064081,44.800560329305554,44.8566610455312,37.3214788021936,29.83050847457627,30.43478260869565,30.434782608695652,46.72581501410747,43.676222596964585,4.056703204047196,-7.430880429447317,-4.544410059424941,0.056100716225643055,-7.490970327617333,3.552713678800501e-15,-3.0495924171428825
tony-delk,Tony Delk,545.0,11702.0,True,59.52550590219224,60.37099494097808,23.101461258514384,14.671163575042158,53.17707165924136,52.1079258010118,32.75354121393055,33.81112984822934,37.78985388569385,30.847457627118644,13.043478260869565,13.043478260869565,38.39319927545336,18.29679595278246,0.8454890387858356,-8.430297683472226,-1.069145858229561,1.0575886342987886,-6.942396258575208,0.0,-20.096403322670902
tony-massenburg,Tony Massenburg,683.0,12291.0,True,37.78330522765599,37.35244519392917,33.2718490825215,27.487352445193928,5.570126120425721,1.433389544688027,79.2002725287558,79.25801011804384,37.85503926024352,31.1864406779661,0.7672634271099744,0.7672634271099744,30.538833612289608,4.974704890387859,-0.430860033726816,-5.784496637327571,-4.136736575737694,0.057737589288038293,-6.668598582277422,0.0,-25.56412872190175
tony-parker,Tony Parker,1254.0,38279.0,True,82.16947723440134,86.6779089376054,65.0121460101544,71.41652613827993,83.87367017804205,96.3743676222597,11.28007234151784,8.010118043844857,37.05612844662726,29.152542372881356,88.06479113384484,88.06479113384484,63.71772244900951,86.17200674536257,4.508431703204053,6.404380128125538,12.50069744421765,-3.2699542976729834,-7.903586073745906,0.0,22.45428429635306
tony-snell,Tony Snell,601.0,13093.0,True,5.039418212478921,1.6863406408094435,74.13233512232738,83.13659359190557,41.59375252640874,34.401349072512645,16.953382312198656,14.586846543001686,31.064935083308843,20.76271186440678,16.11253196930946,16.11253196930946,32.00686339456769,6.745362563237774,-3.353077571669478,9.00425846957819,-7.192403453896098,-2.36653576919697,-10.302223218902064,0.0,-25.261500831329915
tracy-mcgrady,Tracy McGrady,938.0,30658.0,True,96.964586846543,98.06070826306915,40.52048937900892,38.11129848229342,86.59293384013425,97.80775716694772,55.06396610585477,55.39629005059022,60.0552595499487,66.01694915254237,95.7374254049446,95.73742540494459,72.99065432952638,95.27824620573355,1.0961214165261453,-2.4091908967155007,11.214823326813473,0.3323239447354496,5.961689602593665,-1.4210854715202004e-14,22.287591876207173
tracy-murray,Tracy Murray,659.0,12103.0,True,68.52171163575042,73.27150084317032,61.35449381033162,66.3575042158516,42.660354331914334,35.750421585160204,44.18872251339985,44.35075885328836,31.937199552213745,21.52542372881356,31.457800511508957,31.457800511508953,47.7010738361578,47.97639123102867,4.749789207419894,5.003010405519987,-6.90993274675413,0.16203633988850896,-10.411775823400184,-3.552713678800501e-15,0.2753173948708678
trae-young,Trae Young,498.0,17006.0,True,98.56070826306916,99.49409780775717,69.00941384211376,76.64418212478921,85.02664147680761,97.21753794266442,15.569320409547224,12.647554806070826,14.14652703519457,3.7288135593220337,16.19778346121057,16.19778346121057,54.08941642732448,65.26138279932546,0.933389544688012,7.634768282675452,12.19089646585681,-2.9217656034763984,-10.417713475872535,0.0,11.17196637200098
travis-best,Travis Best,708.0,15150.0,True,40.37668634064081,39.96627318718381,39.45061380661184,36.84654300168634,60.79354743781413,66.18887015177066,11.077436893141858,7.419898819561552,52.69253979493226,54.32203389830509,37.51065643648764,37.510656436487636,42.88486374381701,31.197301854974704,-0.41041315345700013,-2.604070804925499,5.395322713956531,-3.657538073580306,1.6294941033728279,-7.105427357601002e-15,-11.687561888842303
travis-outlaw,Travis Outlaw,622.0,13026.0,True,60.82651770657674,62.14165261382799,20.6695836009278,12.225969645868465,32.44364530813719,22.259696458684655,49.37037974584444,49.156829679595276,42.59866273485196,38.13559322033898,11.935208866155158,11.935208866155158,37.04056036216205,15.767284991568296,1.315134907251256,-8.443613955059336,-10.183948849452538,-0.21355006624916228,-4.463069514512981,0.0,-21.27327537059375
tree-rollins,Tree Rollins,1156.0,24028.0,True,5.316821247892074,1.93929173693086,64.29306292472992,70.40472175379426,9.392805116659042,3.0354131534569984,84.76762100621944,86.34064080944351,78.58011700496033,92.71186440677967,90.87809036658142,90.87809036658142,51.21198630316203,58.600337268128165,-3.377529510961214,6.111658829064339,-6.357391963202044,1.5730198032240708,14.13174740181934,0.0,7.388350964966136
trent-tucker,Trent Tucker,756.0,15671.0,True,33.76602023608769,31.78752107925801,50.239819191531446,50.843170320404724,70.15952545986455,82.04047217537942,22.782523861892024,21.66947723440135,44.83077933672524,41.69491525423729,56.18073316283035,56.18073316283035,47.36780593429462,46.20573355817875,-1.978499156829681,0.6033511288732782,11.880946715514867,-1.1130466274906752,-3.135864082487956,0.0,-1.1620723761158729
trenton-hassell,Trenton Hassell,644.0,16278.0,True,4.313659359190557,1.349072512647555,20.971588121874365,12.647554806070826,37.930331060676735,29.342327150084316,33.69485009878931,34.401349072512645,47.2784083649802,45.76271186440678,7.84313725490196,7.8431372549019605,25.51754178747799,1.0118043844856661,-2.9645868465430016,-8.32403331580354,-8.58800391059242,0.7064989737233347,-1.5156965005734193,8.881784197001252e-16,-24.505737402992324
trevor-ariza,Trevor Ariza,1118.0,32953.0,True,25.172639123102865,20.404721753794266,48.156582828843966,47.8920741989882,52.691820463045126,51.09612141652614,47.48887942305653,47.21753794266442,70.65918810139105,82.45762711864407,75.44757033248082,75.44757033248082,52.490832371744666,62.14165261382799,-4.7679173693085986,-0.2645086298557686,-1.5956990465189875,-0.2713414803921097,11.798439017253017,0.0,9.650820242083327
trevor-booker,Trevor Booker,532.0,10872.0,True,21.98482293423272,16.526138279932546,63.40924364012645,69.30860033726813,33.44485856534035,23.440134907251263,85.57604087945546,87.68971332209107,57.36599802884098,61.610169491525426,38.36317135549872,38.36317135549872,47.46841501493391,46.54300168634064,-5.458684654300175,5.899356697141684,-10.004723658089084,2.113672442635604,4.244171462684449,0.0,-0.9254133285932724
trey-burke,Trey Burke,498.0,10401.0,True,60.34696458684655,61.38279932546374,21.42959485252573,13.069139966273188,71.2223622841912,83.38954468802699,9.950736217170572,6.239460370994941,15.780248751735066,5.084745762711864,5.797101449275362,5.797101449275362,33.73023095078045,9.27487352445194,1.03583473861719,-8.360454886252544,12.167182403835781,-3.7112758461756314,-10.6955029890232,0.0,-24.45535742632851
trey-lyles,Trey Lyles,650.0,11971.0,True,41.35813659359191,41.06239460370995,55.97234676989834,58.768971332209105,38.705864365401496,30.438448566610454,68.01527147688293,67.20067453625633,37.69252804630099,30.423728813559322,13.554987212276217,13.554987212276215,41.82373771106255,26.981450252951095,-0.2957419898819609,2.796624562310768,-8.267415798791042,-0.8145969406266005,-7.268799232741671,-1.7763568394002505e-15,-14.842287458111453
tristan-thompson,Tristan Thompson,819.0,20433.0,True,28.91167790893761,25.126475548060707,52.64194209315433,54.13153456998314,19.703583041421897,9.021922428330523,93.88218060565704,95.69983136593592,34.76649282259216,26.271186440677965,3.580562659846547,3.580562659846547,36.09883359320295,13.743676222596964,-3.7852023608769017,1.4895924768288111,-10.681660613091374,1.8176507602788803,-8.495306381914197,0.0,-22.355157370605983
troy-hudson,Troy Hudson,517.0,11280.0,True,54.41715851602024,55.31197301854975,24.490762459158475,16.779089376053964,65.07774388911886,73.52445193929174,9.59064569889783,5.902192242833053,9.06710560856406,1.8644067796610169,4.262574595055414,4.262574595055414,30.401649336323533,4.721753794266442,0.8948145025295133,-7.711673083104511,8.446708050172873,-3.688453456064778,-7.202698828903042,0.0,-25.679895542057093
troy-murphy,Troy Murphy,729.0,19921.0,True,44.344013490725125,45.025295109612145,60.82888277372924,65.34569983136593,39.34794938779413,31.281618887015178,83.18422903624389,84.40134907251264,27.57692631685655,15.677966101694915,7.757885763000853,7.757885763000853,42.19767637740127,28.58347386172007,0.6812816188870201,4.516817057636693,-8.066330500778953,1.2171200362687529,-11.898960215161635,0.0,-13.614202515681203
truck-robinson,Truck Robinson,772.0,25141.0,True,65.572934232715,69.22428330522766,56.73260818968764,59.78077571669477,25.86576437883106,15.261382799325464,80.78295977041387,81.11298482293424,50.45681713025856,51.101694915254235,57.88576300085251,57.88576300085251,54.37044611593662,66.02023608768971,3.6513490725126587,3.0481675270071307,-10.604381579505596,0.3300250525203694,0.6448777849956784,0.0,11.649789971753087
ty-lawson,Ty Lawson,551.0,16088.0,True,57.33663575042159,58.010118043844855,70.25813301524347,78.24620573355818,85.47963757448503,97.47048903878583,17.434752557051027,15.345699831365936,29.118033769026148,18.135593220338983,76.12958226768968,76.12958226768968,57.43187523466914,73.35581787521079,0.6734822934232625,7.9880727183147116,11.990851464300803,-2.0890527256850913,-10.982440548687165,0.0,15.923942640541647
tyreke-evans,Tyreke Evans,594.0,18242.0,True,84.9983136593592,89.7133220910624,30.039357826413827,23.102866779089375,63.036607763455,70.15177065767286,42.32464565779385,42.158516020236085,58.44093084267056,63.47457627118644,44.07502131287298,44.07502131287298,55.83573837788855,69.56155143338954,4.715008431703197,-6.936491047324452,7.115162894217853,-0.16612963755776633,5.033645428515882,0.0,13.725813055500986
tyrone-corbin,Tyrone Corbin,1065.0,27657.0,True,32.35497470489038,29.93254637436762,30.470749466664092,23.861720067453625,42.82726886239652,36.00337268128162,59.48545611118262,59.527824620573355,63.79165369157617,71.27118644067797,48.50809889173061,48.508098891730604,45.21753522058203,38.36424957841484,-2.4224283305227594,-6.609029399210467,-6.823896181114904,0.04236850939073378,7.479532749101793,-7.105427357601002e-15,-6.853285642167187
tyrone-hill,Tyrone Hill,801.0,22388.0,True,38.052698145025296,37.436762225969645,57.13822910399434,60.11804384485666,14.214712059804524,5.986509274873525,95.3686392205928,97.13322091062395,58.19165923577509,63.05084745762712,49.53111679454391,49.531116794543905,48.792808771069545,51.18043844856661,-0.6159359190556515,2.9798147408623166,-8.228202784931,1.7645816900311502,4.85918822185203,-7.105427357601002e-15,2.387629677497067
tyronn-lue,Tyronn Lue,554.0,12564.0,True,39.55501686340641,38.70151770657673,58.24608325677961,61.63575042158516,66.9233393627283,77.06576728499157,5.390127811155626,2.69814502529511,8.092400982234656,1.3559322033898304,4.3478260869565215,4.3478260869565215,33.21289958255011,8.347386172006745,-0.8534991568296775,3.3896671648055445,10.142427922263266,-2.691982785860516,-6.736468778844825,0.0,-24.865513410543365
tyson-chandler,Tyson Chandler,1160.0,31617.0,True,25.62837268128162,20.741989881956155,80.31271911046932,91.06239460370995,9.691993975047628,3.288364249578415,97.32604686776804,98.39797639123103,70.6846833038719,82.54237288135593,64.53537936913897,64.53537936913897,54.39497068837317,66.18887015177066,-4.886382799325464,10.74967549324063,-6.403629725469214,1.071929523462984,11.857689577484024,0.0,11.793899463397487
tyus-jones,Tyus Jones,749.0,15403.0,True,17.89123102866779,12.310286677908937,43.4526325307241,41.56829679595278,84.72872581771372,96.964586846543,10.58696795054654,6.913996627318719,38.121904461971326,31.949152542372882,47.229326513213984,47.229326513213984,41.76286231493791,26.897133220910625,-5.580944350758852,-1.8843357347713194,12.235861028829277,-3.672971323227822,-6.1727519195984435,0.0,-14.865729094027287
udonis-haslem,Udonis Haslem,879.0,21719.0,True,19.38195615514334,13.91231028667791,46.19551481819224,44.8566610455312,20.60509740243641,9.612141652613827,84.78185592081809,86.42495784148397,43.974323710208026,40.08474576271186,28.04774083546462,28.04774083546462,37.38390605725705,16.357504215851602,-5.469645868465429,-1.3388537726610394,-10.992955749822583,1.6431019206658846,-3.8895779474961643,0.0,-21.02640184140545
vern-fleming,Vern Fleming,893.0,24721.0,True,45.39966273187184,46.45868465430017,62.242367607308246,68.04384485666104,66.62331883367854,76.30691399662732,34.857032092591986,35.58178752107926,43.65214568295196,39.74576271186441,54.90196078431372,54.90196078431372,52.077938317946895,60.53962900505902,1.0590219224283288,5.801477249352793,9.683595162948777,0.7247554284872706,-3.9063829710875524,0.0,8.461690687112124
vern-mikkelsen,Vern Mikkelsen,567.0,18443.0,True,63.94856661045532,66.27318718381113,44.600419094783724,42.917369308600335,60.76982408848215,65.93591905564924,80.10118043844857,80.52276559865092,0.4262574595055413,0.0,80.98891730605285,80.98891730605285,51.185736369334265,58.43170320404722,2.3246205733558085,-1.683049786183389,5.1660949671670835,0.4215851602023548,-0.4262574595055413,0.0,7.245966834712952
vernon-maxwell,Vernon Maxwell,855.0,24309.0,True,64.86698988195616,67.95952782462058,20.16732192290811,11.382799325463743,57.39677012084615,59.27487352445194,11.566615512161029,8.516020236087689,48.24560633963833,47.6271186440678,39.89769820971867,39.89769820971867,43.1847396992836,32.20910623946037,3.0925379426644213,-8.784522597444365,1.8781034036057918,-3.0505952760733397,-0.6184876955705292,0.0,-10.975633459823229
victor-oladipo,Victor Oladipo,504.0,16247.0,True,78.88827993254638,83.6424957841484,42.69338529370124,40.55649241146712,52.9678764017467,51.85497470489039,31.92323112488656,33.305227655986506,67.31472644882182,76.94915254237289,41.51747655583973,41.51747655583973,55.41642698460572,68.63406408094436,4.754215851602012,-2.1368928822341218,-1.1129016968563121,1.3819965310999471,9.63442609355107,0.0,13.217637096338635
vin-baker,Vin Baker,791.0,25737.0,True,78.12141652613828,82.79932546374367,41.58752803493002,39.29173693086003,29.25720166881921,19.392917369308602,77.45589142602128,77.15008431703204,54.35370425030604,56.69491525423729,23.27365728900256,23.273657289002557,50.5218878357113,56.91399662731872,4.677908937605395,-2.295791104069984,-9.864284299510608,-0.30580710898924224,2.3412110039312495,-3.552713678800501e-15,6.39210879160742
vince-carter,Vince Carter,1541.0,46367.0,True,90.48060708263073,93.929173693086,55.92957431902017,58.600337268128165,79.30497495510433,92.91736930860034,45.095150776664,45.36256323777403,58.91108867180991,64.0677966101695,93.52088661551578,93.52088661551578,71.58086854487489,94.77234401349072,3.4485666104552735,2.6707629491079956,13.612394353496015,0.2674124611100339,5.156707938359588,0.0,23.191475468615835
vinnie-johnson,Vinnie Johnson,984.0,24308.0,True,68.1802276559865,72.59696458684654,23.840309171424508,15.85160202360877,75.9874036203936,88.95446880269814,37.557962039708585,38.36424957841484,42.12762971318838,37.28813559322034,67.17817561807331,67.17817561807331,53.04319949897153,63.23777403035413,4.41673693086004,-7.988707147815738,12.967065182304552,0.8062875387062576,-4.8394941199680375,0.0,10.1945745313826
vinny-del-negro,Vinny Del Negro,771.0,19211.0,True,31.764966273187184,28.920741989881957,58.74956665011621,62.31028667790894,75.90253614523164,88.7858347386172,15.119271660804234,12.141652613827993,29.85578432067968,18.64406779661017,45.09803921568628,45.09803921568628,44.23728744043808,35.66610455311973,-2.844224283305227,3.5607200277927333,12.883298593385561,-2.9776190469762405,-11.211716524069509,0.0,-8.57118288731835
vitaly-potapenko,Vitaly Potapenko,610.0,11608.0,True,35.58410623946037,34.31703204047218,38.001904436711854,35.07588532883643,9.071326923388463,2.866779089376054,79.82434835413687,80.01686340640809,43.340630679312376,39.23728813559322,8.780903665814153,8.780903665814153,33.825107600641886,9.612141652613827,-1.2670741989881904,-2.926019107875426,-6.204547834012409,0.19251505227121868,-4.103342543719158,0.0,-24.212965948028057
vlade-divac,Vlade Divac,1134.0,33838.0,True,50.46585160202361,50.75885328836425,61.69308278132226,66.86340640809443,59.575882294713,63.40640809443508,85.4275114106798,87.35244519392917,88.06246831285759,98.55932203389831,94.03239556692242,94.03239556692242,71.19833979631849,94.43507588532884,0.29300168634063795,5.1703236267721735,3.830525799722082,1.9249337832493723,10.496853721040722,0.0,23.23673608901035
vladimir-radmanovi,Vladimir Radmanović,737.0,16164.0,True,31.71247892074199,28.836424957841484,51.68292347262109,52.78246205733558,49.02176613748093,45.69983136593592,54.895554586280426,55.227655986509276,58.175982652465954,62.79661016949152,68.28644501278772,68.28644501278772,51.08723975274574,58.1787521079258,-2.8760539629005066,1.0995385847144874,-3.32193477154501,0.3321014002288507,4.620627517025568,0.0,7.091512355180065
voshon-lenard,Voshon Lenard,565.0,15349.0,True,60.11762225969646,61.045531197301855,51.74051233159602,52.86677908937605,59.872218287053045,63.99662731871838,25.9627675676387,26.30691399662732,42.04552994507882,37.20338983050848,56.09548167092924,56.09548167092924,50.8219025724894,57.50421585160203,0.9279089376053946,1.12626675778003,4.124409031665337,0.34414642898861914,-4.842140114570341,0.0,6.682313279112627
wali-jones,Wali Jones,607.0,14420.0,True,32.663364249578414,30.522765598650928,10.228794444325857,3.372681281618887,42.15560774609195,35.160202360876895,0.9508810226760214,0.08431703204047218,42.913376888766464,38.728813559322035,18.073316283034952,18.073316283034952,27.084280827534883,1.6863406408094435,-2.140598650927487,-6.85611316270697,-6.995405385215058,-0.8665639906355492,-4.18456332944443,0.0,-25.39794018672544
wally-szczerbiak,Wally Szczerbiak,651.0,20052.0,True,63.90008431703204,66.10455311973018,88.51529699175595,97.38617200674537,67.88086178315487,78.58347386172007,40.79259745850852,41.231028667790895,16.513941173328593,5.677966101694915,57.20375106564365,57.20375106564365,56.23984280456136,70.82630691399663,2.2044688026981447,8.870875014989423,10.702612078565195,0.43843120928237767,-10.835975071633678,0.0,14.58646410943527
wally-walker,Wally Walker,565.0,10168.0,True,35.00295109612142,33.38954468802698,17.71002132651152,8.600337268128161,36.28885438165331,27.15008431703204,52.45409370041155,52.78246205733558,31.44267514478681,21.016949152542374,9.88917306052856,9.88917306052856,29.851641077365883,4.0472175379426645,-1.6134064080944412,-9.109684058383358,-9.13877006462127,0.328368356924031,-10.425725992244438,0.0,-25.80442353942322
walt-bellamy,Walt Bellamy,1043.0,38940.0,True,63.54342327150084,65.51433389544688,83.04488844299291,93.67622259696459,58.20035965738766,60.96121416526138,85.38669787782666,87.2681281618887,27.067591316002755,15.169491525423728,95.65217391304348,95.65217391304348,65.4249943310019,88.95446880269814,1.9709106239460397,10.631334153971679,2.7608545078737237,1.8814302840620343,-11.898099790579026,0.0,23.529474471696247
walt-frazier,Walt Frazier,825.0,30965.0,True,62.21037099494097,63.57504215851602,66.01614373388881,72.93423271500843,78.25731322390614,91.48397976391232,36.674922325858745,37.77403035413153,53.14821385859155,55.0,92.32736572890026,92.32736572890026,65.3560004407263,88.87015177065767,1.3646711635750464,6.918088981119624,13.226666540006178,1.0991080282727879,1.8517861414084535,0.0,23.514151329931366
walt-hazzard,Walt Hazzard,724.0,19202.0,True,49.59801854974705,49.915682967959526,28.45724142183894,21.247892074198987,67.94833193063914,78.83642495784149,18.135646565523423,16.441821247892076,42.182621969772725,37.3728813559322,48.33759590792839,48.33759590792839,44.138949644300304,35.32883642495784,0.31766441821247327,-7.209349347639954,10.888093027202345,-1.6938253176313474,-4.809740613840525,0.0,-8.810113219342462
walt-wesley,Walt Wesley,590.0,10306.0,True,64.32230185497471,67.20067453625633,10.41323646954744,3.4569983136593594,9.478355677627528,3.1197301854974704,86.2677910164393,88.27993254637437,38.67032073739379,32.96610169491525,4.0068201193520885,4.0068201193520885,33.77804987780385,9.359190556492411,2.8783726812816184,-6.956238155888081,-6.358625492130058,2.0121415299350645,-5.704219042478535,0.0,-24.41885932131144
walt-williams,Walt Williams,708.0,18818.0,True,64.25189713322091,67.11635750421586,52.327611318008906,53.6256323777403,52.05112532580233,50.252951096121414,47.88087544610192,47.639123102866776,73.22891758726506,86.35593220338983,79.19863597612958,79.19863597612958,62.00364331860141,82.88364249578414,2.864460370994948,1.298021059731397,-1.7981742296809173,-0.2417523432351416,13.127014616124768,0.0,20.879999177182732
walter-davis,Walter Davis,1033.0,28859.0,True,87.57040472175379,91.39966273187184,73.38907568891095,82.37774030354132,71.7860343180846,84.31703204047217,22.74402311348369,21.58516020236088,25.86987783269052,14.067796610169491,49.10485933503836,49.10485933503836,57.83685474929403,74.28330522765599,3.8292580101180533,8.988664614630366,12.530997722387568,-1.1588629111228101,-11.802081222521029,0.0,16.44645047836196
walter-dukes,Walter Dukes,553.0,14671.0,True,38.33600337268128,37.77403035413153,17.19953014897195,8.010118043844857,25.08008992599487,14.165261382799326,97.55480607082632,98.73524451939292,41.005967604433074,36.186440677966104,42.79624893435635,42.79624893435635,39.49947405249177,20.404721753794266,-0.5619730185497502,-9.189412105127092,-10.914828543195544,1.1804384485666048,-4.8195269264669705,0.0,-19.094752298697504
walter-mccarty,Walter McCarty,593.0,10374.0,True,13.6612563237774,7.75716694772344,26.306984712155053,18.97133220910624,30.32421767480454,20.741989881956155,48.3077433045935,48.229342327150086,64.73224233208683,72.79661016949153,19.352088661551576,19.352088661551576,33.55716117711735,8.768971332209107,-5.9040893760539594,-7.335652503048813,-9.582227792848386,-0.07840097744341534,8.064367837404703,0.0,-24.788189844908246
wayman-tisdale,Wayman Tisdale,840.0,23868.0,True,79.88153456998313,84.40134907251264,55.08466466372424,57.50421585160203,25.240371580401536,14.418212478920742,65.56127411516411,64.92411467116358,37.08619166091171,29.23728813559322,12.872975277067347,12.872975277067349,46.47383721461793,43.17032040472176,4.519814502529513,2.4195511878777864,-10.822159101480795,-0.637159444000531,-7.848903525318487,1.7763568394002505e-15,-3.3035168098961734
wayne-cooper,Wayne Cooper,984.0,20274.0,True,32.660623946037106,30.354131534569984,14.412355960655855,5.39629005059022,19.55505254420749,8.853288364249579,87.85384335555298,89.3760539629005,44.45648698743436,41.101694915254235,11.082693947144074,11.082693947144074,32.25837295276721,7.166947723440135,-2.306492411467122,-9.016065910065635,-10.701764179957912,1.5222106073475175,-3.3547920721801248,0.0,-25.091425229327076
wayne-ellington,Wayne Ellington,770.0,16100.0,True,31.516652613827997,28.58347386172007,51.57988928116175,52.44519392917369,38.2968055253821,29.93254637436762,17.35736187363127,15.09274873524452,16.333979320938152,5.508474576271187,5.456095481670929,5.456095481670929,28.307027338887977,2.69814502529511,-2.933178752107928,0.8653046480119428,-8.364259151014476,-2.26461313838675,-10.825504744666965,0.0,-25.60888231359287
wayne-embry,Wayne Embry,831.0,21763.0,True,53.58431703204048,54.30016863406408,32.63081591848642,26.981450252951095,18.10563168264068,7.672849915682968,86.08768971332206,88.1956155143339,3.580562659846547,0.3389830508474576,1.96078431372549,1.9607843137254901,29.86944980883204,4.300168634064081,0.7158516020235979,-5.649365665535324,-10.432781766957714,2.107925801011831,-3.2415796089990896,2.220446049250313e-16,-25.56928117476796
wendell-carter-jr,Wendell Carter Jr.,461.0,12735.0,True,45.53204047217538,46.62731871838111,75.655014492267,85.07588532883642,35.7628332224578,26.475548060708263,85.59281410629461,87.77403035413154,66.22956317767047,75.2542372881356,45.78005115089514,45.78005115089514,57.57508570515141,73.77740303541316,1.09527824620573,9.42087083656942,-9.287285161749537,2.181216247836929,9.024674110465128,0.0,16.20231733026175
wes-unseld,Wes Unseld,984.0,35832.0,True,8.491989881956156,3.4569983136593594,76.50395908032704,85.91905564924114,60.49360564814305,65.51433389544688,92.60124347064202,94.60370994940978,66.67311394848325,76.10169491525424,94.62915601023018,94.62915601023018,62.190649043010986,83.6424957841484,-5.034991568296797,9.415096568914109,5.020728247303829,2.002466478767758,9.428580966770994,0.0,21.45184674113741
wesley-johnson,Wesley Johnson,609.0,13472.0,True,14.736087689713322,9.359190556492411,21.85856386415194,13.322091062394604,25.564306316400373,14.924114671163576,38.18712773237199,39.12310286677909,58.68509962770703,63.813559322033896,5.200341005967604,5.200341005967604,27.932048543688172,2.360876897133221,-5.376897133220911,-8.536472801757336,-10.640191645236797,0.9359751344071015,5.128459694326864,0.0,-25.57117164655495
wesley-matthews,Wesley Matthews,986.0,28579.0,True,35.44266441821248,34.064080944350756,66.6797870361748,74.03035413153457,48.42287043315994,44.772344013490724,16.387720865570344,13.827993254637438,48.08246690056302,47.20338983050848,46.29156010230179,46.29156010230179,45.39357591293098,38.954468802698145,-1.378583473861724,7.350567095359764,-3.6505264196692195,-2.5597276109329066,-0.8790770700545423,0.0,-6.4391071102328326
wesley-person,Wesley Person,733.0,20727.0,True,36.93950252951096,36.172006745362566,80.05943907903566,90.55649241146712,65.85421745012027,75.12647554806071,29.665558999291992,31.112984822934234,42.48939835676226,37.96610169491525,85.5924978687127,85.5924978687127,56.82010925970459,72.09106239460371,-0.7674957841483945,10.497053332431463,9.272258097940437,1.4474258236422415,-4.523296661847006,0.0,15.270953134899123
will-barton,Will Barton,679.0,17116.0,True,52.84780775716695,53.119730185497474,39.15664931543052,36.509274873524454,63.45449542686548,70.74198988195616,44.865844351587874,44.94097807757167,46.0191052816668,43.644067796610166,38.53367433930094,38.53367433930094,48.156348354102384,49.24114671163575,0.2719224283305266,-2.6473744419060665,7.28749445509068,0.07513372598379675,-2.3750374850566374,0.0,1.0847983575333657
will-perdue,Will Perdue,792.0,12360.0,True,24.25168634064081,18.97133220910624,52.12487696589856,53.119730185497474,29.416565888008705,19.645868465430016,96.24241152468284,97.80775716694772,45.18039823819156,42.3728813559322,43.39300937766411,43.39300937766411,44.527386105546135,36.509274873524454,-5.280354131534569,0.9948532195989159,-9.770697422578689,1.5653456422648873,-2.807516882259357,0.0,-8.018111232021681
willie-anderson,Willie Anderson,555.0,15974.0,True,50.41779089376055,50.674536256323776,36.09527336013584,32.1247892074199,48.70815875851899,45.193929173693085,38.23953257456984,39.29173693086003,75.32513828082837,89.49152542372882,45.86530264279625,45.86530264279625,50.62017039338298,57.16694772344014,0.25674536256322966,-3.9704841527159402,-3.5142295848259053,1.05220435629019,14.166387142900447,0.0,6.546777330057161
willie-green,Willie Green,731.0,14783.0,True,50.84190556492412,51.09612141652614,22.512277294577384,13.827993254637438,41.45073546720037,34.31703204047218,13.786394151659604,11.045531197301855,31.48803011890648,21.10169491525424,6.820119352088661,6.820119352088661,30.347616932342344,4.63743676222597,0.2542158516020194,-8.684284039939946,-7.133703426728189,-2.7408629543577483,-10.38633520365224,0.0,-25.710180170116374
willie-naulls,Willie Naulls,716.0,20620.0,True,65.10539629005059,68.46543001686341,21.234906539728623,12.984822934232715,26.25457324708263,15.682967959527824,76.30691399662732,76.05396290050591,44.84228473998295,41.779661016949156,39.47144075021313,39.47144075021313,43.87851303855737,34.822934232715006,3.3600337268128158,-8.250083605495908,-10.571605287554805,-0.2529510961214072,-3.062623723033795,0.0,-9.055578805842366
willis-reed,Willis Reed,650.0,23073.0,True,64.11656829679596,66.86340640809443,61.44247941881728,66.52613827993255,45.589280002402624,39.46037099494098,83.89734267803246,85.58178752107926,51.791391700995945,52.71186440677966,81.41517476555839,81.41517476555839,62.24757826992175,83.81112984822934,2.746838111298473,5.083658861115275,-6.128909007461644,1.6844448430468049,0.9204727057837161,0.0,21.56355157830759
wilson-chandler,Wilson Chandler,676.0,20287.0,True,42.75906408094436,42.58010118043845,46.48364280880352,45.27824620573356,46.5380019568111,40.97807757166948,51.95590421538185,52.27655986509275,35.520545757982234,26.864406779661017,24.7229326513214,24.722932651321397,41.19278387613943,25.632377740303543,-0.17896290050591546,-1.205396603069964,-5.5599243851416205,0.32065564971090055,-8.656138978321216,-3.552713678800501e-15,-15.560406135835887
wilt-chamberlain,Wilt Chamberlain,1045.0,47859.0,True,82.50885328836425,87.2681281618887,84.33431050962591,94.60370994940978,72.95733076205238,85.49747048903879,99.3682610250907,99.6627318718381,84.4592575370069,96.69491525423729,99.57374254049446,99.57374254049446,85.5822402445776,99.57841483979765,4.759274873524447,10.269399439783868,12.54013972698641,0.29447084674740154,12.235657717230382,0.0,13.99617459522004
winston-garland,Winston Garland,511.0,13391.0,True,28.67010961214165,24.620573355817875,15.381710205294286,6.323777403035413,60.1907307540293,64.75548060708263,24.88483504191015,24.45193929173693,56.48849638106788,59.66101694915254,43.90451832907076,43.90451832907076,39.17477822514528,19.73018549747049,-4.049536256323776,-9.057932802258874,4.564749853053328,-0.4328957501732198,3.172520568084657,0.0,-19.44459272767479
woody-sauldsberry,Woody Sauldsberry,462.0,12788.0,True,31.447723440134908,28.246205733558178,0.4314458651449281,0.0,2.7785487472135806,0.25295109612141653,68.21247892074199,67.45362563237774,79.62489343563513,93.55932203389831,20.71611253196931,20.71611253196931,32.75130788387231,7.75716694772344,-3.2015177065767304,-0.4314458651449281,-2.525597651092164,-0.75885328836425,13.934428598263182,0.0,-24.994140936148867
world-b-free,World B. Free,886.0,26893.0,True,97.27192242833053,98.31365935919055,43.30074852541556,41.31534569983137,77.59722820894724,90.72512647554807,21.08581821964775,19.81450252951096,27.97478530931651,16.35593220338983,85.16624040920716,85.16624040920716,60.52243072802069,80.01686340640809,1.0417369308600257,-1.9854028255841882,13.127898266600823,-1.2713156901367881,-11.618853105926679,0.0,19.494432678387405
xavier-mcdaniel,Xavier McDaniel,870.0,25201.0,True,82.45636593591905,87.09949409780776,38.94419574360498,36.00337268128162,51.01745783425306,49.156829679595276,68.80365599046155,68.29679595278246,43.76888270561937,39.91525423728814,60.272804774083546,60.272804774083546,56.79935989582187,71.92242833052276,4.643128161888711,-2.9408230623233607,-1.8606281546577819,-0.5068600376790897,-3.8536284683312303,0.0,15.12306843470089
yao-ming,Yao Ming,486.0,15818.0,True,93.75695615514334,96.62731871838112,82.77148381788413,93.3389544688027,26.586794073454406,16.357504215851602,88.65172164424521,89.96627318718382,73.60490211532581,86.86440677966101,90.79283887468031,90.79283887468031,74.72232569526236,96.0370994940978,2.8703625632377765,10.567470650918565,-10.229289857602804,1.3145515429386023,13.259504664335196,0.0,21.314773798835446
zach-lavine,Zach LaVine,693.0,22685.0,True,89.18908094435076,92.91736930860034,84.65355812547523,94.94097807757167,61.57849519329052,67.70657672849916,23.707035764292737,22.596964586846543,21.736385192290868,9.745762711864407,9.548167092924126,9.548167092924126,52.285104137501655,61.38279932546374,3.728288364249579,10.287419952096442,6.128081535208636,-1.1100711774461942,-11.990622480426461,0.0,9.097695187962088
zach-randolph,Zach Randolph,1116.0,34616.0,True,90.74557335581788,94.01349072512647,37.36593706373146,33.895446880269816,47.7924843686278,43.84485666104553,93.20607373298618,95.10961214165262,26.070263634578968,14.40677966101695,38.02216538789429,38.02216538789429,53.61131332523332,64.50252951096121,3.2679173693085914,-3.470490183461642,-3.9476277075822637,1.903538408666435,-11.663483973562018,0.0,10.891216185727892
zaid-abdul-aziz,Zaid Abdul-Aziz,505.0,11023.0,True,41.1968802698145,40.80944350758853,13.735570640121626,5.059021922428331,24.429412089654537,13.57504215851602,95.53462344599484,97.21753794266442,62.52067813313808,69.32203389830508,48.08184143222506,48.08184143222506,44.13539262713007,35.24451939291737,-0.3874367622259669,-8.676548717693295,-10.854369931138518,1.6829144966695821,6.801355765167003,0.0,-8.890873234212698
zaza-pachulia,Zaza Pachulia,1098.0,22240.0,True,37.08895446880269,36.509274873524454,44.70621993940892,43.08600337268128,28.36475690006996,18.043844856661046,90.24586938304128,90.97807757166947,54.093685019996016,56.355932203389834,20.11935208866155,20.11935208866155,43.58123254605458,33.895446880269816,-0.5796795952782361,-1.6202165667276347,-10.320912043408914,0.7322081886281921,2.262247183393818,0.0,-9.685785665784763
zelmo-beaty,Zelmo Beaty,570.0,18348.0,True,57.63806913996628,58.43170320404722,63.43763267184191,69.3929173693086,35.31143770369559,25.96964586846543,74.35819341842128,74.03035413153457,67.76367804402719,77.62711864406779,80.56265984654732,80.56265984654732,61.53875149261357,81.87183811129849,0.7936340640809405,5.955284697466695,-9.341791835230158,-0.3278392868867144,9.863440600040605,0.0,20.333086618684916
zydrunas-ilgauskas,Zydrunas Ilgauskas,843.0,22965.0,True,81.2830944350759,85.66610455311972,53.94543137167908,55.81787521079258,19.19388967942657,8.600337268128161,88.2041386516986,89.79763912310287,64.12661983390755,71.77966101694915,35.63512361466326,35.63512361466326,56.3191968894036,70.99494097807757,4.383010118043828,1.872443839113501,-10.593552411298408,1.593500471404269,7.653041183041594,0.0,14.675744088673966
