Player_ID,Player,NBA_Player_ID,Headshot_URL,Headshot_Source,Verification_Status,Headshot_Status
P000001,A.C. Green,920.0,https://cdn.nba.com/headshots/nba/latest/1040x760/920.png,NBA CDN,,candidate
P000002,A.J. Bramlett,1920.0,https://cdn.nba.com/headshots/nba/latest/1040x760/1920.png,NBA CDN,,candidate
P000003,A.J. English,76672.0,https://cdn.nba.com/headshots/nba/latest/1040x760/76672.png,NBA CDN,,candidate
P000005,A.J. Guyton,2062.0,https://cdn.nba.com/headshots/nba/latest/1040x760/2062.png,NBA CDN,,candidate
P000007,A.J. Lawson,1630639.0,https://cdn.nba.com/headshots/nba/latest/1040x760/1630639.png,NBA CDN,,candidate
P000009,A.J. Wynder,78627.0,https://cdn.nba.com/headshots/nba/latest/1040x760/78627.png,NBA CDN,,candidate
P000011,AJ Griffin,1631100.0,https://cdn.nba.com/headshots/nba/latest/1040x760/1631100.png,NBA CDN,,candidate
P000012,AJ Johnson,1642358.0,https://cdn.nba.com/headshots/nba/latest/1040x760/1642358.png,NBA CDN,,candidate
P000013,Aaron Brooks,201166.0,https://cdn.nba.com/headshots/nba/latest/1040x760/201166.png,NBA CDN,,candidate
P000014,Aaron Gordon,203932.0,https://cdn.nba.com/headshots/nba/latest/1040x760/203932.png,NBA CDN,,candidate
P000015,Aaron Gray,201189.0,https://cdn.nba.com/headshots/nba/latest/1040x760/201189.png,NBA CDN,,candidate
P000016,Aaron Harrison,1626151.0,https://cdn.nba.com/headshots/nba/latest/1040x760/1626151.png,NBA CDN,,candidate
P000017,Aaron Henry,1630565.0,https://cdn.nba.com/headshots/nba/latest/1040x760/1630565.png,NBA CDN,,candidate
P000018,Aaron Holiday,1628988.0,https://cdn.nba.com/headshots/nba/latest/1040x760/1628988.png,NBA CDN,,candidate
P000019,Aaron Jackson,1628935.0,https://cdn.nba.com/headshots/nba/latest/1040x760/1628935.png,NBA CDN,,candidate
P000020,Aaron James,77115.0,https://cdn.nba.com/headshots/nba/latest/1040x760/77115.png,NBA CDN,,candidate
P000021,Aaron McKie,243.0,https://cdn.nba.com/headshots/nba/latest/1040x760/243.png,NBA CDN,,candidate
P000022,Aaron Miles,101223.0,https://cdn.nba.com/headshots/nba/latest/1040x760/101223.png,NBA CDN,,candidate
P000023,Aaron Nesmith,1630174.0,https://cdn.nba.com/headshots/nba/latest/1040x760/1630174.png,NBA CDN,,candidate
P000024,Aaron Swinson,78286.0,https://cdn.nba.com/headshots/nba/latest/1040x760/78286.png,NBA CDN,,candidate
P000025,Aaron Wiggins,1630598.0,https://cdn.nba.com/headshots/nba/latest/1040x760/1630598.png,NBA CDN,,candidate
P000026,Aaron Williams,1425.0,https://cdn.nba.com/headshots/nba/latest/1040x760/1425.png,NBA CDN,,candidate
P000027,Abdel Nader,1627846.0,https://cdn.nba.com/headshots/nba/latest/1040x760/1627846.png,NBA CDN,,candidate
P000028,Abdul Jeelani,77126.0,https://cdn.nba.com/headshots/nba/latest/1040x760/77126.png,NBA CDN,,candidate
P000029,Ace Bailey,1642846.0,https://cdn.nba.com/headshots/nba/latest/1040x760/1642846.png,NBA CDN,,candidate
P000030,Acie Earl,768.0,https://cdn.nba.com/headshots/nba/latest/1040x760/768.png,NBA CDN,,candidate
P000031,Acie Law,201151.0,https://cdn.nba.com/headshots/nba/latest/1040x760/201151.png,NBA CDN,,candidate
P000032,Adam Flagler,1641745.0,https://cdn.nba.com/headshots/nba/latest/1040x760/1641745.png,NBA CDN,,candidate
P000033,Adam Harrington,2492.0,https://cdn.nba.com/headshots/nba/latest/1040x760/2492.png,NBA CDN,,candidate
P000034,Adam Keefe,228.0,https://cdn.nba.com/headshots/nba/latest/1040x760/228.png,NBA CDN,,candidate
P000035,Adam Mokoka,1629690.0,https://cdn.nba.com/headshots/nba/latest/1040x760/1629690.png,NBA CDN,,candidate
P000036,Adam Morrison,200747.0,https://cdn.nba.com/headshots/nba/latest/1040x760/200747.png,NBA CDN,,candidate
P000037,Adama Sanogo,1641766.0,https://cdn.nba.com/headshots/nba/latest/1040x760/1641766.png,NBA CDN,,candidate
P000039,Ade Murkey,1630278.0,https://cdn.nba.com/headshots/nba/latest/1040x760/1630278.png,NBA CDN,,candidate
P000040,Adem Bona,1641737.0,https://cdn.nba.com/headshots/nba/latest/1040x760/1641737.png,NBA CDN,,candidate
P000041,Admiral Schofield,1629678.0,https://cdn.nba.com/headshots/nba/latest/1040x760/1629678.png,NBA CDN,,candidate
P000042,Adonal Foyle,1502.0,https://cdn.nba.com/headshots/nba/latest/1040x760/1502.png,NBA CDN,,candidate
P000043,Adonis Jordan,1817.0,https://cdn.nba.com/headshots/nba/latest/1040x760/1817.png,NBA CDN,,candidate
P000044,Adonis Thomas,203519.0,https://cdn.nba.com/headshots/nba/latest/1040x760/203519.png,NBA CDN,,candidate
P000045,Adou Thiero,1642876.0,https://cdn.nba.com/headshots/nba/latest/1040x760/1642876.png,NBA CDN,,candidate
P000046,Adreian Payne,203940.0,https://cdn.nba.com/headshots/nba/latest/1040x760/203940.png,NBA CDN,,candidate
P000047,Adrian Branch,76237.0,https://cdn.nba.com/headshots/nba/latest/1040x760/76237.png,NBA CDN,,candidate
P000048,Adrian Caldwell,154.0,https://cdn.nba.com/headshots/nba/latest/1040x760/154.png,NBA CDN,,candidate
P000049,Adrian Dantley,76504.0,https://cdn.nba.com/headshots/nba/latest/1040x760/76504.png,NBA CDN,,candidate
P000050,Adrian Dantley*,76504.0,https://cdn.nba.com/headshots/nba/latest/1040x760/76504.png,NBA CDN,,candidate
P000051,Adrian Griffin,1559.0,https://cdn.nba.com/headshots/nba/latest/1040x760/1559.png,NBA CDN,,candidate
P000052,Adrian Smith,78178.0,https://cdn.nba.com/headshots/nba/latest/1040x760/78178.png,NBA CDN,,candidate
P000053,Ahmad Caver,1629958.0,https://cdn.nba.com/headshots/nba/latest/1040x760/1629958.png,NBA CDN,,candidate
P000054,Ajay Mitchell,1642349.0,https://cdn.nba.com/headshots/nba/latest/1040x760/1642349.png,NBA CDN,,candidate
P000057,Al Bianchi,76160.0,https://cdn.nba.com/headshots/nba/latest/1040x760/76160.png,NBA CDN,,candidate
P000058,Al Butler,76319.0,https://cdn.nba.com/headshots/nba/latest/1040x760/76319.png,NBA CDN,,candidate
P000059,Al Carlson,76343.0,https://cdn.nba.com/headshots/nba/latest/1040x760/76343.png,NBA CDN,,candidate
P000060,Al Cervi,76373.0,https://cdn.nba.com/headshots/nba/latest/1040x760/76373.png,NBA CDN,,candidate
P000061,Al Cervi*,76373.0,https://cdn.nba.com/headshots/nba/latest/1040x760/76373.png,NBA CDN,,candidate
P000062,Al Eberhard,76634.0,https://cdn.nba.com/headshots/nba/latest/1040x760/76634.png,NBA CDN,,candidate
P000063,Al Ferrari,76708.0,https://cdn.nba.com/headshots/nba/latest/1040x760/76708.png,NBA CDN,,candidate
P000064,Al Fleming,76722.0,https://cdn.nba.com/headshots/nba/latest/1040x760/76722.png,NBA CDN,,candidate
P000065,Al Hairston,76915.0,https://cdn.nba.com/headshots/nba/latest/1040x760/76915.png,NBA CDN,,candidate
P000066,Al Harrington,1733.0,https://cdn.nba.com/headshots/nba/latest/1040x760/1733.png,NBA CDN,,candidate
P000067,Al Henry,77000.0,https://cdn.nba.com/headshots/nba/latest/1040x760/77000.png,NBA CDN,,candidate
P000068,Al Horford,201143.0,https://cdn.nba.com/headshots/nba/latest/1040x760/201143.png,NBA CDN,,candidate
P000069,Al Jackson,77099.0,https://cdn.nba.com/headshots/nba/latest/1040x760/77099.png,NBA CDN,,candidate
P000070,Al Jefferson,2744.0,https://cdn.nba.com/headshots/nba/latest/1040x760/2744.png,NBA CDN,,candidate
P000071,Al Masino,77482.0,https://cdn.nba.com/headshots/nba/latest/1040x760/77482.png,NBA CDN,,candidate
P000072,Al McGuire,77536.0,https://cdn.nba.com/headshots/nba/latest/1040x760/77536.png,NBA CDN,,candidate
P000073,Al McGuire*,77536.0,https://cdn.nba.com/headshots/nba/latest/1040x760/77536.png,NBA CDN,,candidate
P000074,Al Roges,78010.0,https://cdn.nba.com/headshots/nba/latest/1040x760/78010.png,NBA CDN,,candidate
P000075,Al Skinner,78167.0,https://cdn.nba.com/headshots/nba/latest/1040x760/78167.png,NBA CDN,,candidate
P000076,Al Thornton,201154.0,https://cdn.nba.com/headshots/nba/latest/1040x760/201154.png,NBA CDN,,candidate
P000077,Al Tucker,78372.0,https://cdn.nba.com/headshots/nba/latest/1040x760/78372.png,NBA CDN,,candidate
P000078,Al Wood,78610.0,https://cdn.nba.com/headshots/nba/latest/1040x760/78610.png,NBA CDN,,candidate
P000079,Al-Farouq Aminu,202329.0,https://cdn.nba.com/headshots/nba/latest/1040x760/202329.png,NBA CDN,,candidate
P000080,Alaa Abdelnaby,76001.0,https://cdn.nba.com/headshots/nba/latest/1040x760/76001.png,NBA CDN,,candidate
P000081,Alan Anderson,101187.0,https://cdn.nba.com/headshots/nba/latest/1040x760/101187.png,NBA CDN,,candidate
P000082,Alan Hardy,76947.0,https://cdn.nba.com/headshots/nba/latest/1040x760/76947.png,NBA CDN,,candidate
P000083,Alan Henderson,673.0,https://cdn.nba.com/headshots/nba/latest/1040x760/673.png,NBA CDN,,candidate
P000084,Alan Ogg,1628.0,https://cdn.nba.com/headshots/nba/latest/1040x760/1628.png,NBA CDN,,candidate
P000085,Alan Williams,1626210.0,https://cdn.nba.com/headshots/nba/latest/1040x760/1626210.png,NBA CDN,,candidate
P000086,Alando Tucker,201169.0,https://cdn.nba.com/headshots/nba/latest/1040x760/201169.png,NBA CDN,,candidate
P000087,Albert King,77263.0,https://cdn.nba.com/headshots/nba/latest/1040x760/77263.png,NBA CDN,,candidate
P000088,Alec Burks,202692.0,https://cdn.nba.com/headshots/nba/latest/1040x760/202692.png,NBA CDN,,candidate
P000089,Alec Kessler,77251.0,https://cdn.nba.com/headshots/nba/latest/1040x760/77251.png,NBA CDN,,candidate
P000090,Alec Peters,1628409.0,https://cdn.nba.com/headshots/nba/latest/1040x760/1628409.png,NBA CDN,,candidate
P000091,Aleem Ford,1630758.0,https://cdn.nba.com/headshots/nba/latest/1040x760/1630758.png,NBA CDN,,candidate
P000092,Aleksandar Djordjevic,1059.0,https://cdn.nba.com/headshots/nba/latest/1040x760/1059.png,NBA CDN,,candidate
P000093,Aleksandar Radojević,1893.0,https://cdn.nba.com/headshots/nba/latest/1040x760/1893.png,NBA CDN,,candidate
P000094,Aleksej Pokusevski,1630197.0,https://cdn.nba.com/headshots/nba/latest/1040x760/1630197.png,NBA CDN,,candidate
P000095,Alen Smailagić,1629346.0,https://cdn.nba.com/headshots/nba/latest/1040x760/1629346.png,NBA CDN,,candidate
P000096,Alex Acker,101165.0,https://cdn.nba.com/headshots/nba/latest/1040x760/101165.png,NBA CDN,,candidate
P000097,Alex Antetokounmpo,1630828.0,https://cdn.nba.com/headshots/nba/latest/1040x760/1630828.png,NBA CDN,,candidate
P000098,Alex Blackwell,76180.0,https://cdn.nba.com/headshots/nba/latest/1040x760/76180.png,NBA CDN,,candidate
P000099,Alex Bradley,76228.0,https://cdn.nba.com/headshots/nba/latest/1040x760/76228.png,NBA CDN,,candidate
P000100,Alex Caruso,1627936.0,https://cdn.nba.com/headshots/nba/latest/1040x760/1627936.png,NBA CDN,,candidate
P000101,Alex Ducas,1642505.0,https://cdn.nba.com/headshots/nba/latest/1040x760/1642505.png,NBA CDN,,candidate
P000102,Alex English,76673.0,https://cdn.nba.com/headshots/nba/latest/1040x760/76673.png,NBA CDN,,candidate
P000103,Alex English*,76673.0,https://cdn.nba.com/headshots/nba/latest/1040x760/76673.png,NBA CDN,,candidate
P000104,Alex Fudge,1641788.0,https://cdn.nba.com/headshots/nba/latest/1040x760/1641788.png,NBA CDN,,candidate
P000105,Alex Garcia,2682.0,https://cdn.nba.com/headshots/nba/latest/1040x760/2682.png,NBA CDN,,candidate
P000106,Alex Hannum,76937.0,https://cdn.nba.com/headshots/nba/latest/1040x760/76937.png,NBA CDN,,candidate
P000107,Alex Hannum*,76937.0,https://cdn.nba.com/headshots/nba/latest/1040x760/76937.png,NBA CDN,,candidate
P000108,Alex Kirk,203945.0,https://cdn.nba.com/headshots/nba/latest/1040x760/203945.png,NBA CDN,,candidate
P000109,Alex Len,203458.0,https://cdn.nba.com/headshots/nba/latest/1040x760/203458.png,NBA CDN,,candidate
P000110,Alex Morales,1631457.0,https://cdn.nba.com/headshots/nba/latest/1040x760/1631457.png,NBA CDN,,candidate
P000111,Alex Poythress,1627816.0,https://cdn.nba.com/headshots/nba/latest/1040x760/1627816.png,NBA CDN,,candidate
P000112,Alex Reese,1642024.0,https://cdn.nba.com/headshots/nba/latest/1040x760/1642024.png,NBA CDN,,candidate
P000113,Alex Sarr,1642259.0,https://cdn.nba.com/headshots/nba/latest/1040x760/1642259.png,NBA CDN,,candidate
P000114,Alex Scales,2637.0,https://cdn.nba.com/headshots/nba/latest/1040x760/2637.png,NBA CDN,,candidate
P000115,Alex Stepheson,1627293.0,https://cdn.nba.com/headshots/nba/latest/1040x760/1627293.png,NBA CDN,,candidate
P000116,Alex Stivrins,78261.0,https://cdn.nba.com/headshots/nba/latest/1040x760/78261.png,NBA CDN,,candidate
P000117,Alexander Johnson,200792.0,https://cdn.nba.com/headshots/nba/latest/1040x760/200792.png,NBA CDN,,candidate
P000118,Alexander Volkov,78421.0,https://cdn.nba.com/headshots/nba/latest/1040x760/78421.png,NBA CDN,,candidate
P000119,Alexey Shved,203144.0,https://cdn.nba.com/headshots/nba/latest/1040x760/203144.png,NBA CDN,,candidate
P000120,Alexis Ajinça,201582.0,https://cdn.nba.com/headshots/nba/latest/1040x760/201582.png,NBA CDN,,candidate
P000121,Alfonzo McKinnie,1628035.0,https://cdn.nba.com/headshots/nba/latest/1040x760/1628035.png,NBA CDN,,candidate
P000122,Alfredrick Hughes,77076.0,https://cdn.nba.com/headshots/nba/latest/1040x760/77076.png,NBA CDN,,candidate
P000123,Alijah Martin,1642918.0,https://cdn.nba.com/headshots/nba/latest/1040x760/1642918.png,NBA CDN,,candidate
P000124,Alize Johnson,1628993.0,https://cdn.nba.com/headshots/nba/latest/1040x760/1628993.png,NBA CDN,,candidate
P000125,Allan Bristow,76257.0,https://cdn.nba.com/headshots/nba/latest/1040x760/76257.png,NBA CDN,,candidate
P000126,Allan Houston,275.0,https://cdn.nba.com/headshots/nba/latest/1040x760/275.png,NBA CDN,,candidate
P000127,Allan Ray,200810.0,https://cdn.nba.com/headshots/nba/latest/1040x760/200810.png,NBA CDN,,candidate
P000128,Allen Crabbe,203459.0,https://cdn.nba.com/headshots/nba/latest/1040x760/203459.png,NBA CDN,,candidate
P000129,Allen Iverson,947.0,https://cdn.nba.com/headshots/nba/latest/1040x760/947.png,NBA CDN,,candidate
P000130,Allen Iverson*,947.0,https://cdn.nba.com/headshots/nba/latest/1040x760/947.png,NBA CDN,,candidate
P000131,Allen Leavell,77353.0,https://cdn.nba.com/headshots/nba/latest/1040x760/77353.png,NBA CDN,,candidate
P000132,Allen Murphy,77668.0,https://cdn.nba.com/headshots/nba/latest/1040x760/77668.png,NBA CDN,,candidate
P000133,Allie McGuire,77535.0,https://cdn.nba.com/headshots/nba/latest/1040x760/77535.png,NBA CDN,,candidate
P000134,Allonzo Trier,1629019.0,https://cdn.nba.com/headshots/nba/latest/1040x760/1629019.png,NBA CDN,,candidate
P000135,Alondes Williams,1631214.0,https://cdn.nba.com/headshots/nba/latest/1040x760/1631214.png,NBA CDN,,candidate
P000136,Alonzo Bradley,76229.0,https://cdn.nba.com/headshots/nba/latest/1040x760/76229.png,NBA CDN,,candidate
P000137,Alonzo Gee,202087.0,https://cdn.nba.com/headshots/nba/latest/1040x760/202087.png,NBA CDN,,candidate
P000138,Alonzo Mourning,297.0,https://cdn.nba.com/headshots/nba/latest/1040x760/297.png,NBA CDN,,candidate
P000139,Alonzo Mourning*,297.0,https://cdn.nba.com/headshots/nba/latest/1040x760/297.png,NBA CDN,,candidate
P000140,Alperen Şengün,1630578.0,https://cdn.nba.com/headshots/nba/latest/1040x760/1630578.png,NBA CDN,,candidate
P000141,Alphonso Ford,76732.0,https://cdn.nba.com/headshots/nba/latest/1040x760/76732.png,NBA CDN,,candidate
P000142,Alton Ford,2228.0,https://cdn.nba.com/headshots/nba/latest/1040x760/2228.png,NBA CDN,,candidate
P000143,Alton Lister,175.0,https://cdn.nba.com/headshots/nba/latest/1040x760/175.png,NBA CDN,,candidate
P000144,Alvan Adams,76011.0,https://cdn.nba.com/headshots/nba/latest/1040x760/76011.png,NBA CDN,,candidate
P000145,Alvin Heggs,76987.0,https://cdn.nba.com/headshots/nba/latest/1040x760/76987.png,NBA CDN,,candidate
P000146,Alvin Jones,2264.0,https://cdn.nba.com/headshots/nba/latest/1040x760/2264.png,NBA CDN,,candidate
P000147,Alvin Robertson,926.0,https://cdn.nba.com/headshots/nba/latest/1040x760/926.png,NBA CDN,,candidate
P000148,Alvin Scott,78095.0,https://cdn.nba.com/headshots/nba/latest/1040x760/78095.png,NBA CDN,,candidate
P000149,Alvin Sims,1591.0,https://cdn.nba.com/headshots/nba/latest/1040x760/1591.png,NBA CDN,,candidate
P000150,Alvin Williams,1541.0,https://cdn.nba.com/headshots/nba/latest/1040x760/1541.png,NBA CDN,,candidate
P000151,Amal McCaskill,1043.0,https://cdn.nba.com/headshots/nba/latest/1040x760/1043.png,NBA CDN,,candidate
P000152,Amar'e Stoudemire,2405.0,https://cdn.nba.com/headshots/nba/latest/1040x760/2405.png,NBA CDN,,candidate
P000153,Amari Bailey,1641735.0,https://cdn.nba.com/headshots/nba/latest/1040x760/1641735.png,NBA CDN,,candidate
P000154,Amari Williams,1642873.0,https://cdn.nba.com/headshots/nba/latest/1040x760/1642873.png,NBA CDN,,candidate
P000155,Amen Thompson,1641708.0,https://cdn.nba.com/headshots/nba/latest/1040x760/1641708.png,NBA CDN,,candidate
P000156,Amida Brimah,1628578.0,https://cdn.nba.com/headshots/nba/latest/1040x760/1628578.png,NBA CDN,,candidate
P000157,Amile Jefferson,1628518.0,https://cdn.nba.com/headshots/nba/latest/1040x760/1628518.png,NBA CDN,,candidate
P000158,Amir Coffey,1629599.0,https://cdn.nba.com/headshots/nba/latest/1040x760/1629599.png,NBA CDN,,candidate
P000159,Amir Johnson,101161.0,https://cdn.nba.com/headshots/nba/latest/1040x760/101161.png,NBA CDN,,candidate
P000160,Anderson Varejão,2760.0,https://cdn.nba.com/headshots/nba/latest/1040x760/2760.png,NBA CDN,,candidate
P000161,Andersson Garcia,1643158.0,https://cdn.nba.com/headshots/nba/latest/1040x760/1643158.png,NBA CDN,,candidate
P000162,Andrae Patterson,1754.0,https://cdn.nba.com/headshots/nba/latest/1040x760/1754.png,NBA CDN,,candidate
P000163,Andray Blatche,101154.0,https://cdn.nba.com/headshots/nba/latest/1040x760/101154.png,NBA CDN,,candidate
P000164,Andre Barrett,2857.0,https://cdn.nba.com/headshots/nba/latest/1040x760/2857.png,NBA CDN,,candidate
P000165,Andre Brown,2810.0,https://cdn.nba.com/headshots/nba/latest/1040x760/2810.png,NBA CDN,,candidate
P000166,Andre Dawkins,203958.0,https://cdn.nba.com/headshots/nba/latest/1040x760/203958.png,NBA CDN,,candidate
P000167,Andre Drummond,203083.0,https://cdn.nba.com/headshots/nba/latest/1040x760/203083.png,NBA CDN,,candidate
P000168,Andre Emmett,2765.0,https://cdn.nba.com/headshots/nba/latest/1040x760/2765.png,NBA CDN,,candidate
P000169,Andre Iguodala,2738.0,https://cdn.nba.com/headshots/nba/latest/1040x760/2738.png,NBA CDN,,candidate
P000170,Andre Ingram,201281.0,https://cdn.nba.com/headshots/nba/latest/1040x760/201281.png,NBA CDN,,candidate
P000171,Andre Jackson Jr.,1641748.0,https://cdn.nba.com/headshots/nba/latest/1040x760/1641748.png,NBA CDN,,candidate
P000172,Andre McCarter,77504.0,https://cdn.nba.com/headshots/nba/latest/1040x760/77504.png,NBA CDN,,candidate
P000173,Andre Miller,1889.0,https://cdn.nba.com/headshots/nba/latest/1040x760/1889.png,NBA CDN,,candidate
P000174,Andre Moore,77632.0,https://cdn.nba.com/headshots/nba/latest/1040x760/77632.png,NBA CDN,,candidate
P000175,Andre Owens,101261.0,https://cdn.nba.com/headshots/nba/latest/1040x760/101261.png,NBA CDN,,candidate
P000176,Andre Roberson,203460.0,https://cdn.nba.com/headshots/nba/latest/1040x760/203460.png,NBA CDN,,candidate
P000177,Andre Spencer,78227.0,https://cdn.nba.com/headshots/nba/latest/1040x760/78227.png,NBA CDN,,candidate
P000178,Andre Turner,78377.0,https://cdn.nba.com/headshots/nba/latest/1040x760/78377.png,NBA CDN,,candidate
P000179,Andre Wakefield,78431.0,https://cdn.nba.com/headshots/nba/latest/1040x760/78431.png,NBA CDN,,candidate
P000180,Andrea Bargnani,200745.0,https://cdn.nba.com/headshots/nba/latest/1040x760/200745.png,NBA CDN,,candidate
P000181,Andreas Glyniadakis,2601.0,https://cdn.nba.com/headshots/nba/latest/1040x760/2601.png,NBA CDN,,candidate
P000182,Andrei Kirilenko,1905.0,https://cdn.nba.com/headshots/nba/latest/1040x760/1905.png,NBA CDN,,candidate
P000183,Andrew Bogut,101106.0,https://cdn.nba.com/headshots/nba/latest/1040x760/101106.png,NBA CDN,,candidate
P000184,Andrew Bynum,101115.0,https://cdn.nba.com/headshots/nba/latest/1040x760/101115.png,NBA CDN,,candidate
P000185,Andrew DeClercq,692.0,https://cdn.nba.com/headshots/nba/latest/1040x760/692.png,NBA CDN,,candidate
P000186,Andrew Funk,1641847.0,https://cdn.nba.com/headshots/nba/latest/1040x760/1641847.png,NBA CDN,,candidate
P000187,Andrew Gaze,1845.0,https://cdn.nba.com/headshots/nba/latest/1040x760/1845.png,NBA CDN,,candidate
P000188,Andrew Goudelock,202726.0,https://cdn.nba.com/headshots/nba/latest/1040x760/202726.png,NBA CDN,,candidate
P000189,Andrew Harrison,1626150.0,https://cdn.nba.com/headshots/nba/latest/1040x760/1626150.png,NBA CDN,,candidate
P000190,Andrew Lang,457.0,https://cdn.nba.com/headshots/nba/latest/1040x760/457.png,NBA CDN,,candidate
P000191,Andrew Levane,77375.0,https://cdn.nba.com/headshots/nba/latest/1040x760/77375.png,NBA CDN,,candidate
P000192,Andrew Nembhard,1629614.0,https://cdn.nba.com/headshots/nba/latest/1040x760/1629614.png,NBA CDN,,candidate
P000193,Andrew Nicholson,203094.0,https://cdn.nba.com/headshots/nba/latest/1040x760/203094.png,NBA CDN,,candidate
P000194,Andrew Toney,78351.0,https://cdn.nba.com/headshots/nba/latest/1040x760/78351.png,NBA CDN,,candidate
P000196,Andrew Wiggins,203952.0,https://cdn.nba.com/headshots/nba/latest/1040x760/203952.png,NBA CDN,,candidate
P000197,Andris Biedriņš,2740.0,https://cdn.nba.com/headshots/nba/latest/1040x760/2740.png,NBA CDN,,candidate
P000198,Andrés Guibert,76903.0,https://cdn.nba.com/headshots/nba/latest/1040x760/76903.png,NBA CDN,,candidate
P000199,Andrés Nocioni,2804.0,https://cdn.nba.com/headshots/nba/latest/1040x760/2804.png,NBA CDN,,candidate
P000200,Andy Johnson,77131.0,https://cdn.nba.com/headshots/nba/latest/1040x760/77131.png,NBA CDN,,candidate
P000201,Andy Panko,1950.0,https://cdn.nba.com/headshots/nba/latest/1040x760/1950.png,NBA CDN,,candidate
P000202,Andy Phillip,77853.0,https://cdn.nba.com/headshots/nba/latest/1040x760/77853.png,NBA CDN,,candidate
P000203,Andy Phillip*,77853.0,https://cdn.nba.com/headshots/nba/latest/1040x760/77853.png,NBA CDN,,candidate
P000204,Andy Rautins,202360.0,https://cdn.nba.com/headshots/nba/latest/1040x760/202360.png,NBA CDN,,candidate
P000205,Andy Toolson,342.0,https://cdn.nba.com/headshots/nba/latest/1040x760/342.png,NBA CDN,,candidate
P000206,Andy Walker,78433.0,https://cdn.nba.com/headshots/nba/latest/1040x760/78433.png,NBA CDN,,candidate
P000207,Anfernee Hardaway,358.0,https://cdn.nba.com/headshots/nba/latest/1040x760/358.png,NBA CDN,,candidate
P000208,Anfernee Simons,1629014.0,https://cdn.nba.com/headshots/nba/latest/1040x760/1629014.png,NBA CDN,,candidate
P000209,Ansu Sesay,1738.0,https://cdn.nba.com/headshots/nba/latest/1040x760/1738.png,NBA CDN,,candidate
P000210,Antawn Jamison,1712.0,https://cdn.nba.com/headshots/nba/latest/1040x760/1712.png,NBA CDN,,candidate
P000211,Ante Žižić,1627790.0,https://cdn.nba.com/headshots/nba/latest/1040x760/1627790.png,NBA CDN,,candidate
P000212,Anthony Avent,138.0,https://cdn.nba.com/headshots/nba/latest/1040x760/138.png,NBA CDN,,candidate
P000213,Anthony Bennett,203461.0,https://cdn.nba.com/headshots/nba/latest/1040x760/203461.png,NBA CDN,,candidate
P000214,Anthony Black,1641710.0,https://cdn.nba.com/headshots/nba/latest/1040x760/1641710.png,NBA CDN,,candidate
P000215,Anthony Bonner,41.0,https://cdn.nba.com/headshots/nba/latest/1040x760/41.png,NBA CDN,,candidate
P000216,Anthony Bowie,194.0,https://cdn.nba.com/headshots/nba/latest/1040x760/194.png,NBA CDN,,candidate
P000217,Anthony Brown,1626148.0,https://cdn.nba.com/headshots/nba/latest/1040x760/1626148.png,NBA CDN,,candidate
P000218,Anthony Carter,1853.0,https://cdn.nba.com/headshots/nba/latest/1040x760/1853.png,NBA CDN,,candidate
P000219,Anthony Cook,76433.0,https://cdn.nba.com/headshots/nba/latest/1040x760/76433.png,NBA CDN,,candidate
P000220,Anthony Davis,203076.0,https://cdn.nba.com/headshots/nba/latest/1040x760/203076.png,NBA CDN,,candidate
P000221,Anthony Edwards,1630162.0,https://cdn.nba.com/headshots/nba/latest/1040x760/1630162.png,NBA CDN,,candidate
P000222,Anthony Frederick,76752.0,https://cdn.nba.com/headshots/nba/latest/1040x760/76752.png,NBA CDN,,candidate
P000223,Anthony Gill,1630264.0,https://cdn.nba.com/headshots/nba/latest/1040x760/1630264.png,NBA CDN,,candidate
P000224,Anthony Goldwire,924.0,https://cdn.nba.com/headshots/nba/latest/1040x760/924.png,NBA CDN,,candidate
P000225,Anthony Grundy,101219.0,https://cdn.nba.com/headshots/nba/latest/1040x760/101219.png,NBA CDN,,candidate
P000226,Anthony Johnson,1533.0,https://cdn.nba.com/headshots/nba/latest/1040x760/1533.png,NBA CDN,,candidate
P000227,Anthony Jones,77173.0,https://cdn.nba.com/headshots/nba/latest/1040x760/77173.png,NBA CDN,,candidate
P000228,Anthony Lamb,1630237.0,https://cdn.nba.com/headshots/nba/latest/1040x760/1630237.png,NBA CDN,,candidate
P000229,Anthony Mason,193.0,https://cdn.nba.com/headshots/nba/latest/1040x760/193.png,NBA CDN,,candidate
P000230,Anthony Miller,292.0,https://cdn.nba.com/headshots/nba/latest/1040x760/292.png,NBA CDN,,candidate
P000231,Anthony Morrow,201627.0,https://cdn.nba.com/headshots/nba/latest/1040x760/201627.png,NBA CDN,,candidate
P000232,Anthony Parker,1515.0,https://cdn.nba.com/headshots/nba/latest/1040x760/1515.png,NBA CDN,,candidate
P000233,Anthony Peeler,324.0,https://cdn.nba.com/headshots/nba/latest/1040x760/324.png,NBA CDN,,candidate
P000234,Anthony Pullard,77890.0,https://cdn.nba.com/headshots/nba/latest/1040x760/77890.png,NBA CDN,,candidate
P000235,Anthony Randolph,201576.0,https://cdn.nba.com/headshots/nba/latest/1040x760/201576.png,NBA CDN,,candidate
P000236,Anthony Roberson,101194.0,https://cdn.nba.com/headshots/nba/latest/1040x760/101194.png,NBA CDN,,candidate
P000237,Anthony Roberts,77975.0,https://cdn.nba.com/headshots/nba/latest/1040x760/77975.png,NBA CDN,,candidate
P000238,Anthony Taylor,78295.0,https://cdn.nba.com/headshots/nba/latest/1040x760/78295.png,NBA CDN,,candidate
P000239,Anthony Tolliver,201229.0,https://cdn.nba.com/headshots/nba/latest/1040x760/201229.png,NBA CDN,,candidate
P000240,Anthony Tucker,141.0,https://cdn.nba.com/headshots/nba/latest/1040x760/141.png,NBA CDN,,candidate
P000241,Antoine Carr,156.0,https://cdn.nba.com/headshots/nba/latest/1040x760/156.png,NBA CDN,,candidate
P000242,Antoine Rigaudeau,2541.0,https://cdn.nba.com/headshots/nba/latest/1040x760/2541.png,NBA CDN,,candidate
P000243,Antoine Walker,952.0,https://cdn.nba.com/headshots/nba/latest/1040x760/952.png,NBA CDN,,candidate
P000244,Antoine Wright,101120.0,https://cdn.nba.com/headshots/nba/latest/1040x760/101120.png,NBA CDN,,candidate
P000245,Anton Watson,1641817.0,https://cdn.nba.com/headshots/nba/latest/1040x760/1641817.png,NBA CDN,,candidate
P000246,Antonio Anderson,202079.0,https://cdn.nba.com/headshots/nba/latest/1040x760/202079.png,NBA CDN,,candidate
P000247,Antonio Blakeney,1628469.0,https://cdn.nba.com/headshots/nba/latest/1040x760/1628469.png,NBA CDN,,candidate
P000248,Antonio Burks,2766.0,https://cdn.nba.com/headshots/nba/latest/1040x760/2766.png,NBA CDN,,candidate
P000249,Antonio Daniels,1498.0,https://cdn.nba.com/headshots/nba/latest/1040x760/1498.png,NBA CDN,,candidate
P000250,Antonio Davis,213.0,https://cdn.nba.com/headshots/nba/latest/1040x760/213.png,NBA CDN,,candidate
P000251,Antonio Harvey,176.0,https://cdn.nba.com/headshots/nba/latest/1040x760/176.png,NBA CDN,,candidate
P000252,Antonio Lang,226.0,https://cdn.nba.com/headshots/nba/latest/1040x760/226.png,NBA CDN,,candidate
P000253,Antonio McDyess,686.0,https://cdn.nba.com/headshots/nba/latest/1040x760/686.png,NBA CDN,,candidate
P000254,Antonio Reeves,1641810.0,https://cdn.nba.com/headshots/nba/latest/1040x760/1641810.png,NBA CDN,,candidate
P000255,Antonis Fotsis,2238.0,https://cdn.nba.com/headshots/nba/latest/1040x760/2238.png,NBA CDN,,candidate
P000256,Antonius Cleveland,1628499.0,https://cdn.nba.com/headshots/nba/latest/1040x760/1628499.png,NBA CDN,,candidate
P000257,Anžejs Pasečņiks,1628394.0,https://cdn.nba.com/headshots/nba/latest/1040x760/1628394.png,NBA CDN,,candidate
P000258,Archie Clark,76397.0,https://cdn.nba.com/headshots/nba/latest/1040x760/76397.png,NBA CDN,,candidate
P000259,Archie Dees,76546.0,https://cdn.nba.com/headshots/nba/latest/1040x760/76546.png,NBA CDN,,candidate
P000260,Archie Goodwin,203462.0,https://cdn.nba.com/headshots/nba/latest/1040x760/203462.png,NBA CDN,,candidate
P000261,Ariel Hukporti,1630574.0,https://cdn.nba.com/headshots/nba/latest/1040x760/1630574.png,NBA CDN,,candidate
P000262,Arinze Onuaku,202620.0,https://cdn.nba.com/headshots/nba/latest/1040x760/202620.png,NBA CDN,,candidate
P000263,Armel Traoré,1642422.0,https://cdn.nba.com/headshots/nba/latest/1040x760/1642422.png,NBA CDN,,candidate
P000264,Armen Gilliam,288.0,https://cdn.nba.com/headshots/nba/latest/1040x760/288.png,NBA CDN,,candidate
P000265,Armon Johnson,202356.0,https://cdn.nba.com/headshots/nba/latest/1040x760/202356.png,NBA CDN,,candidate
P000266,Armond Hill,77024.0,https://cdn.nba.com/headshots/nba/latest/1040x760/77024.png,NBA CDN,,candidate
P000267,Armoni Brooks,1629717.0,https://cdn.nba.com/headshots/nba/latest/1040x760/1629717.png,NBA CDN,,candidate
P000268,Arnett Moultrie,203102.0,https://cdn.nba.com/headshots/nba/latest/1040x760/203102.png,NBA CDN,,candidate
P000269,Arnie Johnson,77132.0,https://cdn.nba.com/headshots/nba/latest/1040x760/77132.png,NBA CDN,,candidate
P000270,Arnie Risen,77967.0,https://cdn.nba.com/headshots/nba/latest/1040x760/77967.png,NBA CDN,,candidate
P000271,Arnie Risen*,77967.0,https://cdn.nba.com/headshots/nba/latest/1040x760/77967.png,NBA CDN,,candidate
P000272,Arnoldas Kulboka,1629083.0,https://cdn.nba.com/headshots/nba/latest/1040x760/1629083.png,NBA CDN,,candidate
P000273,Aron Baynes,203382.0,https://cdn.nba.com/headshots/nba/latest/1040x760/203382.png,NBA CDN,,candidate
P000274,Arron Afflalo,201167.0,https://cdn.nba.com/headshots/nba/latest/1040x760/201167.png,NBA CDN,,candidate
P000275,Art Burris,76311.0,https://cdn.nba.com/headshots/nba/latest/1040x760/76311.png,NBA CDN,,candidate
P000276,Art Collins,76416.0,https://cdn.nba.com/headshots/nba/latest/1040x760/76416.png,NBA CDN,,candidate
P000277,Art Harris,76956.0,https://cdn.nba.com/headshots/nba/latest/1040x760/76956.png,NBA CDN,,candidate
P000278,Art Heyman,77015.0,https://cdn.nba.com/headshots/nba/latest/1040x760/77015.png,NBA CDN,,candidate
P000279,Art Long,1609.0,https://cdn.nba.com/headshots/nba/latest/1040x760/1609.png,NBA CDN,,candidate
P000280,Art Spoelstra,78232.0,https://cdn.nba.com/headshots/nba/latest/1040x760/78232.png,NBA CDN,,candidate
P000282,Artis Gilmore,600014.0,https://cdn.nba.com/headshots/nba/latest/1040x760/600014.png,NBA CDN,,candidate
P000283,Artis Gilmore*,600014.0,https://cdn.nba.com/headshots/nba/latest/1040x760/600014.png,NBA CDN,,candidate
P000284,Arvid Kramer,77306.0,https://cdn.nba.com/headshots/nba/latest/1040x760/77306.png,NBA CDN,,candidate
P000285,Arvydas Macijauskas,101178.0,https://cdn.nba.com/headshots/nba/latest/1040x760/101178.png,NBA CDN,,candidate
P000286,Arvydas Sabonis,717.0,https://cdn.nba.com/headshots/nba/latest/1040x760/717.png,NBA CDN,,candidate
P000287,Arvydas Sabonis*,717.0,https://cdn.nba.com/headshots/nba/latest/1040x760/717.png,NBA CDN,,candidate
P000288,Asa Newell,1642854.0,https://cdn.nba.com/headshots/nba/latest/1040x760/1642854.png,NBA CDN,,candidate
P000289,Ashraf Amaya,732.0,https://cdn.nba.com/headshots/nba/latest/1040x760/732.png,NBA CDN,,candidate
P000290,Ashton Hagans,1630204.0,https://cdn.nba.com/headshots/nba/latest/1040x760/1630204.png,NBA CDN,,candidate
P000291,Askia Jones,77174.0,https://cdn.nba.com/headshots/nba/latest/1040x760/77174.png,NBA CDN,,candidate
P000292,Audie Norris,77731.0,https://cdn.nba.com/headshots/nba/latest/1040x760/77731.png,NBA CDN,,candidate
P000293,Ausar Thompson,1641709.0,https://cdn.nba.com/headshots/nba/latest/1040x760/1641709.png,NBA CDN,,candidate
P000294,Austin Carr,76348.0,https://cdn.nba.com/headshots/nba/latest/1040x760/76348.png,NBA CDN,,candidate
P000295,Austin Croshere,1506.0,https://cdn.nba.com/headshots/nba/latest/1040x760/1506.png,NBA CDN,,candidate
P000296,Austin Daye,201948.0,https://cdn.nba.com/headshots/nba/latest/1040x760/201948.png,NBA CDN,,candidate
P000297,Austin Reaves,1630559.0,https://cdn.nba.com/headshots/nba/latest/1040x760/1630559.png,NBA CDN,,candidate
P000298,Austin Rivers,203085.0,https://cdn.nba.com/headshots/nba/latest/1040x760/203085.png,NBA CDN,,candidate
P000299,Avery Bradley,202340.0,https://cdn.nba.com/headshots/nba/latest/1040x760/202340.png,NBA CDN,,candidate
P000300,Avery Johnson,422.0,https://cdn.nba.com/headshots/nba/latest/1040x760/422.png,NBA CDN,,candidate
P000301,Awvee Storey,2852.0,https://cdn.nba.com/headshots/nba/latest/1040x760/2852.png,NBA CDN,,candidate
P000302,Axel Toupane,1626253.0,https://cdn.nba.com/headshots/nba/latest/1040x760/1626253.png,NBA CDN,,candidate
P000303,Ayo Dosunmu,1630245.0,https://cdn.nba.com/headshots/nba/latest/1040x760/1630245.png,NBA CDN,,candidate
P000304,B.J. Armstrong,769.0,https://cdn.nba.com/headshots/nba/latest/1040x760/769.png,NBA CDN,,candidate
P000306,B.J. Tyler,189.0,https://cdn.nba.com/headshots/nba/latest/1040x760/189.png,NBA CDN,,candidate
P000307,Bailey Howell,77070.0,https://cdn.nba.com/headshots/nba/latest/1040x760/77070.png,NBA CDN,,candidate
P000308,Bailey Howell*,77070.0,https://cdn.nba.com/headshots/nba/latest/1040x760/77070.png,NBA CDN,,candidate
P000309,Bam Adebayo,1628389.0,https://cdn.nba.com/headshots/nba/latest/1040x760/1628389.png,NBA CDN,,candidate
P000310,Barney Cable,76324.0,https://cdn.nba.com/headshots/nba/latest/1040x760/76324.png,NBA CDN,,candidate
P000311,Baron Davis,1884.0,https://cdn.nba.com/headshots/nba/latest/1040x760/1884.png,NBA CDN,,candidate
P000313,Barry Kramer,77307.0,https://cdn.nba.com/headshots/nba/latest/1040x760/77307.png,NBA CDN,,candidate
P000314,Barry Nelson,77699.0,https://cdn.nba.com/headshots/nba/latest/1040x760/77699.png,NBA CDN,,candidate
P000315,Barry Orms,77768.0,https://cdn.nba.com/headshots/nba/latest/1040x760/77768.png,NBA CDN,,candidate
P000316,Barry Stevens,78251.0,https://cdn.nba.com/headshots/nba/latest/1040x760/78251.png,NBA CDN,,candidate
P000317,Barry Sumpter,78654.0,https://cdn.nba.com/headshots/nba/latest/1040x760/78654.png,NBA CDN,,candidate
P000318,Barry Yates,78629.0,https://cdn.nba.com/headshots/nba/latest/1040x760/78629.png,NBA CDN,,candidate
P000319,Bart Kofoed,77294.0,https://cdn.nba.com/headshots/nba/latest/1040x760/77294.png,NBA CDN,,candidate
P000320,Bato Govedarica,76837.0,https://cdn.nba.com/headshots/nba/latest/1040x760/76837.png,NBA CDN,,candidate
P000321,Bayard Forrest,76739.0,https://cdn.nba.com/headshots/nba/latest/1040x760/76739.png,NBA CDN,,candidate
P000322,Baylor Scheierman,1631248.0,https://cdn.nba.com/headshots/nba/latest/1040x760/1631248.png,NBA CDN,,candidate
P000323,Belus Smawley,78176.0,https://cdn.nba.com/headshots/nba/latest/1040x760/78176.png,NBA CDN,,candidate
P000324,Ben Bentil,1627791.0,https://cdn.nba.com/headshots/nba/latest/1040x760/1627791.png,NBA CDN,,candidate
P000325,Ben Clyde,76409.0,https://cdn.nba.com/headshots/nba/latest/1040x760/76409.png,NBA CDN,,candidate
P000326,Ben Coleman,76412.0,https://cdn.nba.com/headshots/nba/latest/1040x760/76412.png,NBA CDN,,candidate
P000327,Ben Davis,989.0,https://cdn.nba.com/headshots/nba/latest/1040x760/989.png,NBA CDN,,candidate
P000328,Ben Gillery,76812.0,https://cdn.nba.com/headshots/nba/latest/1040x760/76812.png,NBA CDN,,candidate
P000329,Ben Gordon,2732.0,https://cdn.nba.com/headshots/nba/latest/1040x760/2732.png,NBA CDN,,candidate
P000330,Ben Handlogten,1052.0,https://cdn.nba.com/headshots/nba/latest/1040x760/1052.png,NBA CDN,,candidate
P000331,Ben Hansbrough,203162.0,https://cdn.nba.com/headshots/nba/latest/1040x760/203162.png,NBA CDN,,candidate
P000332,Ben Kelso,77240.0,https://cdn.nba.com/headshots/nba/latest/1040x760/77240.png,NBA CDN,,candidate
P000333,Ben McDonald,77524.0,https://cdn.nba.com/headshots/nba/latest/1040x760/77524.png,NBA CDN,,candidate
P000334,Ben McLemore,203463.0,https://cdn.nba.com/headshots/nba/latest/1040x760/203463.png,NBA CDN,,candidate
P000335,Ben Moore,1628500.0,https://cdn.nba.com/headshots/nba/latest/1040x760/1628500.png,NBA CDN,,candidate
P000336,Ben Poquette,77873.0,https://cdn.nba.com/headshots/nba/latest/1040x760/77873.png,NBA CDN,,candidate
P000337,Ben Saraf,1642879.0,https://cdn.nba.com/headshots/nba/latest/1040x760/1642879.png,NBA CDN,,candidate
P000338,Ben Sheppard,1641767.0,https://cdn.nba.com/headshots/nba/latest/1040x760/1641767.png,NBA CDN,,candidate
P000339,Ben Simmons,1627732.0,https://cdn.nba.com/headshots/nba/latest/1040x760/1627732.png,NBA CDN,,candidate
P000340,Ben Uzoh,202386.0,https://cdn.nba.com/headshots/nba/latest/1040x760/202386.png,NBA CDN,,candidate
P000341,Ben Wallace,1112.0,https://cdn.nba.com/headshots/nba/latest/1040x760/1112.png,NBA CDN,,candidate
P000342,Ben Wallace*,1112.0,https://cdn.nba.com/headshots/nba/latest/1040x760/1112.png,NBA CDN,,candidate
P000343,Ben Warley,78458.0,https://cdn.nba.com/headshots/nba/latest/1040x760/78458.png,NBA CDN,,candidate
P000344,Bennedict Mathurin,1631097.0,https://cdn.nba.com/headshots/nba/latest/1040x760/1631097.png,NBA CDN,,candidate
P000345,Bennie Swain,78283.0,https://cdn.nba.com/headshots/nba/latest/1040x760/78283.png,NBA CDN,,candidate
P000346,Beno Udrih,2757.0,https://cdn.nba.com/headshots/nba/latest/1040x760/2757.png,NBA CDN,,candidate
P000347,Benoit Benjamin,104.0,https://cdn.nba.com/headshots/nba/latest/1040x760/104.png,NBA CDN,,candidate
P000348,Bernard James,203108.0,https://cdn.nba.com/headshots/nba/latest/1040x760/203108.png,NBA CDN,,candidate
P000349,Bernard King,77264.0,https://cdn.nba.com/headshots/nba/latest/1040x760/77264.png,NBA CDN,,candidate
P000350,Bernard King*,77264.0,https://cdn.nba.com/headshots/nba/latest/1040x760/77264.png,NBA CDN,,candidate
P000351,Bernard Robinson,2774.0,https://cdn.nba.com/headshots/nba/latest/1040x760/2774.png,NBA CDN,,candidate
P000352,Bernard Thompson,78323.0,https://cdn.nba.com/headshots/nba/latest/1040x760/78323.png,NBA CDN,,candidate
P000353,Bernard Toone,78356.0,https://cdn.nba.com/headshots/nba/latest/1040x760/78356.png,NBA CDN,,candidate
P000354,Bernie Fryer,76761.0,https://cdn.nba.com/headshots/nba/latest/1040x760/76761.png,NBA CDN,,candidate
P000355,Bernie Harris,76957.0,https://cdn.nba.com/headshots/nba/latest/1040x760/76957.png,NBA CDN,,candidate
P000356,Bernie Williams,78540.0,https://cdn.nba.com/headshots/nba/latest/1040x760/78540.png,NBA CDN,,candidate
P000357,Bert Cook,76434.0,https://cdn.nba.com/headshots/nba/latest/1040x760/76434.png,NBA CDN,,candidate
P000359,Bez Mbeng,1643016.0,https://cdn.nba.com/headshots/nba/latest/1040x760/1643016.png,NBA CDN,,candidate
P000360,Bilal Coulibaly,1641731.0,https://cdn.nba.com/headshots/nba/latest/1040x760/1641731.png,NBA CDN,,candidate
P000361,Bill Bolger,76196.0,https://cdn.nba.com/headshots/nba/latest/1040x760/76196.png,NBA CDN,,candidate
P000362,Bill Bradley,76233.0,https://cdn.nba.com/headshots/nba/latest/1040x760/76233.png,NBA CDN,,candidate
P000363,Bill Bradley*,76233.0,https://cdn.nba.com/headshots/nba/latest/1040x760/76233.png,NBA CDN,,candidate
P000364,Bill Bridges,76253.0,https://cdn.nba.com/headshots/nba/latest/1040x760/76253.png,NBA CDN,,candidate
P000365,Bill Buntin,76302.0,https://cdn.nba.com/headshots/nba/latest/1040x760/76302.png,NBA CDN,,candidate
P000366,Bill Calhoun,76331.0,https://cdn.nba.com/headshots/nba/latest/1040x760/76331.png,NBA CDN,,candidate
P000367,Bill Cartwright,76362.0,https://cdn.nba.com/headshots/nba/latest/1040x760/76362.png,NBA CDN,,candidate
P000368,Bill Chamberlain,76374.0,https://cdn.nba.com/headshots/nba/latest/1040x760/76374.png,NBA CDN,,candidate
P000369,Bill Closs,76406.0,https://cdn.nba.com/headshots/nba/latest/1040x760/76406.png,NBA CDN,,candidate
P000370,Bill Curley,223.0,https://cdn.nba.com/headshots/nba/latest/1040x760/223.png,NBA CDN,,candidate
P000371,Bill Dinwiddie,76576.0,https://cdn.nba.com/headshots/nba/latest/1040x760/76576.png,NBA CDN,,candidate
P000372,Bill Ebben,76633.0,https://cdn.nba.com/headshots/nba/latest/1040x760/76633.png,NBA CDN,,candidate
P000373,Bill Edwards,76646.0,https://cdn.nba.com/headshots/nba/latest/1040x760/76646.png,NBA CDN,,candidate
P000375,Bill Garnett,76785.0,https://cdn.nba.com/headshots/nba/latest/1040x760/76785.png,NBA CDN,,candidate
P000376,Bill Hanzlik,76944.0,https://cdn.nba.com/headshots/nba/latest/1040x760/76944.png,NBA CDN,,candidate
P000377,Bill Hewitt,77013.0,https://cdn.nba.com/headshots/nba/latest/1040x760/77013.png,NBA CDN,,candidate
P000379,Bill Jones,77180.0,https://cdn.nba.com/headshots/nba/latest/1040x760/77180.png,NBA CDN,,candidate
P000380,Bill Laimbeer,100263.0,https://cdn.nba.com/headshots/nba/latest/1040x760/100263.png,NBA CDN,,candidate
P000381,Bill Ligon,77388.0,https://cdn.nba.com/headshots/nba/latest/1040x760/77388.png,NBA CDN,,candidate
P000382,Bill Martin,77481.0,https://cdn.nba.com/headshots/nba/latest/1040x760/77481.png,NBA CDN,,candidate
P000383,Bill Mayfield,77495.0,https://cdn.nba.com/headshots/nba/latest/1040x760/77495.png,NBA CDN,,candidate
P000384,Bill Melchionni,77576.0,https://cdn.nba.com/headshots/nba/latest/1040x760/77576.png,NBA CDN,,candidate
P000385,Bill Mlkvy,77619.0,https://cdn.nba.com/headshots/nba/latest/1040x760/77619.png,NBA CDN,,candidate
P000386,Bill Robinzine,77997.0,https://cdn.nba.com/headshots/nba/latest/1040x760/77997.png,NBA CDN,,candidate
P000387,Bill Russell,78049.0,https://cdn.nba.com/headshots/nba/latest/1040x760/78049.png,NBA CDN,,candidate
P000388,Bill Russell*,78049.0,https://cdn.nba.com/headshots/nba/latest/1040x760/78049.png,NBA CDN,,candidate
P000389,Bill Sharman,78126.0,https://cdn.nba.com/headshots/nba/latest/1040x760/78126.png,NBA CDN,,candidate
P000390,Bill Sharman*,78126.0,https://cdn.nba.com/headshots/nba/latest/1040x760/78126.png,NBA CDN,,candidate
P000392,Bill Stricker,78269.0,https://cdn.nba.com/headshots/nba/latest/1040x760/78269.png,NBA CDN,,candidate
P000393,Bill Thieben,78312.0,https://cdn.nba.com/headshots/nba/latest/1040x760/78312.png,NBA CDN,,candidate
P000394,Bill Tosheff,78359.0,https://cdn.nba.com/headshots/nba/latest/1040x760/78359.png,NBA CDN,,candidate
P000395,Bill Turner,78385.0,https://cdn.nba.com/headshots/nba/latest/1040x760/78385.png,NBA CDN,,candidate
P000396,Bill Walton,78450.0,https://cdn.nba.com/headshots/nba/latest/1040x760/78450.png,NBA CDN,,candidate
P000397,Bill Walton*,78450.0,https://cdn.nba.com/headshots/nba/latest/1040x760/78450.png,NBA CDN,,candidate
P000398,Bill Wennington,82.0,https://cdn.nba.com/headshots/nba/latest/1040x760/82.png,NBA CDN,,candidate
P000399,Bill Willoughby,78577.0,https://cdn.nba.com/headshots/nba/latest/1040x760/78577.png,NBA CDN,,candidate
P000400,Bill Zopf,78648.0,https://cdn.nba.com/headshots/nba/latest/1040x760/78648.png,NBA CDN,,candidate
P000401,Billy Cunningham,76487.0,https://cdn.nba.com/headshots/nba/latest/1040x760/76487.png,NBA CDN,,candidate
P000402,Billy Cunningham*,76487.0,https://cdn.nba.com/headshots/nba/latest/1040x760/76487.png,NBA CDN,,candidate
P000403,Billy Donovan,76586.0,https://cdn.nba.com/headshots/nba/latest/1040x760/76586.png,NBA CDN,,candidate
P000404,Billy Garrett,1628656.0,https://cdn.nba.com/headshots/nba/latest/1040x760/1628656.png,NBA CDN,,candidate
P000406,Billy Knight,77290.0,https://cdn.nba.com/headshots/nba/latest/1040x760/77290.png,NBA CDN,,candidate
P000408,Billy McKinney,77547.0,https://cdn.nba.com/headshots/nba/latest/1040x760/77547.png,NBA CDN,,candidate
P000409,Billy Owens,182.0,https://cdn.nba.com/headshots/nba/latest/1040x760/182.png,NBA CDN,,candidate
P000410,Billy Paultz,77817.0,https://cdn.nba.com/headshots/nba/latest/1040x760/77817.png,NBA CDN,,candidate
P000412,Billy Reid,77937.0,https://cdn.nba.com/headshots/nba/latest/1040x760/77937.png,NBA CDN,,candidate
P000413,Billy Thomas,2873.0,https://cdn.nba.com/headshots/nba/latest/1040x760/2873.png,NBA CDN,,candidate
P000414,Billy Thompson,1631.0,https://cdn.nba.com/headshots/nba/latest/1040x760/1631.png,NBA CDN,,candidate
P000415,Bimbo Coles,902.0,https://cdn.nba.com/headshots/nba/latest/1040x760/902.png,NBA CDN,,candidate
P000416,Bingo Smith,78202.0,https://cdn.nba.com/headshots/nba/latest/1040x760/78202.png,NBA CDN,,candidate
P000418,Bismack Biyombo,202687.0,https://cdn.nba.com/headshots/nba/latest/1040x760/202687.png,NBA CDN,,candidate
P000419,Bison Dele,183.0,https://cdn.nba.com/headshots/nba/latest/1040x760/183.png,NBA CDN,,candidate
P000420,Blaine Denning,76557.0,https://cdn.nba.com/headshots/nba/latest/1040x760/76557.png,NBA CDN,,candidate
P000421,Blair Rasmussen,78656.0,https://cdn.nba.com/headshots/nba/latest/1040x760/78656.png,NBA CDN,,candidate
P000422,Blake Ahearn,201336.0,https://cdn.nba.com/headshots/nba/latest/1040x760/201336.png,NBA CDN,,candidate
P000423,Blake Griffin,201933.0,https://cdn.nba.com/headshots/nba/latest/1040x760/201933.png,NBA CDN,,candidate
P000424,Blake Hinson,1642396.0,https://cdn.nba.com/headshots/nba/latest/1040x760/1642396.png,NBA CDN,,candidate
P000425,Blake Wesley,1631104.0,https://cdn.nba.com/headshots/nba/latest/1040x760/1631104.png,NBA CDN,,candidate
P000426,Blue Edwards,898.0,https://cdn.nba.com/headshots/nba/latest/1040x760/898.png,NBA CDN,,candidate
P000427,Bo Ellis,76664.0,https://cdn.nba.com/headshots/nba/latest/1040x760/76664.png,NBA CDN,,candidate
P000428,Bo Erias,76679.0,https://cdn.nba.com/headshots/nba/latest/1040x760/76679.png,NBA CDN,,candidate
P000429,Bo Kimble,77260.0,https://cdn.nba.com/headshots/nba/latest/1040x760/77260.png,NBA CDN,,candidate
P000430,Bo Lamar,77330.0,https://cdn.nba.com/headshots/nba/latest/1040x760/77330.png,NBA CDN,,candidate
P000431,Bo Outlaw,448.0,https://cdn.nba.com/headshots/nba/latest/1040x760/448.png,NBA CDN,,candidate
P000432,Bob Allen,76028.0,https://cdn.nba.com/headshots/nba/latest/1040x760/76028.png,NBA CDN,,candidate
P000433,Bob Anderegg,76034.0,https://cdn.nba.com/headshots/nba/latest/1040x760/76034.png,NBA CDN,,candidate
P000434,Bob Armstrong,76061.0,https://cdn.nba.com/headshots/nba/latest/1040x760/76061.png,NBA CDN,,candidate
P000435,Bob Arnzen,76064.0,https://cdn.nba.com/headshots/nba/latest/1040x760/76064.png,NBA CDN,,candidate
P000436,Bob Bigelow,76165.0,https://cdn.nba.com/headshots/nba/latest/1040x760/76165.png,NBA CDN,,candidate
P000437,Bob Boozer,76206.0,https://cdn.nba.com/headshots/nba/latest/1040x760/76206.png,NBA CDN,,candidate
P000438,Bob Brannum,76238.0,https://cdn.nba.com/headshots/nba/latest/1040x760/76238.png,NBA CDN,,candidate
P000439,Bob Burrow,76313.0,https://cdn.nba.com/headshots/nba/latest/1040x760/76313.png,NBA CDN,,candidate
P000440,Bob Carney,76345.0,https://cdn.nba.com/headshots/nba/latest/1040x760/76345.png,NBA CDN,,candidate
P000441,Bob Carrington,76352.0,https://cdn.nba.com/headshots/nba/latest/1040x760/76352.png,NBA CDN,,candidate
P000442,Bob Christian,76395.0,https://cdn.nba.com/headshots/nba/latest/1040x760/76395.png,NBA CDN,,candidate
P000443,Bob Cousy,600003.0,https://cdn.nba.com/headshots/nba/latest/1040x760/600003.png,NBA CDN,,candidate
P000444,Bob Cousy*,600003.0,https://cdn.nba.com/headshots/nba/latest/1040x760/600003.png,NBA CDN,,candidate
P000445,Bob Dandridge,76500.0,https://cdn.nba.com/headshots/nba/latest/1040x760/76500.png,NBA CDN,,candidate
P000446,Bob Dandridge*,76500.0,https://cdn.nba.com/headshots/nba/latest/1040x760/76500.png,NBA CDN,,candidate
P000447,Bob Davies,76514.0,https://cdn.nba.com/headshots/nba/latest/1040x760/76514.png,NBA CDN,,candidate
P000448,Bob Davies*,76514.0,https://cdn.nba.com/headshots/nba/latest/1040x760/76514.png,NBA CDN,,candidate
P000449,Bob Davis,76533.0,https://cdn.nba.com/headshots/nba/latest/1040x760/76533.png,NBA CDN,,candidate
P000450,Bob Donham,76584.0,https://cdn.nba.com/headshots/nba/latest/1040x760/76584.png,NBA CDN,,candidate
P000452,Bob Elliott,76656.0,https://cdn.nba.com/headshots/nba/latest/1040x760/76656.png,NBA CDN,,candidate
P000453,Bob Ferry,76712.0,https://cdn.nba.com/headshots/nba/latest/1040x760/76712.png,NBA CDN,,candidate
P000454,Bob Greacen,76865.0,https://cdn.nba.com/headshots/nba/latest/1040x760/76865.png,NBA CDN,,candidate
P000455,Bob Gross,76895.0,https://cdn.nba.com/headshots/nba/latest/1040x760/76895.png,NBA CDN,,candidate
P000456,Bob Hansen,76942.0,https://cdn.nba.com/headshots/nba/latest/1040x760/76942.png,NBA CDN,,candidate
P000457,Bob Harris,76959.0,https://cdn.nba.com/headshots/nba/latest/1040x760/76959.png,NBA CDN,,candidate
P000458,Bob Harrison,76962.0,https://cdn.nba.com/headshots/nba/latest/1040x760/76962.png,NBA CDN,,candidate
P000459,Bob Hogsett,77037.0,https://cdn.nba.com/headshots/nba/latest/1040x760/77037.png,NBA CDN,,candidate
P000460,Bob Hopkins,77052.0,https://cdn.nba.com/headshots/nba/latest/1040x760/77052.png,NBA CDN,,candidate
P000461,Bob Houbregs,77062.0,https://cdn.nba.com/headshots/nba/latest/1040x760/77062.png,NBA CDN,,candidate
P000462,Bob Houbregs*,77062.0,https://cdn.nba.com/headshots/nba/latest/1040x760/77062.png,NBA CDN,,candidate
P000463,Bob Kauffman,77227.0,https://cdn.nba.com/headshots/nba/latest/1040x760/77227.png,NBA CDN,,candidate
P000464,Bob Knight,77287.0,https://cdn.nba.com/headshots/nba/latest/1040x760/77287.png,NBA CDN,,candidate
P000465,Bob Lanier,600005.0,https://cdn.nba.com/headshots/nba/latest/1040x760/600005.png,NBA CDN,,candidate
P000466,Bob Lanier*,600005.0,https://cdn.nba.com/headshots/nba/latest/1040x760/600005.png,NBA CDN,,candidate
P000467,Bob Lavoy,77347.0,https://cdn.nba.com/headshots/nba/latest/1040x760/77347.png,NBA CDN,,candidate
P000468,Bob Lochmueller,77397.0,https://cdn.nba.com/headshots/nba/latest/1040x760/77397.png,NBA CDN,,candidate
P000469,Bob Love,77412.0,https://cdn.nba.com/headshots/nba/latest/1040x760/77412.png,NBA CDN,,candidate
P000470,Bob Martin,77478.0,https://cdn.nba.com/headshots/nba/latest/1040x760/77478.png,NBA CDN,,candidate
P000471,Bob McAdoo,77498.0,https://cdn.nba.com/headshots/nba/latest/1040x760/77498.png,NBA CDN,,candidate
P000472,Bob McAdoo*,77498.0,https://cdn.nba.com/headshots/nba/latest/1040x760/77498.png,NBA CDN,,candidate
P000473,Bob McCann,737.0,https://cdn.nba.com/headshots/nba/latest/1040x760/737.png,NBA CDN,,candidate
P000474,Bob McNeill,77562.0,https://cdn.nba.com/headshots/nba/latest/1040x760/77562.png,NBA CDN,,candidate
P000475,Bob Miller,77603.0,https://cdn.nba.com/headshots/nba/latest/1040x760/77603.png,NBA CDN,,candidate
P000476,Bob Naber,77681.0,https://cdn.nba.com/headshots/nba/latest/1040x760/77681.png,NBA CDN,,candidate
P000477,Bob Nash,77688.0,https://cdn.nba.com/headshots/nba/latest/1040x760/77688.png,NBA CDN,,candidate
P000478,Bob Peterson,77843.0,https://cdn.nba.com/headshots/nba/latest/1040x760/77843.png,NBA CDN,,candidate
P000479,Bob Pettit,77847.0,https://cdn.nba.com/headshots/nba/latest/1040x760/77847.png,NBA CDN,,candidate
P000480,Bob Pettit*,77847.0,https://cdn.nba.com/headshots/nba/latest/1040x760/77847.png,NBA CDN,,candidate
P000481,Bob Portman,77878.0,https://cdn.nba.com/headshots/nba/latest/1040x760/77878.png,NBA CDN,,candidate
P000482,Bob Priddy,77886.0,https://cdn.nba.com/headshots/nba/latest/1040x760/77886.png,NBA CDN,,candidate
P000483,Bob Quick,77892.0,https://cdn.nba.com/headshots/nba/latest/1040x760/77892.png,NBA CDN,,candidate
P000484,Bob Riley,77963.0,https://cdn.nba.com/headshots/nba/latest/1040x760/77963.png,NBA CDN,,candidate
P000485,Bob Rule,78042.0,https://cdn.nba.com/headshots/nba/latest/1040x760/78042.png,NBA CDN,,candidate
P000486,Bob Santini,78061.0,https://cdn.nba.com/headshots/nba/latest/1040x760/78061.png,NBA CDN,,candidate
P000487,Bob Schafer,78072.0,https://cdn.nba.com/headshots/nba/latest/1040x760/78072.png,NBA CDN,,candidate
P000488,Bob Sims,78160.0,https://cdn.nba.com/headshots/nba/latest/1040x760/78160.png,NBA CDN,,candidate
P000489,Bob Sura,682.0,https://cdn.nba.com/headshots/nba/latest/1040x760/682.png,NBA CDN,,candidate
P000490,Bob Thornton,738.0,https://cdn.nba.com/headshots/nba/latest/1040x760/738.png,NBA CDN,,candidate
P000491,Bob Verga,78413.0,https://cdn.nba.com/headshots/nba/latest/1040x760/78413.png,NBA CDN,,candidate
P000492,Bob Warlick,78459.0,https://cdn.nba.com/headshots/nba/latest/1040x760/78459.png,NBA CDN,,candidate
P000493,Bob Weiss,78485.0,https://cdn.nba.com/headshots/nba/latest/1040x760/78485.png,NBA CDN,,candidate
P000494,Bob Wiesenhahn,78522.0,https://cdn.nba.com/headshots/nba/latest/1040x760/78522.png,NBA CDN,,candidate
P000495,Bob Wilkerson,78531.0,https://cdn.nba.com/headshots/nba/latest/1040x760/78531.png,NBA CDN,,candidate
P000496,Bob Williams,78564.0,https://cdn.nba.com/headshots/nba/latest/1040x760/78564.png,NBA CDN,,candidate
P000497,Bob Wilson,78586.0,https://cdn.nba.com/headshots/nba/latest/1040x760/78586.png,NBA CDN,,candidate
P000498,Boban Marjanović,1626246.0,https://cdn.nba.com/headshots/nba/latest/1040x760/1626246.png,NBA CDN,,candidate
P000499,Bobby Brown,201628.0,https://cdn.nba.com/headshots/nba/latest/1040x760/201628.png,NBA CDN,,candidate
P000500,Bobby Cattage,76368.0,https://cdn.nba.com/headshots/nba/latest/1040x760/76368.png,NBA CDN,,candidate
P000501,Bobby Hurley,310.0,https://cdn.nba.com/headshots/nba/latest/1040x760/310.png,NBA CDN,,candidate
P000502,Bobby Jackson,1517.0,https://cdn.nba.com/headshots/nba/latest/1040x760/1517.png,NBA CDN,,candidate
P000505,Bobby Lewis,77385.0,https://cdn.nba.com/headshots/nba/latest/1040x760/77385.png,NBA CDN,,candidate
P000506,Bobby Phills,184.0,https://cdn.nba.com/headshots/nba/latest/1040x760/184.png,NBA CDN,,candidate
P000508,Bobby Simmons,2250.0,https://cdn.nba.com/headshots/nba/latest/1040x760/2250.png,NBA CDN,,candidate
P000509,Bobby Smith,78203.0,https://cdn.nba.com/headshots/nba/latest/1040x760/78203.png,NBA CDN,,candidate
P000510,Bobby Wanzer,78453.0,https://cdn.nba.com/headshots/nba/latest/1040x760/78453.png,NBA CDN,,candidate
P000511,Bobby Wanzer*,78453.0,https://cdn.nba.com/headshots/nba/latest/1040x760/78453.png,NBA CDN,,candidate
P000512,Bobby Washington,78469.0,https://cdn.nba.com/headshots/nba/latest/1040x760/78469.png,NBA CDN,,candidate
P000514,Bobby Wilson,78585.0,https://cdn.nba.com/headshots/nba/latest/1040x760/78585.png,NBA CDN,,candidate
P000515,Bobi Klintman,1641752.0,https://cdn.nba.com/headshots/nba/latest/1040x760/1641752.png,NBA CDN,,candidate
P000516,Bogdan Bogdanović,203992.0,https://cdn.nba.com/headshots/nba/latest/1040x760/203992.png,NBA CDN,,candidate
P000517,Bojan Bogdanović,202711.0,https://cdn.nba.com/headshots/nba/latest/1040x760/202711.png,NBA CDN,,candidate
P000518,Bol Bol,1629626.0,https://cdn.nba.com/headshots/nba/latest/1040x760/1629626.png,NBA CDN,,candidate
P000519,Bones Hyland,1630538.0,https://cdn.nba.com/headshots/nba/latest/1040x760/1630538.png,NBA CDN,,candidate
P000522,Bonzi Wells,1719.0,https://cdn.nba.com/headshots/nba/latest/1040x760/1719.png,NBA CDN,,candidate
P000523,Bonzie Colson,1629045.0,https://cdn.nba.com/headshots/nba/latest/1040x760/1629045.png,NBA CDN,,candidate
P000525,Boris Diaw,2564.0,https://cdn.nba.com/headshots/nba/latest/1040x760/2564.png,NBA CDN,,candidate
P000526,Boris Nachamkin,77682.0,https://cdn.nba.com/headshots/nba/latest/1040x760/77682.png,NBA CDN,,candidate
P000527,Boštjan Nachbar,2411.0,https://cdn.nba.com/headshots/nba/latest/1040x760/2411.png,NBA CDN,,candidate
P000528,Bracey Wright,101152.0,https://cdn.nba.com/headshots/nba/latest/1040x760/101152.png,NBA CDN,,candidate
P000529,Brad Branson,76239.0,https://cdn.nba.com/headshots/nba/latest/1040x760/76239.png,NBA CDN,,candidate
P000530,Brad Daugherty,921.0,https://cdn.nba.com/headshots/nba/latest/1040x760/921.png,NBA CDN,,candidate
P000531,Brad Davis,76516.0,https://cdn.nba.com/headshots/nba/latest/1040x760/76516.png,NBA CDN,,candidate
P000532,Brad Holland,77040.0,https://cdn.nba.com/headshots/nba/latest/1040x760/77040.png,NBA CDN,,candidate
P000533,Brad Lohaus,38.0,https://cdn.nba.com/headshots/nba/latest/1040x760/38.png,NBA CDN,,candidate
P000534,Brad Miller,1802.0,https://cdn.nba.com/headshots/nba/latest/1040x760/1802.png,NBA CDN,,candidate
P000535,Brad Sellers,78110.0,https://cdn.nba.com/headshots/nba/latest/1040x760/78110.png,NBA CDN,,candidate
P000536,Brad Wanamaker,202954.0,https://cdn.nba.com/headshots/nba/latest/1040x760/202954.png,NBA CDN,,candidate
P000537,Brad Wright,78620.0,https://cdn.nba.com/headshots/nba/latest/1040x760/78620.png,NBA CDN,,candidate
P000538,Bradley Beal,203078.0,https://cdn.nba.com/headshots/nba/latest/1040x760/203078.png,NBA CDN,,candidate
P000539,Brady Walker,78434.0,https://cdn.nba.com/headshots/nba/latest/1040x760/78434.png,NBA CDN,,candidate
P000540,Brandan Wright,201148.0,https://cdn.nba.com/headshots/nba/latest/1040x760/201148.png,NBA CDN,,candidate
P000541,Branden Carlson,1642382.0,https://cdn.nba.com/headshots/nba/latest/1040x760/1642382.png,NBA CDN,,candidate
P000542,Branden Dawson,1626183.0,https://cdn.nba.com/headshots/nba/latest/1040x760/1626183.png,NBA CDN,,candidate
P000543,Brandin Knight,2688.0,https://cdn.nba.com/headshots/nba/latest/1040x760/2688.png,NBA CDN,,candidate
P000544,Brandin Podziemski,1641764.0,https://cdn.nba.com/headshots/nba/latest/1040x760/1641764.png,NBA CDN,,candidate
P000545,Brandon Armstrong,2220.0,https://cdn.nba.com/headshots/nba/latest/1040x760/2220.png,NBA CDN,,candidate
P000546,Brandon Bass,101138.0,https://cdn.nba.com/headshots/nba/latest/1040x760/101138.png,NBA CDN,,candidate
P000547,Brandon Boston Jr.,1630527.0,https://cdn.nba.com/headshots/nba/latest/1040x760/1630527.png,NBA CDN,,candidate
P000548,Brandon Clarke,1629634.0,https://cdn.nba.com/headshots/nba/latest/1040x760/1629634.png,NBA CDN,,candidate
P000549,Brandon Davies,203561.0,https://cdn.nba.com/headshots/nba/latest/1040x760/203561.png,NBA CDN,,candidate
P000550,Brandon Goodwin,1629164.0,https://cdn.nba.com/headshots/nba/latest/1040x760/1629164.png,NBA CDN,,candidate
P000551,Brandon Hunter,2599.0,https://cdn.nba.com/headshots/nba/latest/1040x760/2599.png,NBA CDN,,candidate
P000552,Brandon Ingram,1627742.0,https://cdn.nba.com/headshots/nba/latest/1040x760/1627742.png,NBA CDN,,candidate
P000553,Brandon Jennings,201943.0,https://cdn.nba.com/headshots/nba/latest/1040x760/201943.png,NBA CDN,,candidate
P000554,Brandon Knight,202688.0,https://cdn.nba.com/headshots/nba/latest/1040x760/202688.png,NBA CDN,,candidate
P000555,Brandon Miller,1641706.0,https://cdn.nba.com/headshots/nba/latest/1040x760/1641706.png,NBA CDN,,candidate
P000556,Brandon Paul,203464.0,https://cdn.nba.com/headshots/nba/latest/1040x760/203464.png,NBA CDN,,candidate
P000557,Brandon Roy,200750.0,https://cdn.nba.com/headshots/nba/latest/1040x760/200750.png,NBA CDN,,candidate
P000558,Brandon Rush,201575.0,https://cdn.nba.com/headshots/nba/latest/1040x760/201575.png,NBA CDN,,candidate
P000559,Brandon Sampson,1629102.0,https://cdn.nba.com/headshots/nba/latest/1040x760/1629102.png,NBA CDN,,candidate
P000561,Brant Weidner,78484.0,https://cdn.nba.com/headshots/nba/latest/1040x760/78484.png,NBA CDN,,candidate
P000562,Braxton Key,1630296.0,https://cdn.nba.com/headshots/nba/latest/1040x760/1630296.png,NBA CDN,,candidate
P000563,Brendan Haywood,2217.0,https://cdn.nba.com/headshots/nba/latest/1040x760/2217.png,NBA CDN,,candidate
P000564,Brendan McCann,77500.0,https://cdn.nba.com/headshots/nba/latest/1040x760/77500.png,NBA CDN,,candidate
P000565,Brent Barry,699.0,https://cdn.nba.com/headshots/nba/latest/1040x760/699.png,NBA CDN,,candidate
P000566,Brent Price,85.0,https://cdn.nba.com/headshots/nba/latest/1040x760/85.png,NBA CDN,,candidate
P000567,Brent Scott,1064.0,https://cdn.nba.com/headshots/nba/latest/1040x760/1064.png,NBA CDN,,candidate
P000568,Brett Szabo,1136.0,https://cdn.nba.com/headshots/nba/latest/1040x760/1136.png,NBA CDN,,candidate
P000569,Brett Vroman,78425.0,https://cdn.nba.com/headshots/nba/latest/1040x760/78425.png,NBA CDN,,candidate
P000570,Brevin Knight,1510.0,https://cdn.nba.com/headshots/nba/latest/1040x760/1510.png,NBA CDN,,candidate
P000572,Brian Cardinal,2073.0,https://cdn.nba.com/headshots/nba/latest/1040x760/2073.png,NBA CDN,,candidate
P000573,Brian Cook,2567.0,https://cdn.nba.com/headshots/nba/latest/1040x760/2567.png,NBA CDN,,candidate
P000574,Brian Davis,76517.0,https://cdn.nba.com/headshots/nba/latest/1040x760/76517.png,NBA CDN,,candidate
P000575,Brian Evans,967.0,https://cdn.nba.com/headshots/nba/latest/1040x760/967.png,NBA CDN,,candidate
P000576,Brian Grant,258.0,https://cdn.nba.com/headshots/nba/latest/1040x760/258.png,NBA CDN,,candidate
P000577,Brian Heaney,76984.0,https://cdn.nba.com/headshots/nba/latest/1040x760/76984.png,NBA CDN,,candidate
P000578,Brian Howard,77065.0,https://cdn.nba.com/headshots/nba/latest/1040x760/77065.png,NBA CDN,,candidate
P000579,Brian Martin,77469.0,https://cdn.nba.com/headshots/nba/latest/1040x760/77469.png,NBA CDN,,candidate
P000580,Brian Oliver,1680.0,https://cdn.nba.com/headshots/nba/latest/1040x760/1680.png,NBA CDN,,candidate
P000581,Brian Quinnett,77893.0,https://cdn.nba.com/headshots/nba/latest/1040x760/77893.png,NBA CDN,,candidate
P000582,Brian Roberts,203148.0,https://cdn.nba.com/headshots/nba/latest/1040x760/203148.png,NBA CDN,,candidate
P000583,Brian Rowsom,78031.0,https://cdn.nba.com/headshots/nba/latest/1040x760/78031.png,NBA CDN,,candidate
P000584,Brian Scalabrine,2243.0,https://cdn.nba.com/headshots/nba/latest/1040x760/2243.png,NBA CDN,,candidate
P000585,Brian Shaw,216.0,https://cdn.nba.com/headshots/nba/latest/1040x760/216.png,NBA CDN,,candidate
P000586,Brian Skinner,1730.0,https://cdn.nba.com/headshots/nba/latest/1040x760/1730.png,NBA CDN,,candidate
P000587,Brian Taylor,78296.0,https://cdn.nba.com/headshots/nba/latest/1040x760/78296.png,NBA CDN,,candidate
P000588,Brian Winters,78600.0,https://cdn.nba.com/headshots/nba/latest/1040x760/78600.png,NBA CDN,,candidate
P000589,Briante Weber,1627362.0,https://cdn.nba.com/headshots/nba/latest/1040x760/1627362.png,NBA CDN,,candidate
P000590,Brice Johnson,1627744.0,https://cdn.nba.com/headshots/nba/latest/1040x760/1627744.png,NBA CDN,,candidate
P000591,Brice Sensabaugh,1641729.0,https://cdn.nba.com/headshots/nba/latest/1040x760/1641729.png,NBA CDN,,candidate
P000592,Britton Johnsen,2639.0,https://cdn.nba.com/headshots/nba/latest/1040x760/2639.png,NBA CDN,,candidate
P000593,Brodric Thomas,1630271.0,https://cdn.nba.com/headshots/nba/latest/1040x760/1630271.png,NBA CDN,,candidate
P000594,Bronny James,1642355.0,https://cdn.nba.com/headshots/nba/latest/1040x760/1642355.png,NBA CDN,,candidate
P000595,Brook Lopez,201572.0,https://cdn.nba.com/headshots/nba/latest/1040x760/201572.png,NBA CDN,,candidate
P000596,Brook Steppe,78250.0,https://cdn.nba.com/headshots/nba/latest/1040x760/78250.png,NBA CDN,,candidate
P000597,Brooks Barnhizer,1642964.0,https://cdn.nba.com/headshots/nba/latest/1040x760/1642964.png,NBA CDN,,candidate
P000598,Brooks Thompson,240.0,https://cdn.nba.com/headshots/nba/latest/1040x760/240.png,NBA CDN,,candidate
P000599,Bruce Bowen,1477.0,https://cdn.nba.com/headshots/nba/latest/1040x760/1477.png,NBA CDN,,candidate
P000600,Bruce Brown,1628971.0,https://cdn.nba.com/headshots/nba/latest/1040x760/1628971.png,NBA CDN,,candidate
P000601,Bruce Douglas,76588.0,https://cdn.nba.com/headshots/nba/latest/1040x760/76588.png,NBA CDN,,candidate
P000602,Bruce Flowers,76725.0,https://cdn.nba.com/headshots/nba/latest/1040x760/76725.png,NBA CDN,,candidate
P000603,Bruce Kuczenski,77318.0,https://cdn.nba.com/headshots/nba/latest/1040x760/77318.png,NBA CDN,,candidate
P000604,Bruce Seals,78103.0,https://cdn.nba.com/headshots/nba/latest/1040x760/78103.png,NBA CDN,,candidate
P000605,Bruno Caboclo,203998.0,https://cdn.nba.com/headshots/nba/latest/1040x760/203998.png,NBA CDN,,candidate
P000606,Bruno Fernando,1628981.0,https://cdn.nba.com/headshots/nba/latest/1040x760/1628981.png,NBA CDN,,candidate
P000607,Bruno Šundov,1743.0,https://cdn.nba.com/headshots/nba/latest/1040x760/1743.png,NBA CDN,,candidate
P000608,Bryan Warrick,78462.0,https://cdn.nba.com/headshots/nba/latest/1040x760/78462.png,NBA CDN,,candidate
P000609,Bryant Reeves,735.0,https://cdn.nba.com/headshots/nba/latest/1040x760/735.png,NBA CDN,,candidate
P000610,Bryant Stith,179.0,https://cdn.nba.com/headshots/nba/latest/1040x760/179.png,NBA CDN,,candidate
P000611,Bryce Cotton,203955.0,https://cdn.nba.com/headshots/nba/latest/1040x760/203955.png,NBA CDN,,candidate
P000612,Bryce Dejean-Jones,1626214.0,https://cdn.nba.com/headshots/nba/latest/1040x760/1626214.png,NBA CDN,,candidate
P000613,Bryce Drew,1724.0,https://cdn.nba.com/headshots/nba/latest/1040x760/1724.png,NBA CDN,,candidate
P000614,Bryce McGowens,1631121.0,https://cdn.nba.com/headshots/nba/latest/1040x760/1631121.png,NBA CDN,,candidate
P000615,Bryn Forbes,1627854.0,https://cdn.nba.com/headshots/nba/latest/1040x760/1627854.png,NBA CDN,,candidate
P000616,Bryon Russell,935.0,https://cdn.nba.com/headshots/nba/latest/1040x760/935.png,NBA CDN,,candidate
P000617,Bub Carrington,1642267.0,https://cdn.nba.com/headshots/nba/latest/1040x760/1642267.png,NBA CDN,,candidate
P000618,Bubba Wells,1528.0,https://cdn.nba.com/headshots/nba/latest/1040x760/1528.png,NBA CDN,,candidate
P000621,Buck Johnson,77130.0,https://cdn.nba.com/headshots/nba/latest/1040x760/77130.png,NBA CDN,,candidate
P000622,Buck Williams,433.0,https://cdn.nba.com/headshots/nba/latest/1040x760/433.png,NBA CDN,,candidate
P000626,Bud Koper,77299.0,https://cdn.nba.com/headshots/nba/latest/1040x760/77299.png,NBA CDN,,candidate
P000630,Buddy Boeheim,1631205.0,https://cdn.nba.com/headshots/nba/latest/1040x760/1631205.png,NBA CDN,,candidate
P000631,Buddy Hield,1627741.0,https://cdn.nba.com/headshots/nba/latest/1040x760/1627741.png,NBA CDN,,candidate
P000632,Butch Beard,76130.0,https://cdn.nba.com/headshots/nba/latest/1040x760/76130.png,NBA CDN,,candidate
P000633,Butch Carter,76355.0,https://cdn.nba.com/headshots/nba/latest/1040x760/76355.png,NBA CDN,,candidate
P000634,Butch Feher,76699.0,https://cdn.nba.com/headshots/nba/latest/1040x760/76699.png,NBA CDN,,candidate
P000635,Butch Graves,76855.0,https://cdn.nba.com/headshots/nba/latest/1040x760/76855.png,NBA CDN,,candidate
P000636,Butch Lee,77356.0,https://cdn.nba.com/headshots/nba/latest/1040x760/77356.png,NBA CDN,,candidate
P000637,Byron Beck,76134.0,https://cdn.nba.com/headshots/nba/latest/1040x760/76134.png,NBA CDN,,candidate
P000638,Byron Dinkins,76574.0,https://cdn.nba.com/headshots/nba/latest/1040x760/76574.png,NBA CDN,,candidate
P000639,Byron Houston,780.0,https://cdn.nba.com/headshots/nba/latest/1040x760/780.png,NBA CDN,,candidate
P000640,Byron Irvin,77096.0,https://cdn.nba.com/headshots/nba/latest/1040x760/77096.png,NBA CDN,,candidate
P000641,Byron Mullens,201957.0,https://cdn.nba.com/headshots/nba/latest/1040x760/201957.png,NBA CDN,,candidate
P000642,Byron Scott,2.0,https://cdn.nba.com/headshots/nba/latest/1040x760/2.png,NBA CDN,,candidate
P000645,C.J. Watson,201228.0,https://cdn.nba.com/headshots/nba/latest/1040x760/201228.png,NBA CDN,,candidate
P000646,C.J. Wilcox,203912.0,https://cdn.nba.com/headshots/nba/latest/1040x760/203912.png,NBA CDN,,candidate
P000647,C.J. Williams,203710.0,https://cdn.nba.com/headshots/nba/latest/1040x760/203710.png,NBA CDN,,candidate
P000648,CJ Elleby,1629604.0,https://cdn.nba.com/headshots/nba/latest/1040x760/1629604.png,NBA CDN,,candidate
P000649,CJ Huntley,1643047.0,https://cdn.nba.com/headshots/nba/latest/1040x760/1643047.png,NBA CDN,,candidate
P000650,CJ McCollum,203468.0,https://cdn.nba.com/headshots/nba/latest/1040x760/203468.png,NBA CDN,,candidate
P000651,Cade Cunningham,1630595.0,https://cdn.nba.com/headshots/nba/latest/1040x760/1630595.png,NBA CDN,,candidate
P000652,Cal Bowdler,1898.0,https://cdn.nba.com/headshots/nba/latest/1040x760/1898.png,NBA CDN,,candidate
P000653,Cal Christensen,76394.0,https://cdn.nba.com/headshots/nba/latest/1040x760/76394.png,NBA CDN,,candidate
P000654,Cal Ramsey,77906.0,https://cdn.nba.com/headshots/nba/latest/1040x760/77906.png,NBA CDN,,candidate
P000655,Calbert Cheaney,384.0,https://cdn.nba.com/headshots/nba/latest/1040x760/384.png,NBA CDN,,candidate
P000656,Caldwell Jones,77175.0,https://cdn.nba.com/headshots/nba/latest/1040x760/77175.png,NBA CDN,,candidate
P000657,Caleb Houstan,1631216.0,https://cdn.nba.com/headshots/nba/latest/1040x760/1631216.png,NBA CDN,,candidate
P000658,Caleb Love,1631126.0,https://cdn.nba.com/headshots/nba/latest/1040x760/1631126.png,NBA CDN,,candidate
P000659,Caleb Martin,1628997.0,https://cdn.nba.com/headshots/nba/latest/1040x760/1628997.png,NBA CDN,,candidate
P000660,Caleb Swanigan,1628403.0,https://cdn.nba.com/headshots/nba/latest/1040x760/1628403.png,NBA CDN,,candidate
P000661,Calvin Booth,1916.0,https://cdn.nba.com/headshots/nba/latest/1040x760/1916.png,NBA CDN,,candidate
P000662,Calvin Garrett,76786.0,https://cdn.nba.com/headshots/nba/latest/1040x760/76786.png,NBA CDN,,candidate
P000663,Calvin Murphy,77669.0,https://cdn.nba.com/headshots/nba/latest/1040x760/77669.png,NBA CDN,,candidate
P000664,Calvin Murphy*,77669.0,https://cdn.nba.com/headshots/nba/latest/1040x760/77669.png,NBA CDN,,candidate
P000665,Calvin Natt,77691.0,https://cdn.nba.com/headshots/nba/latest/1040x760/77691.png,NBA CDN,,candidate
P000666,Cam Christie,1642353.0,https://cdn.nba.com/headshots/nba/latest/1040x760/1642353.png,NBA CDN,,candidate
P000667,Cam Reddish,1629629.0,https://cdn.nba.com/headshots/nba/latest/1040x760/1629629.png,NBA CDN,,candidate
P000668,Cam Spencer,1642285.0,https://cdn.nba.com/headshots/nba/latest/1040x760/1642285.png,NBA CDN,,candidate
P000669,Cam Thomas,1630560.0,https://cdn.nba.com/headshots/nba/latest/1040x760/1630560.png,NBA CDN,,candidate
P000670,Cam Whitmore,1641715.0,https://cdn.nba.com/headshots/nba/latest/1040x760/1641715.png,NBA CDN,,candidate
P000671,Cameron Bairstow,203946.0,https://cdn.nba.com/headshots/nba/latest/1040x760/203946.png,NBA CDN,,candidate
P000672,Cameron Johnson,1629661.0,https://cdn.nba.com/headshots/nba/latest/1040x760/1629661.png,NBA CDN,,candidate
P000673,Cameron McGriff,1630787.0,https://cdn.nba.com/headshots/nba/latest/1040x760/1630787.png,NBA CDN,,candidate
P000674,Cameron Oliver,1628419.0,https://cdn.nba.com/headshots/nba/latest/1040x760/1628419.png,NBA CDN,,candidate
P000675,Cameron Payne,1626166.0,https://cdn.nba.com/headshots/nba/latest/1040x760/1626166.png,NBA CDN,,candidate
P000677,Campy Russell,78047.0,https://cdn.nba.com/headshots/nba/latest/1040x760/78047.png,NBA CDN,,candidate
P000678,Carey Scurry,78102.0,https://cdn.nba.com/headshots/nba/latest/1040x760/78102.png,NBA CDN,,candidate
P000679,Caris LeVert,1627747.0,https://cdn.nba.com/headshots/nba/latest/1040x760/1627747.png,NBA CDN,,candidate
P000680,Carl Bailey,76084.0,https://cdn.nba.com/headshots/nba/latest/1040x760/76084.png,NBA CDN,,candidate
P000681,Carl Braun,76243.0,https://cdn.nba.com/headshots/nba/latest/1040x760/76243.png,NBA CDN,,candidate
P000682,Carl Braun*,76243.0,https://cdn.nba.com/headshots/nba/latest/1040x760/76243.png,NBA CDN,,candidate
P000683,Carl Henry,77001.0,https://cdn.nba.com/headshots/nba/latest/1040x760/77001.png,NBA CDN,,candidate
P000684,Carl Herrera,61.0,https://cdn.nba.com/headshots/nba/latest/1040x760/61.png,NBA CDN,,candidate
P000685,Carl Kilpatrick,77258.0,https://cdn.nba.com/headshots/nba/latest/1040x760/77258.png,NBA CDN,,candidate
P000686,Carl Landry,201171.0,https://cdn.nba.com/headshots/nba/latest/1040x760/201171.png,NBA CDN,,candidate
P000687,Carl McNulty,77563.0,https://cdn.nba.com/headshots/nba/latest/1040x760/77563.png,NBA CDN,,candidate
P000688,Carl Nicks,77715.0,https://cdn.nba.com/headshots/nba/latest/1040x760/77715.png,NBA CDN,,candidate
P000689,Carl Thomas,1063.0,https://cdn.nba.com/headshots/nba/latest/1040x760/1063.png,NBA CDN,,candidate
P000690,Carldell Johnson,201291.0,https://cdn.nba.com/headshots/nba/latest/1040x760/201291.png,NBA CDN,,candidate
P000691,Carlik Jones,1630637.0,https://cdn.nba.com/headshots/nba/latest/1040x760/1630637.png,NBA CDN,,candidate
P000692,Carlos Arroyo,2306.0,https://cdn.nba.com/headshots/nba/latest/1040x760/2306.png,NBA CDN,,candidate
P000693,Carlos Boozer,2430.0,https://cdn.nba.com/headshots/nba/latest/1040x760/2430.png,NBA CDN,,candidate
P000694,Carlos Clark,76398.0,https://cdn.nba.com/headshots/nba/latest/1040x760/76398.png,NBA CDN,,candidate
P000695,Carlos Delfino,2568.0,https://cdn.nba.com/headshots/nba/latest/1040x760/2568.png,NBA CDN,,candidate
P000696,Carlos Rogers,435.0,https://cdn.nba.com/headshots/nba/latest/1040x760/435.png,NBA CDN,,candidate
P000697,Carlos Terry,78307.0,https://cdn.nba.com/headshots/nba/latest/1040x760/78307.png,NBA CDN,,candidate
P000698,Carlton McKinney,77545.0,https://cdn.nba.com/headshots/nba/latest/1040x760/77545.png,NBA CDN,,candidate
P000699,Carmelo Anthony,2546.0,https://cdn.nba.com/headshots/nba/latest/1040x760/2546.png,NBA CDN,,candidate
P000700,Carmelo Anthony*,2546.0,https://cdn.nba.com/headshots/nba/latest/1040x760/2546.png,NBA CDN,,candidate
P000701,Caron Butler,2406.0,https://cdn.nba.com/headshots/nba/latest/1040x760/2406.png,NBA CDN,,candidate
P000702,Carrick Felix,203467.0,https://cdn.nba.com/headshots/nba/latest/1040x760/203467.png,NBA CDN,,candidate
P000703,Carsen Edwards,1629035.0,https://cdn.nba.com/headshots/nba/latest/1040x760/1629035.png,NBA CDN,,candidate
P000704,Carter Bryant,1642868.0,https://cdn.nba.com/headshots/nba/latest/1040x760/1642868.png,NBA CDN,,candidate
P000705,Cartier Martin,201858.0,https://cdn.nba.com/headshots/nba/latest/1040x760/201858.png,NBA CDN,,candidate
P000706,Casey Jacobsen,2418.0,https://cdn.nba.com/headshots/nba/latest/1040x760/2418.png,NBA CDN,,candidate
P000707,Casey Shaw,1745.0,https://cdn.nba.com/headshots/nba/latest/1040x760/1745.png,NBA CDN,,candidate
P000708,Cason Wallace,1641717.0,https://cdn.nba.com/headshots/nba/latest/1040x760/1641717.png,NBA CDN,,candidate
P000709,Casper Ware,203810.0,https://cdn.nba.com/headshots/nba/latest/1040x760/203810.png,NBA CDN,,candidate
P000710,Cassius Stanley,1630199.0,https://cdn.nba.com/headshots/nba/latest/1040x760/1630199.png,NBA CDN,,candidate
P000711,Cassius Winston,1630216.0,https://cdn.nba.com/headshots/nba/latest/1040x760/1630216.png,NBA CDN,,candidate
P000712,Cat Barber,1627760.0,https://cdn.nba.com/headshots/nba/latest/1040x760/1627760.png,NBA CDN,,candidate
P000713,Cazzie Russell,78045.0,https://cdn.nba.com/headshots/nba/latest/1040x760/78045.png,NBA CDN,,candidate
P000714,Cedi Osman,1626224.0,https://cdn.nba.com/headshots/nba/latest/1040x760/1626224.png,NBA CDN,,candidate
P000715,Cedric Ball,76090.0,https://cdn.nba.com/headshots/nba/latest/1040x760/76090.png,NBA CDN,,candidate
P000716,Cedric Bozeman,200841.0,https://cdn.nba.com/headshots/nba/latest/1040x760/200841.png,NBA CDN,,candidate
P000717,Cedric Ceballos,76.0,https://cdn.nba.com/headshots/nba/latest/1040x760/76.png,NBA CDN,,candidate
P000718,Cedric Coward,1642907.0,https://cdn.nba.com/headshots/nba/latest/1040x760/1642907.png,NBA CDN,,candidate
P000720,Cedric Hunter,77083.0,https://cdn.nba.com/headshots/nba/latest/1040x760/77083.png,NBA CDN,,candidate
P000721,Cedric Jackson,202132.0,https://cdn.nba.com/headshots/nba/latest/1040x760/202132.png,NBA CDN,,candidate
P000722,Cedric Lewis,736.0,https://cdn.nba.com/headshots/nba/latest/1040x760/736.png,NBA CDN,,candidate
P000723,Cedric Maxwell,77487.0,https://cdn.nba.com/headshots/nba/latest/1040x760/77487.png,NBA CDN,,candidate
P000724,Cedric Simmons,200759.0,https://cdn.nba.com/headshots/nba/latest/1040x760/200759.png,NBA CDN,,candidate
P000725,Cedrick Hordges,77056.0,https://cdn.nba.com/headshots/nba/latest/1040x760/77056.png,NBA CDN,,candidate
P000726,Cezary Trybański,2456.0,https://cdn.nba.com/headshots/nba/latest/1040x760/2456.png,NBA CDN,,candidate
P000727,Chad Gallagher,76772.0,https://cdn.nba.com/headshots/nba/latest/1040x760/76772.png,NBA CDN,,candidate
P000728,Chad Kinch,77262.0,https://cdn.nba.com/headshots/nba/latest/1040x760/77262.png,NBA CDN,,candidate
P000729,Chance Comanche,1628435.0,https://cdn.nba.com/headshots/nba/latest/1040x760/1628435.png,NBA CDN,,candidate
P000730,Chandler Hutchison,1628990.0,https://cdn.nba.com/headshots/nba/latest/1040x760/1628990.png,NBA CDN,,candidate
P000731,Chandler Parsons,202718.0,https://cdn.nba.com/headshots/nba/latest/1040x760/202718.png,NBA CDN,,candidate
P000732,Chaney Johnson,1643052.0,https://cdn.nba.com/headshots/nba/latest/1040x760/1643052.png,NBA CDN,,candidate
P000733,Channing Frye,101112.0,https://cdn.nba.com/headshots/nba/latest/1040x760/101112.png,NBA CDN,,candidate
P000734,Charles Barkley,787.0,https://cdn.nba.com/headshots/nba/latest/1040x760/787.png,NBA CDN,,candidate
P000735,Charles Barkley*,787.0,https://cdn.nba.com/headshots/nba/latest/1040x760/787.png,NBA CDN,,candidate
P000736,Charles Bassey,1629646.0,https://cdn.nba.com/headshots/nba/latest/1040x760/1629646.png,NBA CDN,,candidate
P000737,Charles Bradley,76230.0,https://cdn.nba.com/headshots/nba/latest/1040x760/76230.png,NBA CDN,,candidate
P000738,Charles Claxton,1127.0,https://cdn.nba.com/headshots/nba/latest/1040x760/1127.png,NBA CDN,,candidate
P000739,Charles Cooke,1628429.0,https://cdn.nba.com/headshots/nba/latest/1040x760/1628429.png,NBA CDN,,candidate
P000741,Charles Dudley,76607.0,https://cdn.nba.com/headshots/nba/latest/1040x760/76607.png,NBA CDN,,candidate
P000742,Charles Jenkins,202724.0,https://cdn.nba.com/headshots/nba/latest/1040x760/202724.png,NBA CDN,,candidate
P000745,Charles O'Bannon,1525.0,https://cdn.nba.com/headshots/nba/latest/1040x760/1525.png,NBA CDN,,candidate
P000746,Charles Oakley,891.0,https://cdn.nba.com/headshots/nba/latest/1040x760/891.png,NBA CDN,,candidate
P000748,Charles Shackleford,1593.0,https://cdn.nba.com/headshots/nba/latest/1040x760/1593.png,NBA CDN,,candidate
P000750,Charles Thomas,78316.0,https://cdn.nba.com/headshots/nba/latest/1040x760/78316.png,NBA CDN,,candidate
P000751,Charlie Bell,2294.0,https://cdn.nba.com/headshots/nba/latest/1040x760/2294.png,NBA CDN,,candidate
P000752,Charlie Black,76173.0,https://cdn.nba.com/headshots/nba/latest/1040x760/76173.png,NBA CDN,,candidate
P000753,Charlie Brown Jr.,1629718.0,https://cdn.nba.com/headshots/nba/latest/1040x760/1629718.png,NBA CDN,,candidate
P000754,Charlie Criss,76471.0,https://cdn.nba.com/headshots/nba/latest/1040x760/76471.png,NBA CDN,,candidate
P000756,Charlie Hardnett,76946.0,https://cdn.nba.com/headshots/nba/latest/1040x760/76946.png,NBA CDN,,candidate
P000758,Charlie Paulk,77815.0,https://cdn.nba.com/headshots/nba/latest/1040x760/77815.png,NBA CDN,,candidate
P000759,Charlie Scott,78097.0,https://cdn.nba.com/headshots/nba/latest/1040x760/78097.png,NBA CDN,,candidate
P000760,Charlie Scott*,78097.0,https://cdn.nba.com/headshots/nba/latest/1040x760/78097.png,NBA CDN,,candidate
P000761,Charlie Sitton,78164.0,https://cdn.nba.com/headshots/nba/latest/1040x760/78164.png,NBA CDN,,candidate
P000762,Charlie Tyra,78391.0,https://cdn.nba.com/headshots/nba/latest/1040x760/78391.png,NBA CDN,,candidate
P000763,Charlie Villanueva,101111.0,https://cdn.nba.com/headshots/nba/latest/1040x760/101111.png,NBA CDN,,candidate
P000764,Charlie Ward,369.0,https://cdn.nba.com/headshots/nba/latest/1040x760/369.png,NBA CDN,,candidate
P000765,Charlie Yelverton,78631.0,https://cdn.nba.com/headshots/nba/latest/1040x760/78631.png,NBA CDN,,candidate
P000766,Chase Budinger,201978.0,https://cdn.nba.com/headshots/nba/latest/1040x760/201978.png,NBA CDN,,candidate
P000767,Chasson Randle,1626184.0,https://cdn.nba.com/headshots/nba/latest/1040x760/1626184.png,NBA CDN,,candidate
P000768,Chauncey Billups,1497.0,https://cdn.nba.com/headshots/nba/latest/1040x760/1497.png,NBA CDN,,candidate
P000769,Chauncey Billups*,1497.0,https://cdn.nba.com/headshots/nba/latest/1040x760/1497.png,NBA CDN,,candidate
P000770,Chaundee Brown Jr.,1630602.0,https://cdn.nba.com/headshots/nba/latest/1040x760/1630602.png,NBA CDN,,candidate
P000771,Chaz Lanier,1642404.0,https://cdn.nba.com/headshots/nba/latest/1040x760/1642404.png,NBA CDN,,candidate
P000773,Cheick Diallo,1627767.0,https://cdn.nba.com/headshots/nba/latest/1040x760/1627767.png,NBA CDN,,candidate
P000774,Cheikh Samb,200798.0,https://cdn.nba.com/headshots/nba/latest/1040x760/200798.png,NBA CDN,,candidate
P000775,Cherokee Parks,685.0,https://cdn.nba.com/headshots/nba/latest/1040x760/685.png,NBA CDN,,candidate
P000776,Chet Holmgren,1631096.0,https://cdn.nba.com/headshots/nba/latest/1040x760/1631096.png,NBA CDN,,candidate
P000777,Chet Walker,78435.0,https://cdn.nba.com/headshots/nba/latest/1040x760/78435.png,NBA CDN,,candidate
P000778,Chet Walker*,78435.0,https://cdn.nba.com/headshots/nba/latest/1040x760/78435.png,NBA CDN,,candidate
P000780,Chima Moneke,1631320.0,https://cdn.nba.com/headshots/nba/latest/1040x760/1631320.png,NBA CDN,,candidate
P000781,Chimezie Metu,1629002.0,https://cdn.nba.com/headshots/nba/latest/1040x760/1629002.png,NBA CDN,,candidate
P000782,Chinanu Onuaku,1627778.0,https://cdn.nba.com/headshots/nba/latest/1040x760/1627778.png,NBA CDN,,candidate
P000783,Chris Andersen,2365.0,https://cdn.nba.com/headshots/nba/latest/1040x760/2365.png,NBA CDN,,candidate
P000784,Chris Anstey,1512.0,https://cdn.nba.com/headshots/nba/latest/1040x760/1512.png,NBA CDN,,candidate
P000785,Chris Babb,203569.0,https://cdn.nba.com/headshots/nba/latest/1040x760/203569.png,NBA CDN,,candidate
P000786,Chris Bosh,2547.0,https://cdn.nba.com/headshots/nba/latest/1040x760/2547.png,NBA CDN,,candidate
P000787,Chris Bosh*,2547.0,https://cdn.nba.com/headshots/nba/latest/1040x760/2547.png,NBA CDN,,candidate
P000788,Chris Boucher,1628449.0,https://cdn.nba.com/headshots/nba/latest/1040x760/1628449.png,NBA CDN,,candidate
P000789,Chris Carr,713.0,https://cdn.nba.com/headshots/nba/latest/1040x760/713.png,NBA CDN,,candidate
P000790,Chris Childs,164.0,https://cdn.nba.com/headshots/nba/latest/1040x760/164.png,NBA CDN,,candidate
P000791,Chris Chiozza,1629185.0,https://cdn.nba.com/headshots/nba/latest/1040x760/1629185.png,NBA CDN,,candidate
P000792,Chris Clemons,1629598.0,https://cdn.nba.com/headshots/nba/latest/1040x760/1629598.png,NBA CDN,,candidate
P000793,Chris Copeland,203142.0,https://cdn.nba.com/headshots/nba/latest/1040x760/203142.png,NBA CDN,,candidate
P000794,Chris Corchiani,76450.0,https://cdn.nba.com/headshots/nba/latest/1040x760/76450.png,NBA CDN,,candidate
P000795,Chris Crawford,1544.0,https://cdn.nba.com/headshots/nba/latest/1040x760/1544.png,NBA CDN,,candidate
P000796,Chris Douglas-Roberts,201604.0,https://cdn.nba.com/headshots/nba/latest/1040x760/201604.png,NBA CDN,,candidate
P000797,Chris Duarte,1630537.0,https://cdn.nba.com/headshots/nba/latest/1040x760/1630537.png,NBA CDN,,candidate
P000798,Chris Dudley,201.0,https://cdn.nba.com/headshots/nba/latest/1040x760/201.png,NBA CDN,,candidate
P000799,Chris Duhon,2768.0,https://cdn.nba.com/headshots/nba/latest/1040x760/2768.png,NBA CDN,,candidate
P000800,Chris Engler,76670.0,https://cdn.nba.com/headshots/nba/latest/1040x760/76670.png,NBA CDN,,candidate
P000801,Chris Ford,76733.0,https://cdn.nba.com/headshots/nba/latest/1040x760/76733.png,NBA CDN,,candidate
P000802,Chris Garner,1612.0,https://cdn.nba.com/headshots/nba/latest/1040x760/1612.png,NBA CDN,,candidate
P000803,Chris Gatling,423.0,https://cdn.nba.com/headshots/nba/latest/1040x760/423.png,NBA CDN,,candidate
P000804,Chris Harris,76958.0,https://cdn.nba.com/headshots/nba/latest/1040x760/76958.png,NBA CDN,,candidate
P000805,Chris Herren,1914.0,https://cdn.nba.com/headshots/nba/latest/1040x760/1914.png,NBA CDN,,candidate
P000806,Chris Hunter,201805.0,https://cdn.nba.com/headshots/nba/latest/1040x760/201805.png,NBA CDN,,candidate
P000807,Chris Jefferies,2423.0,https://cdn.nba.com/headshots/nba/latest/1040x760/2423.png,NBA CDN,,candidate
P000808,Chris Jent,1137.0,https://cdn.nba.com/headshots/nba/latest/1040x760/1137.png,NBA CDN,,candidate
P000810,Chris Kaman,2549.0,https://cdn.nba.com/headshots/nba/latest/1040x760/2549.png,NBA CDN,,candidate
P000811,Chris King,12.0,https://cdn.nba.com/headshots/nba/latest/1040x760/12.png,NBA CDN,,candidate
P000812,Chris Livingston,1641753.0,https://cdn.nba.com/headshots/nba/latest/1040x760/1641753.png,NBA CDN,,candidate
P000813,Chris Mañon,1643024.0,https://cdn.nba.com/headshots/nba/latest/1040x760/1643024.png,NBA CDN,,candidate
P000814,Chris McCray,200840.0,https://cdn.nba.com/headshots/nba/latest/1040x760/200840.png,NBA CDN,,candidate
P000815,Chris McCullough,1626191.0,https://cdn.nba.com/headshots/nba/latest/1040x760/1626191.png,NBA CDN,,candidate
P000816,Chris McNealy,77560.0,https://cdn.nba.com/headshots/nba/latest/1040x760/77560.png,NBA CDN,,candidate
P000817,Chris Mihm,2036.0,https://cdn.nba.com/headshots/nba/latest/1040x760/2036.png,NBA CDN,,candidate
P000818,Chris Mills,168.0,https://cdn.nba.com/headshots/nba/latest/1040x760/168.png,NBA CDN,,candidate
P000819,Chris Morris,356.0,https://cdn.nba.com/headshots/nba/latest/1040x760/356.png,NBA CDN,,candidate
P000820,Chris Mullin,904.0,https://cdn.nba.com/headshots/nba/latest/1040x760/904.png,NBA CDN,,candidate
P000821,Chris Mullin*,904.0,https://cdn.nba.com/headshots/nba/latest/1040x760/904.png,NBA CDN,,candidate
P000822,Chris Munk,77664.0,https://cdn.nba.com/headshots/nba/latest/1040x760/77664.png,NBA CDN,,candidate
P000823,Chris Owens,2442.0,https://cdn.nba.com/headshots/nba/latest/1040x760/2442.png,NBA CDN,,candidate
P000824,Chris Paul,101108.0,https://cdn.nba.com/headshots/nba/latest/1040x760/101108.png,NBA CDN,,candidate
P000825,Chris Porter,2084.0,https://cdn.nba.com/headshots/nba/latest/1040x760/2084.png,NBA CDN,,candidate
P000826,Chris Quinn,200809.0,https://cdn.nba.com/headshots/nba/latest/1040x760/200809.png,NBA CDN,,candidate
P000827,Chris Richard,201181.0,https://cdn.nba.com/headshots/nba/latest/1040x760/201181.png,NBA CDN,,candidate
P000828,Chris Robinson,997.0,https://cdn.nba.com/headshots/nba/latest/1040x760/997.png,NBA CDN,,candidate
P000829,Chris Silva,1629735.0,https://cdn.nba.com/headshots/nba/latest/1040x760/1629735.png,NBA CDN,,candidate
P000830,Chris Singleton,202698.0,https://cdn.nba.com/headshots/nba/latest/1040x760/202698.png,NBA CDN,,candidate
P000832,Chris Taft,101147.0,https://cdn.nba.com/headshots/nba/latest/1040x760/101147.png,NBA CDN,,candidate
P000833,Chris Washburn,78463.0,https://cdn.nba.com/headshots/nba/latest/1040x760/78463.png,NBA CDN,,candidate
P000834,Chris Webber,185.0,https://cdn.nba.com/headshots/nba/latest/1040x760/185.png,NBA CDN,,candidate
P000835,Chris Webber*,185.0,https://cdn.nba.com/headshots/nba/latest/1040x760/185.png,NBA CDN,,candidate
P000836,Chris Welp,1846.0,https://cdn.nba.com/headshots/nba/latest/1040x760/1846.png,NBA CDN,,candidate
P000837,Chris Whitney,43.0,https://cdn.nba.com/headshots/nba/latest/1040x760/43.png,NBA CDN,,candidate
P000838,Chris Wilcox,2404.0,https://cdn.nba.com/headshots/nba/latest/1040x760/2404.png,NBA CDN,,candidate
P000840,Chris Youngblood,1642959.0,https://cdn.nba.com/headshots/nba/latest/1040x760/1642959.png,NBA CDN,,candidate
P000841,Christian Braun,1631128.0,https://cdn.nba.com/headshots/nba/latest/1040x760/1631128.png,NBA CDN,,candidate
P000842,Christian Eyenga,201963.0,https://cdn.nba.com/headshots/nba/latest/1040x760/201963.png,NBA CDN,,candidate
P000843,Christian Koloko,1631132.0,https://cdn.nba.com/headshots/nba/latest/1040x760/1631132.png,NBA CDN,,candidate
P000844,Christian Laettner,363.0,https://cdn.nba.com/headshots/nba/latest/1040x760/363.png,NBA CDN,,candidate
P000845,Christian Wood,1626174.0,https://cdn.nba.com/headshots/nba/latest/1040x760/1626174.png,NBA CDN,,candidate
P000847,Chuck Aleksinas,76021.0,https://cdn.nba.com/headshots/nba/latest/1040x760/76021.png,NBA CDN,,candidate
P000848,Chuck Cooper,76442.0,https://cdn.nba.com/headshots/nba/latest/1040x760/76442.png,NBA CDN,,candidate
P000849,Chuck Cooper*,76442.0,https://cdn.nba.com/headshots/nba/latest/1040x760/76442.png,NBA CDN,,candidate
P000850,Chuck Grigsby,76891.0,https://cdn.nba.com/headshots/nba/latest/1040x760/76891.png,NBA CDN,,candidate
P000851,Chuck Hayes,101236.0,https://cdn.nba.com/headshots/nba/latest/1040x760/101236.png,NBA CDN,,candidate
P000852,Chuck Mencel,77579.0,https://cdn.nba.com/headshots/nba/latest/1040x760/77579.png,NBA CDN,,candidate
P000853,Chuck Nevitt,77707.0,https://cdn.nba.com/headshots/nba/latest/1040x760/77707.png,NBA CDN,,candidate
P000854,Chuck Noble,77722.0,https://cdn.nba.com/headshots/nba/latest/1040x760/77722.png,NBA CDN,,candidate
P000855,Chuck Osborne,77772.0,https://cdn.nba.com/headshots/nba/latest/1040x760/77772.png,NBA CDN,,candidate
P000856,Chuck Person,456.0,https://cdn.nba.com/headshots/nba/latest/1040x760/456.png,NBA CDN,,candidate
P000858,Chuck Terry,78306.0,https://cdn.nba.com/headshots/nba/latest/1040x760/78306.png,NBA CDN,,candidate
P000859,Chuck Williams,78547.0,https://cdn.nba.com/headshots/nba/latest/1040x760/78547.png,NBA CDN,,candidate
P000860,Chuckie Williams,78541.0,https://cdn.nba.com/headshots/nba/latest/1040x760/78541.png,NBA CDN,,candidate
P000861,Chucky Atkins,1088.0,https://cdn.nba.com/headshots/nba/latest/1040x760/1088.png,NBA CDN,,candidate
P000862,Chucky Brown,359.0,https://cdn.nba.com/headshots/nba/latest/1040x760/359.png,NBA CDN,,candidate
P000863,Chucky Hepburn,1642935.0,https://cdn.nba.com/headshots/nba/latest/1040x760/1642935.png,NBA CDN,,candidate
P000864,Chuma Okeke,1629643.0,https://cdn.nba.com/headshots/nba/latest/1040x760/1629643.png,NBA CDN,,candidate
P000865,Clarence Glover,76825.0,https://cdn.nba.com/headshots/nba/latest/1040x760/76825.png,NBA CDN,,candidate
P000866,Clarence Kea,77229.0,https://cdn.nba.com/headshots/nba/latest/1040x760/77229.png,NBA CDN,,candidate
P000868,Clark Kellogg,77236.0,https://cdn.nba.com/headshots/nba/latest/1040x760/77236.png,NBA CDN,,candidate
P000869,Claude English,76674.0,https://cdn.nba.com/headshots/nba/latest/1040x760/76674.png,NBA CDN,,candidate
P000870,Claude Gregory,76884.0,https://cdn.nba.com/headshots/nba/latest/1040x760/76884.png,NBA CDN,,candidate
P000871,Claude Overton,77780.0,https://cdn.nba.com/headshots/nba/latest/1040x760/77780.png,NBA CDN,,candidate
P000872,Claude Terry,78308.0,https://cdn.nba.com/headshots/nba/latest/1040x760/78308.png,NBA CDN,,candidate
P000873,Clay Johnson,77135.0,https://cdn.nba.com/headshots/nba/latest/1040x760/77135.png,NBA CDN,,candidate
P000874,Cleanthony Early,203921.0,https://cdn.nba.com/headshots/nba/latest/1040x760/203921.png,NBA CDN,,candidate
P000875,Clem Haskins,76965.0,https://cdn.nba.com/headshots/nba/latest/1040x760/76965.png,NBA CDN,,candidate
P000876,Clemon Johnson,77136.0,https://cdn.nba.com/headshots/nba/latest/1040x760/77136.png,NBA CDN,,candidate
P000877,Cleo Hill,77025.0,https://cdn.nba.com/headshots/nba/latest/1040x760/77025.png,NBA CDN,,candidate
P000878,Cleveland Buckner,76295.0,https://cdn.nba.com/headshots/nba/latest/1040x760/76295.png,NBA CDN,,candidate
P000879,Cliff Alexander,1626146.0,https://cdn.nba.com/headshots/nba/latest/1040x760/1626146.png,NBA CDN,,candidate
P000880,Cliff Anderson,76035.0,https://cdn.nba.com/headshots/nba/latest/1040x760/76035.png,NBA CDN,,candidate
P000881,Cliff Barker,76098.0,https://cdn.nba.com/headshots/nba/latest/1040x760/76098.png,NBA CDN,,candidate
P000882,Cliff Hagan,76912.0,https://cdn.nba.com/headshots/nba/latest/1040x760/76912.png,NBA CDN,,candidate
P000883,Cliff Hagan*,76912.0,https://cdn.nba.com/headshots/nba/latest/1040x760/76912.png,NBA CDN,,candidate
P000884,Cliff Levingston,77377.0,https://cdn.nba.com/headshots/nba/latest/1040x760/77377.png,NBA CDN,,candidate
P000885,Cliff Meely,77570.0,https://cdn.nba.com/headshots/nba/latest/1040x760/77570.png,NBA CDN,,candidate
P000886,Cliff Pondexter,77869.0,https://cdn.nba.com/headshots/nba/latest/1040x760/77869.png,NBA CDN,,candidate
P000888,Cliff Williams,78543.0,https://cdn.nba.com/headshots/nba/latest/1040x760/78543.png,NBA CDN,,candidate
P000889,Clifford Lett,77374.0,https://cdn.nba.com/headshots/nba/latest/1040x760/77374.png,NBA CDN,,candidate
P000890,Clifford Ray,77917.0,https://cdn.nba.com/headshots/nba/latest/1040x760/77917.png,NBA CDN,,candidate
P000891,Clifford Robinson,361.0,https://cdn.nba.com/headshots/nba/latest/1040x760/361.png,NBA CDN,,candidate
P000892,Clifford Rozier,32.0,https://cdn.nba.com/headshots/nba/latest/1040x760/32.png,NBA CDN,,candidate
P000893,Clint Capela,203991.0,https://cdn.nba.com/headshots/nba/latest/1040x760/203991.png,NBA CDN,,candidate
P000894,Clint McDaniel,723.0,https://cdn.nba.com/headshots/nba/latest/1040x760/723.png,NBA CDN,,candidate
P000895,Clint Richardson,77950.0,https://cdn.nba.com/headshots/nba/latest/1040x760/77950.png,NBA CDN,,candidate
P000896,Clinton Smith,78181.0,https://cdn.nba.com/headshots/nba/latest/1040x760/78181.png,NBA CDN,,candidate
P000897,Clinton Wheeler,78504.0,https://cdn.nba.com/headshots/nba/latest/1040x760/78504.png,NBA CDN,,candidate
P000898,Clyde Drexler,17.0,https://cdn.nba.com/headshots/nba/latest/1040x760/17.png,NBA CDN,,candidate
P000899,Clyde Drexler*,17.0,https://cdn.nba.com/headshots/nba/latest/1040x760/17.png,NBA CDN,,candidate
P000900,Clyde Lee,77357.0,https://cdn.nba.com/headshots/nba/latest/1040x760/77357.png,NBA CDN,,candidate
P000901,Clyde Lovellette,77414.0,https://cdn.nba.com/headshots/nba/latest/1040x760/77414.png,NBA CDN,,candidate
P000902,Clyde Lovellette*,77414.0,https://cdn.nba.com/headshots/nba/latest/1040x760/77414.png,NBA CDN,,candidate
P000903,Clyde Mayes,77492.0,https://cdn.nba.com/headshots/nba/latest/1040x760/77492.png,NBA CDN,,candidate
P000904,Coby Dietrick,76567.0,https://cdn.nba.com/headshots/nba/latest/1040x760/76567.png,NBA CDN,,candidate
P000905,Coby Karl,201207.0,https://cdn.nba.com/headshots/nba/latest/1040x760/201207.png,NBA CDN,,candidate
P000906,Coby White,1629632.0,https://cdn.nba.com/headshots/nba/latest/1040x760/1629632.png,NBA CDN,,candidate
P000907,Cody Martin,1628998.0,https://cdn.nba.com/headshots/nba/latest/1040x760/1628998.png,NBA CDN,,candidate
P000908,Cody Williams,1642262.0,https://cdn.nba.com/headshots/nba/latest/1040x760/1642262.png,NBA CDN,,candidate
P000909,Cody Zeller,203469.0,https://cdn.nba.com/headshots/nba/latest/1040x760/203469.png,NBA CDN,,candidate
P000910,Colby Jones,1641732.0,https://cdn.nba.com/headshots/nba/latest/1040x760/1641732.png,NBA CDN,,candidate
P000911,Cole Aldrich,202332.0,https://cdn.nba.com/headshots/nba/latest/1040x760/202332.png,NBA CDN,,candidate
P000912,Cole Anthony,1630175.0,https://cdn.nba.com/headshots/nba/latest/1040x760/1630175.png,NBA CDN,,candidate
P000913,Cole Swider,1631306.0,https://cdn.nba.com/headshots/nba/latest/1040x760/1631306.png,NBA CDN,,candidate
P000914,Colin Castleton,1630658.0,https://cdn.nba.com/headshots/nba/latest/1040x760/1630658.png,NBA CDN,,candidate
P000915,Collin Gillespie,1631221.0,https://cdn.nba.com/headshots/nba/latest/1040x760/1631221.png,NBA CDN,,candidate
P000916,Collin Murray-Boyles,1642867.0,https://cdn.nba.com/headshots/nba/latest/1040x760/1642867.png,NBA CDN,,candidate
P000917,Collin Sexton,1629012.0,https://cdn.nba.com/headshots/nba/latest/1040x760/1629012.png,NBA CDN,,candidate
P000918,Conner Henry,77002.0,https://cdn.nba.com/headshots/nba/latest/1040x760/77002.png,NBA CDN,,candidate
P000919,Connie Dierking,76566.0,https://cdn.nba.com/headshots/nba/latest/1040x760/76566.png,NBA CDN,,candidate
P000920,Connie Hawkins,76972.0,https://cdn.nba.com/headshots/nba/latest/1040x760/76972.png,NBA CDN,,candidate
P000921,Connie Hawkins*,76972.0,https://cdn.nba.com/headshots/nba/latest/1040x760/76972.png,NBA CDN,,candidate
P000922,Connie Norman,77729.0,https://cdn.nba.com/headshots/nba/latest/1040x760/77729.png,NBA CDN,,candidate
P000923,Connie Rea,77922.0,https://cdn.nba.com/headshots/nba/latest/1040x760/77922.png,NBA CDN,,candidate
P000924,Connie Simmons,78153.0,https://cdn.nba.com/headshots/nba/latest/1040x760/78153.png,NBA CDN,,candidate
P000925,Cooper Flagg,1642843.0,https://cdn.nba.com/headshots/nba/latest/1040x760/1642843.png,NBA CDN,,candidate
P000926,Corey Beck,1133.0,https://cdn.nba.com/headshots/nba/latest/1040x760/1133.png,NBA CDN,,candidate
P000927,Corey Benjamin,1736.0,https://cdn.nba.com/headshots/nba/latest/1040x760/1736.png,NBA CDN,,candidate
P000928,Corey Brewer,201147.0,https://cdn.nba.com/headshots/nba/latest/1040x760/201147.png,NBA CDN,,candidate
P000929,Corey Crowder,76482.0,https://cdn.nba.com/headshots/nba/latest/1040x760/76482.png,NBA CDN,,candidate
P000930,Corey Gaines,76770.0,https://cdn.nba.com/headshots/nba/latest/1040x760/76770.png,NBA CDN,,candidate
P000931,Corey Kispert,1630557.0,https://cdn.nba.com/headshots/nba/latest/1040x760/1630557.png,NBA CDN,,candidate
P000932,Corey Maggette,1894.0,https://cdn.nba.com/headshots/nba/latest/1040x760/1894.png,NBA CDN,,candidate
P000933,Corey Williams,200603.0,https://cdn.nba.com/headshots/nba/latest/1040x760/200603.png,NBA CDN,,candidate
P000934,Corie Blount,916.0,https://cdn.nba.com/headshots/nba/latest/1040x760/916.png,NBA CDN,,candidate
P000935,Corky Calhoun,76330.0,https://cdn.nba.com/headshots/nba/latest/1040x760/76330.png,NBA CDN,,candidate
P000937,Corliss Williamson,722.0,https://cdn.nba.com/headshots/nba/latest/1040x760/722.png,NBA CDN,,candidate
P000938,Cormac Ryan,1642504.0,https://cdn.nba.com/headshots/nba/latest/1040x760/1642504.png,NBA CDN,,candidate
P000939,Cornelius Cash,76364.0,https://cdn.nba.com/headshots/nba/latest/1040x760/76364.png,NBA CDN,,candidate
P000940,Cornell Warner,78460.0,https://cdn.nba.com/headshots/nba/latest/1040x760/78460.png,NBA CDN,,candidate
P000941,Corny Thompson,78325.0,https://cdn.nba.com/headshots/nba/latest/1040x760/78325.png,NBA CDN,,candidate
P000942,Corsley Edwards,2451.0,https://cdn.nba.com/headshots/nba/latest/1040x760/2451.png,NBA CDN,,candidate
P000943,Cory Alexander,724.0,https://cdn.nba.com/headshots/nba/latest/1040x760/724.png,NBA CDN,,candidate
P000944,Cory Blackwell,76177.0,https://cdn.nba.com/headshots/nba/latest/1040x760/76177.png,NBA CDN,,candidate
P000945,Cory Carr,1757.0,https://cdn.nba.com/headshots/nba/latest/1040x760/1757.png,NBA CDN,,candidate
P000946,Cory Higgins,202809.0,https://cdn.nba.com/headshots/nba/latest/1040x760/202809.png,NBA CDN,,candidate
P000947,Cory Jefferson,203928.0,https://cdn.nba.com/headshots/nba/latest/1040x760/203928.png,NBA CDN,,candidate
P000948,Cory Joseph,202709.0,https://cdn.nba.com/headshots/nba/latest/1040x760/202709.png,NBA CDN,,candidate
P000950,Coty Clarke,1626262.0,https://cdn.nba.com/headshots/nba/latest/1040x760/1626262.png,NBA CDN,,candidate
P000951,Courtney Alexander,2042.0,https://cdn.nba.com/headshots/nba/latest/1040x760/2042.png,NBA CDN,,candidate
P000952,Courtney Fortson,202622.0,https://cdn.nba.com/headshots/nba/latest/1040x760/202622.png,NBA CDN,,candidate
P000953,Courtney Lee,201584.0,https://cdn.nba.com/headshots/nba/latest/1040x760/201584.png,NBA CDN,,candidate
P000954,Courtney Sims,201235.0,https://cdn.nba.com/headshots/nba/latest/1040x760/201235.png,NBA CDN,,candidate
P000955,Cozell McQueen,77565.0,https://cdn.nba.com/headshots/nba/latest/1040x760/77565.png,NBA CDN,,candidate
P000956,Craig Brackins,202342.0,https://cdn.nba.com/headshots/nba/latest/1040x760/202342.png,NBA CDN,,candidate
P000957,Craig Dykema,76625.0,https://cdn.nba.com/headshots/nba/latest/1040x760/76625.png,NBA CDN,,candidate
P000958,Craig Ehlo,378.0,https://cdn.nba.com/headshots/nba/latest/1040x760/378.png,NBA CDN,,candidate
P000959,Craig Hodges,77034.0,https://cdn.nba.com/headshots/nba/latest/1040x760/77034.png,NBA CDN,,candidate
P000960,Craig Neal,77694.0,https://cdn.nba.com/headshots/nba/latest/1040x760/77694.png,NBA CDN,,candidate
P000961,Craig Porter Jr.,1641854.0,https://cdn.nba.com/headshots/nba/latest/1040x760/1641854.png,NBA CDN,,candidate
P000962,Craig Raymond,77921.0,https://cdn.nba.com/headshots/nba/latest/1040x760/77921.png,NBA CDN,,candidate
P000963,Craig Shelton,78132.0,https://cdn.nba.com/headshots/nba/latest/1040x760/78132.png,NBA CDN,,candidate
P000964,Craig Smith,200783.0,https://cdn.nba.com/headshots/nba/latest/1040x760/200783.png,NBA CDN,,candidate
P000965,Craig Spitzer,78231.0,https://cdn.nba.com/headshots/nba/latest/1040x760/78231.png,NBA CDN,,candidate
P000966,Craig Sword,1628591.0,https://cdn.nba.com/headshots/nba/latest/1040x760/1628591.png,NBA CDN,,candidate
P000967,Cristiano Felício,1626245.0,https://cdn.nba.com/headshots/nba/latest/1040x760/1626245.png,NBA CDN,,candidate
P000969,Cuonzo Martin,733.0,https://cdn.nba.com/headshots/nba/latest/1040x760/733.png,NBA CDN,,candidate
P000970,Curtis Borchardt,2414.0,https://cdn.nba.com/headshots/nba/latest/1040x760/2414.png,NBA CDN,,candidate
P000971,Curtis Jones,1642938.0,https://cdn.nba.com/headshots/nba/latest/1040x760/1642938.png,NBA CDN,,candidate
P000972,Curtis Kitchen,77280.0,https://cdn.nba.com/headshots/nba/latest/1040x760/77280.png,NBA CDN,,candidate
P000973,Curtis Perry,77835.0,https://cdn.nba.com/headshots/nba/latest/1040x760/77835.png,NBA CDN,,candidate
P000974,Curtis Rowe,78028.0,https://cdn.nba.com/headshots/nba/latest/1040x760/78028.png,NBA CDN,,candidate
P000975,Cuttino Mobley,1749.0,https://cdn.nba.com/headshots/nba/latest/1040x760/1749.png,NBA CDN,,candidate
P000976,D'Angelo Russell,1626156.0,https://cdn.nba.com/headshots/nba/latest/1040x760/1626156.png,NBA CDN,,candidate
P000977,D'Moi Hodge,1641793.0,https://cdn.nba.com/headshots/nba/latest/1040x760/1641793.png,NBA CDN,,candidate
P000978,D.J. Augustin,201571.0,https://cdn.nba.com/headshots/nba/latest/1040x760/201571.png,NBA CDN,,candidate
P000979,D.J. Carton,1630618.0,https://cdn.nba.com/headshots/nba/latest/1040x760/1630618.png,NBA CDN,,candidate
P000980,D.J. Kennedy,202810.0,https://cdn.nba.com/headshots/nba/latest/1040x760/202810.png,NBA CDN,,candidate
P000985,D.J. Wilson,1628391.0,https://cdn.nba.com/headshots/nba/latest/1040x760/1628391.png,NBA CDN,,candidate
P000986,DaJuan Summers,201969.0,https://cdn.nba.com/headshots/nba/latest/1040x760/201969.png,NBA CDN,,candidate
P000987,DaQuan Jeffries,1629610.0,https://cdn.nba.com/headshots/nba/latest/1040x760/1629610.png,NBA CDN,,candidate
P000989,Daequan Cook,201161.0,https://cdn.nba.com/headshots/nba/latest/1040x760/201161.png,NBA CDN,,candidate
P000990,Daeqwon Plowden,1631342.0,https://cdn.nba.com/headshots/nba/latest/1040x760/1631342.png,NBA CDN,,candidate
P000991,Dahntay Jones,2563.0,https://cdn.nba.com/headshots/nba/latest/1040x760/2563.png,NBA CDN,,candidate
P000992,Dairis Bertāns,1629541.0,https://cdn.nba.com/headshots/nba/latest/1040x760/1629541.png,NBA CDN,,candidate
P000993,Daishen Nix,1630227.0,https://cdn.nba.com/headshots/nba/latest/1040x760/1630227.png,NBA CDN,,candidate
P000994,Dajuan Wagner,2402.0,https://cdn.nba.com/headshots/nba/latest/1040x760/2402.png,NBA CDN,,candidate
P000995,Dakari Johnson,1626177.0,https://cdn.nba.com/headshots/nba/latest/1040x760/1626177.png,NBA CDN,,candidate
P000996,Dakota Mathias,1629751.0,https://cdn.nba.com/headshots/nba/latest/1040x760/1629751.png,NBA CDN,,candidate
P000997,Dalano Banton,1630625.0,https://cdn.nba.com/headshots/nba/latest/1040x760/1630625.png,NBA CDN,,candidate
P000998,Dale Davis,905.0,https://cdn.nba.com/headshots/nba/latest/1040x760/905.png,NBA CDN,,candidate
P000999,Dale Ellis,107.0,https://cdn.nba.com/headshots/nba/latest/1040x760/107.png,NBA CDN,,candidate
P001000,Dale Schlueter,78084.0,https://cdn.nba.com/headshots/nba/latest/1040x760/78084.png,NBA CDN,,candidate
P001001,Dale Wilkinson,78538.0,https://cdn.nba.com/headshots/nba/latest/1040x760/78538.png,NBA CDN,,candidate
P001002,Dalen Terry,1631207.0,https://cdn.nba.com/headshots/nba/latest/1040x760/1631207.png,NBA CDN,,candidate
P001003,Dalibor Bagarić,2053.0,https://cdn.nba.com/headshots/nba/latest/1040x760/2053.png,NBA CDN,,candidate
P001004,Dallas Comegys,76426.0,https://cdn.nba.com/headshots/nba/latest/1040x760/76426.png,NBA CDN,,candidate
P001005,Dalton Knecht,1642261.0,https://cdn.nba.com/headshots/nba/latest/1040x760/1642261.png,NBA CDN,,candidate
P001006,Damian Jones,1627745.0,https://cdn.nba.com/headshots/nba/latest/1040x760/1627745.png,NBA CDN,,candidate
P001007,Damian Lillard,203081.0,https://cdn.nba.com/headshots/nba/latest/1040x760/203081.png,NBA CDN,,candidate
P001008,Damien Inglis,203996.0,https://cdn.nba.com/headshots/nba/latest/1040x760/203996.png,NBA CDN,,candidate
P001009,Damien Wilkins,2863.0,https://cdn.nba.com/headshots/nba/latest/1040x760/2863.png,NBA CDN,,candidate
P001010,Damion Baugh,1641878.0,https://cdn.nba.com/headshots/nba/latest/1040x760/1641878.png,NBA CDN,,candidate
P001011,Damion James,202345.0,https://cdn.nba.com/headshots/nba/latest/1040x760/202345.png,NBA CDN,,candidate
P001012,Damion Lee,1627814.0,https://cdn.nba.com/headshots/nba/latest/1040x760/1627814.png,NBA CDN,,candidate
P001013,Damir Markota,200806.0,https://cdn.nba.com/headshots/nba/latest/1040x760/200806.png,NBA CDN,,candidate
P001014,Damjan Rudež,204014.0,https://cdn.nba.com/headshots/nba/latest/1040x760/204014.png,NBA CDN,,candidate
P001015,Damon Jones,1800.0,https://cdn.nba.com/headshots/nba/latest/1040x760/1800.png,NBA CDN,,candidate
P001016,Damon Stoudamire,757.0,https://cdn.nba.com/headshots/nba/latest/1040x760/757.png,NBA CDN,,candidate
P001017,Damone Brown,2245.0,https://cdn.nba.com/headshots/nba/latest/1040x760/2245.png,NBA CDN,,candidate
P001018,Damyean Dotson,1628422.0,https://cdn.nba.com/headshots/nba/latest/1040x760/1628422.png,NBA CDN,,candidate
P001020,Dan Dickau,2424.0,https://cdn.nba.com/headshots/nba/latest/1040x760/2424.png,NBA CDN,,candidate
P001021,Dan Gadzuric,2429.0,https://cdn.nba.com/headshots/nba/latest/1040x760/2429.png,NBA CDN,,candidate
P001022,Dan Godfread,76827.0,https://cdn.nba.com/headshots/nba/latest/1040x760/76827.png,NBA CDN,,candidate
P001023,Dan Issel,77097.0,https://cdn.nba.com/headshots/nba/latest/1040x760/77097.png,NBA CDN,,candidate
P001024,Dan Issel*,77097.0,https://cdn.nba.com/headshots/nba/latest/1040x760/77097.png,NBA CDN,,candidate
P001025,Dan King,77266.0,https://cdn.nba.com/headshots/nba/latest/1040x760/77266.png,NBA CDN,,candidate
P001026,Dan Langhi,2061.0,https://cdn.nba.com/headshots/nba/latest/1040x760/2061.png,NBA CDN,,candidate
P001027,Dan Majerle,105.0,https://cdn.nba.com/headshots/nba/latest/1040x760/105.png,NBA CDN,,candidate
P001028,Dan McClintock,2082.0,https://cdn.nba.com/headshots/nba/latest/1040x760/2082.png,NBA CDN,,candidate
P001029,Dan O'Sullivan,77776.0,https://cdn.nba.com/headshots/nba/latest/1040x760/77776.png,NBA CDN,,candidate
P001030,Dan Roundfield,78025.0,https://cdn.nba.com/headshots/nba/latest/1040x760/78025.png,NBA CDN,,candidate
P001031,Dan Swartz,78285.0,https://cdn.nba.com/headshots/nba/latest/1040x760/78285.png,NBA CDN,,candidate
P001032,Dan Tieman,78342.0,https://cdn.nba.com/headshots/nba/latest/1040x760/78342.png,NBA CDN,,candidate
P001033,Dana Barros,344.0,https://cdn.nba.com/headshots/nba/latest/1040x760/344.png,NBA CDN,,candidate
P001034,Dane Suttle,78281.0,https://cdn.nba.com/headshots/nba/latest/1040x760/78281.png,NBA CDN,,candidate
P001035,Daniel Ewing,101137.0,https://cdn.nba.com/headshots/nba/latest/1040x760/101137.png,NBA CDN,,candidate
P001036,Daniel Gafford,1629655.0,https://cdn.nba.com/headshots/nba/latest/1040x760/1629655.png,NBA CDN,,candidate
P001037,Daniel Gibson,200789.0,https://cdn.nba.com/headshots/nba/latest/1040x760/200789.png,NBA CDN,,candidate
P001038,Daniel Hamilton,1627772.0,https://cdn.nba.com/headshots/nba/latest/1040x760/1627772.png,NBA CDN,,candidate
P001039,Daniel Ochefu,1627849.0,https://cdn.nba.com/headshots/nba/latest/1040x760/1627849.png,NBA CDN,,candidate
P001040,Daniel Orton,202350.0,https://cdn.nba.com/headshots/nba/latest/1040x760/202350.png,NBA CDN,,candidate
P001041,Daniel Oturu,1630187.0,https://cdn.nba.com/headshots/nba/latest/1040x760/1630187.png,NBA CDN,,candidate
P001042,Daniel Santiago,2091.0,https://cdn.nba.com/headshots/nba/latest/1040x760/2091.png,NBA CDN,,candidate
P001043,Daniel Theis,1628464.0,https://cdn.nba.com/headshots/nba/latest/1040x760/1628464.png,NBA CDN,,candidate
P001044,Danilo Gallinari,201568.0,https://cdn.nba.com/headshots/nba/latest/1040x760/201568.png,NBA CDN,,candidate
P001045,Daniss Jenkins,1642450.0,https://cdn.nba.com/headshots/nba/latest/1040x760/1642450.png,NBA CDN,,candidate
P001046,Danny Ainge,76017.0,https://cdn.nba.com/headshots/nba/latest/1040x760/76017.png,NBA CDN,,candidate
P001047,Danny Doyle,76595.0,https://cdn.nba.com/headshots/nba/latest/1040x760/76595.png,NBA CDN,,candidate
P001048,Danny Ferry,198.0,https://cdn.nba.com/headshots/nba/latest/1040x760/198.png,NBA CDN,,candidate
P001049,Danny Finn,76717.0,https://cdn.nba.com/headshots/nba/latest/1040x760/76717.png,NBA CDN,,candidate
P001050,Danny Fortson,1504.0,https://cdn.nba.com/headshots/nba/latest/1040x760/1504.png,NBA CDN,,candidate
P001051,Danny Granger,101122.0,https://cdn.nba.com/headshots/nba/latest/1040x760/101122.png,NBA CDN,,candidate
P001052,Danny Green,201980.0,https://cdn.nba.com/headshots/nba/latest/1040x760/201980.png,NBA CDN,,candidate
P001053,Danny Manning,330.0,https://cdn.nba.com/headshots/nba/latest/1040x760/330.png,NBA CDN,,candidate
P001055,Danny Vranes,78423.0,https://cdn.nba.com/headshots/nba/latest/1040x760/78423.png,NBA CDN,,candidate
P001056,Danny Wolf,1642874.0,https://cdn.nba.com/headshots/nba/latest/1040x760/1642874.png,NBA CDN,,candidate
P001057,Danny Young,78633.0,https://cdn.nba.com/headshots/nba/latest/1040x760/78633.png,NBA CDN,,candidate
P001058,Dante Cunningham,201967.0,https://cdn.nba.com/headshots/nba/latest/1040x760/201967.png,NBA CDN,,candidate
P001059,Danté Exum,203957.0,https://cdn.nba.com/headshots/nba/latest/1040x760/203957.png,NBA CDN,,candidate
P001060,Danuel House Jr.,1627863.0,https://cdn.nba.com/headshots/nba/latest/1040x760/1627863.png,NBA CDN,,candidate
P001061,Darington Hobson,202359.0,https://cdn.nba.com/headshots/nba/latest/1040x760/202359.png,NBA CDN,,candidate
P001062,Dario Šarić,203967.0,https://cdn.nba.com/headshots/nba/latest/1040x760/203967.png,NBA CDN,,candidate
P001063,Dariq Whitehead,1641727.0,https://cdn.nba.com/headshots/nba/latest/1040x760/1641727.png,NBA CDN,,candidate
P001064,Darius Bazley,1629647.0,https://cdn.nba.com/headshots/nba/latest/1040x760/1629647.png,NBA CDN,,candidate
P001065,Darius Brown II,1642468.0,https://cdn.nba.com/headshots/nba/latest/1040x760/1642468.png,NBA CDN,,candidate
P001066,Darius Days,1630620.0,https://cdn.nba.com/headshots/nba/latest/1040x760/1630620.png,NBA CDN,,candidate
P001067,Darius Garland,1629636.0,https://cdn.nba.com/headshots/nba/latest/1040x760/1629636.png,NBA CDN,,candidate
P001068,Darius Johnson-Odom,203130.0,https://cdn.nba.com/headshots/nba/latest/1040x760/203130.png,NBA CDN,,candidate
P001069,Darius Miles,2032.0,https://cdn.nba.com/headshots/nba/latest/1040x760/2032.png,NBA CDN,,candidate
P001070,Darius Miller,203121.0,https://cdn.nba.com/headshots/nba/latest/1040x760/203121.png,NBA CDN,,candidate
P001071,Darius Morris,202721.0,https://cdn.nba.com/headshots/nba/latest/1040x760/202721.png,NBA CDN,,candidate
P001072,Darius Songaila,2443.0,https://cdn.nba.com/headshots/nba/latest/1040x760/2443.png,NBA CDN,,candidate
P001073,Darius Washington,200827.0,https://cdn.nba.com/headshots/nba/latest/1040x760/200827.png,NBA CDN,,candidate
P001074,Darko Miličić,2545.0,https://cdn.nba.com/headshots/nba/latest/1040x760/2545.png,NBA CDN,,candidate
P001075,Darnell Hillman,77028.0,https://cdn.nba.com/headshots/nba/latest/1040x760/77028.png,NBA CDN,,candidate
P001076,Darnell Jackson,201616.0,https://cdn.nba.com/headshots/nba/latest/1040x760/201616.png,NBA CDN,,candidate
P001077,Darnell Mee,1577.0,https://cdn.nba.com/headshots/nba/latest/1040x760/1577.png,NBA CDN,,candidate
P001078,Darnell Valentine,78395.0,https://cdn.nba.com/headshots/nba/latest/1040x760/78395.png,NBA CDN,,candidate
P001079,Darrall Imhoff,77093.0,https://cdn.nba.com/headshots/nba/latest/1040x760/77093.png,NBA CDN,,candidate
P001080,Darrell Allums,76030.0,https://cdn.nba.com/headshots/nba/latest/1040x760/76030.png,NBA CDN,,candidate
P001081,Darrell Armstrong,353.0,https://cdn.nba.com/headshots/nba/latest/1040x760/353.png,NBA CDN,,candidate
P001082,Darrell Arthur,201589.0,https://cdn.nba.com/headshots/nba/latest/1040x760/201589.png,NBA CDN,,candidate
P001083,Darrell Elston,76667.0,https://cdn.nba.com/headshots/nba/latest/1040x760/76667.png,NBA CDN,,candidate
P001084,Darrell Griffith,76890.0,https://cdn.nba.com/headshots/nba/latest/1040x760/76890.png,NBA CDN,,candidate
P001085,Darrell Lockhart,77399.0,https://cdn.nba.com/headshots/nba/latest/1040x760/77399.png,NBA CDN,,candidate
P001086,Darrell Walker,78437.0,https://cdn.nba.com/headshots/nba/latest/1040x760/78437.png,NBA CDN,,candidate
P001087,Darren Collison,201954.0,https://cdn.nba.com/headshots/nba/latest/1040x760/201954.png,NBA CDN,,candidate
P001088,Darren Daye,76543.0,https://cdn.nba.com/headshots/nba/latest/1040x760/76543.png,NBA CDN,,candidate
P001089,Darren Morningstar,77644.0,https://cdn.nba.com/headshots/nba/latest/1040x760/77644.png,NBA CDN,,candidate
P001090,Darren Tillis,78343.0,https://cdn.nba.com/headshots/nba/latest/1040x760/78343.png,NBA CDN,,candidate
P001091,Darrick Martin,239.0,https://cdn.nba.com/headshots/nba/latest/1040x760/239.png,NBA CDN,,candidate
P001092,Darrin Hancock,241.0,https://cdn.nba.com/headshots/nba/latest/1040x760/241.png,NBA CDN,,candidate
P001093,Darrun Hilliard,1626199.0,https://cdn.nba.com/headshots/nba/latest/1040x760/1626199.png,NBA CDN,,candidate
P001094,Darryl Dawkins,76539.0,https://cdn.nba.com/headshots/nba/latest/1040x760/76539.png,NBA CDN,,candidate
P001095,Darryl Johnson,683.0,https://cdn.nba.com/headshots/nba/latest/1040x760/683.png,NBA CDN,,candidate
P001096,Darryl Watkins,201208.0,https://cdn.nba.com/headshots/nba/latest/1040x760/201208.png,NBA CDN,,candidate
P001097,Darvin Ham,1032.0,https://cdn.nba.com/headshots/nba/latest/1040x760/1032.png,NBA CDN,,candidate
P001098,Darwin Cook,76435.0,https://cdn.nba.com/headshots/nba/latest/1040x760/76435.png,NBA CDN,,candidate
P001099,Daryl Macon,1629133.0,https://cdn.nba.com/headshots/nba/latest/1040x760/1629133.png,NBA CDN,,candidate
P001100,Dave Batton,76124.0,https://cdn.nba.com/headshots/nba/latest/1040x760/76124.png,NBA CDN,,candidate
P001101,Dave Bing,76166.0,https://cdn.nba.com/headshots/nba/latest/1040x760/76166.png,NBA CDN,,candidate
P001102,Dave Bing*,76166.0,https://cdn.nba.com/headshots/nba/latest/1040x760/76166.png,NBA CDN,,candidate
P001104,Dave Budd,76297.0,https://cdn.nba.com/headshots/nba/latest/1040x760/76297.png,NBA CDN,,candidate
P001105,Dave Corzine,76453.0,https://cdn.nba.com/headshots/nba/latest/1040x760/76453.png,NBA CDN,,candidate
P001106,Dave Cowens,76462.0,https://cdn.nba.com/headshots/nba/latest/1040x760/76462.png,NBA CDN,,candidate
P001107,Dave Cowens*,76462.0,https://cdn.nba.com/headshots/nba/latest/1040x760/76462.png,NBA CDN,,candidate
P001108,Dave DeBusschere,76545.0,https://cdn.nba.com/headshots/nba/latest/1040x760/76545.png,NBA CDN,,candidate
P001109,Dave DeBusschere*,76545.0,https://cdn.nba.com/headshots/nba/latest/1040x760/76545.png,NBA CDN,,candidate
P001110,Dave Deutsch,76560.0,https://cdn.nba.com/headshots/nba/latest/1040x760/76560.png,NBA CDN,,candidate
P001111,Dave Fedor,76697.0,https://cdn.nba.com/headshots/nba/latest/1040x760/76697.png,NBA CDN,,candidate
P001112,Dave Feitl,76703.0,https://cdn.nba.com/headshots/nba/latest/1040x760/76703.png,NBA CDN,,candidate
P001113,Dave Gambee,76774.0,https://cdn.nba.com/headshots/nba/latest/1040x760/76774.png,NBA CDN,,candidate
P001115,Dave Gunther,76906.0,https://cdn.nba.com/headshots/nba/latest/1040x760/76906.png,NBA CDN,,candidate
P001116,Dave Henderson,76991.0,https://cdn.nba.com/headshots/nba/latest/1040x760/76991.png,NBA CDN,,candidate
P001117,Dave Hoppen,77053.0,https://cdn.nba.com/headshots/nba/latest/1040x760/77053.png,NBA CDN,,candidate
P001118,Dave Jamerson,77114.0,https://cdn.nba.com/headshots/nba/latest/1040x760/77114.png,NBA CDN,,candidate
P001119,Dave Johnson,77138.0,https://cdn.nba.com/headshots/nba/latest/1040x760/77138.png,NBA CDN,,candidate
P001120,Dave Lattin,77342.0,https://cdn.nba.com/headshots/nba/latest/1040x760/77342.png,NBA CDN,,candidate
P001121,Dave Magley,77442.0,https://cdn.nba.com/headshots/nba/latest/1040x760/77442.png,NBA CDN,,candidate
P001122,Dave Meyers,77586.0,https://cdn.nba.com/headshots/nba/latest/1040x760/77586.png,NBA CDN,,candidate
P001123,Dave Minor,77610.0,https://cdn.nba.com/headshots/nba/latest/1040x760/77610.png,NBA CDN,,candidate
P001124,Dave Newmark,77712.0,https://cdn.nba.com/headshots/nba/latest/1040x760/77712.png,NBA CDN,,candidate
P001125,Dave Piontek,77862.0,https://cdn.nba.com/headshots/nba/latest/1040x760/77862.png,NBA CDN,,candidate
P001126,Dave Popson,77872.0,https://cdn.nba.com/headshots/nba/latest/1040x760/77872.png,NBA CDN,,candidate
P001127,Dave Robisch,77998.0,https://cdn.nba.com/headshots/nba/latest/1040x760/77998.png,NBA CDN,,candidate
P001128,Dave Schellhase,78081.0,https://cdn.nba.com/headshots/nba/latest/1040x760/78081.png,NBA CDN,,candidate
P001129,Dave Scholz,78088.0,https://cdn.nba.com/headshots/nba/latest/1040x760/78088.png,NBA CDN,,candidate
P001130,Dave Sorenson,78220.0,https://cdn.nba.com/headshots/nba/latest/1040x760/78220.png,NBA CDN,,candidate
P001131,Dave Stallworth,78238.0,https://cdn.nba.com/headshots/nba/latest/1040x760/78238.png,NBA CDN,,candidate
P001132,Dave Twardzik,78387.0,https://cdn.nba.com/headshots/nba/latest/1040x760/78387.png,NBA CDN,,candidate
P001133,Dave Wohl,78606.0,https://cdn.nba.com/headshots/nba/latest/1040x760/78606.png,NBA CDN,,candidate
P001134,Dave Zeller,78640.0,https://cdn.nba.com/headshots/nba/latest/1040x760/78640.png,NBA CDN,,candidate
P001135,David Andersen,2431.0,https://cdn.nba.com/headshots/nba/latest/1040x760/2431.png,NBA CDN,,candidate
P001136,David Benoit,128.0,https://cdn.nba.com/headshots/nba/latest/1040x760/128.png,NBA CDN,,candidate
P001137,David Burns,76307.0,https://cdn.nba.com/headshots/nba/latest/1040x760/76307.png,NBA CDN,,candidate
P001138,David Cooke,76439.0,https://cdn.nba.com/headshots/nba/latest/1040x760/76439.png,NBA CDN,,candidate
P001139,David Duke Jr.,1630561.0,https://cdn.nba.com/headshots/nba/latest/1040x760/1630561.png,NBA CDN,,candidate
P001140,David Harrison,2758.0,https://cdn.nba.com/headshots/nba/latest/1040x760/2758.png,NBA CDN,,candidate
P001142,David Jones García,1642357.0,https://cdn.nba.com/headshots/nba/latest/1040x760/1642357.png,NBA CDN,,candidate
P001143,David Lee,101135.0,https://cdn.nba.com/headshots/nba/latest/1040x760/101135.png,NBA CDN,,candidate
P001144,David Noel,200786.0,https://cdn.nba.com/headshots/nba/latest/1040x760/200786.png,NBA CDN,,candidate
P001145,David Nwaba,1628021.0,https://cdn.nba.com/headshots/nba/latest/1040x760/1628021.png,NBA CDN,,candidate
P001146,David Pope,77870.0,https://cdn.nba.com/headshots/nba/latest/1040x760/77870.png,NBA CDN,,candidate
P001147,David Rivers,77970.0,https://cdn.nba.com/headshots/nba/latest/1040x760/77970.png,NBA CDN,,candidate
P001148,David Robinson,764.0,https://cdn.nba.com/headshots/nba/latest/1040x760/764.png,NBA CDN,,candidate
P001149,David Robinson*,764.0,https://cdn.nba.com/headshots/nba/latest/1040x760/764.png,NBA CDN,,candidate
P001150,David Roddy,1631223.0,https://cdn.nba.com/headshots/nba/latest/1040x760/1631223.png,NBA CDN,,candidate
P001151,David Stockton,204065.0,https://cdn.nba.com/headshots/nba/latest/1040x760/204065.png,NBA CDN,,candidate
P001152,David Thirdkill,78314.0,https://cdn.nba.com/headshots/nba/latest/1040x760/78314.png,NBA CDN,,candidate
P001153,David Thompson,78326.0,https://cdn.nba.com/headshots/nba/latest/1040x760/78326.png,NBA CDN,,candidate
P001154,David Thompson*,78326.0,https://cdn.nba.com/headshots/nba/latest/1040x760/78326.png,NBA CDN,,candidate
P001155,David Vanterpool,2128.0,https://cdn.nba.com/headshots/nba/latest/1040x760/2128.png,NBA CDN,,candidate
P001156,David Vaughn,710.0,https://cdn.nba.com/headshots/nba/latest/1040x760/710.png,NBA CDN,,candidate
P001157,David Wear,204033.0,https://cdn.nba.com/headshots/nba/latest/1040x760/204033.png,NBA CDN,,candidate
P001158,David Wesley,133.0,https://cdn.nba.com/headshots/nba/latest/1040x760/133.png,NBA CDN,,candidate
P001159,David West,2561.0,https://cdn.nba.com/headshots/nba/latest/1040x760/2561.png,NBA CDN,,candidate
P001160,David Wingate,766.0,https://cdn.nba.com/headshots/nba/latest/1040x760/766.png,NBA CDN,,candidate
P001161,David Wood,116.0,https://cdn.nba.com/headshots/nba/latest/1040x760/116.png,NBA CDN,,candidate
P001162,Davion Mitchell,1630558.0,https://cdn.nba.com/headshots/nba/latest/1040x760/1630558.png,NBA CDN,,candidate
P001163,Davon Reed,1628432.0,https://cdn.nba.com/headshots/nba/latest/1040x760/1628432.png,NBA CDN,,candidate
P001164,Day'Ron Sharpe,1630549.0,https://cdn.nba.com/headshots/nba/latest/1040x760/1630549.png,NBA CDN,,candidate
P001165,De'Aaron Fox,1628368.0,https://cdn.nba.com/headshots/nba/latest/1040x760/1628368.png,NBA CDN,,candidate
P001166,De'Andre Hunter,1629631.0,https://cdn.nba.com/headshots/nba/latest/1040x760/1629631.png,NBA CDN,,candidate
P001167,De'Anthony Melton,1629001.0,https://cdn.nba.com/headshots/nba/latest/1040x760/1629001.png,NBA CDN,,candidate
P001168,DeAndre Jordan,201599.0,https://cdn.nba.com/headshots/nba/latest/1040x760/201599.png,NBA CDN,,candidate
P001169,DeAndre Liggins,202732.0,https://cdn.nba.com/headshots/nba/latest/1040x760/202732.png,NBA CDN,,candidate
P001170,DeAndre' Bembry,1627761.0,https://cdn.nba.com/headshots/nba/latest/1040x760/1627761.png,NBA CDN,,candidate
P001171,DeJon Jarreau,1630610.0,https://cdn.nba.com/headshots/nba/latest/1040x760/1630610.png,NBA CDN,,candidate
P001172,DeJuan Blair,201971.0,https://cdn.nba.com/headshots/nba/latest/1040x760/201971.png,NBA CDN,,candidate
P001173,DeJuan Wheat,1545.0,https://cdn.nba.com/headshots/nba/latest/1040x760/1545.png,NBA CDN,,candidate
P001174,DeMar DeRozan,201942.0,https://cdn.nba.com/headshots/nba/latest/1040x760/201942.png,NBA CDN,,candidate
P001175,DeMarco Johnson,1746.0,https://cdn.nba.com/headshots/nba/latest/1040x760/1746.png,NBA CDN,,candidate
P001176,DeMarcus Cousins,202326.0,https://cdn.nba.com/headshots/nba/latest/1040x760/202326.png,NBA CDN,,candidate
P001177,DeMarcus Nelson,201634.0,https://cdn.nba.com/headshots/nba/latest/1040x760/201634.png,NBA CDN,,candidate
P001178,DeMarre Carroll,201960.0,https://cdn.nba.com/headshots/nba/latest/1040x760/201960.png,NBA CDN,,candidate
P001179,DeQuan Jones,203199.0,https://cdn.nba.com/headshots/nba/latest/1040x760/203199.png,NBA CDN,,candidate
P001180,DeSagana Diop,2205.0,https://cdn.nba.com/headshots/nba/latest/1040x760/2205.png,NBA CDN,,candidate
P001181,DeShawn Stevenson,2052.0,https://cdn.nba.com/headshots/nba/latest/1040x760/2052.png,NBA CDN,,candidate
P001182,DeVaughn Akoon-Purcell,1629152.0,https://cdn.nba.com/headshots/nba/latest/1040x760/1629152.png,NBA CDN,,candidate
P001183,DeWayne Scales,78068.0,https://cdn.nba.com/headshots/nba/latest/1040x760/78068.png,NBA CDN,,candidate
P001184,Dean Garrett,1051.0,https://cdn.nba.com/headshots/nba/latest/1040x760/1051.png,NBA CDN,,candidate
P001185,Dean Meminger,77578.0,https://cdn.nba.com/headshots/nba/latest/1040x760/77578.png,NBA CDN,,candidate
P001186,Dean Oliver,2352.0,https://cdn.nba.com/headshots/nba/latest/1040x760/2352.png,NBA CDN,,candidate
P001187,Dean Tolson,78349.0,https://cdn.nba.com/headshots/nba/latest/1040x760/78349.png,NBA CDN,,candidate
P001188,Dean Wade,1629731.0,https://cdn.nba.com/headshots/nba/latest/1040x760/1629731.png,NBA CDN,,candidate
P001189,Deandre Ayton,1629028.0,https://cdn.nba.com/headshots/nba/latest/1040x760/1629028.png,NBA CDN,,candidate
P001190,Dedric Willoughby,2000.0,https://cdn.nba.com/headshots/nba/latest/1040x760/2000.png,NBA CDN,,candidate
P001192,Deividas Sirvydis,1629686.0,https://cdn.nba.com/headshots/nba/latest/1040x760/1629686.png,NBA CDN,,candidate
P001193,Dejounte Murray,1627749.0,https://cdn.nba.com/headshots/nba/latest/1040x760/1627749.png,NBA CDN,,candidate
P001194,Del Beshore,76159.0,https://cdn.nba.com/headshots/nba/latest/1040x760/76159.png,NBA CDN,,candidate
P001195,Delaney Rudd,78035.0,https://cdn.nba.com/headshots/nba/latest/1040x760/78035.png,NBA CDN,,candidate
P001196,Dell Curry,209.0,https://cdn.nba.com/headshots/nba/latest/1040x760/209.png,NBA CDN,,candidate
P001197,Dell Demps,725.0,https://cdn.nba.com/headshots/nba/latest/1040x760/725.png,NBA CDN,,candidate
P001198,Delon Wright,1626153.0,https://cdn.nba.com/headshots/nba/latest/1040x760/1626153.png,NBA CDN,,candidate
P001199,Delonte West,2753.0,https://cdn.nba.com/headshots/nba/latest/1040x760/2753.png,NBA CDN,,candidate
P001200,Demetris Nichols,201193.0,https://cdn.nba.com/headshots/nba/latest/1040x760/201193.png,NBA CDN,,candidate
P001201,Demetrius Calip,76332.0,https://cdn.nba.com/headshots/nba/latest/1040x760/76332.png,NBA CDN,,candidate
P001202,Demetrius Jackson,1627743.0,https://cdn.nba.com/headshots/nba/latest/1040x760/1627743.png,NBA CDN,,candidate
P001203,Deng Adel,1629061.0,https://cdn.nba.com/headshots/nba/latest/1040x760/1629061.png,NBA CDN,,candidate
P001204,Deng Gai,101184.0,https://cdn.nba.com/headshots/nba/latest/1040x760/101184.png,NBA CDN,,candidate
P001205,Deni Avdija,1630166.0,https://cdn.nba.com/headshots/nba/latest/1040x760/1630166.png,NBA CDN,,candidate
P001206,Dennis Awtrey,76078.0,https://cdn.nba.com/headshots/nba/latest/1040x760/76078.png,NBA CDN,,candidate
P001207,Dennis Bell,76142.0,https://cdn.nba.com/headshots/nba/latest/1040x760/76142.png,NBA CDN,,candidate
P001208,Dennis Boyd,76221.0,https://cdn.nba.com/headshots/nba/latest/1040x760/76221.png,NBA CDN,,candidate
P001209,Dennis DuVal,76623.0,https://cdn.nba.com/headshots/nba/latest/1040x760/76623.png,NBA CDN,,candidate
P001210,Dennis Hamilton,76926.0,https://cdn.nba.com/headshots/nba/latest/1040x760/76926.png,NBA CDN,,candidate
P001211,Dennis Hopson,77054.0,https://cdn.nba.com/headshots/nba/latest/1040x760/77054.png,NBA CDN,,candidate
P001212,Dennis Horner,202862.0,https://cdn.nba.com/headshots/nba/latest/1040x760/202862.png,NBA CDN,,candidate
P001213,Dennis Johnson,77141.0,https://cdn.nba.com/headshots/nba/latest/1040x760/77141.png,NBA CDN,,candidate
P001214,Dennis Johnson*,77141.0,https://cdn.nba.com/headshots/nba/latest/1040x760/77141.png,NBA CDN,,candidate
P001215,Dennis Nutt,77738.0,https://cdn.nba.com/headshots/nba/latest/1040x760/77738.png,NBA CDN,,candidate
P001216,Dennis Rodman,23.0,https://cdn.nba.com/headshots/nba/latest/1040x760/23.png,NBA CDN,,candidate
P001217,Dennis Rodman*,23.0,https://cdn.nba.com/headshots/nba/latest/1040x760/23.png,NBA CDN,,candidate
P001218,Dennis Schröder,203471.0,https://cdn.nba.com/headshots/nba/latest/1040x760/203471.png,NBA CDN,,candidate
P001219,Dennis Scott,192.0,https://cdn.nba.com/headshots/nba/latest/1040x760/192.png,NBA CDN,,candidate
P001220,Dennis Smith Jr.,1628372.0,https://cdn.nba.com/headshots/nba/latest/1040x760/1628372.png,NBA CDN,,candidate
P001221,Dennis Stewart,78253.0,https://cdn.nba.com/headshots/nba/latest/1040x760/78253.png,NBA CDN,,candidate
P001222,Denzel Valentine,1627756.0,https://cdn.nba.com/headshots/nba/latest/1040x760/1627756.png,NBA CDN,,candidate
P001223,Deonte Burton,1629126.0,https://cdn.nba.com/headshots/nba/latest/1040x760/1629126.png,NBA CDN,,candidate
P001224,DerMarr Johnson,2035.0,https://cdn.nba.com/headshots/nba/latest/1040x760/2035.png,NBA CDN,,candidate
P001225,Dereck Lively II,1641726.0,https://cdn.nba.com/headshots/nba/latest/1040x760/1641726.png,NBA CDN,,candidate
P001226,Derek Anderson,1507.0,https://cdn.nba.com/headshots/nba/latest/1040x760/1507.png,NBA CDN,,candidate
P001227,Derek Fisher,965.0,https://cdn.nba.com/headshots/nba/latest/1040x760/965.png,NBA CDN,,candidate
P001228,Derek Grimm,1575.0,https://cdn.nba.com/headshots/nba/latest/1040x760/1575.png,NBA CDN,,candidate
P001229,Derek Harper,157.0,https://cdn.nba.com/headshots/nba/latest/1040x760/157.png,NBA CDN,,candidate
P001230,Derek Hood,1967.0,https://cdn.nba.com/headshots/nba/latest/1040x760/1967.png,NBA CDN,,candidate
P001231,Derek Smith,78183.0,https://cdn.nba.com/headshots/nba/latest/1040x760/78183.png,NBA CDN,,candidate
P001232,Derek Strong,400.0,https://cdn.nba.com/headshots/nba/latest/1040x760/400.png,NBA CDN,,candidate
P001233,Dereon Seabron,1631220.0,https://cdn.nba.com/headshots/nba/latest/1040x760/1631220.png,NBA CDN,,candidate
P001234,Derik Queen,1642852.0,https://cdn.nba.com/headshots/nba/latest/1040x760/1642852.png,NBA CDN,,candidate
P001235,Deron Williams,101114.0,https://cdn.nba.com/headshots/nba/latest/1040x760/101114.png,NBA CDN,,candidate
P001236,Derrek Dickey,76564.0,https://cdn.nba.com/headshots/nba/latest/1040x760/76564.png,NBA CDN,,candidate
P001237,Derrick Alston,308.0,https://cdn.nba.com/headshots/nba/latest/1040x760/308.png,NBA CDN,,candidate
P001238,Derrick Brown,201974.0,https://cdn.nba.com/headshots/nba/latest/1040x760/201974.png,NBA CDN,,candidate
P001239,Derrick Byars,201182.0,https://cdn.nba.com/headshots/nba/latest/1040x760/201182.png,NBA CDN,,candidate
P001240,Derrick Caracter,202382.0,https://cdn.nba.com/headshots/nba/latest/1040x760/202382.png,NBA CDN,,candidate
P001241,Derrick Chievous,76387.0,https://cdn.nba.com/headshots/nba/latest/1040x760/76387.png,NBA CDN,,candidate
P001242,Derrick Coleman,934.0,https://cdn.nba.com/headshots/nba/latest/1040x760/934.png,NBA CDN,,candidate
P001243,Derrick Dial,1760.0,https://cdn.nba.com/headshots/nba/latest/1040x760/1760.png,NBA CDN,,candidate
P001244,Derrick Favors,202324.0,https://cdn.nba.com/headshots/nba/latest/1040x760/202324.png,NBA CDN,,candidate
P001245,Derrick Gervin,76803.0,https://cdn.nba.com/headshots/nba/latest/1040x760/76803.png,NBA CDN,,candidate
P001246,Derrick Jones Jr.,1627884.0,https://cdn.nba.com/headshots/nba/latest/1040x760/1627884.png,NBA CDN,,candidate
P001247,Derrick McKey,365.0,https://cdn.nba.com/headshots/nba/latest/1040x760/365.png,NBA CDN,,candidate
P001248,Derrick Phelps,74.0,https://cdn.nba.com/headshots/nba/latest/1040x760/74.png,NBA CDN,,candidate
P001249,Derrick Rose,201565.0,https://cdn.nba.com/headshots/nba/latest/1040x760/201565.png,NBA CDN,,candidate
P001250,Derrick Rowland,78030.0,https://cdn.nba.com/headshots/nba/latest/1040x760/78030.png,NBA CDN,,candidate
P001252,Derrick White,1628401.0,https://cdn.nba.com/headshots/nba/latest/1040x760/1628401.png,NBA CDN,,candidate
P001253,Derrick Williams,202682.0,https://cdn.nba.com/headshots/nba/latest/1040x760/202682.png,NBA CDN,,candidate
P001254,Derrick Zimmerman,2583.0,https://cdn.nba.com/headshots/nba/latest/1040x760/2583.png,NBA CDN,,candidate
P001255,Desmon Farmer,2824.0,https://cdn.nba.com/headshots/nba/latest/1040x760/2824.png,NBA CDN,,candidate
P001256,Desmond Bane,1630217.0,https://cdn.nba.com/headshots/nba/latest/1040x760/1630217.png,NBA CDN,,candidate
P001257,Desmond Ferguson,2724.0,https://cdn.nba.com/headshots/nba/latest/1040x760/2724.png,NBA CDN,,candidate
P001258,Desmond Mason,2046.0,https://cdn.nba.com/headshots/nba/latest/1040x760/2046.png,NBA CDN,,candidate
P001259,Desmond Penigar,2667.0,https://cdn.nba.com/headshots/nba/latest/1040x760/2667.png,NBA CDN,,candidate
P001260,Detlef Schrempf,96.0,https://cdn.nba.com/headshots/nba/latest/1040x760/96.png,NBA CDN,,candidate
P001261,Devean George,1904.0,https://cdn.nba.com/headshots/nba/latest/1040x760/1904.png,NBA CDN,,candidate
P001262,Devin Booker,1626164.0,https://cdn.nba.com/headshots/nba/latest/1040x760/1626164.png,NBA CDN,,candidate
P001263,Devin Brown,2484.0,https://cdn.nba.com/headshots/nba/latest/1040x760/2484.png,NBA CDN,,candidate
P001264,Devin Cannady,1629962.0,https://cdn.nba.com/headshots/nba/latest/1040x760/1629962.png,NBA CDN,,candidate
P001265,Devin Carter,1642269.0,https://cdn.nba.com/headshots/nba/latest/1040x760/1642269.png,NBA CDN,,candidate
P001266,Devin Durrant,76621.0,https://cdn.nba.com/headshots/nba/latest/1040x760/76621.png,NBA CDN,,candidate
P001267,Devin Ebanks,202365.0,https://cdn.nba.com/headshots/nba/latest/1040x760/202365.png,NBA CDN,,candidate
P001268,Devin Gray,1070.0,https://cdn.nba.com/headshots/nba/latest/1040x760/1070.png,NBA CDN,,candidate
P001269,Devin Green,101209.0,https://cdn.nba.com/headshots/nba/latest/1040x760/101209.png,NBA CDN,,candidate
P001270,Devin Harris,2734.0,https://cdn.nba.com/headshots/nba/latest/1040x760/2734.png,NBA CDN,,candidate
P001271,Devin Robinson,1628421.0,https://cdn.nba.com/headshots/nba/latest/1040x760/1628421.png,NBA CDN,,candidate
P001272,Devin Vassell,1630170.0,https://cdn.nba.com/headshots/nba/latest/1040x760/1630170.png,NBA CDN,,candidate
P001273,Devon Dotson,1629653.0,https://cdn.nba.com/headshots/nba/latest/1040x760/1629653.png,NBA CDN,,candidate
P001274,Devon Hall,1628985.0,https://cdn.nba.com/headshots/nba/latest/1040x760/1628985.png,NBA CDN,,candidate
P001275,Devontae Cacok,1629719.0,https://cdn.nba.com/headshots/nba/latest/1040x760/1629719.png,NBA CDN,,candidate
P001276,Devonte' Graham,1628984.0,https://cdn.nba.com/headshots/nba/latest/1040x760/1628984.png,NBA CDN,,candidate
P001277,Devyn Marble,203906.0,https://cdn.nba.com/headshots/nba/latest/1040x760/203906.png,NBA CDN,,candidate
P001278,Dewan Hernandez,1629608.0,https://cdn.nba.com/headshots/nba/latest/1040x760/1629608.png,NBA CDN,,candidate
P001279,Dewayne Dedmon,203473.0,https://cdn.nba.com/headshots/nba/latest/1040x760/203473.png,NBA CDN,,candidate
P001280,Dexter Boney,1121.0,https://cdn.nba.com/headshots/nba/latest/1040x760/1121.png,NBA CDN,,candidate
P001281,Dexter Cambridge,76337.0,https://cdn.nba.com/headshots/nba/latest/1040x760/76337.png,NBA CDN,,candidate
P001282,Dexter Dennis,1641926.0,https://cdn.nba.com/headshots/nba/latest/1040x760/1641926.png,NBA CDN,,candidate
P001283,Dexter Pittman,202354.0,https://cdn.nba.com/headshots/nba/latest/1040x760/202354.png,NBA CDN,,candidate
P001284,Dexter Shouse,78140.0,https://cdn.nba.com/headshots/nba/latest/1040x760/78140.png,NBA CDN,,candidate
P001285,Deyonta Davis,1627738.0,https://cdn.nba.com/headshots/nba/latest/1040x760/1627738.png,NBA CDN,,candidate
P001286,Diamond Stone,1627754.0,https://cdn.nba.com/headshots/nba/latest/1040x760/1627754.png,NBA CDN,,candidate
P001287,Diante Garrett,203197.0,https://cdn.nba.com/headshots/nba/latest/1040x760/203197.png,NBA CDN,,candidate
P001289,Dick Barnett,76107.0,https://cdn.nba.com/headshots/nba/latest/1040x760/76107.png,NBA CDN,,candidate
P001290,Dick Barnett*,76107.0,https://cdn.nba.com/headshots/nba/latest/1040x760/76107.png,NBA CDN,,candidate
P001291,Dick Bunt,76301.0,https://cdn.nba.com/headshots/nba/latest/1040x760/76301.png,NBA CDN,,candidate
P001292,Dick Cunningham,76485.0,https://cdn.nba.com/headshots/nba/latest/1040x760/76485.png,NBA CDN,,candidate
P001293,Dick Dickey,76565.0,https://cdn.nba.com/headshots/nba/latest/1040x760/76565.png,NBA CDN,,candidate
P001294,Dick Duckett,76605.0,https://cdn.nba.com/headshots/nba/latest/1040x760/76605.png,NBA CDN,,candidate
P001295,Dick Farley,76693.0,https://cdn.nba.com/headshots/nba/latest/1040x760/76693.png,NBA CDN,,candidate
P001296,Dick Garmaker,76783.0,https://cdn.nba.com/headshots/nba/latest/1040x760/76783.png,NBA CDN,,candidate
P001298,Dick Gibbs,76807.0,https://cdn.nba.com/headshots/nba/latest/1040x760/76807.png,NBA CDN,,candidate
P001299,Dick Groat,76894.0,https://cdn.nba.com/headshots/nba/latest/1040x760/76894.png,NBA CDN,,candidate
P001300,Dick Hemric,76989.0,https://cdn.nba.com/headshots/nba/latest/1040x760/76989.png,NBA CDN,,candidate
P001301,Dick Knostman,77292.0,https://cdn.nba.com/headshots/nba/latest/1040x760/77292.png,NBA CDN,,candidate
P001302,Dick McGuire,77537.0,https://cdn.nba.com/headshots/nba/latest/1040x760/77537.png,NBA CDN,,candidate
P001303,Dick McGuire*,77537.0,https://cdn.nba.com/headshots/nba/latest/1040x760/77537.png,NBA CDN,,candidate
P001304,Dick Mehen,77572.0,https://cdn.nba.com/headshots/nba/latest/1040x760/77572.png,NBA CDN,,candidate
P001305,Dick Miller,77602.0,https://cdn.nba.com/headshots/nba/latest/1040x760/77602.png,NBA CDN,,candidate
P001306,Dick Ricketts,77955.0,https://cdn.nba.com/headshots/nba/latest/1040x760/77955.png,NBA CDN,,candidate
P001307,Dick Rosenthal,78020.0,https://cdn.nba.com/headshots/nba/latest/1040x760/78020.png,NBA CDN,,candidate
P001308,Dick Schnittker,78086.0,https://cdn.nba.com/headshots/nba/latest/1040x760/78086.png,NBA CDN,,candidate
P001309,Dick Snyder,78213.0,https://cdn.nba.com/headshots/nba/latest/1040x760/78213.png,NBA CDN,,candidate
P001310,Dick Surhoff,78280.0,https://cdn.nba.com/headshots/nba/latest/1040x760/78280.png,NBA CDN,,candidate
P001311,Dick Van Arsdale,78398.0,https://cdn.nba.com/headshots/nba/latest/1040x760/78398.png,NBA CDN,,candidate
P001312,Dickey Simpkins,54.0,https://cdn.nba.com/headshots/nba/latest/1040x760/54.png,NBA CDN,,candidate
P001313,Didi Louzada,1629712.0,https://cdn.nba.com/headshots/nba/latest/1040x760/1629712.png,NBA CDN,,candidate
P001314,Dijon Thompson,101159.0,https://cdn.nba.com/headshots/nba/latest/1040x760/101159.png,NBA CDN,,candidate
P001316,Dikembe Mutombo,87.0,https://cdn.nba.com/headshots/nba/latest/1040x760/87.png,NBA CDN,,candidate
P001317,Dikembe Mutombo*,87.0,https://cdn.nba.com/headshots/nba/latest/1040x760/87.png,NBA CDN,,candidate
P001318,Dillard Crocker,76473.0,https://cdn.nba.com/headshots/nba/latest/1040x760/76473.png,NBA CDN,,candidate
P001319,Dillon Brooks,1628415.0,https://cdn.nba.com/headshots/nba/latest/1040x760/1628415.png,NBA CDN,,candidate
P001320,Dillon Jones,1641794.0,https://cdn.nba.com/headshots/nba/latest/1040x760/1641794.png,NBA CDN,,candidate
P001321,Dino Radja,129.0,https://cdn.nba.com/headshots/nba/latest/1040x760/129.png,NBA CDN,,candidate
P001322,Dino Radja*,129.0,https://cdn.nba.com/headshots/nba/latest/1040x760/129.png,NBA CDN,,candidate
P001323,Dion Glover,1901.0,https://cdn.nba.com/headshots/nba/latest/1040x760/1901.png,NBA CDN,,candidate
P001324,Dion Waiters,203079.0,https://cdn.nba.com/headshots/nba/latest/1040x760/203079.png,NBA CDN,,candidate
P001325,Dionte Christmas,202091.0,https://cdn.nba.com/headshots/nba/latest/1040x760/202091.png,NBA CDN,,candidate
P001326,Dirk Minniefield,77609.0,https://cdn.nba.com/headshots/nba/latest/1040x760/77609.png,NBA CDN,,candidate
P001327,Dirk Nowitzki,1717.0,https://cdn.nba.com/headshots/nba/latest/1040x760/1717.png,NBA CDN,,candidate
P001328,Dirk Nowitzki*,1717.0,https://cdn.nba.com/headshots/nba/latest/1040x760/1717.png,NBA CDN,,candidate
P001329,Dmytro Skapintsev,1631376.0,https://cdn.nba.com/headshots/nba/latest/1040x760/1631376.png,NBA CDN,,candidate
P001330,Doc Rivers,470.0,https://cdn.nba.com/headshots/nba/latest/1040x760/470.png,NBA CDN,,candidate
P001331,Dolph Schayes,78076.0,https://cdn.nba.com/headshots/nba/latest/1040x760/78076.png,NBA CDN,,candidate
P001332,Dolph Schayes*,78076.0,https://cdn.nba.com/headshots/nba/latest/1040x760/78076.png,NBA CDN,,candidate
P001333,Domantas Sabonis,1627734.0,https://cdn.nba.com/headshots/nba/latest/1040x760/1627734.png,NBA CDN,,candidate
P001334,Dominic McGuire,201187.0,https://cdn.nba.com/headshots/nba/latest/1040x760/201187.png,NBA CDN,,candidate
P001335,Dominic Pressley,77880.0,https://cdn.nba.com/headshots/nba/latest/1040x760/77880.png,NBA CDN,,candidate
P001336,Dominick Barlow,1631230.0,https://cdn.nba.com/headshots/nba/latest/1040x760/1631230.png,NBA CDN,,candidate
P001337,Dominique Jones,202346.0,https://cdn.nba.com/headshots/nba/latest/1040x760/202346.png,NBA CDN,,candidate
P001338,Dominique Wilkins,1122.0,https://cdn.nba.com/headshots/nba/latest/1040x760/1122.png,NBA CDN,,candidate
P001339,Dominique Wilkins*,1122.0,https://cdn.nba.com/headshots/nba/latest/1040x760/1122.png,NBA CDN,,candidate
P001341,Don Adams,76012.0,https://cdn.nba.com/headshots/nba/latest/1040x760/76012.png,NBA CDN,,candidate
P001342,Don Anielak,76049.0,https://cdn.nba.com/headshots/nba/latest/1040x760/76049.png,NBA CDN,,candidate
P001343,Don Asmonga,76068.0,https://cdn.nba.com/headshots/nba/latest/1040x760/76068.png,NBA CDN,,candidate
P001344,Don Barksdale,76102.0,https://cdn.nba.com/headshots/nba/latest/1040x760/76102.png,NBA CDN,,candidate
P001345,Don Barksdale*,76102.0,https://cdn.nba.com/headshots/nba/latest/1040x760/76102.png,NBA CDN,,candidate
P001346,Don Bielke,76164.0,https://cdn.nba.com/headshots/nba/latest/1040x760/76164.png,NBA CDN,,candidate
P001347,Don Boven,76214.0,https://cdn.nba.com/headshots/nba/latest/1040x760/76214.png,NBA CDN,,candidate
P001348,Don Buse,76317.0,https://cdn.nba.com/headshots/nba/latest/1040x760/76317.png,NBA CDN,,candidate
P001349,Don Chaney,76379.0,https://cdn.nba.com/headshots/nba/latest/1040x760/76379.png,NBA CDN,,candidate
P001350,Don Collins,76418.0,https://cdn.nba.com/headshots/nba/latest/1040x760/76418.png,NBA CDN,,candidate
P001351,Don Ford,76734.0,https://cdn.nba.com/headshots/nba/latest/1040x760/76734.png,NBA CDN,,candidate
P001352,Don Hanrahan,76938.0,https://cdn.nba.com/headshots/nba/latest/1040x760/76938.png,NBA CDN,,candidate
P001353,Don Henriksen,76999.0,https://cdn.nba.com/headshots/nba/latest/1040x760/76999.png,NBA CDN,,candidate
P001354,Don Kojis,77295.0,https://cdn.nba.com/headshots/nba/latest/1040x760/77295.png,NBA CDN,,candidate
P001355,Don Lofgran,77402.0,https://cdn.nba.com/headshots/nba/latest/1040x760/77402.png,NBA CDN,,candidate
P001356,Don MacLean,931.0,https://cdn.nba.com/headshots/nba/latest/1040x760/931.png,NBA CDN,,candidate
P001357,Don May,77489.0,https://cdn.nba.com/headshots/nba/latest/1040x760/77489.png,NBA CDN,,candidate
P001358,Don Nelson,77700.0,https://cdn.nba.com/headshots/nba/latest/1040x760/77700.png,NBA CDN,,candidate
P001359,Don Nelson*,77700.0,https://cdn.nba.com/headshots/nba/latest/1040x760/77700.png,NBA CDN,,candidate
P001360,Don Ohl,77751.0,https://cdn.nba.com/headshots/nba/latest/1040x760/77751.png,NBA CDN,,candidate
P001361,Don Otten,77778.0,https://cdn.nba.com/headshots/nba/latest/1040x760/77778.png,NBA CDN,,candidate
P001362,Don Rehfeldt,77933.0,https://cdn.nba.com/headshots/nba/latest/1040x760/77933.png,NBA CDN,,candidate
P001363,Don Reid,690.0,https://cdn.nba.com/headshots/nba/latest/1040x760/690.png,NBA CDN,,candidate
P001364,Don Savage,78066.0,https://cdn.nba.com/headshots/nba/latest/1040x760/78066.png,NBA CDN,,candidate
P001365,Don Smith,78184.0,https://cdn.nba.com/headshots/nba/latest/1040x760/78184.png,NBA CDN,,candidate
P001366,Don Sunderlage,78278.0,https://cdn.nba.com/headshots/nba/latest/1040x760/78278.png,NBA CDN,,candidate
P001367,Donald Hodge,1106.0,https://cdn.nba.com/headshots/nba/latest/1040x760/1106.png,NBA CDN,,candidate
P001368,Donald Royal,140.0,https://cdn.nba.com/headshots/nba/latest/1040x760/140.png,NBA CDN,,candidate
P001369,Donald Sloan,202388.0,https://cdn.nba.com/headshots/nba/latest/1040x760/202388.png,NBA CDN,,candidate
P001370,Donald Whiteside,1126.0,https://cdn.nba.com/headshots/nba/latest/1040x760/1126.png,NBA CDN,,candidate
P001371,Donatas Motiejūnas,202700.0,https://cdn.nba.com/headshots/nba/latest/1040x760/202700.png,NBA CDN,,candidate
P001372,Donell Taylor,101182.0,https://cdn.nba.com/headshots/nba/latest/1040x760/101182.png,NBA CDN,,candidate
P001373,Donnell Harvey,2051.0,https://cdn.nba.com/headshots/nba/latest/1040x760/2051.png,NBA CDN,,candidate
P001374,Donnie Boyce,671.0,https://cdn.nba.com/headshots/nba/latest/1040x760/671.png,NBA CDN,,candidate
P001375,Donnie Butcher,76318.0,https://cdn.nba.com/headshots/nba/latest/1040x760/76318.png,NBA CDN,,candidate
P001376,Donnie Freeman,76754.0,https://cdn.nba.com/headshots/nba/latest/1040x760/76754.png,NBA CDN,,candidate
P001377,Donny Marshall,681.0,https://cdn.nba.com/headshots/nba/latest/1040x760/681.png,NBA CDN,,candidate
P001378,Donovan Clingan,1642270.0,https://cdn.nba.com/headshots/nba/latest/1040x760/1642270.png,NBA CDN,,candidate
P001379,Donovan Mitchell,1628378.0,https://cdn.nba.com/headshots/nba/latest/1040x760/1628378.png,NBA CDN,,candidate
P001380,Donovan Williams,1631495.0,https://cdn.nba.com/headshots/nba/latest/1040x760/1631495.png,NBA CDN,,candidate
P001381,Donta Hall,1629743.0,https://cdn.nba.com/headshots/nba/latest/1040x760/1629743.png,NBA CDN,,candidate
P001382,Donta Smith,2764.0,https://cdn.nba.com/headshots/nba/latest/1040x760/2764.png,NBA CDN,,candidate
P001383,Dontae' Jones,963.0,https://cdn.nba.com/headshots/nba/latest/1040x760/963.png,NBA CDN,,candidate
P001384,Donte DiVincenzo,1628978.0,https://cdn.nba.com/headshots/nba/latest/1040x760/1628978.png,NBA CDN,,candidate
P001385,Donte Grantham,1629055.0,https://cdn.nba.com/headshots/nba/latest/1040x760/1629055.png,NBA CDN,,candidate
P001386,Dontell Jefferson,200971.0,https://cdn.nba.com/headshots/nba/latest/1040x760/200971.png,NBA CDN,,candidate
P001387,Dontonio Wingfield,112.0,https://cdn.nba.com/headshots/nba/latest/1040x760/112.png,NBA CDN,,candidate
P001388,Donté Greene,201590.0,https://cdn.nba.com/headshots/nba/latest/1040x760/201590.png,NBA CDN,,candidate
P001389,Donyell Marshall,923.0,https://cdn.nba.com/headshots/nba/latest/1040x760/923.png,NBA CDN,,candidate
P001390,Dorell Wright,2748.0,https://cdn.nba.com/headshots/nba/latest/1040x760/2748.png,NBA CDN,,candidate
P001391,Dorian Finney-Smith,1627827.0,https://cdn.nba.com/headshots/nba/latest/1040x760/1627827.png,NBA CDN,,candidate
P001392,Dorie Murrey,77676.0,https://cdn.nba.com/headshots/nba/latest/1040x760/77676.png,NBA CDN,,candidate
P001393,Doron Lamb,203117.0,https://cdn.nba.com/headshots/nba/latest/1040x760/203117.png,NBA CDN,,candidate
P001394,Doug Bolstorff,76197.0,https://cdn.nba.com/headshots/nba/latest/1040x760/76197.png,NBA CDN,,candidate
P001395,Doug Christie,57.0,https://cdn.nba.com/headshots/nba/latest/1040x760/57.png,NBA CDN,,candidate
P001396,Doug Collins,76421.0,https://cdn.nba.com/headshots/nba/latest/1040x760/76421.png,NBA CDN,,candidate
P001397,Doug Collins*,76421.0,https://cdn.nba.com/headshots/nba/latest/1040x760/76421.png,NBA CDN,,candidate
P001398,Doug Edwards,346.0,https://cdn.nba.com/headshots/nba/latest/1040x760/346.png,NBA CDN,,candidate
P001399,Doug Kistler,77279.0,https://cdn.nba.com/headshots/nba/latest/1040x760/77279.png,NBA CDN,,candidate
P001400,Doug Lee,77358.0,https://cdn.nba.com/headshots/nba/latest/1040x760/77358.png,NBA CDN,,candidate
P001401,Doug McDermott,203926.0,https://cdn.nba.com/headshots/nba/latest/1040x760/203926.png,NBA CDN,,candidate
P001402,Doug Overton,77.0,https://cdn.nba.com/headshots/nba/latest/1040x760/77.png,NBA CDN,,candidate
P001403,Doug Roth,78021.0,https://cdn.nba.com/headshots/nba/latest/1040x760/78021.png,NBA CDN,,candidate
P001404,Doug Sims,78159.0,https://cdn.nba.com/headshots/nba/latest/1040x760/78159.png,NBA CDN,,candidate
P001405,Doug Smith,475.0,https://cdn.nba.com/headshots/nba/latest/1040x760/475.png,NBA CDN,,candidate
P001406,Doug West,28.0,https://cdn.nba.com/headshots/nba/latest/1040x760/28.png,NBA CDN,,candidate
P001407,Dragan Bender,1627733.0,https://cdn.nba.com/headshots/nba/latest/1040x760/1627733.png,NBA CDN,,candidate
P001408,Dragan Tarlać,1434.0,https://cdn.nba.com/headshots/nba/latest/1040x760/1434.png,NBA CDN,,candidate
P001409,Drake Powell,1642962.0,https://cdn.nba.com/headshots/nba/latest/1040x760/1642962.png,NBA CDN,,candidate
P001410,Draymond Green,203110.0,https://cdn.nba.com/headshots/nba/latest/1040x760/203110.png,NBA CDN,,candidate
P001411,Dražen Petrović,77845.0,https://cdn.nba.com/headshots/nba/latest/1040x760/77845.png,NBA CDN,,candidate
P001412,Dražen Petrović*,77845.0,https://cdn.nba.com/headshots/nba/latest/1040x760/77845.png,NBA CDN,,candidate
P001413,Drew Barry,1003.0,https://cdn.nba.com/headshots/nba/latest/1040x760/1003.png,NBA CDN,,candidate
P001414,Drew Eubanks,1629234.0,https://cdn.nba.com/headshots/nba/latest/1040x760/1629234.png,NBA CDN,,candidate
P001415,Drew Gooden,2400.0,https://cdn.nba.com/headshots/nba/latest/1040x760/2400.png,NBA CDN,,candidate
P001416,Drew Gordon,204079.0,https://cdn.nba.com/headshots/nba/latest/1040x760/204079.png,NBA CDN,,candidate
P001417,Drew Peterson,1641809.0,https://cdn.nba.com/headshots/nba/latest/1040x760/1641809.png,NBA CDN,,candidate
P001418,Drew Timme,1631166.0,https://cdn.nba.com/headshots/nba/latest/1040x760/1631166.png,NBA CDN,,candidate
P001419,Dru Smith,1630696.0,https://cdn.nba.com/headshots/nba/latest/1040x760/1630696.png,NBA CDN,,candidate
P001420,Duane Causwell,190.0,https://cdn.nba.com/headshots/nba/latest/1040x760/190.png,NBA CDN,,candidate
P001421,Duane Cooper,1030.0,https://cdn.nba.com/headshots/nba/latest/1040x760/1030.png,NBA CDN,,candidate
P001422,Duane Ferrell,273.0,https://cdn.nba.com/headshots/nba/latest/1040x760/273.png,NBA CDN,,candidate
P001423,Duane Washington,78464.0,https://cdn.nba.com/headshots/nba/latest/1040x760/78464.png,NBA CDN,,candidate
P001424,Duane Washington Jr.,1630613.0,https://cdn.nba.com/headshots/nba/latest/1040x760/1630613.png,NBA CDN,,candidate
P001426,Dudley Bradley,76231.0,https://cdn.nba.com/headshots/nba/latest/1040x760/76231.png,NBA CDN,,candidate
P001427,Duje Dukan,1626251.0,https://cdn.nba.com/headshots/nba/latest/1040x760/1626251.png,NBA CDN,,candidate
P001428,Duncan Robinson,1629130.0,https://cdn.nba.com/headshots/nba/latest/1040x760/1629130.png,NBA CDN,,candidate
P001429,Duop Reath,1641871.0,https://cdn.nba.com/headshots/nba/latest/1040x760/1641871.png,NBA CDN,,candidate
P001430,Dusty Hannahs,1628605.0,https://cdn.nba.com/headshots/nba/latest/1040x760/1628605.png,NBA CDN,,candidate
P001431,Dwayne Bacon,1628407.0,https://cdn.nba.com/headshots/nba/latest/1040x760/1628407.png,NBA CDN,,candidate
P001432,Dwayne Jones,101204.0,https://cdn.nba.com/headshots/nba/latest/1040x760/101204.png,NBA CDN,,candidate
P001433,Dwayne McClain,77509.0,https://cdn.nba.com/headshots/nba/latest/1040x760/77509.png,NBA CDN,,candidate
P001434,Dwayne Morton,132.0,https://cdn.nba.com/headshots/nba/latest/1040x760/132.png,NBA CDN,,candidate
P001435,Dwayne Polee,77866.0,https://cdn.nba.com/headshots/nba/latest/1040x760/77866.png,NBA CDN,,candidate
P001436,Dwayne Schintzius,368.0,https://cdn.nba.com/headshots/nba/latest/1040x760/368.png,NBA CDN,,candidate
P001437,Dwayne Whitfield,730.0,https://cdn.nba.com/headshots/nba/latest/1040x760/730.png,NBA CDN,,candidate
P001438,Dwight Anderson,76037.0,https://cdn.nba.com/headshots/nba/latest/1040x760/76037.png,NBA CDN,,candidate
P001439,Dwight Buycks,202779.0,https://cdn.nba.com/headshots/nba/latest/1040x760/202779.png,NBA CDN,,candidate
P001441,Dwight Howard,2730.0,https://cdn.nba.com/headshots/nba/latest/1040x760/2730.png,NBA CDN,,candidate
P001442,Dwight Howard*,2730.0,https://cdn.nba.com/headshots/nba/latest/1040x760/2730.png,NBA CDN,,candidate
P001443,Dwight Jones,77182.0,https://cdn.nba.com/headshots/nba/latest/1040x760/77182.png,NBA CDN,,candidate
P001444,Dwight Powell,203939.0,https://cdn.nba.com/headshots/nba/latest/1040x760/203939.png,NBA CDN,,candidate
P001445,Dwight Waller,78444.0,https://cdn.nba.com/headshots/nba/latest/1040x760/78444.png,NBA CDN,,candidate
P001446,Dwyane Wade,2548.0,https://cdn.nba.com/headshots/nba/latest/1040x760/2548.png,NBA CDN,,candidate
P001447,Dwyane Wade*,2548.0,https://cdn.nba.com/headshots/nba/latest/1040x760/2548.png,NBA CDN,,candidate
P001448,Dylan Cardwell,1642928.0,https://cdn.nba.com/headshots/nba/latest/1040x760/1642928.png,NBA CDN,,candidate
P001449,Dylan Harper,1642844.0,https://cdn.nba.com/headshots/nba/latest/1040x760/1642844.png,NBA CDN,,candidate
P001450,Dylan Windler,1629685.0,https://cdn.nba.com/headshots/nba/latest/1040x760/1629685.png,NBA CDN,,candidate
P001451,Dyron Nix,77720.0,https://cdn.nba.com/headshots/nba/latest/1040x760/77720.png,NBA CDN,,candidate
P001452,Dyson Daniels,1630700.0,https://cdn.nba.com/headshots/nba/latest/1040x760/1630700.png,NBA CDN,,candidate
P001453,Dāvis Bertāns,202722.0,https://cdn.nba.com/headshots/nba/latest/1040x760/202722.png,NBA CDN,,candidate
P001454,Džanan Musa,1629058.0,https://cdn.nba.com/headshots/nba/latest/1040x760/1629058.png,NBA CDN,,candidate
P001455,E'Twaun Moore,202734.0,https://cdn.nba.com/headshots/nba/latest/1040x760/202734.png,NBA CDN,,candidate
P001456,E.C. Coleman,76413.0,https://cdn.nba.com/headshots/nba/latest/1040x760/76413.png,NBA CDN,,candidate
P001457,E.J. Liddell,1630604.0,https://cdn.nba.com/headshots/nba/latest/1040x760/1630604.png,NBA CDN,,candidate
P001458,Earl Barron,2853.0,https://cdn.nba.com/headshots/nba/latest/1040x760/2853.png,NBA CDN,,candidate
P001459,Earl Boykins,1863.0,https://cdn.nba.com/headshots/nba/latest/1040x760/1863.png,NBA CDN,,candidate
P001460,Earl Clark,201947.0,https://cdn.nba.com/headshots/nba/latest/1040x760/201947.png,NBA CDN,,candidate
P001461,Earl Cureton,940.0,https://cdn.nba.com/headshots/nba/latest/1040x760/940.png,NBA CDN,,candidate
P001462,Earl Evans,76685.0,https://cdn.nba.com/headshots/nba/latest/1040x760/76685.png,NBA CDN,,candidate
P001463,Earl Jones,77183.0,https://cdn.nba.com/headshots/nba/latest/1040x760/77183.png,NBA CDN,,candidate
P001464,Earl Lloyd,77394.0,https://cdn.nba.com/headshots/nba/latest/1040x760/77394.png,NBA CDN,,candidate
P001465,Earl Lloyd*,77394.0,https://cdn.nba.com/headshots/nba/latest/1040x760/77394.png,NBA CDN,,candidate
P001466,Earl Monroe,600006.0,https://cdn.nba.com/headshots/nba/latest/1040x760/600006.png,NBA CDN,,candidate
P001467,Earl Monroe*,600006.0,https://cdn.nba.com/headshots/nba/latest/1040x760/600006.png,NBA CDN,,candidate
P001468,Earl Tatum,78294.0,https://cdn.nba.com/headshots/nba/latest/1040x760/78294.png,NBA CDN,,candidate
P001469,Earl Watson,2248.0,https://cdn.nba.com/headshots/nba/latest/1040x760/2248.png,NBA CDN,,candidate
P001470,Earl Williams,78546.0,https://cdn.nba.com/headshots/nba/latest/1040x760/78546.png,NBA CDN,,candidate
P001472,Ed Biedenbach,76163.0,https://cdn.nba.com/headshots/nba/latest/1040x760/76163.png,NBA CDN,,candidate
P001473,Ed Burton,76314.0,https://cdn.nba.com/headshots/nba/latest/1040x760/76314.png,NBA CDN,,candidate
P001474,Ed Conlin,76429.0,https://cdn.nba.com/headshots/nba/latest/1040x760/76429.png,NBA CDN,,candidate
P001475,Ed Dahler,76496.0,https://cdn.nba.com/headshots/nba/latest/1040x760/76496.png,NBA CDN,,candidate
P001476,Ed Davis,202334.0,https://cdn.nba.com/headshots/nba/latest/1040x760/202334.png,NBA CDN,,candidate
P001477,Ed Earle,76630.0,https://cdn.nba.com/headshots/nba/latest/1040x760/76630.png,NBA CDN,,candidate
P001478,Ed Fleming,76723.0,https://cdn.nba.com/headshots/nba/latest/1040x760/76723.png,NBA CDN,,candidate
P001479,Ed Gray,1516.0,https://cdn.nba.com/headshots/nba/latest/1040x760/1516.png,NBA CDN,,candidate
P001480,Ed Horton,77060.0,https://cdn.nba.com/headshots/nba/latest/1040x760/77060.png,NBA CDN,,candidate
P001481,Ed Kalafat,77219.0,https://cdn.nba.com/headshots/nba/latest/1040x760/77219.png,NBA CDN,,candidate
P001482,Ed Macauley,77429.0,https://cdn.nba.com/headshots/nba/latest/1040x760/77429.png,NBA CDN,,candidate
P001483,Ed Macauley*,77429.0,https://cdn.nba.com/headshots/nba/latest/1040x760/77429.png,NBA CDN,,candidate
P001484,Ed Manning,77454.0,https://cdn.nba.com/headshots/nba/latest/1040x760/77454.png,NBA CDN,,candidate
P001485,Ed Mikan,77590.0,https://cdn.nba.com/headshots/nba/latest/1040x760/77590.png,NBA CDN,,candidate
P001486,Ed Nealy,77697.0,https://cdn.nba.com/headshots/nba/latest/1040x760/77697.png,NBA CDN,,candidate
P001487,Ed O'Bannon,709.0,https://cdn.nba.com/headshots/nba/latest/1040x760/709.png,NBA CDN,,candidate
P001488,Ed Pinckney,291.0,https://cdn.nba.com/headshots/nba/latest/1040x760/291.png,NBA CDN,,candidate
P001489,Ed Rains,77904.0,https://cdn.nba.com/headshots/nba/latest/1040x760/77904.png,NBA CDN,,candidate
P001490,Ed Ratleff,77914.0,https://cdn.nba.com/headshots/nba/latest/1040x760/77914.png,NBA CDN,,candidate
P001491,Ed Searcy,78105.0,https://cdn.nba.com/headshots/nba/latest/1040x760/78105.png,NBA CDN,,candidate
P001493,Ed Smith,78187.0,https://cdn.nba.com/headshots/nba/latest/1040x760/78187.png,NBA CDN,,candidate
P001494,Ed Stokes,1055.0,https://cdn.nba.com/headshots/nba/latest/1040x760/1055.png,NBA CDN,,candidate
P001495,Eddie Basden,101188.0,https://cdn.nba.com/headshots/nba/latest/1040x760/101188.png,NBA CDN,,candidate
P001496,Eddie Gill,2109.0,https://cdn.nba.com/headshots/nba/latest/1040x760/2109.png,NBA CDN,,candidate
P001497,Eddie Griffin,2204.0,https://cdn.nba.com/headshots/nba/latest/1040x760/2204.png,NBA CDN,,candidate
P001498,Eddie House,2067.0,https://cdn.nba.com/headshots/nba/latest/1040x760/2067.png,NBA CDN,,candidate
P001499,Eddie Hughes,77077.0,https://cdn.nba.com/headshots/nba/latest/1040x760/77077.png,NBA CDN,,candidate
P001501,Eddie Jones,224.0,https://cdn.nba.com/headshots/nba/latest/1040x760/224.png,NBA CDN,,candidate
P001502,Eddie Jordan,77205.0,https://cdn.nba.com/headshots/nba/latest/1040x760/77205.png,NBA CDN,,candidate
P001504,Eddie Mast,77483.0,https://cdn.nba.com/headshots/nba/latest/1040x760/77483.png,NBA CDN,,candidate
P001505,Eddie Miles,77596.0,https://cdn.nba.com/headshots/nba/latest/1040x760/77596.png,NBA CDN,,candidate
P001506,Eddie Miller,77599.0,https://cdn.nba.com/headshots/nba/latest/1040x760/77599.png,NBA CDN,,candidate
P001507,Eddie Owens,77782.0,https://cdn.nba.com/headshots/nba/latest/1040x760/77782.png,NBA CDN,,candidate
P001508,Eddie Phillips,77854.0,https://cdn.nba.com/headshots/nba/latest/1040x760/77854.png,NBA CDN,,candidate
P001509,Eddie Robinson,1944.0,https://cdn.nba.com/headshots/nba/latest/1040x760/1944.png,NBA CDN,,candidate
P001510,Eddy Curry,2201.0,https://cdn.nba.com/headshots/nba/latest/1040x760/2201.png,NBA CDN,,candidate
P001511,Edgar Jones,77184.0,https://cdn.nba.com/headshots/nba/latest/1040x760/77184.png,NBA CDN,,candidate
P001512,Edmond Sumner,1628410.0,https://cdn.nba.com/headshots/nba/latest/1040x760/1628410.png,NBA CDN,,candidate
P001514,Eduardo Nájera,2059.0,https://cdn.nba.com/headshots/nba/latest/1040x760/2059.png,NBA CDN,,candidate
P001515,Edwin Ubiles,202775.0,https://cdn.nba.com/headshots/nba/latest/1040x760/202775.png,NBA CDN,,candidate
P001516,Edy Tavares,204002.0,https://cdn.nba.com/headshots/nba/latest/1040x760/204002.png,NBA CDN,,candidate
P001517,Efthimios Rentzias,981.0,https://cdn.nba.com/headshots/nba/latest/1040x760/981.png,NBA CDN,,candidate
P001519,Ekpe Udoh,202327.0,https://cdn.nba.com/headshots/nba/latest/1040x760/202327.png,NBA CDN,,candidate
P001520,Elden Campbell,922.0,https://cdn.nba.com/headshots/nba/latest/1040x760/922.png,NBA CDN,,candidate
P001521,Eldridge Recasner,695.0,https://cdn.nba.com/headshots/nba/latest/1040x760/695.png,NBA CDN,,candidate
P001522,Elfrid Payton,203901.0,https://cdn.nba.com/headshots/nba/latest/1040x760/203901.png,NBA CDN,,candidate
P001523,Elgin Baylor,76127.0,https://cdn.nba.com/headshots/nba/latest/1040x760/76127.png,NBA CDN,,candidate
P001524,Elgin Baylor*,76127.0,https://cdn.nba.com/headshots/nba/latest/1040x760/76127.png,NBA CDN,,candidate
P001525,Elias Harris,203548.0,https://cdn.nba.com/headshots/nba/latest/1040x760/203548.png,NBA CDN,,candidate
P001526,Elie Okobo,1629059.0,https://cdn.nba.com/headshots/nba/latest/1040x760/1629059.png,NBA CDN,,candidate
P001527,Elijah Bryant,1629091.0,https://cdn.nba.com/headshots/nba/latest/1040x760/1629091.png,NBA CDN,,candidate
P001528,Elijah Harkless,1641989.0,https://cdn.nba.com/headshots/nba/latest/1040x760/1641989.png,NBA CDN,,candidate
P001529,Elijah Hughes,1630190.0,https://cdn.nba.com/headshots/nba/latest/1040x760/1630190.png,NBA CDN,,candidate
P001530,Elijah Millsap,202407.0,https://cdn.nba.com/headshots/nba/latest/1040x760/202407.png,NBA CDN,,candidate
P001531,Elliot Perry,386.0,https://cdn.nba.com/headshots/nba/latest/1040x760/386.png,NBA CDN,,candidate
P001532,Elliot Williams,202343.0,https://cdn.nba.com/headshots/nba/latest/1040x760/202343.png,NBA CDN,,candidate
P001533,Elmer Behnke,76141.0,https://cdn.nba.com/headshots/nba/latest/1040x760/76141.png,NBA CDN,,candidate
P001534,Elmer Bennett,1120.0,https://cdn.nba.com/headshots/nba/latest/1040x760/1120.png,NBA CDN,,candidate
P001535,Elmore Smith,78188.0,https://cdn.nba.com/headshots/nba/latest/1040x760/78188.png,NBA CDN,,candidate
P001536,Elmore Spencer,771.0,https://cdn.nba.com/headshots/nba/latest/1040x760/771.png,NBA CDN,,candidate
P001537,Elston Turner,78378.0,https://cdn.nba.com/headshots/nba/latest/1040x760/78378.png,NBA CDN,,candidate
P001538,Elton Brand,1882.0,https://cdn.nba.com/headshots/nba/latest/1040x760/1882.png,NBA CDN,,candidate
P001539,Elvin Hayes,76979.0,https://cdn.nba.com/headshots/nba/latest/1040x760/76979.png,NBA CDN,,candidate
P001540,Elvin Hayes*,76979.0,https://cdn.nba.com/headshots/nba/latest/1040x760/76979.png,NBA CDN,,candidate
P001542,Emanual Davis,1023.0,https://cdn.nba.com/headshots/nba/latest/1040x760/1023.png,NBA CDN,,candidate
P001543,Emanuel Miller,1641801.0,https://cdn.nba.com/headshots/nba/latest/1040x760/1641801.png,NBA CDN,,candidate
P001544,Emanuel Terry,1629150.0,https://cdn.nba.com/headshots/nba/latest/1040x760/1629150.png,NBA CDN,,candidate
P001545,Emeka Okafor,2731.0,https://cdn.nba.com/headshots/nba/latest/1040x760/2731.png,NBA CDN,,candidate
P001546,Emmanuel Mudiay,1626144.0,https://cdn.nba.com/headshots/nba/latest/1040x760/1626144.png,NBA CDN,,candidate
P001547,Emoni Bates,1641734.0,https://cdn.nba.com/headshots/nba/latest/1040x760/1641734.png,NBA CDN,,candidate
P001548,Enes Freedom,202683.0,https://cdn.nba.com/headshots/nba/latest/1040x760/202683.png,NBA CDN,,candidate
P001549,Ennis Whatley,941.0,https://cdn.nba.com/headshots/nba/latest/1040x760/941.png,NBA CDN,,candidate
P001550,Enrique Freeman,1642402.0,https://cdn.nba.com/headshots/nba/latest/1040x760/1642402.png,NBA CDN,,candidate
P001551,Eric Anderson,944.0,https://cdn.nba.com/headshots/nba/latest/1040x760/944.png,NBA CDN,,candidate
P001552,Eric Bledsoe,202339.0,https://cdn.nba.com/headshots/nba/latest/1040x760/202339.png,NBA CDN,,candidate
P001553,Eric Dawson,201286.0,https://cdn.nba.com/headshots/nba/latest/1040x760/201286.png,NBA CDN,,candidate
P001554,Eric Fernsten,76707.0,https://cdn.nba.com/headshots/nba/latest/1040x760/76707.png,NBA CDN,,candidate
P001555,Eric Gordon,201569.0,https://cdn.nba.com/headshots/nba/latest/1040x760/201569.png,NBA CDN,,candidate
P001556,Eric Johnson,77145.0,https://cdn.nba.com/headshots/nba/latest/1040x760/77145.png,NBA CDN,,candidate
P001557,Eric Leckner,287.0,https://cdn.nba.com/headshots/nba/latest/1040x760/287.png,NBA CDN,,candidate
P001558,Eric Maynor,201953.0,https://cdn.nba.com/headshots/nba/latest/1040x760/201953.png,NBA CDN,,candidate
P001559,Eric McWilliams,77567.0,https://cdn.nba.com/headshots/nba/latest/1040x760/77567.png,NBA CDN,,candidate
P001560,Eric Mika,1628450.0,https://cdn.nba.com/headshots/nba/latest/1040x760/1628450.png,NBA CDN,,candidate
P001561,Eric Mobley,211.0,https://cdn.nba.com/headshots/nba/latest/1040x760/211.png,NBA CDN,,candidate
P001562,Eric Money,77627.0,https://cdn.nba.com/headshots/nba/latest/1040x760/77627.png,NBA CDN,,candidate
P001563,Eric Montross,376.0,https://cdn.nba.com/headshots/nba/latest/1040x760/376.png,NBA CDN,,candidate
P001564,Eric Moreland,203961.0,https://cdn.nba.com/headshots/nba/latest/1040x760/203961.png,NBA CDN,,candidate
P001565,Eric Murdock,785.0,https://cdn.nba.com/headshots/nba/latest/1040x760/785.png,NBA CDN,,candidate
P001566,Eric Paschall,1629672.0,https://cdn.nba.com/headshots/nba/latest/1040x760/1629672.png,NBA CDN,,candidate
P001567,Eric Piatkowski,15.0,https://cdn.nba.com/headshots/nba/latest/1040x760/15.png,NBA CDN,,candidate
P001568,Eric Riley,35.0,https://cdn.nba.com/headshots/nba/latest/1040x760/35.png,NBA CDN,,candidate
P001569,Eric Snow,727.0,https://cdn.nba.com/headshots/nba/latest/1040x760/727.png,NBA CDN,,candidate
P001570,Eric Washington,1540.0,https://cdn.nba.com/headshots/nba/latest/1040x760/1540.png,NBA CDN,,candidate
P001571,Eric White,78507.0,https://cdn.nba.com/headshots/nba/latest/1040x760/78507.png,NBA CDN,,candidate
P001572,Eric Williams,677.0,https://cdn.nba.com/headshots/nba/latest/1040x760/677.png,NBA CDN,,candidate
P001573,Erick Barkley,2057.0,https://cdn.nba.com/headshots/nba/latest/1040x760/2057.png,NBA CDN,,candidate
P001574,Erick Dampier,956.0,https://cdn.nba.com/headshots/nba/latest/1040x760/956.png,NBA CDN,,candidate
P001575,Erick Green,203475.0,https://cdn.nba.com/headshots/nba/latest/1040x760/203475.png,NBA CDN,,candidate
P001576,Erick Strickland,1065.0,https://cdn.nba.com/headshots/nba/latest/1040x760/1065.png,NBA CDN,,candidate
P001577,Erik Daniels,2845.0,https://cdn.nba.com/headshots/nba/latest/1040x760/2845.png,NBA CDN,,candidate
P001578,Erik McCree,1628571.0,https://cdn.nba.com/headshots/nba/latest/1040x760/1628571.png,NBA CDN,,candidate
P001579,Erik Murphy,203513.0,https://cdn.nba.com/headshots/nba/latest/1040x760/203513.png,NBA CDN,,candidate
P001580,Ernest Brown,2081.0,https://cdn.nba.com/headshots/nba/latest/1040x760/2081.png,NBA CDN,,candidate
P001581,Ernie Barrett,76114.0,https://cdn.nba.com/headshots/nba/latest/1040x760/76114.png,NBA CDN,,candidate
P001582,Ernie Beck,76136.0,https://cdn.nba.com/headshots/nba/latest/1040x760/76136.png,NBA CDN,,candidate
P001583,Ernie DiGregorio,76568.0,https://cdn.nba.com/headshots/nba/latest/1040x760/76568.png,NBA CDN,,candidate
P001584,Ernie Grunfeld,76899.0,https://cdn.nba.com/headshots/nba/latest/1040x760/76899.png,NBA CDN,,candidate
P001585,Ernie Vandeweghe,78405.0,https://cdn.nba.com/headshots/nba/latest/1040x760/78405.png,NBA CDN,,candidate
P001586,Ersan İlyasova,101141.0,https://cdn.nba.com/headshots/nba/latest/1040x760/101141.png,NBA CDN,,candidate
P001587,Ervin Johnson,911.0,https://cdn.nba.com/headshots/nba/latest/1040x760/911.png,NBA CDN,,candidate
P001588,Erwin Mueller,77658.0,https://cdn.nba.com/headshots/nba/latest/1040x760/77658.png,NBA CDN,,candidate
P001589,Essie Hollis,77044.0,https://cdn.nba.com/headshots/nba/latest/1040x760/77044.png,NBA CDN,,candidate
P001590,Esteban Batista,101212.0,https://cdn.nba.com/headshots/nba/latest/1040x760/101212.png,NBA CDN,,candidate
P001591,Etan Thomas,2041.0,https://cdn.nba.com/headshots/nba/latest/1040x760/2041.png,NBA CDN,,candidate
P001592,Etdrick Bohannon,1564.0,https://cdn.nba.com/headshots/nba/latest/1040x760/1564.png,NBA CDN,,candidate
P001593,Ethan Thompson,1630679.0,https://cdn.nba.com/headshots/nba/latest/1040x760/1630679.png,NBA CDN,,candidate
P001595,Eugene Omoruyi,1630647.0,https://cdn.nba.com/headshots/nba/latest/1040x760/1630647.png,NBA CDN,,candidate
P001596,Evan Eschmeyer,1915.0,https://cdn.nba.com/headshots/nba/latest/1040x760/1915.png,NBA CDN,,candidate
P001597,Evan Fournier,203095.0,https://cdn.nba.com/headshots/nba/latest/1040x760/203095.png,NBA CDN,,candidate
P001598,Evan Mobley,1630596.0,https://cdn.nba.com/headshots/nba/latest/1040x760/1630596.png,NBA CDN,,candidate
P001599,Evan Turner,202323.0,https://cdn.nba.com/headshots/nba/latest/1040x760/202323.png,NBA CDN,,candidate
P001600,Everette Stephens,78247.0,https://cdn.nba.com/headshots/nba/latest/1040x760/78247.png,NBA CDN,,candidate
P001601,Evers Burns,76308.0,https://cdn.nba.com/headshots/nba/latest/1040x760/76308.png,NBA CDN,,candidate
P001602,Evric Gray,1026.0,https://cdn.nba.com/headshots/nba/latest/1040x760/1026.png,NBA CDN,,candidate
P001603,Fab Melo,203097.0,https://cdn.nba.com/headshots/nba/latest/1040x760/203097.png,NBA CDN,,candidate
P001604,Fabricio Oberto,101177.0,https://cdn.nba.com/headshots/nba/latest/1040x760/101177.png,NBA CDN,,candidate
P001605,Facundo Campazzo,1630267.0,https://cdn.nba.com/headshots/nba/latest/1040x760/1630267.png,NBA CDN,,candidate
P001608,Felipe López,1732.0,https://cdn.nba.com/headshots/nba/latest/1040x760/1732.png,NBA CDN,,candidate
P001609,Felton Spencer,280.0,https://cdn.nba.com/headshots/nba/latest/1040x760/280.png,NBA CDN,,candidate
P001610,Fennis Dembo,76552.0,https://cdn.nba.com/headshots/nba/latest/1040x760/76552.png,NBA CDN,,candidate
P001611,Fernando Martín,77472.0,https://cdn.nba.com/headshots/nba/latest/1040x760/77472.png,NBA CDN,,candidate
P001612,Feron Hunt,1630624.0,https://cdn.nba.com/headshots/nba/latest/1040x760/1630624.png,NBA CDN,,candidate
P001613,Festus Ezeli,203105.0,https://cdn.nba.com/headshots/nba/latest/1040x760/203105.png,NBA CDN,,candidate
P001614,Filip Petrušev,1630196.0,https://cdn.nba.com/headshots/nba/latest/1040x760/1630196.png,NBA CDN,,candidate
P001615,Flynn Robinson,77988.0,https://cdn.nba.com/headshots/nba/latest/1040x760/77988.png,NBA CDN,,candidate
P001616,Foots Walker,78436.0,https://cdn.nba.com/headshots/nba/latest/1040x760/78436.png,NBA CDN,,candidate
P001617,Forest Able,76006.0,https://cdn.nba.com/headshots/nba/latest/1040x760/76006.png,NBA CDN,,candidate
P001618,Forrest McKenzie,77542.0,https://cdn.nba.com/headshots/nba/latest/1040x760/77542.png,NBA CDN,,candidate
P001619,Francisco Elson,1922.0,https://cdn.nba.com/headshots/nba/latest/1040x760/1922.png,NBA CDN,,candidate
P001620,Francisco García,101128.0,https://cdn.nba.com/headshots/nba/latest/1040x760/101128.png,NBA CDN,,candidate
P001621,Frank Brickowski,783.0,https://cdn.nba.com/headshots/nba/latest/1040x760/783.png,NBA CDN,,candidate
P001622,Frank Jackson,1628402.0,https://cdn.nba.com/headshots/nba/latest/1040x760/1628402.png,NBA CDN,,candidate
P001623,Frank Johnson,77146.0,https://cdn.nba.com/headshots/nba/latest/1040x760/77146.png,NBA CDN,,candidate
P001624,Frank Kaminsky,1626163.0,https://cdn.nba.com/headshots/nba/latest/1040x760/1626163.png,NBA CDN,,candidate
P001625,Frank Kendrick,77242.0,https://cdn.nba.com/headshots/nba/latest/1040x760/77242.png,NBA CDN,,candidate
P001626,Frank Kornet,77301.0,https://cdn.nba.com/headshots/nba/latest/1040x760/77301.png,NBA CDN,,candidate
P001627,Frank Kudelka,77319.0,https://cdn.nba.com/headshots/nba/latest/1040x760/77319.png,NBA CDN,,candidate
P001628,Frank Mason III,1628412.0,https://cdn.nba.com/headshots/nba/latest/1040x760/1628412.png,NBA CDN,,candidate
P001629,Frank Ntilikina,1628373.0,https://cdn.nba.com/headshots/nba/latest/1040x760/1628373.png,NBA CDN,,candidate
P001630,Frank Oleynick,77759.0,https://cdn.nba.com/headshots/nba/latest/1040x760/77759.png,NBA CDN,,candidate
P001631,Frank Radovich,77899.0,https://cdn.nba.com/headshots/nba/latest/1040x760/77899.png,NBA CDN,,candidate
P001632,Frank Ramsey,77907.0,https://cdn.nba.com/headshots/nba/latest/1040x760/77907.png,NBA CDN,,candidate
P001633,Frank Ramsey*,77907.0,https://cdn.nba.com/headshots/nba/latest/1040x760/77907.png,NBA CDN,,candidate
P001634,Frank Reddout,77925.0,https://cdn.nba.com/headshots/nba/latest/1040x760/77925.png,NBA CDN,,candidate
P001635,Frank Russell,78046.0,https://cdn.nba.com/headshots/nba/latest/1040x760/78046.png,NBA CDN,,candidate
P001636,Frank Schade,78069.0,https://cdn.nba.com/headshots/nba/latest/1040x760/78069.png,NBA CDN,,candidate
P001637,Frank Selvy,78113.0,https://cdn.nba.com/headshots/nba/latest/1040x760/78113.png,NBA CDN,,candidate
P001638,Frank Williams,2421.0,https://cdn.nba.com/headshots/nba/latest/1040x760/2421.png,NBA CDN,,candidate
P001640,Frankie King,701.0,https://cdn.nba.com/headshots/nba/latest/1040x760/701.png,NBA CDN,,candidate
P001641,Frankie Sanders,78057.0,https://cdn.nba.com/headshots/nba/latest/1040x760/78057.png,NBA CDN,,candidate
P001642,Franklin Edwards,76641.0,https://cdn.nba.com/headshots/nba/latest/1040x760/76641.png,NBA CDN,,candidate
P001643,Franz Wagner,1630532.0,https://cdn.nba.com/headshots/nba/latest/1040x760/1630532.png,NBA CDN,,candidate
P001644,Fred Brown,76272.0,https://cdn.nba.com/headshots/nba/latest/1040x760/76272.png,NBA CDN,,candidate
P001645,Fred Carter,76356.0,https://cdn.nba.com/headshots/nba/latest/1040x760/76356.png,NBA CDN,,candidate
P001646,Fred Christ,76393.0,https://cdn.nba.com/headshots/nba/latest/1040x760/76393.png,NBA CDN,,candidate
P001647,Fred Cofield,76411.0,https://cdn.nba.com/headshots/nba/latest/1040x760/76411.png,NBA CDN,,candidate
P001648,Fred Diute,76578.0,https://cdn.nba.com/headshots/nba/latest/1040x760/76578.png,NBA CDN,,candidate
P001649,Fred Foster,76740.0,https://cdn.nba.com/headshots/nba/latest/1040x760/76740.png,NBA CDN,,candidate
P001650,Fred Hetzel,77012.0,https://cdn.nba.com/headshots/nba/latest/1040x760/77012.png,NBA CDN,,candidate
P001651,Fred Hilton,77029.0,https://cdn.nba.com/headshots/nba/latest/1040x760/77029.png,NBA CDN,,candidate
P001652,Fred Hoiberg,697.0,https://cdn.nba.com/headshots/nba/latest/1040x760/697.png,NBA CDN,,candidate
P001653,Fred Jones,2410.0,https://cdn.nba.com/headshots/nba/latest/1040x760/2410.png,NBA CDN,,candidate
P001654,Fred LaCour,77327.0,https://cdn.nba.com/headshots/nba/latest/1040x760/77327.png,NBA CDN,,candidate
P001655,Fred Roberts,122.0,https://cdn.nba.com/headshots/nba/latest/1040x760/122.png,NBA CDN,,candidate
P001656,Fred Saunders,78065.0,https://cdn.nba.com/headshots/nba/latest/1040x760/78065.png,NBA CDN,,candidate
P001657,Fred Schaus,78075.0,https://cdn.nba.com/headshots/nba/latest/1040x760/78075.png,NBA CDN,,candidate
P001659,Fred Taylor,78298.0,https://cdn.nba.com/headshots/nba/latest/1040x760/78298.png,NBA CDN,,candidate
P001660,Fred VanVleet,1627832.0,https://cdn.nba.com/headshots/nba/latest/1040x760/1627832.png,NBA CDN,,candidate
P001661,Fred Vinson,1844.0,https://cdn.nba.com/headshots/nba/latest/1040x760/1844.png,NBA CDN,,candidate
P001663,Freddie Crawford,76466.0,https://cdn.nba.com/headshots/nba/latest/1040x760/76466.png,NBA CDN,,candidate
P001664,Freddie Gillespie,1630273.0,https://cdn.nba.com/headshots/nba/latest/1040x760/1630273.png,NBA CDN,,candidate
P001665,Freddie Lewis,77380.0,https://cdn.nba.com/headshots/nba/latest/1040x760/77380.png,NBA CDN,,candidate
P001666,Freeman Williams,78548.0,https://cdn.nba.com/headshots/nba/latest/1040x760/78548.png,NBA CDN,,candidate
P001667,Furkan Aldemir,203128.0,https://cdn.nba.com/headshots/nba/latest/1040x760/203128.png,NBA CDN,,candidate
P001668,Furkan Korkmaz,1627788.0,https://cdn.nba.com/headshots/nba/latest/1040x760/1627788.png,NBA CDN,,candidate
P001670,Gabe Pruitt,201172.0,https://cdn.nba.com/headshots/nba/latest/1040x760/201172.png,NBA CDN,,candidate
P001671,Gabe Vincent,1629216.0,https://cdn.nba.com/headshots/nba/latest/1040x760/1629216.png,NBA CDN,,candidate
P001672,Gabe York,1628221.0,https://cdn.nba.com/headshots/nba/latest/1040x760/1628221.png,NBA CDN,,candidate
P001673,Gabriel Deck,1630466.0,https://cdn.nba.com/headshots/nba/latest/1040x760/1630466.png,NBA CDN,,candidate
P001674,Gabriel Lundberg,1630994.0,https://cdn.nba.com/headshots/nba/latest/1040x760/1630994.png,NBA CDN,,candidate
P001675,Gail Goodrich,76832.0,https://cdn.nba.com/headshots/nba/latest/1040x760/76832.png,NBA CDN,,candidate
P001676,Gail Goodrich*,76832.0,https://cdn.nba.com/headshots/nba/latest/1040x760/76832.png,NBA CDN,,candidate
P001677,Gal Mekel,203539.0,https://cdn.nba.com/headshots/nba/latest/1040x760/203539.png,NBA CDN,,candidate
P001678,Gani Lawal,202371.0,https://cdn.nba.com/headshots/nba/latest/1040x760/202371.png,NBA CDN,,candidate
P001680,Garfield Smith,78189.0,https://cdn.nba.com/headshots/nba/latest/1040x760/78189.png,NBA CDN,,candidate
P001681,Garret Siler,202081.0,https://cdn.nba.com/headshots/nba/latest/1040x760/202081.png,NBA CDN,,candidate
P001682,Garrett Temple,202066.0,https://cdn.nba.com/headshots/nba/latest/1040x760/202066.png,NBA CDN,,candidate
P001683,Garrison Mathews,1629726.0,https://cdn.nba.com/headshots/nba/latest/1040x760/1629726.png,NBA CDN,,candidate
P001684,Garry Witts,78605.0,https://cdn.nba.com/headshots/nba/latest/1040x760/78605.png,NBA CDN,,candidate
P001685,Garth Joseph,2123.0,https://cdn.nba.com/headshots/nba/latest/1040x760/2123.png,NBA CDN,,candidate
P001686,Gary Alcorn,76020.0,https://cdn.nba.com/headshots/nba/latest/1040x760/76020.png,NBA CDN,,candidate
P001687,Gary Alexander,76022.0,https://cdn.nba.com/headshots/nba/latest/1040x760/76022.png,NBA CDN,,candidate
P001688,Gary Bergen,76156.0,https://cdn.nba.com/headshots/nba/latest/1040x760/76156.png,NBA CDN,,candidate
P001689,Gary Bradds,76227.0,https://cdn.nba.com/headshots/nba/latest/1040x760/76227.png,NBA CDN,,candidate
P001690,Gary Brokaw,76263.0,https://cdn.nba.com/headshots/nba/latest/1040x760/76263.png,NBA CDN,,candidate
P001691,Gary Clark,1629109.0,https://cdn.nba.com/headshots/nba/latest/1040x760/1629109.png,NBA CDN,,candidate
P001692,Gary Forbes,201814.0,https://cdn.nba.com/headshots/nba/latest/1040x760/201814.png,NBA CDN,,candidate
P001693,Gary Freeman,76755.0,https://cdn.nba.com/headshots/nba/latest/1040x760/76755.png,NBA CDN,,candidate
P001694,Gary Garland,76781.0,https://cdn.nba.com/headshots/nba/latest/1040x760/76781.png,NBA CDN,,candidate
P001695,Gary Grant,202.0,https://cdn.nba.com/headshots/nba/latest/1040x760/202.png,NBA CDN,,candidate
P001696,Gary Gray,76859.0,https://cdn.nba.com/headshots/nba/latest/1040x760/76859.png,NBA CDN,,candidate
P001697,Gary Gregor,76883.0,https://cdn.nba.com/headshots/nba/latest/1040x760/76883.png,NBA CDN,,candidate
P001698,Gary Harris,203914.0,https://cdn.nba.com/headshots/nba/latest/1040x760/203914.png,NBA CDN,,candidate
P001699,Gary Hill,77026.0,https://cdn.nba.com/headshots/nba/latest/1040x760/77026.png,NBA CDN,,candidate
P001700,Gary Leonard,77370.0,https://cdn.nba.com/headshots/nba/latest/1040x760/77370.png,NBA CDN,,candidate
P001701,Gary Melchionni,77575.0,https://cdn.nba.com/headshots/nba/latest/1040x760/77575.png,NBA CDN,,candidate
P001702,Gary Neal,202390.0,https://cdn.nba.com/headshots/nba/latest/1040x760/202390.png,NBA CDN,,candidate
P001703,Gary Payton,56.0,https://cdn.nba.com/headshots/nba/latest/1040x760/56.png,NBA CDN,,candidate
P001704,Gary Payton II,1627780.0,https://cdn.nba.com/headshots/nba/latest/1040x760/1627780.png,NBA CDN,,candidate
P001705,Gary Payton*,56.0,https://cdn.nba.com/headshots/nba/latest/1040x760/56.png,NBA CDN,,candidate
P001706,Gary Phillips,77855.0,https://cdn.nba.com/headshots/nba/latest/1040x760/77855.png,NBA CDN,,candidate
P001707,Gary Plummer,77865.0,https://cdn.nba.com/headshots/nba/latest/1040x760/77865.png,NBA CDN,,candidate
P001708,Gary Suiter,78277.0,https://cdn.nba.com/headshots/nba/latest/1040x760/78277.png,NBA CDN,,candidate
P001709,Gary Trent,718.0,https://cdn.nba.com/headshots/nba/latest/1040x760/718.png,NBA CDN,,candidate
P001710,Gary Trent Jr.,1629018.0,https://cdn.nba.com/headshots/nba/latest/1040x760/1629018.png,NBA CDN,,candidate
P001711,Gary Voce,78419.0,https://cdn.nba.com/headshots/nba/latest/1040x760/78419.png,NBA CDN,,candidate
P001712,Gary Zeller,78641.0,https://cdn.nba.com/headshots/nba/latest/1040x760/78641.png,NBA CDN,,candidate
P001713,Gaylon Nickerson,1093.0,https://cdn.nba.com/headshots/nba/latest/1040x760/1093.png,NBA CDN,,candidate
P001714,Geert Hammink,903.0,https://cdn.nba.com/headshots/nba/latest/1040x760/903.png,NBA CDN,,candidate
P001715,Gene Banks,76093.0,https://cdn.nba.com/headshots/nba/latest/1040x760/76093.png,NBA CDN,,candidate
P001716,Gene Conley,76428.0,https://cdn.nba.com/headshots/nba/latest/1040x760/76428.png,NBA CDN,,candidate
P001717,Gene Dyker,76626.0,https://cdn.nba.com/headshots/nba/latest/1040x760/76626.png,NBA CDN,,candidate
P001718,Gene Guarilia,76900.0,https://cdn.nba.com/headshots/nba/latest/1040x760/76900.png,NBA CDN,,candidate
P001719,Gene Rhodes,77947.0,https://cdn.nba.com/headshots/nba/latest/1040x760/77947.png,NBA CDN,,candidate
P001720,Gene Short,78138.0,https://cdn.nba.com/headshots/nba/latest/1040x760/78138.png,NBA CDN,,candidate
P001721,Gene Shue,78142.0,https://cdn.nba.com/headshots/nba/latest/1040x760/78142.png,NBA CDN,,candidate
P001722,Gene Tormohlen,78358.0,https://cdn.nba.com/headshots/nba/latest/1040x760/78358.png,NBA CDN,,candidate
P001723,Gene Vance,78402.0,https://cdn.nba.com/headshots/nba/latest/1040x760/78402.png,NBA CDN,,candidate
P001724,Gene Wiley,78526.0,https://cdn.nba.com/headshots/nba/latest/1040x760/78526.png,NBA CDN,,candidate
P001725,Geno Carlisle,2367.0,https://cdn.nba.com/headshots/nba/latest/1040x760/2367.png,NBA CDN,,candidate
P001727,Geoff Huston,77087.0,https://cdn.nba.com/headshots/nba/latest/1040x760/77087.png,NBA CDN,,candidate
P001728,Geoff Petrie,77844.0,https://cdn.nba.com/headshots/nba/latest/1040x760/77844.png,NBA CDN,,candidate
P001729,George Blaney,76182.0,https://cdn.nba.com/headshots/nba/latest/1040x760/76182.png,NBA CDN,,candidate
P001731,George Brown,76273.0,https://cdn.nba.com/headshots/nba/latest/1040x760/76273.png,NBA CDN,,candidate
P001732,George Carter,76357.0,https://cdn.nba.com/headshots/nba/latest/1040x760/76357.png,NBA CDN,,candidate
P001733,George Dempsey,76555.0,https://cdn.nba.com/headshots/nba/latest/1040x760/76555.png,NBA CDN,,candidate
P001734,George Feigenbaum,76702.0,https://cdn.nba.com/headshots/nba/latest/1040x760/76702.png,NBA CDN,,candidate
P001735,George Gervin,76804.0,https://cdn.nba.com/headshots/nba/latest/1040x760/76804.png,NBA CDN,,candidate
P001736,George Gervin*,76804.0,https://cdn.nba.com/headshots/nba/latest/1040x760/76804.png,NBA CDN,,candidate
P001737,George Hill,201588.0,https://cdn.nba.com/headshots/nba/latest/1040x760/201588.png,NBA CDN,,candidate
P001739,George Kaftan,77218.0,https://cdn.nba.com/headshots/nba/latest/1040x760/77218.png,NBA CDN,,candidate
P001740,George Karl,77223.0,https://cdn.nba.com/headshots/nba/latest/1040x760/77223.png,NBA CDN,,candidate
P001741,George Karl*,77223.0,https://cdn.nba.com/headshots/nba/latest/1040x760/77223.png,NBA CDN,,candidate
P001743,George Lee,77359.0,https://cdn.nba.com/headshots/nba/latest/1040x760/77359.png,NBA CDN,,candidate
P001744,George Lehmann,77369.0,https://cdn.nba.com/headshots/nba/latest/1040x760/77369.png,NBA CDN,,candidate
P001745,George Lynch,248.0,https://cdn.nba.com/headshots/nba/latest/1040x760/248.png,NBA CDN,,candidate
P001746,George McCloud,45.0,https://cdn.nba.com/headshots/nba/latest/1040x760/45.png,NBA CDN,,candidate
P001747,George McGinnis,77532.0,https://cdn.nba.com/headshots/nba/latest/1040x760/77532.png,NBA CDN,,candidate
P001748,George McGinnis*,77532.0,https://cdn.nba.com/headshots/nba/latest/1040x760/77532.png,NBA CDN,,candidate
P001749,George McLeod,77549.0,https://cdn.nba.com/headshots/nba/latest/1040x760/77549.png,NBA CDN,,candidate
P001750,George Mikan,600012.0,https://cdn.nba.com/headshots/nba/latest/1040x760/600012.png,NBA CDN,,candidate
P001751,George Mikan*,600012.0,https://cdn.nba.com/headshots/nba/latest/1040x760/600012.png,NBA CDN,,candidate
P001752,George Patterson,77811.0,https://cdn.nba.com/headshots/nba/latest/1040x760/77811.png,NBA CDN,,candidate
P001753,George Ratkovicz,77913.0,https://cdn.nba.com/headshots/nba/latest/1040x760/77913.png,NBA CDN,,candidate
P001754,George Reynolds,77945.0,https://cdn.nba.com/headshots/nba/latest/1040x760/77945.png,NBA CDN,,candidate
P001755,George Senesky,78115.0,https://cdn.nba.com/headshots/nba/latest/1040x760/78115.png,NBA CDN,,candidate
P001756,George Thompson,78327.0,https://cdn.nba.com/headshots/nba/latest/1040x760/78327.png,NBA CDN,,candidate
P001757,George Trapp,78366.0,https://cdn.nba.com/headshots/nba/latest/1040x760/78366.png,NBA CDN,,candidate
P001758,George Wilson,78579.0,https://cdn.nba.com/headshots/nba/latest/1040x760/78579.png,NBA CDN,,candidate
P001759,George Yardley,78628.0,https://cdn.nba.com/headshots/nba/latest/1040x760/78628.png,NBA CDN,,candidate
P001760,George Yardley*,78628.0,https://cdn.nba.com/headshots/nba/latest/1040x760/78628.png,NBA CDN,,candidate
P001761,George Zídek,678.0,https://cdn.nba.com/headshots/nba/latest/1040x760/678.png,NBA CDN,,candidate
P001762,Georges Niang,1627777.0,https://cdn.nba.com/headshots/nba/latest/1040x760/1627777.png,NBA CDN,,candidate
P001763,Georgi Glouchkov,76824.0,https://cdn.nba.com/headshots/nba/latest/1040x760/76824.png,NBA CDN,,candidate
P001764,Georgios Kalaitzakis,1630686.0,https://cdn.nba.com/headshots/nba/latest/1040x760/1630686.png,NBA CDN,,candidate
P001765,Georgios Papagiannis,1627834.0,https://cdn.nba.com/headshots/nba/latest/1040x760/1627834.png,NBA CDN,,candidate
P001766,Gerald Brown,1871.0,https://cdn.nba.com/headshots/nba/latest/1040x760/1871.png,NBA CDN,,candidate
P001767,Gerald Fitch,2809.0,https://cdn.nba.com/headshots/nba/latest/1040x760/2809.png,NBA CDN,,candidate
P001768,Gerald Glass,76821.0,https://cdn.nba.com/headshots/nba/latest/1040x760/76821.png,NBA CDN,,candidate
P001769,Gerald Green,101123.0,https://cdn.nba.com/headshots/nba/latest/1040x760/101123.png,NBA CDN,,candidate
P001771,Gerald Madkins,1666.0,https://cdn.nba.com/headshots/nba/latest/1040x760/1666.png,NBA CDN,,candidate
P001772,Gerald Paddio,77789.0,https://cdn.nba.com/headshots/nba/latest/1040x760/77789.png,NBA CDN,,candidate
P001773,Gerald Wallace,2222.0,https://cdn.nba.com/headshots/nba/latest/1040x760/2222.png,NBA CDN,,candidate
P001774,Gerald Wilkins,786.0,https://cdn.nba.com/headshots/nba/latest/1040x760/786.png,NBA CDN,,candidate
P001775,Gerard King,1562.0,https://cdn.nba.com/headshots/nba/latest/1040x760/1562.png,NBA CDN,,candidate
P001776,Gerry Calabrese,76326.0,https://cdn.nba.com/headshots/nba/latest/1040x760/76326.png,NBA CDN,,candidate
P001777,Gerry Ward,78455.0,https://cdn.nba.com/headshots/nba/latest/1040x760/78455.png,NBA CDN,,candidate
P001778,Gheorghe Mureșan,49.0,https://cdn.nba.com/headshots/nba/latest/1040x760/49.png,NBA CDN,,candidate
P001779,Gian Clavell,1628492.0,https://cdn.nba.com/headshots/nba/latest/1040x760/1628492.png,NBA CDN,,candidate
P001780,Giannis Antetokounmpo,203507.0,https://cdn.nba.com/headshots/nba/latest/1040x760/203507.png,NBA CDN,,candidate
P001781,Gigi Datome,203540.0,https://cdn.nba.com/headshots/nba/latest/1040x760/203540.png,NBA CDN,,candidate
P001782,Gil McGregor,77534.0,https://cdn.nba.com/headshots/nba/latest/1040x760/77534.png,NBA CDN,,candidate
P001783,Gilbert Arenas,2240.0,https://cdn.nba.com/headshots/nba/latest/1040x760/2240.png,NBA CDN,,candidate
P001784,Glen Davis,201175.0,https://cdn.nba.com/headshots/nba/latest/1040x760/201175.png,NBA CDN,,candidate
P001785,Glen Gondrezick,76830.0,https://cdn.nba.com/headshots/nba/latest/1040x760/76830.png,NBA CDN,,candidate
P001788,Glenn Hagan,76913.0,https://cdn.nba.com/headshots/nba/latest/1040x760/76913.png,NBA CDN,,candidate
P001789,Glenn Hansen,76940.0,https://cdn.nba.com/headshots/nba/latest/1040x760/76940.png,NBA CDN,,candidate
P001790,Glenn McDonald,77525.0,https://cdn.nba.com/headshots/nba/latest/1040x760/77525.png,NBA CDN,,candidate
P001791,Glenn Mosley,77653.0,https://cdn.nba.com/headshots/nba/latest/1040x760/77653.png,NBA CDN,,candidate
P001792,Glenn Robinson,299.0,https://cdn.nba.com/headshots/nba/latest/1040x760/299.png,NBA CDN,,candidate
P001793,Glenn Robinson III,203922.0,https://cdn.nba.com/headshots/nba/latest/1040x760/203922.png,NBA CDN,,candidate
P001794,God Shammgod,1539.0,https://cdn.nba.com/headshots/nba/latest/1040x760/1539.png,NBA CDN,,candidate
P001795,Goga Bitadze,1629048.0,https://cdn.nba.com/headshots/nba/latest/1040x760/1629048.png,NBA CDN,,candidate
P001797,Goran Dragić,201609.0,https://cdn.nba.com/headshots/nba/latest/1040x760/201609.png,NBA CDN,,candidate
P001798,Gordan Giriček,1921.0,https://cdn.nba.com/headshots/nba/latest/1040x760/1921.png,NBA CDN,,candidate
P001799,Gordon Hayward,202330.0,https://cdn.nba.com/headshots/nba/latest/1040x760/202330.png,NBA CDN,,candidate
P001800,Gorgui Dieng,203476.0,https://cdn.nba.com/headshots/nba/latest/1040x760/203476.png,NBA CDN,,candidate
P001801,Gradey Dick,1641711.0,https://cdn.nba.com/headshots/nba/latest/1040x760/1641711.png,NBA CDN,,candidate
P001802,Grady O'Malley,77766.0,https://cdn.nba.com/headshots/nba/latest/1040x760/77766.png,NBA CDN,,candidate
P001803,Grant Gondrezick,76831.0,https://cdn.nba.com/headshots/nba/latest/1040x760/76831.png,NBA CDN,,candidate
P001804,Grant Hill,255.0,https://cdn.nba.com/headshots/nba/latest/1040x760/255.png,NBA CDN,,candidate
P001805,Grant Hill*,255.0,https://cdn.nba.com/headshots/nba/latest/1040x760/255.png,NBA CDN,,candidate
P001806,Grant Jerrett,203511.0,https://cdn.nba.com/headshots/nba/latest/1040x760/203511.png,NBA CDN,,candidate
P001807,Grant Long,3.0,https://cdn.nba.com/headshots/nba/latest/1040x760/3.png,NBA CDN,,candidate
P001808,Grant Nelson,1641761.0,https://cdn.nba.com/headshots/nba/latest/1040x760/1641761.png,NBA CDN,,candidate
P001809,Grant Riller,1630203.0,https://cdn.nba.com/headshots/nba/latest/1040x760/1630203.png,NBA CDN,,candidate
P001810,Grant Williams,1629684.0,https://cdn.nba.com/headshots/nba/latest/1040x760/1629684.png,NBA CDN,,candidate
P001811,Granville Waiters,78430.0,https://cdn.nba.com/headshots/nba/latest/1040x760/78430.png,NBA CDN,,candidate
P001812,Grayson Allen,1628960.0,https://cdn.nba.com/headshots/nba/latest/1040x760/1628960.png,NBA CDN,,candidate
P001813,Greg Anderson,246.0,https://cdn.nba.com/headshots/nba/latest/1040x760/246.png,NBA CDN,,candidate
P001814,Greg Anthony,21.0,https://cdn.nba.com/headshots/nba/latest/1040x760/21.png,NBA CDN,,candidate
P001815,Greg Ballard,76091.0,https://cdn.nba.com/headshots/nba/latest/1040x760/76091.png,NBA CDN,,candidate
P001816,Greg Brown III,1630535.0,https://cdn.nba.com/headshots/nba/latest/1040x760/1630535.png,NBA CDN,,candidate
P001817,Greg Buckner,1761.0,https://cdn.nba.com/headshots/nba/latest/1040x760/1761.png,NBA CDN,,candidate
P001818,Greg Bunch,76300.0,https://cdn.nba.com/headshots/nba/latest/1040x760/76300.png,NBA CDN,,candidate
P001819,Greg Butler,76320.0,https://cdn.nba.com/headshots/nba/latest/1040x760/76320.png,NBA CDN,,candidate
P001820,Greg Deane,76544.0,https://cdn.nba.com/headshots/nba/latest/1040x760/76544.png,NBA CDN,,candidate
P001821,Greg Dreiling,1068.0,https://cdn.nba.com/headshots/nba/latest/1040x760/1068.png,NBA CDN,,candidate
P001822,Greg Fillmore,76715.0,https://cdn.nba.com/headshots/nba/latest/1040x760/76715.png,NBA CDN,,candidate
P001823,Greg Foster,323.0,https://cdn.nba.com/headshots/nba/latest/1040x760/323.png,NBA CDN,,candidate
P001824,Greg Graham,37.0,https://cdn.nba.com/headshots/nba/latest/1040x760/37.png,NBA CDN,,candidate
P001825,Greg Grant,285.0,https://cdn.nba.com/headshots/nba/latest/1040x760/285.png,NBA CDN,,candidate
P001826,Greg Griffin,76888.0,https://cdn.nba.com/headshots/nba/latest/1040x760/76888.png,NBA CDN,,candidate
P001827,Greg Howard,77066.0,https://cdn.nba.com/headshots/nba/latest/1040x760/77066.png,NBA CDN,,candidate
P001828,Greg Hyder,77091.0,https://cdn.nba.com/headshots/nba/latest/1040x760/77091.png,NBA CDN,,candidate
P001829,Greg Jackson,77101.0,https://cdn.nba.com/headshots/nba/latest/1040x760/77101.png,NBA CDN,,candidate
P001830,Greg Kelser,77239.0,https://cdn.nba.com/headshots/nba/latest/1040x760/77239.png,NBA CDN,,candidate
P001831,Greg Kite,1123.0,https://cdn.nba.com/headshots/nba/latest/1040x760/1123.png,NBA CDN,,candidate
P001832,Greg Lee,77360.0,https://cdn.nba.com/headshots/nba/latest/1040x760/77360.png,NBA CDN,,candidate
P001833,Greg Minor,65.0,https://cdn.nba.com/headshots/nba/latest/1040x760/65.png,NBA CDN,,candidate
P001834,Greg Monroe,202328.0,https://cdn.nba.com/headshots/nba/latest/1040x760/202328.png,NBA CDN,,candidate
P001835,Greg Oden,201141.0,https://cdn.nba.com/headshots/nba/latest/1040x760/201141.png,NBA CDN,,candidate
P001836,Greg Ostertag,731.0,https://cdn.nba.com/headshots/nba/latest/1040x760/731.png,NBA CDN,,candidate
P001838,Greg Stiemsma,201880.0,https://cdn.nba.com/headshots/nba/latest/1040x760/201880.png,NBA CDN,,candidate
P001839,Greg Stokes,78264.0,https://cdn.nba.com/headshots/nba/latest/1040x760/78264.png,NBA CDN,,candidate
P001840,Greg Sutton,357.0,https://cdn.nba.com/headshots/nba/latest/1040x760/357.png,NBA CDN,,candidate
P001841,Greg Whittington,204222.0,https://cdn.nba.com/headshots/nba/latest/1040x760/204222.png,NBA CDN,,candidate
P001842,Greivis Vásquez,202349.0,https://cdn.nba.com/headshots/nba/latest/1040x760/202349.png,NBA CDN,,candidate
P001843,Guerschon Yabusele,1627824.0,https://cdn.nba.com/headshots/nba/latest/1040x760/1627824.png,NBA CDN,,candidate
P001844,Gui Santos,1630611.0,https://cdn.nba.com/headshots/nba/latest/1040x760/1630611.png,NBA CDN,,candidate
P001845,Guillermo Díaz,200799.0,https://cdn.nba.com/headshots/nba/latest/1040x760/200799.png,NBA CDN,,candidate
P001846,Gundars Vētra,78415.0,https://cdn.nba.com/headshots/nba/latest/1040x760/78415.png,NBA CDN,,candidate
P001847,Gus Bailey,76083.0,https://cdn.nba.com/headshots/nba/latest/1040x760/76083.png,NBA CDN,,candidate
P001848,Gus Gerard,76802.0,https://cdn.nba.com/headshots/nba/latest/1040x760/76802.png,NBA CDN,,candidate
P001849,Gus Johnson,77150.0,https://cdn.nba.com/headshots/nba/latest/1040x760/77150.png,NBA CDN,,candidate
P001850,Gus Johnson*,77150.0,https://cdn.nba.com/headshots/nba/latest/1040x760/77150.png,NBA CDN,,candidate
P001851,Gus Williams,78549.0,https://cdn.nba.com/headshots/nba/latest/1040x760/78549.png,NBA CDN,,candidate
P001852,Gustavo Ayón,202970.0,https://cdn.nba.com/headshots/nba/latest/1040x760/202970.png,NBA CDN,,candidate
P001853,Guy Morgan,77640.0,https://cdn.nba.com/headshots/nba/latest/1040x760/77640.png,NBA CDN,,candidate
P001854,Guy Rodgers,78003.0,https://cdn.nba.com/headshots/nba/latest/1040x760/78003.png,NBA CDN,,candidate
P001855,Guy Rodgers*,78003.0,https://cdn.nba.com/headshots/nba/latest/1040x760/78003.png,NBA CDN,,candidate
P001856,Guy Rucker,2462.0,https://cdn.nba.com/headshots/nba/latest/1040x760/2462.png,NBA CDN,,candidate
P001857,Guy Sparrow,78223.0,https://cdn.nba.com/headshots/nba/latest/1040x760/78223.png,NBA CDN,,candidate
P001858,Guy Williams,78550.0,https://cdn.nba.com/headshots/nba/latest/1040x760/78550.png,NBA CDN,,candidate
P001860,Hakeem Olajuwon,165.0,https://cdn.nba.com/headshots/nba/latest/1040x760/165.png,NBA CDN,,candidate
P001861,Hakeem Olajuwon*,165.0,https://cdn.nba.com/headshots/nba/latest/1040x760/165.png,NBA CDN,,candidate
P001862,Hakim Warrick,101124.0,https://cdn.nba.com/headshots/nba/latest/1040x760/101124.png,NBA CDN,,candidate
P001863,Hal Greer,76882.0,https://cdn.nba.com/headshots/nba/latest/1040x760/76882.png,NBA CDN,,candidate
P001864,Hal Greer*,76882.0,https://cdn.nba.com/headshots/nba/latest/1040x760/76882.png,NBA CDN,,candidate
P001865,Hal Lear,77352.0,https://cdn.nba.com/headshots/nba/latest/1040x760/77352.png,NBA CDN,,candidate
P001866,Hal Uplinger,78393.0,https://cdn.nba.com/headshots/nba/latest/1040x760/78393.png,NBA CDN,,candidate
P001868,Hamed Haddadi,201632.0,https://cdn.nba.com/headshots/nba/latest/1040x760/201632.png,NBA CDN,,candidate
P001869,Hamidou Diallo,1628977.0,https://cdn.nba.com/headshots/nba/latest/1040x760/1628977.png,NBA CDN,,candidate
P001870,Hank Finkel,76716.0,https://cdn.nba.com/headshots/nba/latest/1040x760/76716.png,NBA CDN,,candidate
P001871,Hank McDowell,77527.0,https://cdn.nba.com/headshots/nba/latest/1040x760/77527.png,NBA CDN,,candidate
P001872,Hanno Möttölä,2069.0,https://cdn.nba.com/headshots/nba/latest/1040x760/2069.png,NBA CDN,,candidate
P001873,Happy Hairston,76916.0,https://cdn.nba.com/headshots/nba/latest/1040x760/76916.png,NBA CDN,,candidate
P001874,Harold Ellis,1677.0,https://cdn.nba.com/headshots/nba/latest/1040x760/1677.png,NBA CDN,,candidate
P001875,Harold Fox,76746.0,https://cdn.nba.com/headshots/nba/latest/1040x760/76746.png,NBA CDN,,candidate
P001876,Harold Jamison,1942.0,https://cdn.nba.com/headshots/nba/latest/1040x760/1942.png,NBA CDN,,candidate
P001877,Harold Keeling,77233.0,https://cdn.nba.com/headshots/nba/latest/1040x760/77233.png,NBA CDN,,candidate
P001878,Harold Miner,114.0,https://cdn.nba.com/headshots/nba/latest/1040x760/114.png,NBA CDN,,candidate
P001879,Harold Pressley,77881.0,https://cdn.nba.com/headshots/nba/latest/1040x760/77881.png,NBA CDN,,candidate
P001880,Harrison Barnes,203084.0,https://cdn.nba.com/headshots/nba/latest/1040x760/203084.png,NBA CDN,,candidate
P001881,Harrison Ingram,1631127.0,https://cdn.nba.com/headshots/nba/latest/1040x760/1631127.png,NBA CDN,,candidate
P001882,Harry Barnes,76103.0,https://cdn.nba.com/headshots/nba/latest/1040x760/76103.png,NBA CDN,,candidate
P001883,Harry Davis,76523.0,https://cdn.nba.com/headshots/nba/latest/1040x760/76523.png,NBA CDN,,candidate
P001884,Harry Gallatin,76773.0,https://cdn.nba.com/headshots/nba/latest/1040x760/76773.png,NBA CDN,,candidate
P001885,Harry Gallatin*,76773.0,https://cdn.nba.com/headshots/nba/latest/1040x760/76773.png,NBA CDN,,candidate
P001887,Harthorne Wingo,78596.0,https://cdn.nba.com/headshots/nba/latest/1040x760/78596.png,NBA CDN,,candidate
P001888,Harvey Catchings,76365.0,https://cdn.nba.com/headshots/nba/latest/1040x760/76365.png,NBA CDN,,candidate
P001889,Harvey Grant,265.0,https://cdn.nba.com/headshots/nba/latest/1040x760/265.png,NBA CDN,,candidate
P001890,Harvey Marlatt,77464.0,https://cdn.nba.com/headshots/nba/latest/1040x760/77464.png,NBA CDN,,candidate
P001891,Hasheem Thabeet,201934.0,https://cdn.nba.com/headshots/nba/latest/1040x760/201934.png,NBA CDN,,candidate
P001892,Hassan Adams,200801.0,https://cdn.nba.com/headshots/nba/latest/1040x760/200801.png,NBA CDN,,candidate
P001893,Hassan Whiteside,202355.0,https://cdn.nba.com/headshots/nba/latest/1040x760/202355.png,NBA CDN,,candidate
P001894,Hassani Gravett,1629755.0,https://cdn.nba.com/headshots/nba/latest/1040x760/1629755.png,NBA CDN,,candidate
P001896,Hayden Gray,1643060.0,https://cdn.nba.com/headshots/nba/latest/1040x760/1643060.png,NBA CDN,,candidate
P001897,Haywood Highsmith,1629312.0,https://cdn.nba.com/headshots/nba/latest/1040x760/1629312.png,NBA CDN,,candidate
P001898,Haywoode Workman,906.0,https://cdn.nba.com/headshots/nba/latest/1040x760/906.png,NBA CDN,,candidate
P001899,Hedo Türkoğlu,2045.0,https://cdn.nba.com/headshots/nba/latest/1040x760/2045.png,NBA CDN,,candidate
P001900,Henri Drell,1630929.0,https://cdn.nba.com/headshots/nba/latest/1040x760/1630929.png,NBA CDN,,candidate
P001901,Henry Akin,76018.0,https://cdn.nba.com/headshots/nba/latest/1040x760/76018.png,NBA CDN,,candidate
P001902,Henry Bibby,76162.0,https://cdn.nba.com/headshots/nba/latest/1040x760/76162.png,NBA CDN,,candidate
P001903,Henry Dickerson,76563.0,https://cdn.nba.com/headshots/nba/latest/1040x760/76563.png,NBA CDN,,candidate
P001904,Henry Ellenson,1627740.0,https://cdn.nba.com/headshots/nba/latest/1040x760/1627740.png,NBA CDN,,candidate
P001905,Henry James,1080.0,https://cdn.nba.com/headshots/nba/latest/1040x760/1080.png,NBA CDN,,candidate
P001906,Henry Sims,203156.0,https://cdn.nba.com/headshots/nba/latest/1040x760/203156.png,NBA CDN,,candidate
P001907,Henry Turner,78379.0,https://cdn.nba.com/headshots/nba/latest/1040x760/78379.png,NBA CDN,,candidate
P001908,Henry Walker,201611.0,https://cdn.nba.com/headshots/nba/latest/1040x760/201611.png,NBA CDN,,candidate
P001909,Henry Ward,78456.0,https://cdn.nba.com/headshots/nba/latest/1040x760/78456.png,NBA CDN,,candidate
P001910,Herb Scherer,78082.0,https://cdn.nba.com/headshots/nba/latest/1040x760/78082.png,NBA CDN,,candidate
P001911,Herb White,78508.0,https://cdn.nba.com/headshots/nba/latest/1040x760/78508.png,NBA CDN,,candidate
P001912,Herb Williams,1006.0,https://cdn.nba.com/headshots/nba/latest/1040x760/1006.png,NBA CDN,,candidate
P001913,Herbert Jones,1630529.0,https://cdn.nba.com/headshots/nba/latest/1040x760/1630529.png,NBA CDN,,candidate
P001914,Herm Gilliam,76815.0,https://cdn.nba.com/headshots/nba/latest/1040x760/76815.png,NBA CDN,,candidate
P001915,Herm Hedderick,76986.0,https://cdn.nba.com/headshots/nba/latest/1040x760/76986.png,NBA CDN,,candidate
P001916,Hersey Hawkins,765.0,https://cdn.nba.com/headshots/nba/latest/1040x760/765.png,NBA CDN,,candidate
P001917,Hilton Armstrong,200756.0,https://cdn.nba.com/headshots/nba/latest/1040x760/200756.png,NBA CDN,,candidate
P001918,Hiram Fuller,2673.0,https://cdn.nba.com/headshots/nba/latest/1040x760/2673.png,NBA CDN,,candidate
P001919,Hollis Copeland,76447.0,https://cdn.nba.com/headshots/nba/latest/1040x760/76447.png,NBA CDN,,candidate
P001920,Hollis Thompson,203138.0,https://cdn.nba.com/headshots/nba/latest/1040x760/203138.png,NBA CDN,,candidate
P001921,Horace Grant,270.0,https://cdn.nba.com/headshots/nba/latest/1040x760/270.png,NBA CDN,,candidate
P001922,Horace Jenkins,2798.0,https://cdn.nba.com/headshots/nba/latest/1040x760/2798.png,NBA CDN,,candidate
P001923,Horace Walker,78438.0,https://cdn.nba.com/headshots/nba/latest/1040x760/78438.png,NBA CDN,,candidate
P001924,Horacio Llamas,1024.0,https://cdn.nba.com/headshots/nba/latest/1040x760/1024.png,NBA CDN,,candidate
P001926,Hot Rod Williams,73.0,https://cdn.nba.com/headshots/nba/latest/1040x760/73.png,NBA CDN,,candidate
P001927,Howard Carter,76358.0,https://cdn.nba.com/headshots/nba/latest/1040x760/76358.png,NBA CDN,,candidate
P001928,Howard Eisley,458.0,https://cdn.nba.com/headshots/nba/latest/1040x760/458.png,NBA CDN,,candidate
P001929,Howard Komives,77297.0,https://cdn.nba.com/headshots/nba/latest/1040x760/77297.png,NBA CDN,,candidate
P001930,Howard Nathan,77690.0,https://cdn.nba.com/headshots/nba/latest/1040x760/77690.png,NBA CDN,,candidate
P001931,Howard Porter,77875.0,https://cdn.nba.com/headshots/nba/latest/1040x760/77875.png,NBA CDN,,candidate
P001932,Howard Wood,78609.0,https://cdn.nba.com/headshots/nba/latest/1040x760/78609.png,NBA CDN,,candidate
P001933,Howard Wright,78621.0,https://cdn.nba.com/headshots/nba/latest/1040x760/78621.png,NBA CDN,,candidate
P001934,Howie Carl,76340.0,https://cdn.nba.com/headshots/nba/latest/1040x760/76340.png,NBA CDN,,candidate
P001935,Howie Jolliff,77172.0,https://cdn.nba.com/headshots/nba/latest/1040x760/77172.png,NBA CDN,,candidate
P001936,Howie Montgomery,77630.0,https://cdn.nba.com/headshots/nba/latest/1040x760/77630.png,NBA CDN,,candidate
P001937,Howie Schultz,78091.0,https://cdn.nba.com/headshots/nba/latest/1040x760/78091.png,NBA CDN,,candidate
P001938,Hub Reed,77927.0,https://cdn.nba.com/headshots/nba/latest/1040x760/77927.png,NBA CDN,,candidate
P001939,Hubert Davis,93.0,https://cdn.nba.com/headshots/nba/latest/1040x760/93.png,NBA CDN,,candidate
P001940,Hubie White,78509.0,https://cdn.nba.com/headshots/nba/latest/1040x760/78509.png,NBA CDN,,candidate
P001941,Hugo González,1642864.0,https://cdn.nba.com/headshots/nba/latest/1040x760/1642864.png,NBA CDN,,candidate
P001942,Hunter Dickinson,1630621.0,https://cdn.nba.com/headshots/nba/latest/1040x760/1630621.png,NBA CDN,,candidate
P001943,Hunter Sallis,1642282.0,https://cdn.nba.com/headshots/nba/latest/1040x760/1642282.png,NBA CDN,,candidate
P001944,Hunter Tyson,1641816.0,https://cdn.nba.com/headshots/nba/latest/1040x760/1641816.png,NBA CDN,,candidate
P001946,Ian Clark,203546.0,https://cdn.nba.com/headshots/nba/latest/1040x760/203546.png,NBA CDN,,candidate
P001947,Ian Lockhart,1100.0,https://cdn.nba.com/headshots/nba/latest/1040x760/1100.png,NBA CDN,,candidate
P001948,Ian Mahinmi,101133.0,https://cdn.nba.com/headshots/nba/latest/1040x760/101133.png,NBA CDN,,candidate
P001950,Ibou Badji,1630641.0,https://cdn.nba.com/headshots/nba/latest/1040x760/1630641.png,NBA CDN,,candidate
P001951,Ignas Brazdeikis,1629649.0,https://cdn.nba.com/headshots/nba/latest/1040x760/1629649.png,NBA CDN,,candidate
P001952,Igor Rakočević,2080.0,https://cdn.nba.com/headshots/nba/latest/1040x760/2080.png,NBA CDN,,candidate
P001953,Ike Anigbogu,1628387.0,https://cdn.nba.com/headshots/nba/latest/1040x760/1628387.png,NBA CDN,,candidate
P001954,Ike Diogu,101113.0,https://cdn.nba.com/headshots/nba/latest/1040x760/101113.png,NBA CDN,,candidate
P001955,Iman Shumpert,202697.0,https://cdn.nba.com/headshots/nba/latest/1040x760/202697.png,NBA CDN,,candidate
P001956,Ime Udoka,2137.0,https://cdn.nba.com/headshots/nba/latest/1040x760/2137.png,NBA CDN,,candidate
P001957,Immanuel Quickley,1630193.0,https://cdn.nba.com/headshots/nba/latest/1040x760/1630193.png,NBA CDN,,candidate
P001958,Ira Bowman,1085.0,https://cdn.nba.com/headshots/nba/latest/1040x760/1085.png,NBA CDN,,candidate
P001959,Ira Newble,1956.0,https://cdn.nba.com/headshots/nba/latest/1040x760/1956.png,NBA CDN,,candidate
P001960,Ira Terrell,78305.0,https://cdn.nba.com/headshots/nba/latest/1040x760/78305.png,NBA CDN,,candidate
P001961,Irv Bemoras,76145.0,https://cdn.nba.com/headshots/nba/latest/1040x760/76145.png,NBA CDN,,candidate
P001962,Irv Kiffin,77255.0,https://cdn.nba.com/headshots/nba/latest/1040x760/77255.png,NBA CDN,,candidate
P001963,Irving Thomas,78317.0,https://cdn.nba.com/headshots/nba/latest/1040x760/78317.png,NBA CDN,,candidate
P001965,Isaac Bonga,1629067.0,https://cdn.nba.com/headshots/nba/latest/1040x760/1629067.png,NBA CDN,,candidate
P001967,Isaac Humphries,1629353.0,https://cdn.nba.com/headshots/nba/latest/1040x760/1629353.png,NBA CDN,,candidate
P001968,Isaac Jones,1642403.0,https://cdn.nba.com/headshots/nba/latest/1040x760/1642403.png,NBA CDN,,candidate
P001969,Isaac Okoro,1630171.0,https://cdn.nba.com/headshots/nba/latest/1040x760/1630171.png,NBA CDN,,candidate
P001971,Isaiah Briscoe,1628515.0,https://cdn.nba.com/headshots/nba/latest/1040x760/1628515.png,NBA CDN,,candidate
P001972,Isaiah Canaan,203477.0,https://cdn.nba.com/headshots/nba/latest/1040x760/203477.png,NBA CDN,,candidate
P001973,Isaiah Collier,1642268.0,https://cdn.nba.com/headshots/nba/latest/1040x760/1642268.png,NBA CDN,,candidate
P001974,Isaiah Crawford,1642384.0,https://cdn.nba.com/headshots/nba/latest/1040x760/1642384.png,NBA CDN,,candidate
P001975,Isaiah Hartenstein,1628392.0,https://cdn.nba.com/headshots/nba/latest/1040x760/1628392.png,NBA CDN,,candidate
P001976,Isaiah Hicks,1628439.0,https://cdn.nba.com/headshots/nba/latest/1040x760/1628439.png,NBA CDN,,candidate
P001977,Isaiah Jackson,1630543.0,https://cdn.nba.com/headshots/nba/latest/1040x760/1630543.png,NBA CDN,,candidate
P001978,Isaiah Joe,1630198.0,https://cdn.nba.com/headshots/nba/latest/1040x760/1630198.png,NBA CDN,,candidate
P001979,Isaiah Livers,1630587.0,https://cdn.nba.com/headshots/nba/latest/1040x760/1630587.png,NBA CDN,,candidate
P001980,Isaiah Mobley,1630600.0,https://cdn.nba.com/headshots/nba/latest/1040x760/1630600.png,NBA CDN,,candidate
P001981,Isaiah Morris,77647.0,https://cdn.nba.com/headshots/nba/latest/1040x760/77647.png,NBA CDN,,candidate
P001982,Isaiah Rider,375.0,https://cdn.nba.com/headshots/nba/latest/1040x760/375.png,NBA CDN,,candidate
P001983,Isaiah Roby,1629676.0,https://cdn.nba.com/headshots/nba/latest/1040x760/1629676.png,NBA CDN,,candidate
P001984,Isaiah Stevens,1641815.0,https://cdn.nba.com/headshots/nba/latest/1040x760/1641815.png,NBA CDN,,candidate
P001985,Isaiah Stewart,1630191.0,https://cdn.nba.com/headshots/nba/latest/1040x760/1630191.png,NBA CDN,,candidate
P001986,Isaiah Taylor,1627819.0,https://cdn.nba.com/headshots/nba/latest/1040x760/1627819.png,NBA CDN,,candidate
P001987,Isaiah Thomas,202738.0,https://cdn.nba.com/headshots/nba/latest/1040x760/202738.png,NBA CDN,,candidate
P001988,Isaiah Todd,1630225.0,https://cdn.nba.com/headshots/nba/latest/1040x760/1630225.png,NBA CDN,,candidate
P001989,Isaiah Whitehead,1627785.0,https://cdn.nba.com/headshots/nba/latest/1040x760/1627785.png,NBA CDN,,candidate
P001990,Isaiah Wilson,78580.0,https://cdn.nba.com/headshots/nba/latest/1040x760/78580.png,NBA CDN,,candidate
P001991,Isaiah Wong,1631209.0,https://cdn.nba.com/headshots/nba/latest/1040x760/1631209.png,NBA CDN,,candidate
P001992,Ish Smith,202397.0,https://cdn.nba.com/headshots/nba/latest/1040x760/202397.png,NBA CDN,,candidate
P001993,Ish Wainright,1630688.0,https://cdn.nba.com/headshots/nba/latest/1040x760/1630688.png,NBA CDN,,candidate
P001994,Isiah Thomas,78318.0,https://cdn.nba.com/headshots/nba/latest/1040x760/78318.png,NBA CDN,,candidate
P001995,Isiah Thomas*,78318.0,https://cdn.nba.com/headshots/nba/latest/1040x760/78318.png,NBA CDN,,candidate
P001996,Ivan Johnson,201274.0,https://cdn.nba.com/headshots/nba/latest/1040x760/201274.png,NBA CDN,,candidate
P001997,Ivan McFarlin,200829.0,https://cdn.nba.com/headshots/nba/latest/1040x760/200829.png,NBA CDN,,candidate
P001998,Ivan Rabb,1628397.0,https://cdn.nba.com/headshots/nba/latest/1040x760/1628397.png,NBA CDN,,candidate
P001999,Ivano Newbill,1096.0,https://cdn.nba.com/headshots/nba/latest/1040x760/1096.png,NBA CDN,,candidate
P002000,Ivica Zubac,1627826.0,https://cdn.nba.com/headshots/nba/latest/1040x760/1627826.png,NBA CDN,,candidate
P002001,Izaiah Brockington,1631167.0,https://cdn.nba.com/headshots/nba/latest/1040x760/1631167.png,NBA CDN,,candidate
P002003,J.J. Barea,200826.0,https://cdn.nba.com/headshots/nba/latest/1040x760/200826.png,NBA CDN,,candidate
P002006,J.P. Macura,1629122.0,https://cdn.nba.com/headshots/nba/latest/1040x760/1629122.png,NBA CDN,,candidate
P002007,J.R. Bremer,2452.0,https://cdn.nba.com/headshots/nba/latest/1040x760/2452.png,NBA CDN,,candidate
P002008,J.R. Giddens,201592.0,https://cdn.nba.com/headshots/nba/latest/1040x760/201592.png,NBA CDN,,candidate
P002009,J.R. Henderson,1764.0,https://cdn.nba.com/headshots/nba/latest/1040x760/1764.png,NBA CDN,,candidate
P002010,J.R. Reid,462.0,https://cdn.nba.com/headshots/nba/latest/1040x760/462.png,NBA CDN,,candidate
P002012,JD Davison,1631120.0,https://cdn.nba.com/headshots/nba/latest/1040x760/1631120.png,NBA CDN,,candidate
P002013,JJ Redick,200755.0,https://cdn.nba.com/headshots/nba/latest/1040x760/200755.png,NBA CDN,,candidate
P002014,JT Thor,1630550.0,https://cdn.nba.com/headshots/nba/latest/1040x760/1630550.png,NBA CDN,,candidate
P002015,Ja Morant,1629630.0,https://cdn.nba.com/headshots/nba/latest/1040x760/1629630.png,NBA CDN,,candidate
P002016,Ja'Kobe Walter,1642266.0,https://cdn.nba.com/headshots/nba/latest/1040x760/1642266.png,NBA CDN,,candidate
P002017,JaJuan Johnson,202707.0,https://cdn.nba.com/headshots/nba/latest/1040x760/202707.png,NBA CDN,,candidate
P002018,JaKarr Sampson,203960.0,https://cdn.nba.com/headshots/nba/latest/1040x760/203960.png,NBA CDN,,candidate
P002019,JaMychal Green,203210.0,https://cdn.nba.com/headshots/nba/latest/1040x760/203210.png,NBA CDN,,candidate
P002020,JaQuori McLaughlin,1630605.0,https://cdn.nba.com/headshots/nba/latest/1040x760/1630605.png,NBA CDN,,candidate
P002021,JaVale McGee,201580.0,https://cdn.nba.com/headshots/nba/latest/1040x760/201580.png,NBA CDN,,candidate
P002022,Jabari Bird,1628444.0,https://cdn.nba.com/headshots/nba/latest/1040x760/1628444.png,NBA CDN,,candidate
P002023,Jabari Brown,203913.0,https://cdn.nba.com/headshots/nba/latest/1040x760/203913.png,NBA CDN,,candidate
P002024,Jabari Parker,203953.0,https://cdn.nba.com/headshots/nba/latest/1040x760/203953.png,NBA CDN,,candidate
P002025,Jabari Smith,2074.0,https://cdn.nba.com/headshots/nba/latest/1040x760/2074.png,NBA CDN,,candidate
P002026,Jabari Smith Jr.,1631095.0,https://cdn.nba.com/headshots/nba/latest/1040x760/1631095.png,NBA CDN,,candidate
P002027,Jabari Walker,1631133.0,https://cdn.nba.com/headshots/nba/latest/1040x760/1631133.png,NBA CDN,,candidate
P002028,Jack Coleman,76414.0,https://cdn.nba.com/headshots/nba/latest/1040x760/76414.png,NBA CDN,,candidate
P002029,Jack Cooley,204022.0,https://cdn.nba.com/headshots/nba/latest/1040x760/204022.png,NBA CDN,,candidate
P002030,Jack Foley,76729.0,https://cdn.nba.com/headshots/nba/latest/1040x760/76729.png,NBA CDN,,candidate
P002031,Jack George,76800.0,https://cdn.nba.com/headshots/nba/latest/1040x760/76800.png,NBA CDN,,candidate
P002032,Jack Givens,76819.0,https://cdn.nba.com/headshots/nba/latest/1040x760/76819.png,NBA CDN,,candidate
P002033,Jack Haley,917.0,https://cdn.nba.com/headshots/nba/latest/1040x760/917.png,NBA CDN,,candidate
P002034,Jack Kerris,77249.0,https://cdn.nba.com/headshots/nba/latest/1040x760/77249.png,NBA CDN,,candidate
P002035,Jack Kiley,77256.0,https://cdn.nba.com/headshots/nba/latest/1040x760/77256.png,NBA CDN,,candidate
P002036,Jack Marin,77463.0,https://cdn.nba.com/headshots/nba/latest/1040x760/77463.png,NBA CDN,,candidate
P002037,Jack McCloskey,77512.0,https://cdn.nba.com/headshots/nba/latest/1040x760/77512.png,NBA CDN,,candidate
P002038,Jack McMahon,77551.0,https://cdn.nba.com/headshots/nba/latest/1040x760/77551.png,NBA CDN,,candidate
P002039,Jack McVeigh,1629098.0,https://cdn.nba.com/headshots/nba/latest/1040x760/1629098.png,NBA CDN,,candidate
P002040,Jack Molinas,77624.0,https://cdn.nba.com/headshots/nba/latest/1040x760/77624.png,NBA CDN,,candidate
P002041,Jack Nichols,77713.0,https://cdn.nba.com/headshots/nba/latest/1040x760/77713.png,NBA CDN,,candidate
P002042,Jack Parr,77802.0,https://cdn.nba.com/headshots/nba/latest/1040x760/77802.png,NBA CDN,,candidate
P002043,Jack Sikma,78149.0,https://cdn.nba.com/headshots/nba/latest/1040x760/78149.png,NBA CDN,,candidate
P002044,Jack Sikma*,78149.0,https://cdn.nba.com/headshots/nba/latest/1040x760/78149.png,NBA CDN,,candidate
P002045,Jack Stephens,78249.0,https://cdn.nba.com/headshots/nba/latest/1040x760/78249.png,NBA CDN,,candidate
P002047,Jack Twyman,78388.0,https://cdn.nba.com/headshots/nba/latest/1040x760/78388.png,NBA CDN,,candidate
P002048,Jack Twyman*,78388.0,https://cdn.nba.com/headshots/nba/latest/1040x760/78388.png,NBA CDN,,candidate
P002049,Jack White,1631298.0,https://cdn.nba.com/headshots/nba/latest/1040x760/1631298.png,NBA CDN,,candidate
P002050,Jackie Butler,2866.0,https://cdn.nba.com/headshots/nba/latest/1040x760/2866.png,NBA CDN,,candidate
P002051,Jackie Dinkins,76575.0,https://cdn.nba.com/headshots/nba/latest/1040x760/76575.png,NBA CDN,,candidate
P002052,Jackie Moore,77634.0,https://cdn.nba.com/headshots/nba/latest/1040x760/77634.png,NBA CDN,,candidate
P002053,Jackie Moreland,77639.0,https://cdn.nba.com/headshots/nba/latest/1040x760/77639.png,NBA CDN,,candidate
P002054,Jackie Ridgle,77957.0,https://cdn.nba.com/headshots/nba/latest/1040x760/77957.png,NBA CDN,,candidate
P002055,Jackie Robinson,77989.0,https://cdn.nba.com/headshots/nba/latest/1040x760/77989.png,NBA CDN,,candidate
P002056,Jackson Rowe,1642050.0,https://cdn.nba.com/headshots/nba/latest/1040x760/1642050.png,NBA CDN,,candidate
P002057,Jackson Vroman,2761.0,https://cdn.nba.com/headshots/nba/latest/1040x760/2761.png,NBA CDN,,candidate
P002058,Jacky Dorsey,76587.0,https://cdn.nba.com/headshots/nba/latest/1040x760/76587.png,NBA CDN,,candidate
P002059,Jacob Evans,1628980.0,https://cdn.nba.com/headshots/nba/latest/1040x760/1628980.png,NBA CDN,,candidate
P002060,Jacob Gilyard,1631367.0,https://cdn.nba.com/headshots/nba/latest/1040x760/1631367.png,NBA CDN,,candidate
P002061,Jacob Pullen,1626643.0,https://cdn.nba.com/headshots/nba/latest/1040x760/1626643.png,NBA CDN,,candidate
P002062,Jacob Toppin,1631210.0,https://cdn.nba.com/headshots/nba/latest/1040x760/1631210.png,NBA CDN,,candidate
P002063,Jacob Wiley,1628451.0,https://cdn.nba.com/headshots/nba/latest/1040x760/1628451.png,NBA CDN,,candidate
P002064,Jacque Vaughn,1521.0,https://cdn.nba.com/headshots/nba/latest/1040x760/1521.png,NBA CDN,,candidate
P002065,Jaden Hardy,1630702.0,https://cdn.nba.com/headshots/nba/latest/1040x760/1630702.png,NBA CDN,,candidate
P002066,Jaden Ivey,1631093.0,https://cdn.nba.com/headshots/nba/latest/1040x760/1631093.png,NBA CDN,,candidate
P002067,Jaden McDaniels,1630183.0,https://cdn.nba.com/headshots/nba/latest/1040x760/1630183.png,NBA CDN,,candidate
P002068,Jaden Springer,1630531.0,https://cdn.nba.com/headshots/nba/latest/1040x760/1630531.png,NBA CDN,,candidate
P002069,Jae Crowder,203109.0,https://cdn.nba.com/headshots/nba/latest/1040x760/203109.png,NBA CDN,,candidate
P002070,Jae'Sean Tate,1630256.0,https://cdn.nba.com/headshots/nba/latest/1040x760/1630256.png,NBA CDN,,candidate
P002071,Jahidi White,1751.0,https://cdn.nba.com/headshots/nba/latest/1040x760/1751.png,NBA CDN,,candidate
P002072,Jahlil Okafor,1626143.0,https://cdn.nba.com/headshots/nba/latest/1040x760/1626143.png,NBA CDN,,candidate
P002073,Jahmai Mashack,1642942.0,https://cdn.nba.com/headshots/nba/latest/1040x760/1642942.png,NBA CDN,,candidate
P002074,Jahmi'us Ramsey,1630186.0,https://cdn.nba.com/headshots/nba/latest/1040x760/1630186.png,NBA CDN,,candidate
P002075,Jahmir Young,1642443.0,https://cdn.nba.com/headshots/nba/latest/1040x760/1642443.png,NBA CDN,,candidate
P002076,Jahmyl Telfort,1643141.0,https://cdn.nba.com/headshots/nba/latest/1040x760/1643141.png,NBA CDN,,candidate
P002077,Jaime Echenique,1630693.0,https://cdn.nba.com/headshots/nba/latest/1040x760/1630693.png,NBA CDN,,candidate
P002078,Jaime Jaquez Jr.,1631170.0,https://cdn.nba.com/headshots/nba/latest/1040x760/1631170.png,NBA CDN,,candidate
P002079,Jake Fendley,76705.0,https://cdn.nba.com/headshots/nba/latest/1040x760/76705.png,NBA CDN,,candidate
P002080,Jake Ford,76735.0,https://cdn.nba.com/headshots/nba/latest/1040x760/76735.png,NBA CDN,,candidate
P002081,Jake Jones,77185.0,https://cdn.nba.com/headshots/nba/latest/1040x760/77185.png,NBA CDN,,candidate
P002082,Jake LaRavia,1631222.0,https://cdn.nba.com/headshots/nba/latest/1040x760/1631222.png,NBA CDN,,candidate
P002083,Jake Layman,1627774.0,https://cdn.nba.com/headshots/nba/latest/1040x760/1627774.png,NBA CDN,,candidate
P002084,Jake Tsakalidis,2054.0,https://cdn.nba.com/headshots/nba/latest/1040x760/2054.png,NBA CDN,,candidate
P002085,Jake Voskuhl,2063.0,https://cdn.nba.com/headshots/nba/latest/1040x760/2063.png,NBA CDN,,candidate
P002086,Jakob Poeltl,1627751.0,https://cdn.nba.com/headshots/nba/latest/1040x760/1627751.png,NBA CDN,,candidate
P002087,Jalen Bridges,1641779.0,https://cdn.nba.com/headshots/nba/latest/1040x760/1641779.png,NBA CDN,,candidate
P002088,Jalen Brunson,1628973.0,https://cdn.nba.com/headshots/nba/latest/1040x760/1628973.png,NBA CDN,,candidate
P002089,Jalen Crutcher,1630622.0,https://cdn.nba.com/headshots/nba/latest/1040x760/1630622.png,NBA CDN,,candidate
P002090,Jalen Duren,1631105.0,https://cdn.nba.com/headshots/nba/latest/1040x760/1631105.png,NBA CDN,,candidate
P002091,Jalen Green,1630224.0,https://cdn.nba.com/headshots/nba/latest/1040x760/1630224.png,NBA CDN,,candidate
P002092,Jalen Harris,1630223.0,https://cdn.nba.com/headshots/nba/latest/1040x760/1630223.png,NBA CDN,,candidate
P002093,Jalen Hood-Schifino,1641720.0,https://cdn.nba.com/headshots/nba/latest/1040x760/1641720.png,NBA CDN,,candidate
P002094,Jalen Johnson,1630552.0,https://cdn.nba.com/headshots/nba/latest/1040x760/1630552.png,NBA CDN,,candidate
P002095,Jalen Jones,1627883.0,https://cdn.nba.com/headshots/nba/latest/1040x760/1627883.png,NBA CDN,,candidate
P002096,Jalen Lecque,1629665.0,https://cdn.nba.com/headshots/nba/latest/1040x760/1629665.png,NBA CDN,,candidate
P002097,Jalen McDaniels,1629667.0,https://cdn.nba.com/headshots/nba/latest/1040x760/1629667.png,NBA CDN,,candidate
P002098,Jalen Pickett,1629618.0,https://cdn.nba.com/headshots/nba/latest/1040x760/1629618.png,NBA CDN,,candidate
P002099,Jalen Rose,147.0,https://cdn.nba.com/headshots/nba/latest/1040x760/147.png,NBA CDN,,candidate
P002100,Jalen Slawson,1641771.0,https://cdn.nba.com/headshots/nba/latest/1040x760/1641771.png,NBA CDN,,candidate
P002101,Jalen Smith,1630188.0,https://cdn.nba.com/headshots/nba/latest/1040x760/1630188.png,NBA CDN,,candidate
P002102,Jalen Suggs,1630591.0,https://cdn.nba.com/headshots/nba/latest/1040x760/1630591.png,NBA CDN,,candidate
P002103,Jalen Williams,1631114.0,https://cdn.nba.com/headshots/nba/latest/1040x760/1631114.png,NBA CDN,,candidate
P002104,Jalen Wilson,1630592.0,https://cdn.nba.com/headshots/nba/latest/1040x760/1630592.png,NBA CDN,,candidate
P002105,Jamaal Franklin,203479.0,https://cdn.nba.com/headshots/nba/latest/1040x760/203479.png,NBA CDN,,candidate
P002106,Jamaal Magloire,2048.0,https://cdn.nba.com/headshots/nba/latest/1040x760/2048.png,NBA CDN,,candidate
P002107,Jamaal Tinsley,2224.0,https://cdn.nba.com/headshots/nba/latest/1040x760/2224.png,NBA CDN,,candidate
P002108,Jamaal Wilkes,78532.0,https://cdn.nba.com/headshots/nba/latest/1040x760/78532.png,NBA CDN,,candidate
P002109,Jamaal Wilkes*,78532.0,https://cdn.nba.com/headshots/nba/latest/1040x760/78532.png,NBA CDN,,candidate
P002110,Jamal Cain,1631288.0,https://cdn.nba.com/headshots/nba/latest/1040x760/1631288.png,NBA CDN,,candidate
P002111,Jamal Crawford,2037.0,https://cdn.nba.com/headshots/nba/latest/1040x760/2037.png,NBA CDN,,candidate
P002112,Jamal Mashburn,469.0,https://cdn.nba.com/headshots/nba/latest/1040x760/469.png,NBA CDN,,candidate
P002113,Jamal Murray,1627750.0,https://cdn.nba.com/headshots/nba/latest/1040x760/1627750.png,NBA CDN,,candidate
P002114,Jamal Robinson,1554.0,https://cdn.nba.com/headshots/nba/latest/1040x760/1554.png,NBA CDN,,candidate
P002115,Jamal Sampson,2441.0,https://cdn.nba.com/headshots/nba/latest/1040x760/2441.png,NBA CDN,,candidate
P002116,Jamal Shead,1642347.0,https://cdn.nba.com/headshots/nba/latest/1040x760/1642347.png,NBA CDN,,candidate
P002117,Jamaree Bouyea,1631123.0,https://cdn.nba.com/headshots/nba/latest/1040x760/1631123.png,NBA CDN,,candidate
P002118,Jamario Moon,200081.0,https://cdn.nba.com/headshots/nba/latest/1040x760/200081.png,NBA CDN,,candidate
P002119,Jameel Warney,1627866.0,https://cdn.nba.com/headshots/nba/latest/1040x760/1627866.png,NBA CDN,,candidate
P002120,Jameer Nelson,2749.0,https://cdn.nba.com/headshots/nba/latest/1040x760/2749.png,NBA CDN,,candidate
P002121,Jamel Artis,1628503.0,https://cdn.nba.com/headshots/nba/latest/1040x760/1628503.png,NBA CDN,,candidate
P002122,Jamel Thomas,1975.0,https://cdn.nba.com/headshots/nba/latest/1040x760/1975.png,NBA CDN,,candidate
P002123,James Anderson,202341.0,https://cdn.nba.com/headshots/nba/latest/1040x760/202341.png,NBA CDN,,candidate
P002124,James Augustine,200788.0,https://cdn.nba.com/headshots/nba/latest/1040x760/200788.png,NBA CDN,,candidate
P002125,James Bailey,76085.0,https://cdn.nba.com/headshots/nba/latest/1040x760/76085.png,NBA CDN,,candidate
P002126,James Blackwell,1806.0,https://cdn.nba.com/headshots/nba/latest/1040x760/1806.png,NBA CDN,,candidate
P002127,James Bouknight,1630547.0,https://cdn.nba.com/headshots/nba/latest/1040x760/1630547.png,NBA CDN,,candidate
P002128,James Collins,1530.0,https://cdn.nba.com/headshots/nba/latest/1040x760/1530.png,NBA CDN,,candidate
P002129,James Cotton,1526.0,https://cdn.nba.com/headshots/nba/latest/1040x760/1526.png,NBA CDN,,candidate
P002130,James Donaldson,76583.0,https://cdn.nba.com/headshots/nba/latest/1040x760/76583.png,NBA CDN,,candidate
P002131,James Edwards,229.0,https://cdn.nba.com/headshots/nba/latest/1040x760/229.png,NBA CDN,,candidate
P002132,James Ennis III,203516.0,https://cdn.nba.com/headshots/nba/latest/1040x760/203516.png,NBA CDN,,candidate
P002133,James Harden,201935.0,https://cdn.nba.com/headshots/nba/latest/1040x760/201935.png,NBA CDN,,candidate
P002134,James Hardy,76948.0,https://cdn.nba.com/headshots/nba/latest/1040x760/76948.png,NBA CDN,,candidate
P002135,James Johnson,201949.0,https://cdn.nba.com/headshots/nba/latest/1040x760/201949.png,NBA CDN,,candidate
P002136,James Jones,2592.0,https://cdn.nba.com/headshots/nba/latest/1040x760/2592.png,NBA CDN,,candidate
P002137,James Lang,2591.0,https://cdn.nba.com/headshots/nba/latest/1040x760/2591.png,NBA CDN,,candidate
P002138,James Michael McAdoo,203949.0,https://cdn.nba.com/headshots/nba/latest/1040x760/203949.png,NBA CDN,,candidate
P002139,James Nunnally,203263.0,https://cdn.nba.com/headshots/nba/latest/1040x760/203263.png,NBA CDN,,candidate
P002140,James Posey,1899.0,https://cdn.nba.com/headshots/nba/latest/1040x760/1899.png,NBA CDN,,candidate
P002142,James Robinson,381.0,https://cdn.nba.com/headshots/nba/latest/1040x760/381.png,NBA CDN,,candidate
P002143,James Scott,1109.0,https://cdn.nba.com/headshots/nba/latest/1040x760/1109.png,NBA CDN,,candidate
P002144,James Silas,78150.0,https://cdn.nba.com/headshots/nba/latest/1040x760/78150.png,NBA CDN,,candidate
P002145,James Singleton,101189.0,https://cdn.nba.com/headshots/nba/latest/1040x760/101189.png,NBA CDN,,candidate
P002146,James Southerland,203480.0,https://cdn.nba.com/headshots/nba/latest/1040x760/203480.png,NBA CDN,,candidate
P002147,James Thomas,2839.0,https://cdn.nba.com/headshots/nba/latest/1040x760/2839.png,NBA CDN,,candidate
P002148,James Webb III,1627821.0,https://cdn.nba.com/headshots/nba/latest/1040x760/1627821.png,NBA CDN,,candidate
P002149,James White,200778.0,https://cdn.nba.com/headshots/nba/latest/1040x760/200778.png,NBA CDN,,candidate
P002150,James Wilkes,78533.0,https://cdn.nba.com/headshots/nba/latest/1040x760/78533.png,NBA CDN,,candidate
P002151,James Wiseman,1630164.0,https://cdn.nba.com/headshots/nba/latest/1040x760/1630164.png,NBA CDN,,candidate
P002152,James Worthy,1460.0,https://cdn.nba.com/headshots/nba/latest/1040x760/1460.png,NBA CDN,,candidate
P002153,James Worthy*,1460.0,https://cdn.nba.com/headshots/nba/latest/1040x760/1460.png,NBA CDN,,candidate
P002154,James Young,203923.0,https://cdn.nba.com/headshots/nba/latest/1040x760/203923.png,NBA CDN,,candidate
P002155,JamesOn Curry,201191.0,https://cdn.nba.com/headshots/nba/latest/1040x760/201191.png,NBA CDN,,candidate
P002156,Jamie Feick,994.0,https://cdn.nba.com/headshots/nba/latest/1040x760/994.png,NBA CDN,,candidate
P002157,Jamie Waller,78445.0,https://cdn.nba.com/headshots/nba/latest/1040x760/78445.png,NBA CDN,,candidate
P002158,Jamie Watson,320.0,https://cdn.nba.com/headshots/nba/latest/1040x760/320.png,NBA CDN,,candidate
P002159,Jamil Wilson,203966.0,https://cdn.nba.com/headshots/nba/latest/1040x760/203966.png,NBA CDN,,candidate
P002160,Jamir Watkins,1642364.0,https://cdn.nba.com/headshots/nba/latest/1040x760/1642364.png,NBA CDN,,candidate
P002161,Jamison Battle,1642419.0,https://cdn.nba.com/headshots/nba/latest/1040x760/1642419.png,NBA CDN,,candidate
P002162,Jamison Brewer,2249.0,https://cdn.nba.com/headshots/nba/latest/1040x760/2249.png,NBA CDN,,candidate
P002163,Jamorko Pickett,1630691.0,https://cdn.nba.com/headshots/nba/latest/1040x760/1630691.png,NBA CDN,,candidate
P002164,Jan Veselý,202686.0,https://cdn.nba.com/headshots/nba/latest/1040x760/202686.png,NBA CDN,,candidate
P002165,Jan van Breda Kolff,78400.0,https://cdn.nba.com/headshots/nba/latest/1040x760/78400.png,NBA CDN,,candidate
P002166,Jannero Pargo,2457.0,https://cdn.nba.com/headshots/nba/latest/1040x760/2457.png,NBA CDN,,candidate
P002167,Jarace Walker,1641716.0,https://cdn.nba.com/headshots/nba/latest/1040x760/1641716.png,NBA CDN,,candidate
P002168,Jared Butler,1630215.0,https://cdn.nba.com/headshots/nba/latest/1040x760/1630215.png,NBA CDN,,candidate
P002169,Jared Cunningham,203099.0,https://cdn.nba.com/headshots/nba/latest/1040x760/203099.png,NBA CDN,,candidate
P002170,Jared Dudley,201162.0,https://cdn.nba.com/headshots/nba/latest/1040x760/201162.png,NBA CDN,,candidate
P002171,Jared Harper,1629607.0,https://cdn.nba.com/headshots/nba/latest/1040x760/1629607.png,NBA CDN,,candidate
P002172,Jared Jeffries,2407.0,https://cdn.nba.com/headshots/nba/latest/1040x760/2407.png,NBA CDN,,candidate
P002173,Jared McCain,1642272.0,https://cdn.nba.com/headshots/nba/latest/1040x760/1642272.png,NBA CDN,,candidate
P002174,Jared Reiner,2876.0,https://cdn.nba.com/headshots/nba/latest/1040x760/2876.png,NBA CDN,,candidate
P002175,Jared Rhoden,1631197.0,https://cdn.nba.com/headshots/nba/latest/1040x760/1631197.png,NBA CDN,,candidate
P002176,Jared Sullinger,203096.0,https://cdn.nba.com/headshots/nba/latest/1040x760/203096.png,NBA CDN,,candidate
P002177,Jared Terrell,1629123.0,https://cdn.nba.com/headshots/nba/latest/1040x760/1629123.png,NBA CDN,,candidate
P002178,Jarell Eddie,204067.0,https://cdn.nba.com/headshots/nba/latest/1040x760/204067.png,NBA CDN,,candidate
P002179,Jarell Martin,1626185.0,https://cdn.nba.com/headshots/nba/latest/1040x760/1626185.png,NBA CDN,,candidate
P002180,Jaren Jackson,1114.0,https://cdn.nba.com/headshots/nba/latest/1040x760/1114.png,NBA CDN,,candidate
P002181,Jaren Jackson Jr.,1628991.0,https://cdn.nba.com/headshots/nba/latest/1040x760/1628991.png,NBA CDN,,candidate
P002182,Jarnell Stokes,203950.0,https://cdn.nba.com/headshots/nba/latest/1040x760/203950.png,NBA CDN,,candidate
P002183,Jaron Blossomgame,1628417.0,https://cdn.nba.com/headshots/nba/latest/1040x760/1628417.png,NBA CDN,,candidate
P002184,Jarred Vanderbilt,1629020.0,https://cdn.nba.com/headshots/nba/latest/1040x760/1629020.png,NBA CDN,,candidate
P002185,Jarrell Brantley,1629714.0,https://cdn.nba.com/headshots/nba/latest/1040x760/1629714.png,NBA CDN,,candidate
P002186,Jarrett Allen,1628386.0,https://cdn.nba.com/headshots/nba/latest/1040x760/1628386.png,NBA CDN,,candidate
P002187,Jarrett Culver,1629633.0,https://cdn.nba.com/headshots/nba/latest/1040x760/1629633.png,NBA CDN,,candidate
P002188,Jarrett Jack,101127.0,https://cdn.nba.com/headshots/nba/latest/1040x760/101127.png,NBA CDN,,candidate
P002189,Jarrod Uthoff,1627784.0,https://cdn.nba.com/headshots/nba/latest/1040x760/1627784.png,NBA CDN,,candidate
P002190,Jarron Collins,2260.0,https://cdn.nba.com/headshots/nba/latest/1040x760/2260.png,NBA CDN,,candidate
P002191,Jarron Cumberland,1629600.0,https://cdn.nba.com/headshots/nba/latest/1040x760/1629600.png,NBA CDN,,candidate
P002192,Jarvis Hayes,2553.0,https://cdn.nba.com/headshots/nba/latest/1040x760/2553.png,NBA CDN,,candidate
P002193,Jarvis Varnado,202363.0,https://cdn.nba.com/headshots/nba/latest/1040x760/202363.png,NBA CDN,,candidate
P002194,Jase Richardson,1642859.0,https://cdn.nba.com/headshots/nba/latest/1040x760/1642859.png,NBA CDN,,candidate
P002195,Jason Caffey,679.0,https://cdn.nba.com/headshots/nba/latest/1040x760/679.png,NBA CDN,,candidate
P002196,Jason Collier,2044.0,https://cdn.nba.com/headshots/nba/latest/1040x760/2044.png,NBA CDN,,candidate
P002197,Jason Collins,2215.0,https://cdn.nba.com/headshots/nba/latest/1040x760/2215.png,NBA CDN,,candidate
P002198,Jason Hart,2078.0,https://cdn.nba.com/headshots/nba/latest/1040x760/2078.png,NBA CDN,,candidate
P002199,Jason Kapono,2574.0,https://cdn.nba.com/headshots/nba/latest/1040x760/2574.png,NBA CDN,,candidate
P002200,Jason Kidd,467.0,https://cdn.nba.com/headshots/nba/latest/1040x760/467.png,NBA CDN,,candidate
P002201,Jason Kidd*,467.0,https://cdn.nba.com/headshots/nba/latest/1040x760/467.png,NBA CDN,,candidate
P002202,Jason Lawson,1535.0,https://cdn.nba.com/headshots/nba/latest/1040x760/1535.png,NBA CDN,,candidate
P002203,Jason Maxiell,101131.0,https://cdn.nba.com/headshots/nba/latest/1040x760/101131.png,NBA CDN,,candidate
P002204,Jason Miskiri,1954.0,https://cdn.nba.com/headshots/nba/latest/1040x760/1954.png,NBA CDN,,candidate
P002205,Jason Preston,1630554.0,https://cdn.nba.com/headshots/nba/latest/1040x760/1630554.png,NBA CDN,,candidate
P002206,Jason Richardson,2202.0,https://cdn.nba.com/headshots/nba/latest/1040x760/2202.png,NBA CDN,,candidate
P002207,Jason Sasser,987.0,https://cdn.nba.com/headshots/nba/latest/1040x760/987.png,NBA CDN,,candidate
P002208,Jason Smith,201160.0,https://cdn.nba.com/headshots/nba/latest/1040x760/201160.png,NBA CDN,,candidate
P002209,Jason Terry,1891.0,https://cdn.nba.com/headshots/nba/latest/1040x760/1891.png,NBA CDN,,candidate
P002210,Jason Thompson,201574.0,https://cdn.nba.com/headshots/nba/latest/1040x760/201574.png,NBA CDN,,candidate
P002211,Jason Williams,1715.0,https://cdn.nba.com/headshots/nba/latest/1040x760/1715.png,NBA CDN,,candidate
P002212,Javaris Crittenton,201159.0,https://cdn.nba.com/headshots/nba/latest/1040x760/201159.png,NBA CDN,,candidate
P002213,Javin DeLaurier,1629602.0,https://cdn.nba.com/headshots/nba/latest/1040x760/1629602.png,NBA CDN,,candidate
P002214,Javon Freeman-Liberty,1631241.0,https://cdn.nba.com/headshots/nba/latest/1040x760/1631241.png,NBA CDN,,candidate
P002215,Javon Small,1642914.0,https://cdn.nba.com/headshots/nba/latest/1040x760/1642914.png,NBA CDN,,candidate
P002216,Javonte Cooke,1631451.0,https://cdn.nba.com/headshots/nba/latest/1040x760/1631451.png,NBA CDN,,candidate
P002217,Javonte Green,1629750.0,https://cdn.nba.com/headshots/nba/latest/1040x760/1629750.png,NBA CDN,,candidate
P002218,Javonte Smart,1630606.0,https://cdn.nba.com/headshots/nba/latest/1040x760/1630606.png,NBA CDN,,candidate
P002219,Jawad Williams,101214.0,https://cdn.nba.com/headshots/nba/latest/1040x760/101214.png,NBA CDN,,candidate
P002220,Jawann Oldham,77757.0,https://cdn.nba.com/headshots/nba/latest/1040x760/77757.png,NBA CDN,,candidate
P002221,Jawun Evans,1628393.0,https://cdn.nba.com/headshots/nba/latest/1040x760/1628393.png,NBA CDN,,candidate
P002222,Jaxson Hayes,1629637.0,https://cdn.nba.com/headshots/nba/latest/1040x760/1629637.png,NBA CDN,,candidate
P002223,Jay Arnette,76063.0,https://cdn.nba.com/headshots/nba/latest/1040x760/76063.png,NBA CDN,,candidate
P002224,Jay Carty,76363.0,https://cdn.nba.com/headshots/nba/latest/1040x760/76363.png,NBA CDN,,candidate
P002225,Jay Edwards,76643.0,https://cdn.nba.com/headshots/nba/latest/1040x760/76643.png,NBA CDN,,candidate
P002226,Jay Guidinger,76904.0,https://cdn.nba.com/headshots/nba/latest/1040x760/76904.png,NBA CDN,,candidate
P002227,Jay Huff,1630643.0,https://cdn.nba.com/headshots/nba/latest/1040x760/1630643.png,NBA CDN,,candidate
P002228,Jay Humphries,77081.0,https://cdn.nba.com/headshots/nba/latest/1040x760/77081.png,NBA CDN,,candidate
P002229,Jay Miller,77601.0,https://cdn.nba.com/headshots/nba/latest/1040x760/77601.png,NBA CDN,,candidate
P002230,Jay Murphy,77670.0,https://cdn.nba.com/headshots/nba/latest/1040x760/77670.png,NBA CDN,,candidate
P002231,Jay Scrubb,1630206.0,https://cdn.nba.com/headshots/nba/latest/1040x760/1630206.png,NBA CDN,,candidate
P002232,Jay Taylor,78297.0,https://cdn.nba.com/headshots/nba/latest/1040x760/78297.png,NBA CDN,,candidate
P002233,Jay Vincent,78418.0,https://cdn.nba.com/headshots/nba/latest/1040x760/78418.png,NBA CDN,,candidate
P002234,Jay Williams,2398.0,https://cdn.nba.com/headshots/nba/latest/1040x760/2398.png,NBA CDN,,candidate
P002235,Jaylen Adams,1629121.0,https://cdn.nba.com/headshots/nba/latest/1040x760/1629121.png,NBA CDN,,candidate
P002236,Jaylen Brown,1627759.0,https://cdn.nba.com/headshots/nba/latest/1040x760/1627759.png,NBA CDN,,candidate
P002237,Jaylen Clark,1641740.0,https://cdn.nba.com/headshots/nba/latest/1040x760/1641740.png,NBA CDN,,candidate
P002238,Jaylen Hoard,1629658.0,https://cdn.nba.com/headshots/nba/latest/1040x760/1629658.png,NBA CDN,,candidate
P002239,Jaylen Martin,1641798.0,https://cdn.nba.com/headshots/nba/latest/1040x760/1641798.png,NBA CDN,,candidate
P002240,Jaylen Morris,1628537.0,https://cdn.nba.com/headshots/nba/latest/1040x760/1628537.png,NBA CDN,,candidate
P002241,Jaylen Nowell,1629669.0,https://cdn.nba.com/headshots/nba/latest/1040x760/1629669.png,NBA CDN,,candidate
P002242,Jaylen Sims,1631301.0,https://cdn.nba.com/headshots/nba/latest/1040x760/1631301.png,NBA CDN,,candidate
P002243,Jaylen Wells,1642377.0,https://cdn.nba.com/headshots/nba/latest/1040x760/1642377.png,NBA CDN,,candidate
P002244,Jaylin Williams,1631119.0,https://cdn.nba.com/headshots/nba/latest/1040x760/1631119.png,NBA CDN,,candidate
P002245,Jaylon Tyson,1642281.0,https://cdn.nba.com/headshots/nba/latest/1040x760/1642281.png,NBA CDN,,candidate
P002246,Jaysean Paige,1629873.0,https://cdn.nba.com/headshots/nba/latest/1040x760/1629873.png,NBA CDN,,candidate
P002247,Jayson Kent,1643257.0,https://cdn.nba.com/headshots/nba/latest/1040x760/1643257.png,NBA CDN,,candidate
P002248,Jayson Tatum,1628369.0,https://cdn.nba.com/headshots/nba/latest/1040x760/1628369.png,NBA CDN,,candidate
P002249,Jayson Williams,420.0,https://cdn.nba.com/headshots/nba/latest/1040x760/420.png,NBA CDN,,candidate
P002250,Jazian Gortman,1641789.0,https://cdn.nba.com/headshots/nba/latest/1040x760/1641789.png,NBA CDN,,candidate
P002251,Jeff Adrien,202399.0,https://cdn.nba.com/headshots/nba/latest/1040x760/202399.png,NBA CDN,,candidate
P002252,Jeff Ayres,201965.0,https://cdn.nba.com/headshots/nba/latest/1040x760/201965.png,NBA CDN,,candidate
P002253,Jeff Cook,76436.0,https://cdn.nba.com/headshots/nba/latest/1040x760/76436.png,NBA CDN,,candidate
P002254,Jeff Cross,76476.0,https://cdn.nba.com/headshots/nba/latest/1040x760/76476.png,NBA CDN,,candidate
P002255,Jeff Dowtin Jr.,1630288.0,https://cdn.nba.com/headshots/nba/latest/1040x760/1630288.png,NBA CDN,,candidate
P002256,Jeff Foote,202880.0,https://cdn.nba.com/headshots/nba/latest/1040x760/202880.png,NBA CDN,,candidate
P002257,Jeff Foster,1902.0,https://cdn.nba.com/headshots/nba/latest/1040x760/1902.png,NBA CDN,,candidate
P002258,Jeff Grayer,81.0,https://cdn.nba.com/headshots/nba/latest/1040x760/81.png,NBA CDN,,candidate
P002259,Jeff Green,201145.0,https://cdn.nba.com/headshots/nba/latest/1040x760/201145.png,NBA CDN,,candidate
P002260,Jeff Halliburton,76923.0,https://cdn.nba.com/headshots/nba/latest/1040x760/76923.png,NBA CDN,,candidate
P002261,Jeff Hornacek,204.0,https://cdn.nba.com/headshots/nba/latest/1040x760/204.png,NBA CDN,,candidate
P002262,Jeff Judkins,77215.0,https://cdn.nba.com/headshots/nba/latest/1040x760/77215.png,NBA CDN,,candidate
P002263,Jeff Lamp,77332.0,https://cdn.nba.com/headshots/nba/latest/1040x760/77332.png,NBA CDN,,candidate
P002264,Jeff Lebo,77354.0,https://cdn.nba.com/headshots/nba/latest/1040x760/77354.png,NBA CDN,,candidate
P002265,Jeff Malone,117.0,https://cdn.nba.com/headshots/nba/latest/1040x760/117.png,NBA CDN,,candidate
P002266,Jeff Martin,77474.0,https://cdn.nba.com/headshots/nba/latest/1040x760/77474.png,NBA CDN,,candidate
P002267,Jeff McInnis,976.0,https://cdn.nba.com/headshots/nba/latest/1040x760/976.png,NBA CDN,,candidate
P002268,Jeff Mullins,77662.0,https://cdn.nba.com/headshots/nba/latest/1040x760/77662.png,NBA CDN,,candidate
P002269,Jeff Nordgaard,999.0,https://cdn.nba.com/headshots/nba/latest/1040x760/999.png,NBA CDN,,candidate
P002270,Jeff Ruland,78041.0,https://cdn.nba.com/headshots/nba/latest/1040x760/78041.png,NBA CDN,,candidate
P002271,Jeff Sanders,1874.0,https://cdn.nba.com/headshots/nba/latest/1040x760/1874.png,NBA CDN,,candidate
P002272,Jeff Sheppard,1852.0,https://cdn.nba.com/headshots/nba/latest/1040x760/1852.png,NBA CDN,,candidate
P002273,Jeff Slade,78170.0,https://cdn.nba.com/headshots/nba/latest/1040x760/78170.png,NBA CDN,,candidate
P002274,Jeff Taylor,78299.0,https://cdn.nba.com/headshots/nba/latest/1040x760/78299.png,NBA CDN,,candidate
P002275,Jeff Teague,201952.0,https://cdn.nba.com/headshots/nba/latest/1040x760/201952.png,NBA CDN,,candidate
P002276,Jeff Trepagnier,2244.0,https://cdn.nba.com/headshots/nba/latest/1040x760/2244.png,NBA CDN,,candidate
P002277,Jeff Turner,78381.0,https://cdn.nba.com/headshots/nba/latest/1040x760/78381.png,NBA CDN,,candidate
P002278,Jeff Webb,78477.0,https://cdn.nba.com/headshots/nba/latest/1040x760/78477.png,NBA CDN,,candidate
P002279,Jeff Webster,1067.0,https://cdn.nba.com/headshots/nba/latest/1040x760/1067.png,NBA CDN,,candidate
P002280,Jeff Wilkins,78537.0,https://cdn.nba.com/headshots/nba/latest/1040x760/78537.png,NBA CDN,,candidate
P002281,Jeff Withey,203481.0,https://cdn.nba.com/headshots/nba/latest/1040x760/203481.png,NBA CDN,,candidate
P002282,Jelani McCoy,1741.0,https://cdn.nba.com/headshots/nba/latest/1040x760/1741.png,NBA CDN,,candidate
P002283,Jemerrio Jones,1629203.0,https://cdn.nba.com/headshots/nba/latest/1040x760/1629203.png,NBA CDN,,candidate
P002284,Jerald Honeycutt,1532.0,https://cdn.nba.com/headshots/nba/latest/1040x760/1532.png,NBA CDN,,candidate
P002285,Jerami Grant,203924.0,https://cdn.nba.com/headshots/nba/latest/1040x760/203924.png,NBA CDN,,candidate
P002286,Jerel McNeal,202077.0,https://cdn.nba.com/headshots/nba/latest/1040x760/202077.png,NBA CDN,,candidate
P002287,Jeremiah Fears,1642847.0,https://cdn.nba.com/headshots/nba/latest/1040x760/1642847.png,NBA CDN,,candidate
P002288,Jeremiah Martin,1629725.0,https://cdn.nba.com/headshots/nba/latest/1040x760/1629725.png,NBA CDN,,candidate
P002289,Jeremiah Robinson-Earl,1630526.0,https://cdn.nba.com/headshots/nba/latest/1040x760/1630526.png,NBA CDN,,candidate
P002290,Jeremy Evans,202379.0,https://cdn.nba.com/headshots/nba/latest/1040x760/202379.png,NBA CDN,,candidate
P002291,Jeremy Lamb,203087.0,https://cdn.nba.com/headshots/nba/latest/1040x760/203087.png,NBA CDN,,candidate
P002292,Jeremy Lin,202391.0,https://cdn.nba.com/headshots/nba/latest/1040x760/202391.png,NBA CDN,,candidate
P002293,Jeremy Pargo,202951.0,https://cdn.nba.com/headshots/nba/latest/1040x760/202951.png,NBA CDN,,candidate
P002294,Jeremy Richardson,200978.0,https://cdn.nba.com/headshots/nba/latest/1040x760/200978.png,NBA CDN,,candidate
P002295,Jeremy Sochan,1631110.0,https://cdn.nba.com/headshots/nba/latest/1040x760/1631110.png,NBA CDN,,candidate
P002296,Jeremy Tyler,202719.0,https://cdn.nba.com/headshots/nba/latest/1040x760/202719.png,NBA CDN,,candidate
P002297,Jerian Grant,1626170.0,https://cdn.nba.com/headshots/nba/latest/1040x760/1626170.png,NBA CDN,,candidate
P002298,Jericho Sims,1630579.0,https://cdn.nba.com/headshots/nba/latest/1040x760/1630579.png,NBA CDN,,candidate
P002299,Jermaine Jackson,1983.0,https://cdn.nba.com/headshots/nba/latest/1040x760/1983.png,NBA CDN,,candidate
P002300,Jermaine O'Neal,979.0,https://cdn.nba.com/headshots/nba/latest/1040x760/979.png,NBA CDN,,candidate
P002302,Jermaine Taylor,201966.0,https://cdn.nba.com/headshots/nba/latest/1040x760/201966.png,NBA CDN,,candidate
P002303,Jermareo Davidson,201176.0,https://cdn.nba.com/headshots/nba/latest/1040x760/201176.png,NBA CDN,,candidate
P002304,Jerome Allen,706.0,https://cdn.nba.com/headshots/nba/latest/1040x760/706.png,NBA CDN,,candidate
P002305,Jerome Anderson,76040.0,https://cdn.nba.com/headshots/nba/latest/1040x760/76040.png,NBA CDN,,candidate
P002306,Jerome Beasley,2602.0,https://cdn.nba.com/headshots/nba/latest/1040x760/2602.png,NBA CDN,,candidate
P002307,Jerome Dyson,202406.0,https://cdn.nba.com/headshots/nba/latest/1040x760/202406.png,NBA CDN,,candidate
P002308,Jerome Harmon,76952.0,https://cdn.nba.com/headshots/nba/latest/1040x760/76952.png,NBA CDN,,candidate
P002309,Jerome Henderson,76992.0,https://cdn.nba.com/headshots/nba/latest/1040x760/76992.png,NBA CDN,,candidate
P002310,Jerome James,1744.0,https://cdn.nba.com/headshots/nba/latest/1040x760/1744.png,NBA CDN,,candidate
P002311,Jerome Jordan,202366.0,https://cdn.nba.com/headshots/nba/latest/1040x760/202366.png,NBA CDN,,candidate
P002312,Jerome Kersey,760.0,https://cdn.nba.com/headshots/nba/latest/1040x760/760.png,NBA CDN,,candidate
P002313,Jerome Lane,77335.0,https://cdn.nba.com/headshots/nba/latest/1040x760/77335.png,NBA CDN,,candidate
P002314,Jerome Robinson,1629010.0,https://cdn.nba.com/headshots/nba/latest/1040x760/1629010.png,NBA CDN,,candidate
P002315,Jerome Whitehead,78516.0,https://cdn.nba.com/headshots/nba/latest/1040x760/78516.png,NBA CDN,,candidate
P002316,Jerome Williams,966.0,https://cdn.nba.com/headshots/nba/latest/1040x760/966.png,NBA CDN,,candidate
P002317,Jerrelle Benimon,203968.0,https://cdn.nba.com/headshots/nba/latest/1040x760/203968.png,NBA CDN,,candidate
P002318,Jerrod Mustaf,1054.0,https://cdn.nba.com/headshots/nba/latest/1040x760/1054.png,NBA CDN,,candidate
P002319,Jerry Baskerville,76119.0,https://cdn.nba.com/headshots/nba/latest/1040x760/76119.png,NBA CDN,,candidate
P002320,Jerry Bird,76168.0,https://cdn.nba.com/headshots/nba/latest/1040x760/76168.png,NBA CDN,,candidate
P002321,Jerry Chambers,76376.0,https://cdn.nba.com/headshots/nba/latest/1040x760/76376.png,NBA CDN,,candidate
P002322,Jerry Eaves,76632.0,https://cdn.nba.com/headshots/nba/latest/1040x760/76632.png,NBA CDN,,candidate
P002323,Jerry Fleishman,76721.0,https://cdn.nba.com/headshots/nba/latest/1040x760/76721.png,NBA CDN,,candidate
P002324,Jerry Fowler,76745.0,https://cdn.nba.com/headshots/nba/latest/1040x760/76745.png,NBA CDN,,candidate
P002325,Jerry Greenspan,76880.0,https://cdn.nba.com/headshots/nba/latest/1040x760/76880.png,NBA CDN,,candidate
P002326,Jerry Grote,76896.0,https://cdn.nba.com/headshots/nba/latest/1040x760/76896.png,NBA CDN,,candidate
P002327,Jerry Harkness,76950.0,https://cdn.nba.com/headshots/nba/latest/1040x760/76950.png,NBA CDN,,candidate
P002328,Jerry Lucas,77418.0,https://cdn.nba.com/headshots/nba/latest/1040x760/77418.png,NBA CDN,,candidate
P002329,Jerry Lucas*,77418.0,https://cdn.nba.com/headshots/nba/latest/1040x760/77418.png,NBA CDN,,candidate
P002330,Jerry Paulson,77816.0,https://cdn.nba.com/headshots/nba/latest/1040x760/77816.png,NBA CDN,,candidate
P002331,Jerry Reynolds,77946.0,https://cdn.nba.com/headshots/nba/latest/1040x760/77946.png,NBA CDN,,candidate
P002332,Jerry Sichting,78146.0,https://cdn.nba.com/headshots/nba/latest/1040x760/78146.png,NBA CDN,,candidate
P002333,Jerry Sloan,78173.0,https://cdn.nba.com/headshots/nba/latest/1040x760/78173.png,NBA CDN,,candidate
P002334,Jerry Sloan*,78173.0,https://cdn.nba.com/headshots/nba/latest/1040x760/78173.png,NBA CDN,,candidate
P002335,Jerry Smith,202536.0,https://cdn.nba.com/headshots/nba/latest/1040x760/202536.png,NBA CDN,,candidate
P002336,Jerry Stackhouse,711.0,https://cdn.nba.com/headshots/nba/latest/1040x760/711.png,NBA CDN,,candidate
P002337,Jerry West,78497.0,https://cdn.nba.com/headshots/nba/latest/1040x760/78497.png,NBA CDN,,candidate
P002338,Jerry West*,78497.0,https://cdn.nba.com/headshots/nba/latest/1040x760/78497.png,NBA CDN,,candidate
P002339,Jerryd Bayless,201573.0,https://cdn.nba.com/headshots/nba/latest/1040x760/201573.png,NBA CDN,,candidate
P002340,Jeryl Sasser,2219.0,https://cdn.nba.com/headshots/nba/latest/1040x760/2219.png,NBA CDN,,candidate
P002341,Jesse Arnelle,76062.0,https://cdn.nba.com/headshots/nba/latest/1040x760/76062.png,NBA CDN,,candidate
P002342,Jesse Branson,76240.0,https://cdn.nba.com/headshots/nba/latest/1040x760/76240.png,NBA CDN,,candidate
P002343,Jesse Dark,76509.0,https://cdn.nba.com/headshots/nba/latest/1040x760/76509.png,NBA CDN,,candidate
P002344,Jesse Edwards,1642399.0,https://cdn.nba.com/headshots/nba/latest/1040x760/1642399.png,NBA CDN,,candidate
P002345,Jett Howard,1641724.0,https://cdn.nba.com/headshots/nba/latest/1040x760/1641724.png,NBA CDN,,candidate
P002346,Jevon Carter,1628975.0,https://cdn.nba.com/headshots/nba/latest/1040x760/1628975.png,NBA CDN,,candidate
P002347,Jim Ard,76055.0,https://cdn.nba.com/headshots/nba/latest/1040x760/76055.png,NBA CDN,,candidate
P002348,Jim Baechtold,76081.0,https://cdn.nba.com/headshots/nba/latest/1040x760/76081.png,NBA CDN,,candidate
P002349,Jim Barnes,76105.0,https://cdn.nba.com/headshots/nba/latest/1040x760/76105.png,NBA CDN,,candidate
P002350,Jim Barnett,76106.0,https://cdn.nba.com/headshots/nba/latest/1040x760/76106.png,NBA CDN,,candidate
P002351,Jim Bostic,76211.0,https://cdn.nba.com/headshots/nba/latest/1040x760/76211.png,NBA CDN,,candidate
P002352,Jim Brasco,76241.0,https://cdn.nba.com/headshots/nba/latest/1040x760/76241.png,NBA CDN,,candidate
P002353,Jim Brewer,76248.0,https://cdn.nba.com/headshots/nba/latest/1040x760/76248.png,NBA CDN,,candidate
P002354,Jim Brogan,76262.0,https://cdn.nba.com/headshots/nba/latest/1040x760/76262.png,NBA CDN,,candidate
P002355,Jim Burns,76309.0,https://cdn.nba.com/headshots/nba/latest/1040x760/76309.png,NBA CDN,,candidate
P002356,Jim Caldwell,76328.0,https://cdn.nba.com/headshots/nba/latest/1040x760/76328.png,NBA CDN,,candidate
P002357,Jim Chones,76392.0,https://cdn.nba.com/headshots/nba/latest/1040x760/76392.png,NBA CDN,,candidate
P002358,Jim Cleamons,76402.0,https://cdn.nba.com/headshots/nba/latest/1040x760/76402.png,NBA CDN,,candidate
P002359,Jim Creighton,76468.0,https://cdn.nba.com/headshots/nba/latest/1040x760/76468.png,NBA CDN,,candidate
P002360,Jim Davis,76525.0,https://cdn.nba.com/headshots/nba/latest/1040x760/76525.png,NBA CDN,,candidate
P002361,Jim Eakins,76628.0,https://cdn.nba.com/headshots/nba/latest/1040x760/76628.png,NBA CDN,,candidate
P002362,Jim Farmer,76695.0,https://cdn.nba.com/headshots/nba/latest/1040x760/76695.png,NBA CDN,,candidate
P002363,Jim Fox,76747.0,https://cdn.nba.com/headshots/nba/latest/1040x760/76747.png,NBA CDN,,candidate
P002364,Jim Fritsche,76760.0,https://cdn.nba.com/headshots/nba/latest/1040x760/76760.png,NBA CDN,,candidate
P002365,Jim Garvin,76793.0,https://cdn.nba.com/headshots/nba/latest/1040x760/76793.png,NBA CDN,,candidate
P002366,Jim Grandholm,76844.0,https://cdn.nba.com/headshots/nba/latest/1040x760/76844.png,NBA CDN,,candidate
P002367,Jim Holstein,77045.0,https://cdn.nba.com/headshots/nba/latest/1040x760/77045.png,NBA CDN,,candidate
P002368,Jim Jackson,754.0,https://cdn.nba.com/headshots/nba/latest/1040x760/754.png,NBA CDN,,candidate
P002369,Jim Johnstone,77171.0,https://cdn.nba.com/headshots/nba/latest/1040x760/77171.png,NBA CDN,,candidate
P002370,Jim King,77270.0,https://cdn.nba.com/headshots/nba/latest/1040x760/77270.png,NBA CDN,,candidate
P002371,Jim Krebs,77311.0,https://cdn.nba.com/headshots/nba/latest/1040x760/77311.png,NBA CDN,,candidate
P002372,Jim Lampley,77333.0,https://cdn.nba.com/headshots/nba/latest/1040x760/77333.png,NBA CDN,,candidate
P002373,Jim Les,77372.0,https://cdn.nba.com/headshots/nba/latest/1040x760/77372.png,NBA CDN,,candidate
P002374,Jim Loscutoff,77409.0,https://cdn.nba.com/headshots/nba/latest/1040x760/77409.png,NBA CDN,,candidate
P002375,Jim Luisi,77422.0,https://cdn.nba.com/headshots/nba/latest/1040x760/77422.png,NBA CDN,,candidate
P002376,Jim Marsh,77466.0,https://cdn.nba.com/headshots/nba/latest/1040x760/77466.png,NBA CDN,,candidate
P002377,Jim McDaniels,77523.0,https://cdn.nba.com/headshots/nba/latest/1040x760/77523.png,NBA CDN,,candidate
P002378,Jim McElroy,77528.0,https://cdn.nba.com/headshots/nba/latest/1040x760/77528.png,NBA CDN,,candidate
P002379,Jim McIlvaine,29.0,https://cdn.nba.com/headshots/nba/latest/1040x760/29.png,NBA CDN,,candidate
P002380,Jim McMillian,77554.0,https://cdn.nba.com/headshots/nba/latest/1040x760/77554.png,NBA CDN,,candidate
P002381,Jim Mooney,77631.0,https://cdn.nba.com/headshots/nba/latest/1040x760/77631.png,NBA CDN,,candidate
P002382,Jim Neal,77695.0,https://cdn.nba.com/headshots/nba/latest/1040x760/77695.png,NBA CDN,,candidate
P002383,Jim Owens,77784.0,https://cdn.nba.com/headshots/nba/latest/1040x760/77784.png,NBA CDN,,candidate
P002384,Jim Palmer,77792.0,https://cdn.nba.com/headshots/nba/latest/1040x760/77792.png,NBA CDN,,candidate
P002386,Jim Petersen,77839.0,https://cdn.nba.com/headshots/nba/latest/1040x760/77839.png,NBA CDN,,candidate
P002387,Jim Phelan,77849.0,https://cdn.nba.com/headshots/nba/latest/1040x760/77849.png,NBA CDN,,candidate
P002388,Jim Pollard,77867.0,https://cdn.nba.com/headshots/nba/latest/1040x760/77867.png,NBA CDN,,candidate
P002389,Jim Pollard*,77867.0,https://cdn.nba.com/headshots/nba/latest/1040x760/77867.png,NBA CDN,,candidate
P002390,Jim Price,77883.0,https://cdn.nba.com/headshots/nba/latest/1040x760/77883.png,NBA CDN,,candidate
P002391,Jim Ray,77919.0,https://cdn.nba.com/headshots/nba/latest/1040x760/77919.png,NBA CDN,,candidate
P002392,Jim Reid,77935.0,https://cdn.nba.com/headshots/nba/latest/1040x760/77935.png,NBA CDN,,candidate
P002393,Jim Rowinski,78029.0,https://cdn.nba.com/headshots/nba/latest/1040x760/78029.png,NBA CDN,,candidate
P002394,Jim Slaughter,78171.0,https://cdn.nba.com/headshots/nba/latest/1040x760/78171.png,NBA CDN,,candidate
P002395,Jim Smith,78191.0,https://cdn.nba.com/headshots/nba/latest/1040x760/78191.png,NBA CDN,,candidate
P002396,Jim Spanarkel,78222.0,https://cdn.nba.com/headshots/nba/latest/1040x760/78222.png,NBA CDN,,candidate
P002397,Jim Thomas,78320.0,https://cdn.nba.com/headshots/nba/latest/1040x760/78320.png,NBA CDN,,candidate
P002398,Jim Tucker,78374.0,https://cdn.nba.com/headshots/nba/latest/1040x760/78374.png,NBA CDN,,candidate
P002399,Jim Walsh,78446.0,https://cdn.nba.com/headshots/nba/latest/1040x760/78446.png,NBA CDN,,candidate
P002400,Jim Ware,78457.0,https://cdn.nba.com/headshots/nba/latest/1040x760/78457.png,NBA CDN,,candidate
P002401,Jim Washington,78466.0,https://cdn.nba.com/headshots/nba/latest/1040x760/78466.png,NBA CDN,,candidate
P002402,Jim Zoet,78647.0,https://cdn.nba.com/headshots/nba/latest/1040x760/78647.png,NBA CDN,,candidate
P002403,Jimmer Fredette,202690.0,https://cdn.nba.com/headshots/nba/latest/1040x760/202690.png,NBA CDN,,candidate
P002405,Jimmy Carruth,1131.0,https://cdn.nba.com/headshots/nba/latest/1040x760/1131.png,NBA CDN,,candidate
P002406,Jimmy Collins,76419.0,https://cdn.nba.com/headshots/nba/latest/1040x760/76419.png,NBA CDN,,candidate
P002407,Jimmy Darrow,76511.0,https://cdn.nba.com/headshots/nba/latest/1040x760/76511.png,NBA CDN,,candidate
P002408,Jimmy Jones,77186.0,https://cdn.nba.com/headshots/nba/latest/1040x760/77186.png,NBA CDN,,candidate
P002409,Jimmy King,728.0,https://cdn.nba.com/headshots/nba/latest/1040x760/728.png,NBA CDN,,candidate
P002410,Jimmy Oliver,1429.0,https://cdn.nba.com/headshots/nba/latest/1040x760/1429.png,NBA CDN,,candidate
P002411,Jimmy Walker,78439.0,https://cdn.nba.com/headshots/nba/latest/1040x760/78439.png,NBA CDN,,candidate
P002412,Jiří Welsch,2412.0,https://cdn.nba.com/headshots/nba/latest/1040x760/2412.png,NBA CDN,,candidate
P002416,Joakim Noah,201149.0,https://cdn.nba.com/headshots/nba/latest/1040x760/201149.png,NBA CDN,,candidate
P002417,Joan Beringer,1642866.0,https://cdn.nba.com/headshots/nba/latest/1040x760/1642866.png,NBA CDN,,candidate
P002418,Joby Wright,78622.0,https://cdn.nba.com/headshots/nba/latest/1040x760/78622.png,NBA CDN,,candidate
P002419,Jock Landale,1629111.0,https://cdn.nba.com/headshots/nba/latest/1040x760/1629111.png,NBA CDN,,candidate
P002420,Jodie Meeks,201975.0,https://cdn.nba.com/headshots/nba/latest/1040x760/201975.png,NBA CDN,,candidate
P002421,Joe Alexander,201570.0,https://cdn.nba.com/headshots/nba/latest/1040x760/201570.png,NBA CDN,,candidate
P002422,Joe Arlauckas,76057.0,https://cdn.nba.com/headshots/nba/latest/1040x760/76057.png,NBA CDN,,candidate
P002423,Joe Barry Carroll,76353.0,https://cdn.nba.com/headshots/nba/latest/1040x760/76353.png,NBA CDN,,candidate
P002424,Joe Binion,76167.0,https://cdn.nba.com/headshots/nba/latest/1040x760/76167.png,NBA CDN,,candidate
P002425,Joe Bryant,76290.0,https://cdn.nba.com/headshots/nba/latest/1040x760/76290.png,NBA CDN,,candidate
P002426,Joe Buckhalter,76293.0,https://cdn.nba.com/headshots/nba/latest/1040x760/76293.png,NBA CDN,,candidate
P002427,Joe Caldwell,76329.0,https://cdn.nba.com/headshots/nba/latest/1040x760/76329.png,NBA CDN,,candidate
P002428,Joe Chealey,1629147.0,https://cdn.nba.com/headshots/nba/latest/1040x760/1629147.png,NBA CDN,,candidate
P002429,Joe Cooke,76440.0,https://cdn.nba.com/headshots/nba/latest/1040x760/76440.png,NBA CDN,,candidate
P002430,Joe Cooper,76443.0,https://cdn.nba.com/headshots/nba/latest/1040x760/76443.png,NBA CDN,,candidate
P002431,Joe Courtney,1432.0,https://cdn.nba.com/headshots/nba/latest/1040x760/1432.png,NBA CDN,,candidate
P002432,Joe Crawford,201621.0,https://cdn.nba.com/headshots/nba/latest/1040x760/201621.png,NBA CDN,,candidate
P002433,Joe Crispin,2343.0,https://cdn.nba.com/headshots/nba/latest/1040x760/2343.png,NBA CDN,,candidate
P002434,Joe Dumars,247.0,https://cdn.nba.com/headshots/nba/latest/1040x760/247.png,NBA CDN,,candidate
P002435,Joe Dumars*,247.0,https://cdn.nba.com/headshots/nba/latest/1040x760/247.png,NBA CDN,,candidate
P002436,Joe Ellis,76661.0,https://cdn.nba.com/headshots/nba/latest/1040x760/76661.png,NBA CDN,,candidate
P002437,Joe Fulks,76764.0,https://cdn.nba.com/headshots/nba/latest/1040x760/76764.png,NBA CDN,,candidate
P002438,Joe Fulks*,76764.0,https://cdn.nba.com/headshots/nba/latest/1040x760/76764.png,NBA CDN,,candidate
P002439,Joe Graboski,76838.0,https://cdn.nba.com/headshots/nba/latest/1040x760/76838.png,NBA CDN,,candidate
P002440,Joe Harris,203925.0,https://cdn.nba.com/headshots/nba/latest/1040x760/203925.png,NBA CDN,,candidate
P002442,Joe Holland,77041.0,https://cdn.nba.com/headshots/nba/latest/1040x760/77041.png,NBA CDN,,candidate
P002443,Joe Holup,77049.0,https://cdn.nba.com/headshots/nba/latest/1040x760/77049.png,NBA CDN,,candidate
P002444,Joe Hutton,77090.0,https://cdn.nba.com/headshots/nba/latest/1040x760/77090.png,NBA CDN,,candidate
P002445,Joe Ingles,204060.0,https://cdn.nba.com/headshots/nba/latest/1040x760/204060.png,NBA CDN,,candidate
P002446,Joe Johnson,2207.0,https://cdn.nba.com/headshots/nba/latest/1040x760/2207.png,NBA CDN,,candidate
P002447,Joe Kennedy,77244.0,https://cdn.nba.com/headshots/nba/latest/1040x760/77244.png,NBA CDN,,candidate
P002448,Joe Kleine,170.0,https://cdn.nba.com/headshots/nba/latest/1040x760/170.png,NBA CDN,,candidate
P002449,Joe Kopicki,77300.0,https://cdn.nba.com/headshots/nba/latest/1040x760/77300.png,NBA CDN,,candidate
P002450,Joe McNamee,77559.0,https://cdn.nba.com/headshots/nba/latest/1040x760/77559.png,NBA CDN,,candidate
P002451,Joe Meriweather,77582.0,https://cdn.nba.com/headshots/nba/latest/1040x760/77582.png,NBA CDN,,candidate
P002452,Joe Pace,77788.0,https://cdn.nba.com/headshots/nba/latest/1040x760/77788.png,NBA CDN,,candidate
P002453,Joe Reaves,77923.0,https://cdn.nba.com/headshots/nba/latest/1040x760/77923.png,NBA CDN,,candidate
P002454,Joe Roberts,77977.0,https://cdn.nba.com/headshots/nba/latest/1040x760/77977.png,NBA CDN,,candidate
P002455,Joe Ruklick,78040.0,https://cdn.nba.com/headshots/nba/latest/1040x760/78040.png,NBA CDN,,candidate
P002456,Joe Smith,693.0,https://cdn.nba.com/headshots/nba/latest/1040x760/693.png,NBA CDN,,candidate
P002457,Joe Smyth,78212.0,https://cdn.nba.com/headshots/nba/latest/1040x760/78212.png,NBA CDN,,candidate
P002458,Joe Stephens,1086.0,https://cdn.nba.com/headshots/nba/latest/1040x760/1086.png,NBA CDN,,candidate
P002459,Joe Strawder,78268.0,https://cdn.nba.com/headshots/nba/latest/1040x760/78268.png,NBA CDN,,candidate
P002460,Joe Thomas,78321.0,https://cdn.nba.com/headshots/nba/latest/1040x760/78321.png,NBA CDN,,candidate
P002461,Joe Wieskamp,1630580.0,https://cdn.nba.com/headshots/nba/latest/1040x760/1630580.png,NBA CDN,,candidate
P002462,Joe Wolf,341.0,https://cdn.nba.com/headshots/nba/latest/1040x760/341.png,NBA CDN,,candidate
P002463,Joe Young,1626202.0,https://cdn.nba.com/headshots/nba/latest/1040x760/1626202.png,NBA CDN,,candidate
P002464,Joel Anthony,201202.0,https://cdn.nba.com/headshots/nba/latest/1040x760/201202.png,NBA CDN,,candidate
P002465,Joel Ayayi,1630555.0,https://cdn.nba.com/headshots/nba/latest/1040x760/1630555.png,NBA CDN,,candidate
P002466,Joel Bolomboy,1627762.0,https://cdn.nba.com/headshots/nba/latest/1040x760/1627762.png,NBA CDN,,candidate
P002467,Joel Embiid,203954.0,https://cdn.nba.com/headshots/nba/latest/1040x760/203954.png,NBA CDN,,candidate
P002468,Joel Freeland,200777.0,https://cdn.nba.com/headshots/nba/latest/1040x760/200777.png,NBA CDN,,candidate
P002469,Joel Kramer,77308.0,https://cdn.nba.com/headshots/nba/latest/1040x760/77308.png,NBA CDN,,candidate
P002470,Joel Przybilla,2038.0,https://cdn.nba.com/headshots/nba/latest/1040x760/2038.png,NBA CDN,,candidate
P002471,Joey Dorsey,201595.0,https://cdn.nba.com/headshots/nba/latest/1040x760/201595.png,NBA CDN,,candidate
P002472,Joey Graham,101121.0,https://cdn.nba.com/headshots/nba/latest/1040x760/101121.png,NBA CDN,,candidate
P002473,Joffrey Lauvergne,203530.0,https://cdn.nba.com/headshots/nba/latest/1040x760/203530.png,NBA CDN,,candidate
P002474,Johan Petro,101130.0,https://cdn.nba.com/headshots/nba/latest/1040x760/101130.png,NBA CDN,,candidate
P002475,John Amaechi,680.0,https://cdn.nba.com/headshots/nba/latest/1040x760/680.png,NBA CDN,,candidate
P002476,John Arthurs,76065.0,https://cdn.nba.com/headshots/nba/latest/1040x760/76065.png,NBA CDN,,candidate
P002477,John Bagley,76082.0,https://cdn.nba.com/headshots/nba/latest/1040x760/76082.png,NBA CDN,,candidate
P002478,John Barber,76096.0,https://cdn.nba.com/headshots/nba/latest/1040x760/76096.png,NBA CDN,,candidate
P002479,John Barnhill,76108.0,https://cdn.nba.com/headshots/nba/latest/1040x760/76108.png,NBA CDN,,candidate
P002480,John Battle,174.0,https://cdn.nba.com/headshots/nba/latest/1040x760/174.png,NBA CDN,,candidate
P002481,John Block,76187.0,https://cdn.nba.com/headshots/nba/latest/1040x760/76187.png,NBA CDN,,candidate
P002482,John Brisker,76256.0,https://cdn.nba.com/headshots/nba/latest/1040x760/76256.png,NBA CDN,,candidate
P002483,John Brown,76276.0,https://cdn.nba.com/headshots/nba/latest/1040x760/76276.png,NBA CDN,,candidate
P002485,John Celestand,1911.0,https://cdn.nba.com/headshots/nba/latest/1040x760/1911.png,NBA CDN,,candidate
P002486,John Coker,715.0,https://cdn.nba.com/headshots/nba/latest/1040x760/715.png,NBA CDN,,candidate
P002487,John Collins,1628381.0,https://cdn.nba.com/headshots/nba/latest/1040x760/1628381.png,NBA CDN,,candidate
P002488,John Coughran,76457.0,https://cdn.nba.com/headshots/nba/latest/1040x760/76457.png,NBA CDN,,candidate
P002489,John Crotty,180.0,https://cdn.nba.com/headshots/nba/latest/1040x760/180.png,NBA CDN,,candidate
P002490,John Douglas,76589.0,https://cdn.nba.com/headshots/nba/latest/1040x760/76589.png,NBA CDN,,candidate
P002491,John Drew,76598.0,https://cdn.nba.com/headshots/nba/latest/1040x760/76598.png,NBA CDN,,candidate
P002492,John Duren,76619.0,https://cdn.nba.com/headshots/nba/latest/1040x760/76619.png,NBA CDN,,candidate
P002493,John Edwards,2823.0,https://cdn.nba.com/headshots/nba/latest/1040x760/2823.png,NBA CDN,,candidate
P002494,John Fairchild,76691.0,https://cdn.nba.com/headshots/nba/latest/1040x760/76691.png,NBA CDN,,candidate
P002495,John Garris,76791.0,https://cdn.nba.com/headshots/nba/latest/1040x760/76791.png,NBA CDN,,candidate
P002496,John Gianelli,76806.0,https://cdn.nba.com/headshots/nba/latest/1040x760/76806.png,NBA CDN,,candidate
P002497,John Greig,76885.0,https://cdn.nba.com/headshots/nba/latest/1040x760/76885.png,NBA CDN,,candidate
P002498,John Havlicek,76970.0,https://cdn.nba.com/headshots/nba/latest/1040x760/76970.png,NBA CDN,,candidate
P002499,John Havlicek*,76970.0,https://cdn.nba.com/headshots/nba/latest/1040x760/76970.png,NBA CDN,,candidate
P002500,John Henson,203089.0,https://cdn.nba.com/headshots/nba/latest/1040x760/203089.png,NBA CDN,,candidate
P002501,John Holland,204066.0,https://cdn.nba.com/headshots/nba/latest/1040x760/204066.png,NBA CDN,,candidate
P002502,John Hummer,77080.0,https://cdn.nba.com/headshots/nba/latest/1040x760/77080.png,NBA CDN,,candidate
P002503,John Jenkins,203098.0,https://cdn.nba.com/headshots/nba/latest/1040x760/203098.png,NBA CDN,,candidate
P002504,John Johnson,77152.0,https://cdn.nba.com/headshots/nba/latest/1040x760/77152.png,NBA CDN,,candidate
P002505,John Konchar,1629723.0,https://cdn.nba.com/headshots/nba/latest/1040x760/1629723.png,NBA CDN,,candidate
P002506,John Kuester,77320.0,https://cdn.nba.com/headshots/nba/latest/1040x760/77320.png,NBA CDN,,candidate
P002507,John Lambert,77331.0,https://cdn.nba.com/headshots/nba/latest/1040x760/77331.png,NBA CDN,,candidate
P002508,John Laskowski,77341.0,https://cdn.nba.com/headshots/nba/latest/1040x760/77341.png,NBA CDN,,candidate
P002509,John Long,1381.0,https://cdn.nba.com/headshots/nba/latest/1040x760/1381.png,NBA CDN,,candidate
P002510,John Lucas,77419.0,https://cdn.nba.com/headshots/nba/latest/1040x760/77419.png,NBA CDN,,candidate
P002511,John Lucas III,101249.0,https://cdn.nba.com/headshots/nba/latest/1040x760/101249.png,NBA CDN,,candidate
P002512,John Mahnken,77443.0,https://cdn.nba.com/headshots/nba/latest/1040x760/77443.png,NBA CDN,,candidate
P002513,John McConathy,77513.0,https://cdn.nba.com/headshots/nba/latest/1040x760/77513.png,NBA CDN,,candidate
P002514,John McCullough,77520.0,https://cdn.nba.com/headshots/nba/latest/1040x760/77520.png,NBA CDN,,candidate
P002515,John Mengelt,77580.0,https://cdn.nba.com/headshots/nba/latest/1040x760/77580.png,NBA CDN,,candidate
P002516,John Morton,1972.0,https://cdn.nba.com/headshots/nba/latest/1040x760/1972.png,NBA CDN,,candidate
P002517,John O'Boyle,77742.0,https://cdn.nba.com/headshots/nba/latest/1040x760/77742.png,NBA CDN,,candidate
P002518,John Olive,77760.0,https://cdn.nba.com/headshots/nba/latest/1040x760/77760.png,NBA CDN,,candidate
P002519,John Paxson,77820.0,https://cdn.nba.com/headshots/nba/latest/1040x760/77820.png,NBA CDN,,candidate
P002520,John Pilch,77859.0,https://cdn.nba.com/headshots/nba/latest/1040x760/77859.png,NBA CDN,,candidate
P002521,John Pinone,77861.0,https://cdn.nba.com/headshots/nba/latest/1040x760/77861.png,NBA CDN,,candidate
P002522,John Poulakidas,1642967.0,https://cdn.nba.com/headshots/nba/latest/1040x760/1642967.png,NBA CDN,,candidate
P002523,John Rennicke,77941.0,https://cdn.nba.com/headshots/nba/latest/1040x760/77941.png,NBA CDN,,candidate
P002524,John Richter,77954.0,https://cdn.nba.com/headshots/nba/latest/1040x760/77954.png,NBA CDN,,candidate
P002525,John Roche,78000.0,https://cdn.nba.com/headshots/nba/latest/1040x760/78000.png,NBA CDN,,candidate
P002526,John Rudd,78036.0,https://cdn.nba.com/headshots/nba/latest/1040x760/78036.png,NBA CDN,,candidate
P002527,John Rudometkin,78037.0,https://cdn.nba.com/headshots/nba/latest/1040x760/78037.png,NBA CDN,,candidate
P002528,John Salley,927.0,https://cdn.nba.com/headshots/nba/latest/1040x760/927.png,NBA CDN,,candidate
P002529,John Salmons,2422.0,https://cdn.nba.com/headshots/nba/latest/1040x760/2422.png,NBA CDN,,candidate
P002530,John Schweitz,78093.0,https://cdn.nba.com/headshots/nba/latest/1040x760/78093.png,NBA CDN,,candidate
P002531,John Shasky,1117.0,https://cdn.nba.com/headshots/nba/latest/1040x760/1117.png,NBA CDN,,candidate
P002532,John Shumate,78143.0,https://cdn.nba.com/headshots/nba/latest/1040x760/78143.png,NBA CDN,,candidate
P002533,John Starks,317.0,https://cdn.nba.com/headshots/nba/latest/1040x760/317.png,NBA CDN,,candidate
P002534,John Stockton,304.0,https://cdn.nba.com/headshots/nba/latest/1040x760/304.png,NBA CDN,,candidate
P002535,John Stockton*,304.0,https://cdn.nba.com/headshots/nba/latest/1040x760/304.png,NBA CDN,,candidate
P002536,John Stroeder,78271.0,https://cdn.nba.com/headshots/nba/latest/1040x760/78271.png,NBA CDN,,candidate
P002537,John Stroud,78274.0,https://cdn.nba.com/headshots/nba/latest/1040x760/78274.png,NBA CDN,,candidate
P002538,John Thomas,1519.0,https://cdn.nba.com/headshots/nba/latest/1040x760/1519.png,NBA CDN,,candidate
P002539,John Thompson,78328.0,https://cdn.nba.com/headshots/nba/latest/1040x760/78328.png,NBA CDN,,candidate
P002540,John Thompson*,78328.0,https://cdn.nba.com/headshots/nba/latest/1040x760/78328.png,NBA CDN,,candidate
P002541,John Tonje,1642910.0,https://cdn.nba.com/headshots/nba/latest/1040x760/1642910.png,NBA CDN,,candidate
P002542,John Trapp,78367.0,https://cdn.nba.com/headshots/nba/latest/1040x760/78367.png,NBA CDN,,candidate
P002543,John Tresvant,78651.0,https://cdn.nba.com/headshots/nba/latest/1040x760/78651.png,NBA CDN,,candidate
P002544,John Tschogl,78370.0,https://cdn.nba.com/headshots/nba/latest/1040x760/78370.png,NBA CDN,,candidate
P002545,John Turner,1819.0,https://cdn.nba.com/headshots/nba/latest/1040x760/1819.png,NBA CDN,,candidate
P002546,John Vallely,78397.0,https://cdn.nba.com/headshots/nba/latest/1040x760/78397.png,NBA CDN,,candidate
P002547,John Wall,202322.0,https://cdn.nba.com/headshots/nba/latest/1040x760/202322.png,NBA CDN,,candidate
P002548,John Wallace,961.0,https://cdn.nba.com/headshots/nba/latest/1040x760/961.png,NBA CDN,,candidate
P002550,John Wetzel,78501.0,https://cdn.nba.com/headshots/nba/latest/1040x760/78501.png,NBA CDN,,candidate
P002551,John Williams,78554.0,https://cdn.nba.com/headshots/nba/latest/1040x760/78554.png,NBA CDN,,candidate
P002552,John Williamson,78575.0,https://cdn.nba.com/headshots/nba/latest/1040x760/78575.png,NBA CDN,,candidate
P002553,John Windsor,78591.0,https://cdn.nba.com/headshots/nba/latest/1040x760/78591.png,NBA CDN,,candidate
P002554,Johnathan Motley,1628405.0,https://cdn.nba.com/headshots/nba/latest/1040x760/1628405.png,NBA CDN,,candidate
P002555,Johnathan Williams,1629140.0,https://cdn.nba.com/headshots/nba/latest/1040x760/1629140.png,NBA CDN,,candidate
P002556,Johni Broome,1641780.0,https://cdn.nba.com/headshots/nba/latest/1040x760/1641780.png,NBA CDN,,candidate
P002558,Johnny Baum,76125.0,https://cdn.nba.com/headshots/nba/latest/1040x760/76125.png,NBA CDN,,candidate
P002559,Johnny Cox,76464.0,https://cdn.nba.com/headshots/nba/latest/1040x760/76464.png,NBA CDN,,candidate
P002561,Johnny Dawkins,1008.0,https://cdn.nba.com/headshots/nba/latest/1040x760/1008.png,NBA CDN,,candidate
P002562,Johnny Egan,76647.0,https://cdn.nba.com/headshots/nba/latest/1040x760/76647.png,NBA CDN,,candidate
P002563,Johnny Furphy,1642277.0,https://cdn.nba.com/headshots/nba/latest/1040x760/1642277.png,NBA CDN,,candidate
P002564,Johnny Green,76867.0,https://cdn.nba.com/headshots/nba/latest/1040x760/76867.png,NBA CDN,,candidate
P002565,Johnny High,77022.0,https://cdn.nba.com/headshots/nba/latest/1040x760/77022.png,NBA CDN,,candidate
P002566,Johnny Horan,77055.0,https://cdn.nba.com/headshots/nba/latest/1040x760/77055.png,NBA CDN,,candidate
P002567,Johnny Jones,77187.0,https://cdn.nba.com/headshots/nba/latest/1040x760/77187.png,NBA CDN,,candidate
P002568,Johnny Juzang,1630548.0,https://cdn.nba.com/headshots/nba/latest/1040x760/1630548.png,NBA CDN,,candidate
P002569,Johnny McCarthy,77506.0,https://cdn.nba.com/headshots/nba/latest/1040x760/77506.png,NBA CDN,,candidate
P002570,Johnny Moore,77633.0,https://cdn.nba.com/headshots/nba/latest/1040x760/77633.png,NBA CDN,,candidate
P002571,Johnny Neumann,77705.0,https://cdn.nba.com/headshots/nba/latest/1040x760/77705.png,NBA CDN,,candidate
P002572,Johnny Newman,271.0,https://cdn.nba.com/headshots/nba/latest/1040x760/271.png,NBA CDN,,candidate
P002574,Johnny Payak,77821.0,https://cdn.nba.com/headshots/nba/latest/1040x760/77821.png,NBA CDN,,candidate
P002575,Johnny Rogers,78007.0,https://cdn.nba.com/headshots/nba/latest/1040x760/78007.png,NBA CDN,,candidate
P002576,Johnny Taylor,1511.0,https://cdn.nba.com/headshots/nba/latest/1040x760/1511.png,NBA CDN,,candidate
P002577,Jon Barry,468.0,https://cdn.nba.com/headshots/nba/latest/1040x760/468.png,NBA CDN,,candidate
P002578,Jon Brockman,201972.0,https://cdn.nba.com/headshots/nba/latest/1040x760/201972.png,NBA CDN,,candidate
P002579,Jon Koncak,402.0,https://cdn.nba.com/headshots/nba/latest/1040x760/402.png,NBA CDN,,candidate
P002580,Jon Leuer,202720.0,https://cdn.nba.com/headshots/nba/latest/1040x760/202720.png,NBA CDN,,candidate
P002581,Jon McGlocklin,77533.0,https://cdn.nba.com/headshots/nba/latest/1040x760/77533.png,NBA CDN,,candidate
P002582,Jon Sundvold,78279.0,https://cdn.nba.com/headshots/nba/latest/1040x760/78279.png,NBA CDN,,candidate
P002583,Jon Teske,1630257.0,https://cdn.nba.com/headshots/nba/latest/1040x760/1630257.png,NBA CDN,,candidate
P002584,Jonah Bolden,1628413.0,https://cdn.nba.com/headshots/nba/latest/1040x760/1628413.png,NBA CDN,,candidate
P002585,Jonas Jerebko,201973.0,https://cdn.nba.com/headshots/nba/latest/1040x760/201973.png,NBA CDN,,candidate
P002586,Jonas Valančiūnas,202685.0,https://cdn.nba.com/headshots/nba/latest/1040x760/202685.png,NBA CDN,,candidate
P002587,Jonathan Bender,1886.0,https://cdn.nba.com/headshots/nba/latest/1040x760/1886.png,NBA CDN,,candidate
P002588,Jonathan Gibson,1626780.0,https://cdn.nba.com/headshots/nba/latest/1040x760/1626780.png,NBA CDN,,candidate
P002589,Jonathan Isaac,1628371.0,https://cdn.nba.com/headshots/nba/latest/1040x760/1628371.png,NBA CDN,,candidate
P002590,Jonathan Kerner,1801.0,https://cdn.nba.com/headshots/nba/latest/1040x760/1801.png,NBA CDN,,candidate
P002591,Jonathan Kuminga,1630228.0,https://cdn.nba.com/headshots/nba/latest/1040x760/1630228.png,NBA CDN,,candidate
P002592,Jonathan Mogbo,1642367.0,https://cdn.nba.com/headshots/nba/latest/1040x760/1642367.png,NBA CDN,,candidate
P002593,Jonathon Simmons,203613.0,https://cdn.nba.com/headshots/nba/latest/1040x760/203613.png,NBA CDN,,candidate
P002594,Jonny Flynn,201938.0,https://cdn.nba.com/headshots/nba/latest/1040x760/201938.png,NBA CDN,,candidate
P002595,Jontay Porter,1629007.0,https://cdn.nba.com/headshots/nba/latest/1040x760/1629007.png,NBA CDN,,candidate
P002596,Jordan Adams,203919.0,https://cdn.nba.com/headshots/nba/latest/1040x760/203919.png,NBA CDN,,candidate
P002597,Jordan Bell,1628395.0,https://cdn.nba.com/headshots/nba/latest/1040x760/1628395.png,NBA CDN,,candidate
P002598,Jordan Bone,1629648.0,https://cdn.nba.com/headshots/nba/latest/1040x760/1629648.png,NBA CDN,,candidate
P002599,Jordan Clarkson,203903.0,https://cdn.nba.com/headshots/nba/latest/1040x760/203903.png,NBA CDN,,candidate
P002600,Jordan Crawford,202348.0,https://cdn.nba.com/headshots/nba/latest/1040x760/202348.png,NBA CDN,,candidate
P002601,Jordan Farmar,200770.0,https://cdn.nba.com/headshots/nba/latest/1040x760/200770.png,NBA CDN,,candidate
P002602,Jordan Ford,1630259.0,https://cdn.nba.com/headshots/nba/latest/1040x760/1630259.png,NBA CDN,,candidate
P002603,Jordan Goodwin,1630692.0,https://cdn.nba.com/headshots/nba/latest/1040x760/1630692.png,NBA CDN,,candidate
P002604,Jordan Hall,1631160.0,https://cdn.nba.com/headshots/nba/latest/1040x760/1631160.png,NBA CDN,,candidate
P002605,Jordan Hamilton,202706.0,https://cdn.nba.com/headshots/nba/latest/1040x760/202706.png,NBA CDN,,candidate
P002606,Jordan Hawkins,1641722.0,https://cdn.nba.com/headshots/nba/latest/1040x760/1641722.png,NBA CDN,,candidate
P002607,Jordan Hill,201941.0,https://cdn.nba.com/headshots/nba/latest/1040x760/201941.png,NBA CDN,,candidate
P002608,Jordan Loyd,1628070.0,https://cdn.nba.com/headshots/nba/latest/1040x760/1628070.png,NBA CDN,,candidate
P002609,Jordan McLaughlin,1629162.0,https://cdn.nba.com/headshots/nba/latest/1040x760/1629162.png,NBA CDN,,candidate
P002610,Jordan McRae,203895.0,https://cdn.nba.com/headshots/nba/latest/1040x760/203895.png,NBA CDN,,candidate
P002611,Jordan Mickey,1626175.0,https://cdn.nba.com/headshots/nba/latest/1040x760/1626175.png,NBA CDN,,candidate
P002612,Jordan Miller,1641757.0,https://cdn.nba.com/headshots/nba/latest/1040x760/1641757.png,NBA CDN,,candidate
P002613,Jordan Nwora,1629670.0,https://cdn.nba.com/headshots/nba/latest/1040x760/1629670.png,NBA CDN,,candidate
P002614,Jordan Poole,1629673.0,https://cdn.nba.com/headshots/nba/latest/1040x760/1629673.png,NBA CDN,,candidate
P002615,Jordan Schakel,1630648.0,https://cdn.nba.com/headshots/nba/latest/1040x760/1630648.png,NBA CDN,,candidate
P002616,Jordan Sibert,1626296.0,https://cdn.nba.com/headshots/nba/latest/1040x760/1626296.png,NBA CDN,,candidate
P002617,Jordan Walsh,1641775.0,https://cdn.nba.com/headshots/nba/latest/1040x760/1641775.png,NBA CDN,,candidate
P002618,Jordan Williams,202716.0,https://cdn.nba.com/headshots/nba/latest/1040x760/202716.png,NBA CDN,,candidate
P002619,Jorge Garbajosa,200816.0,https://cdn.nba.com/headshots/nba/latest/1040x760/200816.png,NBA CDN,,candidate
P002620,Jorge Gutiérrez,203268.0,https://cdn.nba.com/headshots/nba/latest/1040x760/203268.png,NBA CDN,,candidate
P002621,Jose Alvarado,1630631.0,https://cdn.nba.com/headshots/nba/latest/1040x760/1630631.png,NBA CDN,,candidate
P002622,Jose Slaughter,78172.0,https://cdn.nba.com/headshots/nba/latest/1040x760/78172.png,NBA CDN,,candidate
P002623,Joseph Forte,2218.0,https://cdn.nba.com/headshots/nba/latest/1040x760/2218.png,NBA CDN,,candidate
P002624,Josh Akognon,203006.0,https://cdn.nba.com/headshots/nba/latest/1040x760/203006.png,NBA CDN,,candidate
P002625,Josh Boone,200767.0,https://cdn.nba.com/headshots/nba/latest/1040x760/200767.png,NBA CDN,,candidate
P002626,Josh Childress,2735.0,https://cdn.nba.com/headshots/nba/latest/1040x760/2735.png,NBA CDN,,candidate
P002627,Josh Christopher,1630528.0,https://cdn.nba.com/headshots/nba/latest/1040x760/1630528.png,NBA CDN,,candidate
P002628,Josh Davis,2668.0,https://cdn.nba.com/headshots/nba/latest/1040x760/2668.png,NBA CDN,,candidate
P002629,Josh Giddey,1630581.0,https://cdn.nba.com/headshots/nba/latest/1040x760/1630581.png,NBA CDN,,candidate
P002630,Josh Grant,76852.0,https://cdn.nba.com/headshots/nba/latest/1040x760/76852.png,NBA CDN,,candidate
P002631,Josh Gray,1627982.0,https://cdn.nba.com/headshots/nba/latest/1040x760/1627982.png,NBA CDN,,candidate
P002632,Josh Green,1630182.0,https://cdn.nba.com/headshots/nba/latest/1040x760/1630182.png,NBA CDN,,candidate
P002633,Josh Hall,1630221.0,https://cdn.nba.com/headshots/nba/latest/1040x760/1630221.png,NBA CDN,,candidate
P002634,Josh Harrellson,202725.0,https://cdn.nba.com/headshots/nba/latest/1040x760/202725.png,NBA CDN,,candidate
P002635,Josh Hart,1628404.0,https://cdn.nba.com/headshots/nba/latest/1040x760/1628404.png,NBA CDN,,candidate
P002636,Josh Howard,2572.0,https://cdn.nba.com/headshots/nba/latest/1040x760/2572.png,NBA CDN,,candidate
P002637,Josh Huestis,203962.0,https://cdn.nba.com/headshots/nba/latest/1040x760/203962.png,NBA CDN,,candidate
P002638,Josh Jackson,1628367.0,https://cdn.nba.com/headshots/nba/latest/1040x760/1628367.png,NBA CDN,,candidate
P002639,Josh Magette,203705.0,https://cdn.nba.com/headshots/nba/latest/1040x760/203705.png,NBA CDN,,candidate
P002640,Josh McRoberts,201177.0,https://cdn.nba.com/headshots/nba/latest/1040x760/201177.png,NBA CDN,,candidate
P002641,Josh Minott,1631169.0,https://cdn.nba.com/headshots/nba/latest/1040x760/1631169.png,NBA CDN,,candidate
P002642,Josh Oduro,1642490.0,https://cdn.nba.com/headshots/nba/latest/1040x760/1642490.png,NBA CDN,,candidate
P002643,Josh Okogie,1629006.0,https://cdn.nba.com/headshots/nba/latest/1040x760/1629006.png,NBA CDN,,candidate
P002644,Josh Powell,2694.0,https://cdn.nba.com/headshots/nba/latest/1040x760/2694.png,NBA CDN,,candidate
P002645,Josh Reaves,1629729.0,https://cdn.nba.com/headshots/nba/latest/1040x760/1629729.png,NBA CDN,,candidate
P002646,Josh Richardson,1626196.0,https://cdn.nba.com/headshots/nba/latest/1040x760/1626196.png,NBA CDN,,candidate
P002647,Josh Selby,202729.0,https://cdn.nba.com/headshots/nba/latest/1040x760/202729.png,NBA CDN,,candidate
P002648,Josh Smith,2746.0,https://cdn.nba.com/headshots/nba/latest/1040x760/2746.png,NBA CDN,,candidate
P002649,Joshua Primo,1630563.0,https://cdn.nba.com/headshots/nba/latest/1040x760/1630563.png,NBA CDN,,candidate
P002650,José Calderón,101181.0,https://cdn.nba.com/headshots/nba/latest/1040x760/101181.png,NBA CDN,,candidate
P002651,José Ortiz,77771.0,https://cdn.nba.com/headshots/nba/latest/1040x760/77771.png,NBA CDN,,candidate
P002652,João Vianna,78416.0,https://cdn.nba.com/headshots/nba/latest/1040x760/78416.png,NBA CDN,,candidate
P002653,Jrue Holiday,201950.0,https://cdn.nba.com/headshots/nba/latest/1040x760/201950.png,NBA CDN,,candidate
P002654,Juan Carlos Navarro,2434.0,https://cdn.nba.com/headshots/nba/latest/1040x760/2434.png,NBA CDN,,candidate
P002655,Juan Dixon,2413.0,https://cdn.nba.com/headshots/nba/latest/1040x760/2413.png,NBA CDN,,candidate
P002656,Juan Toscano-Anderson,1629308.0,https://cdn.nba.com/headshots/nba/latest/1040x760/1629308.png,NBA CDN,,candidate
P002657,Juancho Hernangómez,1627823.0,https://cdn.nba.com/headshots/nba/latest/1040x760/1627823.png,NBA CDN,,candidate
P002658,Juaquin Hawkins,1038.0,https://cdn.nba.com/headshots/nba/latest/1040x760/1038.png,NBA CDN,,candidate
P002659,Jud Buechler,146.0,https://cdn.nba.com/headshots/nba/latest/1040x760/146.png,NBA CDN,,candidate
P002660,Jules Bernard,1631262.0,https://cdn.nba.com/headshots/nba/latest/1040x760/1631262.png,NBA CDN,,candidate
P002661,Julian Champagnie,1630577.0,https://cdn.nba.com/headshots/nba/latest/1040x760/1630577.png,NBA CDN,,candidate
P002662,Julian Phillips,1641763.0,https://cdn.nba.com/headshots/nba/latest/1040x760/1641763.png,NBA CDN,,candidate
P002663,Julian Reese,1642882.0,https://cdn.nba.com/headshots/nba/latest/1040x760/1642882.png,NBA CDN,,candidate
P002664,Julian Strawther,1631124.0,https://cdn.nba.com/headshots/nba/latest/1040x760/1631124.png,NBA CDN,,candidate
P002665,Julian Washburn,1627395.0,https://cdn.nba.com/headshots/nba/latest/1040x760/1627395.png,NBA CDN,,candidate
P002666,Julian Wright,201153.0,https://cdn.nba.com/headshots/nba/latest/1040x760/201153.png,NBA CDN,,candidate
P002667,Julius Erving,76681.0,https://cdn.nba.com/headshots/nba/latest/1040x760/76681.png,NBA CDN,,candidate
P002668,Julius Erving*,76681.0,https://cdn.nba.com/headshots/nba/latest/1040x760/76681.png,NBA CDN,,candidate
P002669,Julius Hodge,101125.0,https://cdn.nba.com/headshots/nba/latest/1040x760/101125.png,NBA CDN,,candidate
P002670,Julius Nwosu,1022.0,https://cdn.nba.com/headshots/nba/latest/1040x760/1022.png,NBA CDN,,candidate
P002671,Julius Randle,203944.0,https://cdn.nba.com/headshots/nba/latest/1040x760/203944.png,NBA CDN,,candidate
P002672,Julyan Stone,202933.0,https://cdn.nba.com/headshots/nba/latest/1040x760/202933.png,NBA CDN,,candidate
P002673,Jumaine Jones,1908.0,https://cdn.nba.com/headshots/nba/latest/1040x760/1908.png,NBA CDN,,candidate
P002674,Junior Bridgeman,76252.0,https://cdn.nba.com/headshots/nba/latest/1040x760/76252.png,NBA CDN,,candidate
P002675,Junior Burrough,675.0,https://cdn.nba.com/headshots/nba/latest/1040x760/675.png,NBA CDN,,candidate
P002676,Junior Harrington,2454.0,https://cdn.nba.com/headshots/nba/latest/1040x760/2454.png,NBA CDN,,candidate
P002677,Justin Anderson,1626147.0,https://cdn.nba.com/headshots/nba/latest/1040x760/1626147.png,NBA CDN,,candidate
P002678,Justin Champagnie,1630551.0,https://cdn.nba.com/headshots/nba/latest/1040x760/1630551.png,NBA CDN,,candidate
P002679,Justin Dentmon,202458.0,https://cdn.nba.com/headshots/nba/latest/1040x760/202458.png,NBA CDN,,candidate
P002680,Justin Edwards,1642348.0,https://cdn.nba.com/headshots/nba/latest/1040x760/1642348.png,NBA CDN,,candidate
P002681,Justin Hamilton,203120.0,https://cdn.nba.com/headshots/nba/latest/1040x760/203120.png,NBA CDN,,candidate
P002682,Justin Harper,202712.0,https://cdn.nba.com/headshots/nba/latest/1040x760/202712.png,NBA CDN,,candidate
P002683,Justin Holiday,203200.0,https://cdn.nba.com/headshots/nba/latest/1040x760/203200.png,NBA CDN,,candidate
P002684,Justin Jackson,1628382.0,https://cdn.nba.com/headshots/nba/latest/1040x760/1628382.png,NBA CDN,,candidate
P002685,Justin James,1629713.0,https://cdn.nba.com/headshots/nba/latest/1040x760/1629713.png,NBA CDN,,candidate
P002686,Justin Minaya,1631303.0,https://cdn.nba.com/headshots/nba/latest/1040x760/1631303.png,NBA CDN,,candidate
P002687,Justin Patton,1628383.0,https://cdn.nba.com/headshots/nba/latest/1040x760/1628383.png,NBA CDN,,candidate
P002688,Justin Reed,2770.0,https://cdn.nba.com/headshots/nba/latest/1040x760/2770.png,NBA CDN,,candidate
P002689,Justin Robinson,1629620.0,https://cdn.nba.com/headshots/nba/latest/1040x760/1629620.png,NBA CDN,,candidate
P002690,Justin Williams,200818.0,https://cdn.nba.com/headshots/nba/latest/1040x760/200818.png,NBA CDN,,candidate
P002691,Justin Wright-Foreman,1629625.0,https://cdn.nba.com/headshots/nba/latest/1040x760/1629625.png,NBA CDN,,candidate
P002692,Justise Winslow,1626159.0,https://cdn.nba.com/headshots/nba/latest/1040x760/1626159.png,NBA CDN,,candidate
P002693,Justus Thigpen,78313.0,https://cdn.nba.com/headshots/nba/latest/1040x760/78313.png,NBA CDN,,candidate
P002694,Jusuf Nurkić,203994.0,https://cdn.nba.com/headshots/nba/latest/1040x760/203994.png,NBA CDN,,candidate
P002695,Juwan Howard,436.0,https://cdn.nba.com/headshots/nba/latest/1040x760/436.png,NBA CDN,,candidate
P002696,Juwan Morgan,1629752.0,https://cdn.nba.com/headshots/nba/latest/1040x760/1629752.png,NBA CDN,,candidate
P002697,Jérôme Moïso,2040.0,https://cdn.nba.com/headshots/nba/latest/1040x760/2040.png,NBA CDN,,candidate
P002698,K.C. Jones,77188.0,https://cdn.nba.com/headshots/nba/latest/1040x760/77188.png,NBA CDN,,candidate
P002699,K.C. Jones*,77188.0,https://cdn.nba.com/headshots/nba/latest/1040x760/77188.png,NBA CDN,,candidate
P002701,KJ Martin,1630231.0,https://cdn.nba.com/headshots/nba/latest/1040x760/1630231.png,NBA CDN,,candidate
P002702,KJ Simpson,1642354.0,https://cdn.nba.com/headshots/nba/latest/1040x760/1642354.png,NBA CDN,,candidate
P002703,KZ Okpala,1629644.0,https://cdn.nba.com/headshots/nba/latest/1040x760/1629644.png,NBA CDN,,candidate
P002704,Kadary Richmond,1642955.0,https://cdn.nba.com/headshots/nba/latest/1040x760/1642955.png,NBA CDN,,candidate
P002705,Kadeem Allen,1628443.0,https://cdn.nba.com/headshots/nba/latest/1040x760/1628443.png,NBA CDN,,candidate
P002706,Kai Jones,1630539.0,https://cdn.nba.com/headshots/nba/latest/1040x760/1630539.png,NBA CDN,,candidate
P002707,Kaiser Gates,1629232.0,https://cdn.nba.com/headshots/nba/latest/1040x760/1629232.png,NBA CDN,,candidate
P002708,Kalin Lucas,203564.0,https://cdn.nba.com/headshots/nba/latest/1040x760/203564.png,NBA CDN,,candidate
P002709,Kam Jones,1642880.0,https://cdn.nba.com/headshots/nba/latest/1040x760/1642880.png,NBA CDN,,candidate
P002710,Kaniel Dickens,2079.0,https://cdn.nba.com/headshots/nba/latest/1040x760/2079.png,NBA CDN,,candidate
P002711,Kannard Johnson,77153.0,https://cdn.nba.com/headshots/nba/latest/1040x760/77153.png,NBA CDN,,candidate
P002712,Kareem Abdul-Jabbar,76003.0,https://cdn.nba.com/headshots/nba/latest/1040x760/76003.png,NBA CDN,,candidate
P002713,Kareem Abdul-Jabbar*,76003.0,https://cdn.nba.com/headshots/nba/latest/1040x760/76003.png,NBA CDN,,candidate
P002714,Kareem Rush,2416.0,https://cdn.nba.com/headshots/nba/latest/1040x760/2416.png,NBA CDN,,candidate
P002715,Karim Mané,1630211.0,https://cdn.nba.com/headshots/nba/latest/1040x760/1630211.png,NBA CDN,,candidate
P002716,Karl Malone,252.0,https://cdn.nba.com/headshots/nba/latest/1040x760/252.png,NBA CDN,,candidate
P002717,Karl Malone*,252.0,https://cdn.nba.com/headshots/nba/latest/1040x760/252.png,NBA CDN,,candidate
P002718,Karl-Anthony Towns,1626157.0,https://cdn.nba.com/headshots/nba/latest/1040x760/1626157.png,NBA CDN,,candidate
P002719,Karlo Matković,1631255.0,https://cdn.nba.com/headshots/nba/latest/1040x760/1631255.png,NBA CDN,,candidate
P002720,Kasib Powell,2867.0,https://cdn.nba.com/headshots/nba/latest/1040x760/2867.png,NBA CDN,,candidate
P002721,Kasparas Jakučionis,1642857.0,https://cdn.nba.com/headshots/nba/latest/1040x760/1642857.png,NBA CDN,,candidate
P002722,Kawhi Leonard,202695.0,https://cdn.nba.com/headshots/nba/latest/1040x760/202695.png,NBA CDN,,candidate
P002723,Kay Felder,1627770.0,https://cdn.nba.com/headshots/nba/latest/1040x760/1627770.png,NBA CDN,,candidate
P002724,Keaton Wallace,1630811.0,https://cdn.nba.com/headshots/nba/latest/1040x760/1630811.png,NBA CDN,,candidate
P002725,Kebu Stewart,1529.0,https://cdn.nba.com/headshots/nba/latest/1040x760/1529.png,NBA CDN,,candidate
P002726,Kedrick Brown,2208.0,https://cdn.nba.com/headshots/nba/latest/1040x760/2208.png,NBA CDN,,candidate
P002727,Keegan Murray,1631099.0,https://cdn.nba.com/headshots/nba/latest/1040x760/1631099.png,NBA CDN,,candidate
P002728,Keifer Sykes,1626208.0,https://cdn.nba.com/headshots/nba/latest/1040x760/1626208.png,NBA CDN,,candidate
P002729,Keion Brooks Jr.,1631232.0,https://cdn.nba.com/headshots/nba/latest/1040x760/1631232.png,NBA CDN,,candidate
P002730,Keita Bates-Diop,1628966.0,https://cdn.nba.com/headshots/nba/latest/1040x760/1628966.png,NBA CDN,,candidate
P002731,Keith Appling,203951.0,https://cdn.nba.com/headshots/nba/latest/1040x760/203951.png,NBA CDN,,candidate
P002732,Keith Askins,173.0,https://cdn.nba.com/headshots/nba/latest/1040x760/173.png,NBA CDN,,candidate
P002733,Keith Benson,202728.0,https://cdn.nba.com/headshots/nba/latest/1040x760/202728.png,NBA CDN,,candidate
P002734,Keith Bogans,2586.0,https://cdn.nba.com/headshots/nba/latest/1040x760/2586.png,NBA CDN,,candidate
P002735,Keith Booth,1522.0,https://cdn.nba.com/headshots/nba/latest/1040x760/1522.png,NBA CDN,,candidate
P002736,Keith Closs,1569.0,https://cdn.nba.com/headshots/nba/latest/1040x760/1569.png,NBA CDN,,candidate
P002737,Keith Edmonson,76638.0,https://cdn.nba.com/headshots/nba/latest/1040x760/76638.png,NBA CDN,,candidate
P002738,Keith Erickson,76680.0,https://cdn.nba.com/headshots/nba/latest/1040x760/76680.png,NBA CDN,,candidate
P002739,Keith Herron,77010.0,https://cdn.nba.com/headshots/nba/latest/1040x760/77010.png,NBA CDN,,candidate
P002740,Keith Jennings,24.0,https://cdn.nba.com/headshots/nba/latest/1040x760/24.png,NBA CDN,,candidate
P002741,Keith Langford,101247.0,https://cdn.nba.com/headshots/nba/latest/1040x760/101247.png,NBA CDN,,candidate
P002742,Keith Lee,77361.0,https://cdn.nba.com/headshots/nba/latest/1040x760/77361.png,NBA CDN,,candidate
P002743,Keith McCord,77515.0,https://cdn.nba.com/headshots/nba/latest/1040x760/77515.png,NBA CDN,,candidate
P002744,Keith McLeod,2693.0,https://cdn.nba.com/headshots/nba/latest/1040x760/2693.png,NBA CDN,,candidate
P002745,Keith Owens,77785.0,https://cdn.nba.com/headshots/nba/latest/1040x760/77785.png,NBA CDN,,candidate
P002746,Keith Smart,78175.0,https://cdn.nba.com/headshots/nba/latest/1040x760/78175.png,NBA CDN,,candidate
P002747,Keith Smith,78192.0,https://cdn.nba.com/headshots/nba/latest/1040x760/78192.png,NBA CDN,,candidate
P002748,Keith Starr,78243.0,https://cdn.nba.com/headshots/nba/latest/1040x760/78243.png,NBA CDN,,candidate
P002749,Keith Tower,700.0,https://cdn.nba.com/headshots/nba/latest/1040x760/700.png,NBA CDN,,candidate
P002750,Keith Van Horn,1496.0,https://cdn.nba.com/headshots/nba/latest/1040x760/1496.png,NBA CDN,,candidate
P002751,Kel'el Ware,1642276.0,https://cdn.nba.com/headshots/nba/latest/1040x760/1642276.png,NBA CDN,,candidate
P002752,Kelan Martin,1629103.0,https://cdn.nba.com/headshots/nba/latest/1040x760/1629103.png,NBA CDN,,candidate
P002753,Keldon Johnson,1629640.0,https://cdn.nba.com/headshots/nba/latest/1040x760/1629640.png,NBA CDN,,candidate
P002754,Kelenna Azubuike,101235.0,https://cdn.nba.com/headshots/nba/latest/1040x760/101235.png,NBA CDN,,candidate
P002755,Keljin Blevins,1629833.0,https://cdn.nba.com/headshots/nba/latest/1040x760/1629833.png,NBA CDN,,candidate
P002756,Kelly McCarty,1820.0,https://cdn.nba.com/headshots/nba/latest/1040x760/1820.png,NBA CDN,,candidate
P002757,Kelly Olynyk,203482.0,https://cdn.nba.com/headshots/nba/latest/1040x760/203482.png,NBA CDN,,candidate
P002758,Kelly Oubre Jr.,1626162.0,https://cdn.nba.com/headshots/nba/latest/1040x760/1626162.png,NBA CDN,,candidate
P002759,Kelly Tripucka,78369.0,https://cdn.nba.com/headshots/nba/latest/1040x760/78369.png,NBA CDN,,candidate
P002760,Kelvin Cato,1509.0,https://cdn.nba.com/headshots/nba/latest/1040x760/1509.png,NBA CDN,,candidate
P002761,Kelvin Ransey,77911.0,https://cdn.nba.com/headshots/nba/latest/1040x760/77911.png,NBA CDN,,candidate
P002762,Kelvin Upshaw,78394.0,https://cdn.nba.com/headshots/nba/latest/1040x760/78394.png,NBA CDN,,candidate
P002763,Kemba Walker,202689.0,https://cdn.nba.com/headshots/nba/latest/1040x760/202689.png,NBA CDN,,candidate
P002764,Ken Austin,76074.0,https://cdn.nba.com/headshots/nba/latest/1040x760/76074.png,NBA CDN,,candidate
P002765,Ken Bannister,76094.0,https://cdn.nba.com/headshots/nba/latest/1040x760/76094.png,NBA CDN,,candidate
P002766,Ken Boyd,76223.0,https://cdn.nba.com/headshots/nba/latest/1040x760/76223.png,NBA CDN,,candidate
P002767,Ken Charles,76383.0,https://cdn.nba.com/headshots/nba/latest/1040x760/76383.png,NBA CDN,,candidate
P002768,Ken Durrett,76622.0,https://cdn.nba.com/headshots/nba/latest/1040x760/76622.png,NBA CDN,,candidate
P002769,Ken Green,76868.0,https://cdn.nba.com/headshots/nba/latest/1040x760/76868.png,NBA CDN,,candidate
P002771,Ken Mayfield,77494.0,https://cdn.nba.com/headshots/nba/latest/1040x760/77494.png,NBA CDN,,candidate
P002772,Ken McBride,77499.0,https://cdn.nba.com/headshots/nba/latest/1040x760/77499.png,NBA CDN,,candidate
P002773,Ken Murray,77675.0,https://cdn.nba.com/headshots/nba/latest/1040x760/77675.png,NBA CDN,,candidate
P002774,Ken Norman,80.0,https://cdn.nba.com/headshots/nba/latest/1040x760/80.png,NBA CDN,,candidate
P002775,Ken Rohloff,78011.0,https://cdn.nba.com/headshots/nba/latest/1040x760/78011.png,NBA CDN,,candidate
P002776,Ken Wilburn,78524.0,https://cdn.nba.com/headshots/nba/latest/1040x760/78524.png,NBA CDN,,candidate
P002777,Kendall Brown,1631112.0,https://cdn.nba.com/headshots/nba/latest/1040x760/1631112.png,NBA CDN,,candidate
P002778,Kendall Gill,383.0,https://cdn.nba.com/headshots/nba/latest/1040x760/383.png,NBA CDN,,candidate
P002779,Kendall Marshall,203088.0,https://cdn.nba.com/headshots/nba/latest/1040x760/203088.png,NBA CDN,,candidate
P002780,Kendrick Nunn,1629134.0,https://cdn.nba.com/headshots/nba/latest/1040x760/1629134.png,NBA CDN,,candidate
P002781,Kendrick Perkins,2570.0,https://cdn.nba.com/headshots/nba/latest/1040x760/2570.png,NBA CDN,,candidate
P002782,Kennard Winchester,78589.0,https://cdn.nba.com/headshots/nba/latest/1040x760/78589.png,NBA CDN,,candidate
P002783,Kennedy Chandler,1631113.0,https://cdn.nba.com/headshots/nba/latest/1040x760/1631113.png,NBA CDN,,candidate
P002784,Kenneth Faried,202702.0,https://cdn.nba.com/headshots/nba/latest/1040x760/202702.png,NBA CDN,,candidate
P002785,Kenneth Lofton Jr.,1631254.0,https://cdn.nba.com/headshots/nba/latest/1040x760/1631254.png,NBA CDN,,candidate
P002786,Kenny Anderson,72.0,https://cdn.nba.com/headshots/nba/latest/1040x760/72.png,NBA CDN,,candidate
P002787,Kenny Battle,76123.0,https://cdn.nba.com/headshots/nba/latest/1040x760/76123.png,NBA CDN,,candidate
P002788,Kenny Carr,76350.0,https://cdn.nba.com/headshots/nba/latest/1040x760/76350.png,NBA CDN,,candidate
P002789,Kenny Dennard,76556.0,https://cdn.nba.com/headshots/nba/latest/1040x760/76556.png,NBA CDN,,candidate
P002790,Kenny Fields,76713.0,https://cdn.nba.com/headshots/nba/latest/1040x760/76713.png,NBA CDN,,candidate
P002791,Kenny Gattison,930.0,https://cdn.nba.com/headshots/nba/latest/1040x760/930.png,NBA CDN,,candidate
P002792,Kenny Green,76869.0,https://cdn.nba.com/headshots/nba/latest/1040x760/76869.png,NBA CDN,,candidate
P002793,Kenny Higgs,77021.0,https://cdn.nba.com/headshots/nba/latest/1040x760/77021.png,NBA CDN,,candidate
P002794,Kenny McIntosh,77540.0,https://cdn.nba.com/headshots/nba/latest/1040x760/77540.png,NBA CDN,,candidate
P002795,Kenny Natt,77692.0,https://cdn.nba.com/headshots/nba/latest/1040x760/77692.png,NBA CDN,,candidate
P002796,Kenny Payne,77822.0,https://cdn.nba.com/headshots/nba/latest/1040x760/77822.png,NBA CDN,,candidate
P002797,Kenny Rollins,78012.0,https://cdn.nba.com/headshots/nba/latest/1040x760/78012.png,NBA CDN,,candidate
P002798,Kenny Satterfield,2261.0,https://cdn.nba.com/headshots/nba/latest/1040x760/2261.png,NBA CDN,,candidate
P002800,Kenny Smith,181.0,https://cdn.nba.com/headshots/nba/latest/1040x760/181.png,NBA CDN,,candidate
P002801,Kenny Thomas,1903.0,https://cdn.nba.com/headshots/nba/latest/1040x760/1903.png,NBA CDN,,candidate
P002802,Kenny Walker,78440.0,https://cdn.nba.com/headshots/nba/latest/1040x760/78440.png,NBA CDN,,candidate
P002803,Kenny Williams,78555.0,https://cdn.nba.com/headshots/nba/latest/1040x760/78555.png,NBA CDN,,candidate
P002804,Kenrich Williams,1629026.0,https://cdn.nba.com/headshots/nba/latest/1040x760/1629026.png,NBA CDN,,candidate
P002805,Kent Bazemore,203145.0,https://cdn.nba.com/headshots/nba/latest/1040x760/203145.png,NBA CDN,,candidate
P002806,Kent Benson,76154.0,https://cdn.nba.com/headshots/nba/latest/1040x760/76154.png,NBA CDN,,candidate
P002807,Kentavious Caldwell-Pope,203484.0,https://cdn.nba.com/headshots/nba/latest/1040x760/203484.png,NBA CDN,,candidate
P002809,Kenyon Martin,2030.0,https://cdn.nba.com/headshots/nba/latest/1040x760/2030.png,NBA CDN,,candidate
P002810,Keon Clark,1721.0,https://cdn.nba.com/headshots/nba/latest/1040x760/1721.png,NBA CDN,,candidate
P002811,Keon Ellis,1631165.0,https://cdn.nba.com/headshots/nba/latest/1040x760/1631165.png,NBA CDN,,candidate
P002812,Keon Johnson,1630553.0,https://cdn.nba.com/headshots/nba/latest/1040x760/1630553.png,NBA CDN,,candidate
P002813,Kermit Washington,78467.0,https://cdn.nba.com/headshots/nba/latest/1040x760/78467.png,NBA CDN,,candidate
P002814,Kerry Kittles,954.0,https://cdn.nba.com/headshots/nba/latest/1040x760/954.png,NBA CDN,,candidate
P002815,Keshad Johnson,1642352.0,https://cdn.nba.com/headshots/nba/latest/1040x760/1642352.png,NBA CDN,,candidate
P002816,Keshon Gilbert,1642933.0,https://cdn.nba.com/headshots/nba/latest/1040x760/1642933.png,NBA CDN,,candidate
P002817,Kessler Edwards,1630556.0,https://cdn.nba.com/headshots/nba/latest/1040x760/1630556.png,NBA CDN,,candidate
P002818,Kevin Brooks,76265.0,https://cdn.nba.com/headshots/nba/latest/1040x760/76265.png,NBA CDN,,candidate
P002819,Kevin Burleson,101207.0,https://cdn.nba.com/headshots/nba/latest/1040x760/101207.png,NBA CDN,,candidate
P002820,Kevin Duckworth,404.0,https://cdn.nba.com/headshots/nba/latest/1040x760/404.png,NBA CDN,,candidate
P002821,Kevin Durant,201142.0,https://cdn.nba.com/headshots/nba/latest/1040x760/201142.png,NBA CDN,,candidate
P002822,Kevin Edwards,236.0,https://cdn.nba.com/headshots/nba/latest/1040x760/236.png,NBA CDN,,candidate
P002823,Kevin Gamble,333.0,https://cdn.nba.com/headshots/nba/latest/1040x760/333.png,NBA CDN,,candidate
P002824,Kevin Garnett,708.0,https://cdn.nba.com/headshots/nba/latest/1040x760/708.png,NBA CDN,,candidate
P002825,Kevin Garnett*,708.0,https://cdn.nba.com/headshots/nba/latest/1040x760/708.png,NBA CDN,,candidate
P002826,Kevin Grevey,76887.0,https://cdn.nba.com/headshots/nba/latest/1040x760/76887.png,NBA CDN,,candidate
P002827,Kevin Henderson,76994.0,https://cdn.nba.com/headshots/nba/latest/1040x760/76994.png,NBA CDN,,candidate
P002828,Kevin Hervey,1628987.0,https://cdn.nba.com/headshots/nba/latest/1040x760/1628987.png,NBA CDN,,candidate
P002829,Kevin Huerter,1628989.0,https://cdn.nba.com/headshots/nba/latest/1040x760/1628989.png,NBA CDN,,candidate
P002830,Kevin Johnson,134.0,https://cdn.nba.com/headshots/nba/latest/1040x760/134.png,NBA CDN,,candidate
P002831,Kevin Jones,203158.0,https://cdn.nba.com/headshots/nba/latest/1040x760/203158.png,NBA CDN,,candidate
P002833,Kevin Kunnert,77323.0,https://cdn.nba.com/headshots/nba/latest/1040x760/77323.png,NBA CDN,,candidate
P002834,Kevin Loder,77401.0,https://cdn.nba.com/headshots/nba/latest/1040x760/77401.png,NBA CDN,,candidate
P002835,Kevin Loughery,77411.0,https://cdn.nba.com/headshots/nba/latest/1040x760/77411.png,NBA CDN,,candidate
P002836,Kevin Love,201567.0,https://cdn.nba.com/headshots/nba/latest/1040x760/201567.png,NBA CDN,,candidate
P002837,Kevin Lynch,77426.0,https://cdn.nba.com/headshots/nba/latest/1040x760/77426.png,NBA CDN,,candidate
P002838,Kevin Martin,2755.0,https://cdn.nba.com/headshots/nba/latest/1040x760/2755.png,NBA CDN,,candidate
P002839,Kevin McCullar Jr.,1641755.0,https://cdn.nba.com/headshots/nba/latest/1040x760/1641755.png,NBA CDN,,candidate
P002840,Kevin McHale,1450.0,https://cdn.nba.com/headshots/nba/latest/1040x760/1450.png,NBA CDN,,candidate
P002841,Kevin McHale*,1450.0,https://cdn.nba.com/headshots/nba/latest/1040x760/1450.png,NBA CDN,,candidate
P002842,Kevin McKenna,77541.0,https://cdn.nba.com/headshots/nba/latest/1040x760/77541.png,NBA CDN,,candidate
P002843,Kevin Murphy,203122.0,https://cdn.nba.com/headshots/nba/latest/1040x760/203122.png,NBA CDN,,candidate
P002844,Kevin O'Shea,77773.0,https://cdn.nba.com/headshots/nba/latest/1040x760/77773.png,NBA CDN,,candidate
P002845,Kevin Ollie,1563.0,https://cdn.nba.com/headshots/nba/latest/1040x760/1563.png,NBA CDN,,candidate
P002846,Kevin Pangos,1630698.0,https://cdn.nba.com/headshots/nba/latest/1040x760/1630698.png,NBA CDN,,candidate
P002847,Kevin Porter,77876.0,https://cdn.nba.com/headshots/nba/latest/1040x760/77876.png,NBA CDN,,candidate
P002848,Kevin Porter Jr.,1629645.0,https://cdn.nba.com/headshots/nba/latest/1040x760/1629645.png,NBA CDN,,candidate
P002849,Kevin Pritchard,340.0,https://cdn.nba.com/headshots/nba/latest/1040x760/340.png,NBA CDN,,candidate
P002850,Kevin Restani,77944.0,https://cdn.nba.com/headshots/nba/latest/1040x760/77944.png,NBA CDN,,candidate
P002851,Kevin Salvadori,1089.0,https://cdn.nba.com/headshots/nba/latest/1040x760/1089.png,NBA CDN,,candidate
P002852,Kevin Stacom,78237.0,https://cdn.nba.com/headshots/nba/latest/1040x760/78237.png,NBA CDN,,candidate
P002853,Kevin Séraphin,202338.0,https://cdn.nba.com/headshots/nba/latest/1040x760/202338.png,NBA CDN,,candidate
P002854,Kevin Thompson,78329.0,https://cdn.nba.com/headshots/nba/latest/1040x760/78329.png,NBA CDN,,candidate
P002855,Kevin Williams,78556.0,https://cdn.nba.com/headshots/nba/latest/1040x760/78556.png,NBA CDN,,candidate
P002856,Kevin Willis,788.0,https://cdn.nba.com/headshots/nba/latest/1040x760/788.png,NBA CDN,,candidate
P002857,Kevinn Pinkney,200838.0,https://cdn.nba.com/headshots/nba/latest/1040x760/200838.png,NBA CDN,,candidate
P002858,Kevon Harris,1630284.0,https://cdn.nba.com/headshots/nba/latest/1040x760/1630284.png,NBA CDN,,candidate
P002859,Kevon Looney,1626172.0,https://cdn.nba.com/headshots/nba/latest/1040x760/1626172.png,NBA CDN,,candidate
P002860,Keyon Dooling,2039.0,https://cdn.nba.com/headshots/nba/latest/1040x760/2039.png,NBA CDN,,candidate
P002861,Keyontae Johnson,1641749.0,https://cdn.nba.com/headshots/nba/latest/1040x760/1641749.png,NBA CDN,,candidate
P002862,Keyonte George,1641718.0,https://cdn.nba.com/headshots/nba/latest/1040x760/1641718.png,NBA CDN,,candidate
P002863,Khalid El-Amin,2064.0,https://cdn.nba.com/headshots/nba/latest/1040x760/2064.png,NBA CDN,,candidate
P002864,Khalid Reeves,234.0,https://cdn.nba.com/headshots/nba/latest/1040x760/234.png,NBA CDN,,candidate
P002865,Khaman Maluach,1642863.0,https://cdn.nba.com/headshots/nba/latest/1040x760/1642863.png,NBA CDN,,candidate
P002866,Khem Birch,203920.0,https://cdn.nba.com/headshots/nba/latest/1040x760/203920.png,NBA CDN,,candidate
P002867,Khris Middleton,203114.0,https://cdn.nba.com/headshots/nba/latest/1040x760/203114.png,NBA CDN,,candidate
P002868,Khyri Thomas,1629017.0,https://cdn.nba.com/headshots/nba/latest/1040x760/1629017.png,NBA CDN,,candidate
P002869,Kiki Vandeweghe,78404.0,https://cdn.nba.com/headshots/nba/latest/1040x760/78404.png,NBA CDN,,candidate
P002870,Killian Hayes,1630165.0,https://cdn.nba.com/headshots/nba/latest/1040x760/1630165.png,NBA CDN,,candidate
P002871,Killian Tillie,1629681.0,https://cdn.nba.com/headshots/nba/latest/1040x760/1629681.png,NBA CDN,,candidate
P002872,Kim Anderson,76041.0,https://cdn.nba.com/headshots/nba/latest/1040x760/76041.png,NBA CDN,,candidate
P002873,Kim English,203119.0,https://cdn.nba.com/headshots/nba/latest/1040x760/203119.png,NBA CDN,,candidate
P002874,Kim Hughes,77078.0,https://cdn.nba.com/headshots/nba/latest/1040x760/77078.png,NBA CDN,,candidate
P002875,Kira Lewis Jr.,1630184.0,https://cdn.nba.com/headshots/nba/latest/1040x760/1630184.png,NBA CDN,,candidate
P002876,Kirk Haston,2213.0,https://cdn.nba.com/headshots/nba/latest/1040x760/2213.png,NBA CDN,,candidate
P002877,Kirk Hinrich,2550.0,https://cdn.nba.com/headshots/nba/latest/1040x760/2550.png,NBA CDN,,candidate
P002878,Kirk Penney,2632.0,https://cdn.nba.com/headshots/nba/latest/1040x760/2632.png,NBA CDN,,candidate
P002879,Kirk Snyder,2745.0,https://cdn.nba.com/headshots/nba/latest/1040x760/2745.png,NBA CDN,,candidate
P002881,Klay Thompson,202691.0,https://cdn.nba.com/headshots/nba/latest/1040x760/202691.png,NBA CDN,,candidate
P002883,Kobe Brown,1641738.0,https://cdn.nba.com/headshots/nba/latest/1040x760/1641738.png,NBA CDN,,candidate
P002884,Kobe Bryant,977.0,https://cdn.nba.com/headshots/nba/latest/1040x760/977.png,NBA CDN,,candidate
P002885,Kobe Bryant*,977.0,https://cdn.nba.com/headshots/nba/latest/1040x760/977.png,NBA CDN,,candidate
P002886,Kobe Bufkin,1641723.0,https://cdn.nba.com/headshots/nba/latest/1040x760/1641723.png,NBA CDN,,candidate
P002887,Kobe Sanders,1642920.0,https://cdn.nba.com/headshots/nba/latest/1040x760/1642920.png,NBA CDN,,candidate
P002888,Kobi Simmons,1628424.0,https://cdn.nba.com/headshots/nba/latest/1040x760/1628424.png,NBA CDN,,candidate
P002889,Koby Brea,1642886.0,https://cdn.nba.com/headshots/nba/latest/1040x760/1642886.png,NBA CDN,,candidate
P002890,Kon Knueppel,1642851.0,https://cdn.nba.com/headshots/nba/latest/1040x760/1642851.png,NBA CDN,,candidate
P002891,Korleone Young,1748.0,https://cdn.nba.com/headshots/nba/latest/1040x760/1748.png,NBA CDN,,candidate
P002892,Kornél Dávid,1600.0,https://cdn.nba.com/headshots/nba/latest/1040x760/1600.png,NBA CDN,,candidate
P002893,Kosta Koufos,201585.0,https://cdn.nba.com/headshots/nba/latest/1040x760/201585.png,NBA CDN,,candidate
P002894,Kosta Perović,200785.0,https://cdn.nba.com/headshots/nba/latest/1040x760/200785.png,NBA CDN,,candidate
P002895,Kostas Antetokounmpo,1628961.0,https://cdn.nba.com/headshots/nba/latest/1040x760/1628961.png,NBA CDN,,candidate
P002896,Kostas Papanikolaou,203123.0,https://cdn.nba.com/headshots/nba/latest/1040x760/203123.png,NBA CDN,,candidate
P002897,Kris Dunn,1627739.0,https://cdn.nba.com/headshots/nba/latest/1040x760/1627739.png,NBA CDN,,candidate
P002898,Kris Humphries,2743.0,https://cdn.nba.com/headshots/nba/latest/1040x760/2743.png,NBA CDN,,candidate
P002899,Kris Joseph,203126.0,https://cdn.nba.com/headshots/nba/latest/1040x760/203126.png,NBA CDN,,candidate
P002900,Kris Murray,1631200.0,https://cdn.nba.com/headshots/nba/latest/1040x760/1631200.png,NBA CDN,,candidate
P002901,Kristaps Porziņģis,204001.0,https://cdn.nba.com/headshots/nba/latest/1040x760/204001.png,NBA CDN,,candidate
P002902,Kurk Lee,77362.0,https://cdn.nba.com/headshots/nba/latest/1040x760/77362.png,NBA CDN,,candidate
P002903,Kurt Nimphius,77719.0,https://cdn.nba.com/headshots/nba/latest/1040x760/77719.png,NBA CDN,,candidate
P002904,Kurt Rambis,77905.0,https://cdn.nba.com/headshots/nba/latest/1040x760/77905.png,NBA CDN,,candidate
P002905,Kurt Thomas,703.0,https://cdn.nba.com/headshots/nba/latest/1040x760/703.png,NBA CDN,,candidate
P002906,Kwame Brown,2198.0,https://cdn.nba.com/headshots/nba/latest/1040x760/2198.png,NBA CDN,,candidate
P002907,Ky Bowman,1629065.0,https://cdn.nba.com/headshots/nba/latest/1040x760/1629065.png,NBA CDN,,candidate
P002908,Kyle Alexander,1629734.0,https://cdn.nba.com/headshots/nba/latest/1040x760/1629734.png,NBA CDN,,candidate
P002909,Kyle Anderson,203937.0,https://cdn.nba.com/headshots/nba/latest/1040x760/203937.png,NBA CDN,,candidate
P002910,Kyle Collinsworth,1627858.0,https://cdn.nba.com/headshots/nba/latest/1040x760/1627858.png,NBA CDN,,candidate
P002911,Kyle Filipowski,1642271.0,https://cdn.nba.com/headshots/nba/latest/1040x760/1642271.png,NBA CDN,,candidate
P002912,Kyle Guy,1629657.0,https://cdn.nba.com/headshots/nba/latest/1040x760/1629657.png,NBA CDN,,candidate
P002913,Kyle Korver,2594.0,https://cdn.nba.com/headshots/nba/latest/1040x760/2594.png,NBA CDN,,candidate
P002914,Kyle Kuzma,1628398.0,https://cdn.nba.com/headshots/nba/latest/1040x760/1628398.png,NBA CDN,,candidate
P002915,Kyle Lowry,200768.0,https://cdn.nba.com/headshots/nba/latest/1040x760/200768.png,NBA CDN,,candidate
P002916,Kyle Macy,77438.0,https://cdn.nba.com/headshots/nba/latest/1040x760/77438.png,NBA CDN,,candidate
P002917,Kyle O'Quinn,203124.0,https://cdn.nba.com/headshots/nba/latest/1040x760/203124.png,NBA CDN,,candidate
P002918,Kyle Singler,202713.0,https://cdn.nba.com/headshots/nba/latest/1040x760/202713.png,NBA CDN,,candidate
P002919,Kyle Weaver,201602.0,https://cdn.nba.com/headshots/nba/latest/1040x760/201602.png,NBA CDN,,candidate
P002920,Kyle Wiltjer,1627787.0,https://cdn.nba.com/headshots/nba/latest/1040x760/1627787.png,NBA CDN,,candidate
P002921,Kylor Kelley,1630283.0,https://cdn.nba.com/headshots/nba/latest/1040x760/1630283.png,NBA CDN,,candidate
P002922,Kyrie Irving,202681.0,https://cdn.nba.com/headshots/nba/latest/1040x760/202681.png,NBA CDN,,candidate
P002923,Kyrylo Fesenko,201178.0,https://cdn.nba.com/headshots/nba/latest/1040x760/201178.png,NBA CDN,,candidate
P002924,Kyshawn George,1642273.0,https://cdn.nba.com/headshots/nba/latest/1040x760/1642273.png,NBA CDN,,candidate
P002925,LJ Cryer,1643018.0,https://cdn.nba.com/headshots/nba/latest/1040x760/1643018.png,NBA CDN,,candidate
P002926,LaBradford Smith,78194.0,https://cdn.nba.com/headshots/nba/latest/1040x760/78194.png,NBA CDN,,candidate
P002927,LaMarcus Aldridge,200746.0,https://cdn.nba.com/headshots/nba/latest/1040x760/200746.png,NBA CDN,,candidate
P002928,LaMelo Ball,1630163.0,https://cdn.nba.com/headshots/nba/latest/1040x760/1630163.png,NBA CDN,,candidate
P002929,LaPhonso Ellis,111.0,https://cdn.nba.com/headshots/nba/latest/1040x760/111.png,NBA CDN,,candidate
P002930,LaRue Martin,77475.0,https://cdn.nba.com/headshots/nba/latest/1040x760/77475.png,NBA CDN,,candidate
P002931,LaSalle Thompson,78.0,https://cdn.nba.com/headshots/nba/latest/1040x760/78.png,NBA CDN,,candidate
P002932,Lachlan Olbrich,1642950.0,https://cdn.nba.com/headshots/nba/latest/1040x760/1642950.png,NBA CDN,,candidate
P002933,Lamar Green,600011.0,https://cdn.nba.com/headshots/nba/latest/1040x760/600011.png,NBA CDN,,candidate
P002934,Lamar Odom,1885.0,https://cdn.nba.com/headshots/nba/latest/1040x760/1885.png,NBA CDN,,candidate
P002935,Lamar Patterson,203934.0,https://cdn.nba.com/headshots/nba/latest/1040x760/203934.png,NBA CDN,,candidate
P002936,Lamar Stevens,1630205.0,https://cdn.nba.com/headshots/nba/latest/1040x760/1630205.png,NBA CDN,,candidate
P002937,Lamond Murray,441.0,https://cdn.nba.com/headshots/nba/latest/1040x760/441.png,NBA CDN,,candidate
P002938,Lamont Strothers,78273.0,https://cdn.nba.com/headshots/nba/latest/1040x760/78273.png,NBA CDN,,candidate
P002939,Lanard Copeland,76448.0,https://cdn.nba.com/headshots/nba/latest/1040x760/76448.png,NBA CDN,,candidate
P002940,Lancaster Gordon,76834.0,https://cdn.nba.com/headshots/nba/latest/1040x760/76834.png,NBA CDN,,candidate
P002941,Lance Allred,200984.0,https://cdn.nba.com/headshots/nba/latest/1040x760/200984.png,NBA CDN,,candidate
P002942,Lance Blanks,76183.0,https://cdn.nba.com/headshots/nba/latest/1040x760/76183.png,NBA CDN,,candidate
P002943,Lance Stephenson,202362.0,https://cdn.nba.com/headshots/nba/latest/1040x760/202362.png,NBA CDN,,candidate
P002944,Lance Thomas,202498.0,https://cdn.nba.com/headshots/nba/latest/1040x760/202498.png,NBA CDN,,candidate
P002945,Landry Fields,202361.0,https://cdn.nba.com/headshots/nba/latest/1040x760/202361.png,NBA CDN,,candidate
P002946,Landry Shamet,1629013.0,https://cdn.nba.com/headshots/nba/latest/1040x760/1629013.png,NBA CDN,,candidate
P002947,Langston Galloway,204038.0,https://cdn.nba.com/headshots/nba/latest/1040x760/204038.png,NBA CDN,,candidate
P002948,Lari Ketner,1930.0,https://cdn.nba.com/headshots/nba/latest/1040x760/1930.png,NBA CDN,,candidate
P002949,Laron Profit,1919.0,https://cdn.nba.com/headshots/nba/latest/1040x760/1919.png,NBA CDN,,candidate
P002950,Larry Bird,1449.0,https://cdn.nba.com/headshots/nba/latest/1040x760/1449.png,NBA CDN,,candidate
P002951,Larry Bird*,1449.0,https://cdn.nba.com/headshots/nba/latest/1040x760/1449.png,NBA CDN,,candidate
P002952,Larry Cannon,76339.0,https://cdn.nba.com/headshots/nba/latest/1040x760/76339.png,NBA CDN,,candidate
P002953,Larry Comley,76427.0,https://cdn.nba.com/headshots/nba/latest/1040x760/76427.png,NBA CDN,,candidate
P002954,Larry Costello,76454.0,https://cdn.nba.com/headshots/nba/latest/1040x760/76454.png,NBA CDN,,candidate
P002955,Larry Costello*,76454.0,https://cdn.nba.com/headshots/nba/latest/1040x760/76454.png,NBA CDN,,candidate
P002956,Larry Demic,76553.0,https://cdn.nba.com/headshots/nba/latest/1040x760/76553.png,NBA CDN,,candidate
P002957,Larry Drew,76599.0,https://cdn.nba.com/headshots/nba/latest/1040x760/76599.png,NBA CDN,,candidate
P002958,Larry Drew II,203580.0,https://cdn.nba.com/headshots/nba/latest/1040x760/203580.png,NBA CDN,,candidate
P002959,Larry Fogle,76728.0,https://cdn.nba.com/headshots/nba/latest/1040x760/76728.png,NBA CDN,,candidate
P002960,Larry Foust,76744.0,https://cdn.nba.com/headshots/nba/latest/1040x760/76744.png,NBA CDN,,candidate
P002961,Larry Friend,76758.0,https://cdn.nba.com/headshots/nba/latest/1040x760/76758.png,NBA CDN,,candidate
P002962,Larry Hennessy,76998.0,https://cdn.nba.com/headshots/nba/latest/1040x760/76998.png,NBA CDN,,candidate
P002963,Larry Hughes,1716.0,https://cdn.nba.com/headshots/nba/latest/1040x760/1716.png,NBA CDN,,candidate
P002965,Larry Jones,77200.0,https://cdn.nba.com/headshots/nba/latest/1040x760/77200.png,NBA CDN,,candidate
P002966,Larry Kenon,77246.0,https://cdn.nba.com/headshots/nba/latest/1040x760/77246.png,NBA CDN,,candidate
P002967,Larry Krystkowiak,1474.0,https://cdn.nba.com/headshots/nba/latest/1040x760/1474.png,NBA CDN,,candidate
P002968,Larry McNeill,77561.0,https://cdn.nba.com/headshots/nba/latest/1040x760/77561.png,NBA CDN,,candidate
P002969,Larry Micheaux,77588.0,https://cdn.nba.com/headshots/nba/latest/1040x760/77588.png,NBA CDN,,candidate
P002970,Larry Mikan,77591.0,https://cdn.nba.com/headshots/nba/latest/1040x760/77591.png,NBA CDN,,candidate
P002971,Larry Moffett,77621.0,https://cdn.nba.com/headshots/nba/latest/1040x760/77621.png,NBA CDN,,candidate
P002972,Larry Nance,77685.0,https://cdn.nba.com/headshots/nba/latest/1040x760/77685.png,NBA CDN,,candidate
P002973,Larry Nance Jr.,1626204.0,https://cdn.nba.com/headshots/nba/latest/1040x760/1626204.png,NBA CDN,,candidate
P002974,Larry Owens,202082.0,https://cdn.nba.com/headshots/nba/latest/1040x760/202082.png,NBA CDN,,candidate
P002975,Larry Robinson,1683.0,https://cdn.nba.com/headshots/nba/latest/1040x760/1683.png,NBA CDN,,candidate
P002976,Larry Sanders,202336.0,https://cdn.nba.com/headshots/nba/latest/1040x760/202336.png,NBA CDN,,candidate
P002977,Larry Siegfried,78147.0,https://cdn.nba.com/headshots/nba/latest/1040x760/78147.png,NBA CDN,,candidate
P002978,Larry Smith,78195.0,https://cdn.nba.com/headshots/nba/latest/1040x760/78195.png,NBA CDN,,candidate
P002979,Larry Spriggs,78233.0,https://cdn.nba.com/headshots/nba/latest/1040x760/78233.png,NBA CDN,,candidate
P002980,Larry Staverman,78244.0,https://cdn.nba.com/headshots/nba/latest/1040x760/78244.png,NBA CDN,,candidate
P002981,Larry Steele,78245.0,https://cdn.nba.com/headshots/nba/latest/1040x760/78245.png,NBA CDN,,candidate
P002982,Larry Stewart,1125.0,https://cdn.nba.com/headshots/nba/latest/1040x760/1125.png,NBA CDN,,candidate
P002983,Larry Sykes,1132.0,https://cdn.nba.com/headshots/nba/latest/1040x760/1132.png,NBA CDN,,candidate
P002984,Larry Wright,78623.0,https://cdn.nba.com/headshots/nba/latest/1040x760/78623.png,NBA CDN,,candidate
P002985,Lars Hansen,76941.0,https://cdn.nba.com/headshots/nba/latest/1040x760/76941.png,NBA CDN,,candidate
P002986,Latrell Sprewell,84.0,https://cdn.nba.com/headshots/nba/latest/1040x760/84.png,NBA CDN,,candidate
P002987,Lauri Markkanen,1628374.0,https://cdn.nba.com/headshots/nba/latest/1040x760/1628374.png,NBA CDN,,candidate
P002988,Lavor Postell,2068.0,https://cdn.nba.com/headshots/nba/latest/1040x760/2068.png,NBA CDN,,candidate
P002989,Lavoy Allen,202730.0,https://cdn.nba.com/headshots/nba/latest/1040x760/202730.png,NBA CDN,,candidate
P002990,Lawrence Boston,76212.0,https://cdn.nba.com/headshots/nba/latest/1040x760/76212.png,NBA CDN,,candidate
P002991,Lawrence Funderburke,1444.0,https://cdn.nba.com/headshots/nba/latest/1040x760/1444.png,NBA CDN,,candidate
P002992,Lawrence Moten,734.0,https://cdn.nba.com/headshots/nba/latest/1040x760/734.png,NBA CDN,,candidate
P002993,Lawrence Roberts,101160.0,https://cdn.nba.com/headshots/nba/latest/1040x760/101160.png,NBA CDN,,candidate
P002994,Lawson Lovering,1643133.0,https://cdn.nba.com/headshots/nba/latest/1040x760/1643133.png,NBA CDN,,candidate
P002995,Lazar Hayward,202351.0,https://cdn.nba.com/headshots/nba/latest/1040x760/202351.png,NBA CDN,,candidate
P002996,Lazaro Borrell,1953.0,https://cdn.nba.com/headshots/nba/latest/1040x760/1953.png,NBA CDN,,candidate
P002997,LeBron James,2544.0,https://cdn.nba.com/headshots/nba/latest/1040x760/2544.png,NBA CDN,,candidate
P002998,LeRon Ellis,1034.0,https://cdn.nba.com/headshots/nba/latest/1040x760/1034.png,NBA CDN,,candidate
P002999,Leaky Black,1641778.0,https://cdn.nba.com/headshots/nba/latest/1040x760/1641778.png,NBA CDN,,candidate
P003000,Leandro Barbosa,2571.0,https://cdn.nba.com/headshots/nba/latest/1040x760/2571.png,NBA CDN,,candidate
P003001,Leandro Bolmaro,1630195.0,https://cdn.nba.com/headshots/nba/latest/1040x760/1630195.png,NBA CDN,,candidate
P003002,Ledell Eackles,289.0,https://cdn.nba.com/headshots/nba/latest/1040x760/289.png,NBA CDN,,candidate
P003003,Lee Johnson,77158.0,https://cdn.nba.com/headshots/nba/latest/1040x760/77158.png,NBA CDN,,candidate
P003004,Lee Mayberry,195.0,https://cdn.nba.com/headshots/nba/latest/1040x760/195.png,NBA CDN,,candidate
P003005,Lee Nailon,1924.0,https://cdn.nba.com/headshots/nba/latest/1040x760/1924.png,NBA CDN,,candidate
P003006,Lee Shaffer,78121.0,https://cdn.nba.com/headshots/nba/latest/1040x760/78121.png,NBA CDN,,candidate
P003007,Lee Winfield,78592.0,https://cdn.nba.com/headshots/nba/latest/1040x760/78592.png,NBA CDN,,candidate
P003008,Len Chappell,76382.0,https://cdn.nba.com/headshots/nba/latest/1040x760/76382.png,NBA CDN,,candidate
P003009,Len Elmore,600010.0,https://cdn.nba.com/headshots/nba/latest/1040x760/600010.png,NBA CDN,,candidate
P003010,Len Kosmalski,77302.0,https://cdn.nba.com/headshots/nba/latest/1040x760/77302.png,NBA CDN,,candidate
P003011,Lennie Rosenbluth,78018.0,https://cdn.nba.com/headshots/nba/latest/1040x760/78018.png,NBA CDN,,candidate
P003012,Lenny Wilkens,78530.0,https://cdn.nba.com/headshots/nba/latest/1040x760/78530.png,NBA CDN,,candidate
P003013,Lenny Wilkens*,78530.0,https://cdn.nba.com/headshots/nba/latest/1040x760/78530.png,NBA CDN,,candidate
P003014,Leo Barnhorst,76110.0,https://cdn.nba.com/headshots/nba/latest/1040x760/76110.png,NBA CDN,,candidate
P003015,Leo Rautins,77916.0,https://cdn.nba.com/headshots/nba/latest/1040x760/77916.png,NBA CDN,,candidate
P003016,Leon Benbow,76146.0,https://cdn.nba.com/headshots/nba/latest/1040x760/76146.png,NBA CDN,,candidate
P003017,Leon Douglas,76590.0,https://cdn.nba.com/headshots/nba/latest/1040x760/76590.png,NBA CDN,,candidate
P003018,Leon Powe,200796.0,https://cdn.nba.com/headshots/nba/latest/1040x760/200796.png,NBA CDN,,candidate
P003019,Leon Smith,1910.0,https://cdn.nba.com/headshots/nba/latest/1040x760/1910.png,NBA CDN,,candidate
P003020,Leon Wood,78611.0,https://cdn.nba.com/headshots/nba/latest/1040x760/78611.png,NBA CDN,,candidate
P003021,Leonard Gray,76860.0,https://cdn.nba.com/headshots/nba/latest/1040x760/76860.png,NBA CDN,,candidate
P003022,Leonard Miller,1631159.0,https://cdn.nba.com/headshots/nba/latest/1040x760/1631159.png,NBA CDN,,candidate
P003023,Leonard Taylor,78301.0,https://cdn.nba.com/headshots/nba/latest/1040x760/78301.png,NBA CDN,,candidate
P003024,Leroy Combs,76425.0,https://cdn.nba.com/headshots/nba/latest/1040x760/76425.png,NBA CDN,,candidate
P003025,Leroy Ellis,76663.0,https://cdn.nba.com/headshots/nba/latest/1040x760/76663.png,NBA CDN,,candidate
P003026,Les Hunter,77084.0,https://cdn.nba.com/headshots/nba/latest/1040x760/77084.png,NBA CDN,,candidate
P003027,Les Jepsen,77129.0,https://cdn.nba.com/headshots/nba/latest/1040x760/77129.png,NBA CDN,,candidate
P003028,Lester Conner,76431.0,https://cdn.nba.com/headshots/nba/latest/1040x760/76431.png,NBA CDN,,candidate
P003029,Lester Hudson,201991.0,https://cdn.nba.com/headshots/nba/latest/1040x760/201991.png,NBA CDN,,candidate
P003030,Lester Quiñones,1631311.0,https://cdn.nba.com/headshots/nba/latest/1040x760/1631311.png,NBA CDN,,candidate
P003031,Levi Fontaine,76731.0,https://cdn.nba.com/headshots/nba/latest/1040x760/76731.png,NBA CDN,,candidate
P003032,Lew Hitch,77032.0,https://cdn.nba.com/headshots/nba/latest/1040x760/77032.png,NBA CDN,,candidate
P003033,Lewis Brown,76279.0,https://cdn.nba.com/headshots/nba/latest/1040x760/76279.png,NBA CDN,,candidate
P003034,Lewis Lloyd,77395.0,https://cdn.nba.com/headshots/nba/latest/1040x760/77395.png,NBA CDN,,candidate
P003035,Liam McNeeley,1642862.0,https://cdn.nba.com/headshots/nba/latest/1040x760/1642862.png,NBA CDN,,candidate
P003036,Liam Robbins,1641857.0,https://cdn.nba.com/headshots/nba/latest/1040x760/1641857.png,NBA CDN,,candidate
P003037,Linas Kleiza,101132.0,https://cdn.nba.com/headshots/nba/latest/1040x760/101132.png,NBA CDN,,candidate
P003038,Lindell Wigginton,1629623.0,https://cdn.nba.com/headshots/nba/latest/1040x760/1629623.png,NBA CDN,,candidate
P003039,Lindsay Hairston,76917.0,https://cdn.nba.com/headshots/nba/latest/1040x760/76917.png,NBA CDN,,candidate
P003040,Lindsey Hunter,283.0,https://cdn.nba.com/headshots/nba/latest/1040x760/283.png,NBA CDN,,candidate
P003041,Lindy Waters III,1630322.0,https://cdn.nba.com/headshots/nba/latest/1040x760/1630322.png,NBA CDN,,candidate
P003042,Linton Johnson,2669.0,https://cdn.nba.com/headshots/nba/latest/1040x760/2669.png,NBA CDN,,candidate
P003043,Linton Townes,78364.0,https://cdn.nba.com/headshots/nba/latest/1040x760/78364.png,NBA CDN,,candidate
P003044,Lionel Chalmers,2763.0,https://cdn.nba.com/headshots/nba/latest/1040x760/2763.png,NBA CDN,,candidate
P003045,Lionel Hollins,77043.0,https://cdn.nba.com/headshots/nba/latest/1040x760/77043.png,NBA CDN,,candidate
P003046,Lionel Simmons,1489.0,https://cdn.nba.com/headshots/nba/latest/1040x760/1489.png,NBA CDN,,candidate
P003047,Litterial Green,1036.0,https://cdn.nba.com/headshots/nba/latest/1040x760/1036.png,NBA CDN,,candidate
P003048,Lloyd Daniels,1380.0,https://cdn.nba.com/headshots/nba/latest/1040x760/1380.png,NBA CDN,,candidate
P003049,Lloyd Neal,77696.0,https://cdn.nba.com/headshots/nba/latest/1040x760/77696.png,NBA CDN,,candidate
P003050,Lloyd Walton,78449.0,https://cdn.nba.com/headshots/nba/latest/1040x760/78449.png,NBA CDN,,candidate
P003052,London Perrantes,1628506.0,https://cdn.nba.com/headshots/nba/latest/1040x760/1628506.png,NBA CDN,,candidate
P003053,Lonnie Shelton,78133.0,https://cdn.nba.com/headshots/nba/latest/1040x760/78133.png,NBA CDN,,candidate
P003054,Lonnie Walker IV,1629022.0,https://cdn.nba.com/headshots/nba/latest/1040x760/1629022.png,NBA CDN,,candidate
P003055,Lonny Baxter,2437.0,https://cdn.nba.com/headshots/nba/latest/1040x760/2437.png,NBA CDN,,candidate
P003056,Lonzo Ball,1628366.0,https://cdn.nba.com/headshots/nba/latest/1040x760/1628366.png,NBA CDN,,candidate
P003057,Loren Meyer,684.0,https://cdn.nba.com/headshots/nba/latest/1040x760/684.png,NBA CDN,,candidate
P003058,Loren Woods,2254.0,https://cdn.nba.com/headshots/nba/latest/1040x760/2254.png,NBA CDN,,candidate
P003059,Lorenzen Wright,953.0,https://cdn.nba.com/headshots/nba/latest/1040x760/953.png,NBA CDN,,candidate
P003060,Lorenzo Brown,203485.0,https://cdn.nba.com/headshots/nba/latest/1040x760/203485.png,NBA CDN,,candidate
P003061,Lorenzo Charles,76384.0,https://cdn.nba.com/headshots/nba/latest/1040x760/76384.png,NBA CDN,,candidate
P003062,Lorenzo Romar,78015.0,https://cdn.nba.com/headshots/nba/latest/1040x760/78015.png,NBA CDN,,candidate
P003063,Lorenzo Williams,31.0,https://cdn.nba.com/headshots/nba/latest/1040x760/31.png,NBA CDN,,candidate
P003064,Lou Amundson,200811.0,https://cdn.nba.com/headshots/nba/latest/1040x760/200811.png,NBA CDN,,candidate
P003065,Lou Hudson,77074.0,https://cdn.nba.com/headshots/nba/latest/1040x760/77074.png,NBA CDN,,candidate
P003066,Lou Hudson*,77074.0,https://cdn.nba.com/headshots/nba/latest/1040x760/77074.png,NBA CDN,,candidate
P003067,Lou Roe,691.0,https://cdn.nba.com/headshots/nba/latest/1040x760/691.png,NBA CDN,,candidate
P003068,Lou Tsioropoulos,78371.0,https://cdn.nba.com/headshots/nba/latest/1040x760/78371.png,NBA CDN,,candidate
P003069,Lou Williams,101150.0,https://cdn.nba.com/headshots/nba/latest/1040x760/101150.png,NBA CDN,,candidate
P003072,Louie Nelson,77701.0,https://cdn.nba.com/headshots/nba/latest/1040x760/77701.png,NBA CDN,,candidate
P003073,Louis King,1629663.0,https://cdn.nba.com/headshots/nba/latest/1040x760/1629663.png,NBA CDN,,candidate
P003074,Louis Orr,77770.0,https://cdn.nba.com/headshots/nba/latest/1040x760/77770.png,NBA CDN,,candidate
P003075,Lowes Moore,77635.0,https://cdn.nba.com/headshots/nba/latest/1040x760/77635.png,NBA CDN,,candidate
P003076,Loy Petersen,77840.0,https://cdn.nba.com/headshots/nba/latest/1040x760/77840.png,NBA CDN,,candidate
P003077,Loy Vaught,919.0,https://cdn.nba.com/headshots/nba/latest/1040x760/919.png,NBA CDN,,candidate
P003078,Luc Longley,26.0,https://cdn.nba.com/headshots/nba/latest/1040x760/26.png,NBA CDN,,candidate
P003079,Luc Mbah a Moute,201601.0,https://cdn.nba.com/headshots/nba/latest/1040x760/201601.png,NBA CDN,,candidate
P003080,Luca Vildoza,1630492.0,https://cdn.nba.com/headshots/nba/latest/1040x760/1630492.png,NBA CDN,,candidate
P003081,Lucas Nogueira,203512.0,https://cdn.nba.com/headshots/nba/latest/1040x760/203512.png,NBA CDN,,candidate
P003082,Lucas Williamson,1631351.0,https://cdn.nba.com/headshots/nba/latest/1040x760/1631351.png,NBA CDN,,candidate
P003083,Lucious Harris,446.0,https://cdn.nba.com/headshots/nba/latest/1040x760/446.png,NBA CDN,,candidate
P003084,Lucius Allen,76027.0,https://cdn.nba.com/headshots/nba/latest/1040x760/76027.png,NBA CDN,,candidate
P003085,Luguentz Dort,1629652.0,https://cdn.nba.com/headshots/nba/latest/1040x760/1629652.png,NBA CDN,,candidate
P003086,Luis Flores,2784.0,https://cdn.nba.com/headshots/nba/latest/1040x760/2784.png,NBA CDN,,candidate
P003087,Luis Montero,1626242.0,https://cdn.nba.com/headshots/nba/latest/1040x760/1626242.png,NBA CDN,,candidate
P003088,Luis Scola,2449.0,https://cdn.nba.com/headshots/nba/latest/1040x760/2449.png,NBA CDN,,candidate
P003089,Luka Dončić,1629029.0,https://cdn.nba.com/headshots/nba/latest/1040x760/1629029.png,NBA CDN,,candidate
P003090,Luka Garza,1630568.0,https://cdn.nba.com/headshots/nba/latest/1040x760/1630568.png,NBA CDN,,candidate
P003091,Luka Šamanić,1629677.0,https://cdn.nba.com/headshots/nba/latest/1040x760/1629677.png,NBA CDN,,candidate
P003092,Luke Babbitt,202337.0,https://cdn.nba.com/headshots/nba/latest/1040x760/202337.png,NBA CDN,,candidate
P003093,Luke Harangody,202376.0,https://cdn.nba.com/headshots/nba/latest/1040x760/202376.png,NBA CDN,,candidate
P003094,Luke Jackson,2739.0,https://cdn.nba.com/headshots/nba/latest/1040x760/2739.png,NBA CDN,,candidate
P003095,Luke Kennard,1628379.0,https://cdn.nba.com/headshots/nba/latest/1040x760/1628379.png,NBA CDN,,candidate
P003096,Luke Kornet,1628436.0,https://cdn.nba.com/headshots/nba/latest/1040x760/1628436.png,NBA CDN,,candidate
P003097,Luke Ridnour,2557.0,https://cdn.nba.com/headshots/nba/latest/1040x760/2557.png,NBA CDN,,candidate
P003098,Luke Schenscher,101195.0,https://cdn.nba.com/headshots/nba/latest/1040x760/101195.png,NBA CDN,,candidate
P003099,Luke Travers,1631247.0,https://cdn.nba.com/headshots/nba/latest/1040x760/1631247.png,NBA CDN,,candidate
P003100,Luke Walton,2575.0,https://cdn.nba.com/headshots/nba/latest/1040x760/2575.png,NBA CDN,,candidate
P003101,Luke Witte,78603.0,https://cdn.nba.com/headshots/nba/latest/1040x760/78603.png,NBA CDN,,candidate
P003102,Luke Zeller,202545.0,https://cdn.nba.com/headshots/nba/latest/1040x760/202545.png,NBA CDN,,candidate
P003103,Luol Deng,2736.0,https://cdn.nba.com/headshots/nba/latest/1040x760/2736.png,NBA CDN,,candidate
P003104,Luther Green,76872.0,https://cdn.nba.com/headshots/nba/latest/1040x760/76872.png,NBA CDN,,candidate
P003105,Luther Head,101129.0,https://cdn.nba.com/headshots/nba/latest/1040x760/101129.png,NBA CDN,,candidate
P003107,Luther Wright,1007.0,https://cdn.nba.com/headshots/nba/latest/1040x760/1007.png,NBA CDN,,candidate
P003108,Lynn Greer,2696.0,https://cdn.nba.com/headshots/nba/latest/1040x760/2696.png,NBA CDN,,candidate
P003110,M.L. Carr,76351.0,https://cdn.nba.com/headshots/nba/latest/1040x760/76351.png,NBA CDN,,candidate
P003111,Maalik Wayns,203146.0,https://cdn.nba.com/headshots/nba/latest/1040x760/203146.png,NBA CDN,,candidate
P003112,Mac McClung,1630644.0,https://cdn.nba.com/headshots/nba/latest/1040x760/1630644.png,NBA CDN,,candidate
P003113,Maceo Baston,1766.0,https://cdn.nba.com/headshots/nba/latest/1040x760/1766.png,NBA CDN,,candidate
P003114,Maciej Lampe,2573.0,https://cdn.nba.com/headshots/nba/latest/1040x760/2573.png,NBA CDN,,candidate
P003115,Mack Calvin,76336.0,https://cdn.nba.com/headshots/nba/latest/1040x760/76336.png,NBA CDN,,candidate
P003116,Magic Johnson,77142.0,https://cdn.nba.com/headshots/nba/latest/1040x760/77142.png,NBA CDN,,candidate
P003117,Magic Johnson*,77142.0,https://cdn.nba.com/headshots/nba/latest/1040x760/77142.png,NBA CDN,,candidate
P003118,Mahmoud Abdul-Rauf,51.0,https://cdn.nba.com/headshots/nba/latest/1040x760/51.png,NBA CDN,,candidate
P003119,Major Jones,77189.0,https://cdn.nba.com/headshots/nba/latest/1040x760/77189.png,NBA CDN,,candidate
P003120,Makhtar N'Diaye,1823.0,https://cdn.nba.com/headshots/nba/latest/1040x760/1823.png,NBA CDN,,candidate
P003121,Mal Graham,76843.0,https://cdn.nba.com/headshots/nba/latest/1040x760/76843.png,NBA CDN,,candidate
P003122,Malachi Flynn,1630201.0,https://cdn.nba.com/headshots/nba/latest/1040x760/1630201.png,NBA CDN,,candidate
P003123,Malachi Richardson,1627781.0,https://cdn.nba.com/headshots/nba/latest/1040x760/1627781.png,NBA CDN,,candidate
P003124,Malachi Smith,1641869.0,https://cdn.nba.com/headshots/nba/latest/1040x760/1641869.png,NBA CDN,,candidate
P003125,Malaki Branham,1631103.0,https://cdn.nba.com/headshots/nba/latest/1040x760/1631103.png,NBA CDN,,candidate
P003126,Malcolm Brogdon,1627763.0,https://cdn.nba.com/headshots/nba/latest/1040x760/1627763.png,NBA CDN,,candidate
P003127,Malcolm Cazalon,1630608.0,https://cdn.nba.com/headshots/nba/latest/1040x760/1630608.png,NBA CDN,,candidate
P003128,Malcolm Delaney,1627098.0,https://cdn.nba.com/headshots/nba/latest/1040x760/1627098.png,NBA CDN,,candidate
P003129,Malcolm Hill,1630792.0,https://cdn.nba.com/headshots/nba/latest/1040x760/1630792.png,NBA CDN,,candidate
P003130,Malcolm Lee,202723.0,https://cdn.nba.com/headshots/nba/latest/1040x760/202723.png,NBA CDN,,candidate
P003131,Malcolm Mackey,1635.0,https://cdn.nba.com/headshots/nba/latest/1040x760/1635.png,NBA CDN,,candidate
P003132,Malcolm Miller,1626259.0,https://cdn.nba.com/headshots/nba/latest/1040x760/1626259.png,NBA CDN,,candidate
P003133,Malcolm Thomas,202952.0,https://cdn.nba.com/headshots/nba/latest/1040x760/202952.png,NBA CDN,,candidate
P003134,Malevy Leons,1642502.0,https://cdn.nba.com/headshots/nba/latest/1040x760/1642502.png,NBA CDN,,candidate
P003135,Malik Allen,2124.0,https://cdn.nba.com/headshots/nba/latest/1040x760/2124.png,NBA CDN,,candidate
P003136,Malik Beasley,1627736.0,https://cdn.nba.com/headshots/nba/latest/1040x760/1627736.png,NBA CDN,,candidate
P003137,Malik Fitts,1630238.0,https://cdn.nba.com/headshots/nba/latest/1040x760/1630238.png,NBA CDN,,candidate
P003138,Malik Hairston,201612.0,https://cdn.nba.com/headshots/nba/latest/1040x760/201612.png,NBA CDN,,candidate
P003139,Malik Monk,1628370.0,https://cdn.nba.com/headshots/nba/latest/1040x760/1628370.png,NBA CDN,,candidate
P003140,Malik Newman,1629005.0,https://cdn.nba.com/headshots/nba/latest/1040x760/1629005.png,NBA CDN,,candidate
P003141,Malik Rose,990.0,https://cdn.nba.com/headshots/nba/latest/1040x760/990.png,NBA CDN,,candidate
P003142,Malik Sealy,907.0,https://cdn.nba.com/headshots/nba/latest/1040x760/907.png,NBA CDN,,candidate
P003143,Malik Williams,1642013.0,https://cdn.nba.com/headshots/nba/latest/1040x760/1642013.png,NBA CDN,,candidate
P003144,Mamadi Diakite,1629603.0,https://cdn.nba.com/headshots/nba/latest/1040x760/1629603.png,NBA CDN,,candidate
P003145,Mamadou N'Diaye,2055.0,https://cdn.nba.com/headshots/nba/latest/1040x760/2055.png,NBA CDN,,candidate
P003146,Mangok Mathiang,1628493.0,https://cdn.nba.com/headshots/nba/latest/1040x760/1628493.png,NBA CDN,,candidate
P003147,Manny Harris,202412.0,https://cdn.nba.com/headshots/nba/latest/1040x760/202412.png,NBA CDN,,candidate
P003149,Manu Ginóbili,1938.0,https://cdn.nba.com/headshots/nba/latest/1040x760/1938.png,NBA CDN,,candidate
P003150,Manu Ginóbili*,1938.0,https://cdn.nba.com/headshots/nba/latest/1040x760/1938.png,NBA CDN,,candidate
P003151,Manute Bol,76195.0,https://cdn.nba.com/headshots/nba/latest/1040x760/76195.png,NBA CDN,,candidate
P003152,MarJon Beauchamp,1630699.0,https://cdn.nba.com/headshots/nba/latest/1040x760/1630699.png,NBA CDN,,candidate
P003153,MarShon Brooks,202705.0,https://cdn.nba.com/headshots/nba/latest/1040x760/202705.png,NBA CDN,,candidate
P003154,Marc Gasol,201188.0,https://cdn.nba.com/headshots/nba/latest/1040x760/201188.png,NBA CDN,,candidate
P003155,Marc Iavaroni,77092.0,https://cdn.nba.com/headshots/nba/latest/1040x760/77092.png,NBA CDN,,candidate
P003156,Marc Jackson,1531.0,https://cdn.nba.com/headshots/nba/latest/1040x760/1531.png,NBA CDN,,candidate
P003157,Marcelo Huertas,1626273.0,https://cdn.nba.com/headshots/nba/latest/1040x760/1626273.png,NBA CDN,,candidate
P003158,Marcin Gortat,101162.0,https://cdn.nba.com/headshots/nba/latest/1040x760/101162.png,NBA CDN,,candidate
P003159,Marco Belinelli,201158.0,https://cdn.nba.com/headshots/nba/latest/1040x760/201158.png,NBA CDN,,candidate
P003160,Marcus Bagley,1630542.0,https://cdn.nba.com/headshots/nba/latest/1040x760/1630542.png,NBA CDN,,candidate
P003161,Marcus Banks,2556.0,https://cdn.nba.com/headshots/nba/latest/1040x760/2556.png,NBA CDN,,candidate
P003162,Marcus Brown,992.0,https://cdn.nba.com/headshots/nba/latest/1040x760/992.png,NBA CDN,,candidate
P003163,Marcus Camby,948.0,https://cdn.nba.com/headshots/nba/latest/1040x760/948.png,NBA CDN,,candidate
P003164,Marcus Cousin,202408.0,https://cdn.nba.com/headshots/nba/latest/1040x760/202408.png,NBA CDN,,candidate
P003165,Marcus Derrickson,1629094.0,https://cdn.nba.com/headshots/nba/latest/1040x760/1629094.png,NBA CDN,,candidate
P003166,Marcus Fizer,2033.0,https://cdn.nba.com/headshots/nba/latest/1040x760/2033.png,NBA CDN,,candidate
P003167,Marcus Garrett,1630585.0,https://cdn.nba.com/headshots/nba/latest/1040x760/1630585.png,NBA CDN,,candidate
P003168,Marcus Georges-Hunt,1627875.0,https://cdn.nba.com/headshots/nba/latest/1040x760/1627875.png,NBA CDN,,candidate
P003169,Marcus Haislip,2409.0,https://cdn.nba.com/headshots/nba/latest/1040x760/2409.png,NBA CDN,,candidate
P003170,Marcus Landry,202068.0,https://cdn.nba.com/headshots/nba/latest/1040x760/202068.png,NBA CDN,,candidate
P003171,Marcus Liberty,77386.0,https://cdn.nba.com/headshots/nba/latest/1040x760/77386.png,NBA CDN,,candidate
P003173,Marcus Paige,1627779.0,https://cdn.nba.com/headshots/nba/latest/1040x760/1627779.png,NBA CDN,,candidate
P003174,Marcus Sasser,1631204.0,https://cdn.nba.com/headshots/nba/latest/1040x760/1631204.png,NBA CDN,,candidate
P003175,Marcus Smart,203935.0,https://cdn.nba.com/headshots/nba/latest/1040x760/203935.png,NBA CDN,,candidate
P003176,Marcus Thornton,201977.0,https://cdn.nba.com/headshots/nba/latest/1040x760/201977.png,NBA CDN,,candidate
P003177,Marcus Vinicius,200790.0,https://cdn.nba.com/headshots/nba/latest/1040x760/200790.png,NBA CDN,,candidate
P003178,Marcus Webb,78478.0,https://cdn.nba.com/headshots/nba/latest/1040x760/78478.png,NBA CDN,,candidate
P003180,Mardy Collins,200776.0,https://cdn.nba.com/headshots/nba/latest/1040x760/200776.png,NBA CDN,,candidate
P003181,Marial Shayok,1629621.0,https://cdn.nba.com/headshots/nba/latest/1040x760/1629621.png,NBA CDN,,candidate
P003182,Mario Bennett,712.0,https://cdn.nba.com/headshots/nba/latest/1040x760/712.png,NBA CDN,,candidate
P003183,Mario Chalmers,201596.0,https://cdn.nba.com/headshots/nba/latest/1040x760/201596.png,NBA CDN,,candidate
P003184,Mario Elie,53.0,https://cdn.nba.com/headshots/nba/latest/1040x760/53.png,NBA CDN,,candidate
P003185,Mario Hezonja,1626209.0,https://cdn.nba.com/headshots/nba/latest/1040x760/1626209.png,NBA CDN,,candidate
P003186,Mario Kasun,2435.0,https://cdn.nba.com/headshots/nba/latest/1040x760/2435.png,NBA CDN,,candidate
P003187,Mario West,201238.0,https://cdn.nba.com/headshots/nba/latest/1040x760/201238.png,NBA CDN,,candidate
P003188,Mark Acres,76009.0,https://cdn.nba.com/headshots/nba/latest/1040x760/76009.png,NBA CDN,,candidate
P003189,Mark Aguirre,76016.0,https://cdn.nba.com/headshots/nba/latest/1040x760/76016.png,NBA CDN,,candidate
P003190,Mark Alarie,76019.0,https://cdn.nba.com/headshots/nba/latest/1040x760/76019.png,NBA CDN,,candidate
P003191,Mark Baker,1858.0,https://cdn.nba.com/headshots/nba/latest/1040x760/1858.png,NBA CDN,,candidate
P003192,Mark Blount,1548.0,https://cdn.nba.com/headshots/nba/latest/1040x760/1548.png,NBA CDN,,candidate
P003193,Mark Bradtke,1361.0,https://cdn.nba.com/headshots/nba/latest/1040x760/1361.png,NBA CDN,,candidate
P003194,Mark Bryant,95.0,https://cdn.nba.com/headshots/nba/latest/1040x760/95.png,NBA CDN,,candidate
P003195,Mark Crow,76481.0,https://cdn.nba.com/headshots/nba/latest/1040x760/76481.png,NBA CDN,,candidate
P003197,Mark Eaton,76631.0,https://cdn.nba.com/headshots/nba/latest/1040x760/76631.png,NBA CDN,,candidate
P003198,Mark Hendrickson,971.0,https://cdn.nba.com/headshots/nba/latest/1040x760/971.png,NBA CDN,,candidate
P003199,Mark Jackson,349.0,https://cdn.nba.com/headshots/nba/latest/1040x760/349.png,NBA CDN,,candidate
P003201,Mark Landsberger,77334.0,https://cdn.nba.com/headshots/nba/latest/1040x760/77334.png,NBA CDN,,candidate
P003202,Mark Macon,1855.0,https://cdn.nba.com/headshots/nba/latest/1040x760/1855.png,NBA CDN,,candidate
P003203,Mark Madsen,2058.0,https://cdn.nba.com/headshots/nba/latest/1040x760/2058.png,NBA CDN,,candidate
P003204,Mark McNamara,77558.0,https://cdn.nba.com/headshots/nba/latest/1040x760/77558.png,NBA CDN,,candidate
P003205,Mark Minor,77612.0,https://cdn.nba.com/headshots/nba/latest/1040x760/77612.png,NBA CDN,,candidate
P003206,Mark Olberding,77756.0,https://cdn.nba.com/headshots/nba/latest/1040x760/77756.png,NBA CDN,,candidate
P003207,Mark Pope,998.0,https://cdn.nba.com/headshots/nba/latest/1040x760/998.png,NBA CDN,,candidate
P003208,Mark Price,899.0,https://cdn.nba.com/headshots/nba/latest/1040x760/899.png,NBA CDN,,candidate
P003209,Mark Radford,77896.0,https://cdn.nba.com/headshots/nba/latest/1040x760/77896.png,NBA CDN,,candidate
P003210,Mark Randall,1821.0,https://cdn.nba.com/headshots/nba/latest/1040x760/1821.png,NBA CDN,,candidate
P003211,Mark Sears,1641813.0,https://cdn.nba.com/headshots/nba/latest/1040x760/1641813.png,NBA CDN,,candidate
P003212,Mark Sibley,78145.0,https://cdn.nba.com/headshots/nba/latest/1040x760/78145.png,NBA CDN,,candidate
P003213,Mark Strickland,1110.0,https://cdn.nba.com/headshots/nba/latest/1040x760/1110.png,NBA CDN,,candidate
P003214,Mark Wade,78426.0,https://cdn.nba.com/headshots/nba/latest/1040x760/78426.png,NBA CDN,,candidate
P003215,Mark West,770.0,https://cdn.nba.com/headshots/nba/latest/1040x760/770.png,NBA CDN,,candidate
P003216,Mark Williams,1631109.0,https://cdn.nba.com/headshots/nba/latest/1040x760/1631109.png,NBA CDN,,candidate
P003217,Mark Workman,78616.0,https://cdn.nba.com/headshots/nba/latest/1040x760/78616.png,NBA CDN,,candidate
P003218,Markel Brown,203900.0,https://cdn.nba.com/headshots/nba/latest/1040x760/203900.png,NBA CDN,,candidate
P003219,Markelle Fultz,1628365.0,https://cdn.nba.com/headshots/nba/latest/1040x760/1628365.png,NBA CDN,,candidate
P003220,Markieff Morris,202693.0,https://cdn.nba.com/headshots/nba/latest/1040x760/202693.png,NBA CDN,,candidate
P003221,Marko Gudurić,1629741.0,https://cdn.nba.com/headshots/nba/latest/1040x760/1629741.png,NBA CDN,,candidate
P003222,Marko Jarić,2060.0,https://cdn.nba.com/headshots/nba/latest/1040x760/2060.png,NBA CDN,,candidate
P003223,Marko Milič,1527.0,https://cdn.nba.com/headshots/nba/latest/1040x760/1527.png,NBA CDN,,candidate
P003224,Marko Simonovic,1630250.0,https://cdn.nba.com/headshots/nba/latest/1040x760/1630250.png,NBA CDN,,candidate
P003225,Markquis Nowell,1641806.0,https://cdn.nba.com/headshots/nba/latest/1040x760/1641806.png,NBA CDN,,candidate
P003226,Markus Howard,1630210.0,https://cdn.nba.com/headshots/nba/latest/1040x760/1630210.png,NBA CDN,,candidate
P003227,Marlon Garnett,1831.0,https://cdn.nba.com/headshots/nba/latest/1040x760/1831.png,NBA CDN,,candidate
P003228,Marlon Maxey,77486.0,https://cdn.nba.com/headshots/nba/latest/1040x760/77486.png,NBA CDN,,candidate
P003229,Marlon Redmond,77926.0,https://cdn.nba.com/headshots/nba/latest/1040x760/77926.png,NBA CDN,,candidate
P003230,Marques Bolden,1629716.0,https://cdn.nba.com/headshots/nba/latest/1040x760/1629716.png,NBA CDN,,candidate
P003231,Marques Bragg,66.0,https://cdn.nba.com/headshots/nba/latest/1040x760/66.png,NBA CDN,,candidate
P003232,Marques Johnson,77160.0,https://cdn.nba.com/headshots/nba/latest/1040x760/77160.png,NBA CDN,,candidate
P003233,Marquese Chriss,1627737.0,https://cdn.nba.com/headshots/nba/latest/1040x760/1627737.png,NBA CDN,,candidate
P003234,Marquis Daniels,2605.0,https://cdn.nba.com/headshots/nba/latest/1040x760/2605.png,NBA CDN,,candidate
P003235,Marquis Teague,203104.0,https://cdn.nba.com/headshots/nba/latest/1040x760/203104.png,NBA CDN,,candidate
P003236,Marreese Speights,201578.0,https://cdn.nba.com/headshots/nba/latest/1040x760/201578.png,NBA CDN,,candidate
P003237,Marshall Plumlee,1627850.0,https://cdn.nba.com/headshots/nba/latest/1040x760/1627850.png,NBA CDN,,candidate
P003238,Marshall Rogers,78008.0,https://cdn.nba.com/headshots/nba/latest/1040x760/78008.png,NBA CDN,,candidate
P003239,Martell Webster,101110.0,https://cdn.nba.com/headshots/nba/latest/1040x760/101110.png,NBA CDN,,candidate
P003240,Martin Lewis,729.0,https://cdn.nba.com/headshots/nba/latest/1040x760/729.png,NBA CDN,,candidate
P003241,Martin Müürsepp,982.0,https://cdn.nba.com/headshots/nba/latest/1040x760/982.png,NBA CDN,,candidate
P003242,Martin Nessley,77704.0,https://cdn.nba.com/headshots/nba/latest/1040x760/77704.png,NBA CDN,,candidate
P003243,Marty Byrnes,76321.0,https://cdn.nba.com/headshots/nba/latest/1040x760/76321.png,NBA CDN,,candidate
P003244,Marty Conlon,55.0,https://cdn.nba.com/headshots/nba/latest/1040x760/55.png,NBA CDN,,candidate
P003245,Martynas Andriuškevičius,101149.0,https://cdn.nba.com/headshots/nba/latest/1040x760/101149.png,NBA CDN,,candidate
P003246,Marv Roberts,77978.0,https://cdn.nba.com/headshots/nba/latest/1040x760/77978.png,NBA CDN,,candidate
P003247,Marv Winkler,78597.0,https://cdn.nba.com/headshots/nba/latest/1040x760/78597.png,NBA CDN,,candidate
P003248,Marvin Bagley III,1628963.0,https://cdn.nba.com/headshots/nba/latest/1040x760/1628963.png,NBA CDN,,candidate
P003249,Marvin Barnes,76104.0,https://cdn.nba.com/headshots/nba/latest/1040x760/76104.png,NBA CDN,,candidate
P003250,Marvin Webster,78481.0,https://cdn.nba.com/headshots/nba/latest/1040x760/78481.png,NBA CDN,,candidate
P003251,Marvin Williams,101107.0,https://cdn.nba.com/headshots/nba/latest/1040x760/101107.png,NBA CDN,,candidate
P003252,Mason Jones,1630222.0,https://cdn.nba.com/headshots/nba/latest/1040x760/1630222.png,NBA CDN,,candidate
P003253,Mason Plumlee,203486.0,https://cdn.nba.com/headshots/nba/latest/1040x760/203486.png,NBA CDN,,candidate
P003254,Matas Buzelis,1641824.0,https://cdn.nba.com/headshots/nba/latest/1040x760/1641824.png,NBA CDN,,candidate
P003255,Mateen Cleaves,2043.0,https://cdn.nba.com/headshots/nba/latest/1040x760/2043.png,NBA CDN,,candidate
P003256,Matisse Thybulle,1629680.0,https://cdn.nba.com/headshots/nba/latest/1040x760/1629680.png,NBA CDN,,candidate
P003257,Matt Barnes,2440.0,https://cdn.nba.com/headshots/nba/latest/1040x760/2440.png,NBA CDN,,candidate
P003258,Matt Bonner,2588.0,https://cdn.nba.com/headshots/nba/latest/1040x760/2588.png,NBA CDN,,candidate
P003259,Matt Bullard,672.0,https://cdn.nba.com/headshots/nba/latest/1040x760/672.png,NBA CDN,,candidate
P003260,Matt Carroll,2679.0,https://cdn.nba.com/headshots/nba/latest/1040x760/2679.png,NBA CDN,,candidate
P003261,Matt Costello,1627856.0,https://cdn.nba.com/headshots/nba/latest/1040x760/1627856.png,NBA CDN,,candidate
P003262,Matt Fish,900.0,https://cdn.nba.com/headshots/nba/latest/1040x760/900.png,NBA CDN,,candidate
P003263,Matt Freije,2782.0,https://cdn.nba.com/headshots/nba/latest/1040x760/2782.png,NBA CDN,,candidate
P003264,Matt Geiger,761.0,https://cdn.nba.com/headshots/nba/latest/1040x760/761.png,NBA CDN,,candidate
P003266,Matt Harpring,1723.0,https://cdn.nba.com/headshots/nba/latest/1040x760/1723.png,NBA CDN,,candidate
P003267,Matt Maloney,1074.0,https://cdn.nba.com/headshots/nba/latest/1040x760/1074.png,NBA CDN,,candidate
P003268,Matt Mooney,1629760.0,https://cdn.nba.com/headshots/nba/latest/1040x760/1629760.png,NBA CDN,,candidate
P003269,Matt Othick,77777.0,https://cdn.nba.com/headshots/nba/latest/1040x760/77777.png,NBA CDN,,candidate
P003270,Matt Ryan,1630346.0,https://cdn.nba.com/headshots/nba/latest/1040x760/1630346.png,NBA CDN,,candidate
P003271,Matt Steigenga,1099.0,https://cdn.nba.com/headshots/nba/latest/1040x760/1099.png,NBA CDN,,candidate
P003272,Matt Thomas,1629744.0,https://cdn.nba.com/headshots/nba/latest/1040x760/1629744.png,NBA CDN,,candidate
P003273,Matt Walsh,101190.0,https://cdn.nba.com/headshots/nba/latest/1040x760/101190.png,NBA CDN,,candidate
P003274,Matt Wenstrom,78492.0,https://cdn.nba.com/headshots/nba/latest/1040x760/78492.png,NBA CDN,,candidate
P003276,Matthew Dellavedova,203521.0,https://cdn.nba.com/headshots/nba/latest/1040x760/203521.png,NBA CDN,,candidate
P003278,Maurice Ager,200772.0,https://cdn.nba.com/headshots/nba/latest/1040x760/200772.png,NBA CDN,,candidate
P003279,Maurice Baker,2486.0,https://cdn.nba.com/headshots/nba/latest/1040x760/2486.png,NBA CDN,,candidate
P003280,Maurice Carter,2466.0,https://cdn.nba.com/headshots/nba/latest/1040x760/2466.png,NBA CDN,,candidate
P003281,Maurice Cheeks,76385.0,https://cdn.nba.com/headshots/nba/latest/1040x760/76385.png,NBA CDN,,candidate
P003282,Maurice Cheeks*,76385.0,https://cdn.nba.com/headshots/nba/latest/1040x760/76385.png,NBA CDN,,candidate
P003283,Maurice Evans,2230.0,https://cdn.nba.com/headshots/nba/latest/1040x760/2230.png,NBA CDN,,candidate
P003284,Maurice Harkless,203090.0,https://cdn.nba.com/headshots/nba/latest/1040x760/203090.png,NBA CDN,,candidate
P003286,Maurice Lucas,77420.0,https://cdn.nba.com/headshots/nba/latest/1040x760/77420.png,NBA CDN,,candidate
P003288,Maurice Ndour,1626254.0,https://cdn.nba.com/headshots/nba/latest/1040x760/1626254.png,NBA CDN,,candidate
P003289,Maurice Stokes,600016.0,https://cdn.nba.com/headshots/nba/latest/1040x760/600016.png,NBA CDN,,candidate
P003290,Maurice Stokes*,600016.0,https://cdn.nba.com/headshots/nba/latest/1040x760/600016.png,NBA CDN,,candidate
P003291,Maurice Taylor,1508.0,https://cdn.nba.com/headshots/nba/latest/1040x760/1508.png,NBA CDN,,candidate
P003292,Max Christie,1631108.0,https://cdn.nba.com/headshots/nba/latest/1040x760/1631108.png,NBA CDN,,candidate
P003293,Max Shulga,1642917.0,https://cdn.nba.com/headshots/nba/latest/1040x760/1642917.png,NBA CDN,,candidate
P003294,Max Strus,1629622.0,https://cdn.nba.com/headshots/nba/latest/1040x760/1629622.png,NBA CDN,,candidate
P003295,Max Zaslofsky,78638.0,https://cdn.nba.com/headshots/nba/latest/1040x760/78638.png,NBA CDN,,candidate
P003296,Maxi Kleber,1628467.0,https://cdn.nba.com/headshots/nba/latest/1040x760/1628467.png,NBA CDN,,candidate
P003297,Maxime Raynaud,1642875.0,https://cdn.nba.com/headshots/nba/latest/1040x760/1642875.png,NBA CDN,,candidate
P003298,Maxwell Lewis,1641721.0,https://cdn.nba.com/headshots/nba/latest/1040x760/1641721.png,NBA CDN,,candidate
P003300,McCoy McLemore,77548.0,https://cdn.nba.com/headshots/nba/latest/1040x760/77548.png,NBA CDN,,candidate
P003301,McKinley Singleton,78162.0,https://cdn.nba.com/headshots/nba/latest/1040x760/78162.png,NBA CDN,,candidate
P003302,McKinley Wright IV,1630593.0,https://cdn.nba.com/headshots/nba/latest/1040x760/1630593.png,NBA CDN,,candidate
P003304,Mehmet Okur,2246.0,https://cdn.nba.com/headshots/nba/latest/1040x760/2246.png,NBA CDN,,candidate
P003305,Mel Bennett,76151.0,https://cdn.nba.com/headshots/nba/latest/1040x760/76151.png,NBA CDN,,candidate
P003306,Mel Counts,76458.0,https://cdn.nba.com/headshots/nba/latest/1040x760/76458.png,NBA CDN,,candidate
P003307,Mel Daniels,76502.0,https://cdn.nba.com/headshots/nba/latest/1040x760/76502.png,NBA CDN,,candidate
P003308,Mel Davis,76529.0,https://cdn.nba.com/headshots/nba/latest/1040x760/76529.png,NBA CDN,,candidate
P003309,Mel Gibson,76809.0,https://cdn.nba.com/headshots/nba/latest/1040x760/76809.png,NBA CDN,,candidate
P003310,Mel Hutchins,77089.0,https://cdn.nba.com/headshots/nba/latest/1040x760/77089.png,NBA CDN,,candidate
P003311,Mel McCants,77502.0,https://cdn.nba.com/headshots/nba/latest/1040x760/77502.png,NBA CDN,,candidate
P003312,Mel Nowell,77737.0,https://cdn.nba.com/headshots/nba/latest/1040x760/77737.png,NBA CDN,,candidate
P003313,Mel Payton,77824.0,https://cdn.nba.com/headshots/nba/latest/1040x760/77824.png,NBA CDN,,candidate
P003314,Mel Peterson,77842.0,https://cdn.nba.com/headshots/nba/latest/1040x760/77842.png,NBA CDN,,candidate
P003315,Melvin Booker,511.0,https://cdn.nba.com/headshots/nba/latest/1040x760/511.png,NBA CDN,,candidate
P003316,Melvin Ely,2408.0,https://cdn.nba.com/headshots/nba/latest/1040x760/2408.png,NBA CDN,,candidate
P003318,Melvin Newbern,1116.0,https://cdn.nba.com/headshots/nba/latest/1040x760/1116.png,NBA CDN,,candidate
P003319,Melvin Sanders,2684.0,https://cdn.nba.com/headshots/nba/latest/1040x760/2684.png,NBA CDN,,candidate
P003321,Mengke Bateer,2370.0,https://cdn.nba.com/headshots/nba/latest/1040x760/2370.png,NBA CDN,,candidate
P003322,Metta World Peace,1897.0,https://cdn.nba.com/headshots/nba/latest/1040x760/1897.png,NBA CDN,,candidate
P003323,Meyers Leonard,203086.0,https://cdn.nba.com/headshots/nba/latest/1040x760/203086.png,NBA CDN,,candidate
P003324,Mfiondu Kabengele,1629662.0,https://cdn.nba.com/headshots/nba/latest/1040x760/1629662.png,NBA CDN,,candidate
P003325,Micah Peavy,1642877.0,https://cdn.nba.com/headshots/nba/latest/1040x760/1642877.png,NBA CDN,,candidate
P003326,Micah Potter,1630695.0,https://cdn.nba.com/headshots/nba/latest/1040x760/1630695.png,NBA CDN,,candidate
P003327,Michael Adams,149.0,https://cdn.nba.com/headshots/nba/latest/1040x760/149.png,NBA CDN,,candidate
P003328,Michael Anderson,76042.0,https://cdn.nba.com/headshots/nba/latest/1040x760/76042.png,NBA CDN,,candidate
P003329,Michael Ansley,76050.0,https://cdn.nba.com/headshots/nba/latest/1040x760/76050.png,NBA CDN,,candidate
P003330,Michael Beasley,201563.0,https://cdn.nba.com/headshots/nba/latest/1040x760/201563.png,NBA CDN,,candidate
P003331,Michael Bradley,2214.0,https://cdn.nba.com/headshots/nba/latest/1040x760/2214.png,NBA CDN,,candidate
P003332,Michael Brooks,76266.0,https://cdn.nba.com/headshots/nba/latest/1040x760/76266.png,NBA CDN,,candidate
P003333,Michael Cage,262.0,https://cdn.nba.com/headshots/nba/latest/1040x760/262.png,NBA CDN,,candidate
P003334,Michael Carter-Williams,203487.0,https://cdn.nba.com/headshots/nba/latest/1040x760/203487.png,NBA CDN,,candidate
P003335,Michael Cooper,76444.0,https://cdn.nba.com/headshots/nba/latest/1040x760/76444.png,NBA CDN,,candidate
P003336,Michael Cooper*,76444.0,https://cdn.nba.com/headshots/nba/latest/1040x760/76444.png,NBA CDN,,candidate
P003337,Michael Curry,688.0,https://cdn.nba.com/headshots/nba/latest/1040x760/688.png,NBA CDN,,candidate
P003338,Michael Dickerson,1722.0,https://cdn.nba.com/headshots/nba/latest/1040x760/1722.png,NBA CDN,,candidate
P003339,Michael Doleac,1720.0,https://cdn.nba.com/headshots/nba/latest/1040x760/1720.png,NBA CDN,,candidate
P003340,Michael Finley,714.0,https://cdn.nba.com/headshots/nba/latest/1040x760/714.png,NBA CDN,,candidate
P003341,Michael Foster Jr.,1630701.0,https://cdn.nba.com/headshots/nba/latest/1040x760/1630701.png,NBA CDN,,candidate
P003343,Michael Gbinije,1627771.0,https://cdn.nba.com/headshots/nba/latest/1040x760/1627771.png,NBA CDN,,candidate
P003344,Michael Hawkins,1138.0,https://cdn.nba.com/headshots/nba/latest/1040x760/1138.png,NBA CDN,,candidate
P003345,Michael Holton,77047.0,https://cdn.nba.com/headshots/nba/latest/1040x760/77047.png,NBA CDN,,candidate
P003346,Michael Jackson,77104.0,https://cdn.nba.com/headshots/nba/latest/1040x760/77104.png,NBA CDN,,candidate
P003347,Michael Jordan,893.0,https://cdn.nba.com/headshots/nba/latest/1040x760/893.png,NBA CDN,,candidate
P003348,Michael Jordan*,893.0,https://cdn.nba.com/headshots/nba/latest/1040x760/893.png,NBA CDN,,candidate
P003349,Michael Kidd-Gilchrist,203077.0,https://cdn.nba.com/headshots/nba/latest/1040x760/203077.png,NBA CDN,,candidate
P003350,Michael McDonald,1075.0,https://cdn.nba.com/headshots/nba/latest/1040x760/1075.png,NBA CDN,,candidate
P003351,Michael Olowokandi,1709.0,https://cdn.nba.com/headshots/nba/latest/1040x760/1709.png,NBA CDN,,candidate
P003353,Michael Porter Jr.,1629008.0,https://cdn.nba.com/headshots/nba/latest/1040x760/1629008.png,NBA CDN,,candidate
P003355,Michael Redd,2072.0,https://cdn.nba.com/headshots/nba/latest/1040x760/2072.png,NBA CDN,,candidate
P003356,Michael Ruffin,1913.0,https://cdn.nba.com/headshots/nba/latest/1040x760/1913.png,NBA CDN,,candidate
P003358,Michael Stewart,1565.0,https://cdn.nba.com/headshots/nba/latest/1040x760/1565.png,NBA CDN,,candidate
P003359,Michael Wiley,78527.0,https://cdn.nba.com/headshots/nba/latest/1040x760/78527.png,NBA CDN,,candidate
P003361,Michael Young,78634.0,https://cdn.nba.com/headshots/nba/latest/1040x760/78634.png,NBA CDN,,candidate
P003362,Micheal Williams,52.0,https://cdn.nba.com/headshots/nba/latest/1040x760/52.png,NBA CDN,,candidate
P003363,Mickaël Gelabale,101153.0,https://cdn.nba.com/headshots/nba/latest/1040x760/101153.png,NBA CDN,,candidate
P003364,Mickaël Piétrus,2554.0,https://cdn.nba.com/headshots/nba/latest/1040x760/2554.png,NBA CDN,,candidate
P003365,Mickell Gladness,202148.0,https://cdn.nba.com/headshots/nba/latest/1040x760/202148.png,NBA CDN,,candidate
P003367,Mickey Dillard,76569.0,https://cdn.nba.com/headshots/nba/latest/1040x760/76569.png,NBA CDN,,candidate
P003368,Mickey Johnson,77168.0,https://cdn.nba.com/headshots/nba/latest/1040x760/77168.png,NBA CDN,,candidate
P003369,Mikal Bridges,1628969.0,https://cdn.nba.com/headshots/nba/latest/1040x760/1628969.png,NBA CDN,,candidate
P003370,Mike Bantom,76095.0,https://cdn.nba.com/headshots/nba/latest/1040x760/76095.png,NBA CDN,,candidate
P003371,Mike Barr,76112.0,https://cdn.nba.com/headshots/nba/latest/1040x760/76112.png,NBA CDN,,candidate
P003372,Mike Batiste,2471.0,https://cdn.nba.com/headshots/nba/latest/1040x760/2471.png,NBA CDN,,candidate
P003373,Mike Bibby,1710.0,https://cdn.nba.com/headshots/nba/latest/1040x760/1710.png,NBA CDN,,candidate
P003374,Mike Bratz,76242.0,https://cdn.nba.com/headshots/nba/latest/1040x760/76242.png,NBA CDN,,candidate
P003375,Mike Brittain,76260.0,https://cdn.nba.com/headshots/nba/latest/1040x760/76260.png,NBA CDN,,candidate
P003376,Mike Brown,1479.0,https://cdn.nba.com/headshots/nba/latest/1040x760/1479.png,NBA CDN,,candidate
P003377,Mike Champion,76378.0,https://cdn.nba.com/headshots/nba/latest/1040x760/76378.png,NBA CDN,,candidate
P003378,Mike Conley,201144.0,https://cdn.nba.com/headshots/nba/latest/1040x760/201144.png,NBA CDN,,candidate
P003379,Mike D'Antoni,76505.0,https://cdn.nba.com/headshots/nba/latest/1040x760/76505.png,NBA CDN,,candidate
P003380,Mike Davis,76531.0,https://cdn.nba.com/headshots/nba/latest/1040x760/76531.png,NBA CDN,,candidate
P003382,Mike Evans,76686.0,https://cdn.nba.com/headshots/nba/latest/1040x760/76686.png,NBA CDN,,candidate
P003383,Mike Farmer,76694.0,https://cdn.nba.com/headshots/nba/latest/1040x760/76694.png,NBA CDN,,candidate
P003384,Mike Flynn,76727.0,https://cdn.nba.com/headshots/nba/latest/1040x760/76727.png,NBA CDN,,candidate
P003385,Mike Gale,76771.0,https://cdn.nba.com/headshots/nba/latest/1040x760/76771.png,NBA CDN,,candidate
P003386,Mike Gibson,76810.0,https://cdn.nba.com/headshots/nba/latest/1040x760/76810.png,NBA CDN,,candidate
P003387,Mike Glenn,76822.0,https://cdn.nba.com/headshots/nba/latest/1040x760/76822.png,NBA CDN,,candidate
P003388,Mike Gminski,76826.0,https://cdn.nba.com/headshots/nba/latest/1040x760/76826.png,NBA CDN,,candidate
P003389,Mike Green,76873.0,https://cdn.nba.com/headshots/nba/latest/1040x760/76873.png,NBA CDN,,candidate
P003390,Mike Hall,200837.0,https://cdn.nba.com/headshots/nba/latest/1040x760/200837.png,NBA CDN,,candidate
P003391,Mike Harper,76954.0,https://cdn.nba.com/headshots/nba/latest/1040x760/76954.png,NBA CDN,,candidate
P003392,Mike Harris,200839.0,https://cdn.nba.com/headshots/nba/latest/1040x760/200839.png,NBA CDN,,candidate
P003393,Mike Higgins,1848.0,https://cdn.nba.com/headshots/nba/latest/1040x760/1848.png,NBA CDN,,candidate
P003394,Mike Iuzzolino,77098.0,https://cdn.nba.com/headshots/nba/latest/1040x760/77098.png,NBA CDN,,candidate
P003397,Mike Lynn,77427.0,https://cdn.nba.com/headshots/nba/latest/1040x760/77427.png,NBA CDN,,candidate
P003398,Mike Macaluso,77428.0,https://cdn.nba.com/headshots/nba/latest/1040x760/77428.png,NBA CDN,,candidate
P003399,Mike McGee,77530.0,https://cdn.nba.com/headshots/nba/latest/1040x760/77530.png,NBA CDN,,candidate
P003400,Mike Miller,2034.0,https://cdn.nba.com/headshots/nba/latest/1040x760/2034.png,NBA CDN,,candidate
P003401,Mike Mitchell,77615.0,https://cdn.nba.com/headshots/nba/latest/1040x760/77615.png,NBA CDN,,candidate
P003402,Mike Morrison,77649.0,https://cdn.nba.com/headshots/nba/latest/1040x760/77649.png,NBA CDN,,candidate
P003403,Mike Muscala,203488.0,https://cdn.nba.com/headshots/nba/latest/1040x760/203488.png,NBA CDN,,candidate
P003404,Mike Newlin,77710.0,https://cdn.nba.com/headshots/nba/latest/1040x760/77710.png,NBA CDN,,candidate
P003405,Mike Niles,77718.0,https://cdn.nba.com/headshots/nba/latest/1040x760/77718.png,NBA CDN,,candidate
P003406,Mike Novak,77736.0,https://cdn.nba.com/headshots/nba/latest/1040x760/77736.png,NBA CDN,,candidate
P003407,Mike O'Koren,77754.0,https://cdn.nba.com/headshots/nba/latest/1040x760/77754.png,NBA CDN,,candidate
P003408,Mike O'Neill,77767.0,https://cdn.nba.com/headshots/nba/latest/1040x760/77767.png,NBA CDN,,candidate
P003409,Mike Penberthy,2130.0,https://cdn.nba.com/headshots/nba/latest/1040x760/2130.png,NBA CDN,,candidate
P003410,Mike Peplowski,46.0,https://cdn.nba.com/headshots/nba/latest/1040x760/46.png,NBA CDN,,candidate
P003411,Mike Price,77884.0,https://cdn.nba.com/headshots/nba/latest/1040x760/77884.png,NBA CDN,,candidate
P003412,Mike Ratliff,77915.0,https://cdn.nba.com/headshots/nba/latest/1040x760/77915.png,NBA CDN,,candidate
P003413,Mike Riordan,77966.0,https://cdn.nba.com/headshots/nba/latest/1040x760/77966.png,NBA CDN,,candidate
P003414,Mike Sanders,78059.0,https://cdn.nba.com/headshots/nba/latest/1040x760/78059.png,NBA CDN,,candidate
P003415,Mike Scott,203118.0,https://cdn.nba.com/headshots/nba/latest/1040x760/203118.png,NBA CDN,,candidate
P003416,Mike Silliman,78152.0,https://cdn.nba.com/headshots/nba/latest/1040x760/78152.png,NBA CDN,,candidate
P003417,Mike Smith,2065.0,https://cdn.nba.com/headshots/nba/latest/1040x760/2065.png,NBA CDN,,candidate
P003418,Mike Smrek,1091.0,https://cdn.nba.com/headshots/nba/latest/1040x760/1091.png,NBA CDN,,candidate
P003419,Mike Sojourner,78217.0,https://cdn.nba.com/headshots/nba/latest/1040x760/78217.png,NBA CDN,,candidate
P003421,Mike Taylor,201446.0,https://cdn.nba.com/headshots/nba/latest/1040x760/201446.png,NBA CDN,,candidate
P003422,Mike Tobey,1627861.0,https://cdn.nba.com/headshots/nba/latest/1040x760/1627861.png,NBA CDN,,candidate
P003423,Mike Wilks,2366.0,https://cdn.nba.com/headshots/nba/latest/1040x760/2366.png,NBA CDN,,candidate
P003424,Mike Williams,78558.0,https://cdn.nba.com/headshots/nba/latest/1040x760/78558.png,NBA CDN,,candidate
P003425,Mike Woodson,78614.0,https://cdn.nba.com/headshots/nba/latest/1040x760/78614.png,NBA CDN,,candidate
P003426,Mikki Moore,1630.0,https://cdn.nba.com/headshots/nba/latest/1040x760/1630.png,NBA CDN,,candidate
P003427,Mile Ilić,101148.0,https://cdn.nba.com/headshots/nba/latest/1040x760/101148.png,NBA CDN,,candidate
P003428,Miles Bridges,1628970.0,https://cdn.nba.com/headshots/nba/latest/1040x760/1628970.png,NBA CDN,,candidate
P003429,Miles Kelly,1642939.0,https://cdn.nba.com/headshots/nba/latest/1040x760/1642939.png,NBA CDN,,candidate
P003430,Miles McBride,1630540.0,https://cdn.nba.com/headshots/nba/latest/1040x760/1630540.png,NBA CDN,,candidate
P003431,Miles Norris,1641936.0,https://cdn.nba.com/headshots/nba/latest/1040x760/1641936.png,NBA CDN,,candidate
P003432,Miles Plumlee,203101.0,https://cdn.nba.com/headshots/nba/latest/1040x760/203101.png,NBA CDN,,candidate
P003433,Miles Simon,1750.0,https://cdn.nba.com/headshots/nba/latest/1040x760/1750.png,NBA CDN,,candidate
P003434,Miloš Babić,76079.0,https://cdn.nba.com/headshots/nba/latest/1040x760/76079.png,NBA CDN,,candidate
P003435,Miloš Teodosić,1628462.0,https://cdn.nba.com/headshots/nba/latest/1040x760/1628462.png,NBA CDN,,candidate
P003436,Milt Palacio,1960.0,https://cdn.nba.com/headshots/nba/latest/1040x760/1960.png,NBA CDN,,candidate
P003437,Milt Wagner,78429.0,https://cdn.nba.com/headshots/nba/latest/1040x760/78429.png,NBA CDN,,candidate
P003438,Milt Williams,78560.0,https://cdn.nba.com/headshots/nba/latest/1040x760/78560.png,NBA CDN,,candidate
P003439,Milton Doyle,1628495.0,https://cdn.nba.com/headshots/nba/latest/1040x760/1628495.png,NBA CDN,,candidate
P003440,Mindaugas Kuzminskas,1627851.0,https://cdn.nba.com/headshots/nba/latest/1040x760/1627851.png,NBA CDN,,candidate
P003441,Miroslav Raduljica,203545.0,https://cdn.nba.com/headshots/nba/latest/1040x760/203545.png,NBA CDN,,candidate
P003442,Mirsad Türkcan,1726.0,https://cdn.nba.com/headshots/nba/latest/1040x760/1726.png,NBA CDN,,candidate
P003443,Mirza Teletović,203141.0,https://cdn.nba.com/headshots/nba/latest/1040x760/203141.png,NBA CDN,,candidate
P003445,Mitch Kupchak,77324.0,https://cdn.nba.com/headshots/nba/latest/1040x760/77324.png,NBA CDN,,candidate
P003446,Mitch McGary,203956.0,https://cdn.nba.com/headshots/nba/latest/1040x760/203956.png,NBA CDN,,candidate
P003447,Mitch Richmond,782.0,https://cdn.nba.com/headshots/nba/latest/1040x760/782.png,NBA CDN,,candidate
P003448,Mitch Richmond*,782.0,https://cdn.nba.com/headshots/nba/latest/1040x760/782.png,NBA CDN,,candidate
P003449,Mitchell Butler,348.0,https://cdn.nba.com/headshots/nba/latest/1040x760/348.png,NBA CDN,,candidate
P003450,Mitchell Robinson,1629011.0,https://cdn.nba.com/headshots/nba/latest/1040x760/1629011.png,NBA CDN,,candidate
P003451,Mitchell Wiggins,78523.0,https://cdn.nba.com/headshots/nba/latest/1040x760/78523.png,NBA CDN,,candidate
P003452,Miye Oni,1629671.0,https://cdn.nba.com/headshots/nba/latest/1040x760/1629671.png,NBA CDN,,candidate
P003453,Mo Bamba,1628964.0,https://cdn.nba.com/headshots/nba/latest/1040x760/1628964.png,NBA CDN,,candidate
P003454,Mo Howard,77067.0,https://cdn.nba.com/headshots/nba/latest/1040x760/77067.png,NBA CDN,,candidate
P003457,Mo Williams,2590.0,https://cdn.nba.com/headshots/nba/latest/1040x760/2590.png,NBA CDN,,candidate
P003459,Moe Radovich,77900.0,https://cdn.nba.com/headshots/nba/latest/1040x760/77900.png,NBA CDN,,candidate
P003460,Mohamed Diawara,1642885.0,https://cdn.nba.com/headshots/nba/latest/1040x760/1642885.png,NBA CDN,,candidate
P003462,Monta Ellis,101145.0,https://cdn.nba.com/headshots/nba/latest/1040x760/101145.png,NBA CDN,,candidate
P003463,Monte Morris,1628420.0,https://cdn.nba.com/headshots/nba/latest/1040x760/1628420.png,NBA CDN,,candidate
P003464,Monte Towe,78361.0,https://cdn.nba.com/headshots/nba/latest/1040x760/78361.png,NBA CDN,,candidate
P003465,Monti Davis,76520.0,https://cdn.nba.com/headshots/nba/latest/1040x760/76520.png,NBA CDN,,candidate
P003466,Montrezl Harrell,1626149.0,https://cdn.nba.com/headshots/nba/latest/1040x760/1626149.png,NBA CDN,,candidate
P003467,Monty Williams,42.0,https://cdn.nba.com/headshots/nba/latest/1040x760/42.png,NBA CDN,,candidate
P003468,Moochie Norris,983.0,https://cdn.nba.com/headshots/nba/latest/1040x760/983.png,NBA CDN,,candidate
P003469,Mookie Blaylock,302.0,https://cdn.nba.com/headshots/nba/latest/1040x760/302.png,NBA CDN,,candidate
P003470,Moritz Wagner,1629021.0,https://cdn.nba.com/headshots/nba/latest/1040x760/1629021.png,NBA CDN,,candidate
P003471,Morlon Wiley,78528.0,https://cdn.nba.com/headshots/nba/latest/1040x760/78528.png,NBA CDN,,candidate
P003472,Morris Almond,201165.0,https://cdn.nba.com/headshots/nba/latest/1040x760/201165.png,NBA CDN,,candidate
P003473,Morris Peterson,2050.0,https://cdn.nba.com/headshots/nba/latest/1040x760/2050.png,NBA CDN,,candidate
P003474,Moses Brown,1629650.0,https://cdn.nba.com/headshots/nba/latest/1040x760/1629650.png,NBA CDN,,candidate
P003475,Moses Malone,77449.0,https://cdn.nba.com/headshots/nba/latest/1040x760/77449.png,NBA CDN,,candidate
P003476,Moses Malone*,77449.0,https://cdn.nba.com/headshots/nba/latest/1040x760/77449.png,NBA CDN,,candidate
P003477,Moses Moody,1630541.0,https://cdn.nba.com/headshots/nba/latest/1040x760/1630541.png,NBA CDN,,candidate
P003478,Moses Wright,1630589.0,https://cdn.nba.com/headshots/nba/latest/1040x760/1630589.png,NBA CDN,,candidate
P003479,Mouhamadou Gueye,1631338.0,https://cdn.nba.com/headshots/nba/latest/1040x760/1631338.png,NBA CDN,,candidate
P003480,Mouhamed Gueye,1631243.0,https://cdn.nba.com/headshots/nba/latest/1040x760/1631243.png,NBA CDN,,candidate
P003481,Mouhamed Sene,200754.0,https://cdn.nba.com/headshots/nba/latest/1040x760/200754.png,NBA CDN,,candidate
P003482,Moussa Cisse,1630619.0,https://cdn.nba.com/headshots/nba/latest/1040x760/1630619.png,NBA CDN,,candidate
P003483,Moussa Diabaté,1631217.0,https://cdn.nba.com/headshots/nba/latest/1040x760/1631217.png,NBA CDN,,candidate
P003484,Muggsy Bogues,177.0,https://cdn.nba.com/headshots/nba/latest/1040x760/177.png,NBA CDN,,candidate
P003485,Mustafa Shakur,201203.0,https://cdn.nba.com/headshots/nba/latest/1040x760/201203.png,NBA CDN,,candidate
P003486,Mychal Mulder,1628539.0,https://cdn.nba.com/headshots/nba/latest/1040x760/1628539.png,NBA CDN,,candidate
P003487,Mychal Thompson,78331.0,https://cdn.nba.com/headshots/nba/latest/1040x760/78331.png,NBA CDN,,candidate
P003488,Mychel Thompson,202814.0,https://cdn.nba.com/headshots/nba/latest/1040x760/202814.png,NBA CDN,,candidate
P003489,Myke Henry,1627988.0,https://cdn.nba.com/headshots/nba/latest/1040x760/1627988.png,NBA CDN,,candidate
P003490,Myles Patrick,77808.0,https://cdn.nba.com/headshots/nba/latest/1040x760/77808.png,NBA CDN,,candidate
P003491,Myles Powell,1629619.0,https://cdn.nba.com/headshots/nba/latest/1040x760/1629619.png,NBA CDN,,candidate
P003492,Myles Turner,1626167.0,https://cdn.nba.com/headshots/nba/latest/1040x760/1626167.png,NBA CDN,,candidate
P003493,Myron Brown,76277.0,https://cdn.nba.com/headshots/nba/latest/1040x760/76277.png,NBA CDN,,candidate
P003494,Myron Gardner,1642066.0,https://cdn.nba.com/headshots/nba/latest/1040x760/1642066.png,NBA CDN,,candidate
P003495,Myron Jackson,77105.0,https://cdn.nba.com/headshots/nba/latest/1040x760/77105.png,NBA CDN,,candidate
P003496,Mãozinha Pereira,1641970.0,https://cdn.nba.com/headshots/nba/latest/1040x760/1641970.png,NBA CDN,,candidate
P003497,N'Faly Dante,1642368.0,https://cdn.nba.com/headshots/nba/latest/1040x760/1642368.png,NBA CDN,,candidate
P003498,Nae'Qwan Tomlin,1641772.0,https://cdn.nba.com/headshots/nba/latest/1040x760/1641772.png,NBA CDN,,candidate
P003499,Naji Marshall,1630230.0,https://cdn.nba.com/headshots/nba/latest/1040x760/1630230.png,NBA CDN,,candidate
P003500,Nando De Colo,201986.0,https://cdn.nba.com/headshots/nba/latest/1040x760/201986.png,NBA CDN,,candidate
P003501,Nassir Little,1629642.0,https://cdn.nba.com/headshots/nba/latest/1040x760/1629642.png,NBA CDN,,candidate
P003502,Nat Clifton,76404.0,https://cdn.nba.com/headshots/nba/latest/1040x760/76404.png,NBA CDN,,candidate
P003503,Nat Clifton*,76404.0,https://cdn.nba.com/headshots/nba/latest/1040x760/76404.png,NBA CDN,,candidate
P003504,Nate Blackwell,76179.0,https://cdn.nba.com/headshots/nba/latest/1040x760/76179.png,NBA CDN,,candidate
P003505,Nate Bowman,76219.0,https://cdn.nba.com/headshots/nba/latest/1040x760/76219.png,NBA CDN,,candidate
P003506,Nate Darling,1630268.0,https://cdn.nba.com/headshots/nba/latest/1040x760/1630268.png,NBA CDN,,candidate
P003507,Nate DeLong,76551.0,https://cdn.nba.com/headshots/nba/latest/1040x760/76551.png,NBA CDN,,candidate
P003508,Nate Driggers,1041.0,https://cdn.nba.com/headshots/nba/latest/1040x760/1041.png,NBA CDN,,candidate
P003509,Nate Hawthorne,76978.0,https://cdn.nba.com/headshots/nba/latest/1040x760/76978.png,NBA CDN,,candidate
P003510,Nate Hinton,1630207.0,https://cdn.nba.com/headshots/nba/latest/1040x760/1630207.png,NBA CDN,,candidate
P003511,Nate Huffman,1572.0,https://cdn.nba.com/headshots/nba/latest/1040x760/1572.png,NBA CDN,,candidate
P003512,Nate Johnston,77170.0,https://cdn.nba.com/headshots/nba/latest/1040x760/77170.png,NBA CDN,,candidate
P003513,Nate McMillan,203.0,https://cdn.nba.com/headshots/nba/latest/1040x760/203.png,NBA CDN,,candidate
P003514,Nate Robinson,101126.0,https://cdn.nba.com/headshots/nba/latest/1040x760/101126.png,NBA CDN,,candidate
P003515,Nate Thurmond,600001.0,https://cdn.nba.com/headshots/nba/latest/1040x760/600001.png,NBA CDN,,candidate
P003516,Nate Thurmond*,600001.0,https://cdn.nba.com/headshots/nba/latest/1040x760/600001.png,NBA CDN,,candidate
P003518,Nate Wolters,203489.0,https://cdn.nba.com/headshots/nba/latest/1040x760/203489.png,NBA CDN,,candidate
P003519,Nathan Jawai,201605.0,https://cdn.nba.com/headshots/nba/latest/1040x760/201605.png,NBA CDN,,candidate
P003520,Nathan Knight,1630233.0,https://cdn.nba.com/headshots/nba/latest/1040x760/1630233.png,NBA CDN,,candidate
P003522,Naz Mitrou-Long,1628513.0,https://cdn.nba.com/headshots/nba/latest/1040x760/1628513.png,NBA CDN,,candidate
P003523,Naz Reid,1629675.0,https://cdn.nba.com/headshots/nba/latest/1040x760/1629675.png,NBA CDN,,candidate
P003524,Nazr Mohammed,1737.0,https://cdn.nba.com/headshots/nba/latest/1040x760/1737.png,NBA CDN,,candidate
P003525,Ndudi Ebi,2569.0,https://cdn.nba.com/headshots/nba/latest/1040x760/2569.png,NBA CDN,,candidate
P003526,Neal Walk,78432.0,https://cdn.nba.com/headshots/nba/latest/1040x760/78432.png,NBA CDN,,candidate
P003527,Neemias Queta,1629674.0,https://cdn.nba.com/headshots/nba/latest/1040x760/1629674.png,NBA CDN,,candidate
P003528,Negele Knight,1861.0,https://cdn.nba.com/headshots/nba/latest/1040x760/1861.png,NBA CDN,,candidate
P003529,Neil Johnson,77161.0,https://cdn.nba.com/headshots/nba/latest/1040x760/77161.png,NBA CDN,,candidate
P003530,Neil Johnston,77169.0,https://cdn.nba.com/headshots/nba/latest/1040x760/77169.png,NBA CDN,,candidate
P003531,Neil Johnston*,77169.0,https://cdn.nba.com/headshots/nba/latest/1040x760/77169.png,NBA CDN,,candidate
P003532,Nelson Bobb,76190.0,https://cdn.nba.com/headshots/nba/latest/1040x760/76190.png,NBA CDN,,candidate
P003533,Nemanja Bjelica,202357.0,https://cdn.nba.com/headshots/nba/latest/1040x760/202357.png,NBA CDN,,candidate
P003534,Nemanja Nedović,203517.0,https://cdn.nba.com/headshots/nba/latest/1040x760/203517.png,NBA CDN,,candidate
P003535,Nenad Krstić,2420.0,https://cdn.nba.com/headshots/nba/latest/1040x760/2420.png,NBA CDN,,candidate
P003536,Nenê,2403.0,https://cdn.nba.com/headshots/nba/latest/1040x760/2403.png,NBA CDN,,candidate
P003537,Nerlens Noel,203457.0,https://cdn.nba.com/headshots/nba/latest/1040x760/203457.png,NBA CDN,,candidate
P003538,Nic Claxton,1629651.0,https://cdn.nba.com/headshots/nba/latest/1040x760/1629651.png,NBA CDN,,candidate
P003539,Nick Anderson,98.0,https://cdn.nba.com/headshots/nba/latest/1040x760/98.png,NBA CDN,,candidate
P003540,Nick Calathes,201979.0,https://cdn.nba.com/headshots/nba/latest/1040x760/201979.png,NBA CDN,,candidate
P003541,Nick Collison,2555.0,https://cdn.nba.com/headshots/nba/latest/1040x760/2555.png,NBA CDN,,candidate
P003542,Nick Fazekas,201174.0,https://cdn.nba.com/headshots/nba/latest/1040x760/201174.png,NBA CDN,,candidate
P003543,Nick Johnson,203910.0,https://cdn.nba.com/headshots/nba/latest/1040x760/203910.png,NBA CDN,,candidate
P003544,Nick Jones,77195.0,https://cdn.nba.com/headshots/nba/latest/1040x760/77195.png,NBA CDN,,candidate
P003545,Nick Mantis,77457.0,https://cdn.nba.com/headshots/nba/latest/1040x760/77457.png,NBA CDN,,candidate
P003546,Nick Richards,1630208.0,https://cdn.nba.com/headshots/nba/latest/1040x760/1630208.png,NBA CDN,,candidate
P003547,Nick Smith Jr.,1641733.0,https://cdn.nba.com/headshots/nba/latest/1040x760/1641733.png,NBA CDN,,candidate
P003548,Nick Van Exel,89.0,https://cdn.nba.com/headshots/nba/latest/1040x760/89.png,NBA CDN,,candidate
P003549,Nick Vanos,78407.0,https://cdn.nba.com/headshots/nba/latest/1040x760/78407.png,NBA CDN,,candidate
P003550,Nick Weatherspoon,78475.0,https://cdn.nba.com/headshots/nba/latest/1040x760/78475.png,NBA CDN,,candidate
P003551,Nick Young,201156.0,https://cdn.nba.com/headshots/nba/latest/1040x760/201156.png,NBA CDN,,candidate
P003552,Nickeil Alexander-Walker,1629638.0,https://cdn.nba.com/headshots/nba/latest/1040x760/1629638.png,NBA CDN,,candidate
P003553,Nico Mannion,1630185.0,https://cdn.nba.com/headshots/nba/latest/1040x760/1630185.png,NBA CDN,,candidate
P003554,Nicolas Batum,201587.0,https://cdn.nba.com/headshots/nba/latest/1040x760/201587.png,NBA CDN,,candidate
P003555,Nicolás Brussino,1627852.0,https://cdn.nba.com/headshots/nba/latest/1040x760/1627852.png,NBA CDN,,candidate
P003556,Nicolás Laprovíttola,1627879.0,https://cdn.nba.com/headshots/nba/latest/1040x760/1627879.png,NBA CDN,,candidate
P003557,Nicolò Melli,1629740.0,https://cdn.nba.com/headshots/nba/latest/1040x760/1629740.png,NBA CDN,,candidate
P003558,Nigel Hayes-Davis,1628502.0,https://cdn.nba.com/headshots/nba/latest/1040x760/1628502.png,NBA CDN,,candidate
P003559,Nigel Williams-Goss,1628430.0,https://cdn.nba.com/headshots/nba/latest/1040x760/1628430.png,NBA CDN,,candidate
P003560,Nik Stauskas,203917.0,https://cdn.nba.com/headshots/nba/latest/1040x760/203917.png,NBA CDN,,candidate
P003561,Nikita Wilson,78582.0,https://cdn.nba.com/headshots/nba/latest/1040x760/78582.png,NBA CDN,,candidate
P003562,Nikola Jokić,203999.0,https://cdn.nba.com/headshots/nba/latest/1040x760/203999.png,NBA CDN,,candidate
P003563,Nikola Jović,1631107.0,https://cdn.nba.com/headshots/nba/latest/1040x760/1631107.png,NBA CDN,,candidate
P003564,Nikola Mirotić,202703.0,https://cdn.nba.com/headshots/nba/latest/1040x760/202703.png,NBA CDN,,candidate
P003565,Nikola Peković,201593.0,https://cdn.nba.com/headshots/nba/latest/1040x760/201593.png,NBA CDN,,candidate
P003566,Nikola Topić,1642260.0,https://cdn.nba.com/headshots/nba/latest/1040x760/1642260.png,NBA CDN,,candidate
P003567,Nikola Vučević,202696.0,https://cdn.nba.com/headshots/nba/latest/1040x760/202696.png,NBA CDN,,candidate
P003568,Nikoloz Tskitishvili,2401.0,https://cdn.nba.com/headshots/nba/latest/1040x760/2401.png,NBA CDN,,candidate
P003569,Nique Clifford,1642363.0,https://cdn.nba.com/headshots/nba/latest/1040x760/1642363.png,NBA CDN,,candidate
P003570,Noa Essengue,1642855.0,https://cdn.nba.com/headshots/nba/latest/1040x760/1642855.png,NBA CDN,,candidate
P003571,Noah Clowney,1641730.0,https://cdn.nba.com/headshots/nba/latest/1040x760/1641730.png,NBA CDN,,candidate
P003572,Noah Penda,1642869.0,https://cdn.nba.com/headshots/nba/latest/1040x760/1642869.png,NBA CDN,,candidate
P003573,Noah Vonleh,203943.0,https://cdn.nba.com/headshots/nba/latest/1040x760/203943.png,NBA CDN,,candidate
P003574,Noble Jorgensen,77212.0,https://cdn.nba.com/headshots/nba/latest/1040x760/77212.png,NBA CDN,,candidate
P003575,Noel Felix,101230.0,https://cdn.nba.com/headshots/nba/latest/1040x760/101230.png,NBA CDN,,candidate
P003576,Nolan Smith,202701.0,https://cdn.nba.com/headshots/nba/latest/1040x760/202701.png,NBA CDN,,candidate
P003577,Nolan Traoré,1642849.0,https://cdn.nba.com/headshots/nba/latest/1040x760/1642849.png,NBA CDN,,candidate
P003578,Norchad Omier,1641807.0,https://cdn.nba.com/headshots/nba/latest/1040x760/1641807.png,NBA CDN,,candidate
P003579,Norm Cook,76437.0,https://cdn.nba.com/headshots/nba/latest/1040x760/76437.png,NBA CDN,,candidate
P003580,Norm Grekin,76886.0,https://cdn.nba.com/headshots/nba/latest/1040x760/76886.png,NBA CDN,,candidate
P003581,Norm Nixon,77721.0,https://cdn.nba.com/headshots/nba/latest/1040x760/77721.png,NBA CDN,,candidate
P003583,Norm Stewart,78256.0,https://cdn.nba.com/headshots/nba/latest/1040x760/78256.png,NBA CDN,,candidate
P003584,Norm Swanson,78284.0,https://cdn.nba.com/headshots/nba/latest/1040x760/78284.png,NBA CDN,,candidate
P003585,Norm Van Lier,78406.0,https://cdn.nba.com/headshots/nba/latest/1040x760/78406.png,NBA CDN,,candidate
P003586,Norman Black,76174.0,https://cdn.nba.com/headshots/nba/latest/1040x760/76174.png,NBA CDN,,candidate
P003587,Norman Powell,1626181.0,https://cdn.nba.com/headshots/nba/latest/1040x760/1626181.png,NBA CDN,,candidate
P003588,Norris Cole,202708.0,https://cdn.nba.com/headshots/nba/latest/1040x760/202708.png,NBA CDN,,candidate
P003589,Norris Coleman,76415.0,https://cdn.nba.com/headshots/nba/latest/1040x760/76415.png,NBA CDN,,candidate
P003590,Norton Barnhill,76109.0,https://cdn.nba.com/headshots/nba/latest/1040x760/76109.png,NBA CDN,,candidate
P003591,Norvel Pelle,203658.0,https://cdn.nba.com/headshots/nba/latest/1040x760/203658.png,NBA CDN,,candidate
P003592,O.J. Mayo,201564.0,https://cdn.nba.com/headshots/nba/latest/1040x760/201564.png,NBA CDN,,candidate
P003593,OG Anunoby,1628384.0,https://cdn.nba.com/headshots/nba/latest/1040x760/1628384.png,NBA CDN,,candidate
P003594,Obi Toppin,1630167.0,https://cdn.nba.com/headshots/nba/latest/1040x760/1630167.png,NBA CDN,,candidate
P003595,Obinna Ekezie,1918.0,https://cdn.nba.com/headshots/nba/latest/1040x760/1918.png,NBA CDN,,candidate
P003596,Ochai Agbaji,1630534.0,https://cdn.nba.com/headshots/nba/latest/1040x760/1630534.png,NBA CDN,,candidate
P003597,Odie Spears,78225.0,https://cdn.nba.com/headshots/nba/latest/1040x760/78225.png,NBA CDN,,candidate
P003598,Odis Allison,76029.0,https://cdn.nba.com/headshots/nba/latest/1040x760/76029.png,NBA CDN,,candidate
P003599,Ognjen Kuzmić,203136.0,https://cdn.nba.com/headshots/nba/latest/1040x760/203136.png,NBA CDN,,candidate
P003600,Okaro White,1627855.0,https://cdn.nba.com/headshots/nba/latest/1040x760/1627855.png,NBA CDN,,candidate
P003601,Olden Polynice,178.0,https://cdn.nba.com/headshots/nba/latest/1040x760/178.png,NBA CDN,,candidate
P003602,Oleksiy Pecherov,200762.0,https://cdn.nba.com/headshots/nba/latest/1040x760/200762.png,NBA CDN,,candidate
P003603,Oliver Lafayette,201802.0,https://cdn.nba.com/headshots/nba/latest/1040x760/201802.png,NBA CDN,,candidate
P003604,Oliver Miller,932.0,https://cdn.nba.com/headshots/nba/latest/1040x760/932.png,NBA CDN,,candidate
P003605,Oliver Robinson,77994.0,https://cdn.nba.com/headshots/nba/latest/1040x760/77994.png,NBA CDN,,candidate
P003606,Olivier Sarr,1630846.0,https://cdn.nba.com/headshots/nba/latest/1040x760/1630846.png,NBA CDN,,candidate
P003607,Olivier-Maxence Prosper,1641765.0,https://cdn.nba.com/headshots/nba/latest/1040x760/1641765.png,NBA CDN,,candidate
P003608,Ollie Johnson,77162.0,https://cdn.nba.com/headshots/nba/latest/1040x760/77162.png,NBA CDN,,candidate
P003609,Ollie Mack,77432.0,https://cdn.nba.com/headshots/nba/latest/1040x760/77432.png,NBA CDN,,candidate
P003610,Olumide Oyedeji,2071.0,https://cdn.nba.com/headshots/nba/latest/1040x760/2071.png,NBA CDN,,candidate
P003611,Omar Cook,2241.0,https://cdn.nba.com/headshots/nba/latest/1040x760/2241.png,NBA CDN,,candidate
P003612,Omari Johnson,204179.0,https://cdn.nba.com/headshots/nba/latest/1040x760/204179.png,NBA CDN,,candidate
P003613,Omari Spellman,1629016.0,https://cdn.nba.com/headshots/nba/latest/1040x760/1629016.png,NBA CDN,,candidate
P003614,Omer Yurtseven,1630209.0,https://cdn.nba.com/headshots/nba/latest/1040x760/1630209.png,NBA CDN,,candidate
P003615,Omri Casspi,201956.0,https://cdn.nba.com/headshots/nba/latest/1040x760/201956.png,NBA CDN,,candidate
P003616,Onuralp Bitim,1641931.0,https://cdn.nba.com/headshots/nba/latest/1040x760/1641931.png,NBA CDN,,candidate
P003617,Onyeka Okongwu,1630168.0,https://cdn.nba.com/headshots/nba/latest/1040x760/1630168.png,NBA CDN,,candidate
P003618,Orien Greene,101158.0,https://cdn.nba.com/headshots/nba/latest/1040x760/101158.png,NBA CDN,,candidate
P003619,Orlando Graham,76841.0,https://cdn.nba.com/headshots/nba/latest/1040x760/76841.png,NBA CDN,,candidate
P003620,Orlando Johnson,203111.0,https://cdn.nba.com/headshots/nba/latest/1040x760/203111.png,NBA CDN,,candidate
P003621,Orlando Robinson,1631115.0,https://cdn.nba.com/headshots/nba/latest/1040x760/1631115.png,NBA CDN,,candidate
P003622,Orlando Woolridge,78615.0,https://cdn.nba.com/headshots/nba/latest/1040x760/78615.png,NBA CDN,,candidate
P003623,Oscar Robertson,600015.0,https://cdn.nba.com/headshots/nba/latest/1040x760/600015.png,NBA CDN,,candidate
P003624,Oscar Robertson*,600015.0,https://cdn.nba.com/headshots/nba/latest/1040x760/600015.png,NBA CDN,,candidate
P003625,Oscar Tshiebwe,1631131.0,https://cdn.nba.com/headshots/nba/latest/1040x760/1631131.png,NBA CDN,,candidate
P003626,Oshae Brissett,1629052.0,https://cdn.nba.com/headshots/nba/latest/1040x760/1629052.png,NBA CDN,,candidate
P003627,Oso Ighodaro,1642345.0,https://cdn.nba.com/headshots/nba/latest/1040x760/1642345.png,NBA CDN,,candidate
P003628,Othell Wilson,78578.0,https://cdn.nba.com/headshots/nba/latest/1040x760/78578.png,NBA CDN,,candidate
P003629,Othella Harrington,970.0,https://cdn.nba.com/headshots/nba/latest/1040x760/970.png,NBA CDN,,candidate
P003630,Othello Hunter,201629.0,https://cdn.nba.com/headshots/nba/latest/1040x760/201629.png,NBA CDN,,candidate
P003631,Othyus Jeffers,201785.0,https://cdn.nba.com/headshots/nba/latest/1040x760/201785.png,NBA CDN,,candidate
P003632,Otis Birdsong,76170.0,https://cdn.nba.com/headshots/nba/latest/1040x760/76170.png,NBA CDN,,candidate
P003633,Otis Howard,77069.0,https://cdn.nba.com/headshots/nba/latest/1040x760/77069.png,NBA CDN,,candidate
P003634,Otis Smith,78198.0,https://cdn.nba.com/headshots/nba/latest/1040x760/78198.png,NBA CDN,,candidate
P003635,Otis Thorpe,901.0,https://cdn.nba.com/headshots/nba/latest/1040x760/901.png,NBA CDN,,candidate
P003636,Otto Moore,77636.0,https://cdn.nba.com/headshots/nba/latest/1040x760/77636.png,NBA CDN,,candidate
P003637,Otto Porter Jr.,203490.0,https://cdn.nba.com/headshots/nba/latest/1040x760/203490.png,NBA CDN,,candidate
P003638,Ousmane Dieng,1631172.0,https://cdn.nba.com/headshots/nba/latest/1040x760/1631172.png,NBA CDN,,candidate
P003639,Owen Wells,78488.0,https://cdn.nba.com/headshots/nba/latest/1040x760/78488.png,NBA CDN,,candidate
P003640,Ozell Jones,77191.0,https://cdn.nba.com/headshots/nba/latest/1040x760/77191.png,NBA CDN,,candidate
P003641,P.J. Brown,136.0,https://cdn.nba.com/headshots/nba/latest/1040x760/136.png,NBA CDN,,candidate
P003643,P.J. Tucker,200782.0,https://cdn.nba.com/headshots/nba/latest/1040x760/200782.png,NBA CDN,,candidate
P003644,P.J. Washington,1629023.0,https://cdn.nba.com/headshots/nba/latest/1040x760/1629023.png,NBA CDN,,candidate
P003645,PJ Dozier,1628408.0,https://cdn.nba.com/headshots/nba/latest/1040x760/1628408.png,NBA CDN,,candidate
P003646,PJ Hall,1641790.0,https://cdn.nba.com/headshots/nba/latest/1040x760/1641790.png,NBA CDN,,candidate
P003647,Pablo Prigioni,203143.0,https://cdn.nba.com/headshots/nba/latest/1040x760/203143.png,NBA CDN,,candidate
P003648,Pace Mannion,77456.0,https://cdn.nba.com/headshots/nba/latest/1040x760/77456.png,NBA CDN,,candidate
P003649,Pacôme Dadiet,1642359.0,https://cdn.nba.com/headshots/nba/latest/1040x760/1642359.png,NBA CDN,,candidate
P003650,Paolo Banchero,1631094.0,https://cdn.nba.com/headshots/nba/latest/1040x760/1631094.png,NBA CDN,,candidate
P003651,Pape Sow,2776.0,https://cdn.nba.com/headshots/nba/latest/1040x760/2776.png,NBA CDN,,candidate
P003652,Pape Sy,202377.0,https://cdn.nba.com/headshots/nba/latest/1040x760/202377.png,NBA CDN,,candidate
P003653,Paris Bass,1628238.0,https://cdn.nba.com/headshots/nba/latest/1040x760/1628238.png,NBA CDN,,candidate
P003654,Pascal Siakam,1627783.0,https://cdn.nba.com/headshots/nba/latest/1040x760/1627783.png,NBA CDN,,candidate
P003655,Pat Burke,2469.0,https://cdn.nba.com/headshots/nba/latest/1040x760/2469.png,NBA CDN,,candidate
P003656,Pat Connaughton,1626192.0,https://cdn.nba.com/headshots/nba/latest/1040x760/1626192.png,NBA CDN,,candidate
P003657,Pat Cummings,76483.0,https://cdn.nba.com/headshots/nba/latest/1040x760/76483.png,NBA CDN,,candidate
P003658,Pat Dunn,76617.0,https://cdn.nba.com/headshots/nba/latest/1040x760/76617.png,NBA CDN,,candidate
P003659,Pat Durham,1090.0,https://cdn.nba.com/headshots/nba/latest/1040x760/1090.png,NBA CDN,,candidate
P003660,Pat Frink,76759.0,https://cdn.nba.com/headshots/nba/latest/1040x760/76759.png,NBA CDN,,candidate
P003661,Pat Garrity,1727.0,https://cdn.nba.com/headshots/nba/latest/1040x760/1727.png,NBA CDN,,candidate
P003662,Pat Riley,77962.0,https://cdn.nba.com/headshots/nba/latest/1040x760/77962.png,NBA CDN,,candidate
P003663,Pat Riley*,77962.0,https://cdn.nba.com/headshots/nba/latest/1040x760/77962.png,NBA CDN,,candidate
P003664,Pat Spencer,1630311.0,https://cdn.nba.com/headshots/nba/latest/1040x760/1630311.png,NBA CDN,,candidate
P003665,Patricio Garino,1627868.0,https://cdn.nba.com/headshots/nba/latest/1040x760/1627868.png,NBA CDN,,candidate
P003666,Patrick Baldwin Jr.,1631116.0,https://cdn.nba.com/headshots/nba/latest/1040x760/1631116.png,NBA CDN,,candidate
P003667,Patrick Beverley,201976.0,https://cdn.nba.com/headshots/nba/latest/1040x760/201976.png,NBA CDN,,candidate
P003668,Patrick Christopher,203565.0,https://cdn.nba.com/headshots/nba/latest/1040x760/203565.png,NBA CDN,,candidate
P003669,Patrick Eddie,76635.0,https://cdn.nba.com/headshots/nba/latest/1040x760/76635.png,NBA CDN,,candidate
P003672,Patrick McCaw,1627775.0,https://cdn.nba.com/headshots/nba/latest/1040x760/1627775.png,NBA CDN,,candidate
P003673,Patrick O'Bryant,200753.0,https://cdn.nba.com/headshots/nba/latest/1040x760/200753.png,NBA CDN,,candidate
P003674,Patrick Patterson,202335.0,https://cdn.nba.com/headshots/nba/latest/1040x760/202335.png,NBA CDN,,candidate
P003675,Patrick Williams,1630172.0,https://cdn.nba.com/headshots/nba/latest/1040x760/1630172.png,NBA CDN,,candidate
P003676,Patty Mills,201988.0,https://cdn.nba.com/headshots/nba/latest/1040x760/201988.png,NBA CDN,,candidate
P003677,Pau Gasol,2200.0,https://cdn.nba.com/headshots/nba/latest/1040x760/2200.png,NBA CDN,,candidate
P003678,Pau Gasol*,2200.0,https://cdn.nba.com/headshots/nba/latest/1040x760/2200.png,NBA CDN,,candidate
P003679,Paul Arizin,76056.0,https://cdn.nba.com/headshots/nba/latest/1040x760/76056.png,NBA CDN,,candidate
P003680,Paul Arizin*,76056.0,https://cdn.nba.com/headshots/nba/latest/1040x760/76056.png,NBA CDN,,candidate
P003681,Paul Davis,200781.0,https://cdn.nba.com/headshots/nba/latest/1040x760/200781.png,NBA CDN,,candidate
P003682,Paul Dawkins,76541.0,https://cdn.nba.com/headshots/nba/latest/1040x760/76541.png,NBA CDN,,candidate
P003683,Paul George,202331.0,https://cdn.nba.com/headshots/nba/latest/1040x760/202331.png,NBA CDN,,candidate
P003684,Paul Graham,76842.0,https://cdn.nba.com/headshots/nba/latest/1040x760/76842.png,NBA CDN,,candidate
P003685,Paul Grant,1514.0,https://cdn.nba.com/headshots/nba/latest/1040x760/1514.png,NBA CDN,,candidate
P003686,Paul Griffin,76889.0,https://cdn.nba.com/headshots/nba/latest/1040x760/76889.png,NBA CDN,,candidate
P003687,Paul Hoffman,77036.0,https://cdn.nba.com/headshots/nba/latest/1040x760/77036.png,NBA CDN,,candidate
P003688,Paul Hogue,77038.0,https://cdn.nba.com/headshots/nba/latest/1040x760/77038.png,NBA CDN,,candidate
P003689,Paul Long,77406.0,https://cdn.nba.com/headshots/nba/latest/1040x760/77406.png,NBA CDN,,candidate
P003690,Paul McCracken,77517.0,https://cdn.nba.com/headshots/nba/latest/1040x760/77517.png,NBA CDN,,candidate
P003691,Paul McPherson,2101.0,https://cdn.nba.com/headshots/nba/latest/1040x760/2101.png,NBA CDN,,candidate
P003692,Paul Millsap,200794.0,https://cdn.nba.com/headshots/nba/latest/1040x760/200794.png,NBA CDN,,candidate
P003693,Paul Mokeski,77623.0,https://cdn.nba.com/headshots/nba/latest/1040x760/77623.png,NBA CDN,,candidate
P003694,Paul Neumann,77706.0,https://cdn.nba.com/headshots/nba/latest/1040x760/77706.png,NBA CDN,,candidate
P003695,Paul Noel,77723.0,https://cdn.nba.com/headshots/nba/latest/1040x760/77723.png,NBA CDN,,candidate
P003696,Paul Nolen,77725.0,https://cdn.nba.com/headshots/nba/latest/1040x760/77725.png,NBA CDN,,candidate
P003697,Paul Pierce,1718.0,https://cdn.nba.com/headshots/nba/latest/1040x760/1718.png,NBA CDN,,candidate
P003698,Paul Pierce*,1718.0,https://cdn.nba.com/headshots/nba/latest/1040x760/1718.png,NBA CDN,,candidate
P003699,Paul Pressey,77879.0,https://cdn.nba.com/headshots/nba/latest/1040x760/77879.png,NBA CDN,,candidate
P003700,Paul Reed,1630194.0,https://cdn.nba.com/headshots/nba/latest/1040x760/1630194.png,NBA CDN,,candidate
P003701,Paul Ruffner,78039.0,https://cdn.nba.com/headshots/nba/latest/1040x760/78039.png,NBA CDN,,candidate
P003702,Paul Seymour,78117.0,https://cdn.nba.com/headshots/nba/latest/1040x760/78117.png,NBA CDN,,candidate
P003703,Paul Shirley,2321.0,https://cdn.nba.com/headshots/nba/latest/1040x760/2321.png,NBA CDN,,candidate
P003704,Paul Silas,78151.0,https://cdn.nba.com/headshots/nba/latest/1040x760/78151.png,NBA CDN,,candidate
P003705,Paul Stovall,78267.0,https://cdn.nba.com/headshots/nba/latest/1040x760/78267.png,NBA CDN,,candidate
P003706,Paul Thompson,78332.0,https://cdn.nba.com/headshots/nba/latest/1040x760/78332.png,NBA CDN,,candidate
P003707,Paul Walther,78447.0,https://cdn.nba.com/headshots/nba/latest/1040x760/78447.png,NBA CDN,,candidate
P003708,Paul Watson,1628778.0,https://cdn.nba.com/headshots/nba/latest/1040x760/1628778.png,NBA CDN,,candidate
P003709,Paul Westphal,78500.0,https://cdn.nba.com/headshots/nba/latest/1040x760/78500.png,NBA CDN,,candidate
P003710,Paul Westphal*,78500.0,https://cdn.nba.com/headshots/nba/latest/1040x760/78500.png,NBA CDN,,candidate
P003711,Paul Zipser,1627835.0,https://cdn.nba.com/headshots/nba/latest/1040x760/1627835.png,NBA CDN,,candidate
P003712,Pavel Podkolzin,2750.0,https://cdn.nba.com/headshots/nba/latest/1040x760/2750.png,NBA CDN,,candidate
P003713,Payton Pritchard,1630202.0,https://cdn.nba.com/headshots/nba/latest/1040x760/1630202.png,NBA CDN,,candidate
P003714,Payton Sandfort,1642362.0,https://cdn.nba.com/headshots/nba/latest/1040x760/1642362.png,NBA CDN,,candidate
P003716,Peja Stojaković,978.0,https://cdn.nba.com/headshots/nba/latest/1040x760/978.png,NBA CDN,,candidate
P003717,Pelle Larsson,1641796.0,https://cdn.nba.com/headshots/nba/latest/1040x760/1641796.png,NBA CDN,,candidate
P003719,Pepe Sánchez,2143.0,https://cdn.nba.com/headshots/nba/latest/1040x760/2143.png,NBA CDN,,candidate
P003720,Pero Antić,203544.0,https://cdn.nba.com/headshots/nba/latest/1040x760/203544.png,NBA CDN,,candidate
P003722,Perry Moss,77654.0,https://cdn.nba.com/headshots/nba/latest/1040x760/77654.png,NBA CDN,,candidate
P003723,Perry Warbington,78454.0,https://cdn.nba.com/headshots/nba/latest/1040x760/78454.png,NBA CDN,,candidate
P003724,Perry Young,78635.0,https://cdn.nba.com/headshots/nba/latest/1040x760/78635.png,NBA CDN,,candidate
P003725,Pervis Ellison,442.0,https://cdn.nba.com/headshots/nba/latest/1040x760/442.png,NBA CDN,,candidate
P003726,Pete Brennan,76245.0,https://cdn.nba.com/headshots/nba/latest/1040x760/76245.png,NBA CDN,,candidate
P003727,Pete Chilcutt,432.0,https://cdn.nba.com/headshots/nba/latest/1040x760/432.png,NBA CDN,,candidate
P003728,Pete Cross,76477.0,https://cdn.nba.com/headshots/nba/latest/1040x760/76477.png,NBA CDN,,candidate
P003730,Pete Maravich,77459.0,https://cdn.nba.com/headshots/nba/latest/1040x760/77459.png,NBA CDN,,candidate
P003731,Pete Maravich*,77459.0,https://cdn.nba.com/headshots/nba/latest/1040x760/77459.png,NBA CDN,,candidate
P003732,Pete Myers,939.0,https://cdn.nba.com/headshots/nba/latest/1040x760/939.png,NBA CDN,,candidate
P003733,Pete Nance,1631250.0,https://cdn.nba.com/headshots/nba/latest/1040x760/1631250.png,NBA CDN,,candidate
P003735,Pete Williams,78566.0,https://cdn.nba.com/headshots/nba/latest/1040x760/78566.png,NBA CDN,,candidate
P003736,Peter Aluma,1824.0,https://cdn.nba.com/headshots/nba/latest/1040x760/1824.png,NBA CDN,,candidate
P003737,Peter John Ramos,2762.0,https://cdn.nba.com/headshots/nba/latest/1040x760/2762.png,NBA CDN,,candidate
P003738,Peter Thibeaux,78311.0,https://cdn.nba.com/headshots/nba/latest/1040x760/78311.png,NBA CDN,,candidate
P003739,Petr Cornelie,1627822.0,https://cdn.nba.com/headshots/nba/latest/1040x760/1627822.png,NBA CDN,,candidate
P003740,Peyton Siva,203491.0,https://cdn.nba.com/headshots/nba/latest/1040x760/203491.png,NBA CDN,,candidate
P003741,Peyton Watson,1631212.0,https://cdn.nba.com/headshots/nba/latest/1040x760/1631212.png,NBA CDN,,candidate
P003742,Phil Bond,76198.0,https://cdn.nba.com/headshots/nba/latest/1040x760/76198.png,NBA CDN,,candidate
P003743,Phil Chenier,76386.0,https://cdn.nba.com/headshots/nba/latest/1040x760/76386.png,NBA CDN,,candidate
P003744,Phil Ford,76736.0,https://cdn.nba.com/headshots/nba/latest/1040x760/76736.png,NBA CDN,,candidate
P003745,Phil Hankinson,76936.0,https://cdn.nba.com/headshots/nba/latest/1040x760/76936.png,NBA CDN,,candidate
P003746,Phil Hicks,77017.0,https://cdn.nba.com/headshots/nba/latest/1040x760/77017.png,NBA CDN,,candidate
P003747,Phil Hubbard,77071.0,https://cdn.nba.com/headshots/nba/latest/1040x760/77071.png,NBA CDN,,candidate
P003748,Phil Jackson,77106.0,https://cdn.nba.com/headshots/nba/latest/1040x760/77106.png,NBA CDN,,candidate
P003749,Phil Jackson*,77106.0,https://cdn.nba.com/headshots/nba/latest/1040x760/77106.png,NBA CDN,,candidate
P003750,Phil Jordon,77210.0,https://cdn.nba.com/headshots/nba/latest/1040x760/77210.png,NBA CDN,,candidate
P003751,Phil Lumpkin,77424.0,https://cdn.nba.com/headshots/nba/latest/1040x760/77424.png,NBA CDN,,candidate
P003752,Phil Martin,77477.0,https://cdn.nba.com/headshots/nba/latest/1040x760/77477.png,NBA CDN,,candidate
P003753,Phil Pressey,203515.0,https://cdn.nba.com/headshots/nba/latest/1040x760/203515.png,NBA CDN,,candidate
P003754,Phil Rollins,78013.0,https://cdn.nba.com/headshots/nba/latest/1040x760/78013.png,NBA CDN,,candidate
P003755,Phil Sellers,78111.0,https://cdn.nba.com/headshots/nba/latest/1040x760/78111.png,NBA CDN,,candidate
P003756,Phil Smith,78199.0,https://cdn.nba.com/headshots/nba/latest/1040x760/78199.png,NBA CDN,,candidate
P003757,Phil Walker,78441.0,https://cdn.nba.com/headshots/nba/latest/1040x760/78441.png,NBA CDN,,candidate
P003758,Phil Zevenbergen,78644.0,https://cdn.nba.com/headshots/nba/latest/1040x760/78644.png,NBA CDN,,candidate
P003759,Phillip Wheeler,1630762.0,https://cdn.nba.com/headshots/nba/latest/1040x760/1630762.png,NBA CDN,,candidate
P003761,Pierre Jackson,203510.0,https://cdn.nba.com/headshots/nba/latest/1040x760/203510.png,NBA CDN,,candidate
P003762,Plummer Lott,77410.0,https://cdn.nba.com/headshots/nba/latest/1040x760/77410.png,NBA CDN,,candidate
P003763,Pooh Richardson,71.0,https://cdn.nba.com/headshots/nba/latest/1040x760/71.png,NBA CDN,,candidate
P003764,Popeye Jones,461.0,https://cdn.nba.com/headshots/nba/latest/1040x760/461.png,NBA CDN,,candidate
P003765,Pops Mensah-Bonsu,200822.0,https://cdn.nba.com/headshots/nba/latest/1040x760/200822.png,NBA CDN,,candidate
P003766,Porter Meriwether,77583.0,https://cdn.nba.com/headshots/nba/latest/1040x760/77583.png,NBA CDN,,candidate
P003767,Precious Achiuwa,1630173.0,https://cdn.nba.com/headshots/nba/latest/1040x760/1630173.png,NBA CDN,,candidate
P003768,Predrag Drobnjak,1542.0,https://cdn.nba.com/headshots/nba/latest/1040x760/1542.png,NBA CDN,,candidate
P003769,Predrag Savović,2453.0,https://cdn.nba.com/headshots/nba/latest/1040x760/2453.png,NBA CDN,,candidate
P003770,Priest Lauderdale,968.0,https://cdn.nba.com/headshots/nba/latest/1040x760/968.png,NBA CDN,,candidate
P003771,Primož Brezec,2056.0,https://cdn.nba.com/headshots/nba/latest/1040x760/2056.png,NBA CDN,,candidate
P003772,Purvis Short,78139.0,https://cdn.nba.com/headshots/nba/latest/1040x760/78139.png,NBA CDN,,candidate
P003774,Quentin Grimes,1629656.0,https://cdn.nba.com/headshots/nba/latest/1040x760/1629656.png,NBA CDN,,candidate
P003775,Quentin Richardson,2047.0,https://cdn.nba.com/headshots/nba/latest/1040x760/2047.png,NBA CDN,,candidate
P003776,Quenton Jackson,1631245.0,https://cdn.nba.com/headshots/nba/latest/1040x760/1631245.png,NBA CDN,,candidate
P003777,Quincy Acy,203112.0,https://cdn.nba.com/headshots/nba/latest/1040x760/203112.png,NBA CDN,,candidate
P003778,Quincy Douby,200763.0,https://cdn.nba.com/headshots/nba/latest/1040x760/200763.png,NBA CDN,,candidate
P003779,Quincy Lewis,1900.0,https://cdn.nba.com/headshots/nba/latest/1040x760/1900.png,NBA CDN,,candidate
P003780,Quincy Miller,203113.0,https://cdn.nba.com/headshots/nba/latest/1040x760/203113.png,NBA CDN,,candidate
P003781,Quincy Olivari,1642439.0,https://cdn.nba.com/headshots/nba/latest/1040x760/1642439.png,NBA CDN,,candidate
P003782,Quincy Pondexter,202347.0,https://cdn.nba.com/headshots/nba/latest/1040x760/202347.png,NBA CDN,,candidate
P003783,Quinn Buckner,76296.0,https://cdn.nba.com/headshots/nba/latest/1040x760/76296.png,NBA CDN,,candidate
P003784,Quinn Cook,1626188.0,https://cdn.nba.com/headshots/nba/latest/1040x760/1626188.png,NBA CDN,,candidate
P003785,Quinndary Weatherspoon,1629683.0,https://cdn.nba.com/headshots/nba/latest/1040x760/1629683.png,NBA CDN,,candidate
P003786,Quinten Post,1642366.0,https://cdn.nba.com/headshots/nba/latest/1040x760/1642366.png,NBA CDN,,candidate
P003787,Quintin Dailey,76497.0,https://cdn.nba.com/headshots/nba/latest/1040x760/76497.png,NBA CDN,,candidate
P003788,Quinton Ross,2624.0,https://cdn.nba.com/headshots/nba/latest/1040x760/2624.png,NBA CDN,,candidate
P003789,Qyntel Woods,2417.0,https://cdn.nba.com/headshots/nba/latest/1040x760/2417.png,NBA CDN,,candidate
P003790,R.J. Hampton,1630181.0,https://cdn.nba.com/headshots/nba/latest/1040x760/1630181.png,NBA CDN,,candidate
P003792,RJ Barrett,1629628.0,https://cdn.nba.com/headshots/nba/latest/1040x760/1629628.png,NBA CDN,,candidate
P003793,RJ Nembhard Jr.,1630612.0,https://cdn.nba.com/headshots/nba/latest/1040x760/1630612.png,NBA CDN,,candidate
P003794,Radisav Ćurčić,76488.0,https://cdn.nba.com/headshots/nba/latest/1040x760/76488.png,NBA CDN,,candidate
P003795,Raef LaFrentz,1711.0,https://cdn.nba.com/headshots/nba/latest/1040x760/1711.png,NBA CDN,,candidate
P003796,Rafael Addison,912.0,https://cdn.nba.com/headshots/nba/latest/1040x760/912.png,NBA CDN,,candidate
P003797,Rafael Araújo,2737.0,https://cdn.nba.com/headshots/nba/latest/1040x760/2737.png,NBA CDN,,candidate
P003798,Rafer Alston,1747.0,https://cdn.nba.com/headshots/nba/latest/1040x760/1747.png,NBA CDN,,candidate
P003799,RaiQuan Gray,1630564.0,https://cdn.nba.com/headshots/nba/latest/1040x760/1630564.png,NBA CDN,,candidate
P003800,Raja Bell,1952.0,https://cdn.nba.com/headshots/nba/latest/1040x760/1952.png,NBA CDN,,candidate
P003801,Rajon Rondo,200765.0,https://cdn.nba.com/headshots/nba/latest/1040x760/200765.png,NBA CDN,,candidate
P003802,Rakeem Christmas,1626176.0,https://cdn.nba.com/headshots/nba/latest/1040x760/1626176.png,NBA CDN,,candidate
P003803,Ralph Davis,76532.0,https://cdn.nba.com/headshots/nba/latest/1040x760/76532.png,NBA CDN,,candidate
P003804,Ralph Drollinger,76604.0,https://cdn.nba.com/headshots/nba/latest/1040x760/76604.png,NBA CDN,,candidate
P003805,Ralph Jackson,77107.0,https://cdn.nba.com/headshots/nba/latest/1040x760/77107.png,NBA CDN,,candidate
P003807,Ralph Lewis,77383.0,https://cdn.nba.com/headshots/nba/latest/1040x760/77383.png,NBA CDN,,candidate
P003809,Ralph Ogden,77748.0,https://cdn.nba.com/headshots/nba/latest/1040x760/77748.png,NBA CDN,,candidate
P003810,Ralph Polson,77868.0,https://cdn.nba.com/headshots/nba/latest/1040x760/77868.png,NBA CDN,,candidate
P003811,Ralph Sampson,78055.0,https://cdn.nba.com/headshots/nba/latest/1040x760/78055.png,NBA CDN,,candidate
P003812,Ralph Sampson*,78055.0,https://cdn.nba.com/headshots/nba/latest/1040x760/78055.png,NBA CDN,,candidate
P003813,Ralph Simpson,78157.0,https://cdn.nba.com/headshots/nba/latest/1040x760/78157.png,NBA CDN,,candidate
P003814,Ralph Wells,78489.0,https://cdn.nba.com/headshots/nba/latest/1040x760/78489.png,NBA CDN,,candidate
P003815,Ramon Sessions,201196.0,https://cdn.nba.com/headshots/nba/latest/1040x760/201196.png,NBA CDN,,candidate
P003816,Ramón Rivas,77969.0,https://cdn.nba.com/headshots/nba/latest/1040x760/77969.png,NBA CDN,,candidate
P003817,Randell Jackson,1872.0,https://cdn.nba.com/headshots/nba/latest/1040x760/1872.png,NBA CDN,,candidate
P003818,Randolph Childress,719.0,https://cdn.nba.com/headshots/nba/latest/1040x760/719.png,NBA CDN,,candidate
P003819,Randolph Keys,705.0,https://cdn.nba.com/headshots/nba/latest/1040x760/705.png,NBA CDN,,candidate
P003820,Randolph Morris,201043.0,https://cdn.nba.com/headshots/nba/latest/1040x760/201043.png,NBA CDN,,candidate
P003821,Randy Allen,76025.0,https://cdn.nba.com/headshots/nba/latest/1040x760/76025.png,NBA CDN,,candidate
P003822,Randy Breuer,76247.0,https://cdn.nba.com/headshots/nba/latest/1040x760/76247.png,NBA CDN,,candidate
P003823,Randy Brown,753.0,https://cdn.nba.com/headshots/nba/latest/1040x760/753.png,NBA CDN,,candidate
P003824,Randy Denton,76558.0,https://cdn.nba.com/headshots/nba/latest/1040x760/76558.png,NBA CDN,,candidate
P003825,Randy Foye,200751.0,https://cdn.nba.com/headshots/nba/latest/1040x760/200751.png,NBA CDN,,candidate
P003826,Randy Holcomb,2450.0,https://cdn.nba.com/headshots/nba/latest/1040x760/2450.png,NBA CDN,,candidate
P003827,Randy Livingston,988.0,https://cdn.nba.com/headshots/nba/latest/1040x760/988.png,NBA CDN,,candidate
P003828,Randy Smith,78200.0,https://cdn.nba.com/headshots/nba/latest/1040x760/78200.png,NBA CDN,,candidate
P003829,Randy White,1839.0,https://cdn.nba.com/headshots/nba/latest/1040x760/1839.png,NBA CDN,,candidate
P003830,Randy Wittman,1456.0,https://cdn.nba.com/headshots/nba/latest/1040x760/1456.png,NBA CDN,,candidate
P003831,Randy Woods,1010.0,https://cdn.nba.com/headshots/nba/latest/1040x760/1010.png,NBA CDN,,candidate
P003832,Rashad McCants,101119.0,https://cdn.nba.com/headshots/nba/latest/1040x760/101119.png,NBA CDN,,candidate
P003833,Rashad Vaughn,1626173.0,https://cdn.nba.com/headshots/nba/latest/1040x760/1626173.png,NBA CDN,,candidate
P003834,Rashard Lewis,1740.0,https://cdn.nba.com/headshots/nba/latest/1040x760/1740.png,NBA CDN,,candidate
P003835,Rasheed Wallace,739.0,https://cdn.nba.com/headshots/nba/latest/1040x760/739.png,NBA CDN,,candidate
P003836,Rasheer Fleming,1642853.0,https://cdn.nba.com/headshots/nba/latest/1040x760/1642853.png,NBA CDN,,candidate
P003837,Rasho Nesterović,1725.0,https://cdn.nba.com/headshots/nba/latest/1040x760/1725.png,NBA CDN,,candidate
P003838,Rastko Cvetković,687.0,https://cdn.nba.com/headshots/nba/latest/1040x760/687.png,NBA CDN,,candidate
P003839,Rasual Butler,2446.0,https://cdn.nba.com/headshots/nba/latest/1040x760/2446.png,NBA CDN,,candidate
P003840,Ratko Varda,2237.0,https://cdn.nba.com/headshots/nba/latest/1040x760/2237.png,NBA CDN,,candidate
P003841,Raul Neto,203526.0,https://cdn.nba.com/headshots/nba/latest/1040x760/203526.png,NBA CDN,,candidate
P003842,Rawle Alkins,1628959.0,https://cdn.nba.com/headshots/nba/latest/1040x760/1628959.png,NBA CDN,,candidate
P003843,Rawle Marshall,101185.0,https://cdn.nba.com/headshots/nba/latest/1040x760/101185.png,NBA CDN,,candidate
P003844,Ray Allen,951.0,https://cdn.nba.com/headshots/nba/latest/1040x760/951.png,NBA CDN,,candidate
P003845,Ray Allen*,951.0,https://cdn.nba.com/headshots/nba/latest/1040x760/951.png,NBA CDN,,candidate
P003846,Ray Blume,76189.0,https://cdn.nba.com/headshots/nba/latest/1040x760/76189.png,NBA CDN,,candidate
P003847,Ray Corley,76452.0,https://cdn.nba.com/headshots/nba/latest/1040x760/76452.png,NBA CDN,,candidate
P003848,Ray Epps,76678.0,https://cdn.nba.com/headshots/nba/latest/1040x760/76678.png,NBA CDN,,candidate
P003849,Ray Felix,76704.0,https://cdn.nba.com/headshots/nba/latest/1040x760/76704.png,NBA CDN,,candidate
P003850,Ray Lumpp,77425.0,https://cdn.nba.com/headshots/nba/latest/1040x760/77425.png,NBA CDN,,candidate
P003851,Ray McCallum,203492.0,https://cdn.nba.com/headshots/nba/latest/1040x760/203492.png,NBA CDN,,candidate
P003852,Ray Owes,1077.0,https://cdn.nba.com/headshots/nba/latest/1040x760/1077.png,NBA CDN,,candidate
P003853,Ray Radziszewski,77901.0,https://cdn.nba.com/headshots/nba/latest/1040x760/77901.png,NBA CDN,,candidate
P003854,Ray Ragelis,77902.0,https://cdn.nba.com/headshots/nba/latest/1040x760/77902.png,NBA CDN,,candidate
P003855,Ray Scott,78100.0,https://cdn.nba.com/headshots/nba/latest/1040x760/78100.png,NBA CDN,,candidate
P003856,Ray Spalding,1629034.0,https://cdn.nba.com/headshots/nba/latest/1040x760/1629034.png,NBA CDN,,candidate
P003857,Ray Tolbert,78348.0,https://cdn.nba.com/headshots/nba/latest/1040x760/78348.png,NBA CDN,,candidate
P003858,Ray Williams,78571.0,https://cdn.nba.com/headshots/nba/latest/1040x760/78571.png,NBA CDN,,candidate
P003859,RayJ Dennis,1642484.0,https://cdn.nba.com/headshots/nba/latest/1040x760/1642484.png,NBA CDN,,candidate
P003860,Rayan Rupert,1641712.0,https://cdn.nba.com/headshots/nba/latest/1040x760/1641712.png,NBA CDN,,candidate
P003861,Rayjon Tucker,1629730.0,https://cdn.nba.com/headshots/nba/latest/1040x760/1629730.png,NBA CDN,,candidate
P003862,Raymond Brown,76282.0,https://cdn.nba.com/headshots/nba/latest/1040x760/76282.png,NBA CDN,,candidate
P003863,Raymond Felton,101109.0,https://cdn.nba.com/headshots/nba/latest/1040x760/101109.png,NBA CDN,,candidate
P003864,Raymond Townsend,78365.0,https://cdn.nba.com/headshots/nba/latest/1040x760/78365.png,NBA CDN,,candidate
P003865,Raül López,2221.0,https://cdn.nba.com/headshots/nba/latest/1040x760/2221.png,NBA CDN,,candidate
P003867,Red Holzman,77050.0,https://cdn.nba.com/headshots/nba/latest/1040x760/77050.png,NBA CDN,,candidate
P003868,Red Holzman*,77050.0,https://cdn.nba.com/headshots/nba/latest/1040x760/77050.png,NBA CDN,,candidate
P003872,Red Rocha,77999.0,https://cdn.nba.com/headshots/nba/latest/1040x760/77999.png,NBA CDN,,candidate
P003873,Reece Beekman,1641736.0,https://cdn.nba.com/headshots/nba/latest/1040x760/1641736.png,NBA CDN,,candidate
P003874,Reece Gaines,2558.0,https://cdn.nba.com/headshots/nba/latest/1040x760/2558.png,NBA CDN,,candidate
P003875,Reed Sheppard,1642263.0,https://cdn.nba.com/headshots/nba/latest/1040x760/1642263.png,NBA CDN,,candidate
P003877,Reggie Carter,76360.0,https://cdn.nba.com/headshots/nba/latest/1040x760/76360.png,NBA CDN,,candidate
P003878,Reggie Evans,2501.0,https://cdn.nba.com/headshots/nba/latest/1040x760/2501.png,NBA CDN,,candidate
P003879,Reggie Geary,1002.0,https://cdn.nba.com/headshots/nba/latest/1040x760/1002.png,NBA CDN,,candidate
P003880,Reggie Hanson,1682.0,https://cdn.nba.com/headshots/nba/latest/1040x760/1682.png,NBA CDN,,candidate
P003881,Reggie Harding,76945.0,https://cdn.nba.com/headshots/nba/latest/1040x760/76945.png,NBA CDN,,candidate
P003882,Reggie Hearn,203687.0,https://cdn.nba.com/headshots/nba/latest/1040x760/203687.png,NBA CDN,,candidate
P003883,Reggie Jackson,202704.0,https://cdn.nba.com/headshots/nba/latest/1040x760/202704.png,NBA CDN,,candidate
P003884,Reggie Johnson,77163.0,https://cdn.nba.com/headshots/nba/latest/1040x760/77163.png,NBA CDN,,candidate
P003885,Reggie Jordan,674.0,https://cdn.nba.com/headshots/nba/latest/1040x760/674.png,NBA CDN,,candidate
P003886,Reggie King,77273.0,https://cdn.nba.com/headshots/nba/latest/1040x760/77273.png,NBA CDN,,candidate
P003887,Reggie Lewis,77384.0,https://cdn.nba.com/headshots/nba/latest/1040x760/77384.png,NBA CDN,,candidate
P003888,Reggie Miller,397.0,https://cdn.nba.com/headshots/nba/latest/1040x760/397.png,NBA CDN,,candidate
P003889,Reggie Miller*,397.0,https://cdn.nba.com/headshots/nba/latest/1040x760/397.png,NBA CDN,,candidate
P003890,Reggie Perry,1629617.0,https://cdn.nba.com/headshots/nba/latest/1040x760/1629617.png,NBA CDN,,candidate
P003891,Reggie Slater,1073.0,https://cdn.nba.com/headshots/nba/latest/1040x760/1073.png,NBA CDN,,candidate
P003892,Reggie Smith,78201.0,https://cdn.nba.com/headshots/nba/latest/1040x760/78201.png,NBA CDN,,candidate
P003893,Reggie Theus,78310.0,https://cdn.nba.com/headshots/nba/latest/1040x760/78310.png,NBA CDN,,candidate
P003895,Renaldo Balkman,200764.0,https://cdn.nba.com/headshots/nba/latest/1040x760/200764.png,NBA CDN,,candidate
P003896,Renaldo Major,200970.0,https://cdn.nba.com/headshots/nba/latest/1040x760/200970.png,NBA CDN,,candidate
P003897,Rex Chapman,364.0,https://cdn.nba.com/headshots/nba/latest/1040x760/364.png,NBA CDN,,candidate
P003898,Rex Morgan,77641.0,https://cdn.nba.com/headshots/nba/latest/1040x760/77641.png,NBA CDN,,candidate
P003899,Rex Walters,777.0,https://cdn.nba.com/headshots/nba/latest/1040x760/777.png,NBA CDN,,candidate
P003901,Rich Johnson,77164.0,https://cdn.nba.com/headshots/nba/latest/1040x760/77164.png,NBA CDN,,candidate
P003902,Rich Jones,77192.0,https://cdn.nba.com/headshots/nba/latest/1040x760/77192.png,NBA CDN,,candidate
P003903,Rich Kelley,77235.0,https://cdn.nba.com/headshots/nba/latest/1040x760/77235.png,NBA CDN,,candidate
P003904,Rich King,1101.0,https://cdn.nba.com/headshots/nba/latest/1040x760/1101.png,NBA CDN,,candidate
P003905,Rich Laurel,77344.0,https://cdn.nba.com/headshots/nba/latest/1040x760/77344.png,NBA CDN,,candidate
P003907,Rich Niemann,77716.0,https://cdn.nba.com/headshots/nba/latest/1040x760/77716.png,NBA CDN,,candidate
P003908,Rich Rinaldi,77965.0,https://cdn.nba.com/headshots/nba/latest/1040x760/77965.png,NBA CDN,,candidate
P003909,Rich Yonakor,78632.0,https://cdn.nba.com/headshots/nba/latest/1040x760/78632.png,NBA CDN,,candidate
P003910,Richard Anderson,76045.0,https://cdn.nba.com/headshots/nba/latest/1040x760/76045.png,NBA CDN,,candidate
P003911,Richard Coffey,76410.0,https://cdn.nba.com/headshots/nba/latest/1040x760/76410.png,NBA CDN,,candidate
P003912,Richard Dumas,30.0,https://cdn.nba.com/headshots/nba/latest/1040x760/30.png,NBA CDN,,candidate
P003913,Richard Hamilton,1888.0,https://cdn.nba.com/headshots/nba/latest/1040x760/1888.png,NBA CDN,,candidate
P003914,Richard Jefferson,2210.0,https://cdn.nba.com/headshots/nba/latest/1040x760/2210.png,NBA CDN,,candidate
P003915,Richard Morton,77652.0,https://cdn.nba.com/headshots/nba/latest/1040x760/77652.png,NBA CDN,,candidate
P003916,Richard Petruška,77846.0,https://cdn.nba.com/headshots/nba/latest/1040x760/77846.png,NBA CDN,,candidate
P003917,Richard Rellford,77939.0,https://cdn.nba.com/headshots/nba/latest/1040x760/77939.png,NBA CDN,,candidate
P003918,Richard Washington,78468.0,https://cdn.nba.com/headshots/nba/latest/1040x760/78468.png,NBA CDN,,candidate
P003919,Richaun Holmes,1626158.0,https://cdn.nba.com/headshots/nba/latest/1040x760/1626158.png,NBA CDN,,candidate
P003920,Richie Frahm,2499.0,https://cdn.nba.com/headshots/nba/latest/1040x760/2499.png,NBA CDN,,candidate
P003921,Richie Guerin,76902.0,https://cdn.nba.com/headshots/nba/latest/1040x760/76902.png,NBA CDN,,candidate
P003922,Richie Guerin*,76902.0,https://cdn.nba.com/headshots/nba/latest/1040x760/76902.png,NBA CDN,,candidate
P003923,Richie Regan,77932.0,https://cdn.nba.com/headshots/nba/latest/1040x760/77932.png,NBA CDN,,candidate
P003924,Rick Adelman,76015.0,https://cdn.nba.com/headshots/nba/latest/1040x760/76015.png,NBA CDN,,candidate
P003925,Rick Adelman*,76015.0,https://cdn.nba.com/headshots/nba/latest/1040x760/76015.png,NBA CDN,,candidate
P003926,Rick Barry,600013.0,https://cdn.nba.com/headshots/nba/latest/1040x760/600013.png,NBA CDN,,candidate
P003927,Rick Barry*,600013.0,https://cdn.nba.com/headshots/nba/latest/1040x760/600013.png,NBA CDN,,candidate
P003928,Rick Brunson,1594.0,https://cdn.nba.com/headshots/nba/latest/1040x760/1594.png,NBA CDN,,candidate
P003929,Rick Calloway,76334.0,https://cdn.nba.com/headshots/nba/latest/1040x760/76334.png,NBA CDN,,candidate
P003930,Rick Carlisle,76342.0,https://cdn.nba.com/headshots/nba/latest/1040x760/76342.png,NBA CDN,,candidate
P003931,Rick Fox,296.0,https://cdn.nba.com/headshots/nba/latest/1040x760/296.png,NBA CDN,,candidate
P003932,Rick Hughes,1965.0,https://cdn.nba.com/headshots/nba/latest/1040x760/1965.png,NBA CDN,,candidate
P003933,Rick Mahorn,328.0,https://cdn.nba.com/headshots/nba/latest/1040x760/328.png,NBA CDN,,candidate
P003934,Rick Roberson,77973.0,https://cdn.nba.com/headshots/nba/latest/1040x760/77973.png,NBA CDN,,candidate
P003935,Rick Robey,77984.0,https://cdn.nba.com/headshots/nba/latest/1040x760/77984.png,NBA CDN,,candidate
P003936,Rick Weitzman,78486.0,https://cdn.nba.com/headshots/nba/latest/1040x760/78486.png,NBA CDN,,candidate
P003937,Rick Wilson,78583.0,https://cdn.nba.com/headshots/nba/latest/1040x760/78583.png,NBA CDN,,candidate
P003938,Rickey Brown,76283.0,https://cdn.nba.com/headshots/nba/latest/1040x760/76283.png,NBA CDN,,candidate
P003939,Rickey Green,76874.0,https://cdn.nba.com/headshots/nba/latest/1040x760/76874.png,NBA CDN,,candidate
P003940,Rickey Williams,78563.0,https://cdn.nba.com/headshots/nba/latest/1040x760/78563.png,NBA CDN,,candidate
P003941,Rickie Winslow,1984.0,https://cdn.nba.com/headshots/nba/latest/1040x760/1984.png,NBA CDN,,candidate
P003942,Ricky Berry,76157.0,https://cdn.nba.com/headshots/nba/latest/1040x760/76157.png,NBA CDN,,candidate
P003943,Ricky Blanton,76184.0,https://cdn.nba.com/headshots/nba/latest/1040x760/76184.png,NBA CDN,,candidate
P003944,Ricky Council IV,1641741.0,https://cdn.nba.com/headshots/nba/latest/1040x760/1641741.png,NBA CDN,,candidate
P003945,Ricky Davis,1729.0,https://cdn.nba.com/headshots/nba/latest/1040x760/1729.png,NBA CDN,,candidate
P003946,Ricky Grace,76839.0,https://cdn.nba.com/headshots/nba/latest/1040x760/76839.png,NBA CDN,,candidate
P003947,Ricky Ledo,203495.0,https://cdn.nba.com/headshots/nba/latest/1040x760/203495.png,NBA CDN,,candidate
P003949,Ricky Pierce,894.0,https://cdn.nba.com/headshots/nba/latest/1040x760/894.png,NBA CDN,,candidate
P003950,Ricky Rubio,201937.0,https://cdn.nba.com/headshots/nba/latest/1040x760/201937.png,NBA CDN,,candidate
P003951,Ricky Sobers,78215.0,https://cdn.nba.com/headshots/nba/latest/1040x760/78215.png,NBA CDN,,candidate
P003952,Ricky Wilson,78584.0,https://cdn.nba.com/headshots/nba/latest/1040x760/78584.png,NBA CDN,,candidate
P003953,Rik Smits,22.0,https://cdn.nba.com/headshots/nba/latest/1040x760/22.png,NBA CDN,,candidate
P003954,Riley Minix,1642434.0,https://cdn.nba.com/headshots/nba/latest/1040x760/1642434.png,NBA CDN,,candidate
P003955,Rob Dillingham,1642265.0,https://cdn.nba.com/headshots/nba/latest/1040x760/1642265.png,NBA CDN,,candidate
P003956,Rob Edwards,1630306.0,https://cdn.nba.com/headshots/nba/latest/1040x760/1630306.png,NBA CDN,,candidate
P003957,Rob Kurz,201633.0,https://cdn.nba.com/headshots/nba/latest/1040x760/201633.png,NBA CDN,,candidate
P003960,Rob Williams,78565.0,https://cdn.nba.com/headshots/nba/latest/1040x760/78565.png,NBA CDN,,candidate
P003961,Robbie Hummel,203133.0,https://cdn.nba.com/headshots/nba/latest/1040x760/203133.png,NBA CDN,,candidate
P003962,Robert Archibald,2425.0,https://cdn.nba.com/headshots/nba/latest/1040x760/2425.png,NBA CDN,,candidate
P003963,Robert Churchwell,928.0,https://cdn.nba.com/headshots/nba/latest/1040x760/928.png,NBA CDN,,candidate
P003964,Robert Covington,203496.0,https://cdn.nba.com/headshots/nba/latest/1040x760/203496.png,NBA CDN,,candidate
P003965,Robert Franks,1629606.0,https://cdn.nba.com/headshots/nba/latest/1040x760/1629606.png,NBA CDN,,candidate
P003966,Robert Hite,200823.0,https://cdn.nba.com/headshots/nba/latest/1040x760/200823.png,NBA CDN,,candidate
P003967,Robert Horry,109.0,https://cdn.nba.com/headshots/nba/latest/1040x760/109.png,NBA CDN,,candidate
P003968,Robert Pack,123.0,https://cdn.nba.com/headshots/nba/latest/1040x760/123.png,NBA CDN,,candidate
P003969,Robert Parish,305.0,https://cdn.nba.com/headshots/nba/latest/1040x760/305.png,NBA CDN,,candidate
P003970,Robert Parish*,305.0,https://cdn.nba.com/headshots/nba/latest/1040x760/305.png,NBA CDN,,candidate
P003971,Robert Reid,77936.0,https://cdn.nba.com/headshots/nba/latest/1040x760/77936.png,NBA CDN,,candidate
P003972,Robert Sacre,203135.0,https://cdn.nba.com/headshots/nba/latest/1040x760/203135.png,NBA CDN,,candidate
P003973,Robert Smith,78204.0,https://cdn.nba.com/headshots/nba/latest/1040x760/78204.png,NBA CDN,,candidate
P003974,Robert Swift,2741.0,https://cdn.nba.com/headshots/nba/latest/1040x760/2741.png,NBA CDN,,candidate
P003975,Robert Traylor,1714.0,https://cdn.nba.com/headshots/nba/latest/1040x760/1714.png,NBA CDN,,candidate
P003976,Robert Werdann,438.0,https://cdn.nba.com/headshots/nba/latest/1040x760/438.png,NBA CDN,,candidate
P003977,Robert Whaley,101156.0,https://cdn.nba.com/headshots/nba/latest/1040x760/101156.png,NBA CDN,,candidate
P003979,Robert Woodard II,1630218.0,https://cdn.nba.com/headshots/nba/latest/1040x760/1630218.png,NBA CDN,,candidate
P003980,Robin Jones,77194.0,https://cdn.nba.com/headshots/nba/latest/1040x760/77194.png,NBA CDN,,candidate
P003981,Robin Lopez,201577.0,https://cdn.nba.com/headshots/nba/latest/1040x760/201577.png,NBA CDN,,candidate
P003982,Rocco Zikarsky,1642911.0,https://cdn.nba.com/headshots/nba/latest/1040x760/1642911.png,NBA CDN,,candidate
P003983,Rock Lee,77363.0,https://cdn.nba.com/headshots/nba/latest/1040x760/77363.png,NBA CDN,,candidate
P003984,Rod Derline,76559.0,https://cdn.nba.com/headshots/nba/latest/1040x760/76559.png,NBA CDN,,candidate
P003985,Rod Foster,76742.0,https://cdn.nba.com/headshots/nba/latest/1040x760/76742.png,NBA CDN,,candidate
P003986,Rod Freeman,76756.0,https://cdn.nba.com/headshots/nba/latest/1040x760/76756.png,NBA CDN,,candidate
P003987,Rod Higgins,77019.0,https://cdn.nba.com/headshots/nba/latest/1040x760/77019.png,NBA CDN,,candidate
P003988,Rod Knowles,77293.0,https://cdn.nba.com/headshots/nba/latest/1040x760/77293.png,NBA CDN,,candidate
P003989,Rod Strickland,393.0,https://cdn.nba.com/headshots/nba/latest/1040x760/393.png,NBA CDN,,candidate
P003990,Rod Thorn,78335.0,https://cdn.nba.com/headshots/nba/latest/1040x760/78335.png,NBA CDN,,candidate
P003991,Rod Thorn*,78335.0,https://cdn.nba.com/headshots/nba/latest/1040x760/78335.png,NBA CDN,,candidate
P003992,Rodions Kurucs,1629066.0,https://cdn.nba.com/headshots/nba/latest/1040x760/1629066.png,NBA CDN,,candidate
P003993,Rodney Buford,1934.0,https://cdn.nba.com/headshots/nba/latest/1040x760/1934.png,NBA CDN,,candidate
P003994,Rodney Carney,200760.0,https://cdn.nba.com/headshots/nba/latest/1040x760/200760.png,NBA CDN,,candidate
P003995,Rodney Hood,203918.0,https://cdn.nba.com/headshots/nba/latest/1040x760/203918.png,NBA CDN,,candidate
P003996,Rodney McCray,1622.0,https://cdn.nba.com/headshots/nba/latest/1040x760/1622.png,NBA CDN,,candidate
P003997,Rodney McGruder,203585.0,https://cdn.nba.com/headshots/nba/latest/1040x760/203585.png,NBA CDN,,candidate
P003998,Rodney Monroe,77628.0,https://cdn.nba.com/headshots/nba/latest/1040x760/77628.png,NBA CDN,,candidate
P003999,Rodney Purvis,1628681.0,https://cdn.nba.com/headshots/nba/latest/1040x760/1628681.png,NBA CDN,,candidate
P004000,Rodney Rogers,915.0,https://cdn.nba.com/headshots/nba/latest/1040x760/915.png,NBA CDN,,candidate
P004001,Rodney Stuckey,201155.0,https://cdn.nba.com/headshots/nba/latest/1040x760/201155.png,NBA CDN,,candidate
P004002,Rodney White,2206.0,https://cdn.nba.com/headshots/nba/latest/1040x760/2206.png,NBA CDN,,candidate
P004003,Rodrick Rhodes,1518.0,https://cdn.nba.com/headshots/nba/latest/1040x760/1518.png,NBA CDN,,candidate
P004004,Rodrigue Beaubois,201958.0,https://cdn.nba.com/headshots/nba/latest/1040x760/201958.png,NBA CDN,,candidate
P004005,Roger Brown,76286.0,https://cdn.nba.com/headshots/nba/latest/1040x760/76286.png,NBA CDN,,candidate
P004006,Roger Burkman,76304.0,https://cdn.nba.com/headshots/nba/latest/1040x760/76304.png,NBA CDN,,candidate
P004008,Roger Phegley,77848.0,https://cdn.nba.com/headshots/nba/latest/1040x760/77848.png,NBA CDN,,candidate
P004009,Roger Powell,101232.0,https://cdn.nba.com/headshots/nba/latest/1040x760/101232.png,NBA CDN,,candidate
P004010,Roger Strickland,78270.0,https://cdn.nba.com/headshots/nba/latest/1040x760/78270.png,NBA CDN,,candidate
P004011,Roko Ukić,101146.0,https://cdn.nba.com/headshots/nba/latest/1040x760/101146.png,NBA CDN,,candidate
P004012,Roland West,78499.0,https://cdn.nba.com/headshots/nba/latest/1040x760/78499.png,NBA CDN,,candidate
P004013,Rolando Blackman,76176.0,https://cdn.nba.com/headshots/nba/latest/1040x760/76176.png,NBA CDN,,candidate
P004014,Rolando Ferreira,76709.0,https://cdn.nba.com/headshots/nba/latest/1040x760/76709.png,NBA CDN,,candidate
P004015,Rollen Hans,76939.0,https://cdn.nba.com/headshots/nba/latest/1040x760/76939.png,NBA CDN,,candidate
P004016,Romeo Langford,1629641.0,https://cdn.nba.com/headshots/nba/latest/1040x760/1629641.png,NBA CDN,,candidate
P004017,Ron Anderson,76046.0,https://cdn.nba.com/headshots/nba/latest/1040x760/76046.png,NBA CDN,,candidate
P004018,Ron Baker,1627758.0,https://cdn.nba.com/headshots/nba/latest/1040x760/1627758.png,NBA CDN,,candidate
P004019,Ron Behagen,76140.0,https://cdn.nba.com/headshots/nba/latest/1040x760/76140.png,NBA CDN,,candidate
P004020,Ron Bonham,76201.0,https://cdn.nba.com/headshots/nba/latest/1040x760/76201.png,NBA CDN,,candidate
P004021,Ron Boone,76204.0,https://cdn.nba.com/headshots/nba/latest/1040x760/76204.png,NBA CDN,,candidate
P004022,Ron Brewer,76249.0,https://cdn.nba.com/headshots/nba/latest/1040x760/76249.png,NBA CDN,,candidate
P004023,Ron Carter,76361.0,https://cdn.nba.com/headshots/nba/latest/1040x760/76361.png,NBA CDN,,candidate
P004024,Ron Cavenall,76370.0,https://cdn.nba.com/headshots/nba/latest/1040x760/76370.png,NBA CDN,,candidate
P004025,Ron Crevier,76469.0,https://cdn.nba.com/headshots/nba/latest/1040x760/76469.png,NBA CDN,,candidate
P004026,Ron Davis,76534.0,https://cdn.nba.com/headshots/nba/latest/1040x760/76534.png,NBA CDN,,candidate
P004027,Ron Feiereisel,76701.0,https://cdn.nba.com/headshots/nba/latest/1040x760/76701.png,NBA CDN,,candidate
P004028,Ron Filipek,76714.0,https://cdn.nba.com/headshots/nba/latest/1040x760/76714.png,NBA CDN,,candidate
P004030,Ron Harper,166.0,https://cdn.nba.com/headshots/nba/latest/1040x760/166.png,NBA CDN,,candidate
P004031,Ron Harper Jr.,1631199.0,https://cdn.nba.com/headshots/nba/latest/1040x760/1631199.png,NBA CDN,,candidate
P004033,Ron Horn,77058.0,https://cdn.nba.com/headshots/nba/latest/1040x760/77058.png,NBA CDN,,candidate
P004034,Ron Johnson,77165.0,https://cdn.nba.com/headshots/nba/latest/1040x760/77165.png,NBA CDN,,candidate
P004035,Ron Knight,77288.0,https://cdn.nba.com/headshots/nba/latest/1040x760/77288.png,NBA CDN,,candidate
P004036,Ron Lee,77364.0,https://cdn.nba.com/headshots/nba/latest/1040x760/77364.png,NBA CDN,,candidate
P004037,Ron Mercer,1500.0,https://cdn.nba.com/headshots/nba/latest/1040x760/1500.png,NBA CDN,,candidate
P004038,Ron Moore,77637.0,https://cdn.nba.com/headshots/nba/latest/1040x760/77637.png,NBA CDN,,candidate
P004039,Ron Reed,77928.0,https://cdn.nba.com/headshots/nba/latest/1040x760/77928.png,NBA CDN,,candidate
P004040,Ron Riley,77964.0,https://cdn.nba.com/headshots/nba/latest/1040x760/77964.png,NBA CDN,,candidate
P004041,Ron Rowan,78027.0,https://cdn.nba.com/headshots/nba/latest/1040x760/78027.png,NBA CDN,,candidate
P004042,Ron Shavlik,78128.0,https://cdn.nba.com/headshots/nba/latest/1040x760/78128.png,NBA CDN,,candidate
P004043,Ron Sobie,78216.0,https://cdn.nba.com/headshots/nba/latest/1040x760/78216.png,NBA CDN,,candidate
P004044,Ron Watts,78474.0,https://cdn.nba.com/headshots/nba/latest/1040x760/78474.png,NBA CDN,,candidate
P004045,Ron Williams,78567.0,https://cdn.nba.com/headshots/nba/latest/1040x760/78567.png,NBA CDN,,candidate
P004046,Ronald Dupree,2648.0,https://cdn.nba.com/headshots/nba/latest/1040x760/2648.png,NBA CDN,,candidate
P004048,Rondae Hollis-Jefferson,1626178.0,https://cdn.nba.com/headshots/nba/latest/1040x760/1626178.png,NBA CDN,,candidate
P004049,Ronnie Brewer,200758.0,https://cdn.nba.com/headshots/nba/latest/1040x760/200758.png,NBA CDN,,candidate
P004050,Ronnie Lester,77373.0,https://cdn.nba.com/headshots/nba/latest/1040x760/77373.png,NBA CDN,,candidate
P004051,Ronnie MacGilvray,77430.0,https://cdn.nba.com/headshots/nba/latest/1040x760/77430.png,NBA CDN,,candidate
P004052,Ronnie Murphy,77673.0,https://cdn.nba.com/headshots/nba/latest/1040x760/77673.png,NBA CDN,,candidate
P004053,Ronnie Price,101179.0,https://cdn.nba.com/headshots/nba/latest/1040x760/101179.png,NBA CDN,,candidate
P004055,Ronny Turiaf,101142.0,https://cdn.nba.com/headshots/nba/latest/1040x760/101142.png,NBA CDN,,candidate
P004056,Rony Seikaly,938.0,https://cdn.nba.com/headshots/nba/latest/1040x760/938.png,NBA CDN,,candidate
P004057,Rory Sparrow,600009.0,https://cdn.nba.com/headshots/nba/latest/1040x760/600009.png,NBA CDN,,candidate
P004058,Rory White,78512.0,https://cdn.nba.com/headshots/nba/latest/1040x760/78512.png,NBA CDN,,candidate
P004059,Roshown McLeod,1728.0,https://cdn.nba.com/headshots/nba/latest/1040x760/1728.png,NBA CDN,,candidate
P004060,Rowland Garrett,76789.0,https://cdn.nba.com/headshots/nba/latest/1040x760/76789.png,NBA CDN,,candidate
P004062,Roy Hibbert,201579.0,https://cdn.nba.com/headshots/nba/latest/1040x760/201579.png,NBA CDN,,candidate
P004063,Roy Hinson,77030.0,https://cdn.nba.com/headshots/nba/latest/1040x760/77030.png,NBA CDN,,candidate
P004064,Roy Marble,77460.0,https://cdn.nba.com/headshots/nba/latest/1040x760/77460.png,NBA CDN,,candidate
P004065,Roy Rogers,964.0,https://cdn.nba.com/headshots/nba/latest/1040x760/964.png,NBA CDN,,candidate
P004066,Roy Tarpley,78293.0,https://cdn.nba.com/headshots/nba/latest/1040x760/78293.png,NBA CDN,,candidate
P004067,Royal Ivey,2767.0,https://cdn.nba.com/headshots/nba/latest/1040x760/2767.png,NBA CDN,,candidate
P004068,Royce O'Neale,1626220.0,https://cdn.nba.com/headshots/nba/latest/1040x760/1626220.png,NBA CDN,,candidate
P004069,Royce White,203091.0,https://cdn.nba.com/headshots/nba/latest/1040x760/203091.png,NBA CDN,,candidate
P004070,Ruben Boumtje-Boumtje,2257.0,https://cdn.nba.com/headshots/nba/latest/1040x760/2257.png,NBA CDN,,candidate
P004071,Ruben Nembhard,1129.0,https://cdn.nba.com/headshots/nba/latest/1040x760/1129.png,NBA CDN,,candidate
P004072,Ruben Patterson,1739.0,https://cdn.nba.com/headshots/nba/latest/1040x760/1739.png,NBA CDN,,candidate
P004073,Rubén Garcés,2092.0,https://cdn.nba.com/headshots/nba/latest/1040x760/2092.png,NBA CDN,,candidate
P004074,Rubén Wolkowyski,2106.0,https://cdn.nba.com/headshots/nba/latest/1040x760/2106.png,NBA CDN,,candidate
P004075,Rudy Fernández,201164.0,https://cdn.nba.com/headshots/nba/latest/1040x760/201164.png,NBA CDN,,candidate
P004076,Rudy Gay,200752.0,https://cdn.nba.com/headshots/nba/latest/1040x760/200752.png,NBA CDN,,candidate
P004077,Rudy Gobert,203497.0,https://cdn.nba.com/headshots/nba/latest/1040x760/203497.png,NBA CDN,,candidate
P004078,Rudy Hackett,76910.0,https://cdn.nba.com/headshots/nba/latest/1040x760/76910.png,NBA CDN,,candidate
P004079,Rudy LaRusso,77340.0,https://cdn.nba.com/headshots/nba/latest/1040x760/77340.png,NBA CDN,,candidate
P004080,Rudy Macklin,77435.0,https://cdn.nba.com/headshots/nba/latest/1040x760/77435.png,NBA CDN,,candidate
P004081,Rudy Tomjanovich,78350.0,https://cdn.nba.com/headshots/nba/latest/1040x760/78350.png,NBA CDN,,candidate
P004082,Rudy Tomjanovich*,78350.0,https://cdn.nba.com/headshots/nba/latest/1040x760/78350.png,NBA CDN,,candidate
P004083,Rudy White,78513.0,https://cdn.nba.com/headshots/nba/latest/1040x760/78513.png,NBA CDN,,candidate
P004084,Rui Hachimura,1629060.0,https://cdn.nba.com/headshots/nba/latest/1040x760/1629060.png,NBA CDN,,candidate
P004085,Rumeal Robinson,716.0,https://cdn.nba.com/headshots/nba/latest/1040x760/716.png,NBA CDN,,candidate
P004087,Russ Schoene,78087.0,https://cdn.nba.com/headshots/nba/latest/1040x760/78087.png,NBA CDN,,candidate
P004088,Russ Smith,203893.0,https://cdn.nba.com/headshots/nba/latest/1040x760/203893.png,NBA CDN,,candidate
P004089,Russell Cross,76478.0,https://cdn.nba.com/headshots/nba/latest/1040x760/76478.png,NBA CDN,,candidate
P004090,Russell Westbrook,201566.0,https://cdn.nba.com/headshots/nba/latest/1040x760/201566.png,NBA CDN,,candidate
P004091,Rusty LaRue,1601.0,https://cdn.nba.com/headshots/nba/latest/1040x760/1601.png,NBA CDN,,candidate
P004092,Ryan Anderson,201583.0,https://cdn.nba.com/headshots/nba/latest/1040x760/201583.png,NBA CDN,,candidate
P004093,Ryan Arcidiacono,1627853.0,https://cdn.nba.com/headshots/nba/latest/1040x760/1627853.png,NBA CDN,,candidate
P004094,Ryan Bowen,1763.0,https://cdn.nba.com/headshots/nba/latest/1040x760/1763.png,NBA CDN,,candidate
P004095,Ryan Broekhoff,1629151.0,https://cdn.nba.com/headshots/nba/latest/1040x760/1629151.png,NBA CDN,,candidate
P004096,Ryan Dunn,1642346.0,https://cdn.nba.com/headshots/nba/latest/1040x760/1642346.png,NBA CDN,,candidate
P004097,Ryan Gomes,101155.0,https://cdn.nba.com/headshots/nba/latest/1040x760/101155.png,NBA CDN,,candidate
P004098,Ryan Hollins,200797.0,https://cdn.nba.com/headshots/nba/latest/1040x760/200797.png,NBA CDN,,candidate
P004099,Ryan Humphrey,2415.0,https://cdn.nba.com/headshots/nba/latest/1040x760/2415.png,NBA CDN,,candidate
P004100,Ryan Kalkbrenner,1641750.0,https://cdn.nba.com/headshots/nba/latest/1040x760/1641750.png,NBA CDN,,candidate
P004101,Ryan Kelly,203527.0,https://cdn.nba.com/headshots/nba/latest/1040x760/203527.png,NBA CDN,,candidate
P004102,Ryan Lorthridge,943.0,https://cdn.nba.com/headshots/nba/latest/1040x760/943.png,NBA CDN,,candidate
P004103,Ryan Nembhard,1642948.0,https://cdn.nba.com/headshots/nba/latest/1040x760/1642948.png,NBA CDN,,candidate
P004104,Ryan Reid,202385.0,https://cdn.nba.com/headshots/nba/latest/1040x760/202385.png,NBA CDN,,candidate
P004105,Ryan Robertson,1926.0,https://cdn.nba.com/headshots/nba/latest/1040x760/1926.png,NBA CDN,,candidate
P004106,Ryan Rollins,1631157.0,https://cdn.nba.com/headshots/nba/latest/1040x760/1631157.png,NBA CDN,,candidate
P004107,Ryan Stack,1756.0,https://cdn.nba.com/headshots/nba/latest/1040x760/1756.png,NBA CDN,,candidate
P004108,Saben Lee,1630240.0,https://cdn.nba.com/headshots/nba/latest/1040x760/1630240.png,NBA CDN,,candidate
P004109,Saddiq Bey,1630180.0,https://cdn.nba.com/headshots/nba/latest/1040x760/1630180.png,NBA CDN,,candidate
P004110,Salah Mejri,1626257.0,https://cdn.nba.com/headshots/nba/latest/1040x760/1626257.png,NBA CDN,,candidate
P004111,Salim Stoudamire,101136.0,https://cdn.nba.com/headshots/nba/latest/1040x760/101136.png,NBA CDN,,candidate
P004112,Sam Bowie,76217.0,https://cdn.nba.com/headshots/nba/latest/1040x760/76217.png,NBA CDN,,candidate
P004113,Sam Cassell,208.0,https://cdn.nba.com/headshots/nba/latest/1040x760/208.png,NBA CDN,,candidate
P004114,Sam Dekker,1626155.0,https://cdn.nba.com/headshots/nba/latest/1040x760/1626155.png,NBA CDN,,candidate
P004115,Sam Hauser,1630573.0,https://cdn.nba.com/headshots/nba/latest/1040x760/1630573.png,NBA CDN,,candidate
P004116,Sam Jacobson,1734.0,https://cdn.nba.com/headshots/nba/latest/1040x760/1734.png,NBA CDN,,candidate
P004117,Sam Jones,77196.0,https://cdn.nba.com/headshots/nba/latest/1040x760/77196.png,NBA CDN,,candidate
P004118,Sam Jones*,77196.0,https://cdn.nba.com/headshots/nba/latest/1040x760/77196.png,NBA CDN,,candidate
P004119,Sam Lacey,77326.0,https://cdn.nba.com/headshots/nba/latest/1040x760/77326.png,NBA CDN,,candidate
P004120,Sam Mack,694.0,https://cdn.nba.com/headshots/nba/latest/1040x760/694.png,NBA CDN,,candidate
P004121,Sam Merrill,1630241.0,https://cdn.nba.com/headshots/nba/latest/1040x760/1630241.png,NBA CDN,,candidate
P004122,Sam Mitchell,417.0,https://cdn.nba.com/headshots/nba/latest/1040x760/417.png,NBA CDN,,candidate
P004123,Sam Pellom,77829.0,https://cdn.nba.com/headshots/nba/latest/1040x760/77829.png,NBA CDN,,candidate
P004124,Sam Perkins,64.0,https://cdn.nba.com/headshots/nba/latest/1040x760/64.png,NBA CDN,,candidate
P004125,Sam Ranzino,77912.0,https://cdn.nba.com/headshots/nba/latest/1040x760/77912.png,NBA CDN,,candidate
P004126,Sam Sibert,78144.0,https://cdn.nba.com/headshots/nba/latest/1040x760/78144.png,NBA CDN,,candidate
P004128,Sam Stith,78259.0,https://cdn.nba.com/headshots/nba/latest/1040x760/78259.png,NBA CDN,,candidate
P004129,Sam Vincent,78417.0,https://cdn.nba.com/headshots/nba/latest/1040x760/78417.png,NBA CDN,,candidate
P004130,Sam Williams,78568.0,https://cdn.nba.com/headshots/nba/latest/1040x760/78568.png,NBA CDN,,candidate
P004131,Sam Worthen,78618.0,https://cdn.nba.com/headshots/nba/latest/1040x760/78618.png,NBA CDN,,candidate
P004132,Sam Young,201970.0,https://cdn.nba.com/headshots/nba/latest/1040x760/201970.png,NBA CDN,,candidate
P004133,Samaki Walker,955.0,https://cdn.nba.com/headshots/nba/latest/1040x760/955.png,NBA CDN,,candidate
P004134,Samardo Samuels,202396.0,https://cdn.nba.com/headshots/nba/latest/1040x760/202396.png,NBA CDN,,candidate
P004135,Samuel Dalembert,2223.0,https://cdn.nba.com/headshots/nba/latest/1040x760/2223.png,NBA CDN,,candidate
P004136,Sandro Mamukelashvili,1630572.0,https://cdn.nba.com/headshots/nba/latest/1040x760/1630572.png,NBA CDN,,candidate
P004137,Santi Aldama,1630583.0,https://cdn.nba.com/headshots/nba/latest/1040x760/1630583.png,NBA CDN,,candidate
P004138,Sasha Danilović,390.0,https://cdn.nba.com/headshots/nba/latest/1040x760/390.png,NBA CDN,,candidate
P004139,Sasha Kaun,201619.0,https://cdn.nba.com/headshots/nba/latest/1040x760/201619.png,NBA CDN,,candidate
P004140,Sasha Pavlović,2562.0,https://cdn.nba.com/headshots/nba/latest/1040x760/2562.png,NBA CDN,,candidate
P004141,Sasha Vezenkov,1628426.0,https://cdn.nba.com/headshots/nba/latest/1040x760/1628426.png,NBA CDN,,candidate
P004142,Sasha Vujačić,2756.0,https://cdn.nba.com/headshots/nba/latest/1040x760/2756.png,NBA CDN,,candidate
P004143,Scoot Henderson,1630703.0,https://cdn.nba.com/headshots/nba/latest/1040x760/1630703.png,NBA CDN,,candidate
P004144,Scooter McCray,77518.0,https://cdn.nba.com/headshots/nba/latest/1040x760/77518.png,NBA CDN,,candidate
P004145,Scot Pollard,1513.0,https://cdn.nba.com/headshots/nba/latest/1040x760/1513.png,NBA CDN,,candidate
P004146,Scott Brooks,418.0,https://cdn.nba.com/headshots/nba/latest/1040x760/418.png,NBA CDN,,candidate
P004147,Scott Burrell,197.0,https://cdn.nba.com/headshots/nba/latest/1040x760/197.png,NBA CDN,,candidate
P004148,Scott English,76675.0,https://cdn.nba.com/headshots/nba/latest/1040x760/76675.png,NBA CDN,,candidate
P004149,Scott Haffner,76911.0,https://cdn.nba.com/headshots/nba/latest/1040x760/76911.png,NBA CDN,,candidate
P004150,Scott Haskin,321.0,https://cdn.nba.com/headshots/nba/latest/1040x760/321.png,NBA CDN,,candidate
P004151,Scott Hastings,76968.0,https://cdn.nba.com/headshots/nba/latest/1040x760/76968.png,NBA CDN,,candidate
P004152,Scott Lloyd,77396.0,https://cdn.nba.com/headshots/nba/latest/1040x760/77396.png,NBA CDN,,candidate
P004153,Scott Machado,203159.0,https://cdn.nba.com/headshots/nba/latest/1040x760/203159.png,NBA CDN,,candidate
P004154,Scott May,77490.0,https://cdn.nba.com/headshots/nba/latest/1040x760/77490.png,NBA CDN,,candidate
P004155,Scott Meents,77571.0,https://cdn.nba.com/headshots/nba/latest/1040x760/77571.png,NBA CDN,,candidate
P004156,Scott Padgett,1909.0,https://cdn.nba.com/headshots/nba/latest/1040x760/1909.png,NBA CDN,,candidate
P004157,Scott Roth,78022.0,https://cdn.nba.com/headshots/nba/latest/1040x760/78022.png,NBA CDN,,candidate
P004158,Scott Sims,78161.0,https://cdn.nba.com/headshots/nba/latest/1040x760/78161.png,NBA CDN,,candidate
P004159,Scott Skiles,101.0,https://cdn.nba.com/headshots/nba/latest/1040x760/101.png,NBA CDN,,candidate
P004160,Scott Wedman,78482.0,https://cdn.nba.com/headshots/nba/latest/1040x760/78482.png,NBA CDN,,candidate
P004161,Scott Williams,281.0,https://cdn.nba.com/headshots/nba/latest/1040x760/281.png,NBA CDN,,candidate
P004162,Scottie Barnes,1630567.0,https://cdn.nba.com/headshots/nba/latest/1040x760/1630567.png,NBA CDN,,candidate
P004163,Scottie Lewis,1630575.0,https://cdn.nba.com/headshots/nba/latest/1040x760/1630575.png,NBA CDN,,candidate
P004164,Scottie Pippen,937.0,https://cdn.nba.com/headshots/nba/latest/1040x760/937.png,NBA CDN,,candidate
P004165,Scottie Pippen*,937.0,https://cdn.nba.com/headshots/nba/latest/1040x760/937.png,NBA CDN,,candidate
P004166,Scotty Hopson,203816.0,https://cdn.nba.com/headshots/nba/latest/1040x760/203816.png,NBA CDN,,candidate
P004167,Scotty Pippen Jr.,1630590.0,https://cdn.nba.com/headshots/nba/latest/1040x760/1630590.png,NBA CDN,,candidate
P004168,Sean Colson,2173.0,https://cdn.nba.com/headshots/nba/latest/1040x760/2173.png,NBA CDN,,candidate
P004169,Sean Elliott,251.0,https://cdn.nba.com/headshots/nba/latest/1040x760/251.png,NBA CDN,,candidate
P004170,Sean Green,76875.0,https://cdn.nba.com/headshots/nba/latest/1040x760/76875.png,NBA CDN,,candidate
P004171,Sean Higgins,925.0,https://cdn.nba.com/headshots/nba/latest/1040x760/925.png,NBA CDN,,candidate
P004172,Sean Kilpatrick,203930.0,https://cdn.nba.com/headshots/nba/latest/1040x760/203930.png,NBA CDN,,candidate
P004173,Sean Lampley,2253.0,https://cdn.nba.com/headshots/nba/latest/1040x760/2253.png,NBA CDN,,candidate
P004174,Sean Marks,1752.0,https://cdn.nba.com/headshots/nba/latest/1040x760/1752.png,NBA CDN,,candidate
P004175,Sean May,101118.0,https://cdn.nba.com/headshots/nba/latest/1040x760/101118.png,NBA CDN,,candidate
P004176,Sean McDermott,1630253.0,https://cdn.nba.com/headshots/nba/latest/1040x760/1630253.png,NBA CDN,,candidate
P004177,Sean Pedulla,1642951.0,https://cdn.nba.com/headshots/nba/latest/1040x760/1642951.png,NBA CDN,,candidate
P004178,Sean Rooks,399.0,https://cdn.nba.com/headshots/nba/latest/1040x760/399.png,NBA CDN,,candidate
P004179,Sean Singletary,201606.0,https://cdn.nba.com/headshots/nba/latest/1040x760/201606.png,NBA CDN,,candidate
P004180,Sean Williams,201157.0,https://cdn.nba.com/headshots/nba/latest/1040x760/201157.png,NBA CDN,,candidate
P004181,Sebastian Telfair,2742.0,https://cdn.nba.com/headshots/nba/latest/1040x760/2742.png,NBA CDN,,candidate
P004182,Sedale Threatt,9.0,https://cdn.nba.com/headshots/nba/latest/1040x760/9.png,NBA CDN,,candidate
P004183,Sedric Toney,78352.0,https://cdn.nba.com/headshots/nba/latest/1040x760/78352.png,NBA CDN,,candidate
P004184,Sekou Doumbouya,1629635.0,https://cdn.nba.com/headshots/nba/latest/1040x760/1629635.png,NBA CDN,,candidate
P004185,Semaj Christon,203902.0,https://cdn.nba.com/headshots/nba/latest/1040x760/203902.png,NBA CDN,,candidate
P004186,Semi Ojeleye,1628400.0,https://cdn.nba.com/headshots/nba/latest/1040x760/1628400.png,NBA CDN,,candidate
P004187,Semih Erden,201623.0,https://cdn.nba.com/headshots/nba/latest/1040x760/201623.png,NBA CDN,,candidate
P004188,Serge Ibaka,201586.0,https://cdn.nba.com/headshots/nba/latest/1040x760/201586.png,NBA CDN,,candidate
P004189,Sergei Bazarevich,76128.0,https://cdn.nba.com/headshots/nba/latest/1040x760/76128.png,NBA CDN,,candidate
P004190,Sergei Monia,2752.0,https://cdn.nba.com/headshots/nba/latest/1040x760/2752.png,NBA CDN,,candidate
P004191,Sergey Karasev,203508.0,https://cdn.nba.com/headshots/nba/latest/1040x760/203508.png,NBA CDN,,candidate
P004192,Sergio Rodríguez,200771.0,https://cdn.nba.com/headshots/nba/latest/1040x760/200771.png,NBA CDN,,candidate
P004193,Seth Curry,203552.0,https://cdn.nba.com/headshots/nba/latest/1040x760/203552.png,NBA CDN,,candidate
P004194,Seth Lundy,1641754.0,https://cdn.nba.com/headshots/nba/latest/1040x760/1641754.png,NBA CDN,,candidate
P004195,Shabazz Muhammad,203498.0,https://cdn.nba.com/headshots/nba/latest/1040x760/203498.png,NBA CDN,,candidate
P004196,Shabazz Napier,203894.0,https://cdn.nba.com/headshots/nba/latest/1040x760/203894.png,NBA CDN,,candidate
P004197,Shaedon Sharpe,1631101.0,https://cdn.nba.com/headshots/nba/latest/1040x760/1631101.png,NBA CDN,,candidate
P004198,Shai Gilgeous-Alexander,1628983.0,https://cdn.nba.com/headshots/nba/latest/1040x760/1628983.png,NBA CDN,,candidate
P004199,Shake Milton,1629003.0,https://cdn.nba.com/headshots/nba/latest/1040x760/1629003.png,NBA CDN,,candidate
P004200,Shaler Halimon,76922.0,https://cdn.nba.com/headshots/nba/latest/1040x760/76922.png,NBA CDN,,candidate
P004201,Shammond Williams,1742.0,https://cdn.nba.com/headshots/nba/latest/1040x760/1742.png,NBA CDN,,candidate
P004202,Shamorie Ponds,1629044.0,https://cdn.nba.com/headshots/nba/latest/1040x760/1629044.png,NBA CDN,,candidate
P004203,Shandon Anderson,1000.0,https://cdn.nba.com/headshots/nba/latest/1040x760/1000.png,NBA CDN,,candidate
P004204,Shane Battier,2203.0,https://cdn.nba.com/headshots/nba/latest/1040x760/2203.png,NBA CDN,,candidate
P004205,Shane Edwards,202197.0,https://cdn.nba.com/headshots/nba/latest/1040x760/202197.png,NBA CDN,,candidate
P004206,Shane Heal,1049.0,https://cdn.nba.com/headshots/nba/latest/1040x760/1049.png,NBA CDN,,candidate
P004207,Shane Larkin,203499.0,https://cdn.nba.com/headshots/nba/latest/1040x760/203499.png,NBA CDN,,candidate
P004208,Shannon Brown,200769.0,https://cdn.nba.com/headshots/nba/latest/1040x760/200769.png,NBA CDN,,candidate
P004209,Shaq Buchanan,1629783.0,https://cdn.nba.com/headshots/nba/latest/1040x760/1629783.png,NBA CDN,,candidate
P004210,Shaquille Harrison,1627885.0,https://cdn.nba.com/headshots/nba/latest/1040x760/1627885.png,NBA CDN,,candidate
P004211,Shaquille O'Neal,406.0,https://cdn.nba.com/headshots/nba/latest/1040x760/406.png,NBA CDN,,candidate
P004212,Shaquille O'Neal*,406.0,https://cdn.nba.com/headshots/nba/latest/1040x760/406.png,NBA CDN,,candidate
P004213,Shareef Abdur-Rahim,949.0,https://cdn.nba.com/headshots/nba/latest/1040x760/949.png,NBA CDN,,candidate
P004214,Sharife Cooper,1630536.0,https://cdn.nba.com/headshots/nba/latest/1040x760/1630536.png,NBA CDN,,candidate
P004215,Sharone Wright,412.0,https://cdn.nba.com/headshots/nba/latest/1040x760/412.png,NBA CDN,,candidate
P004216,Sharrod Ford,101213.0,https://cdn.nba.com/headshots/nba/latest/1040x760/101213.png,NBA CDN,,candidate
P004217,Shaun Livingston,2733.0,https://cdn.nba.com/headshots/nba/latest/1040x760/2733.png,NBA CDN,,candidate
P004218,Shavlik Randolph,101183.0,https://cdn.nba.com/headshots/nba/latest/1040x760/101183.png,NBA CDN,,candidate
P004219,Shawn Bradley,762.0,https://cdn.nba.com/headshots/nba/latest/1040x760/762.png,NBA CDN,,candidate
P004220,Shawn Kemp,431.0,https://cdn.nba.com/headshots/nba/latest/1040x760/431.png,NBA CDN,,candidate
P004221,Shawn Long,1627848.0,https://cdn.nba.com/headshots/nba/latest/1040x760/1627848.png,NBA CDN,,candidate
P004222,Shawn Marion,1890.0,https://cdn.nba.com/headshots/nba/latest/1040x760/1890.png,NBA CDN,,candidate
P004223,Shawn Respert,704.0,https://cdn.nba.com/headshots/nba/latest/1040x760/704.png,NBA CDN,,candidate
P004224,Shawne Williams,200761.0,https://cdn.nba.com/headshots/nba/latest/1040x760/200761.png,NBA CDN,,candidate
P004225,Shawnelle Scott,1035.0,https://cdn.nba.com/headshots/nba/latest/1040x760/1035.png,NBA CDN,,candidate
P004226,Shayne Whittington,203963.0,https://cdn.nba.com/headshots/nba/latest/1040x760/203963.png,NBA CDN,,candidate
P004227,Shea Seals,1578.0,https://cdn.nba.com/headshots/nba/latest/1040x760/1578.png,NBA CDN,,candidate
P004228,Shelden Williams,200749.0,https://cdn.nba.com/headshots/nba/latest/1040x760/200749.png,NBA CDN,,candidate
P004229,Sheldon Mac,1627815.0,https://cdn.nba.com/headshots/nba/latest/1040x760/1627815.png,NBA CDN,,candidate
P004230,Shellie McMillon,77555.0,https://cdn.nba.com/headshots/nba/latest/1040x760/77555.png,NBA CDN,,candidate
P004231,Shelton Jones,2652.0,https://cdn.nba.com/headshots/nba/latest/1040x760/2652.png,NBA CDN,,candidate
P004232,Shelvin Mack,202714.0,https://cdn.nba.com/headshots/nba/latest/1040x760/202714.png,NBA CDN,,candidate
P004233,Sherell Ford,726.0,https://cdn.nba.com/headshots/nba/latest/1040x760/726.png,NBA CDN,,candidate
P004234,Sherman Douglas,428.0,https://cdn.nba.com/headshots/nba/latest/1040x760/428.png,NBA CDN,,candidate
P004235,Sherron Collins,202395.0,https://cdn.nba.com/headshots/nba/latest/1040x760/202395.png,NBA CDN,,candidate
P004236,Sherwin Raiken,77903.0,https://cdn.nba.com/headshots/nba/latest/1040x760/77903.png,NBA CDN,,candidate
P004237,Si Green,76877.0,https://cdn.nba.com/headshots/nba/latest/1040x760/76877.png,NBA CDN,,candidate
P004238,Sid Catlett,76367.0,https://cdn.nba.com/headshots/nba/latest/1040x760/76367.png,NBA CDN,,candidate
P004239,Sidney Green,76876.0,https://cdn.nba.com/headshots/nba/latest/1040x760/76876.png,NBA CDN,,candidate
P004240,Sidney Lowe,77415.0,https://cdn.nba.com/headshots/nba/latest/1040x760/77415.png,NBA CDN,,candidate
P004241,Sidney Moncrief,77626.0,https://cdn.nba.com/headshots/nba/latest/1040x760/77626.png,NBA CDN,,candidate
P004242,Sidney Moncrief*,77626.0,https://cdn.nba.com/headshots/nba/latest/1040x760/77626.png,NBA CDN,,candidate
P004243,Sidney Wicks,78520.0,https://cdn.nba.com/headshots/nba/latest/1040x760/78520.png,NBA CDN,,candidate
P004244,Sidy Cissoko,1631321.0,https://cdn.nba.com/headshots/nba/latest/1040x760/1631321.png,NBA CDN,,candidate
P004245,Sim Bhullar,204021.0,https://cdn.nba.com/headshots/nba/latest/1040x760/204021.png,NBA CDN,,candidate
P004246,Simone Fontecchio,1631323.0,https://cdn.nba.com/headshots/nba/latest/1040x760/1631323.png,NBA CDN,,candidate
P004247,Sindarius Thornwell,1628414.0,https://cdn.nba.com/headshots/nba/latest/1040x760/1628414.png,NBA CDN,,candidate
P004248,Sion James,1642883.0,https://cdn.nba.com/headshots/nba/latest/1040x760/1642883.png,NBA CDN,,candidate
P004249,Skal Labissière,1627746.0,https://cdn.nba.com/headshots/nba/latest/1040x760/1627746.png,NBA CDN,,candidate
P004250,Skeeter Henry,77003.0,https://cdn.nba.com/headshots/nba/latest/1040x760/77003.png,NBA CDN,,candidate
P004251,Skip Harlicka,76951.0,https://cdn.nba.com/headshots/nba/latest/1040x760/76951.png,NBA CDN,,candidate
P004253,Skylar Mays,1630219.0,https://cdn.nba.com/headshots/nba/latest/1040x760/1630219.png,NBA CDN,,candidate
P004254,Slater Martin,77480.0,https://cdn.nba.com/headshots/nba/latest/1040x760/77480.png,NBA CDN,,candidate
P004255,Slater Martin*,77480.0,https://cdn.nba.com/headshots/nba/latest/1040x760/77480.png,NBA CDN,,candidate
P004256,Slavko Vraneš,2582.0,https://cdn.nba.com/headshots/nba/latest/1040x760/2582.png,NBA CDN,,candidate
P004257,Sleepy Floyd,76726.0,https://cdn.nba.com/headshots/nba/latest/1040x760/76726.png,NBA CDN,,candidate
P004260,Slick Watts,78473.0,https://cdn.nba.com/headshots/nba/latest/1040x760/78473.png,NBA CDN,,candidate
P004261,Sly Williams,78570.0,https://cdn.nba.com/headshots/nba/latest/1040x760/78570.png,NBA CDN,,candidate
P004262,Smush Parker,2470.0,https://cdn.nba.com/headshots/nba/latest/1040x760/2470.png,NBA CDN,,candidate
P004263,Solomon Alabi,202374.0,https://cdn.nba.com/headshots/nba/latest/1040x760/202374.png,NBA CDN,,candidate
P004264,Solomon Hill,203524.0,https://cdn.nba.com/headshots/nba/latest/1040x760/203524.png,NBA CDN,,candidate
P004265,Solomon Jones,200780.0,https://cdn.nba.com/headshots/nba/latest/1040x760/200780.png,NBA CDN,,candidate
P004267,Sonny Parker,77800.0,https://cdn.nba.com/headshots/nba/latest/1040x760/77800.png,NBA CDN,,candidate
P004268,Sonny Weems,201603.0,https://cdn.nba.com/headshots/nba/latest/1040x760/201603.png,NBA CDN,,candidate
P004269,Soumaila Samake,2066.0,https://cdn.nba.com/headshots/nba/latest/1040x760/2066.png,NBA CDN,,candidate
P004270,Speedy Claxton,2049.0,https://cdn.nba.com/headshots/nba/latest/1040x760/2049.png,NBA CDN,,candidate
P004271,Spencer Dinwiddie,203915.0,https://cdn.nba.com/headshots/nba/latest/1040x760/203915.png,NBA CDN,,candidate
P004272,Spencer Hawes,201150.0,https://cdn.nba.com/headshots/nba/latest/1040x760/201150.png,NBA CDN,,candidate
P004273,Spencer Haywood,76981.0,https://cdn.nba.com/headshots/nba/latest/1040x760/76981.png,NBA CDN,,candidate
P004274,Spencer Haywood*,76981.0,https://cdn.nba.com/headshots/nba/latest/1040x760/76981.png,NBA CDN,,candidate
P004275,Spencer Jones,1642461.0,https://cdn.nba.com/headshots/nba/latest/1040x760/1642461.png,NBA CDN,,candidate
P004276,Spud Webb,892.0,https://cdn.nba.com/headshots/nba/latest/1040x760/892.png,NBA CDN,,candidate
P004277,Stacey Arceneaux,76053.0,https://cdn.nba.com/headshots/nba/latest/1040x760/76053.png,NBA CDN,,candidate
P004278,Stacey Augmon,278.0,https://cdn.nba.com/headshots/nba/latest/1040x760/278.png,NBA CDN,,candidate
P004279,Stacey King,351.0,https://cdn.nba.com/headshots/nba/latest/1040x760/351.png,NBA CDN,,candidate
P004280,Stan Brown,76285.0,https://cdn.nba.com/headshots/nba/latest/1040x760/76285.png,NBA CDN,,candidate
P004281,Stan Kimbrough,77261.0,https://cdn.nba.com/headshots/nba/latest/1040x760/77261.png,NBA CDN,,candidate
P004282,Stan Love,77413.0,https://cdn.nba.com/headshots/nba/latest/1040x760/77413.png,NBA CDN,,candidate
P004283,Stan McKenzie,77543.0,https://cdn.nba.com/headshots/nba/latest/1040x760/77543.png,NBA CDN,,candidate
P004284,Stan Miasek,77587.0,https://cdn.nba.com/headshots/nba/latest/1040x760/77587.png,NBA CDN,,candidate
P004285,Stan Pietkiewicz,77858.0,https://cdn.nba.com/headshots/nba/latest/1040x760/77858.png,NBA CDN,,candidate
P004286,Stan Washington,78470.0,https://cdn.nba.com/headshots/nba/latest/1040x760/78470.png,NBA CDN,,candidate
P004288,Stanley Brundy,76288.0,https://cdn.nba.com/headshots/nba/latest/1040x760/76288.png,NBA CDN,,candidate
P004289,Stanley Jackson,77109.0,https://cdn.nba.com/headshots/nba/latest/1040x760/77109.png,NBA CDN,,candidate
P004290,Stanley Johnson,1626169.0,https://cdn.nba.com/headshots/nba/latest/1040x760/1626169.png,NBA CDN,,candidate
P004291,Stanley Roberts,914.0,https://cdn.nba.com/headshots/nba/latest/1040x760/914.png,NBA CDN,,candidate
P004292,Stanley Umude,1630649.0,https://cdn.nba.com/headshots/nba/latest/1040x760/1630649.png,NBA CDN,,candidate
P004293,Stanton Kidd,1629742.0,https://cdn.nba.com/headshots/nba/latest/1040x760/1629742.png,NBA CDN,,candidate
P004294,Stefano Rusconi,474.0,https://cdn.nba.com/headshots/nba/latest/1040x760/474.png,NBA CDN,,candidate
P004295,Steffond Johnson,77166.0,https://cdn.nba.com/headshots/nba/latest/1040x760/77166.png,NBA CDN,,candidate
P004296,Stephen Curry,201939.0,https://cdn.nba.com/headshots/nba/latest/1040x760/201939.png,NBA CDN,,candidate
P004297,Stephen Graham,101211.0,https://cdn.nba.com/headshots/nba/latest/1040x760/101211.png,NBA CDN,,candidate
P004298,Stephen Howard,1128.0,https://cdn.nba.com/headshots/nba/latest/1040x760/1128.png,NBA CDN,,candidate
P004299,Stephen Jackson,1536.0,https://cdn.nba.com/headshots/nba/latest/1040x760/1536.png,NBA CDN,,candidate
P004300,Stephen Thompson,78333.0,https://cdn.nba.com/headshots/nba/latest/1040x760/78333.png,NBA CDN,,candidate
P004301,Stephen Zimmerman,1627757.0,https://cdn.nba.com/headshots/nba/latest/1040x760/1627757.png,NBA CDN,,candidate
P004302,Stephon Castle,1642264.0,https://cdn.nba.com/headshots/nba/latest/1040x760/1642264.png,NBA CDN,,candidate
P004303,Stephon Marbury,950.0,https://cdn.nba.com/headshots/nba/latest/1040x760/950.png,NBA CDN,,candidate
P004304,Sterling Brown,1628425.0,https://cdn.nba.com/headshots/nba/latest/1040x760/1628425.png,NBA CDN,,candidate
P004305,Steve Alford,76024.0,https://cdn.nba.com/headshots/nba/latest/1040x760/76024.png,NBA CDN,,candidate
P004307,Steve Blake,2581.0,https://cdn.nba.com/headshots/nba/latest/1040x760/2581.png,NBA CDN,,candidate
P004308,Steve Bracey,76226.0,https://cdn.nba.com/headshots/nba/latest/1040x760/76226.png,NBA CDN,,candidate
P004309,Steve Bucknall,76294.0,https://cdn.nba.com/headshots/nba/latest/1040x760/76294.png,NBA CDN,,candidate
P004310,Steve Burtt,76316.0,https://cdn.nba.com/headshots/nba/latest/1040x760/76316.png,NBA CDN,,candidate
P004311,Steve Colter,306.0,https://cdn.nba.com/headshots/nba/latest/1040x760/306.png,NBA CDN,,candidate
P004312,Steve Courtin,76459.0,https://cdn.nba.com/headshots/nba/latest/1040x760/76459.png,NBA CDN,,candidate
P004313,Steve Downing,76594.0,https://cdn.nba.com/headshots/nba/latest/1040x760/76594.png,NBA CDN,,candidate
P004314,Steve Francis,1883.0,https://cdn.nba.com/headshots/nba/latest/1040x760/1883.png,NBA CDN,,candidate
P004315,Steve Goodrich,1864.0,https://cdn.nba.com/headshots/nba/latest/1040x760/1864.png,NBA CDN,,candidate
P004316,Steve Green,76878.0,https://cdn.nba.com/headshots/nba/latest/1040x760/76878.png,NBA CDN,,candidate
P004317,Steve Hamer,984.0,https://cdn.nba.com/headshots/nba/latest/1040x760/984.png,NBA CDN,,candidate
P004318,Steve Hamilton,76929.0,https://cdn.nba.com/headshots/nba/latest/1040x760/76929.png,NBA CDN,,candidate
P004319,Steve Harris,76960.0,https://cdn.nba.com/headshots/nba/latest/1040x760/76960.png,NBA CDN,,candidate
P004320,Steve Hawes,76971.0,https://cdn.nba.com/headshots/nba/latest/1040x760/76971.png,NBA CDN,,candidate
P004321,Steve Hayes,76980.0,https://cdn.nba.com/headshots/nba/latest/1040x760/76980.png,NBA CDN,,candidate
P004322,Steve Henson,1667.0,https://cdn.nba.com/headshots/nba/latest/1040x760/1667.png,NBA CDN,,candidate
P004323,Steve Johnson,77134.0,https://cdn.nba.com/headshots/nba/latest/1040x760/77134.png,NBA CDN,,candidate
P004324,Steve Jones,77197.0,https://cdn.nba.com/headshots/nba/latest/1040x760/77197.png,NBA CDN,,candidate
P004325,Steve Kerr,70.0,https://cdn.nba.com/headshots/nba/latest/1040x760/70.png,NBA CDN,,candidate
P004326,Steve Kuberski,77316.0,https://cdn.nba.com/headshots/nba/latest/1040x760/77316.png,NBA CDN,,candidate
P004327,Steve Lingenfelter,77389.0,https://cdn.nba.com/headshots/nba/latest/1040x760/77389.png,NBA CDN,,candidate
P004328,Steve Malovic,77450.0,https://cdn.nba.com/headshots/nba/latest/1040x760/77450.png,NBA CDN,,candidate
P004329,Steve Mix,77618.0,https://cdn.nba.com/headshots/nba/latest/1040x760/77618.png,NBA CDN,,candidate
P004330,Steve Nash,959.0,https://cdn.nba.com/headshots/nba/latest/1040x760/959.png,NBA CDN,,candidate
P004331,Steve Nash*,959.0,https://cdn.nba.com/headshots/nba/latest/1040x760/959.png,NBA CDN,,candidate
P004332,Steve Novak,200779.0,https://cdn.nba.com/headshots/nba/latest/1040x760/200779.png,NBA CDN,,candidate
P004333,Steve Patterson,77812.0,https://cdn.nba.com/headshots/nba/latest/1040x760/77812.png,NBA CDN,,candidate
P004334,Steve Scheffler,88.0,https://cdn.nba.com/headshots/nba/latest/1040x760/88.png,NBA CDN,,candidate
P004335,Steve Sheppard,78135.0,https://cdn.nba.com/headshots/nba/latest/1040x760/78135.png,NBA CDN,,candidate
P004337,Steve Stipanovich,78257.0,https://cdn.nba.com/headshots/nba/latest/1040x760/78257.png,NBA CDN,,candidate
P004338,Steven Adams,203500.0,https://cdn.nba.com/headshots/nba/latest/1040x760/203500.png,NBA CDN,,candidate
P004339,Steven Hill,201631.0,https://cdn.nba.com/headshots/nba/latest/1040x760/201631.png,NBA CDN,,candidate
P004340,Steven Hunter,2212.0,https://cdn.nba.com/headshots/nba/latest/1040x760/2212.png,NBA CDN,,candidate
P004342,Stevin Smith,1478.0,https://cdn.nba.com/headshots/nba/latest/1040x760/1478.png,NBA CDN,,candidate
P004343,Stewart Granger,76847.0,https://cdn.nba.com/headshots/nba/latest/1040x760/76847.png,NBA CDN,,candidate
P004344,Stojko Vranković,1037.0,https://cdn.nba.com/headshots/nba/latest/1040x760/1037.png,NBA CDN,,candidate
P004345,Stromile Swift,2031.0,https://cdn.nba.com/headshots/nba/latest/1040x760/2031.png,NBA CDN,,candidate
P004346,Stu Lantz,77338.0,https://cdn.nba.com/headshots/nba/latest/1040x760/77338.png,NBA CDN,,candidate
P004347,Stuart Gray,76861.0,https://cdn.nba.com/headshots/nba/latest/1040x760/76861.png,NBA CDN,,candidate
P004348,Stéphane Lasme,201186.0,https://cdn.nba.com/headshots/nba/latest/1040x760/201186.png,NBA CDN,,candidate
P004350,Sundiata Gaines,202178.0,https://cdn.nba.com/headshots/nba/latest/1040x760/202178.png,NBA CDN,,candidate
P004351,Svi Mykhailiuk,1629004.0,https://cdn.nba.com/headshots/nba/latest/1040x760/1629004.png,NBA CDN,,candidate
P004353,Swen Nater,77689.0,https://cdn.nba.com/headshots/nba/latest/1040x760/77689.png,NBA CDN,,candidate
P004354,Sylvester Gray,76862.0,https://cdn.nba.com/headshots/nba/latest/1040x760/76862.png,NBA CDN,,candidate
P004355,Sylvester Norris,77732.0,https://cdn.nba.com/headshots/nba/latest/1040x760/77732.png,NBA CDN,,candidate
P004356,T.J. Ford,2551.0,https://cdn.nba.com/headshots/nba/latest/1040x760/2551.png,NBA CDN,,candidate
P004357,T.J. Leaf,1628388.0,https://cdn.nba.com/headshots/nba/latest/1040x760/1628388.png,NBA CDN,,candidate
P004358,T.J. McConnell,204456.0,https://cdn.nba.com/headshots/nba/latest/1040x760/204456.png,NBA CDN,,candidate
P004359,T.J. Warren,203933.0,https://cdn.nba.com/headshots/nba/latest/1040x760/203933.png,NBA CDN,,candidate
P004360,T.R. Dunn,76618.0,https://cdn.nba.com/headshots/nba/latest/1040x760/76618.png,NBA CDN,,candidate
P004361,Tacko Fall,1629605.0,https://cdn.nba.com/headshots/nba/latest/1040x760/1629605.png,NBA CDN,,candidate
P004362,Taelon Peter,1643007.0,https://cdn.nba.com/headshots/nba/latest/1040x760/1643007.png,NBA CDN,,candidate
P004363,Tahjere McCall,1628769.0,https://cdn.nba.com/headshots/nba/latest/1040x760/1628769.png,NBA CDN,,candidate
P004364,Taj Gibson,201959.0,https://cdn.nba.com/headshots/nba/latest/1040x760/201959.png,NBA CDN,,candidate
P004366,Talen Horton-Tucker,1629659.0,https://cdn.nba.com/headshots/nba/latest/1040x760/1629659.png,NBA CDN,,candidate
P004367,Tamar Slay,2447.0,https://cdn.nba.com/headshots/nba/latest/1040x760/2447.png,NBA CDN,,candidate
P004368,Tang Hamilton,2347.0,https://cdn.nba.com/headshots/nba/latest/1040x760/2347.png,NBA CDN,,candidate
P004369,Tarence Kinsey,200814.0,https://cdn.nba.com/headshots/nba/latest/1040x760/200814.png,NBA CDN,,candidate
P004370,Tari Eason,1631106.0,https://cdn.nba.com/headshots/nba/latest/1040x760/1631106.png,NBA CDN,,candidate
P004371,Tarik Black,204028.0,https://cdn.nba.com/headshots/nba/latest/1040x760/204028.png,NBA CDN,,candidate
P004372,Tariq Abdul-Wahad,1505.0,https://cdn.nba.com/headshots/nba/latest/1040x760/1505.png,NBA CDN,,candidate
P004373,Tariq Owens,1629745.0,https://cdn.nba.com/headshots/nba/latest/1040x760/1629745.png,NBA CDN,,candidate
P004374,Tate Armstrong,76059.0,https://cdn.nba.com/headshots/nba/latest/1040x760/76059.png,NBA CDN,,candidate
P004375,Tate George,76801.0,https://cdn.nba.com/headshots/nba/latest/1040x760/76801.png,NBA CDN,,candidate
P004376,Taurean Green,201192.0,https://cdn.nba.com/headshots/nba/latest/1040x760/201192.png,NBA CDN,,candidate
P004377,Taurean Prince,1627752.0,https://cdn.nba.com/headshots/nba/latest/1040x760/1627752.png,NBA CDN,,candidate
P004378,Taylor Griffin,201981.0,https://cdn.nba.com/headshots/nba/latest/1040x760/201981.png,NBA CDN,,candidate
P004379,Taylor Hendricks,1641707.0,https://cdn.nba.com/headshots/nba/latest/1040x760/1641707.png,NBA CDN,,candidate
P004380,Tayshaun Prince,2419.0,https://cdn.nba.com/headshots/nba/latest/1040x760/2419.png,NBA CDN,,candidate
P004381,Taze Moore,1631386.0,https://cdn.nba.com/headshots/nba/latest/1040x760/1631386.png,NBA CDN,,candidate
P004382,Ted Luckenbill,77421.0,https://cdn.nba.com/headshots/nba/latest/1040x760/77421.png,NBA CDN,,candidate
P004383,Ted Manakas,77451.0,https://cdn.nba.com/headshots/nba/latest/1040x760/77451.png,NBA CDN,,candidate
P004385,Tellis Frank,76748.0,https://cdn.nba.com/headshots/nba/latest/1040x760/76748.png,NBA CDN,,candidate
P004386,Terance Mann,1629611.0,https://cdn.nba.com/headshots/nba/latest/1040x760/1629611.png,NBA CDN,,candidate
P004387,Terence Davis,1629056.0,https://cdn.nba.com/headshots/nba/latest/1040x760/1629056.png,NBA CDN,,candidate
P004388,Terence Morris,2242.0,https://cdn.nba.com/headshots/nba/latest/1040x760/2242.png,NBA CDN,,candidate
P004389,Terence Stansbury,78241.0,https://cdn.nba.com/headshots/nba/latest/1040x760/78241.png,NBA CDN,,candidate
P004390,Terquavion Smith,1631173.0,https://cdn.nba.com/headshots/nba/latest/1040x760/1631173.png,NBA CDN,,candidate
P004391,Terrance Ferguson,1628390.0,https://cdn.nba.com/headshots/nba/latest/1040x760/1628390.png,NBA CDN,,candidate
P004392,Terrance Roberson,2121.0,https://cdn.nba.com/headshots/nba/latest/1040x760/2121.png,NBA CDN,,candidate
P004393,Terrel Harris,202227.0,https://cdn.nba.com/headshots/nba/latest/1040x760/202227.png,NBA CDN,,candidate
P004394,Terrell Brandon,210.0,https://cdn.nba.com/headshots/nba/latest/1040x760/210.png,NBA CDN,,candidate
P004395,Terrence Jones,203093.0,https://cdn.nba.com/headshots/nba/latest/1040x760/203093.png,NBA CDN,,candidate
P004396,Terrence Rencher,720.0,https://cdn.nba.com/headshots/nba/latest/1040x760/720.png,NBA CDN,,candidate
P004397,Terrence Ross,203082.0,https://cdn.nba.com/headshots/nba/latest/1040x760/203082.png,NBA CDN,,candidate
P004398,Terrence Shannon Jr.,1630545.0,https://cdn.nba.com/headshots/nba/latest/1040x760/1630545.png,NBA CDN,,candidate
P004399,Terrence Williams,201944.0,https://cdn.nba.com/headshots/nba/latest/1040x760/201944.png,NBA CDN,,candidate
P004400,Terry Catledge,767.0,https://cdn.nba.com/headshots/nba/latest/1040x760/767.png,NBA CDN,,candidate
P004401,Terry Crosby,76475.0,https://cdn.nba.com/headshots/nba/latest/1040x760/76475.png,NBA CDN,,candidate
P004402,Terry Cummings,187.0,https://cdn.nba.com/headshots/nba/latest/1040x760/187.png,NBA CDN,,candidate
P004403,Terry Davis,426.0,https://cdn.nba.com/headshots/nba/latest/1040x760/426.png,NBA CDN,,candidate
P004404,Terry Dehere,143.0,https://cdn.nba.com/headshots/nba/latest/1040x760/143.png,NBA CDN,,candidate
P004405,Terry Dischinger,76577.0,https://cdn.nba.com/headshots/nba/latest/1040x760/76577.png,NBA CDN,,candidate
P004406,Terry Dozier,76596.0,https://cdn.nba.com/headshots/nba/latest/1040x760/76596.png,NBA CDN,,candidate
P004407,Terry Driscoll,76603.0,https://cdn.nba.com/headshots/nba/latest/1040x760/76603.png,NBA CDN,,candidate
P004408,Terry Duerod,76608.0,https://cdn.nba.com/headshots/nba/latest/1040x760/76608.png,NBA CDN,,candidate
P004409,Terry Furlow,76767.0,https://cdn.nba.com/headshots/nba/latest/1040x760/76767.png,NBA CDN,,candidate
P004410,Terry Mills,371.0,https://cdn.nba.com/headshots/nba/latest/1040x760/371.png,NBA CDN,,candidate
P004411,Terry Porter,345.0,https://cdn.nba.com/headshots/nba/latest/1040x760/345.png,NBA CDN,,candidate
P004412,Terry Rozier,1626179.0,https://cdn.nba.com/headshots/nba/latest/1040x760/1626179.png,NBA CDN,,candidate
P004413,Terry Taylor,1630678.0,https://cdn.nba.com/headshots/nba/latest/1040x760/1630678.png,NBA CDN,,candidate
P004414,Terry Teagle,78304.0,https://cdn.nba.com/headshots/nba/latest/1040x760/78304.png,NBA CDN,,candidate
P004415,Terry Thomas,78322.0,https://cdn.nba.com/headshots/nba/latest/1040x760/78322.png,NBA CDN,,candidate
P004416,Terry Tyler,78390.0,https://cdn.nba.com/headshots/nba/latest/1040x760/78390.png,NBA CDN,,candidate
P004417,Thabo Sefolosha,200757.0,https://cdn.nba.com/headshots/nba/latest/1040x760/200757.png,NBA CDN,,candidate
P004418,Thaddeus Young,201152.0,https://cdn.nba.com/headshots/nba/latest/1040x760/201152.png,NBA CDN,,candidate
P004419,Thales McReynolds,77566.0,https://cdn.nba.com/headshots/nba/latest/1040x760/77566.png,NBA CDN,,candidate
P004420,Thanasis Antetokounmpo,203648.0,https://cdn.nba.com/headshots/nba/latest/1040x760/203648.png,NBA CDN,,candidate
P004421,Tharon Mayes,77493.0,https://cdn.nba.com/headshots/nba/latest/1040x760/77493.png,NBA CDN,,candidate
P004422,Theo Pinson,1629033.0,https://cdn.nba.com/headshots/nba/latest/1040x760/1629033.png,NBA CDN,,candidate
P004423,Theo Ratliff,689.0,https://cdn.nba.com/headshots/nba/latest/1040x760/689.png,NBA CDN,,candidate
P004424,Theron Smith,2604.0,https://cdn.nba.com/headshots/nba/latest/1040x760/2604.png,NBA CDN,,candidate
P004425,Thomas Bryant,1628418.0,https://cdn.nba.com/headshots/nba/latest/1040x760/1628418.png,NBA CDN,,candidate
P004426,Thomas Gardner,201242.0,https://cdn.nba.com/headshots/nba/latest/1040x760/201242.png,NBA CDN,,candidate
P004427,Thomas Hamilton,676.0,https://cdn.nba.com/headshots/nba/latest/1040x760/676.png,NBA CDN,,candidate
P004428,Thomas Jordan,77208.0,https://cdn.nba.com/headshots/nba/latest/1040x760/77208.png,NBA CDN,,candidate
P004429,Thomas Robinson,203080.0,https://cdn.nba.com/headshots/nba/latest/1040x760/203080.png,NBA CDN,,candidate
P004430,Thomas Welsh,1629118.0,https://cdn.nba.com/headshots/nba/latest/1040x760/1629118.png,NBA CDN,,candidate
P004431,Thon Maker,1627748.0,https://cdn.nba.com/headshots/nba/latest/1040x760/1627748.png,NBA CDN,,candidate
P004432,Thurl Bailey,1847.0,https://cdn.nba.com/headshots/nba/latest/1040x760/1847.png,NBA CDN,,candidate
P004433,Théo Maledon,1630177.0,https://cdn.nba.com/headshots/nba/latest/1040x760/1630177.png,NBA CDN,,candidate
P004434,Tiago Splitter,201168.0,https://cdn.nba.com/headshots/nba/latest/1040x760/201168.png,NBA CDN,,candidate
P004437,Tidjane Salaün,1642275.0,https://cdn.nba.com/headshots/nba/latest/1040x760/1642275.png,NBA CDN,,candidate
P004438,Tierre Brown,2357.0,https://cdn.nba.com/headshots/nba/latest/1040x760/2357.png,NBA CDN,,candidate
P004439,Tim Bassett,76120.0,https://cdn.nba.com/headshots/nba/latest/1040x760/76120.png,NBA CDN,,candidate
P004440,Tim Breaux,160.0,https://cdn.nba.com/headshots/nba/latest/1040x760/160.png,NBA CDN,,candidate
P004441,Tim Duncan,1495.0,https://cdn.nba.com/headshots/nba/latest/1040x760/1495.png,NBA CDN,,candidate
P004442,Tim Duncan*,1495.0,https://cdn.nba.com/headshots/nba/latest/1040x760/1495.png,NBA CDN,,candidate
P004443,Tim Frazier,204025.0,https://cdn.nba.com/headshots/nba/latest/1040x760/204025.png,NBA CDN,,candidate
P004444,Tim Hardaway,896.0,https://cdn.nba.com/headshots/nba/latest/1040x760/896.png,NBA CDN,,candidate
P004445,Tim Hardaway Jr.,203501.0,https://cdn.nba.com/headshots/nba/latest/1040x760/203501.png,NBA CDN,,candidate
P004446,Tim Hardaway*,896.0,https://cdn.nba.com/headshots/nba/latest/1040x760/896.png,NBA CDN,,candidate
P004447,Tim James,1906.0,https://cdn.nba.com/headshots/nba/latest/1040x760/1906.png,NBA CDN,,candidate
P004448,Tim Kempton,1118.0,https://cdn.nba.com/headshots/nba/latest/1040x760/1118.png,NBA CDN,,candidate
P004449,Tim Legler,100.0,https://cdn.nba.com/headshots/nba/latest/1040x760/100.png,NBA CDN,,candidate
P004450,Tim McCormick,77516.0,https://cdn.nba.com/headshots/nba/latest/1040x760/77516.png,NBA CDN,,candidate
P004451,Tim Ohlbrecht,203317.0,https://cdn.nba.com/headshots/nba/latest/1040x760/203317.png,NBA CDN,,candidate
P004452,Tim Perry,897.0,https://cdn.nba.com/headshots/nba/latest/1040x760/897.png,NBA CDN,,candidate
P004453,Tim Quarterman,1627817.0,https://cdn.nba.com/headshots/nba/latest/1040x760/1627817.png,NBA CDN,,candidate
P004454,Tim Thomas,1501.0,https://cdn.nba.com/headshots/nba/latest/1040x760/1501.png,NBA CDN,,candidate
P004455,Tim Young,1937.0,https://cdn.nba.com/headshots/nba/latest/1040x760/1937.png,NBA CDN,,candidate
P004456,Timmy Allen,1641851.0,https://cdn.nba.com/headshots/nba/latest/1040x760/1641851.png,NBA CDN,,candidate
P004457,Timofey Mozgov,202389.0,https://cdn.nba.com/headshots/nba/latest/1040x760/202389.png,NBA CDN,,candidate
P004458,Timothé Luwawu-Cabarrot,1627789.0,https://cdn.nba.com/headshots/nba/latest/1040x760/1627789.png,NBA CDN,,candidate
P004461,Tito Horford,77057.0,https://cdn.nba.com/headshots/nba/latest/1040x760/77057.png,NBA CDN,,candidate
P004462,Tito Maddox,2432.0,https://cdn.nba.com/headshots/nba/latest/1040x760/2432.png,NBA CDN,,candidate
P004463,Tobias Harris,202699.0,https://cdn.nba.com/headshots/nba/latest/1040x760/202699.png,NBA CDN,,candidate
P004464,Toby Bailey,1753.0,https://cdn.nba.com/headshots/nba/latest/1040x760/1753.png,NBA CDN,,candidate
P004465,Toby Kimball,77259.0,https://cdn.nba.com/headshots/nba/latest/1040x760/77259.png,NBA CDN,,candidate
P004466,Toby Knight,77289.0,https://cdn.nba.com/headshots/nba/latest/1040x760/77289.png,NBA CDN,,candidate
P004467,Toby Okani,1643253.0,https://cdn.nba.com/headshots/nba/latest/1040x760/1643253.png,NBA CDN,,candidate
P004468,Tod Murphy,77674.0,https://cdn.nba.com/headshots/nba/latest/1040x760/77674.png,NBA CDN,,candidate
P004469,Todd Day,103.0,https://cdn.nba.com/headshots/nba/latest/1040x760/103.png,NBA CDN,,candidate
P004470,Todd Fuller,957.0,https://cdn.nba.com/headshots/nba/latest/1040x760/957.png,NBA CDN,,candidate
P004471,Todd Lichti,77387.0,https://cdn.nba.com/headshots/nba/latest/1040x760/77387.png,NBA CDN,,candidate
P004472,Todd MacCulloch,1928.0,https://cdn.nba.com/headshots/nba/latest/1040x760/1928.png,NBA CDN,,candidate
P004473,Todd Mitchell,77614.0,https://cdn.nba.com/headshots/nba/latest/1040x760/77614.png,NBA CDN,,candidate
P004474,Todd Mundt,942.0,https://cdn.nba.com/headshots/nba/latest/1040x760/942.png,NBA CDN,,candidate
P004475,Togo Palazzi,77791.0,https://cdn.nba.com/headshots/nba/latest/1040x760/77791.png,NBA CDN,,candidate
P004476,Tolu Smith,1642449.0,https://cdn.nba.com/headshots/nba/latest/1040x760/1642449.png,NBA CDN,,candidate
P004477,Tom Abernethy,76005.0,https://cdn.nba.com/headshots/nba/latest/1040x760/76005.png,NBA CDN,,candidate
P004478,Tom Barker,76099.0,https://cdn.nba.com/headshots/nba/latest/1040x760/76099.png,NBA CDN,,candidate
P004479,Tom Black,76175.0,https://cdn.nba.com/headshots/nba/latest/1040x760/76175.png,NBA CDN,,candidate
P004480,Tom Boerwinkle,76192.0,https://cdn.nba.com/headshots/nba/latest/1040x760/76192.png,NBA CDN,,candidate
P004481,Tom Boswell,76213.0,https://cdn.nba.com/headshots/nba/latest/1040x760/76213.png,NBA CDN,,candidate
P004482,Tom Brennan,76246.0,https://cdn.nba.com/headshots/nba/latest/1040x760/76246.png,NBA CDN,,candidate
P004483,Tom Burleson,76305.0,https://cdn.nba.com/headshots/nba/latest/1040x760/76305.png,NBA CDN,,candidate
P004484,Tom Chambers,1472.0,https://cdn.nba.com/headshots/nba/latest/1040x760/1472.png,NBA CDN,,candidate
P004485,Tom Copa,76446.0,https://cdn.nba.com/headshots/nba/latest/1040x760/76446.png,NBA CDN,,candidate
P004486,Tom Garrick,76790.0,https://cdn.nba.com/headshots/nba/latest/1040x760/76790.png,NBA CDN,,candidate
P004487,Tom Gola,76828.0,https://cdn.nba.com/headshots/nba/latest/1040x760/76828.png,NBA CDN,,candidate
P004488,Tom Gola*,76828.0,https://cdn.nba.com/headshots/nba/latest/1040x760/76828.png,NBA CDN,,candidate
P004489,Tom Gugliotta,339.0,https://cdn.nba.com/headshots/nba/latest/1040x760/339.png,NBA CDN,,candidate
P004490,Tom Hammonds,67.0,https://cdn.nba.com/headshots/nba/latest/1040x760/67.png,NBA CDN,,candidate
P004491,Tom Hawkins,76977.0,https://cdn.nba.com/headshots/nba/latest/1040x760/76977.png,NBA CDN,,candidate
P004492,Tom Heinsohn,76988.0,https://cdn.nba.com/headshots/nba/latest/1040x760/76988.png,NBA CDN,,candidate
P004493,Tom Heinsohn*,76988.0,https://cdn.nba.com/headshots/nba/latest/1040x760/76988.png,NBA CDN,,candidate
P004494,Tom Henderson,76996.0,https://cdn.nba.com/headshots/nba/latest/1040x760/76996.png,NBA CDN,,candidate
P004495,Tom Hoover,77051.0,https://cdn.nba.com/headshots/nba/latest/1040x760/77051.png,NBA CDN,,candidate
P004496,Tom Hovasse,77064.0,https://cdn.nba.com/headshots/nba/latest/1040x760/77064.png,NBA CDN,,candidate
P004497,Tom Ingelsby,77094.0,https://cdn.nba.com/headshots/nba/latest/1040x760/77094.png,NBA CDN,,candidate
P004498,Tom Kozelko,77305.0,https://cdn.nba.com/headshots/nba/latest/1040x760/77305.png,NBA CDN,,candidate
P004499,Tom Kropp,77314.0,https://cdn.nba.com/headshots/nba/latest/1040x760/77314.png,NBA CDN,,candidate
P004500,Tom LaGarde,77328.0,https://cdn.nba.com/headshots/nba/latest/1040x760/77328.png,NBA CDN,,candidate
P004501,Tom Marshall,77467.0,https://cdn.nba.com/headshots/nba/latest/1040x760/77467.png,NBA CDN,,candidate
P004502,Tom McMillen,77553.0,https://cdn.nba.com/headshots/nba/latest/1040x760/77553.png,NBA CDN,,candidate
P004503,Tom Meschery,77584.0,https://cdn.nba.com/headshots/nba/latest/1040x760/77584.png,NBA CDN,,candidate
P004504,Tom Owens,77786.0,https://cdn.nba.com/headshots/nba/latest/1040x760/77786.png,NBA CDN,,candidate
P004506,Tom Payne,77823.0,https://cdn.nba.com/headshots/nba/latest/1040x760/77823.png,NBA CDN,,candidate
P004507,Tom Piotrowski,77863.0,https://cdn.nba.com/headshots/nba/latest/1040x760/77863.png,NBA CDN,,candidate
P004508,Tom Riker,77960.0,https://cdn.nba.com/headshots/nba/latest/1040x760/77960.png,NBA CDN,,candidate
P004511,Tom Scheffler,78080.0,https://cdn.nba.com/headshots/nba/latest/1040x760/78080.png,NBA CDN,,candidate
P004512,Tom Sewell,78116.0,https://cdn.nba.com/headshots/nba/latest/1040x760/78116.png,NBA CDN,,candidate
P004513,Tom Sluby,78174.0,https://cdn.nba.com/headshots/nba/latest/1040x760/78174.png,NBA CDN,,candidate
P004514,Tom Stith,78260.0,https://cdn.nba.com/headshots/nba/latest/1040x760/78260.png,NBA CDN,,candidate
P004515,Tom Thacker,78309.0,https://cdn.nba.com/headshots/nba/latest/1040x760/78309.png,NBA CDN,,candidate
P004516,Tom Tolbert,78347.0,https://cdn.nba.com/headshots/nba/latest/1040x760/78347.png,NBA CDN,,candidate
P004517,Tom Van Arsdale,78399.0,https://cdn.nba.com/headshots/nba/latest/1040x760/78399.png,NBA CDN,,candidate
P004518,Tom Workman,78617.0,https://cdn.nba.com/headshots/nba/latest/1040x760/78617.png,NBA CDN,,candidate
P004520,Tommy Kearns,77231.0,https://cdn.nba.com/headshots/nba/latest/1040x760/77231.png,NBA CDN,,candidate
P004522,Tomáš Satoranský,203107.0,https://cdn.nba.com/headshots/nba/latest/1040x760/203107.png,NBA CDN,,candidate
P004523,Toney Douglas,201962.0,https://cdn.nba.com/headshots/nba/latest/1040x760/201962.png,NBA CDN,,candidate
P004524,Toni Kukoč,389.0,https://cdn.nba.com/headshots/nba/latest/1040x760/389.png,NBA CDN,,candidate
P004525,Toni Kukoč*,389.0,https://cdn.nba.com/headshots/nba/latest/1040x760/389.png,NBA CDN,,candidate
P004526,Tony Allen,2754.0,https://cdn.nba.com/headshots/nba/latest/1040x760/2754.png,NBA CDN,,candidate
P004527,Tony Battie,1499.0,https://cdn.nba.com/headshots/nba/latest/1040x760/1499.png,NBA CDN,,candidate
P004528,Tony Bennett,76148.0,https://cdn.nba.com/headshots/nba/latest/1040x760/76148.png,NBA CDN,,candidate
P004529,Tony Bobbitt,2800.0,https://cdn.nba.com/headshots/nba/latest/1040x760/2800.png,NBA CDN,,candidate
P004530,Tony Bradley,1628396.0,https://cdn.nba.com/headshots/nba/latest/1040x760/1628396.png,NBA CDN,,candidate
P004531,Tony Brown,76268.0,https://cdn.nba.com/headshots/nba/latest/1040x760/76268.png,NBA CDN,,candidate
P004532,Tony Campbell,76338.0,https://cdn.nba.com/headshots/nba/latest/1040x760/76338.png,NBA CDN,,candidate
P004533,Tony Dawson,76542.0,https://cdn.nba.com/headshots/nba/latest/1040x760/76542.png,NBA CDN,,candidate
P004534,Tony Delk,960.0,https://cdn.nba.com/headshots/nba/latest/1040x760/960.png,NBA CDN,,candidate
P004535,Tony Dumas,434.0,https://cdn.nba.com/headshots/nba/latest/1040x760/434.png,NBA CDN,,candidate
P004536,Tony Farmer,1108.0,https://cdn.nba.com/headshots/nba/latest/1040x760/1108.png,NBA CDN,,candidate
P004537,Tony Fuller,76765.0,https://cdn.nba.com/headshots/nba/latest/1040x760/76765.png,NBA CDN,,candidate
P004538,Tony Harris,76961.0,https://cdn.nba.com/headshots/nba/latest/1040x760/76961.png,NBA CDN,,candidate
P004539,Tony Jackson,77100.0,https://cdn.nba.com/headshots/nba/latest/1040x760/77100.png,NBA CDN,,candidate
P004540,Tony Massenburg,763.0,https://cdn.nba.com/headshots/nba/latest/1040x760/763.png,NBA CDN,,candidate
P004542,Tony Parker,2225.0,https://cdn.nba.com/headshots/nba/latest/1040x760/2225.png,NBA CDN,,candidate
P004543,Tony Parker*,2225.0,https://cdn.nba.com/headshots/nba/latest/1040x760/2225.png,NBA CDN,,candidate
P004544,Tony Price,77882.0,https://cdn.nba.com/headshots/nba/latest/1040x760/77882.png,NBA CDN,,candidate
P004545,Tony Robertson,77983.0,https://cdn.nba.com/headshots/nba/latest/1040x760/77983.png,NBA CDN,,candidate
P004546,Tony Smith,380.0,https://cdn.nba.com/headshots/nba/latest/1040x760/380.png,NBA CDN,,candidate
P004547,Tony Snell,203503.0,https://cdn.nba.com/headshots/nba/latest/1040x760/203503.png,NBA CDN,,candidate
P004548,Tony White,78514.0,https://cdn.nba.com/headshots/nba/latest/1040x760/78514.png,NBA CDN,,candidate
P004549,Tony Windis,78590.0,https://cdn.nba.com/headshots/nba/latest/1040x760/78590.png,NBA CDN,,candidate
P004550,Tony Wroten,203100.0,https://cdn.nba.com/headshots/nba/latest/1040x760/203100.png,NBA CDN,,candidate
P004551,Tony Zeno,78643.0,https://cdn.nba.com/headshots/nba/latest/1040x760/78643.png,NBA CDN,,candidate
P004552,Torgeir Bryn,76292.0,https://cdn.nba.com/headshots/nba/latest/1040x760/76292.png,NBA CDN,,candidate
P004553,Tornike Shengelia,203129.0,https://cdn.nba.com/headshots/nba/latest/1040x760/203129.png,NBA CDN,,candidate
P004554,Torraye Braggs,1765.0,https://cdn.nba.com/headshots/nba/latest/1040x760/1765.png,NBA CDN,,candidate
P004555,Torrey Craig,1628470.0,https://cdn.nba.com/headshots/nba/latest/1040x760/1628470.png,NBA CDN,,candidate
P004556,Tosan Evbuomwan,1641787.0,https://cdn.nba.com/headshots/nba/latest/1040x760/1641787.png,NBA CDN,,candidate
P004557,Toumani Camara,1641739.0,https://cdn.nba.com/headshots/nba/latest/1040x760/1641739.png,NBA CDN,,candidate
P004558,Toure' Murry,203315.0,https://cdn.nba.com/headshots/nba/latest/1040x760/203315.png,NBA CDN,,candidate
P004559,Tracy Jackson,77110.0,https://cdn.nba.com/headshots/nba/latest/1040x760/77110.png,NBA CDN,,candidate
P004560,Tracy McGrady,1503.0,https://cdn.nba.com/headshots/nba/latest/1040x760/1503.png,NBA CDN,,candidate
P004561,Tracy McGrady*,1503.0,https://cdn.nba.com/headshots/nba/latest/1040x760/1503.png,NBA CDN,,candidate
P004562,Tracy Moore,929.0,https://cdn.nba.com/headshots/nba/latest/1040x760/929.png,NBA CDN,,candidate
P004563,Tracy Murray,145.0,https://cdn.nba.com/headshots/nba/latest/1040x760/145.png,NBA CDN,,candidate
P004564,Trae Young,1629027.0,https://cdn.nba.com/headshots/nba/latest/1040x760/1629027.png,NBA CDN,,candidate
P004565,Trajan Langdon,1892.0,https://cdn.nba.com/headshots/nba/latest/1040x760/1892.png,NBA CDN,,candidate
P004566,Travis Best,696.0,https://cdn.nba.com/headshots/nba/latest/1040x760/696.png,NBA CDN,,candidate
P004567,Travis Diener,101143.0,https://cdn.nba.com/headshots/nba/latest/1040x760/101143.png,NBA CDN,,candidate
P004568,Travis Grant,76853.0,https://cdn.nba.com/headshots/nba/latest/1040x760/76853.png,NBA CDN,,candidate
P004569,Travis Hansen,2580.0,https://cdn.nba.com/headshots/nba/latest/1040x760/2580.png,NBA CDN,,candidate
P004570,Travis Knight,969.0,https://cdn.nba.com/headshots/nba/latest/1040x760/969.png,NBA CDN,,candidate
P004571,Travis Leslie,202727.0,https://cdn.nba.com/headshots/nba/latest/1040x760/202727.png,NBA CDN,,candidate
P004572,Travis Mays,77496.0,https://cdn.nba.com/headshots/nba/latest/1040x760/77496.png,NBA CDN,,candidate
P004573,Travis Outlaw,2566.0,https://cdn.nba.com/headshots/nba/latest/1040x760/2566.png,NBA CDN,,candidate
P004574,Travis Wear,204037.0,https://cdn.nba.com/headshots/nba/latest/1040x760/204037.png,NBA CDN,,candidate
P004575,Travis Williams,1576.0,https://cdn.nba.com/headshots/nba/latest/1040x760/1576.png,NBA CDN,,candidate
P004576,Trayce Jackson-Davis,1631218.0,https://cdn.nba.com/headshots/nba/latest/1040x760/1631218.png,NBA CDN,,candidate
P004577,Trayvon Palmer,1629309.0,https://cdn.nba.com/headshots/nba/latest/1040x760/1629309.png,NBA CDN,,candidate
P004578,Tre Johnson,1642848.0,https://cdn.nba.com/headshots/nba/latest/1040x760/1642848.png,NBA CDN,,candidate
P004579,Tre Jones,1630200.0,https://cdn.nba.com/headshots/nba/latest/1040x760/1630200.png,NBA CDN,,candidate
P004580,Tre Mann,1630544.0,https://cdn.nba.com/headshots/nba/latest/1040x760/1630544.png,NBA CDN,,candidate
P004582,Tree Rollins,78014.0,https://cdn.nba.com/headshots/nba/latest/1040x760/78014.png,NBA CDN,,candidate
P004583,Tremaine Fowlkes,1762.0,https://cdn.nba.com/headshots/nba/latest/1040x760/1762.png,NBA CDN,,candidate
P004584,Tremont Waters,1629682.0,https://cdn.nba.com/headshots/nba/latest/1040x760/1629682.png,NBA CDN,,candidate
P004585,Trendon Watford,1630570.0,https://cdn.nba.com/headshots/nba/latest/1040x760/1630570.png,NBA CDN,,candidate
P004586,Trent Forrest,1630235.0,https://cdn.nba.com/headshots/nba/latest/1040x760/1630235.png,NBA CDN,,candidate
P004587,Trent Tucker,78375.0,https://cdn.nba.com/headshots/nba/latest/1040x760/78375.png,NBA CDN,,candidate
P004588,Trenton Hassell,2239.0,https://cdn.nba.com/headshots/nba/latest/1040x760/2239.png,NBA CDN,,candidate
P004589,Trentyn Flowers,1642280.0,https://cdn.nba.com/headshots/nba/latest/1040x760/1642280.png,NBA CDN,,candidate
P004590,Trevelin Queen,1630243.0,https://cdn.nba.com/headshots/nba/latest/1040x760/1630243.png,NBA CDN,,candidate
P004591,Treveon Graham,1626203.0,https://cdn.nba.com/headshots/nba/latest/1040x760/1626203.png,NBA CDN,,candidate
P004592,Trevon Duval,1628979.0,https://cdn.nba.com/headshots/nba/latest/1040x760/1628979.png,NBA CDN,,candidate
P004593,Trevor Ariza,2772.0,https://cdn.nba.com/headshots/nba/latest/1040x760/2772.png,NBA CDN,,candidate
P004594,Trevor Booker,202344.0,https://cdn.nba.com/headshots/nba/latest/1040x760/202344.png,NBA CDN,,candidate
P004595,Trevor Hudgins,1631309.0,https://cdn.nba.com/headshots/nba/latest/1040x760/1631309.png,NBA CDN,,candidate
P004596,Trevor Keels,1631211.0,https://cdn.nba.com/headshots/nba/latest/1040x760/1631211.png,NBA CDN,,candidate
P004597,Trevor Ruffin,460.0,https://cdn.nba.com/headshots/nba/latest/1040x760/460.png,NBA CDN,,candidate
P004598,Trevor Wilson,1027.0,https://cdn.nba.com/headshots/nba/latest/1040x760/1027.png,NBA CDN,,candidate
P004599,Trevor Winter,1868.0,https://cdn.nba.com/headshots/nba/latest/1040x760/1868.png,NBA CDN,,candidate
P004600,Trey Alexander,1641725.0,https://cdn.nba.com/headshots/nba/latest/1040x760/1641725.png,NBA CDN,,candidate
P004601,Trey Burke,203504.0,https://cdn.nba.com/headshots/nba/latest/1040x760/203504.png,NBA CDN,,candidate
P004602,Trey Gilder,201821.0,https://cdn.nba.com/headshots/nba/latest/1040x760/201821.png,NBA CDN,,candidate
P004604,Trey Johnson,201234.0,https://cdn.nba.com/headshots/nba/latest/1040x760/201234.png,NBA CDN,,candidate
P004605,Trey Lyles,1626168.0,https://cdn.nba.com/headshots/nba/latest/1040x760/1626168.png,NBA CDN,,candidate
P004606,Trey McKinney-Jones,203590.0,https://cdn.nba.com/headshots/nba/latest/1040x760/203590.png,NBA CDN,,candidate
P004607,Trey Murphy III,1630530.0,https://cdn.nba.com/headshots/nba/latest/1040x760/1630530.png,NBA CDN,,candidate
P004608,Trey Thompkins,202717.0,https://cdn.nba.com/headshots/nba/latest/1040x760/202717.png,NBA CDN,,candidate
P004609,Tristan Da Silva,1641783.0,https://cdn.nba.com/headshots/nba/latest/1040x760/1641783.png,NBA CDN,,candidate
P004610,Tristan Enaruna,1642400.0,https://cdn.nba.com/headshots/nba/latest/1040x760/1642400.png,NBA CDN,,candidate
P004611,Tristan Thompson,202684.0,https://cdn.nba.com/headshots/nba/latest/1040x760/202684.png,NBA CDN,,candidate
P004612,Tristan Vukcevic,1641774.0,https://cdn.nba.com/headshots/nba/latest/1040x760/1641774.png,NBA CDN,,candidate
P004613,Tristen Newton,1641803.0,https://cdn.nba.com/headshots/nba/latest/1040x760/1641803.png,NBA CDN,,candidate
P004614,Troy Bell,2559.0,https://cdn.nba.com/headshots/nba/latest/1040x760/2559.png,NBA CDN,,candidate
P004615,Troy Brown Jr.,1628972.0,https://cdn.nba.com/headshots/nba/latest/1040x760/1628972.png,NBA CDN,,candidate
P004616,Troy Caupain,1628505.0,https://cdn.nba.com/headshots/nba/latest/1040x760/1628505.png,NBA CDN,,candidate
P004617,Troy Daniels,203584.0,https://cdn.nba.com/headshots/nba/latest/1040x760/203584.png,NBA CDN,,candidate
P004618,Troy Hudson,1607.0,https://cdn.nba.com/headshots/nba/latest/1040x760/1607.png,NBA CDN,,candidate
P004619,Troy Murphy,2211.0,https://cdn.nba.com/headshots/nba/latest/1040x760/2211.png,NBA CDN,,candidate
P004620,Troy Williams,1627786.0,https://cdn.nba.com/headshots/nba/latest/1040x760/1627786.png,NBA CDN,,candidate
P004621,Truck Robinson,77993.0,https://cdn.nba.com/headshots/nba/latest/1040x760/77993.png,NBA CDN,,candidate
P004622,Ty Jerome,1629660.0,https://cdn.nba.com/headshots/nba/latest/1040x760/1629660.png,NBA CDN,,candidate
P004623,Ty Lawson,201951.0,https://cdn.nba.com/headshots/nba/latest/1040x760/201951.png,NBA CDN,,candidate
P004624,Ty-Shon Alexander,1630234.0,https://cdn.nba.com/headshots/nba/latest/1040x760/1630234.png,NBA CDN,,candidate
P004625,TyTy Washington Jr.,1631102.0,https://cdn.nba.com/headshots/nba/latest/1040x760/1631102.png,NBA CDN,,candidate
P004626,Tyler Bey,1630189.0,https://cdn.nba.com/headshots/nba/latest/1040x760/1630189.png,NBA CDN,,candidate
P004627,Tyler Burton,1631174.0,https://cdn.nba.com/headshots/nba/latest/1040x760/1631174.png,NBA CDN,,candidate
P004628,Tyler Cavanaugh,1628463.0,https://cdn.nba.com/headshots/nba/latest/1040x760/1628463.png,NBA CDN,,candidate
P004629,Tyler Cook,1629076.0,https://cdn.nba.com/headshots/nba/latest/1040x760/1629076.png,NBA CDN,,candidate
P004630,Tyler Davis,1629093.0,https://cdn.nba.com/headshots/nba/latest/1040x760/1629093.png,NBA CDN,,candidate
P004631,Tyler Dorsey,1628416.0,https://cdn.nba.com/headshots/nba/latest/1040x760/1628416.png,NBA CDN,,candidate
P004632,Tyler Ennis,203898.0,https://cdn.nba.com/headshots/nba/latest/1040x760/203898.png,NBA CDN,,candidate
P004633,Tyler Hall,1629788.0,https://cdn.nba.com/headshots/nba/latest/1040x760/1629788.png,NBA CDN,,candidate
P004634,Tyler Hansbrough,201946.0,https://cdn.nba.com/headshots/nba/latest/1040x760/201946.png,NBA CDN,,candidate
P004635,Tyler Herro,1629639.0,https://cdn.nba.com/headshots/nba/latest/1040x760/1629639.png,NBA CDN,,candidate
P004636,Tyler Honeycutt,202715.0,https://cdn.nba.com/headshots/nba/latest/1040x760/202715.png,NBA CDN,,candidate
P004637,Tyler Johnson,204020.0,https://cdn.nba.com/headshots/nba/latest/1040x760/204020.png,NBA CDN,,candidate
P004638,Tyler Kolek,1642278.0,https://cdn.nba.com/headshots/nba/latest/1040x760/1642278.png,NBA CDN,,candidate
P004639,Tyler Lydon,1628399.0,https://cdn.nba.com/headshots/nba/latest/1040x760/1628399.png,NBA CDN,,candidate
P004640,Tyler Smith,1641890.0,https://cdn.nba.com/headshots/nba/latest/1040x760/1641890.png,NBA CDN,,candidate
P004641,Tyler Ulis,1627755.0,https://cdn.nba.com/headshots/nba/latest/1040x760/1627755.png,NBA CDN,,candidate
P004642,Tyler Zeller,203092.0,https://cdn.nba.com/headshots/nba/latest/1040x760/203092.png,NBA CDN,,candidate
P004643,Tyreke Evans,201936.0,https://cdn.nba.com/headshots/nba/latest/1040x760/201936.png,NBA CDN,,candidate
P004644,Tyrell Terry,1630179.0,https://cdn.nba.com/headshots/nba/latest/1040x760/1630179.png,NBA CDN,,candidate
P004645,Tyrese Haliburton,1630169.0,https://cdn.nba.com/headshots/nba/latest/1040x760/1630169.png,NBA CDN,,candidate
P004646,Tyrese Martin,1631213.0,https://cdn.nba.com/headshots/nba/latest/1040x760/1631213.png,NBA CDN,,candidate
P004647,Tyrese Maxey,1630178.0,https://cdn.nba.com/headshots/nba/latest/1040x760/1630178.png,NBA CDN,,candidate
P004648,Tyrese Proctor,1642878.0,https://cdn.nba.com/headshots/nba/latest/1040x760/1642878.png,NBA CDN,,candidate
P004649,Tyrone Britt,76258.0,https://cdn.nba.com/headshots/nba/latest/1040x760/76258.png,NBA CDN,,candidate
P004650,Tyrone Corbin,895.0,https://cdn.nba.com/headshots/nba/latest/1040x760/895.png,NBA CDN,,candidate
P004651,Tyrone Hill,238.0,https://cdn.nba.com/headshots/nba/latest/1040x760/238.png,NBA CDN,,candidate
P004652,Tyrone Nesby,1838.0,https://cdn.nba.com/headshots/nba/latest/1040x760/1838.png,NBA CDN,,candidate
P004653,Tyrone Wallace,1627820.0,https://cdn.nba.com/headshots/nba/latest/1040x760/1627820.png,NBA CDN,,candidate
P004654,Tyronn Lue,1731.0,https://cdn.nba.com/headshots/nba/latest/1040x760/1731.png,NBA CDN,,candidate
P004655,Tyrus Thomas,200748.0,https://cdn.nba.com/headshots/nba/latest/1040x760/200748.png,NBA CDN,,candidate
P004656,Tyshawn Taylor,203116.0,https://cdn.nba.com/headshots/nba/latest/1040x760/203116.png,NBA CDN,,candidate
P004657,Tyson Chandler,2199.0,https://cdn.nba.com/headshots/nba/latest/1040x760/2199.png,NBA CDN,,candidate
P004658,Tyson Etienne,1630623.0,https://cdn.nba.com/headshots/nba/latest/1040x760/1630623.png,NBA CDN,,candidate
P004659,Tyson Wheeler,1755.0,https://cdn.nba.com/headshots/nba/latest/1040x760/1755.png,NBA CDN,,candidate
P004660,Tyus Edney,721.0,https://cdn.nba.com/headshots/nba/latest/1040x760/721.png,NBA CDN,,candidate
P004661,Tyus Jones,1626145.0,https://cdn.nba.com/headshots/nba/latest/1040x760/1626145.png,NBA CDN,,candidate
P004662,Udoka Azubuike,1628962.0,https://cdn.nba.com/headshots/nba/latest/1040x760/1628962.png,NBA CDN,,candidate
P004663,Udonis Haslem,2617.0,https://cdn.nba.com/headshots/nba/latest/1040x760/2617.png,NBA CDN,,candidate
P004664,Ulrich Chomche,1642279.0,https://cdn.nba.com/headshots/nba/latest/1040x760/1642279.png,NBA CDN,,candidate
P004665,Uroš Slokar,101166.0,https://cdn.nba.com/headshots/nba/latest/1040x760/101166.png,NBA CDN,,candidate
P004666,Usman Garuba,1630586.0,https://cdn.nba.com/headshots/nba/latest/1040x760/1630586.png,NBA CDN,,candidate
P004667,Uwe Blab,76172.0,https://cdn.nba.com/headshots/nba/latest/1040x760/76172.png,NBA CDN,,candidate
P004668,VJ Edgecombe,1642845.0,https://cdn.nba.com/headshots/nba/latest/1040x760/1642845.png,NBA CDN,,candidate
P004669,Vander Blue,203505.0,https://cdn.nba.com/headshots/nba/latest/1040x760/203505.png,NBA CDN,,candidate
P004670,Vasilije Micić,203995.0,https://cdn.nba.com/headshots/nba/latest/1040x760/203995.png,NBA CDN,,candidate
P004671,Vassilis Spanoulis,2779.0,https://cdn.nba.com/headshots/nba/latest/1040x760/2779.png,NBA CDN,,candidate
P004672,Vern Fleming,313.0,https://cdn.nba.com/headshots/nba/latest/1040x760/313.png,NBA CDN,,candidate
P004673,Vern Gardner,76779.0,https://cdn.nba.com/headshots/nba/latest/1040x760/76779.png,NBA CDN,,candidate
P004674,Vern Hatton,76969.0,https://cdn.nba.com/headshots/nba/latest/1040x760/76969.png,NBA CDN,,candidate
P004675,Vern Mikkelsen,77593.0,https://cdn.nba.com/headshots/nba/latest/1040x760/77593.png,NBA CDN,,candidate
P004676,Vern Mikkelsen*,77593.0,https://cdn.nba.com/headshots/nba/latest/1040x760/77593.png,NBA CDN,,candidate
P004677,Vernon Carey Jr.,1630176.0,https://cdn.nba.com/headshots/nba/latest/1040x760/1630176.png,NBA CDN,,candidate
P004678,Vernon Macklin,202731.0,https://cdn.nba.com/headshots/nba/latest/1040x760/202731.png,NBA CDN,,candidate
P004679,Vernon Maxwell,137.0,https://cdn.nba.com/headshots/nba/latest/1040x760/137.png,NBA CDN,,candidate
P004680,Vester Marshall,77468.0,https://cdn.nba.com/headshots/nba/latest/1040x760/77468.png,NBA CDN,,candidate
P004681,Viacheslav Kravtsov,203139.0,https://cdn.nba.com/headshots/nba/latest/1040x760/203139.png,NBA CDN,,candidate
P004682,Vic Bartolome,76118.0,https://cdn.nba.com/headshots/nba/latest/1040x760/76118.png,NBA CDN,,candidate
P004683,Vic Law,1629724.0,https://cdn.nba.com/headshots/nba/latest/1040x760/1629724.png,NBA CDN,,candidate
P004684,Victor Alexander,2349.0,https://cdn.nba.com/headshots/nba/latest/1040x760/2349.png,NBA CDN,,candidate
P004685,Victor Claver,201964.0,https://cdn.nba.com/headshots/nba/latest/1040x760/201964.png,NBA CDN,,candidate
P004686,Victor Oladipo,203506.0,https://cdn.nba.com/headshots/nba/latest/1040x760/203506.png,NBA CDN,,candidate
P004687,Victor Wembanyama,1641705.0,https://cdn.nba.com/headshots/nba/latest/1040x760/1641705.png,NBA CDN,,candidate
P004688,Viktor Khryapa,2751.0,https://cdn.nba.com/headshots/nba/latest/1040x760/2751.png,NBA CDN,,candidate
P004689,Vin Baker,452.0,https://cdn.nba.com/headshots/nba/latest/1040x760/452.png,NBA CDN,,candidate
P004690,Vince Boryla,76210.0,https://cdn.nba.com/headshots/nba/latest/1040x760/76210.png,NBA CDN,,candidate
P004691,Vince Carter,1713.0,https://cdn.nba.com/headshots/nba/latest/1040x760/1713.png,NBA CDN,,candidate
P004692,Vince Carter*,1713.0,https://cdn.nba.com/headshots/nba/latest/1040x760/1713.png,NBA CDN,,candidate
P004695,Vince Taylor,78303.0,https://cdn.nba.com/headshots/nba/latest/1040x760/78303.png,NBA CDN,,candidate
P004696,Vince Williams Jr.,1631246.0,https://cdn.nba.com/headshots/nba/latest/1040x760/1631246.png,NBA CDN,,candidate
P004697,Vincent Askew,355.0,https://cdn.nba.com/headshots/nba/latest/1040x760/355.png,NBA CDN,,candidate
P004698,Vincent Poirier,1629738.0,https://cdn.nba.com/headshots/nba/latest/1040x760/1629738.png,NBA CDN,,candidate
P004699,Vincent Yarbrough,2428.0,https://cdn.nba.com/headshots/nba/latest/1040x760/2428.png,NBA CDN,,candidate
P004700,Vincenzo Esposito,76683.0,https://cdn.nba.com/headshots/nba/latest/1040x760/76683.png,NBA CDN,,candidate
P004701,Vinnie Johnson,77167.0,https://cdn.nba.com/headshots/nba/latest/1040x760/77167.png,NBA CDN,,candidate
P004702,Vinny Del Negro,219.0,https://cdn.nba.com/headshots/nba/latest/1040x760/219.png,NBA CDN,,candidate
P004703,Vitaly Potapenko,958.0,https://cdn.nba.com/headshots/nba/latest/1040x760/958.png,NBA CDN,,candidate
P004704,Vlade Divac,124.0,https://cdn.nba.com/headshots/nba/latest/1040x760/124.png,NBA CDN,,candidate
P004705,Vlade Divac*,124.0,https://cdn.nba.com/headshots/nba/latest/1040x760/124.png,NBA CDN,,candidate
P004706,Vladimir Radmanović,2209.0,https://cdn.nba.com/headshots/nba/latest/1040x760/2209.png,NBA CDN,,candidate
P004707,Vladimir Stepania,1735.0,https://cdn.nba.com/headshots/nba/latest/1040x760/1735.png,NBA CDN,,candidate
P004708,Vladislav Goldin,1642884.0,https://cdn.nba.com/headshots/nba/latest/1040x760/1642884.png,NBA CDN,,candidate
P004709,Vlatko Čančar,1628427.0,https://cdn.nba.com/headshots/nba/latest/1040x760/1628427.png,NBA CDN,,candidate
P004710,Voise Winters,78601.0,https://cdn.nba.com/headshots/nba/latest/1040x760/78601.png,NBA CDN,,candidate
P004711,Von Wafer,101144.0,https://cdn.nba.com/headshots/nba/latest/1040x760/101144.png,NBA CDN,,candidate
P004712,Vonteego Cummings,1907.0,https://cdn.nba.com/headshots/nba/latest/1040x760/1907.png,NBA CDN,,candidate
P004713,Voshon Lenard,702.0,https://cdn.nba.com/headshots/nba/latest/1040x760/702.png,NBA CDN,,candidate
P004714,Vít Krejčí,1630249.0,https://cdn.nba.com/headshots/nba/latest/1040x760/1630249.png,NBA CDN,,candidate
P004718,Wali Jones,77198.0,https://cdn.nba.com/headshots/nba/latest/1040x760/77198.png,NBA CDN,,candidate
P004719,Walker Kessler,1631117.0,https://cdn.nba.com/headshots/nba/latest/1040x760/1631117.png,NBA CDN,,candidate
P004721,Wallace Bryant,76291.0,https://cdn.nba.com/headshots/nba/latest/1040x760/76291.png,NBA CDN,,candidate
P004722,Wally Anderzunas,76048.0,https://cdn.nba.com/headshots/nba/latest/1040x760/76048.png,NBA CDN,,candidate
P004723,Wally Osterkorn,77775.0,https://cdn.nba.com/headshots/nba/latest/1040x760/77775.png,NBA CDN,,candidate
P004724,Wally Rank,77910.0,https://cdn.nba.com/headshots/nba/latest/1040x760/77910.png,NBA CDN,,candidate
P004725,Wally Szczerbiak,1887.0,https://cdn.nba.com/headshots/nba/latest/1040x760/1887.png,NBA CDN,,candidate
P004726,Wally Walker,78442.0,https://cdn.nba.com/headshots/nba/latest/1040x760/78442.png,NBA CDN,,candidate
P004727,Walt Bellamy,76144.0,https://cdn.nba.com/headshots/nba/latest/1040x760/76144.png,NBA CDN,,candidate
P004728,Walt Bellamy*,76144.0,https://cdn.nba.com/headshots/nba/latest/1040x760/76144.png,NBA CDN,,candidate
P004730,Walt Davis,76536.0,https://cdn.nba.com/headshots/nba/latest/1040x760/76536.png,NBA CDN,,candidate
P004731,Walt Frazier,76750.0,https://cdn.nba.com/headshots/nba/latest/1040x760/76750.png,NBA CDN,,candidate
P004732,Walt Frazier*,76750.0,https://cdn.nba.com/headshots/nba/latest/1040x760/76750.png,NBA CDN,,candidate
P004733,Walt Gilmore,76817.0,https://cdn.nba.com/headshots/nba/latest/1040x760/76817.png,NBA CDN,,candidate
P004734,Walt Hazzard,76983.0,https://cdn.nba.com/headshots/nba/latest/1040x760/76983.png,NBA CDN,,candidate
P004735,Walt Kirk,77278.0,https://cdn.nba.com/headshots/nba/latest/1040x760/77278.png,NBA CDN,,candidate
P004736,Walt Lemon Jr.,1627215.0,https://cdn.nba.com/headshots/nba/latest/1040x760/1627215.png,NBA CDN,,candidate
P004737,Walt Wesley,78495.0,https://cdn.nba.com/headshots/nba/latest/1040x760/78495.png,NBA CDN,,candidate
P004738,Walt Williams,1005.0,https://cdn.nba.com/headshots/nba/latest/1040x760/1005.png,NBA CDN,,candidate
P004739,Walter Berry,76158.0,https://cdn.nba.com/headshots/nba/latest/1040x760/76158.png,NBA CDN,,candidate
P004740,Walter Bond,1603.0,https://cdn.nba.com/headshots/nba/latest/1040x760/1603.png,NBA CDN,,candidate
P004742,Walter Davis,1453.0,https://cdn.nba.com/headshots/nba/latest/1040x760/1453.png,NBA CDN,,candidate
P004743,Walter Davis*,1453.0,https://cdn.nba.com/headshots/nba/latest/1040x760/1453.png,NBA CDN,,candidate
P004744,Walter Dukes,76611.0,https://cdn.nba.com/headshots/nba/latest/1040x760/76611.png,NBA CDN,,candidate
P004745,Walter Herrmann,200835.0,https://cdn.nba.com/headshots/nba/latest/1040x760/200835.png,NBA CDN,,candidate
P004746,Walter Jordan,77209.0,https://cdn.nba.com/headshots/nba/latest/1040x760/77209.png,NBA CDN,,candidate
P004747,Walter McCarty,962.0,https://cdn.nba.com/headshots/nba/latest/1040x760/962.png,NBA CDN,,candidate
P004748,Walter Palmer,77794.0,https://cdn.nba.com/headshots/nba/latest/1040x760/77794.png,NBA CDN,,candidate
P004749,Walter Sharpe,201594.0,https://cdn.nba.com/headshots/nba/latest/1040x760/201594.png,NBA CDN,,candidate
P004751,Wardell Jackson,77111.0,https://cdn.nba.com/headshots/nba/latest/1040x760/77111.png,NBA CDN,,candidate
P004752,Warren Kidd,77254.0,https://cdn.nba.com/headshots/nba/latest/1040x760/77254.png,NBA CDN,,candidate
P004753,Wayman Britt,76259.0,https://cdn.nba.com/headshots/nba/latest/1040x760/76259.png,NBA CDN,,candidate
P004754,Wayman Tisdale,47.0,https://cdn.nba.com/headshots/nba/latest/1040x760/47.png,NBA CDN,,candidate
P004755,Wayne Cooper,76441.0,https://cdn.nba.com/headshots/nba/latest/1040x760/76441.png,NBA CDN,,candidate
P004756,Wayne Ellington,201961.0,https://cdn.nba.com/headshots/nba/latest/1040x760/201961.png,NBA CDN,,candidate
P004757,Wayne Embry,76668.0,https://cdn.nba.com/headshots/nba/latest/1040x760/76668.png,NBA CDN,,candidate
P004758,Wayne Embry*,76668.0,https://cdn.nba.com/headshots/nba/latest/1040x760/76668.png,NBA CDN,,candidate
P004760,Wayne Hightower,77023.0,https://cdn.nba.com/headshots/nba/latest/1040x760/77023.png,NBA CDN,,candidate
P004761,Wayne Kreklow,77312.0,https://cdn.nba.com/headshots/nba/latest/1040x760/77312.png,NBA CDN,,candidate
P004762,Wayne Molis,77625.0,https://cdn.nba.com/headshots/nba/latest/1040x760/77625.png,NBA CDN,,candidate
P004763,Wayne Radford,77897.0,https://cdn.nba.com/headshots/nba/latest/1040x760/77897.png,NBA CDN,,candidate
P004764,Wayne Robinson,77996.0,https://cdn.nba.com/headshots/nba/latest/1040x760/77996.png,NBA CDN,,candidate
P004765,Wayne Sappleton,78062.0,https://cdn.nba.com/headshots/nba/latest/1040x760/78062.png,NBA CDN,,candidate
P004766,Wayne Selden,1627782.0,https://cdn.nba.com/headshots/nba/latest/1040x760/1627782.png,NBA CDN,,candidate
P004767,Wayne Simien,101134.0,https://cdn.nba.com/headshots/nba/latest/1040x760/101134.png,NBA CDN,,candidate
P004768,Wayne Stevens,78252.0,https://cdn.nba.com/headshots/nba/latest/1040x760/78252.png,NBA CDN,,candidate
P004769,Wayne Turner,1943.0,https://cdn.nba.com/headshots/nba/latest/1040x760/1943.png,NBA CDN,,candidate
P004770,Wayne Yates,78630.0,https://cdn.nba.com/headshots/nba/latest/1040x760/78630.png,NBA CDN,,candidate
P004771,Wendell Carter Jr.,1628976.0,https://cdn.nba.com/headshots/nba/latest/1040x760/1628976.png,NBA CDN,,candidate
P004772,Wendell Moore Jr.,1631111.0,https://cdn.nba.com/headshots/nba/latest/1040x760/1631111.png,NBA CDN,,candidate
P004773,Wenyen Gabriel,1629117.0,https://cdn.nba.com/headshots/nba/latest/1040x760/1629117.png,NBA CDN,,candidate
P004774,Wes Iwundu,1628411.0,https://cdn.nba.com/headshots/nba/latest/1040x760/1628411.png,NBA CDN,,candidate
P004775,Wes Matthews,77484.0,https://cdn.nba.com/headshots/nba/latest/1040x760/77484.png,NBA CDN,,candidate
P004776,Wes Unseld,78392.0,https://cdn.nba.com/headshots/nba/latest/1040x760/78392.png,NBA CDN,,candidate
P004777,Wes Unseld*,78392.0,https://cdn.nba.com/headshots/nba/latest/1040x760/78392.png,NBA CDN,,candidate
P004778,Wesley Cox,76465.0,https://cdn.nba.com/headshots/nba/latest/1040x760/76465.png,NBA CDN,,candidate
P004779,Wesley Johnson,202325.0,https://cdn.nba.com/headshots/nba/latest/1040x760/202325.png,NBA CDN,,candidate
P004780,Wesley Matthews,202083.0,https://cdn.nba.com/headshots/nba/latest/1040x760/202083.png,NBA CDN,,candidate
P004781,Wesley Person,445.0,https://cdn.nba.com/headshots/nba/latest/1040x760/445.png,NBA CDN,,candidate
P004784,Whitey Skoog,78169.0,https://cdn.nba.com/headshots/nba/latest/1040x760/78169.png,NBA CDN,,candidate
P004785,Wil Jones,77201.0,https://cdn.nba.com/headshots/nba/latest/1040x760/77201.png,NBA CDN,,candidate
P004786,Wilbur Holland,77042.0,https://cdn.nba.com/headshots/nba/latest/1040x760/77042.png,NBA CDN,,candidate
P004787,Wiley Peck,77827.0,https://cdn.nba.com/headshots/nba/latest/1040x760/77827.png,NBA CDN,,candidate
P004788,Will Barton,203115.0,https://cdn.nba.com/headshots/nba/latest/1040x760/203115.png,NBA CDN,,candidate
P004789,Will Blalock,200807.0,https://cdn.nba.com/headshots/nba/latest/1040x760/200807.png,NBA CDN,,candidate
P004790,Will Bynum,101198.0,https://cdn.nba.com/headshots/nba/latest/1040x760/101198.png,NBA CDN,,candidate
P004791,Will Cherry,203805.0,https://cdn.nba.com/headshots/nba/latest/1040x760/203805.png,NBA CDN,,candidate
P004792,Will Conroy,101215.0,https://cdn.nba.com/headshots/nba/latest/1040x760/101215.png,NBA CDN,,candidate
P004793,Will Frazier,76751.0,https://cdn.nba.com/headshots/nba/latest/1040x760/76751.png,NBA CDN,,candidate
P004794,Will Magnay,1630266.0,https://cdn.nba.com/headshots/nba/latest/1040x760/1630266.png,NBA CDN,,candidate
P004795,Will Perdue,781.0,https://cdn.nba.com/headshots/nba/latest/1040x760/781.png,NBA CDN,,candidate
P004796,Will Richard,1642954.0,https://cdn.nba.com/headshots/nba/latest/1040x760/1642954.png,NBA CDN,,candidate
P004797,Will Riley,1642860.0,https://cdn.nba.com/headshots/nba/latest/1040x760/1642860.png,NBA CDN,,candidate
P004798,Will Solomon,2226.0,https://cdn.nba.com/headshots/nba/latest/1040x760/2226.png,NBA CDN,,candidate
P004799,William Avery,1895.0,https://cdn.nba.com/headshots/nba/latest/1040x760/1895.png,NBA CDN,,candidate
P004800,William Bedford,76138.0,https://cdn.nba.com/headshots/nba/latest/1040x760/76138.png,NBA CDN,,candidate
P004801,William Cunningham,1061.0,https://cdn.nba.com/headshots/nba/latest/1040x760/1061.png,NBA CDN,,candidate
P004802,William Howard,1629739.0,https://cdn.nba.com/headshots/nba/latest/1040x760/1629739.png,NBA CDN,,candidate
P004803,Willie Anderson,335.0,https://cdn.nba.com/headshots/nba/latest/1040x760/335.png,NBA CDN,,candidate
P004804,Willie Burton,416.0,https://cdn.nba.com/headshots/nba/latest/1040x760/416.png,NBA CDN,,candidate
P004805,Willie Cauley-Stein,1626161.0,https://cdn.nba.com/headshots/nba/latest/1040x760/1626161.png,NBA CDN,,candidate
P004806,Willie Green,2584.0,https://cdn.nba.com/headshots/nba/latest/1040x760/2584.png,NBA CDN,,candidate
P004808,Willie McCarter,77505.0,https://cdn.nba.com/headshots/nba/latest/1040x760/77505.png,NBA CDN,,candidate
P004809,Willie Naulls,77693.0,https://cdn.nba.com/headshots/nba/latest/1040x760/77693.png,NBA CDN,,candidate
P004810,Willie Norwood,77733.0,https://cdn.nba.com/headshots/nba/latest/1040x760/77733.png,NBA CDN,,candidate
P004811,Willie Reed,203186.0,https://cdn.nba.com/headshots/nba/latest/1040x760/203186.png,NBA CDN,,candidate
P004812,Willie Smith,78208.0,https://cdn.nba.com/headshots/nba/latest/1040x760/78208.png,NBA CDN,,candidate
P004813,Willie Somerset,78219.0,https://cdn.nba.com/headshots/nba/latest/1040x760/78219.png,NBA CDN,,candidate
P004814,Willie Warren,202378.0,https://cdn.nba.com/headshots/nba/latest/1040x760/202378.png,NBA CDN,,candidate
P004815,Willie White,78515.0,https://cdn.nba.com/headshots/nba/latest/1040x760/78515.png,NBA CDN,,candidate
P004816,Willie Williams,78574.0,https://cdn.nba.com/headshots/nba/latest/1040x760/78574.png,NBA CDN,,candidate
P004817,Willie Wise,78602.0,https://cdn.nba.com/headshots/nba/latest/1040x760/78602.png,NBA CDN,,candidate
P004818,Willis Reed,77929.0,https://cdn.nba.com/headshots/nba/latest/1040x760/77929.png,NBA CDN,,candidate
P004819,Willis Reed*,77929.0,https://cdn.nba.com/headshots/nba/latest/1040x760/77929.png,NBA CDN,,candidate
P004820,Willy Hernangómez,1626195.0,https://cdn.nba.com/headshots/nba/latest/1040x760/1626195.png,NBA CDN,,candidate
P004821,Wilson Chandler,201163.0,https://cdn.nba.com/headshots/nba/latest/1040x760/201163.png,NBA CDN,,candidate
P004822,Wilson Washington,78471.0,https://cdn.nba.com/headshots/nba/latest/1040x760/78471.png,NBA CDN,,candidate
P004823,Wilt Chamberlain,76375.0,https://cdn.nba.com/headshots/nba/latest/1040x760/76375.png,NBA CDN,,candidate
P004824,Wilt Chamberlain*,76375.0,https://cdn.nba.com/headshots/nba/latest/1040x760/76375.png,NBA CDN,,candidate
P004825,Win Wilfong,78529.0,https://cdn.nba.com/headshots/nba/latest/1040x760/78529.png,NBA CDN,,candidate
P004826,Winford Boynes,76225.0,https://cdn.nba.com/headshots/nba/latest/1040x760/76225.png,NBA CDN,,candidate
P004827,Winston Bennett,76152.0,https://cdn.nba.com/headshots/nba/latest/1040x760/76152.png,NBA CDN,,candidate
P004828,Winston Crite,76472.0,https://cdn.nba.com/headshots/nba/latest/1040x760/76472.png,NBA CDN,,candidate
P004829,Winston Garland,76782.0,https://cdn.nba.com/headshots/nba/latest/1040x760/76782.png,NBA CDN,,candidate
P004830,Woody Sauldsberry,78064.0,https://cdn.nba.com/headshots/nba/latest/1040x760/78064.png,NBA CDN,,candidate
P004832,Worthy Patterson,77814.0,https://cdn.nba.com/headshots/nba/latest/1040x760/77814.png,NBA CDN,,candidate
P004833,Xavier Cooks,1641645.0,https://cdn.nba.com/headshots/nba/latest/1040x760/1641645.png,NBA CDN,,candidate
P004834,Xavier Henry,202333.0,https://cdn.nba.com/headshots/nba/latest/1040x760/202333.png,NBA CDN,,candidate
P004835,Xavier McDaniel,1365.0,https://cdn.nba.com/headshots/nba/latest/1040x760/1365.png,NBA CDN,,candidate
P004836,Xavier Moon,1629875.0,https://cdn.nba.com/headshots/nba/latest/1040x760/1629875.png,NBA CDN,,candidate
P004837,Xavier Munford,204098.0,https://cdn.nba.com/headshots/nba/latest/1040x760/204098.png,NBA CDN,,candidate
P004838,Xavier Rathan-Mayes,1628504.0,https://cdn.nba.com/headshots/nba/latest/1040x760/1628504.png,NBA CDN,,candidate
P004839,Xavier Silas,202918.0,https://cdn.nba.com/headshots/nba/latest/1040x760/202918.png,NBA CDN,,candidate
P004840,Xavier Sneed,1630270.0,https://cdn.nba.com/headshots/nba/latest/1040x760/1630270.png,NBA CDN,,candidate
P004842,Yakhouba Diawara,200821.0,https://cdn.nba.com/headshots/nba/latest/1040x760/200821.png,NBA CDN,,candidate
P004843,Yang Hansen,1642905.0,https://cdn.nba.com/headshots/nba/latest/1040x760/1642905.png,NBA CDN,,candidate
P004844,Yanic Konan Niederhäuser,1642949.0,https://cdn.nba.com/headshots/nba/latest/1040x760/1642949.png,NBA CDN,,candidate
P004845,Yante Maten,1628999.0,https://cdn.nba.com/headshots/nba/latest/1040x760/1628999.png,NBA CDN,,candidate
P004846,Yao Ming,2397.0,https://cdn.nba.com/headshots/nba/latest/1040x760/2397.png,NBA CDN,,candidate
P004847,Yao Ming*,2397.0,https://cdn.nba.com/headshots/nba/latest/1040x760/2397.png,NBA CDN,,candidate
P004848,Yaroslav Korolev,101117.0,https://cdn.nba.com/headshots/nba/latest/1040x760/101117.png,NBA CDN,,candidate
P004849,Yi Jianlian,201146.0,https://cdn.nba.com/headshots/nba/latest/1040x760/201146.png,NBA CDN,,candidate
P004850,Yinka Dare,212.0,https://cdn.nba.com/headshots/nba/latest/1040x760/212.png,NBA CDN,,candidate
P004851,Yogi Ferrell,1627812.0,https://cdn.nba.com/headshots/nba/latest/1040x760/1627812.png,NBA CDN,,candidate
P004852,York Larese,77339.0,https://cdn.nba.com/headshots/nba/latest/1040x760/77339.png,NBA CDN,,candidate
P004853,Yuki Kawamura,1642530.0,https://cdn.nba.com/headshots/nba/latest/1040x760/1642530.png,NBA CDN,,candidate
P004854,Yuri Collins,1641879.0,https://cdn.nba.com/headshots/nba/latest/1040x760/1641879.png,NBA CDN,,candidate
P004855,Yuta Tabuse,2657.0,https://cdn.nba.com/headshots/nba/latest/1040x760/2657.png,NBA CDN,,candidate
P004856,Yuta Watanabe,1629139.0,https://cdn.nba.com/headshots/nba/latest/1040x760/1629139.png,NBA CDN,,candidate
P004857,Yves Missi,1642274.0,https://cdn.nba.com/headshots/nba/latest/1040x760/1642274.png,NBA CDN,,candidate
P004858,Yves Pons,1630582.0,https://cdn.nba.com/headshots/nba/latest/1040x760/1630582.png,NBA CDN,,candidate
P004859,Yvon Joseph,77214.0,https://cdn.nba.com/headshots/nba/latest/1040x760/77214.png,NBA CDN,,candidate
P004860,Zabian Dowdell,202220.0,https://cdn.nba.com/headshots/nba/latest/1040x760/202220.png,NBA CDN,,candidate
P004861,Zaccharie Risacher,1642258.0,https://cdn.nba.com/headshots/nba/latest/1040x760/1642258.png,NBA CDN,,candidate
P004862,Zach Collins,1628380.0,https://cdn.nba.com/headshots/nba/latest/1040x760/1628380.png,NBA CDN,,candidate
P004863,Zach Edey,1641744.0,https://cdn.nba.com/headshots/nba/latest/1040x760/1641744.png,NBA CDN,,candidate
P004864,Zach LaVine,203897.0,https://cdn.nba.com/headshots/nba/latest/1040x760/203897.png,NBA CDN,,candidate
P004865,Zach Lofton,1629155.0,https://cdn.nba.com/headshots/nba/latest/1040x760/1629155.png,NBA CDN,,candidate
P004867,Zach Randolph,2216.0,https://cdn.nba.com/headshots/nba/latest/1040x760/2216.png,NBA CDN,,candidate
P004868,Zaid Abdul-Aziz,76002.0,https://cdn.nba.com/headshots/nba/latest/1040x760/76002.png,NBA CDN,,candidate
P004869,Zavier Simpson,1630285.0,https://cdn.nba.com/headshots/nba/latest/1040x760/1630285.png,NBA CDN,,candidate
P004870,Zaza Pachulia,2585.0,https://cdn.nba.com/headshots/nba/latest/1040x760/2585.png,NBA CDN,,candidate
P004871,Zeke Nnaji,1630192.0,https://cdn.nba.com/headshots/nba/latest/1040x760/1630192.png,NBA CDN,,candidate
P004872,Zeke Sinicola,78163.0,https://cdn.nba.com/headshots/nba/latest/1040x760/78163.png,NBA CDN,,candidate
P004874,Zelmo Beaty,76133.0,https://cdn.nba.com/headshots/nba/latest/1040x760/76133.png,NBA CDN,,candidate
P004875,Zelmo Beaty*,76133.0,https://cdn.nba.com/headshots/nba/latest/1040x760/76133.png,NBA CDN,,candidate
P004876,Zendon Hamilton,1985.0,https://cdn.nba.com/headshots/nba/latest/1040x760/1985.png,NBA CDN,,candidate
P004877,Zhaire Smith,1629015.0,https://cdn.nba.com/headshots/nba/latest/1040x760/1629015.png,NBA CDN,,candidate
P004878,Zhou Qi,1627753.0,https://cdn.nba.com/headshots/nba/latest/1040x760/1627753.png,NBA CDN,,candidate
P004879,Ziaire Williams,1630533.0,https://cdn.nba.com/headshots/nba/latest/1040x760/1630533.png,NBA CDN,,candidate
P004880,Zion Williamson,1629627.0,https://cdn.nba.com/headshots/nba/latest/1040x760/1629627.png,NBA CDN,,candidate
P004881,Zoran Dragić,204054.0,https://cdn.nba.com/headshots/nba/latest/1040x760/204054.png,NBA CDN,,candidate
P004882,Zoran Planinić,2565.0,https://cdn.nba.com/headshots/nba/latest/1040x760/2565.png,NBA CDN,,candidate
P004883,Zydrunas Ilgauskas,980.0,https://cdn.nba.com/headshots/nba/latest/1040x760/980.png,NBA CDN,,candidate
P004884,Zylan Cheatham,1629597.0,https://cdn.nba.com/headshots/nba/latest/1040x760/1629597.png,NBA CDN,,candidate
P004885,Zyon Pullin,1642389.0,https://cdn.nba.com/headshots/nba/latest/1040x760/1642389.png,NBA CDN,,candidate
P004886,Álex Abrines,203518.0,https://cdn.nba.com/headshots/nba/latest/1040x760/203518.png,NBA CDN,,candidate
P004887,Ángel Delgado,1629116.0,https://cdn.nba.com/headshots/nba/latest/1040x760/1629116.png,NBA CDN,,candidate
P004888,Óscar Torres,2351.0,https://cdn.nba.com/headshots/nba/latest/1040x760/2351.png,NBA CDN,,candidate
P004890,Šarūnas Jasikevičius,101180.0,https://cdn.nba.com/headshots/nba/latest/1040x760/101180.png,NBA CDN,,candidate
P004891,Šarūnas Marčiulionis,36.0,https://cdn.nba.com/headshots/nba/latest/1040x760/36.png,NBA CDN,,candidate
P004892,Šarūnas Marčiulionis*,36.0,https://cdn.nba.com/headshots/nba/latest/1040x760/36.png,NBA CDN,,candidate
P004893,Žan Tabak,440.0,https://cdn.nba.com/headshots/nba/latest/1040x760/440.png,NBA CDN,,candidate
P004894,Žarko Paspalj,1097.0,https://cdn.nba.com/headshots/nba/latest/1040x760/1097.png,NBA CDN,,candidate
P004895,Žarko Čabarkapa,2560.0,https://cdn.nba.com/headshots/nba/latest/1040x760/2560.png,NBA CDN,,candidate
P004896,Željko Rebrača,1442.0,https://cdn.nba.com/headshots/nba/latest/1040x760/1442.png,NBA CDN,,candidate
